frame_index,receive_monotonic_ns,relative_s
0,163190170249832,0.000000000
1,163190205628792,0.035378960
2,163190236973877,0.066724045
3,163190273537341,0.103287509
4,163190306414012,0.136164180
5,163190346216018,0.175966186
6,163190372388570,0.202138738
7,163190411854501,0.241604669
8,163190438451329,0.268201497
9,163190470718688,0.300468856
10,163190512789999,0.342540167
11,163190541822868,0.371573036
12,163190610686908,0.440437076
13,163190640635044,0.470385212
14,163190669591855,0.499342023
15,163190689209638,0.518959806
16,163190712887955,0.542638123
17,163190745886627,0.575636795
18,163190781207672,0.610957840
19,163190812468121,0.642218289
20,163190851289125,0.681039293
21,163190889833329,0.719583497
22,163190914724863,0.744475031
23,163190948926151,0.778676319
24,163190982674097,0.812424265
25,163191020328421,0.850078589
26,163191055967734,0.885717902
27,163191087016107,0.916766275
28,163191119879880,0.949630048
29,163191158151081,0.987901249
30,163191190474278,1.020224446
31,163191223420040,1.053170208
32,163191252440964,1.082191132
33,163191294604991,1.124355159
34,163191318321722,1.148071890
35,163191358265492,1.188015660
36,163191386597759,1.216347927
37,163191426600530,1.256350698
38,163191455763396,1.285513564
39,163191493025022,1.322775190
40,163191524904186,1.354654354
41,163191565087615,1.394837783
42,163191590914474,1.420664642
43,163191634769868,1.464520036
44,163191658829262,1.488579430
45,163191705047605,1.534797773
46,163191727945268,1.557695436
47,163191763528318,1.593278486
48,163191797182490,1.626932658
49,163191834912935,1.664663103
50,163191862743109,1.692493277
51,163191901106705,1.730856873
52,163191938310933,1.768061101
53,163191995449582,1.825199750
54,163192020866871,1.850617039
55,163192039854827,1.869604995
56,163192070779593,1.900529761
57,163192109472348,1.939222516
58,163192134521105,1.964271273
59,163192169291875,1.999042043
60,163192209562955,2.039313123
61,163192258450969,2.088201137
62,163192279292007,2.109042175
63,163192304325189,2.134075357
64,163192343186601,2.172936769
65,163192387730437,2.217480605
66,163192407904235,2.237654403
67,163192441070129,2.270820297
68,163192474065896,2.303816064
69,163192517771292,2.347521460
70,163192538279759,2.368029927
71,163192576960007,2.406710175
72,163192613590170,2.443340338
73,163192651445761,2.481195929
74,163192674864898,2.504615066
75,163192713216198,2.542966366
76,163192744839690,2.574589858
77,163192789320285,2.619070453
78,163192810401366,2.640151534
79,163192855117093,2.684867261
80,163192878605367,2.708355535
81,163192914283518,2.744033686
82,163192948724807,2.778474975
83,163192986515796,2.816265964
84,163193018727444,2.848477612
85,163193062650776,2.892400944
86,163193084498167,2.914248335
87,163193121531491,2.951281659
88,163193153204209,2.982954377
89,163193195016103,3.024766271
90,163193218580628,3.048330796
91,163193253078677,3.082828845
92,163193294183686,3.123933854
93,163193332586301,3.162336469
94,163193355223141,3.184973309
95,163193393219137,3.222969305
96,163193430084932,3.259835100
97,163193492107405,3.321857573
98,163193512600033,3.342350201
99,163193533092770,3.362842938
100,163193562754821,3.392504989
101,163193609907731,3.439657899
102,163193627731806,3.457481974
103,163193659573570,3.489323738
104,163193697549944,3.527300112
105,163193737808930,3.567559098
106,163193758264269,3.588014437
107,163193801632372,3.631382540
108,163193826376322,3.656126490
109,163193862280958,3.692031126
110,163193895649093,3.725399261
111,163193933712711,3.763462879
112,163193964278500,3.794028668
113,163194006484250,3.836234418
114,163194030209306,3.859959474
115,163194070117750,3.899867918
116,163194100629269,3.930379437
117,163194138008889,3.967759057
118,163194166754373,3.996504541
119,163194208058511,4.037808679
120,163194235914633,4.065664801
121,163194283956873,4.113707041
122,163194306369313,4.136119481
123,163194336217446,4.165967614
124,163194372164669,4.201914837
125,163194410705721,4.240455889
126,163194442713793,4.272463961
127,163194470144685,4.299894853
128,163194512343139,4.342093307
129,163194559512667,4.389262835
130,163194583965365,4.413715533
131,163194609107558,4.438857726
132,163194650306968,4.480057136
133,163194696271286,4.526021454
134,163194714932039,4.544682207
135,163194742940311,4.572690479
136,163194780812709,4.610562877
137,163194821267959,4.651018127
138,163194848103648,4.677853816
139,163194882792453,4.712542621
140,163194922447321,4.752197489
141,163194964109420,4.793859588
142,163194983388576,4.813138744
143,163195015186118,4.844936286
144,163195047607441,4.877357609
145,163195095270084,4.925020252
146,163195114939290,4.944689458
147,163195158507584,4.988257752
148,163195182442979,5.012193147
149,163195220274154,5.050024322
150,163195250523061,5.080273229
151,163195292315737,5.122065905
152,163195319455325,5.149205493
153,163195361119297,5.190869465
154,163195386302737,5.216052905
155,163195430173829,5.259923997
156,163195454456694,5.284206862
157,163195494835617,5.324585785
158,163195522964020,5.352714188
159,163195563348919,5.393099087
160,163195592455875,5.422206043
161,163195630514898,5.460265066
162,163195658748574,5.488498742
163,163195698057455,5.527807623
164,163195728370130,5.558120298
165,163195767175071,5.596925239
166,163195794403313,5.624153481
167,163195828325744,5.658075912
168,163195865217724,5.694967892
169,163195901962921,5.731713089
170,163195933691809,5.763441977
171,163195962594260,5.792344428
172,163196002308600,5.832058768
173,163196038504586,5.868254754
174,163196066518974,5.896269142
175,163196099593685,5.929343853
176,163196139083509,5.968833677
177,163196185571241,6.015321409
178,163196208362677,6.038112845
179,163196235078838,6.064829006
180,163196272825783,6.102575951
181,163196311823745,6.141573913
182,163196334138001,6.163888169
183,163196370881308,6.200631476
184,163196404673693,6.234423861
185,163196442706439,6.272456607
186,163196471467433,6.301217601
187,163196506178018,6.335928186
188,163196545999640,6.375749808
189,163196592226961,6.421977129
190,163196611834786,6.441584954
191,163196647022782,6.476772950
192,163196674481797,6.504231965
193,163196716587931,6.546338099
194,163196743175624,6.572925792
195,163196785354306,6.615104474
196,163196810845881,6.640596049
197,163196847275464,6.677025632
198,163196879501459,6.709251627
199,163196918647302,6.748397470
200,163196952558402,6.782308570
201,163196997261375,6.827011543
202,163197017953350,6.847703518
203,163197046657353,6.876407521
204,163197082189141,6.911939309
205,163197119964849,6.949715017
206,163197157319080,6.987069248
207,163197186028391,7.015778559
208,163197222241236,7.051991404
209,163197261771068,7.091521236
210,163197286668568,7.116418736
211,163197320888296,7.150638464
212,163197357376006,7.187126174
213,163197399404746,7.229154914
214,163197422270305,7.252020473
215,163197461417256,7.291167424
216,163197494760800,7.324510968
217,163197533700399,7.363450567
218,163197558090436,7.387840604
219,163197593639232,7.423389400
220,163197623587550,7.453337718
221,163197663529940,7.493280108
222,163197694531152,7.524281320
223,163197730033832,7.559784000
224,163197759177892,7.588928060
225,163197799019752,7.628769920
226,163197826317181,7.656067349
227,163197865436577,7.695186745
228,163197899630623,7.729380791
229,163197942801832,7.772552000
230,163197969696155,7.799446323
231,163197999321580,7.829071748
232,163198033289474,7.863039642
233,163198080126471,7.909876639
234,163198098993124,7.928743292
235,163198135909735,7.965659903
236,163198166206212,7.995956380
237,163198202009173,8.031759341
238,163198235370293,8.065120461
239,163198268978791,8.098728959
240,163198310399798,8.140149966
241,163198359544723,8.189294891
242,163198382656976,8.212407144
243,163198401964152,8.231714320
244,163198445179970,8.274930138
245,163198495825072,8.325575240
246,163198515037405,8.344787573
247,163198538689924,8.368440092
248,163198576197627,8.405947795
249,163198613209146,8.442959314
250,163198642192828,8.471942996
251,163198676164799,8.505914967
252,163198714691205,8.544441373
253,163198753211176,8.582961344
254,163198778210928,8.607961096
255,163198812976619,8.642726787
256,163198850831673,8.680581841
257,163198893681659,8.723431827
258,163198911778530,8.741528698
259,163198952165936,8.781916104
260,163198979072451,8.808822619
261,163199015529708,8.845279876
262,163199054591319,8.884341487
263,163199082094897,8.911845065
264,163199113997558,8.943747726
265,163199153607058,8.983357226
266,163199182418235,9.012168403
267,163199218744883,9.048495051
268,163199252428090,9.082178258
269,163199288940148,9.118690316
270,163199325371003,9.155121171
271,163199378187239,9.207937407
272,163199397363625,9.227113793
273,163199422200160,9.251950328
274,163199459863175,9.289613343
275,163199516470458,9.346220626
276,163199538676548,9.368426716
277,163199563142100,9.392892268
278,163199592633431,9.422383599
279,163199632016014,9.461766182
280,163199658302053,9.488052221
281,163199691276998,9.521027166
282,163199729600315,9.559350483
283,163199771068058,9.600818226
284,163199794099005,9.623849173
285,163199827683969,9.657434137
286,163199863215044,9.692965212
287,163199902185225,9.731935393
288,163199931534509,9.761284677
289,163199963651449,9.793401617
290,163200002860370,9.832610538
291,163200043472016,9.873222184
292,163200066486210,9.896236378
293,163200101151590,9.930901758
294,163200138044262,9.967794430
295,163200188164412,10.017914580
296,163200206260105,10.036010273
297,163200237557110,10.067307278
298,163200267946913,10.097697081
299,163200314361576,10.144111744
300,163200334144381,10.163894549
301,163200370352580,10.200102748
302,163200405839007,10.235589175
303,163200448590109,10.278340277
304,163200473953722,10.303703890
305,163200511388767,10.341138935
306,163200539509416,10.369259584
307,163200588356426,10.418106594
308,163200609797892,10.439548060
309,163200643808699,10.473558867
310,163200675132954,10.504883122
311,163200716771408,10.546521576
312,163200745155733,10.574905901
313,163200780942928,10.610693096
314,163200815492541,10.645242709
315,163200865812179,10.695562347
316,163200885022614,10.714772782
317,163200913780610,10.743530778
318,163200950309405,10.780059573
319,163200996548544,10.826298712
320,163201015417682,10.845167850
321,163201046298618,10.876048786
322,163201086306204,10.916056372
323,163201132961041,10.962711209
324,163201153283645,10.983033813
325,163201182952936,11.012703104
326,163201225966610,11.055716778
327,163201268095230,11.097845398
328,163201287214621,11.116964789
329,163201319731987,11.149482155
330,163201357600872,11.187351040
331,163201398373303,11.228123471
332,163201422350480,11.252100648
333,163201455926310,11.285676478
334,163201487315620,11.317065788
335,163201530604111,11.360354279
336,163201555153054,11.384903222
337,163201593790986,11.423541154
338,163201622100640,11.451850808
339,163201666947863,11.496698031
340,163201690117273,11.519867441
341,163201731491517,11.561241685
342,163201758887504,11.588637672
343,163201802404756,11.632154924
344,163201825853605,11.655603773
345,163201866857245,11.696607413
346,163201897387911,11.727138079
347,163201939758754,11.769508922
348,163201963526099,11.793276267
349,163202005219704,11.834969872
350,163202030408165,11.860158333
351,163202069063043,11.898813211
352,163202099057492,11.928807660
353,163202132697386,11.962447554
354,163202168117691,11.997867859
355,163202210116488,12.039866656
356,163202233894865,12.063645033
357,163202269976299,12.099726467
358,163202310127949,12.139878117
359,163202350099477,12.179849645
360,163202373855683,12.203605851
361,163202402426314,12.232176482
362,163202446655336,12.276405504
363,163202499113955,12.328864123
364,163202519133741,12.348883909
365,163202538290199,12.368040367
366,163202575578277,12.405328445
367,163202615483649,12.445233817
368,163202642854909,12.472605077
369,163202674287728,12.504037896
370,163202715413692,12.545163860
371,163202757021532,12.586771700
372,163202777847102,12.607597270
373,163202811583433,12.641333601
374,163202843663556,12.673413724
375,163202897493340,12.727243508
376,163202917937451,12.747687619
377,163202948909515,12.778659683
378,163202982270918,12.812021086
379,163203030102977,12.859853145
380,163203057065975,12.886816143
381,163203083555350,12.913305518
382,163203116260418,12.946010586
383,163203174609007,13.004359175
384,163203195665941,13.025416109
385,163203217873438,13.047623606
386,163203252357683,13.082107851
387,163203296658523,13.126408691
388,163203318061900,13.147812068
389,163203358437037,13.188187205
390,163203391376452,13.221126620
391,163203440969647,13.270719815
392,163203463788471,13.293538639
393,163203486156720,13.315906888
394,163203528678703,13.358428871
395,163203580929211,13.410679379
396,163203601360111,13.431110279
397,163203624884112,13.454634280
398,163203660261442,13.490011610
399,163203704703152,13.534453320
400,163203726289910,13.556040078
401,163203762355238,13.592105406
402,163203799475529,13.629225697
403,163203843962105,13.673712273
404,163203870056163,13.699806331
405,163203894056595,13.723806763
406,163203933969311,13.763719479
407,163203982851823,13.812601991
408,163204002083396,13.831833564
409,163204030042121,13.859792289
410,163204062218421,13.891968589
411,163204107670318,13.937420486
412,163204130037463,13.959787631
413,163204169276759,13.999026927
414,163204201573467,14.031323635
415,163204242815677,14.072565845
416,163204266402435,14.096152603
417,163204305655644,14.135405812
418,163204339421690,14.169171858
419,163204394825507,14.224575675
420,163204416022694,14.245772862
421,163204437937457,14.267687625
422,163204472127130,14.301877298
423,163204513794711,14.343544879
424,163204537901425,14.367651593
425,163204577908430,14.407658598
426,163204606882228,14.436632396
427,163204645647166,14.475397334
428,163204675031104,14.504781272
429,163204715015647,14.544765815
430,163204742887398,14.572637566
431,163204789685623,14.619435791
432,163204809880858,14.639631026
433,163204849069856,14.678820024
434,163204882664773,14.712414941
435,163204925703836,14.755454004
436,163204945890605,14.775640773
437,163204978914898,14.808665066
438,163205020896463,14.850646631
439,163205069605699,14.899355867
440,163205087612696,14.917362864
441,163205115126151,14.944876319
442,163205158229042,14.987979210
443,163205219637135,15.049387303
444,163205240007598,15.069757766
445,163205260719823,15.090469991
446,163205286085384,15.115835552
447,163205322055284,15.151805452
448,163205355668291,15.185418459
449,163205387123557,15.216873725
450,163205420622704,15.250372872
451,163205465782015,15.295532183
452,163205486810486,15.316560654
453,163205526795880,15.356546048
454,163205562112788,15.391862956
455,163205612463867,15.442214035
456,163205632610318,15.462360486
457,163205661752757,15.491502925
458,163205691997998,15.521748166
459,163205730866763,15.560616931
460,163205759761734,15.589511902
461,163205801871400,15.631621568
462,163205826746667,15.656496835
463,163205869403682,15.699153850
464,163205893894771,15.723644939
465,163205937930893,15.767681061
466,163205963555092,15.793305260
467,163206004695560,15.834445728
468,163206030107858,15.859858026
469,163206065099951,15.894850119
470,163206105787889,15.935538057
471,163206147460564,15.977210732
472,163206171691904,16.001442072
473,163206202721825,16.032471993
474,163206236844786,16.066594954
475,163206283175312,16.112925480
476,163206301573769,16.131323937
477,163206340740856,16.170491024
478,163206374188787,16.203938955
479,163206416644496,16.246394664
480,163206437944004,16.267694172
481,163206473964697,16.303714865
482,163206511981772,16.341731940
483,163206554660109,16.384410277
484,163206576714654,16.406464822
485,163206608380290,16.438130458
486,163206646228964,16.475979132
487,163206693275840,16.523026008
488,163206713931021,16.543681189
489,163206742710287,16.572460455
490,163206775852396,16.605602564
491,163206821746119,16.651496287
492,163206841869405,16.671619573
493,163206882513789,16.712263957
494,163206911224975,16.740975143
495,163206950983089,16.780733257
496,163206977678237,16.807428405
497,163207019713971,16.849464139
498,163207046361025,16.876111193
499,163207089833217,16.919583385
500,163207113736947,16.943487115
501,163207153792813,16.983542981
502,163207182123199,17.011873367
503,163207227187564,17.056937732
504,163207250196903,17.079947071
505,163207287837835,17.117588003
506,163207319288060,17.149038228
507,163207361682189,17.191432357
508,163207385735307,17.215485475
509,163207419299987,17.249050155
510,163207457953932,17.287704100
511,163207500988962,17.330739130
512,163207539891352,17.369641520
513,163207573583201,17.403333369
514,163207603605833,17.433356001
515,163207623892518,17.453642686
516,163207660137788,17.489887956
517,163207697859152,17.527609320
518,163207725752717,17.555502885
519,163207764392394,17.594142562
520,163207797975913,17.627726081
521,163207834950163,17.664700331
522,163207862096460,17.691846628
523,163207901048642,17.730798810
524,163207937115862,17.766866030
525,163207987061043,17.816811211
526,163208007270539,17.837020707
527,163208030435506,17.860185674
528,163208063723240,17.893473408
529,163208101751498,17.931501666
530,163208130102897,17.959853065
531,163208169849545,17.999599713
532,163208200314783,18.030064951
533,163208244819485,18.074569653
534,163208265827177,18.095577345
535,163208308666879,18.138417047
536,163208338157156,18.167907324
537,163208386011809,18.215761977
538,163208404212416,18.233962584
539,163208444029718,18.273779886
540,163208470528003,18.300278171
541,163208508603200,18.338353368
542,163208538725141,18.368475309
543,163208577318293,18.407068461
544,163208607997053,18.437747221
545,163208652433771,18.482183939
546,163208674048955,18.503799123
547,163208706761534,18.536511702
548,163208750484300,18.580234468
549,163208793458135,18.623208303
550,163208811533675,18.641283843
551,163208845163733,18.674913901
552,163208878025046,18.707775214
553,163208914157832,18.743908000
554,163208948972299,18.778722467
555,163208978530624,18.808280792
556,163209018964638,18.848714806
557,163209070224435,18.899974603
558,163209091101202,18.920851370
559,163209113894476,18.943644644
560,163209158008691,18.987758859
561,163209204534723,19.034284891
562,163209224517827,19.054267995
563,163209250258410,19.080008578
564,163209284474346,19.114224514
565,163209325202841,19.154953009
566,163209350010976,19.179761144
567,163209392261609,19.222011777
568,163209418726050,19.248476218
569,163209459303267,19.289053435
570,163209485937874,19.315688042
571,163209527745768,19.357495936
572,163209558292626,19.388042794
573,163209599430880,19.429181048
574,163209621715212,19.451465380
575,163209662661555,19.492411723
576,163209691368223,19.521118391
577,163209731627096,19.561377264
578,163209758832377,19.588582545
579,163209798749283,19.628499451
580,163209827877702,19.657627870
581,163209870067769,19.699817937
582,163209894048058,19.723798226
583,163209931694818,19.761444986
584,163209965085686,19.794835854
585,163210014516925,19.844267093
586,163210031569367,19.861319535
587,163210062022684,19.891772852
588,163210101681786,19.931431954
589,163210142411214,19.972161382
590,163210167928440,19.997678608
591,163210201607238,20.031357406
592,163210237715385,20.067465553
593,163210294702595,20.124452763
594,163210312343637,20.142093805
595,163210334010289,20.163760457
596,163210373069309,20.202819477
597,163210411380027,20.241130195
598,163210439137498,20.268887666
599,163210470518210,20.300268378
600,163210509589446,20.339339614
601,163210555058529,20.384808697
602,163210579096054,20.408846222
603,163210605893840,20.435644008
604,163210639805107,20.469555275
605,163210686840526,20.516590694
606,163210707184687,20.536934855
607,163210748049576,20.577799744
608,163210776607932,20.606358100
609,163210819385012,20.649135180
610,163210842412041,20.672162209
611,163210881718520,20.711468688
612,163210916278029,20.746028197
613,163210964068440,20.793818608
614,163210982513444,20.812263612
615,163211018919090,20.848669258
616,163211046760406,20.876510574
617,163211092761309,20.922511477
618,163211113722687,20.943472855
619,163211153083676,20.982833844
620,163211185591263,21.015341431
621,163211236523517,21.066273685
622,163211264318268,21.094068436
623,163211288692452,21.118442620
624,163211319429854,21.149180022
625,163211359968475,21.189718643
626,163211386188311,21.215938479
627,163211420633041,21.250383209
628,163211461215748,21.290965916
629,163211503646171,21.333396339
630,163211524671171,21.354421339
631,163211559092585,21.388842753
632,163211592849253,21.422599421
633,163211641191789,21.470941957
634,163211667369252,21.497119420
635,163211691963514,21.521713682
636,163211730305379,21.560055547
637,163211775628068,21.605378236
638,163211795201882,21.624952050
639,163211828323459,21.658073627
640,163211863828289,21.693578457
641,163211906591296,21.736341464
642,163211925480206,21.755230374
643,163211963134030,21.792884198
644,163212001625728,21.831375896
645,163212044952031,21.874702199
646,163212066316231,21.896066399
647,163212101897027,21.931647195
648,163212132369719,21.962119887
649,163212174482456,22.004232624
650,163212197875522,22.027625690
651,163212237440034,22.067190202
652,163212267780704,22.097530872
653,163212323152742,22.152902910
654,163212340571845,22.170322013
655,163212371306930,22.201057098
656,163212408813778,22.238563946
657,163212448725398,22.278475566
658,163212472542724,22.302292892
659,163212502974201,22.332724369
660,163212545560531,22.375310699
661,163212593355595,22.423105763
662,163212612360438,22.442110606
663,163212637614059,22.467364227
664,163212676989502,22.506739670
665,163212715432637,22.545182805
666,163212741935834,22.571686002
667,163212773937909,22.603688077
668,163212818041970,22.647792138
669,163212862034889,22.691785057
670,163212885055602,22.714805770
671,163212914029264,22.743779432
672,163212949601514,22.779351682
673,163212994793764,22.824543932
674,163213014372305,22.844122473
675,163213047523930,22.877274098
676,163213087105596,22.916855764
677,163213127597772,22.957347940
678,163213146471869,22.976222037
679,163213186194877,23.015945045
680,163213219977443,23.049727611
681,163213260535699,23.090285867
682,163213281607194,23.111357362
683,163213319524799,23.149274967
684,163213351052456,23.180802624
685,163213396738976,23.226489144
686,163213417665221,23.247415389
687,163213461079916,23.290830084
688,163213485856579,23.315606747
689,163213526240895,23.355991063
690,163213554354944,23.384105112
691,163213598218869,23.427969037
692,163213622538223,23.452288391
693,163213668375005,23.498125173
694,163213689797708,23.519547876
695,163213731165495,23.560915663
696,163213762804271,23.592554439
697,163213810290427,23.640040595
698,163213833769983,23.663520151
699,163213859899287,23.689649455
700,163213897882928,23.727633096
701,163213937610215,23.767360383
702,163213963638199,23.793388367
703,163213999440469,23.829190637
704,163214037317141,23.867067309
705,163214081708188,23.911458356
706,163214099354271,23.929104439
707,163214135876457,23.965626625
708,163214166466754,23.996216922
709,163214206232148,24.035982316
710,163214233707425,24.063457593
711,163214267561179,24.097311347
712,163214310175290,24.139925458
713,163214358928502,24.188678670
714,163214379378883,24.209129051
715,163214402126071,24.231876239
716,163214445284363,24.275034531
717,163214490069956,24.319820124
718,163214508852972,24.338603140
719,163214543824502,24.373574670
720,163214571989608,24.401739776
721,163214612357017,24.442107185
722,163214637655923,24.467406091
723,163214673813780,24.503563948
724,163214705570093,24.535320261
725,163214743227990,24.572978158
726,163214776035582,24.605785750
727,163214817357145,24.647107313
728,163214842435412,24.672185580
729,163214888425281,24.718175449
730,163214909484657,24.739234825
731,163214954943912,24.784694080
732,163214981511255,24.811261423
733,163215018117505,24.847867673
734,163215047539540,24.877289708
735,163215088821302,24.918571470
736,163215114530271,24.944280439
737,163215153967849,24.983718017
738,163215182745189,25.012495357
739,163215217223425,25.046973593
740,163215257052203,25.086802371
741,163215302117958,25.131868126
742,163215323190126,25.152940294
743,163215351283983,25.181034151
744,163215392636110,25.222386278
745,163215432900263,25.262650431
746,163215454919071,25.284669239
747,163215490796729,25.320546897
748,163215528023011,25.357773179
749,163215567528630,25.397278798
750,163215589864249,25.419614417
751,163215625966269,25.455716437
752,163215663859382,25.493609550
753,163215712791675,25.542541843
754,163215731297072,25.561047240
755,163215758264342,25.588014510
756,163215793854618,25.623604786
757,163215831352995,25.661103163
758,163215857525871,25.687276039
759,163215898162897,25.727913065
760,163215926874548,25.756624716
761,163215964678266,25.794428434
762,163216005387489,25.835137657
763,163216029980147,25.859730315
764,163216062235872,25.891986040
765,163216101490554,25.931240722
766,163216136437555,25.966187723
767,163216177865676,26.007615844
768,163216202300587,26.032050755
769,163216234157165,26.063907333
770,163216267456858,26.097207026
771,163216311459834,26.141210002
772,163216335299356,26.165049524
773,163216372582368,26.202332536
774,163216404066118,26.233816286
775,163216443418720,26.273168888
776,163216469388634,26.299138802
777,163216508582655,26.338332823
778,163216539152169,26.368902337
779,163216585712266,26.415462434
780,163216608805288,26.438555456
781,163216641129715,26.470879883
782,163216673618187,26.503368355
783,163216717096300,26.546846468
784,163216742512356,26.572262524
785,163216773855695,26.603605863
786,163216817090590,26.646840758
787,163216861515843,26.691266011
788,163216884064546,26.713814714
789,163216911523789,26.741273957
790,163216953601261,26.783351429
791,163216996380529,26.826130697
792,163217015101998,26.844852166
793,163217053343282,26.883093450
794,163217078233962,26.907984130
795,163217123627489,26.953377657
796,163217146719964,26.976470132
797,163217186886899,27.016637067
798,163217214367759,27.044117927
799,163217256932767,27.086682935
800,163217282132910,27.111883078
801,163217324717070,27.154467238
802,163217350722597,27.180472765
803,163217401938324,27.231688492
804,163217420225007,27.249975175
805,163217461535908,27.291286076
806,163217487693243,27.317443411
807,163217530386769,27.360136937
808,163217553534824,27.383284992
809,163217595881176,27.425631344
810,163217626488200,27.456238368
811,163217675960621,27.505710789
812,163217701985052,27.531735220
813,163217725368247,27.555118415
814,163217759920751,27.589670919
815,163217801982792,27.631732960
816,163217825373920,27.655124088
817,163217859514394,27.689264562
818,163217901991876,27.731742044
819,163217941578927,27.771329095
820,163217961602559,27.791352727
821,163217996359374,27.826109542
822,163218032715835,27.862466003
823,163218080580238,27.910330406
824,163218100323158,27.930073326
825,163218130229597,27.959979765
826,163218167630508,27.997380676
827,163218217152783,28.046902951
828,163218239904507,28.069654675
829,163218265742949,28.095493117
830,163218306108563,28.135858731
831,163218346278113,28.176028281
832,163218372764726,28.202514894
833,163218401834834,28.231585002
834,163218435886446,28.265636614
835,163218483616055,28.313366223
836,163218503907426,28.333657594
837,163218540853522,28.370603690
838,163218572528928,28.402279096
839,163218615699625,28.445449793
840,163218637474110,28.467224278
841,163218674021999,28.503772167
842,163218711828369,28.541578537
843,163218752935815,28.582685983
844,163218775856044,28.605606212
845,163218811282000,28.641032168
846,163218842788358,28.672538526
847,163218895840770,28.725590938
848,163218916491456,28.746241624
849,163218946546330,28.776296498
850,163218978697380,28.808447548
851,163219017355811,28.847105979
852,163219046068266,28.875818434
853,163219077567131,28.907317299
854,163219120753783,28.950503951
855,163219159780963,28.989531131
856,163219181385244,29.011135412
857,163219214273917,29.044024085
858,163219257545042,29.087295210
859,163219300851105,29.130601273
860,163219317393573,29.147143741
861,163219350520031,29.180270199
862,163219385412457,29.215162625
863,163219427214748,29.256964916
864,163219454242398,29.283992566
865,163219487902166,29.317652334
866,163219526021039,29.355771207
867,163219570609661,29.400359829
868,163219589583034,29.419333202
869,163219627290885,29.457041053
870,163219658190239,29.487940407
871,163219698651641,29.528401809
872,163219721357723,29.551107891
873,163219760836896,29.590587064
874,163219791516437,29.621266605
875,163219836232982,29.665983150
876,163219857284906,29.687035074
877,163219901463789,29.731213957
878,163219929990099,29.759740267
879,163219976262139,29.806012307
880,163219996365641,29.826115809
881,163220030407542,29.860157710
882,163220061642242,29.891392410
883,163220104161580,29.933911748
884,163220129312359,29.959062527
885,163220167309742,29.997059910
886,163220198407344,30.028157512
887,163220238311464,30.068061632
888,163220269315968,30.099066136
889,163220304295051,30.134045219
890,163220340963600,30.170713768
891,163220398308359,30.228058527
892,163220425707335,30.255457503
893,163220444112394,30.273862562
894,163220469763141,30.299513309
895,163220509442570,30.339192738
896,163220537365246,30.367115414
897,163220571665283,30.401415451
898,163220609507322,30.439257490
899,163220649570110,30.479320278
900,163220673306886,30.503057054
901,163220709073240,30.538823408
902,163220741116214,30.570866382
903,163220791078171,30.620828339
904,163220811864073,30.641614241
905,163220842319132,30.672069300
906,163220879360607,30.709110775
907,163220921579741,30.751329909
908,163220941447137,30.771197305
909,163220983091007,30.812841175
910,163221015889149,30.845639317
911,163221065373506,30.895123674
912,163221085523379,30.915273547
913,163221113832387,30.943582555
914,163221151855010,30.981605178
915,163221196254805,31.026004973
916,163221215632985,31.045383153
917,163221258768356,31.088518524
918,163221283589444,31.113339612
919,163221321480326,31.151230494
920,163221350257074,31.180007242
921,163221391812215,31.221562383
922,163221417428560,31.247178728
923,163221464048955,31.293799123
924,163221485314808,31.315064976
925,163221526215937,31.355966105
926,163221557347498,31.387097666
927,163221607587245,31.437337413
928,163221629013608,31.458763776
929,163221653583235,31.483333403
930,163221692864614,31.522614782
931,163221738996070,31.568746238
932,163221764151065,31.593901233
933,163221789626632,31.619376800
934,163221833288681,31.663038849
935,163221890909099,31.720659267
936,163221909939819,31.739689987
937,163221927333779,31.757083947
938,163221965206241,31.794956409
939,163222006098023,31.835848191
940,163222029345858,31.859096026
941,163222066045259,31.895795427
942,163222105230896,31.934981064
943,163222153182246,31.982932414
944,163222181887517,32.011637685
945,163222208720716,32.038470884
946,163222229307583,32.059057751
947,163222273347054,32.103097222
948,163222298958647,32.128708815
949,163222338791680,32.168541848
950,163222368126936,32.197877104
951,163222411615106,32.241365274
952,163222433348401,32.263098569
953,163222470547126,32.300297294
954,163222504109733,32.333859901
955,163222544632960,32.374383128
956,163222569369033,32.399119201
957,163222610543680,32.440293848
958,163222638377305,32.468127473
959,163222689458054,32.519208222
960,163222709722765,32.539472933
961,163222745748658,32.575498826
962,163222773292665,32.603042833
963,163222814926133,32.644676301
964,163222841425089,32.671175257
965,163222875155350,32.704905518
966,163222914018352,32.743768520
967,163222954518864,32.784269032
968,163222977908022,32.807658190
969,163223014057488,32.843807656
970,163223052397886,32.882148054
971,163223097437612,32.927187780
972,163223117449606,32.947199774
973,163223153043381,32.982793549
974,163223184817475,33.014567643
975,163223223271668,33.053021836
976,163223250062839,33.079813007
977,163223284120681,33.113870849
978,163223324481527,33.154231695
979,163223373081726,33.202831894
980,163223392056663,33.221806831
981,163223419032224,33.248782392
982,163223454247381,33.283997549
983,163223497765071,33.327515239
984,163223525082295,33.354832463
985,163223556299120,33.386049288
986,163223590908115,33.420658283
987,163223629991639,33.459741807
988,163223653901893,33.483652061
989,163223694325552,33.524075720
990,163223722622077,33.552372245
991,163223770532399,33.600282567
992,163223795529745,33.625279913
993,163223825616398,33.655366566
994,163223861980170,33.691730338
995,163223903784271,33.733534439
996,163223928467125,33.758217293
997,163223963454661,33.793204829
998,163223998572519,33.828322687
999,163224043413012,33.873163180
1000,163224065993092,33.895743260
1001,163224098649607,33.928399775
1002,163224131393831,33.961143999
1003,163224176258164,34.006008332
1004,163224197190685,34.026940853
1005,163224235907777,34.065657945
1006,163224269822692,34.099572860
1007,163224313083078,34.142833246
1008,163224333463573,34.163213741
1009,163224365718153,34.195468321
1010,163224404138402,34.233888570
1011,163224440026822,34.269776990
1012,163224494366675,34.324116843
1013,163224518809848,34.348560016
1014,163224539615563,34.369365731
1015,163224569974873,34.399725041
1016,163224613701503,34.443451671
1017,163224656104644,34.485854812
1018,163224675227031,34.504977199
1019,163224705970405,34.535720573
1020,163224744752795,34.574502963
1021,163224800052036,34.629802204
1022,163224821852107,34.651602275
1023,163224841288788,34.671038956
1024,163224873169974,34.702920142
1025,163224916373201,34.746123369
1026,163224944916600,34.774666768
1027,163224980707737,34.810457905
1028,163225014413083,34.844163251
1029,163225058306091,34.888056259
1030,163225077131086,34.906881254
1031,163225115949086,34.945699254
1032,163225146879901,34.976630069
1033,163225196053045,35.025803213
1034,163225215818106,35.045568274
1035,163225252596261,35.082346429
1036,163225288188337,35.117938505
1037,163225334243596,35.163993764
1038,163225356098797,35.185848965
1039,163225385333204,35.215083372
1040,163225419140710,35.248890878
1041,163225460881211,35.290631379
1042,163225485285807,35.315035975
1043,163225518414798,35.348164966
1044,163225561335683,35.391085851
1045,163225610202779,35.439952947
1046,163225629891065,35.459641233
1047,163225654509065,35.484259233
1048,163225694890179,35.524640347
1049,163225737736666,35.567486834
1050,163225757907728,35.587657896
1051,163225797140868,35.626891036
1052,163225832123778,35.661873946
1053,163225880137996,35.709888164
1054,163225901163246,35.730913414
1055,163225925172802,35.754922970
1056,163225963222992,35.792973160
1057,163226011032808,35.840782976
1058,163226030256191,35.860006359
1059,163226065090242,35.894840410
1060,163226104451577,35.934201745
1061,163226144402585,35.974152753
1062,163226169353678,35.999103846
1063,163226198988174,36.028738342
1064,163226232953350,36.062703518
1065,163226276159523,36.105909691
1066,163226297208230,36.126958398
1067,163226340881232,36.170631400
1068,163226365938432,36.195688600
1069,163226406430199,36.236180367
1070,163226433390515,36.263140683
1071,163226472449037,36.302199205
1072,163226502893211,36.332643379
1073,163226547172815,36.376922983
1074,163226569323918,36.399074086
1075,163226608756400,36.438506568
1076,163226639229634,36.468979802
1077,163226687594057,36.517344225
1078,163226707227336,36.536977504
1079,163226742639201,36.572389369
1080,163226775167699,36.604917867
1081,163226827870801,36.657620969
1082,163226847396378,36.677146546
1083,163226873620817,36.703370985
1084,163226913299066,36.743049234
1085,163226952766590,36.782516758
1086,163226977162489,36.806912657
1087,163227016060170,36.845810338
1088,163227048172614,36.877922782
1089,163227089310151,36.919060319
1090,163227113323433,36.943073601
1091,163227146238881,36.975989049
1092,163227187960190,37.017710358
1093,163227227737788,37.057487956
1094,163227249271288,37.079021456
1095,163227282179431,37.111929599
1096,163227320682643,37.150432811
1097,163227360977220,37.190727388
1098,163227387258179,37.217008347
1099,163227423216888,37.252967056
1100,163227455338023,37.285088191
1101,163227504971399,37.334721567
1102,163227528170205,37.357920373
1103,163227553150221,37.382900389
1104,163227586793343,37.416543511
1105,163227624173379,37.453923547
1106,163227659104822,37.488854990
1107,163227697014823,37.526764991
1108,163227721076484,37.550826652
1109,163227760069701,37.589819869
1110,163227791602993,37.621353161
1111,163227828767367,37.658517535
1112,163227860690888,37.690441056
1113,163227903591225,37.733341393
1114,163227925360579,37.755110747
1115,163227964754839,37.794505007
1116,163227993609125,37.823359293
1117,163228030181552,37.859931720
1118,163228061138739,37.890888907
1119,163228098031856,37.927782024
1120,163228137098962,37.966849130
1121,163228187799931,38.017550099
1122,163228207113075,38.036863243
1123,163228229023823,38.058773991
1124,163228269231228,38.098981396
1125,163228312808970,38.142559138
1126,163228333639627,38.163389795
1127,163228365336437,38.195086605
1128,163228404283291,38.234033459
1129,163228444705169,38.274455337
1130,163228469262639,38.299012807
1131,163228504782598,38.334532766
1132,163228536989322,38.366739490
1133,163228586090059,38.415840227
1134,163228607634920,38.437385088
1135,163228642278965,38.472029133
1136,163228674265795,38.504015963
1137,163228718315601,38.548065769
1138,163228740428060,38.570178228
1139,163228773371982,38.603122150
1140,163228811234390,38.640984558
1141,163228862641104,38.692391272
1142,163228887950720,38.717700888
1143,163228909275126,38.739025294
1144,163228947961295,38.777711463
1145,163228998422348,38.828172516
1146,163229019069037,38.848819205
1147,163229047417846,38.877168014
1148,163229079169101,38.908919269
1149,163229119288779,38.949038947
1150,163229146376175,38.976126343
1151,163229186949081,39.016699249
1152,163229214096861,39.043847029
1153,163229249777681,39.079527849
1154,163229286471511,39.116221679
1155,163229321058867,39.150809035
1156,163229355694343,39.185444511
1157,163229403817800,39.233567968
1158,163229423934297,39.253684465
1159,163229452670719,39.282420887
1160,163229490470474,39.320220642
1161,163229529489963,39.359240131
1162,163229553119791,39.382869959
1163,163229587061735,39.416811903
1164,163229624816096,39.454566264
1165,163229663177189,39.492927357
1166,163229689112598,39.518862766
1167,163229722322666,39.552072834
1168,163229763495219,39.593245387
1169,163229809150567,39.638900735
1170,163229836252474,39.666002642
1171,163229857633734,39.687383902
1172,163229899588709,39.729338877
1173,163229942424167,39.772174335
1174,163229964770592,39.794520760
1175,163229994013128,39.823763296
1176,163230026816971,39.856567139
1177,163230069951845,39.899702013
1178,163230092974422,39.922724590
1179,163230136491842,39.966242010
1180,163230162870509,39.992620677
1181,163230205539496,40.035289664
1182,163230229103876,40.058854044
1183,163230269290867,40.099041035
1184,163230298825622,40.128575790
1185,163230340028027,40.169778195
1186,163230365360041,40.195110209
1187,163230405443429,40.235193597
1188,163230434268509,40.264018677
1189,163230477576063,40.307326231
1190,163230501471745,40.331221913
1191,163230543617674,40.373367842
1192,163230570526793,40.400276961
1193,163230608405066,40.438155234
1194,163230639350647,40.469100815
1195,163230671412727,40.501162895
1196,163230711154931,40.540905099
1197,163230747342106,40.577092274
1198,163230774038156,40.603788324
1199,163230807969075,40.637719243
1200,163230844436610,40.674186778
1201,163230889095146,40.718845314
1202,163230909024842,40.738775010
1203,163230944825815,40.774575983
1204,163230978595867,40.808346035
1205,163231017974264,40.847724432
1206,163231047668757,40.877418925
1207,163231080893341,40.910643509
1208,163231117255252,40.947005420
1209,163231159038728,40.988788896
1210,163231180998475,41.010748643
1211,163231214135920,41.043886088
1212,163231253861592,41.083611760
1213,163231295143820,41.124893988
1214,163231312958756,41.142708924
1215,163231354878357,41.184628525
1216,163231382289042,41.212039210
1217,163231420839782,41.250589950
1218,163231449263759,41.279013927
1219,163231486065816,41.315815984
1220,163231519264155,41.349014323
1221,163231559156561,41.388906729
1222,163231585598220,41.415348388
1223,163231622609345,41.452359513
1224,163231655770533,41.485520701
1225,163231697344144,41.527094312
1226,163231720895048,41.550645216
1227,163231760385013,41.590135181
1228,163231792040023,41.621790191
1229,163231843331931,41.673082099
1230,163231867681155,41.697431323
1231,163231895018458,41.724768626
1232,163231930360724,41.760110892
1233,163231980410751,41.810160919
1234,163232001831691,41.831581859
1235,163232025525859,41.855276027
1236,163232064890605,41.894640773
1237,163232106267605,41.936017773
1238,163232129881949,41.959632117
1239,163232162866096,41.992616264
1240,163232201667570,42.031417738
1241,163232241843098,42.071593266
1242,163232268721276,42.098471444
1243,163232303680854,42.133431022
1244,163232334937954,42.164688122
1245,163232380322287,42.210072455
1246,163232400690269,42.230440437
1247,163232433795585,42.263545753
1248,163232471388938,42.301139106
1249,163232511433951,42.341184119
1250,163232536971294,42.366721462
1251,163232571309884,42.401060052
1252,163232605672977,42.435423145
1253,163232645315511,42.475065679
1254,163232669145395,42.498895563
1255,163232712797692,42.542547860
1256,163232740027231,42.569777399
1257,163232784167910,42.613918078
1258,163232804945401,42.634695569
1259,163232844600013,42.674350181
1260,163232875984897,42.705735065
1261,163232914943037,42.744693205
1262,163232955170475,42.784920643
1263,163232984619873,42.814370041
1264,163233013119304,42.842869472
1265,163233050116813,42.879866981
1266,163233079755422,42.909505590
1267,163233116339190,42.946089358
1268,163233148974955,42.978725123
1269,163233181829922,43.011580090
1270,163233219013457,43.048763625
1271,163233266250905,43.096001073
1272,163233289692040,43.119442208
1273,163233313387560,43.143137728
1274,163233354326379,43.184076547
1275,163233401924330,43.231674498
1276,163233423402250,43.253152418
1277,163233449389820,43.279139988
1278,163233491230618,43.320980786
1279,163233539858627,43.369608795
1280,163233561715066,43.391465234
1281,163233585191279,43.414941447
1282,163233620940263,43.450690431
1283,163233661683213,43.491433381
1284,163233689087009,43.518837177
1285,163233726349804,43.556099972
1286,163233762203928,43.591954096
1287,163233808525284,43.638275452
1288,163233827170602,43.656920770
1289,163233857168016,43.686918184
1290,163233900464199,43.730214367
1291,163233939401984,43.769152152
1292,163233959752432,43.789502600
1293,163233996754349,43.826504517
1294,163234030441568,43.860191736
1295,163234083142479,43.912892647
1296,163234103527179,43.933277347
1297,163234131709856,43.961460024
1298,163234165995670,43.995745838
1299,163234214858369,44.044608537
1300,163234234576249,44.064326417
1301,163234264838218,44.094588386
1302,163234303372420,44.133122588
1303,163234342929348,44.172679516
1304,163234364923791,44.194673959
1305,163234402746198,44.232496366
1306,163234439078656,44.268828824
1307,163234489781350,44.319531518
1308,163234507720514,44.337470682
1309,163234539804518,44.369554686
1310,163234571421763,44.401171931
1311,163234612263358,44.442013526
1312,163234637408239,44.467158407
1313,163234669839158,44.499589326
1314,163234712408221,44.542158389
1315,163234760074257,44.589824425
1316,163234781072259,44.610822427
1317,163234804771565,44.634521733
1318,163234844364354,44.674114522
1319,163234893533237,44.723283405
1320,163234919452380,44.749202548
1321,163234940830246,44.770580414
1322,163234979564050,44.809314218
1323,163235023284471,44.853034639
1324,163235044900107,44.874650275
1325,163235077636477,44.907386645
1326,163235116512541,44.946262709
1327,163235162164585,44.991914753
1328,163235183568938,45.013319106
1329,163235213515875,45.043266043
1330,163235245856261,45.075606429
1331,163235289555716,45.119305884
1332,163235313479644,45.143229812
1333,163235357792386,45.187542554
1334,163235385609211,45.215359379
1335,163235433731890,45.263482058
1336,163235458891241,45.288641409
1337,163235485136331,45.314886499
1338,163235521938825,45.351688993
1339,163235568967643,45.398717811
1340,163235591277494,45.421027662
1341,163235622135082,45.451885250
1342,163235655978242,45.485728410
1343,163235697550637,45.527300805
1344,163235721026701,45.550776869
1345,163235763513889,45.593264057
1346,163235793094707,45.622844875
1347,163235834189336,45.663939504
1348,163235857347628,45.687097796
1349,163235889160810,45.718910978
1350,163235926564609,45.756314777
1351,163235971818872,45.801569040
1352,163235992922965,45.822673133
1353,163236031219324,45.860969492
1354,163236065639184,45.895389352
1355,163236110670693,45.940420861
1356,163236129690212,45.959440380
1357,163236164856828,45.994606996
1358,163236205029302,46.034779470
1359,163236263822320,46.093572488
1360,163236285175642,46.114925810
1361,163236301855417,46.131605585
1362,163236337431723,46.167181891
1363,163236389374455,46.219124623
1364,163236408711117,46.238461285
1365,163236432731173,46.262481341
1366,163236470546163,46.300296331
1367,163236510301218,46.340051386
1368,163236532798842,46.362549010
1369,163236570955449,46.400705617
1370,163236601815338,46.431565506
1371,163236642010467,46.471760635
1372,163236669440207,46.499190375
1373,163236712946026,46.542696194
1374,163236737365685,46.567115853
1375,163236781542521,46.611292689
1376,163236805118740,46.634868908
1377,163236844958025,46.674708193
1378,163236872829519,46.702579687
1379,163236915718860,46.745469028
1380,163236940778278,46.770528446
1381,163236979367945,46.809118113
1382,163237014098437,46.843848605
1383,163237057193191,46.886943359
1384,163237079426975,46.909177143
1385,163237116599986,46.946350154
1386,163237151286832,46.981037000
1387,163237209559149,47.039309317
1388,163237229497250,47.059247418
1389,163237247493968,47.077244136
1390,163237281969079,47.111719247
1391,163237324065591,47.153815759
1392,163237352239066,47.181989234
1393,163237380792754,47.210542922
1394,163237416687050,47.246437218
1395,163237461960259,47.291710427
1396,163237484945058,47.314695226
1397,163237519367683,47.349117851
1398,163237556406017,47.386156185
1399,163237596789811,47.426539979
1400,163237621591541,47.451341709
1401,163237657219838,47.486970006
1402,163237691029951,47.520780119
1403,163237730791255,47.560541423
1404,163237756758044,47.586508212
1405,163237790126972,47.619877140
1406,163237820809955,47.650560123
1407,163237861346551,47.691096719
1408,163237888724921,47.718475089
1409,163237928121578,47.757871746
1410,163237957266979,47.787017147
1411,163238000316447,47.830066615
1412,163238025504485,47.855254653
1413,163238065783424,47.895533592
1414,163238094523928,47.924274096
1415,163238136775523,47.966525691
1416,163238160650458,47.990400626
1417,163238203633719,48.033383887
1418,163238233561439,48.063311607
1419,163238291119180,48.120869348
1420,163238309894450,48.139644618
1421,163238332956063,48.162706231
1422,163238365788306,48.195538474
1423,163238404847396,48.234597564
1424,163238432897777,48.262647945
1425,163238468984192,48.298734360
1426,163238505210801,48.334960969
1427,163238543840122,48.373590290
1428,163238569502942,48.399253110
1429,163238604213186,48.433963354
1430,163238638433421,48.468183589
1431,163238685274087,48.515024255
1432,163238707243353,48.536993521
1433,163238741987077,48.571737245
1434,163238776791524,48.606541692
1435,163238819376019,48.649126187
1436,163238840548846,48.670299014
1437,163238872702169,48.702452337
1438,163238912659968,48.742410136
1439,163238964739375,48.794489543
1440,163238984037143,48.813787311
1441,163239008764640,48.838514808
1442,163239047406021,48.877156189
1443,163239087550453,48.917300621
1444,163239108760785,48.938510953
1445,163239150374094,48.980124262
1446,163239176807310,49.006557478
1447,163239220206386,49.049956554
1448,163239245047710,49.074797878
1449,163239285570752,49.115320920
1450,163239313066964,49.142817132
1451,163239353260764,49.183010932
1452,163239380972798,49.210722966
1453,163239425592976,49.255343144
1454,163239452546887,49.282297055
1455,163239496022817,49.325772985
1456,163239517642261,49.347392429
1457,163239553278527,49.383028695
1458,163239588803902,49.418554070
1459,163239634642725,49.464392893
1460,163239656800384,49.486550552
1461,163239691935377,49.521685545
1462,163239722581764,49.552331932
1463,163239769076817,49.598826985
1464,163239791619916,49.621370084
1465,163239823507827,49.653257995
1466,163239860562568,49.690312736
1467,163239907136599,49.736886767
1468,163239927704741,49.757454909
1469,163239957165546,49.786915714
1470,163239998777895,49.828528063
1471,163240046386581,49.876136749
1472,163240072655882,49.902406050
1473,163240092894300,49.922644468
1474,163240136082365,49.965832533
1475,163240186834289,50.016584457
1476,163240206908077,50.036658245
1477,163240230219271,50.059969439
1478,163240267253702,50.097003870
1479,163240308232984,50.137983152
1480,163240332649203,50.162399371
1481,163240365803092,50.195553260
1482,163240403091798,50.232841966
1483,163240441663516,50.271413684
1484,163240468874206,50.298624374
1485,163240503863197,50.333613365
1486,163240539315069,50.369065237
1487,163240591737307,50.421487475
1488,163240611404518,50.441154686
1489,163240636579930,50.466330098
1490,163240670517762,50.500267930
1491,163240711935076,50.541685244
1492,163240737157928,50.566908096
1493,163240773916345,50.603666513
1494,163240807917152,50.637667320
1495,163240849748304,50.679498472
1496,163240872724133,50.702474301
1497,163240911415918,50.741166086
1498,163240947206735,50.776956903
1499,163240997930134,50.827680302
1500,163241017556899,50.847307067
1501,163241047987766,50.877737934
1502,163241080454245,50.910204413
1503,163241123787662,50.953537830
1504,163241146283181,50.976033349
1505,163241179115014,51.008865182
1506,163241217411942,51.047162110
1507,163241276745966,51.106496134
1508,163241297007682,51.126757850
1509,163241314992621,51.144742789
1510,163241350527395,51.180277563
1511,163241395466552,51.225216720
1512,163241439063911,51.268814079
1513,163241469159125,51.298909293
1514,163241489550136,51.319300304
1515,163241517599891,51.347350059
1516,163241558835655,51.388585823
1517,163241599833609,51.429583777
1518,163241624356630,51.454106798
1519,163241653754329,51.483504497
1520,163241695818360,51.525568528
1521,163241752063889,51.581814057
1522,163241778943473,51.608693641
1523,163241800113094,51.629863262
1524,163241822091491,51.651841659
1525,163241860742829,51.690492997
1526,163241888690904,51.718441072
1527,163241931881981,51.761632149
1528,163241965795995,51.795546163
1529,163242002178472,51.831928640
1530,163242024717501,51.854467669
1531,163242061006329,51.890756497
1532,163242093900842,51.923651010
1533,163242129558180,51.959308348
1534,163242165216898,51.994967066
1535,163242199310098,52.029060266
1536,163242229321648,52.059071816
1537,163242269175581,52.098925749
1538,163242297390398,52.127140566
1539,163242338018771,52.167768939
1540,163242365507173,52.195257341
1541,163242408344091,52.238094259
1542,163242432723703,52.262473871
1543,163242467549775,52.297299943
1544,163242507904705,52.337654873
1545,163242555913326,52.385663494
1546,163242579827602,52.409577770
1547,163242600779486,52.430529654
1548,163242644302312,52.474052480
1549,163242691521438,52.521271606
1550,163242710297316,52.540047484
1551,163242737117048,52.566867216
1552,163242773757663,52.603507831
1553,163242815677593,52.645427761
1554,163242841429723,52.671179891
1555,163242873256561,52.703006729
1556,163242917352250,52.747102418
1557,163242962467944,52.792218112
1558,163242982988406,52.812738574
1559,163243008392531,52.838142699
1560,163243043125006,52.872875174
1561,163243090661423,52.920411591
1562,163243111131049,52.940881217
1563,163243146270394,52.976020562
1564,163243177463106,53.007213274
1565,163243216469307,53.046219475
1566,163243248395838,53.078146006
1567,163243286570063,53.116320231
1568,163243317199665,53.146949833
1569,163243359897068,53.189647236
1570,163243380592508,53.210342676
1571,163243419357310,53.249107478
1572,163243455388685,53.285138853
1573,163243502980832,53.332731000
1574,163243522452687,53.352202855
1575,163243558511285,53.388261453
1576,163243587493285,53.417243453
1577,163243631349582,53.461099750
1578,163243652472897,53.482223065
1579,163243691566618,53.521316786
1580,163243725940715,53.555690883
1581,163243786484237,53.616234405
1582,163243804544526,53.634294694
1583,163243823383967,53.653134135
1584,163243863887560,53.693637728
1585,163243911346366,53.741096534
1586,163243932542712,53.762292880
1587,163243956674262,53.786424430
1588,163243999388690,53.829138858
1589,163244041483600,53.871233768
1590,163244065995191,53.895745359
1591,163244093053386,53.922803554
1592,163244131585242,53.961335410
1593,163244183028175,54.012778343
1594,163244203911755,54.033661923
1595,163244229632119,54.059382287
1596,163244267698125,54.097448293
1597,163244307455769,54.137205937
1598,163244328926282,54.158676450
1599,163244366870600,54.196620768
1600,163244402393026,54.232143194
1601,163244451058823,54.280808991
1602,163244476527369,54.306277537
1603,163244500608895,54.330359063
1604,163244534888867,54.364639035
1605,163244583477648,54.413227816
1606,163244602579543,54.432329711
1607,163244639199527,54.468949695
1608,163244669171402,54.498921570
1609,163244710392246,54.540142414
1610,163244736673759,54.566423927
1611,163244772568622,54.602318790
1612,163244808895104,54.638645272
1613,163244849735715,54.679485883
1614,163244872677219,54.702427387
1615,163244916012449,54.745762617
1616,163244940690130,54.770440298
1617,163244987781277,54.817531445
1618,163245008635657,54.838385825
1619,163245040973999,54.870724167
1620,163245079633346,54.909383514
1621,163245119469123,54.949219291
1622,163245146306334,54.976056502
1623,163245179260630,55.009010798
1624,163245215150147,55.044900315
1625,163245259653869,55.089404037
1626,163245285891224,55.115641392
1627,163245313312813,55.143062981
1628,163245352398919,55.182149087
1629,163245393337685,55.223087853
1630,163245416690934,55.246441102
1631,163245455852846,55.285603014
1632,163245486076224,55.315826392
1633,163245525436987,55.355187155
1634,163245556505325,55.386255493
1635,163245588500672,55.418250840
1636,163245623104397,55.452854565
1637,163245666729446,55.496479614
1638,163245687054871,55.516805039
1639,163245725535894,55.555286062
1640,163245758933981,55.588684149
1641,163245816324786,55.646074954
1642,163245835259926,55.665010094
1643,163245856370105,55.686120273
1644,163245888528649,55.718278817
1645,163245928767528,55.758517696
1646,163245958475320,55.788225488
1647,163246000562624,55.830312792
1648,163246024673470,55.854423638
1649,163246069522599,55.899272767
1650,163246094420782,55.924170950
1651,163246134021636,55.963771804
1652,163246163652502,55.993402670
1653,163246205162016,56.034912184
1654,163246228812826,56.058562994
1655,163246263179247,56.092929415
1656,163246303929157,56.133679325
1657,163246368147688,56.197897856
1658,163246389927419,56.219677587
1659,163246409266992,56.239017160
1660,163246432804638,56.262554806
1661,163246481483024,56.311233192
1662,163246501921511,56.331671679
1663,163246538723711,56.368473879
1664,163246571437627,56.401187795
1665,163246612787284,56.442537452
1666,163246636525783,56.466275951
1667,163246668504670,56.498254838
1668,163246707416895,56.537167063
1669,163246752568484,56.582318652
1670,163246775069762,56.604819930
1671,163246804676597,56.634426765
1672,163246847575773,56.677325941
1673,163246908158859,56.737909027
1674,163246928913476,56.758663644
1675,163246948056522,56.777806690
1676,163246972596655,56.802346823
1677,163247017982318,56.847732486
1678,163247042346630,56.872096798
1679,163247079312305,56.909062473
1680,163247113891636,56.943641804
1681,163247163844753,56.993594921
1682,163247185664401,57.015414569
1683,163247212560308,57.042310476
1684,163247250420645,57.080170813
1685,163247297251272,57.127001440
1686,163247316161805,57.145911973
1687,163247350277200,57.180027368
1688,163247385800357,57.215550525
1689,163247428161676,57.257911844
1690,163247448834863,57.278585031
1691,163247487410130,57.317160298
1692,163247521916452,57.351666620
1693,163247569570808,57.399320976
1694,163247590880732,57.420630900
1695,163247616283508,57.446033676
1696,163247655928233,57.485678401
1697,163247700032862,57.529783030
1698,163247720461573,57.550211741
1699,163247753455612,57.583205780
1700,163247795313325,57.625063493
1701,163247845688968,57.675439136
1702,163247868406174,57.698156342
1703,163247889109489,57.718859657
1704,163247930187935,57.759938103
1705,163247977387643,57.807137811
1706,163247998813861,57.828564029
1707,163248024351032,57.854101200
1708,163248061022563,57.890772731
1709,163248108182884,57.937933052
1710,163248128707896,57.958458064
1711,163248164123196,57.993873364
1712,163248194317712,58.024067880
1713,163248236391424,58.066141592
1714,163248262328483,58.092078651
1715,163248303378788,58.133128956
1716,163248332949343,58.162699511
1717,163248382327891,58.212078059
1718,163248402500277,58.232250445
1719,163248436051536,58.265801704
1720,163248465694170,58.295444338
1721,163248506383416,58.336133584
1722,163248540116938,58.369867106
1723,163248581947009,58.411697177
1724,163248609619802,58.439369970
1725,163248641117139,58.470867307
1726,163248668961665,58.498711833
1727,163248712268351,58.542018519
1728,163248736273123,58.566023291
1729,163248775286529,58.605036697
1730,163248808395034,58.638145202
1731,163248837648746,58.667398914
1732,163248873595025,58.703345193
1733,163248915752440,58.745502608
1734,163248943213181,58.772963349
1735,163248972255508,58.802005676
1736,163249010993502,58.840743670
1737,163249051183775,58.880933943
1738,163249081037089,58.910787257
1739,163249108399491,58.938149659
1740,163249149322410,58.979072578
1741,163249199218342,59.028968510
1742,163249218669651,59.048419819
1743,163249244322203,59.074072371
1744,163249288597178,59.118347346
1745,163249341966884,59.171717052
1746,163249364527558,59.194277726
1747,163249387931383,59.217681551
1748,163249417316580,59.247066748
1749,163249457572423,59.287322591
1750,163249486931861,59.316682029
1751,163249520166081,59.349916249
1752,163249549241042,59.378991210
1753,163249594460397,59.424210565
1754,163249616144761,59.445894929
1755,163249655742476,59.485492644
1756,163249684537547,59.514287715
1757,163249728032149,59.557782317
1758,163249753077393,59.582827561
1759,163249795559231,59.625309399
1760,163249821616745,59.651366913
1761,163249877097691,59.706847859
1762,163249916629947,59.746380115
1763,163249942851149,59.772601317
1764,163249963961076,59.793711244
1765,163249992213469,59.821963637
1766,163250030709744,59.860459912
1767,163250072063350,59.901813518
1768,163250097329908,59.927080076
1769,163250129590366,59.959340534
1770,163250160344987,59.990095155
1771,163250202398779,60.032148947
1772,163250228517900,60.058268068
1773,163250262882837,60.092633005
1774,163250303769735,60.133519903
1775,163250346821256,60.176571424
1776,163250370803079,60.200553247
1777,163250396571745,60.226321913
1778,163250440168974,60.269919142
1779,163250488368094,60.318118262
1780,163250509650780,60.339400948
1781,163250532324869,60.362075037
1782,163250570709669,60.400459837
1783,163250609729059,60.439479227
1784,163250636214865,60.465965033
1785,163250671838564,60.501588732
1786,163250708869593,60.538619761
1787,163250750360046,60.580110214
1788,163250774187218,60.603937386
1789,163250805664166,60.635414334
1790,163250838827732,60.668577900
1791,163250889556772,60.719306940
1792,163250911077701,60.740827869
1793,163250943519776,60.773269944
1794,163250976515941,60.806266109
1795,163251028868257,60.858618425
1796,163251052524354,60.882274522
1797,163251076692544,60.906442712
1798,163251108833865,60.938584033
1799,163251152396189,60.982146357
1800,163251176370591,61.006120759
1801,163251219524081,61.049274249
1802,163251248846622,61.078596790
1803,163251310542959,61.140293127
1804,163251332078091,61.161828259
1805,163251350743761,61.180493929
1806,163251380269857,61.210020025
1807,163251416387670,61.246137838
1808,163251454099785,61.283849953
1809,163251480425319,61.310175487
1810,163251519588318,61.349338486
1811,163251561662259,61.391412427
1812,163251584280884,61.414031052
1813,163251622596517,61.452346685
1814,163251657519708,61.487269876
1815,163251699954272,61.529704440
1816,163251720287215,61.550037383
1817,163251754054649,61.583804817
1818,163251796748364,61.626498532
1819,163251848772385,61.678522553
1820,163251876690746,61.706440914
1821,163251895317717,61.725067885
1822,163251929542136,61.759292304
1823,163251973237804,61.802987972
1824,163251993133078,61.822883246
1825,163252025767201,61.855517369
1826,163252063888831,61.893638999
1827,163252106551634,61.936301802
1828,163252124589861,61.954340029
1829,163252162503251,61.992253419
1830,163252199924072,62.029674240
1831,163252252744559,62.082494727
1832,163252276544995,62.106295163
1833,163252296491964,62.126242132
1834,163252334746198,62.164496366
1835,163252383285537,62.213035705
1836,163252404084879,62.233835047
1837,163252432275109,62.262025277
1838,163252468295305,62.298045473
1839,163252513411940,62.343162108
1840,163252533822516,62.363572684
1841,163252568701241,62.398451409
1842,163252605196071,62.434946239
1843,163252644498983,62.474249151
1844,163252669915478,62.499665646
1845,163252712682064,62.542432232
1846,163252737666147,62.567416315
1847,163252785618650,62.615368818
1848,163252805239912,62.634990080
1849,163252836894689,62.666644857
1850,163252877302961,62.707053129
1851,163252927990803,62.757740971
1852,163252950018688,62.779768856
1853,163252972530496,62.802280664
1854,163253015949168,62.845699336
1855,163253056520601,62.886270769
1856,163253079137265,62.908887433
1857,163253109060123,62.938810291
1858,163253147939631,62.977689799
1859,163253194612124,63.024362292
1860,163253212837163,63.042587331
1861,163253249422524,63.079172692
1862,163253285656796,63.115406964
1863,163253328868563,63.158618731
1864,163253353999954,63.183750122
1865,163253380813305,63.210563473
1866,163253414282782,63.244032950
1867,163253461949448,63.291699616
1868,163253485311039,63.315061207
1869,163253517517706,63.347267874
1870,163253551025203,63.380775371
1871,163253598440213,63.428190381
1872,163253621174908,63.450925076
1873,163253653411079,63.483161247
1874,163253687111783,63.516861951
1875,163253733410208,63.563160376
1876,163253755852090,63.585602258
1877,163253789405298,63.619155466
1878,163253825857740,63.655607908
1879,163253882546798,63.712296966
1880,163253910598634,63.740348802
1881,163253930864620,63.760614788
1882,163253956637483,63.786387651
1883,163254000972466,63.830722634
1884,163254024856975,63.854607143
1885,163254057642186,63.887392354
1886,163254092477988,63.922228156
1887,163254131607751,63.961357919
1888,163254163151752,63.992901920
1889,163254197020902,64.026771070
1890,163254230637253,64.060387421
1891,163254277574717,64.107324885
1892,163254296323737,64.126073905
1893,163254328872223,64.158622391
1894,163254367901419,64.197651587
1895,163254419107536,64.248857704
1896,163254440413314,64.270163482
1897,163254464343337,64.294093505
1898,163254507295141,64.337045309
1899,163254549658419,64.379408587
1900,163254569548204,64.399298372
1901,163254603513831,64.433263999
1902,163254643884247,64.473634415
1903,163254697136288,64.526886456
1904,163254714137684,64.543887852
1905,163254736067617,64.565817785
1906,163254769312445,64.599062613
1907,163254811199557,64.640949725
1908,163254836203627,64.665953795
1909,163254875627027,64.705377195
1910,163254908559714,64.738309882
1911,163254957088537,64.786838705
1912,163254976796486,64.806546654
1913,163255011420712,64.841170880
1914,163255045254554,64.875004722
1915,163255087697831,64.917447999
1916,163255108098746,64.937848914
1917,163255147486783,64.977236951
1918,163255176643014,65.006393182
1919,163255214319147,65.044069315
1920,163255248699225,65.078449393
1921,163255282410761,65.112160929
1922,163255319265926,65.149016094
1923,163255362955264,65.192705432
1924,163255383535746,65.213285914
1925,163255415300765,65.245050933
1926,163255452146924,65.281897092
1927,163255494352046,65.324102214
1928,163255516433718,65.346183886
1929,163255553407635,65.383157803
1930,163255586329345,65.416079513
1931,163255624685129,65.454435297
1932,163255652577272,65.482327440
1933,163255690357790,65.520107958
1934,163255723026444,65.552776612
1935,163255763823989,65.593574157
1936,163255788084854,65.617835022
1937,163255823100846,65.652851014
1938,163255860593827,65.690343995
1939,163255901926959,65.731677127
1940,163255924221398,65.753971566
1941,163255956333901,65.786084069
1942,163255992522065,65.822272233
1943,163256034785379,65.864535547
1944,163256056752440,65.886502608
1945,163256095370317,65.925120485
1946,163256129839817,65.959589985
1947,163256176301441,66.006051609
1948,163256196744780,66.026494948
1949,163256228141097,66.057891265
1950,163256265342326,66.095092494
1951,163256305631197,66.135381365
1952,163256328241520,66.157991688
1953,163256366105023,66.195855191
1954,163256398581305,66.228331473
1955,163256440156589,66.269906757
1956,163256465040105,66.294790273
1957,163256507562970,66.337313138
1958,163256536506409,66.366256577
1959,163256586166129,66.415916297
1960,163256606084015,66.435834183
1961,163256632044123,66.461794291
1962,163256668952342,66.498702510
1963,163256707764935,66.537515103
1964,163256736325540,66.566075708
1965,163256768036988,66.597787156
1966,163256807098446,66.636848614
1967,163256849872295,66.679622463
1968,163256872248586,66.701998754
1969,163256908644302,66.738394470
1970,163256941422830,66.771172998
1971,163257000214384,66.829964552
1972,163257018845144,66.848595312
1973,163257043308577,66.873058745
1974,163257079309108,66.909059276
1975,163257128421432,66.958171600
1976,163257147745397,66.977495565
1977,163257176400856,67.006151024
1978,163257219927774,67.049677942
1979,163257267377272,67.097127440
1980,163257289534688,67.119284856
1981,163257312414794,67.142164962
1982,163257346674876,67.176425044
1983,163257396038149,67.225788317
1984,163257416979102,67.246729270
1985,163257450351904,67.280102072
1986,163257481406820,67.311156988
1987,163257521950363,67.351700531
1988,163257548789628,67.378539796
1989,163257587738268,67.417488436
1990,163257617459464,67.447209632
1991,163257657942879,67.487693047
1992,163257684031317,67.513781485
1993,163257727069610,67.556819778
1994,163257755448285,67.585198453
1995,163257800736300,67.630486468
1996,163257819964152,67.649714320
1997,163257858199710,67.687949878
1998,163257889712705,67.719462873
1999,163257927126464,67.756876632
2000,163257956614008,67.786364176
2001,163257988337032,67.818087200
2002,163258029194961,67.858945129
2003,163258074667614,67.904417782
2004,163258096695768,67.926445936
2005,163258124677838,67.954428006
2006,163258163285002,67.993035170
2007,163258209231263,68.038981431
2008,163258234499019,68.064249187
2009,163258260710362,68.090460530
2010,163258300155489,68.129905657
2011,163258343335238,68.173085406
2012,163258388648926,68.218399094
2013,163258412459000,68.242209168
2014,163258435437787,68.265187955
2015,163258463946355,68.293696523
2016,163258507489937,68.337240105
2017,163258542313508,68.372063676
2018,163258572291164,68.402041332
2019,163258600622391,68.430372559
2020,163258633558364,68.463308532
2021,163258679258064,68.509008232
2022,163258700064392,68.529814560
2023,163258738207741,68.567957909
2024,163258768428558,68.598178726
2025,163258808539633,68.638289801
2026,163258842106391,68.671856559
2027,163258873793819,68.703543987
2028,163258906851345,68.736601513
2029,163258945145493,68.774895661
2030,163258973071954,68.802822122
2031,163259009764636,68.839514804
2032,163259042739453,68.872489621
2033,163259087879717,68.917629885
2034,163259108022344,68.937772512
2035,163259147077786,68.976827954
2036,163259175954459,69.005704627
2037,163259215290238,69.045040406
2038,163259244261140,69.074011308
2039,163259276256080,69.106006248
2040,163259316432519,69.146182687
2041,163259360411473,69.190161641
2042,163259379946181,69.209696349
2043,163259413671129,69.243421297
2044,163259453947266,69.283697434
2045,163259501652525,69.331402693
2046,163259523409851,69.353160019
2047,163259549147155,69.378897323
2048,163259588609223,69.418359391
2049,163259630116667,69.459866835
2050,163259652193828,69.481943996
2051,163259690329197,69.520079365
2052,163259725459717,69.555209885
2053,163259766087250,69.595837418
2054,163259789886137,69.619636305
2055,163259820644339,69.650394507
2056,163259859272131,69.689022299
2057,163259902426217,69.732176385
2058,163259923307917,69.753058085
2059,163259957814705,69.787564873
2060,163259988803490,69.818553658
2061,163260036591421,69.866341589
2062,163260057454166,69.887204334
2063,163260095581726,69.925331894
2064,163260125642379,69.955392547
2065,163260184666433,70.014416601
2066,163260204629677,70.034379845
2067,163260227896964,70.057647132
2068,163260262323768,70.092073936
2069,163260303648493,70.133398661
2070,163260328078698,70.157828866
2071,163260368125688,70.197875856
2072,163260402267948,70.232018116
2073,163260441892329,70.271642497
2074,163260464345571,70.294095739
2075,163260504904713,70.334654881
2076,163260536643508,70.366393676
2077,163260588083872,70.417834040
2078,163260609355819,70.439105987
2079,163260635634707,70.465384875
2080,163260670099334,70.499849502
2081,163260708933662,70.538683830
2082,163260736043467,70.565793635
2083,163260767939035,70.597689203
2084,163260807698934,70.637449102
2085,163260846134051,70.675884219
2086,163260871948633,70.701698801
2087,163260909507472,70.739257640
2088,163260942824407,70.772574575
2089,163260991203365,70.820953533
2090,163261014058435,70.843808603
2091,163261040402820,70.870152988
2092,163261076040033,70.905790201
2093,163261118734633,70.948484801
2094,163261143963495,70.973713663
2095,163261176090418,71.005840586
2096,163261210410475,71.040160643
2097,163261257552155,71.087302323
2098,163261281156251,71.110906419
2099,163261319351833,71.149102001
2100,163261344348186,71.174098354
2101,163261393720581,71.223470749
2102,163261415455510,71.245205678
2103,163261448974940,71.278725108
2104,163261480492875,71.310243043
2105,163261524028594,71.353778762
2106,163261547916691,71.377666859
2107,163261587113922,71.416864090
2108,163261618030783,71.447780951
2109,163261664149960,71.493900128
2110,163261685389477,71.515139645
2111,163261722768359,71.552518527
2112,163261757985999,71.587736167
2113,163261803573259,71.633323427
2114,163261825459109,71.655209277
2115,163261853761649,71.683511817
2116,163261893890142,71.723640310
2117,163261940309673,71.770059841
2118,163261964214693,71.793964861
2119,163261993776658,71.823526826
2120,163262027052218,71.856802386
2121,163262079580967,71.909331135
2122,163262100349480,71.930099648
2123,163262124053243,71.953803411
2124,163262164293277,71.994043445
2125,163262204938970,72.034689138
2126,163262228555375,72.058305543
2127,163262262024160,72.091774328
2128,163262303347732,72.133097900
2129,163262344808001,72.174558169
2130,163262364511083,72.194261251
2131,163262402709528,72.232459696
2132,163262433940896,72.263691064
2133,163262479946724,72.309696892
2134,163262500556081,72.330306249
2135,163262536831905,72.366582073
2136,163262564278806,72.394028974
2137,163262602441860,72.432192028
2138,163262632123579,72.461873747
2139,163262668181734,72.497931902
2140,163262701335281,72.531085449
2141,163262741739305,72.571489473
2142,163262768172475,72.597922643
2143,163262806448770,72.636198938
2144,163262842204509,72.671954677
2145,163262887596421,72.717346589
2146,163262908556638,72.738306806
2147,163262939819717,72.769569885
2148,163262973095618,72.802845786
2149,163263013462496,72.843212664
2150,163263040645295,72.870395463
2151,163263078222442,72.907972610
2152,163263113888865,72.943639033
2153,163263160505154,72.990255322
2154,163263185094376,73.014844544
2155,163263207963648,73.037713816
2156,163263250314007,73.080064175
2157,163263296529293,73.126279461
2158,163263318407888,73.148158056
2159,163263343738577,73.173488745
2160,163263381130263,73.210880431
2161,163263420538984,73.250289152
2162,163263448063466,73.277813634
2163,163263480488429,73.310238597
2164,163263520878113,73.350628281
2165,163263566112525,73.395862693
2166,163263589108181,73.418858349
2167,163263620132945,73.449883113
2168,163263658607600,73.488357768
2169,163263701800160,73.531550328
2170,163263720053315,73.549803483
2171,163263753263658,73.583013826
2172,163263787824347,73.617574515
2173,163263828699329,73.658449497
2174,163263851944059,73.681694227
2175,163263892415194,73.722165362
2176,163263926194776,73.755944944
2177,163263976665047,73.806415215
2178,163263999989065,73.829739233
2179,163264026783264,73.856533432
2180,163264058597416,73.888347584
2181,163264102619373,73.932369541
2182,163264124667085,73.954417253
2183,163264162846989,73.992597157
2184,163264192939061,74.022689229
2185,163264231561612,74.061311780
2186,163264259924906,74.089675074
2187,163264301166732,74.130916900
2188,163264329025129,74.158775297
2189,163264371042128,74.200792296
2190,163264398548839,74.228299007
2191,163264433648863,74.263399031
2192,163264467686572,74.297436740
2193,163264507406428,74.337156596
2194,163264531959715,74.361709883
2195,163264565906125,74.395656293
2196,163264603023492,74.432773660
2197,163264641776248,74.471526416
2198,163264667909120,74.497659288
2199,163264701508078,74.531258246
2200,163264738416729,74.568166897
2201,163264791213801,74.620963969
2202,163264814300084,74.644050252
2203,163264836656430,74.666406598
2204,163264876146383,74.705896551
2205,163264918615324,74.748365492
2206,163264939766990,74.769517158
2207,163264975660579,74.805410747
2208,163265014205662,74.843955830
2209,163265054876447,74.884626615
2210,163265078512144,74.908262312
2211,163265109240547,74.938990715
2212,163265141182912,74.970933080
2213,163265188818491,75.018568659
2214,163265207763023,75.037513191
2215,163265246979338,75.076729506
2216,163265276755175,75.106505343
2217,163265313268632,75.143018800
2218,163265348322491,75.178072659
2219,163265384310470,75.214060638
2220,163265413223088,75.242973256
2221,163265451939161,75.281689329
2222,163265480139529,75.309889697
2223,163265519091819,75.348841987
2224,163265553917882,75.383668050
2225,163265601018047,75.430768215
2226,163265623833882,75.453584050
2227,163265652675371,75.482425539
2228,163265688037012,75.517787180
2229,163265737650509,75.567400677
2230,163265758588718,75.588338886
2231,163265783974150,75.613724318
2232,163265828090909,75.657841077
2233,163265887074492,75.716824660
2234,163265912672292,75.742422460
2235,163265936889463,75.766639631
2236,163265975978235,75.805728403
2237,163266001776535,75.831526703
2238,163266023724482,75.853474650
2239,163266062664583,75.892414751
2240,163266119881528,75.949631696
2241,163266146466886,75.976217054
2242,163266180389696,76.010139864
2243,163266205080439,76.034830607
2244,163266246837491,76.076587659
2245,163266270217560,76.099967728
2246,163266295879011,76.125629179
2247,163266331600918,76.161351086
2248,163266384296154,76.214046322
2249,163266407519537,76.237269705
2250,163266429124853,76.258875021
2251,163266464153885,76.293904053
2252,163266508568236,76.338318404
2253,163266532266144,76.362016312
2254,163266567772570,76.397522738
2255,163266607577896,76.437328064
2256,163266657882529,76.487632697
2257,163266681803866,76.511554034
2258,163266699752299,76.529502467
2259,163266737791341,76.567541509
2260,163266787262577,76.617012745
2261,163266805103700,76.634853868
2262,163266846905693,76.676655861
2263,163266877104907,76.706855075
2264,163266904925814,76.734675982
2265,163266947484314,76.777234482
2266,163266971731993,76.801482161
2267,163267010414469,76.840164637
2268,163267040687431,76.870437599
2269,163267074967516,76.904717684
2270,163267108308346,76.938058514
2271,163267151066593,76.980816761
2272,163267178276111,77.008026279
2273,163267210090821,77.039840989
2274,163267251396194,77.081146362
2275,163267302195311,77.131945479
2276,163267323970069,77.153720237
2277,163267343597138,77.173347306
2278,163267382098571,77.211848739
2279,163267426432144,77.256182312
2280,163267447605260,77.277355428
2281,163267479988959,77.309739127
2282,163267519396198,77.349146366
2283,163267562171977,77.391922145
2284,163267583664493,77.413414661
2285,163267619587982,77.449338150
2286,163267659556958,77.489307126
2287,163267712982379,77.542732547
2288,163267734355957,77.564106125
2289,163267754744590,77.584494758
2290,163267784395137,77.614145305
2291,163267824825395,77.654575563
2292,163267852565265,77.682315433
2293,163267894316818,77.724066986
2294,163267925555840,77.755306008
2295,163267980762296,77.810512464
2296,163268003046127,77.832796295
2297,163268027775066,77.857525234
2298,163268060397754,77.890147922
2299,163268100745737,77.930495905
2300,163268126629441,77.956379609
2301,163268160488868,77.990239036
2302,163268200083866,78.029834034
2303,163268261121273,78.090871441
2304,163268283234743,78.112984911
2305,163268302471911,78.132222079
2306,163268327658136,78.157408304
2307,163268375390098,78.205140266
2308,163268395558003,78.225308171
2309,163268428398926,78.258149094
2310,163268464348991,78.294099159
2311,163268509741685,78.339491853
2312,163268531649983,78.361400151
2313,163268564833153,78.394583321
2314,163268602966574,78.432716742
2315,163268644178897,78.473929065
2316,163268667812592,78.497562760
2317,163268704138378,78.533888546
2318,163268742843076,78.572593244
2319,163268796931780,78.626681948
2320,163268817228870,78.646979038
2321,163268835492348,78.665242516
2322,163268873477438,78.703227606
2323,163268913734890,78.743485058
2324,163268939678077,78.769428245
2325,163268973950399,78.803700567
2326,163269009272739,78.839022907
2327,163269048728359,78.878478527
2328,163269071700329,78.901450497
2329,163269111477465,78.941227633
2330,163269140155530,78.969905698
2331,163269184133455,79.013883623
2332,163269207830644,79.037580812
2333,163269243919267,79.073669435
2334,163269277717820,79.107467988
2335,163269318938324,79.148688492
2336,163269344857715,79.174607883
2337,163269384294183,79.214044351
2338,163269412922487,79.242672655
2339,163269451667744,79.281417912
2340,163269481957650,79.311707818
2341,163269520386927,79.350137095
2342,163269549394580,79.379144748
2343,163269594384958,79.424135126
2344,163269618052407,79.447802575
2345,163269654182906,79.483933074
2346,163269685933244,79.515683412
2347,163269726845167,79.556595335
2348,163269752829749,79.582579917
2349,163269787845453,79.617595621
2350,163269823743171,79.653493339
2351,163269879401621,79.709151789
2352,163269902383697,79.732133865
2353,163269924597783,79.754347951
2354,163269961232691,79.790982859
2355,163270009703890,79.839454058
2356,163270032419048,79.862169216
2357,163270055747039,79.885497207
2358,163270097883244,79.927633412
2359,163270140382263,79.970132431
2360,163270165227140,79.994977308
2361,163270191669184,80.021419352
2362,163270231673689,80.061423857
2363,163270278980452,80.108730620
2364,163270299223955,80.128974123
2365,163270327953824,80.157703992
2366,163270359948663,80.189698831
2367,163270403735126,80.233485294
2368,163270427592236,80.257342404
2369,163270467446669,80.297196837
2370,163270497521278,80.327271446
2371,163270536495814,80.366245982
2372,163270563736173,80.393486341
2373,163270607077377,80.436827545
2374,163270632028264,80.461778432
2375,163270678738474,80.508488642
2376,163270699646921,80.529397089
2377,163270735996642,80.565746810
2378,163270769113838,80.598864006
2379,163270806531051,80.636281219
2380,163270836110560,80.665860728
2381,163270872505026,80.702255194
2382,163270908078322,80.737828490
2383,163270944974468,80.774724636
2384,163270971811851,80.801562019
2385,163271007045633,80.836795801
2386,163271047449372,80.877199540
2387,163271095304981,80.925055149
2388,163271116502412,80.946252580
2389,163271140485797,80.970235965
2390,163271179853801,81.009603969
2391,163271221276450,81.051026618
2392,163271243724449,81.073474617
2393,163271279573548,81.109323716
2394,163271318717961,81.148468129
2395,163271363207005,81.192957173
2396,163271382936402,81.212686570
2397,163271416474620,81.246224788
2398,163271454784080,81.284534248
2399,163271497666770,81.327416938
2400,163271518762292,81.348512460
2401,163271553958577,81.383708745
2402,163271580019362,81.409769530
2403,163271619360716,81.449110884
2404,163271650464853,81.480215021
2405,163271690582901,81.520333069
2406,163271720437502,81.550187670
2407,163271762163485,81.591913653
2408,163271783511431,81.613261599
2409,163271824393991,81.654144159
2410,163271853963530,81.683713698
2411,163271896133195,81.725883363
2412,163271920731416,81.750481584
2413,163271963134081,81.792884249
2414,163271987526406,81.817276574
2415,163272029033900,81.858784068
2416,163272055823326,81.885573494
2417,163272098647917,81.928398085
2418,163272127812654,81.957562822
2419,163272178634314,82.008384482
2420,163272202315135,82.032065303
2421,163272224813857,82.054564025
2422,163272261691413,82.091441581
2423,163272302432948,82.132183116
2424,163272329143845,82.158894013
2425,163272363642846,82.193393014
2426,163272402963814,82.232713982
2427,163272447241596,82.276991764
2428,163272470510080,82.300260248
2429,163272498857486,82.328607654
2430,163272538822195,82.368572363
2431,163272588656645,82.418406813
2432,163272609841674,82.439591842
2433,163272631855715,82.461605883
2434,163272671619456,82.501369624
2435,163272712991735,82.542741903
2436,163272735383523,82.565133691
2437,163272771645863,82.601396031
2438,163272806882325,82.636632493
2439,163272846668955,82.676419123
2440,163272869936028,82.699686196
2441,163272907868956,82.737619124
2442,163272937706993,82.767457161
2443,163272986496765,82.816246933
2444,163273005207399,82.834957567
2445,163273045462822,82.875212990
2446,163273075259479,82.905009647
2447,163273115182761,82.944932929
2448,163273139664416,82.969414584
2449,163273176580573,83.006330741
2450,163273208760070,83.038510238
2451,163273249121729,83.078871897
2452,163273275669640,83.105419808
2453,163273316715538,83.146465706
2454,163273346756242,83.176506410
2455,163273395269545,83.225019713
2456,163273416364262,83.246114430
2457,163273447910594,83.277660762
2458,163273483349935,83.313100103
2459,163273527909268,83.357659436
2460,163273547295527,83.377045695
2461,163273579431991,83.409182159
2462,163273618047921,83.447798089
2463,163273662664149,83.492414317
2464,163273684617768,83.514367936
2465,163273716074139,83.545824307
2466,163273754346040,83.584096208
2467,163273800133385,83.629883553
2468,163273822194654,83.651944822
2469,163273851780212,83.681530380
2470,163273895675493,83.725425661
2471,163273939696426,83.769446594
2472,163273961580359,83.791330527
2473,163273987505410,83.817255578
2474,163274030758985,83.860509153
2475,163274079826994,83.909577162
2476,163274098743913,83.928494081
2477,163274123300654,83.953050822
2478,163274156367425,83.986117593
2479,163274205166191,84.034916359
2480,163274227434359,84.057184527
2481,163274260329698,84.090079866
2482,163274296855107,84.126605275
2483,163274339870625,84.169620793
2484,163274361167529,84.190917697
2485,163274400039206,84.229789374
2486,163274431424076,84.261174244
2487,163274481302895,84.311053063
2488,163274499526578,84.329276746
2489,163274536634151,84.366384319
2490,163274566550397,84.396300565
2491,163274609593784,84.439343952
2492,163274633809166,84.463559334
2493,163274668665600,84.498415768
2494,163274701821996,84.531572164
2495,163274748930184,84.578680352
2496,163274776206641,84.605956809
2497,163274800290443,84.630040611
2498,163274843761318,84.673511486
2499,163274897816149,84.727566317
2500,163274920651639,84.750401807
2501,163274944154169,84.773904337
2502,163274972505640,84.802255808
2503,163275011443521,84.841193689
2504,163275039385075,84.869135243
2505,163275071757597,84.901507765
2506,163275110291999,84.940042167
2507,163275149505258,84.979255426
2508,163275176648782,85.006398950
2509,163275209235583,85.038985751
2510,163275243477715,85.073227883
2511,163275294682227,85.124432395
2512,163275334665982,85.164416150
2513,163275359888766,85.189638934
2514,163275380909255,85.210659423
2515,163275411203987,85.240954155
2516,163275452102382,85.281852550
2517,163275494849445,85.324599613
2518,163275525047348,85.354797516
2519,163275548634956,85.378385124
2520,163275583344319,85.413094487
2521,163275628334211,85.458084379
2522,163275649218716,85.478968884
2523,163275683558469,85.513308637
2524,163275717227636,85.546977804
2525,163275766240513,85.595990681
2526,163275785886675,85.615636843
2527,163275820530961,85.650281129
2528,163275857249507,85.686999675
2529,163275902797027,85.732547195
2530,163275920874588,85.750624756
2531,163275957167166,85.786917334
2532,163275991847906,85.821598074
2533,163276034783742,85.864533910
2534,163276057982751,85.887732919
2535,163276098190945,85.927941113
2536,163276129306618,85.959056786
2537,163276182709484,86.012459652
2538,163276205546996,86.035297164
2539,163276228638755,86.058388923
2540,163276260314309,86.090064477
2541,163276303796638,86.133546806
2542,163276327240212,86.156990380
2543,163276359996453,86.189746621
2544,163276399851629,86.229601797
2545,163276447279714,86.277029882
2546,163276470063308,86.299813476
2547,163276496965772,86.326715940
2548,163276539062988,86.368813156
2549,163276596140045,86.425890213
2550,163276619028861,86.448779029
2551,163276638033775,86.467783943
2552,163276667570115,86.497320283
2553,163276713527381,86.543277549
2554,163276735245382,86.564995550
2555,163276769164660,86.598914828
2556,163276800649254,86.630399422
2557,163276848742003,86.678492171
2558,163276870273263,86.700023431
2559,163276906749344,86.736499512
2560,163276941399016,86.771149184
2561,163276992852476,86.822602644
2562,163277011247245,86.840997413
2563,163277039290800,86.869040968
2564,163277071121410,86.900871578
2565,163277111544229,86.941294397
2566,163277139761167,86.969511335
2567,163277177655294,87.007405462
2568,163277209530005,87.039280173
2569,163277259829003,87.089579171
2570,163277282884880,87.112635048
2571,163277318316305,87.148066473
2572,163277344728943,87.174479111
2573,163277396422588,87.226172756
2574,163277417509510,87.247259678
2575,163277444359435,87.274109603
2576,163277486385866,87.316136034
2577,163277531544432,87.361294600
2578,163277550111462,87.379861630
2579,163277579235813,87.408985981
2580,163277622097607,87.451847775
2581,163277668511461,87.498261629
2582,163277689191392,87.518941560
2583,163277719670005,87.549420173
2584,163277759140899,87.588891067
2585,163277805733275,87.635483443
2586,163277826575041,87.656325209
2587,163277853014657,87.682764825
2588,163277889854113,87.719604281
2589,163277932370502,87.762120670
2590,163277958717626,87.788467794
2591,163277989085722,87.818835890
2592,163278030540573,87.860290741
2593,163278084321845,87.914072013
2594,163278106626821,87.936376989
2595,163278124292603,87.954042771
2596,163278162107417,87.991857585
2597,163278221121662,88.050871830
2598,163278246720091,88.076470259
2599,163278276409841,88.106160009
2600,163278299431757,88.129181925
2601,163278348947182,88.178697350
2602,163278375706447,88.205456615
2603,163278396842526,88.226592694
2604,163278432735994,88.262486162
2605,163278483681597,88.313431765
2606,163278505141109,88.334891277
2607,163278532113341,88.361863509
2608,163278566253666,88.396003834
2609,163278610467114,88.440217282
2610,163278631196904,88.460947072
2611,163278668206160,88.497956328
2612,163278701803011,88.531553179
2613,163278746101732,88.575851900
2614,163278769218669,88.598968837
2615,163278800614439,88.630364607
2616,163278843741278,88.673491446
2617,163278902709738,88.732459906
2618,163278923743278,88.753493446
2619,163278942076121,88.771826289
2620,163278971622690,88.801372858
2621,163279012136373,88.841886541
2622,163279039463040,88.869213208
2623,163279071321909,88.901072077
2624,163279111012323,88.940762491
2625,163279153962874,88.983713042
2626,163279175107135,89.004857303
2627,163279210040891,89.039791059
2628,163279247489151,89.077239319
2629,163279308459962,89.138210130
2630,163279327896645,89.157646813
2631,163279346986899,89.176737067
2632,163279379477510,89.209227678
2633,163279419519366,89.249269534
2634,163279443288392,89.273038560
2635,163279486502298,89.316252466
2636,163279517407497,89.347157665
2637,163279558027172,89.387777340
2638,163279579011714,89.408761882
2639,163279617992170,89.447742338
2640,163279649844859,89.479595027
2641,163279693382130,89.523132298
2642,163279714974279,89.544724447
2643,163279759402966,89.589153134
2644,163279785696332,89.615446500
2645,163279829740304,89.659490472
2646,163279851392301,89.681142469
2647,163279888664033,89.718414201
2648,163279921937257,89.751687425
2649,163279966379936,89.796130104
2650,163279989438801,89.819188969
2651,163280025829154,89.855579322
2652,163280059166259,89.888916427
2653,163280102831128,89.932581296
2654,163280123223969,89.952974137
2655,163280156481291,89.986231459
2656,163280193507914,90.023258082
2657,163280238674214,90.068424382
2658,163280262930557,90.092680725
2659,163280292523108,90.122273276
2660,163280332272235,90.162022403
2661,163280381906553,90.211656721
2662,163280404099034,90.233849202
2663,163280428638172,90.258388340
2664,163280463995405,90.293745573
2665,163280496863391,90.326613559
2666,163280536137240,90.365887408
2667,163280563145695,90.392895863
2668,163280604416574,90.434166742
2669,163280634629338,90.464379506
2670,163280664539431,90.494289599
2671,163280702981666,90.532731834
2672,163280748215884,90.577966052
2673,163280776143170,90.605893338
2674,163280799355465,90.629105633
2675,163280837231890,90.666982058
2676,163280885723586,90.715473754
2677,163280904232706,90.733982874
2678,163280935890959,90.765641127
2679,163280974327774,90.804077942
2680,163281014283568,90.844033736
2681,163281039294819,90.869044987
2682,163281075483329,90.905233497
2683,163281112639029,90.942389197
2684,163281152901903,90.982652071
2685,163281179452955,91.009203123
2686,163281212529911,91.042280079
2687,163281246146347,91.075896515
2688,163281297040640,91.126790808
2689,163281328446656,91.158196824
2690,163281348735374,91.178485542
2691,163281378937065,91.208687233
2692,163281421100530,91.250850698
2693,163281443362552,91.273112720
2694,163281481661345,91.311411513
2695,163281515395378,91.345145546
2696,163281568164089,91.397914257
2697,163281587894919,91.417645087
2698,163281616767292,91.446517460
2699,163281654102164,91.483852332
2700,163281701061818,91.530811986
2701,163281719932488,91.549682656
2702,163281755919285,91.585669453
2703,163281789433195,91.619183363
2704,163281842786872,91.672537040
2705,163281868877581,91.698627749
2706,163281888756653,91.718506821
2707,163281924335471,91.754085639
2708,163281968295925,91.798046093
2709,163281989330155,91.819080323
2710,163282025099851,91.854850019
2711,163282057695912,91.887446080
2712,163282099339975,91.929090143
2713,163282123338308,91.953088476
2714,163282156611678,91.986361846
2715,163282194877919,92.024628087
2716,163282240141777,92.069891945
2717,163282261038070,92.090788238
2718,163282293446319,92.123196487
2719,163282328033744,92.157783912
2720,163282359086309,92.188836477
2721,163282398867466,92.228617634
2722,163282435096475,92.264846643
2723,163282463308386,92.293058554
2724,163282496008465,92.325758633
2725,163282538877318,92.368627486
2726,163282586251585,92.416001753
2727,163282607871574,92.437621742
2728,163282631232827,92.460982995
2729,163282663835027,92.493585195
2730,163282704167831,92.533917999
2731,163282731297785,92.561047953
2732,163282771610424,92.601360592
2733,163282804525470,92.634275638
2734,163282843933832,92.673684000
2735,163282867626005,92.697376173
2736,163282908510355,92.738260523
2737,163282936263331,92.766013499
2738,163282981177642,92.810927810
2739,163283004103028,92.833853196
2740,163283042779426,92.872529594
2741,163283071521079,92.901271247
2742,163283109032562,92.938782730
2743,163283141944973,92.971695141
2744,163283179025392,93.008775560
2745,163283208058791,93.037808959
2746,163283253044447,93.082794615
2747,163283278109328,93.107859496
2748,163283311269511,93.141019679
2749,163283345729554,93.175479722
2750,163283392014111,93.221764279
2751,163283411900210,93.241650378
2752,163283449266784,93.279016952
2753,163283481310701,93.311060869
2754,163283525243194,93.354993362
2755,163283547436299,93.377186467
2756,163283580092556,93.409842724
2757,163283618113722,93.447863890
2758,163283662920311,93.492670479
2759,163283684810553,93.514560721
2760,163283718012827,93.547762995
2761,163283754927688,93.584677856
2762,163283807424297,93.637174465
2763,163283846384681,93.676134849
2764,163283870681159,93.700431327
2765,163283891263865,93.721014033
2766,163283920622872,93.750373040
2767,163283968606902,93.798357070
2768,163283990657874,93.820408042
2769,163284022637096,93.852387264
2770,163284068754961,93.898505129
2771,163284093466144,93.923216312
2772,163284127515832,93.957266000
2773,163284157323363,93.987073531
2774,163284204042729,94.033792897
2775,163284227836376,94.057586544
2776,163284260914501,94.090664669
2777,163284295376657,94.125126825
2778,163284327451222,94.157201390
2779,163284364940200,94.194690368
2780,163284395030221,94.224780389
2781,163284434780522,94.264530690
2782,163284464032823,94.293782991
2783,163284500741436,94.330491604
2784,163284537315457,94.367065625
2785,163284592373750,94.422123918
2786,163284610879163,94.440629331
2787,163284630994825,94.460744993
2788,163284663710930,94.493461098
2789,163284706754876,94.536505044
2790,163284732535784,94.562285952
2791,163284767129719,94.596879887
2792,163284799803574,94.629553742
2793,163284841048078,94.670798246
2794,163284867444395,94.697194563
2795,163284906631638,94.736381806
2796,163284940869425,94.770619593
2797,163284997812451,94.827562619
2798,163285019541594,94.849291762
2799,163285040115372,94.869865540
2800,163285071363952,94.901114120
2801,163285112244438,94.941994606
2802,163285138994001,94.968744169
2803,163285180663470,95.010413638
2804,163285212072569,95.041822737
2805,163285262710783,95.092460951
2806,163285284406669,95.114156837
2807,163285307407151,95.137157319
2808,163285344862413,95.174612581
2809,163285395748729,95.225498897
2810,163285413277815,95.243027983
2811,163285445314987,95.275065155
2812,163285486374210,95.316124378
2813,163285532460088,95.362210256
2814,163285555142203,95.384892371
2815,163285579230724,95.408980892
2816,163285617269511,95.447019679
2817,163285662855496,95.492605664
2818,163285686537135,95.516287303
2819,163285716211884,95.545962052
2820,163285756361437,95.586111605
2821,163285807485780,95.637235948
2822,163285826360330,95.656110498
2823,163285851555284,95.681305452
2824,163285883210987,95.712961155
2825,163285925569327,95.755319495
2826,163285953990899,95.783741067
2827,163285994452859,95.824203027
2828,163286019712656,95.849462824
2829,163286063058157,95.892808325
2830,163286087942157,95.917692325
2831,163286130833022,95.960583190
2832,163286156017286,95.985767454
2833,163286196613919,96.026364087
2834,163286222982643,96.052732811
2835,163286262565645,96.092315813
2836,163286296378780,96.126128948
2837,163286341228278,96.170978446
2838,163286370335525,96.200085693
2839,163286395255833,96.225006001
2840,163286435062778,96.264812946
2841,163286482916893,96.312667061
2842,163286504398794,96.334148962
2843,163286527132966,96.356883134
2844,163286567399590,96.397149758
2845,163286611536087,96.441286255
2846,163286632506480,96.462256648
2847,163286666912257,96.496662425
2848,163286706762127,96.536512295
2849,163286755427618,96.585177786
2850,163286777046694,96.606796862
2851,163286799053658,96.628803826
2852,163286837849124,96.667599292
2853,163286886231282,96.715981450
2854,163286906468011,96.736218179
2855,163286938543960,96.768294128
2856,163286974260803,96.804010971
2857,163287015319543,96.845069711
2858,163287041820693,96.871570861
2859,163287071284045,96.901034213
2860,163287114871927,96.944622095
2861,163287162023326,96.991773494
2862,163287184859935,97.014610103
2863,163287207984525,97.037734693
2864,163287244807714,97.074557882
2865,163287290546536,97.120296704
2866,163287310710333,97.140460501
2867,163287345319047,97.175069215
2868,163287375714948,97.205465116
2869,163287431729939,97.261480107
2870,163287450450739,97.280200907
2871,163287481061948,97.310812116
2872,163287513856075,97.343606243
2873,163287556497044,97.386247212
2874,163287581453460,97.411203628
2875,163287622666447,97.452416615
2876,163287648676559,97.478426727
2877,163287691080943,97.520831111
2878,163287714991207,97.544741375
2879,163287756607970,97.586358138
2880,163287787638852,97.617389020
2881,163287827373330,97.657123498
2882,163287851204269,97.680954437
2883,163287884232129,97.713982297
2884,163287924331226,97.754081394
2885,163287967188391,97.796938559
2886,163287987080748,97.816830916
2887,163288023191786,97.852941954
2888,163288061565432,97.891315600
2889,163288106053926,97.935804094
2890,163288126741154,97.956491322
2891,163288155801346,97.985551514
2892,163288195224833,98.024975001
2893,163288232116015,98.061866183
2894,163288260087284,98.089837452
2895,163288293435040,98.123185208
2896,163288332440443,98.162190611
2897,163288375623449,98.205373617
2898,163288396586717,98.226336885
2899,163288431181771,98.260931939
2900,163288463018523,98.292768691
2901,163288503547565,98.333297733
2902,163288527470763,98.357220931
2903,163288566894117,98.396644285
2904,163288600502455,98.430252623
2905,163288638962845,98.468713013
2906,163288663231490,98.492981658
2907,163288705871233,98.535621401
2908,163288732180521,98.561930689
2909,163288775243850,98.604994018
2910,163288803278880,98.633029048
2911,163288838529834,98.668280002
2912,163288869841490,98.699591658
2913,163288914442666,98.744192834
2914,163288935133511,98.764883679
2915,163288974031989,98.803782157
2916,163289005491097,98.835241265
2917,163289045181194,98.874931362
2918,163289071010686,98.900760854
2919,163289109348063,98.939098231
2920,163289146287349,98.976037517
2921,163289194203761,99.023953929
2922,163289214256555,99.044006723
2923,163289239541206,99.069291374
2924,163289276495183,99.106245351
2925,163289314672932,99.144423100
2926,163289347449598,99.177199766
2927,163289376227099,99.205977267
2928,163289410890589,99.240640757
2929,163289453334008,99.283084176
2930,163289479066625,99.308816793
2931,163289513882325,99.343632493
2932,163289553452419,99.383202587
2933,163289601031585,99.430781753
2934,163289622489653,99.452239821
2935,163289647758518,99.477508686
2936,163289684935372,99.514685540
2937,163289726806599,99.556556767
2938,163289747380450,99.577130618
2939,163289784577779,99.614327947
2940,163289821515887,99.651266055
2941,163289870727702,99.700477870
2942,163289894152276,99.723902444
2943,163289918888869,99.748639037
2944,163289952853096,99.782603264
2945,163290001879404,99.831629572
2946,163290023531821,99.853281989
2947,163290055365230,99.885115398
2948,163290094303694,99.924053862
2949,163290135904462,99.965654630
2950,163290157030450,99.986780618
2951,163290193027274,100.022777442
2952,163290230513290,100.060263458
2953,163290288666491,100.118416659
2954,163290308584626,100.138334794
2955,163290327051338,100.156801506
2956,163290365164629,100.194914797
2957,163290416509714,100.246259882
2958,163290444201745,100.273951913
2959,163290469578256,100.299328424
2960,163290497052913,100.326803081
2961,163290538032919,100.367783087
2962,163290566847348,100.396597516
2963,163290599045155,100.428795323
2964,163290639354302,100.469104470
2965,163290695576290,100.525326458
2966,163290717384677,100.547134845
2967,163290736019997,100.565770165
2968,163290767830368,100.597580536
2969,163290809636206,100.639386374
2970,163290834956273,100.664706441
2971,163290867467736,100.697217904
2972,163290907867033,100.737617201
2973,163290946615482,100.776365650
2974,163290970878600,100.800628768
2975,163291007162199,100.836912367
2976,163291036537065,100.866287233
2977,163291082456188,100.912206356
2978,163291102758099,100.932508267
2979,163291147103717,100.976853885
2980,163291173035704,101.002785872
2981,163291213928880,101.043679048
2982,163291242360919,101.072111087
2983,163291279153746,101.108903914
2984,163291312836455,101.142586623
2985,163291359568367,101.189318535
2986,163291381604725,101.211354893
2987,163291412077237,101.241827405
2988,163291445106348,101.274856516
2989,163291490966621,101.320716789
2990,163291511846499,101.341596667
2991,163291554296149,101.384046317
2992,163291581672970,101.411423138
2993,163291627221283,101.456971451
2994,163291649626666,101.479376834
2995,163291680440095,101.510190263
2996,163291722486449,101.552236617
2997,163291768813813,101.598563981
2998,163291788463756,101.618213924
2999,163291815298120,101.645048288
3000,163291858917934,101.688668102
3001,163291901784648,101.731534816
3002,163291920785369,101.750535537
3003,163291950733010,101.780483178
3004,163291991480687,101.821230855
3005,163292031153564,101.860903732
3006,163292058259214,101.888009382
3007,163292090937485,101.920687653
3008,163292126381036,101.956131204
3009,163292205770133,102.035520301
3010,163292226478558,102.056228726
3011,163292247388034,102.077138202
3012,163292286442000,102.116192168
3013,163292322693399,102.152443567
3014,163292345268634,102.175018802
3015,163292368884783,102.198634951
3016,163292390755020,102.220505188
3017,163292427833859,102.257584027
3018,163292459039177,102.288789345
3019,163292497738326,102.327488494
3020,163292531899904,102.361650072
3021,163292585289588,102.415039756
3022,163292604411017,102.434161185
3023,163292630915386,102.460665554
3024,163292667022258,102.496772426
3025,163292707584105,102.537334273
3026,163292731108939,102.560859107
3027,163292770261450,102.600011618
3028,163292800609666,102.630359834
3029,163292838154339,102.667904507
3030,163292866911882,102.696662050
3031,163292907572154,102.737322322
3032,163292938695188,102.768445356
3033,163292988670806,102.818420974
3034,163293006913183,102.836663351
3035,163293039979229,102.869729397
3036,163293070929768,102.900679936
3037,163293110216255,102.939966423
3038,163293140799632,102.970549800
3039,163293170824276,103.000574444
3040,163293214717327,103.044467495
3041,163293256060307,103.085810475
3042,163293276283252,103.106033420
3043,163293306865481,103.136615649
3044,163293351657235,103.181407403
3045,163293399418437,103.229168605
3046,163293418938396,103.248688564
3047,163293444036827,103.273786995
3048,163293479244173,103.308994341
3049,163293521681909,103.351432077
3050,163293550302980,103.380053148
3051,163293580703170,103.410453338
3052,163293614340979,103.444091147
3053,163293656541276,103.486291444
3054,163293678746207,103.508496375
3055,163293721614914,103.551365082
3056,163293751312093,103.581062261
3057,163293798577151,103.628327319
3058,163293819331916,103.649082084
3059,163293855180027,103.684930195
3060,163293890066459,103.719816627
3061,163293932522036,103.762272204
3062,163293953585285,103.783335453
3063,163293988536774,103.818286942
3064,163294020460712,103.850210880
3065,163294069051932,103.898802100
3066,163294089018938,103.918769106
3067,163294126667444,103.956417612
3068,163294159908478,103.989658646
3069,163294203738383,104.033488551
3070,163294224912677,104.054662845
3071,163294258386665,104.088136833
3072,163294297738805,104.127488973
3073,163294337650983,104.167401151
3074,163294358884411,104.188634579
3075,163294394648483,104.224398651
3076,163294430762405,104.260512573
3077,163294482409945,104.312160113
3078,163294505235841,104.334986009
3079,163294526780116,104.356530284
3080,163294564616084,104.394366252
3081,163294605897369,104.435647537
3082,163294631396251,104.461146419
3083,163294667377383,104.497127551
3084,163294706055016,104.535805184
3085,163294747817496,104.577567664
3086,163294769221732,104.598971900
3087,163294799372231,104.629122399
3088,163294838997649,104.668747817
3089,163294890785326,104.720535494
3090,163294908991481,104.738741649
3091,163294935798059,104.765548227
3092,163294967271413,104.797021581
3093,163295011638201,104.841388369
3094,163295034767590,104.864517758
3095,163295073199657,104.902949825
3096,163295109090126,104.938840294
3097,163295152973580,104.982723748
3098,163295176428041,105.006178209
3099,163295210650320,105.040400488
3100,163295240243985,105.069994153
3101,163295290542598,105.120292766
3102,163295312479481,105.142229649
3103,163295343703600,105.173453768
3104,163295374572868,105.204323036
3105,163295417710602,105.247460770
3106,163295442943564,105.272693732
3107,163295484051074,105.313801242
3108,163295514680803,105.344430971
3109,163295568959051,105.398709219
3110,163295589857289,105.419607457
3111,163295611217061,105.440967229
3112,163295654272861,105.484023029
3113,163295713857882,105.543608050
3114,163295736272564,105.566022732
3115,163295756234793,105.585984961
3116,163295782923407,105.612673575
3117,163295827547785,105.657297953
3118,163295851214313,105.680964481
3119,163295887510157,105.717260325
3120,163295925916664,105.755666832
3121,163295969347819,105.799097987
3122,163295991478889,105.821229057
3123,163296018549237,105.848299405
3124,163296059392137,105.889142305
3125,163296102340066,105.932090234
3126,163296123549280,105.953299448
3127,163296159827865,105.989578033
3128,163296196101449,106.025851617
3129,163296234580123,106.064330291
3130,163296256066261,106.085816429
3131,163296291766550,106.121516718
3132,163296323987193,106.153737361
3133,163296364319691,106.194069859
3134,163296390941608,106.220691776
3135,163296434539162,106.264289330
3136,163296458710611,106.288460779
3137,163296505130566,106.334880734
3138,163296526943900,106.356694068
3139,163296564951364,106.394701532
3140,163296599999966,106.429750134
3141,163296641296660,106.471046828
3142,163296663254194,106.493004362
3143,163296705938315,106.535688483
3144,163296736627376,106.566377544
3145,163296790327508,106.620077676
3146,163296810016209,106.639766377
3147,163296836013395,106.665763563
3148,163296868273275,106.698023443
3149,163296907669193,106.737419361
3150,163296934970382,106.764720550
3151,163296970683547,106.800433715
3152,163297007768880,106.837519048
3153,163297048850982,106.878601150
3154,163297073079111,106.902829279
3155,163297106387133,106.936137301
3156,163297146445531,106.976195699
3157,163297198501098,107.028251266
3158,163297218172039,107.047922207
3159,163297238786310,107.068536478
3160,163297278066661,107.107816829
3161,163297319227166,107.148977334
3162,163297342666590,107.172416758
3163,163297376966360,107.206716528
3164,163297418551028,107.248301196
3165,163297463777989,107.293528157
3166,163297483984285,107.313734453
3167,163297513280725,107.343030893
3168,163297542548252,107.372298420
3169,163297589737035,107.419487203
3170,163297610851959,107.440602127
3171,163297651948185,107.481698353
3172,163297682504512,107.512254680
3173,163297727458891,107.557209059
3174,163297751866117,107.581616285
3175,163297783063904,107.612814072
3176,163297822074313,107.651824481
3177,163297864103200,107.693853368
3178,163297884367003,107.714117171
3179,163297925080093,107.754830261
3180,163297951446323,107.781196491
3181,163297996723925,107.826474093
3182,163298018622488,107.848372656
3183,163298063113783,107.892863951
3184,163298089251217,107.919001385
3185,163298131318251,107.961068419
3186,163298157103389,107.986853557
3187,163298191154011,108.020904179
3188,163298230408113,108.060158281
3189,163298281140837,108.110891005
3190,163298301296902,108.131047070
3191,163298322834238,108.152584406
3192,163298360459143,108.190209311
3193,163298401347748,108.231097916
3194,163298427099096,108.256849264
3195,163298463591400,108.293341568
3196,163298497689470,108.327439638
3197,163298537212083,108.366962251
3198,163298563656782,108.393406950
3199,163298597093272,108.426843440
3200,163298633882721,108.463632889
3201,163298674050044,108.503800212
3202,163298698629325,108.528379493
3203,163298733234480,108.562984648
3204,163298766982333,108.596732501
3205,163298805223060,108.634973228
3206,163298834971798,108.664721966
3207,163298871581125,108.701331293
3208,163298902110601,108.731860769
3209,163298947269157,108.777019325
3210,163298971886770,108.801636938
3211,163299005198000,108.834948168
3212,163299040906689,108.870656857
3213,163299093729482,108.923479650
3214,163299111467309,108.941217477
3215,163299140882810,108.970632978
3216,163299173904579,109.003654747
3217,163299217071613,109.046821781
3218,163299239073573,109.068823741
3219,163299275335886,109.105086054
3220,163299313138670,109.142888838
3221,163299356453285,109.186203453
3222,163299377149651,109.206899819
3223,163299417760913,109.247511081
3224,163299446925948,109.276676116
3225,163299499054668,109.328804836
3226,163299521528637,109.351278805
3227,163299542657694,109.372407862
3228,163299578485186,109.408235354
3229,163299617246840,109.446997008
3230,163299646616130,109.476366298
3231,163299682100570,109.511850738
3232,163299721803475,109.551553643
3233,163299770987604,109.600737772
3234,163299794589557,109.624339725
3235,163299815117249,109.644867417
3236,163299855849398,109.685599566
3237,163299903437539,109.733187707
3238,163299921824339,109.751574507
3239,163299951440499,109.781190667
3240,163299989220364,109.818970532
3241,163300030447140,109.860197308
3242,163300057498975,109.887249143
3243,163300089581902,109.919332070
3244,163300125255304,109.955005472
3245,163300169542254,109.999292422
3246,163300192952411,110.022702579
3247,163300226322374,110.056072542
3248,163300256538726,110.086288894
3249,163300295730032,110.125480200
3250,163300322534030,110.152284198
3251,163300361264962,110.191015130
3252,163300392292431,110.222042599
3253,163300430017612,110.259767780
3254,163300459619893,110.289370061
3255,163300501753930,110.331504098
3256,163300527142518,110.356892686
3257,163300567909354,110.397659522
3258,163300594800039,110.424550207
3259,163300638394289,110.468144457
3260,163300663675103,110.493425271
3261,163300703173273,110.532923441
3262,163300739448185,110.569198353
3263,163300762541529,110.592291697
3264,163300805784589,110.635534757
3265,163300830954379,110.660704547
3266,163300867738355,110.697488523
3267,163300901314737,110.731064905
3268,163300938261699,110.768011867
3269,163300966473168,110.796223336
3270,163301005181463,110.834931631
3271,163301043227857,110.872978025
3272,163301070926046,110.900676214
3273,163301107127423,110.936877591
3274,163301141105753,110.970855921
3275,163301185684796,111.015434964
3276,163301206700081,111.036450249
3277,163301240712545,111.070462713
3278,163301278535373,111.108285541
3279,163301322431567,111.152181735
3280,163301342421006,111.172171174
3281,163301374940126,111.204690294
3282,163301409842643,111.239592811
3283,163301446496391,111.276246559
3284,163301475073538,111.304823706
3285,163301516546045,111.346296213
3286,163301546780195,111.376530363
3287,163301594165921,111.423916089
3288,163301614106596,111.443856764
3289,163301648668582,111.478418750
3290,163301680799259,111.510549427
3291,163301716550709,111.546300877
3292,163301751444833,111.581195001
3293,163301790430409,111.620180577
3294,163301814491765,111.644241933
3295,163301850428385,111.680178553
3296,163301885409515,111.715159683
3297,163301921523232,111.751273400
3298,163301953758270,111.783508438
3299,163301995601022,111.825351190
3300,163302018727024,111.848477192
3301,163302052180746,111.881930914
3302,163302090132451,111.919882619
3303,163302128501090,111.958251258
3304,163302155827556,111.985577724
3305,163302190972977,112.020723145
3306,163302230316455,112.060066623
3307,163302276135294,112.105885462
3308,163302296392971,112.126143139
3309,163302324014332,112.153764500
3310,163302359372988,112.189123156
3311,163302396395925,112.226146093
3312,163302428374180,112.258124348
3313,163302460529601,112.290279769
3314,163302501830086,112.331580254
3315,163302553558820,112.383308988
3316,163302578102191,112.407852359
3317,163302596134656,112.425884824
3318,163302633150939,112.462901107
3319,163302680619265,112.510369433
3320,163302702174321,112.531924489
3321,163302731511831,112.561261999
3322,163302765904271,112.595654439
3323,163302806985204,112.636735372
3324,163302831072176,112.660822344
3325,163302867413323,112.697163491
3326,163302905053520,112.734803688
3327,163302943324820,112.773074988
3328,163302967208057,112.796958225
3329,163303008292259,112.838042427
3330,163303036404297,112.866154465
3331,163303081801789,112.911551957
3332,163303102328393,112.932078561
3333,163303142572874,112.972323042
3334,163303171828855,113.001579023
3335,163303210503291,113.040253459
3336,163303239868360,113.069618528
3337,163303278996128,113.108746296
3338,163303312884752,113.142634920
3339,163303349525265,113.179275433
3340,163303374286862,113.204037030
3341,163303408485730,113.238235898
3342,163303449788695,113.279538863
3343,163303501635582,113.331385750
3344,163303520266085,113.350016253
3345,163303544440481,113.374190649
3346,163303584457496,113.414207664
3347,163303629473083,113.459223251
3348,163303652229393,113.481979561
3349,163303681062503,113.510812671
3350,163303717885336,113.547635504
3351,163303757381077,113.587131245
3352,163303783769013,113.613519181
3353,163303819863283,113.649613451
3354,163303855168370,113.684918538
3355,163303896857714,113.726607882
3356,163303918402641,113.748152809
3357,163303951950492,113.781700660
3358,163303985700087,113.815450255
3359,163304027059324,113.856809492
3360,163304050673281,113.880423449
3361,163304093448621,113.923198789
3362,163304124431337,113.954181505
3363,163304168899077,113.998649245
3364,163304188333052,114.018083220
3365,163304229352339,114.059102507
3366,163304258526696,114.088276864
3367,163304304715285,114.134465453
3368,163304322698999,114.152449167
3369,163304360698167,114.190448335
3370,163304392702039,114.222452207
3371,163304432709896,114.262460064
3372,163304461583055,114.291333223
3373,163304499577374,114.329327542
3374,163304527993001,114.357743169
3375,163304569141415,114.398891583
3376,163304597337945,114.427088113
3377,163304630872266,114.460622434
3378,163304688623554,114.518373722
3379,163304732187493,114.561937661
3380,163304753801231,114.583551399
3381,163304771298650,114.601048818
3382,163304798241133,114.627991301
3383,163304837066807,114.666816975
3384,163304866380833,114.696131001
3385,163304900102890,114.729853058
3386,163304941072538,114.770822706
3387,163304984278532,114.814028700
3388,163305002277111,114.832027279
3389,163305034328139,114.864078307
3390,163305071675551,114.901425719
3391,163305111565862,114.941316030
3392,163305140145049,114.969895217
3393,163305170267558,115.000017726
3394,163305209800010,115.039550178
3395,163305245742079,115.075492247
3396,163305274544296,115.104294464
3397,163305313161260,115.142911428
3398,163305343450954,115.173201122
3399,163305392287547,115.222037715
3400,163305410359747,115.240109915
3401,163305449080374,115.278830542
3402,163305474433700,115.304183868
3403,163305510942201,115.340692369
3404,163305544400367,115.374150535
3405,163305578434137,115.408184305
3406,163305610601350,115.440351518
3407,163305666214633,115.495964801
3408,163305690141790,115.519891958
3409,163305714450929,115.544201097
3410,163305753802346,115.583552514
3411,163305813159356,115.642909524
3412,163305832926164,115.662676332
3413,163305852806143,115.682556311
3414,163305886319330,115.716069498
3415,163305927096861,115.756847029
3416,163305950739874,115.780490042
3417,163305982780264,115.812530432
3418,163306023146476,115.852896644
3419,163306065240662,115.894990830
3420,163306086403440,115.916153608
3421,163306120104877,115.949855045
3422,163306159091044,115.988841212
3423,163306199338219,116.029088387
3424,163306223728155,116.053478323
3425,163306257318006,116.087068174
3426,163306297699181,116.127449349
3427,163306342663833,116.172414001
3428,163306364365926,116.194116094
3429,163306392675271,116.222425439
3430,163306434279856,116.264030024
3431,163306484786351,116.314536519
3432,163306503128035,116.332878203
3433,163306526280963,116.356031131
3434,163306567246877,116.396997045
3435,163306610774751,116.440524919
3436,163306628813194,116.458563362
3437,163306662258220,116.492008388
3438,163306695467197,116.525217365
3439,163306736034051,116.565784219
3440,163306762361298,116.592111466
3441,163306806335447,116.636085615
3442,163306835186411,116.664936579
3443,163306887058997,116.716809165
3444,163306903328121,116.733078289
3445,163306935933181,116.765683349
3446,163306967843481,116.797593649
3447,163307005203222,116.834953390
3448,163307034499540,116.864249708
3449,163307071868754,116.901618922
3450,163307102822076,116.932572244
3451,163307139619342,116.969369510
3452,163307171454124,117.001204292
3453,163307211164345,117.040914513
3454,163307243683628,117.073433796
3455,163307300632673,117.130382841
3456,163307320012962,117.149763130
3457,163307338349516,117.168099684
3458,163307374225178,117.203975346
3459,163307414580910,117.244331078
3460,163307442290776,117.272040944
3461,163307475204188,117.304954356
3462,163307516998220,117.346748388
3463,163307560835837,117.390586005
3464,163307582982827,117.412732995
3465,163307611735470,117.441485638
3466,163307654289748,117.484039916
3467,163307713530176,117.543280344
3468,163307735194402,117.564944570
3469,163307753982360,117.583732528
3470,163307785247386,117.614997554
3471,163307829096158,117.658846326
3472,163307856959360,117.686709528
3473,163307882630303,117.712380471
3474,163307917038134,117.746788302
3475,163307955534532,117.785284700
3476,163307984894801,117.814644969
3477,163308024288661,117.854038829
3478,163308052063968,117.881814136
3479,163308093138319,117.922888487
3480,163308118959754,117.948709922
3481,163308161456716,117.991206884
3482,163308186642899,118.016393067
3483,163308225748331,118.055498499
3484,163308256546636,118.086296804
3485,163308294138735,118.123888903
3486,163308324232411,118.153982579
3487,163308365072495,118.194822663
3488,163308390656430,118.220406598
3489,163308434107316,118.263857484
3490,163308458564383,118.288314551
3491,163308496223045,118.325973213
3492,163308527924472,118.357674640
3493,163308564020539,118.393770707
3494,163308595063840,118.424814008
3495,163308643828349,118.473578517
3496,163308670512617,118.500262785
3497,163308694881969,118.524632137
3498,163308734714339,118.564464507
3499,163308777371962,118.607122130
3500,163308798468306,118.628218474
3501,163308837981546,118.667731714
3502,163308869365374,118.699115542
3503,163308912264076,118.742014244
3504,163308934182540,118.763932708
3505,163308970347254,118.800097422
3506,163309010124353,118.839874521
3507,163309049721161,118.879471329
3508,163309071106775,118.900856943
3509,163309109544957,118.939295125
3510,163309145802875,118.975553043
3511,163309186536030,119.016286198
3512,163309221829428,119.051579596
3513,163309241546962,119.071297130
3514,163309270233537,119.099983705
3515,163309307123279,119.136873447
3516,163309345440511,119.175190679
3517,163309387097703,119.216847871
3518,163309411985695,119.241735863
3519,163309443145455,119.272895623
3520,163309474299435,119.304049603
3521,163309513281883,119.343032051
3522,163309544224561,119.373974729
3523,163309582647989,119.412398157
3524,163309610651079,119.440401247
3525,163309650832087,119.480582255
3526,163309682039121,119.511789289
3527,163309717735682,119.547485850
3528,163309747128929,119.576879097
3529,163309791591271,119.621341439
3530,163309814184980,119.643935148
3531,163309849954463,119.679704631
3532,163309888768467,119.718518635
3533,163309937737981,119.767488149
3534,163309960976650,119.790726818
3535,163309982420148,119.812170316
3536,163310021126309,119.850876477
3537,163310063703812,119.893453980
3538,163310086146000,119.915896168
3539,163310124572804,119.954322972
3540,163310161121677,119.990871845
3541,163310211208146,120.040958314
