# timestamp(s) q p v bg ba cam_imu_dt num_cam cam0_k cam0_d cam0_rot cam0_trans ... imu_model dw da tg wtoI atoI etc
1700000008.13492 0.271775 0.059319 -0.960443 0.012973 -0.003956 0.013301 -0.000636 -0.025649 0.089206 -0.005501 0.000810 -0.000278 -0.002204 -0.005541 -0.002573 0.006017 0.0000000 1 418.629359 418.629359 505.740581 286.574774 -0.020453 -0.024926 0.019510 -0.005656 -0.660094 0.642445 -0.268559 0.281810 -0.062419 0.031365 0.062150 0 1.00000000 0.00000000 0.00000000 1.00000000 0.00000000 1.00000000 1.00000000 0.00000000 0.00000000 1.00000000 0.00000000 1.00000000 0.00000000 0.00000000 0.00000000 0.00000000 0.00000000 0.00000000 0.00000000 0.00000000 0.00000000 0.00000000 0.00000000 0.00000000 1.00000000 0.00000000 0.00000000 0.00000000 1.00000000 
1700000008.16882 0.271954 0.059595 -0.960403 0.010724 -0.005284 0.016604 -0.003783 -0.029589 0.096558 -0.017230 0.000799 -0.000296 -0.002215 -0.038153 0.017297 -0.009288 0.0000000 1 418.629359 418.629359 505.740581 286.574774 -0.020453 -0.024926 0.019510 -0.005656 -0.660094 0.642445 -0.268559 0.281810 -0.062419 0.031365 0.062150 0 1.00000000 0.00000000 0.00000000 1.00000000 0.00000000 1.00000000 1.00000000 0.00000000 0.00000000 1.00000000 0.00000000 1.00000000 0.00000000 0.00000000 0.00000000 0.00000000 0.00000000 0.00000000 0.00000000 0.00000000 0.00000000 0.00000000 0.00000000 0.00000000 1.00000000 0.00000000 0.00000000 0.00000000 1.00000000 
1700000008.20271 0.271875 0.059137 -0.960470 0.009148 -0.004939 0.016675 -0.000141 -0.028397 0.091621 -0.000321 0.000835 -0.000177 -0.002366 -0.070030 0.065028 -0.011610 0.0000000 1 418.629359 418.629359 505.740581 286.574774 -0.020453 -0.024926 0.019510 -0.005656 -0.660094 0.642445 -0.268559 0.281810 -0.062419 0.031365 0.062150 0 1.00000000 0.00000000 0.00000000 1.00000000 0.00000000 1.00000000 1.00000000 0.00000000 0.00000000 1.00000000 0.00000000 1.00000000 0.00000000 0.00000000 0.00000000 0.00000000 0.00000000 0.00000000 0.00000000 0.00000000 0.00000000 0.00000000 0.00000000 0.00000000 1.00000000 0.00000000 0.00000000 0.00000000 1.00000000 
1700000008.23661 0.271793 0.059570 -0.960480 0.007641 -0.005960 0.019818 -0.000209 -0.031539 0.094011 -0.003530 0.000835 -0.000177 -0.002366 -0.070030 0.065028 -0.011610 0.0000000 1 418.629359 418.629359 505.740581 286.574774 -0.020453 -0.024926 0.019510 -0.005656 -0.660094 0.642445 -0.268559 0.281810 -0.062419 0.031365 0.062150 0 1.00000000 0.00000000 0.00000000 1.00000000 0.00000000 1.00000000 1.00000000 0.00000000 0.00000000 1.00000000 0.00000000 1.00000000 0.00000000 0.00000000 0.00000000 0.00000000 0.00000000 0.00000000 0.00000000 0.00000000 0.00000000 0.00000000 0.00000000 0.00000000 1.00000000 0.00000000 0.00000000 0.00000000 1.00000000 
1700000008.27050 0.271565 0.060379 -0.960508 0.005558 -0.007075 0.023042 -0.000342 -0.034102 0.096261 -0.003932 0.000835 -0.000177 -0.002366 -0.070030 0.065028 -0.011610 0.0000000 1 418.629359 418.629359 505.740581 286.574774 -0.020453 -0.024926 0.019510 -0.005656 -0.660094 0.642445 -0.268559 0.281810 -0.062419 0.031365 0.062150 0 1.00000000 0.00000000 0.00000000 1.00000000 0.00000000 1.00000000 1.00000000 0.00000000 0.00000000 1.00000000 0.00000000 1.00000000 0.00000000 0.00000000 0.00000000 0.00000000 0.00000000 0.00000000 0.00000000 0.00000000 0.00000000 0.00000000 0.00000000 0.00000000 1.00000000 0.00000000 0.00000000 0.00000000 1.00000000 
1700000008.30440 0.271225 0.061294 -0.960556 0.003378 -0.008211 0.026797 -0.001044 -0.033586 0.099986 -0.009244 0.000955 -0.000143 -0.002344 -0.080284 0.052491 0.018661 0.0000000 1 418.629359 418.629359 505.740581 286.574774 -0.020453 -0.024926 0.019510 -0.005656 -0.660094 0.642445 -0.268559 0.281810 -0.062419 0.031365 0.062150 0 1.00000000 0.00000000 0.00000000 1.00000000 0.00000000 1.00000000 1.00000000 0.00000000 0.00000000 1.00000000 0.00000000 1.00000000 0.00000000 0.00000000 0.00000000 0.00000000 0.00000000 0.00000000 0.00000000 0.00000000 0.00000000 0.00000000 0.00000000 0.00000000 1.00000000 0.00000000 0.00000000 0.00000000 1.00000000 
1700000008.33829 0.270740 0.061783 -0.960667 0.001344 -0.009391 0.030252 -0.001344 -0.036280 0.103490 -0.009066 0.000955 -0.000143 -0.002344 -0.080284 0.052491 0.018661 0.0000000 1 418.629359 418.629359 505.740581 286.574774 -0.020453 -0.024926 0.019510 -0.005656 -0.660094 0.642445 -0.268559 0.281810 -0.062419 0.031365 0.062150 0 1.00000000 0.00000000 0.00000000 1.00000000 0.00000000 1.00000000 1.00000000 0.00000000 0.00000000 1.00000000 0.00000000 1.00000000 0.00000000 0.00000000 0.00000000 0.00000000 0.00000000 0.00000000 0.00000000 0.00000000 0.00000000 0.00000000 0.00000000 0.00000000 1.00000000 0.00000000 0.00000000 0.00000000 1.00000000 
1700000008.37219 -0.270372 -0.063401 0.960666 0.000707 -0.008002 0.028105 -0.002163 -0.013865 0.063449 -0.008495 0.001942 0.000574 -0.002331 -0.008236 -0.063104 0.037455 0.0000000 1 418.629359 418.629359 505.740581 286.574774 -0.020453 -0.024926 0.019510 -0.005656 -0.660094 0.642445 -0.268559 0.281810 -0.062419 0.031365 0.062150 0 1.00000000 0.00000000 0.00000000 1.00000000 0.00000000 1.00000000 1.00000000 0.00000000 0.00000000 1.00000000 0.00000000 1.00000000 0.00000000 0.00000000 0.00000000 0.00000000 0.00000000 0.00000000 0.00000000 0.00000000 0.00000000 0.00000000 0.00000000 0.00000000 1.00000000 0.00000000 0.00000000 0.00000000 1.00000000 
1700000008.40609 -0.269874 -0.064147 0.960754 0.002216 -0.008445 0.030247 -0.002464 -0.012325 0.062769 -0.009863 0.001942 0.000574 -0.002331 -0.008236 -0.063104 0.037455 0.0000000 1 418.629359 418.629359 505.740581 286.574774 -0.020453 -0.024926 0.019510 -0.005656 -0.660094 0.642445 -0.268559 0.281810 -0.062419 0.031365 0.062150 0 1.00000000 0.00000000 0.00000000 1.00000000 0.00000000 1.00000000 1.00000000 0.00000000 0.00000000 1.00000000 0.00000000 1.00000000 0.00000000 0.00000000 0.00000000 0.00000000 0.00000000 0.00000000 0.00000000 0.00000000 0.00000000 0.00000000 0.00000000 0.00000000 1.00000000 0.00000000 0.00000000 0.00000000 1.00000000 
1700000008.43998 -0.269626 -0.064956 0.960765 0.003684 -0.010091 0.032295 -0.002344 -0.022887 0.064245 -0.011765 0.000784 -0.000781 -0.002159 -0.031181 -0.062938 0.027884 0.0000000 1 418.629359 418.629359 505.740581 286.574774 -0.020453 -0.024926 0.019510 -0.005656 -0.660094 0.642445 -0.268559 0.281810 -0.062419 0.031365 0.062150 0 1.00000000 0.00000000 0.00000000 1.00000000 0.00000000 1.00000000 1.00000000 0.00000000 0.00000000 1.00000000 0.00000000 1.00000000 0.00000000 0.00000000 0.00000000 0.00000000 0.00000000 0.00000000 0.00000000 0.00000000 0.00000000 0.00000000 0.00000000 0.00000000 1.00000000 0.00000000 0.00000000 0.00000000 1.00000000 
1700000008.47388 -0.268018 -0.065720 0.961155 0.005364 -0.009426 0.033552 -0.000941 -0.030287 0.076576 -0.004114 0.000188 0.000126 -0.001122 -0.045542 -0.030522 0.000958 0.0000000 1 418.629359 418.629359 505.740581 286.574774 -0.020453 -0.024926 0.019510 -0.005656 -0.660094 0.642445 -0.268559 0.281810 -0.062419 0.031365 0.062150 0 1.00000000 0.00000000 0.00000000 1.00000000 0.00000000 1.00000000 1.00000000 0.00000000 0.00000000 1.00000000 0.00000000 1.00000000 0.00000000 0.00000000 0.00000000 0.00000000 0.00000000 0.00000000 0.00000000 0.00000000 0.00000000 0.00000000 0.00000000 0.00000000 1.00000000 0.00000000 0.00000000 0.00000000 1.00000000 
1700000008.50777 -0.266701 -0.067819 0.961361 0.007515 -0.010011 0.036397 -0.001256 -0.027998 0.076788 -0.009275 0.000879 0.001027 -0.000958 -0.036180 -0.028503 0.015587 0.0000000 1 418.629359 418.629359 505.740581 286.574774 -0.020453 -0.024926 0.019510 -0.005656 -0.660094 0.642445 -0.268559 0.281810 -0.062419 0.031365 0.062150 0 1.00000000 0.00000000 0.00000000 1.00000000 0.00000000 1.00000000 1.00000000 0.00000000 0.00000000 1.00000000 0.00000000 1.00000000 0.00000000 0.00000000 0.00000000 0.00000000 0.00000000 0.00000000 0.00000000 0.00000000 0.00000000 0.00000000 0.00000000 0.00000000 1.00000000 0.00000000 0.00000000 0.00000000 1.00000000 
1700000008.54167 -0.266301 -0.069002 0.961368 0.009692 -0.011307 0.038840 -0.001973 -0.034271 0.076648 -0.009555 0.000393 0.000931 -0.001028 -0.040354 -0.034998 0.012461 0.0000000 1 418.629359 418.629359 505.740581 286.574774 -0.020453 -0.024926 0.019510 -0.005656 -0.660094 0.642445 -0.268559 0.281810 -0.062419 0.031365 0.062150 0 1.00000000 0.00000000 0.00000000 1.00000000 0.00000000 1.00000000 1.00000000 0.00000000 0.00000000 1.00000000 0.00000000 1.00000000 0.00000000 0.00000000 0.00000000 0.00000000 0.00000000 0.00000000 0.00000000 0.00000000 0.00000000 0.00000000 0.00000000 0.00000000 1.00000000 0.00000000 0.00000000 0.00000000 1.00000000 
1700000008.57556 -0.263804 -0.070013 0.961943 0.013085 -0.010919 0.041695 -0.002487 -0.022786 0.083145 -0.001822 -0.001631 0.005427 0.001990 -0.032201 -0.010140 -0.008753 0.0000000 1 418.629359 418.629359 505.740581 286.574774 -0.020453 -0.024926 0.019510 -0.005656 -0.660094 0.642445 -0.268559 0.281810 -0.062419 0.031365 0.062150 0 1.00000000 0.00000000 0.00000000 1.00000000 0.00000000 1.00000000 1.00000000 0.00000000 0.00000000 1.00000000 0.00000000 1.00000000 0.00000000 0.00000000 0.00000000 0.00000000 0.00000000 0.00000000 0.00000000 0.00000000 0.00000000 0.00000000 0.00000000 0.00000000 1.00000000 0.00000000 0.00000000 0.00000000 1.00000000 
1700000008.60946 -0.262590 -0.071338 0.962154 0.014725 -0.011387 0.044564 -0.002874 -0.022069 0.081683 -0.003908 0.000799 0.007838 0.001181 -0.036639 -0.007769 -0.011838 0.0000000 1 418.629359 418.629359 505.740581 286.574774 -0.020453 -0.024926 0.019510 -0.005656 -0.660094 0.642445 -0.268559 0.281810 -0.062419 0.031365 0.062150 0 1.00000000 0.00000000 0.00000000 1.00000000 0.00000000 1.00000000 1.00000000 0.00000000 0.00000000 1.00000000 0.00000000 1.00000000 0.00000000 0.00000000 0.00000000 0.00000000 0.00000000 0.00000000 0.00000000 0.00000000 0.00000000 0.00000000 0.00000000 0.00000000 1.00000000 0.00000000 0.00000000 0.00000000 1.00000000 
1700000008.64335 -0.262648 -0.071847 0.962062 0.017023 -0.012294 0.047313 -0.002976 -0.024513 0.078248 -0.006365 0.000742 0.007315 0.000845 -0.033932 -0.011199 -0.009349 0.0000000 1 418.629359 418.629359 505.740581 286.574774 -0.020453 -0.024926 0.019510 -0.005656 -0.660094 0.642445 -0.268559 0.281810 -0.062419 0.031365 0.062150 0 1.00000000 0.00000000 0.00000000 1.00000000 0.00000000 1.00000000 1.00000000 0.00000000 0.00000000 1.00000000 0.00000000 1.00000000 0.00000000 0.00000000 0.00000000 0.00000000 0.00000000 0.00000000 0.00000000 0.00000000 0.00000000 0.00000000 0.00000000 0.00000000 1.00000000 0.00000000 0.00000000 0.00000000 1.00000000 
1700000008.67725 -0.262627 -0.072188 0.961998 0.019396 -0.013126 0.049974 -0.003180 -0.026089 0.077816 -0.003248 0.000618 0.007532 0.000785 -0.034716 -0.011514 -0.010878 0.0000000 1 418.629359 418.629359 505.740581 286.574774 -0.020453 -0.024926 0.019510 -0.005656 -0.660094 0.642445 -0.268559 0.281810 -0.062419 0.031365 0.062150 0 1.00000000 0.00000000 0.00000000 1.00000000 0.00000000 1.00000000 1.00000000 0.00000000 0.00000000 1.00000000 0.00000000 1.00000000 0.00000000 0.00000000 0.00000000 0.00000000 0.00000000 0.00000000 0.00000000 0.00000000 0.00000000 0.00000000 0.00000000 0.00000000 1.00000000 0.00000000 0.00000000 0.00000000 1.00000000 
1700000008.71115 -0.263129 -0.071299 0.961874 0.021849 -0.014004 0.052621 -0.003211 -0.025161 0.078041 0.000981 0.000618 0.007532 0.000785 -0.034716 -0.011514 -0.010878 0.0000000 1 418.629359 418.629359 505.740581 286.574774 -0.020453 -0.024926 0.019510 -0.005656 -0.660094 0.642445 -0.268559 0.281810 -0.062419 0.031365 0.062150 0 1.00000000 0.00000000 0.00000000 1.00000000 0.00000000 1.00000000 1.00000000 0.00000000 0.00000000 1.00000000 0.00000000 1.00000000 0.00000000 0.00000000 0.00000000 0.00000000 0.00000000 0.00000000 0.00000000 0.00000000 0.00000000 0.00000000 0.00000000 0.00000000 1.00000000 0.00000000 0.00000000 0.00000000 1.00000000 
1700000008.74504 -0.263714 -0.069907 0.961767 0.023917 -0.014797 0.055234 -0.003164 -0.021162 0.075957 0.001037 0.000618 0.007532 0.000785 -0.034716 -0.011514 -0.010878 0.0000000 1 418.629359 418.629359 505.740581 286.574774 -0.020453 -0.024926 0.019510 -0.005656 -0.660094 0.642445 -0.268559 0.281810 -0.062419 0.031365 0.062150 0 1.00000000 0.00000000 0.00000000 1.00000000 0.00000000 1.00000000 1.00000000 0.00000000 0.00000000 1.00000000 0.00000000 1.00000000 0.00000000 0.00000000 0.00000000 0.00000000 0.00000000 0.00000000 0.00000000 0.00000000 0.00000000 0.00000000 0.00000000 0.00000000 1.00000000 0.00000000 0.00000000 0.00000000 1.00000000 
1700000008.77894 -0.263992 -0.068451 0.961752 0.025617 -0.015551 0.058290 -0.004166 -0.017380 0.078981 -0.007456 0.000718 0.007561 0.000721 -0.044800 -0.019847 -0.004821 0.0000000 1 418.629359 418.629359 505.740581 286.574774 -0.020453 -0.024926 0.019510 -0.005656 -0.660094 0.642445 -0.268559 0.281810 -0.062419 0.031365 0.062150 0 1.00000000 0.00000000 0.00000000 1.00000000 0.00000000 1.00000000 1.00000000 0.00000000 0.00000000 1.00000000 0.00000000 1.00000000 0.00000000 0.00000000 0.00000000 0.00000000 0.00000000 0.00000000 0.00000000 0.00000000 0.00000000 0.00000000 0.00000000 0.00000000 1.00000000 0.00000000 0.00000000 0.00000000 1.00000000 
1700000008.81283 -0.263519 -0.069472 0.961714 0.028929 -0.012728 0.060885 -0.003443 0.006480 0.074330 -0.003990 -0.000203 0.007869 0.002583 -0.022448 0.005533 0.001312 0.0000000 1 418.629359 418.629359 505.740581 286.574774 -0.020453 -0.024926 0.019510 -0.005656 -0.660094 0.642445 -0.268559 0.281810 -0.062419 0.031365 0.062150 0 1.00000000 0.00000000 0.00000000 1.00000000 0.00000000 1.00000000 1.00000000 0.00000000 0.00000000 1.00000000 0.00000000 1.00000000 0.00000000 0.00000000 0.00000000 0.00000000 0.00000000 0.00000000 0.00000000 0.00000000 0.00000000 0.00000000 0.00000000 0.00000000 1.00000000 0.00000000 0.00000000 0.00000000 1.00000000 
1700000008.84673 -0.265501 -0.069857 0.961044 0.031989 -0.016377 0.062661 -0.002102 -0.012256 0.070258 0.002650 -0.000431 0.002562 0.005405 -0.022342 -0.010514 -0.008097 0.0000000 1 418.629359 418.629359 505.740581 286.574774 -0.020453 -0.024926 0.019510 -0.005656 -0.660094 0.642445 -0.268559 0.281810 -0.062419 0.031365 0.062150 0 1.00000000 0.00000000 0.00000000 1.00000000 0.00000000 1.00000000 1.00000000 0.00000000 0.00000000 1.00000000 0.00000000 1.00000000 0.00000000 0.00000000 0.00000000 0.00000000 0.00000000 0.00000000 0.00000000 0.00000000 0.00000000 0.00000000 0.00000000 0.00000000 1.00000000 0.00000000 0.00000000 0.00000000 1.00000000 
1700000008.88062 -0.264793 -0.071282 0.961052 0.034393 -0.015839 0.064766 -0.000493 -0.008023 0.073802 0.012640 -0.000379 0.002093 0.006735 -0.024504 0.009821 -0.017297 0.0000000 1 418.629359 418.629359 505.740581 286.574774 -0.020453 -0.024926 0.019510 -0.005656 -0.660094 0.642445 -0.268559 0.281810 -0.062419 0.031365 0.062150 0 1.00000000 0.00000000 0.00000000 1.00000000 0.00000000 1.00000000 1.00000000 0.00000000 0.00000000 1.00000000 0.00000000 1.00000000 0.00000000 0.00000000 0.00000000 0.00000000 0.00000000 0.00000000 0.00000000 0.00000000 0.00000000 0.00000000 0.00000000 0.00000000 1.00000000 0.00000000 0.00000000 0.00000000 1.00000000 
1700000008.91452 -0.264643 -0.071240 0.961046 0.035768 -0.016154 0.067438 -0.000310 -0.006610 0.076094 0.008662 -0.000024 0.002055 0.006903 -0.032238 0.004733 -0.015524 0.0000000 1 418.629359 418.629359 505.740581 286.574774 -0.020453 -0.024926 0.019510 -0.005656 -0.660094 0.642445 -0.268559 0.281810 -0.062419 0.031365 0.062150 0 1.00000000 0.00000000 0.00000000 1.00000000 0.00000000 1.00000000 1.00000000 0.00000000 0.00000000 1.00000000 0.00000000 1.00000000 0.00000000 0.00000000 0.00000000 0.00000000 0.00000000 0.00000000 0.00000000 0.00000000 0.00000000 0.00000000 0.00000000 0.00000000 1.00000000 0.00000000 0.00000000 0.00000000 1.00000000 
1700000008.94841 -0.262635 -0.070196 0.961657 0.036213 -0.016908 0.069935 -0.002050 -0.010745 0.076910 -0.005079 0.000149 0.005395 0.007328 -0.054403 -0.040739 -0.020644 0.0000000 1 418.629359 418.629359 505.740581 286.574774 -0.020453 -0.024926 0.019510 -0.005656 -0.660094 0.642445 -0.268559 0.281810 -0.062419 0.031365 0.062150 0 1.00000000 0.00000000 0.00000000 1.00000000 0.00000000 1.00000000 1.00000000 0.00000000 0.00000000 1.00000000 0.00000000 1.00000000 0.00000000 0.00000000 0.00000000 0.00000000 0.00000000 0.00000000 0.00000000 0.00000000 0.00000000 0.00000000 0.00000000 0.00000000 1.00000000 0.00000000 0.00000000 0.00000000 1.00000000 
1700000008.98231 -0.261960 -0.072869 0.961586 0.037681 -0.017260 0.072524 -0.002538 -0.004682 0.071107 -0.001285 -0.000701 0.005558 0.006901 -0.034711 -0.022888 -0.010549 0.0000000 1 418.629359 418.629359 505.740581 286.574774 -0.020453 -0.024926 0.019510 -0.005656 -0.660094 0.642445 -0.268559 0.281810 -0.062419 0.031365 0.062150 0 1.00000000 0.00000000 0.00000000 1.00000000 0.00000000 1.00000000 1.00000000 0.00000000 0.00000000 1.00000000 0.00000000 1.00000000 0.00000000 0.00000000 0.00000000 0.00000000 0.00000000 0.00000000 0.00000000 0.00000000 0.00000000 0.00000000 0.00000000 0.00000000 1.00000000 0.00000000 0.00000000 0.00000000 1.00000000 
1700000009.01621 -0.261429 -0.073698 0.961625 0.038743 -0.017935 0.074973 -0.002981 -0.012870 0.069868 -0.000917 -0.001337 0.005495 0.005646 -0.028582 -0.042692 -0.008539 0.0000000 1 418.629359 418.629359 505.740581 286.574774 -0.020453 -0.024926 0.019510 -0.005656 -0.660094 0.642445 -0.268559 0.281810 -0.062419 0.031365 0.062150 0 1.00000000 0.00000000 0.00000000 1.00000000 0.00000000 1.00000000 1.00000000 0.00000000 0.00000000 1.00000000 0.00000000 1.00000000 0.00000000 0.00000000 0.00000000 0.00000000 0.00000000 0.00000000 0.00000000 0.00000000 0.00000000 0.00000000 0.00000000 0.00000000 1.00000000 0.00000000 0.00000000 0.00000000 1.00000000 
1700000009.05010 -0.260422 -0.074829 0.961736 0.040568 -0.018361 0.077353 -0.002929 -0.012264 0.070224 0.003849 -0.001337 0.005495 0.005646 -0.028582 -0.042692 -0.008539 0.0000000 1 418.629359 418.629359 505.740581 286.574774 -0.020453 -0.024926 0.019510 -0.005656 -0.660094 0.642445 -0.268559 0.281810 -0.062419 0.031365 0.062150 0 1.00000000 0.00000000 0.00000000 1.00000000 0.00000000 1.00000000 1.00000000 0.00000000 0.00000000 1.00000000 0.00000000 1.00000000 0.00000000 0.00000000 0.00000000 0.00000000 0.00000000 0.00000000 0.00000000 0.00000000 0.00000000 0.00000000 0.00000000 0.00000000 1.00000000 0.00000000 0.00000000 0.00000000 1.00000000 
1700000009.08400 -0.259758 -0.075336 0.961808 0.042144 -0.018833 0.079715 -0.002905 -0.016410 0.067742 0.002435 -0.001218 0.005387 0.005666 -0.029053 -0.043850 -0.006618 0.0000000 1 418.629359 418.629359 505.740581 286.574774 -0.020453 -0.024926 0.019510 -0.005656 -0.660094 0.642445 -0.268559 0.281810 -0.062419 0.031365 0.062150 0 1.00000000 0.00000000 0.00000000 1.00000000 0.00000000 1.00000000 1.00000000 0.00000000 0.00000000 1.00000000 0.00000000 1.00000000 0.00000000 0.00000000 0.00000000 0.00000000 0.00000000 0.00000000 0.00000000 0.00000000 0.00000000 0.00000000 0.00000000 0.00000000 1.00000000 0.00000000 0.00000000 0.00000000 1.00000000 
1700000009.11789 -0.258681 -0.073861 0.962178 0.042913 -0.020731 0.083583 -0.003651 -0.027664 0.075101 -0.002035 -0.001464 0.005232 0.003935 -0.052086 -0.071940 -0.018789 0.0000000 1 418.629359 418.629359 505.740581 286.574774 -0.020453 -0.024926 0.019510 -0.005656 -0.660094 0.642445 -0.268559 0.281810 -0.062419 0.031365 0.062150 0 1.00000000 0.00000000 0.00000000 1.00000000 0.00000000 1.00000000 1.00000000 0.00000000 0.00000000 1.00000000 0.00000000 1.00000000 0.00000000 0.00000000 0.00000000 0.00000000 0.00000000 0.00000000 0.00000000 0.00000000 0.00000000 0.00000000 0.00000000 0.00000000 1.00000000 0.00000000 0.00000000 0.00000000 1.00000000 
1700000009.15179 -0.257725 -0.075669 0.962172 0.045583 -0.021450 0.085532 -0.002244 -0.025774 0.067018 0.007345 -0.000665 0.004976 0.004381 -0.053845 -0.048166 -0.026795 0.0000000 1 418.629359 418.629359 505.740581 286.574774 -0.020453 -0.024926 0.019510 -0.005656 -0.660094 0.642445 -0.268559 0.281810 -0.062419 0.031365 0.062150 0 1.00000000 0.00000000 0.00000000 1.00000000 0.00000000 1.00000000 1.00000000 0.00000000 0.00000000 1.00000000 0.00000000 1.00000000 0.00000000 0.00000000 0.00000000 0.00000000 0.00000000 0.00000000 0.00000000 0.00000000 0.00000000 0.00000000 0.00000000 0.00000000 1.00000000 0.00000000 0.00000000 0.00000000 1.00000000 
1700000009.18568 -0.257879 -0.076658 0.961945 0.047785 -0.022299 0.087583 -0.002048 -0.021641 0.060831 0.004248 -0.000120 0.004314 0.004196 -0.050581 -0.042526 -0.021385 0.0000000 1 418.629359 418.629359 505.740581 286.574774 -0.020453 -0.024926 0.019510 -0.005656 -0.660094 0.642445 -0.268559 0.281810 -0.062419 0.031365 0.062150 0 1.00000000 0.00000000 0.00000000 1.00000000 0.00000000 1.00000000 1.00000000 0.00000000 0.00000000 1.00000000 0.00000000 1.00000000 0.00000000 0.00000000 0.00000000 0.00000000 0.00000000 0.00000000 0.00000000 0.00000000 0.00000000 0.00000000 0.00000000 0.00000000 1.00000000 0.00000000 0.00000000 0.00000000 1.00000000 
1700000009.21958 -0.255194 -0.078031 0.962445 0.049864 -0.021441 0.089952 -0.001376 -0.007667 0.059928 0.012558 0.000240 0.006077 0.004186 -0.072619 -0.014846 -0.038381 0.0000000 1 418.629359 418.629359 505.740581 286.574774 -0.020453 -0.024926 0.019510 -0.005656 -0.660094 0.642445 -0.268559 0.281810 -0.062419 0.031365 0.062150 0 1.00000000 0.00000000 0.00000000 1.00000000 0.00000000 1.00000000 1.00000000 0.00000000 0.00000000 1.00000000 0.00000000 1.00000000 0.00000000 0.00000000 0.00000000 0.00000000 0.00000000 0.00000000 0.00000000 0.00000000 0.00000000 0.00000000 0.00000000 0.00000000 1.00000000 0.00000000 0.00000000 0.00000000 1.00000000 
1700000009.25347 -0.255073 -0.079024 0.962313 0.051448 -0.021767 0.091499 -0.000328 -0.004444 0.053044 0.012735 0.000812 0.005358 0.004313 -0.074259 -0.004149 -0.039182 0.0000000 1 418.629359 418.629359 505.740581 286.574774 -0.020453 -0.024926 0.019510 -0.005656 -0.660094 0.642445 -0.268559 0.281810 -0.062419 0.031365 0.062150 0 1.00000000 0.00000000 0.00000000 1.00000000 0.00000000 1.00000000 1.00000000 0.00000000 0.00000000 1.00000000 0.00000000 1.00000000 0.00000000 0.00000000 0.00000000 0.00000000 0.00000000 0.00000000 0.00000000 0.00000000 0.00000000 0.00000000 0.00000000 0.00000000 1.00000000 0.00000000 0.00000000 0.00000000 1.00000000 
1700000009.28737 -0.255022 -0.079390 0.962233 0.052611 -0.021853 0.093197 0.000084 -0.000794 0.047338 0.011439 0.000812 0.005358 0.004313 -0.074259 -0.004149 -0.039182 0.0000000 1 418.629359 418.629359 505.740581 286.574774 -0.020453 -0.024926 0.019510 -0.005656 -0.660094 0.642445 -0.268559 0.281810 -0.062419 0.031365 0.062150 0 1.00000000 0.00000000 0.00000000 1.00000000 0.00000000 1.00000000 1.00000000 0.00000000 0.00000000 1.00000000 0.00000000 1.00000000 0.00000000 0.00000000 0.00000000 0.00000000 0.00000000 0.00000000 0.00000000 0.00000000 0.00000000 0.00000000 0.00000000 0.00000000 1.00000000 0.00000000 0.00000000 0.00000000 1.00000000 
1700000009.32126 -0.254030 -0.079379 0.962433 0.053768 -0.022252 0.095725 0.000444 0.000490 0.048956 0.010301 0.000712 0.005241 0.004170 -0.093324 -0.008554 -0.051141 0.0000000 1 418.629359 418.629359 505.740581 286.574774 -0.020453 -0.024926 0.019510 -0.005656 -0.660094 0.642445 -0.268559 0.281810 -0.062419 0.031365 0.062150 0 1.00000000 0.00000000 0.00000000 1.00000000 0.00000000 1.00000000 1.00000000 0.00000000 0.00000000 1.00000000 0.00000000 1.00000000 0.00000000 0.00000000 0.00000000 0.00000000 0.00000000 0.00000000 0.00000000 0.00000000 0.00000000 0.00000000 0.00000000 0.00000000 1.00000000 0.00000000 0.00000000 0.00000000 1.00000000 
1700000009.35516 -0.254590 -0.078535 0.962327 0.054255 -0.022814 0.097312 0.000367 -0.001401 0.041367 0.005982 0.000928 0.004897 0.003407 -0.085027 -0.042320 -0.047595 0.0000000 1 418.629359 418.629359 505.740581 286.574774 -0.020453 -0.024926 0.019510 -0.005656 -0.660094 0.642445 -0.268559 0.281810 -0.062419 0.031365 0.062150 0 1.00000000 0.00000000 0.00000000 1.00000000 0.00000000 1.00000000 1.00000000 0.00000000 0.00000000 1.00000000 0.00000000 1.00000000 0.00000000 0.00000000 0.00000000 0.00000000 0.00000000 0.00000000 0.00000000 0.00000000 0.00000000 0.00000000 0.00000000 0.00000000 1.00000000 0.00000000 0.00000000 0.00000000 1.00000000 
1700000009.38906 -0.252872 -0.078089 0.962698 0.056308 -0.023209 0.097871 -0.000329 -0.001299 0.036394 0.001375 0.000691 0.004959 0.004966 -0.107082 -0.063391 -0.061558 0.0000000 1 418.629359 418.629359 505.740581 286.574774 -0.020453 -0.024926 0.019510 -0.005656 -0.660094 0.642445 -0.268559 0.281810 -0.062419 0.031365 0.062150 0 1.00000000 0.00000000 0.00000000 1.00000000 0.00000000 1.00000000 1.00000000 0.00000000 0.00000000 1.00000000 0.00000000 1.00000000 0.00000000 0.00000000 0.00000000 0.00000000 0.00000000 0.00000000 0.00000000 0.00000000 0.00000000 0.00000000 0.00000000 0.00000000 1.00000000 0.00000000 0.00000000 0.00000000 1.00000000 
1700000009.42295 -0.251016 -0.077466 0.963174 0.057313 -0.023532 0.099287 -0.000712 -0.000380 0.035642 0.000744 -0.000467 0.004867 0.005777 -0.131086 -0.074227 -0.077437 0.0000000 1 418.629359 418.629359 505.740581 286.574774 -0.020453 -0.024926 0.019510 -0.005656 -0.660094 0.642445 -0.268559 0.281810 -0.062419 0.031365 0.062150 0 1.00000000 0.00000000 0.00000000 1.00000000 0.00000000 1.00000000 1.00000000 0.00000000 0.00000000 1.00000000 0.00000000 1.00000000 0.00000000 0.00000000 0.00000000 0.00000000 0.00000000 0.00000000 0.00000000 0.00000000 0.00000000 0.00000000 0.00000000 0.00000000 1.00000000 0.00000000 0.00000000 0.00000000 1.00000000 
1700000009.45685 -0.250682 -0.078638 0.963170 0.057264 -0.023520 0.100326 -0.000764 0.001324 0.025783 -0.003671 -0.000467 0.004867 0.005777 -0.131086 -0.074227 -0.077437 0.0000000 1 418.629359 418.629359 505.740581 286.574774 -0.020453 -0.024926 0.019510 -0.005656 -0.660094 0.642445 -0.268559 0.281810 -0.062419 0.031365 0.062150 0 1.00000000 0.00000000 0.00000000 1.00000000 0.00000000 1.00000000 1.00000000 0.00000000 0.00000000 1.00000000 0.00000000 1.00000000 0.00000000 0.00000000 0.00000000 0.00000000 0.00000000 0.00000000 0.00000000 0.00000000 0.00000000 0.00000000 0.00000000 0.00000000 1.00000000 0.00000000 0.00000000 0.00000000 1.00000000 
1700000009.49074 -0.250965 -0.079016 0.963099 0.056692 -0.024142 0.101143 -0.001204 -0.001337 0.016923 -0.003509 -0.000478 0.004717 0.005206 -0.125883 -0.094504 -0.076837 0.0000000 1 418.629359 418.629359 505.740581 286.574774 -0.020453 -0.024926 0.019510 -0.005656 -0.660094 0.642445 -0.268559 0.281810 -0.062419 0.031365 0.062150 0 1.00000000 0.00000000 0.00000000 1.00000000 0.00000000 1.00000000 1.00000000 0.00000000 0.00000000 1.00000000 0.00000000 1.00000000 0.00000000 0.00000000 0.00000000 0.00000000 0.00000000 0.00000000 0.00000000 0.00000000 0.00000000 0.00000000 0.00000000 0.00000000 1.00000000 0.00000000 0.00000000 0.00000000 1.00000000 
1700000009.52464 -0.249902 -0.079617 0.963290 0.057300 -0.023764 0.101194 -0.001727 0.003912 0.011464 -0.008173 -0.000264 0.004917 0.006106 -0.136549 -0.100042 -0.080478 0.0000000 1 418.629359 418.629359 505.740581 286.574774 -0.020453 -0.024926 0.019510 -0.005656 -0.660094 0.642445 -0.268559 0.281810 -0.062419 0.031365 0.062150 0 1.00000000 0.00000000 0.00000000 1.00000000 0.00000000 1.00000000 1.00000000 0.00000000 0.00000000 1.00000000 0.00000000 1.00000000 0.00000000 0.00000000 0.00000000 0.00000000 0.00000000 0.00000000 0.00000000 0.00000000 0.00000000 0.00000000 0.00000000 0.00000000 1.00000000 0.00000000 0.00000000 0.00000000 1.00000000 
1700000009.55853 -0.249655 -0.079641 0.963391 0.056633 -0.024091 0.101483 -0.002362 -0.000260 0.004071 -0.011606 -0.000205 0.004758 0.006065 -0.138736 -0.119005 -0.083974 0.0000000 1 418.629359 418.629359 505.740581 286.574774 -0.020453 -0.024926 0.019510 -0.005656 -0.660094 0.642445 -0.268559 0.281810 -0.062419 0.031365 0.062150 0 1.00000000 0.00000000 0.00000000 1.00000000 0.00000000 1.00000000 1.00000000 0.00000000 0.00000000 1.00000000 0.00000000 1.00000000 0.00000000 0.00000000 0.00000000 0.00000000 0.00000000 0.00000000 0.00000000 0.00000000 0.00000000 0.00000000 0.00000000 0.00000000 1.00000000 0.00000000 0.00000000 0.00000000 1.00000000 
1700000009.59243 -0.249279 -0.080312 0.963445 0.056424 -0.024127 0.101696 -0.002706 -0.000285 -0.000814 -0.011003 -0.000292 0.004742 0.006127 -0.144269 -0.118601 -0.087441 0.0000000 1 418.629359 418.629359 505.740581 286.574774 -0.020453 -0.024926 0.019510 -0.005656 -0.660094 0.642445 -0.268559 0.281810 -0.062419 0.031365 0.062150 0 1.00000000 0.00000000 0.00000000 1.00000000 0.00000000 1.00000000 1.00000000 0.00000000 0.00000000 1.00000000 0.00000000 1.00000000 0.00000000 0.00000000 0.00000000 0.00000000 0.00000000 0.00000000 0.00000000 0.00000000 0.00000000 0.00000000 0.00000000 0.00000000 1.00000000 0.00000000 0.00000000 0.00000000 1.00000000 
1700000009.62632 -0.248842 -0.080634 0.963519 0.056634 -0.023573 0.101580 -0.002974 0.005610 -0.007190 -0.009438 -0.000310 0.004963 0.006096 -0.144400 -0.109853 -0.086481 0.0000000 1 418.629359 418.629359 505.740581 286.574774 -0.020453 -0.024926 0.019510 -0.005656 -0.660094 0.642445 -0.268559 0.281810 -0.062419 0.031365 0.062150 0 1.00000000 0.00000000 0.00000000 1.00000000 0.00000000 1.00000000 1.00000000 0.00000000 0.00000000 1.00000000 0.00000000 1.00000000 0.00000000 0.00000000 0.00000000 0.00000000 0.00000000 0.00000000 0.00000000 0.00000000 0.00000000 0.00000000 0.00000000 0.00000000 1.00000000 0.00000000 0.00000000 0.00000000 1.00000000 
1700000009.66022 -0.248641 -0.079917 0.963627 0.056687 -0.023352 0.101219 -0.003279 0.007578 -0.014317 -0.009040 -0.000310 0.004963 0.006096 -0.144400 -0.109853 -0.086481 0.0000000 1 418.629359 418.629359 505.740581 286.574774 -0.020453 -0.024926 0.019510 -0.005656 -0.660094 0.642445 -0.268559 0.281810 -0.062419 0.031365 0.062150 0 1.00000000 0.00000000 0.00000000 1.00000000 0.00000000 1.00000000 1.00000000 0.00000000 0.00000000 1.00000000 0.00000000 1.00000000 0.00000000 0.00000000 0.00000000 0.00000000 0.00000000 0.00000000 0.00000000 0.00000000 0.00000000 0.00000000 0.00000000 0.00000000 1.00000000 0.00000000 0.00000000 0.00000000 1.00000000 
1700000009.69412 -0.248558 -0.079069 0.963734 0.056428 -0.023038 0.100599 -0.003632 0.010935 -0.022432 -0.012294 -0.000310 0.004963 0.006096 -0.144400 -0.109853 -0.086481 0.0000000 1 418.629359 418.629359 505.740581 286.574774 -0.020453 -0.024926 0.019510 -0.005656 -0.660094 0.642445 -0.268559 0.281810 -0.062419 0.031365 0.062150 0 1.00000000 0.00000000 0.00000000 1.00000000 0.00000000 1.00000000 1.00000000 0.00000000 0.00000000 1.00000000 0.00000000 1.00000000 0.00000000 0.00000000 0.00000000 0.00000000 0.00000000 0.00000000 0.00000000 0.00000000 0.00000000 0.00000000 0.00000000 0.00000000 1.00000000 0.00000000 0.00000000 0.00000000 1.00000000 
1700000009.72801 -0.248335 -0.078765 0.963839 0.056036 -0.022611 0.099692 -0.004122 0.014904 -0.030703 -0.016072 -0.000310 0.004963 0.006096 -0.144400 -0.109853 -0.086481 0.0000000 1 418.629359 418.629359 505.740581 286.574774 -0.020453 -0.024926 0.019510 -0.005656 -0.660094 0.642445 -0.268559 0.281810 -0.062419 0.031365 0.062150 0 1.00000000 0.00000000 0.00000000 1.00000000 0.00000000 1.00000000 1.00000000 0.00000000 0.00000000 1.00000000 0.00000000 1.00000000 0.00000000 0.00000000 0.00000000 0.00000000 0.00000000 0.00000000 0.00000000 0.00000000 0.00000000 0.00000000 0.00000000 0.00000000 1.00000000 0.00000000 0.00000000 0.00000000 1.00000000 
1700000009.76191 -0.247604 -0.078939 0.964047 0.055447 -0.021996 0.098534 -0.004699 0.021023 -0.037716 -0.018283 -0.000310 0.004963 0.006096 -0.144400 -0.109853 -0.086481 0.0000000 1 418.629359 418.629359 505.740581 286.574774 -0.020453 -0.024926 0.019510 -0.005656 -0.660094 0.642445 -0.268559 0.281810 -0.062419 0.031365 0.062150 0 1.00000000 0.00000000 0.00000000 1.00000000 0.00000000 1.00000000 1.00000000 0.00000000 0.00000000 1.00000000 0.00000000 1.00000000 0.00000000 0.00000000 0.00000000 0.00000000 0.00000000 0.00000000 0.00000000 0.00000000 0.00000000 0.00000000 0.00000000 0.00000000 1.00000000 0.00000000 0.00000000 0.00000000 1.00000000 
1700000009.79580 -0.246637 -0.079886 0.964250 0.054874 -0.021223 0.097138 -0.005378 0.024500 -0.044020 -0.021299 -0.000310 0.004963 0.006096 -0.144400 -0.109853 -0.086481 0.0000000 1 418.629359 418.629359 505.740581 286.574774 -0.020453 -0.024926 0.019510 -0.005656 -0.660094 0.642445 -0.268559 0.281810 -0.062419 0.031365 0.062150 0 1.00000000 0.00000000 0.00000000 1.00000000 0.00000000 1.00000000 1.00000000 0.00000000 0.00000000 1.00000000 0.00000000 1.00000000 0.00000000 0.00000000 0.00000000 0.00000000 0.00000000 0.00000000 0.00000000 0.00000000 0.00000000 0.00000000 0.00000000 0.00000000 1.00000000 0.00000000 0.00000000 0.00000000 1.00000000 
1700000009.82970 -0.245711 -0.080927 0.964441 0.054131 -0.020308 0.095613 -0.006076 0.029298 -0.045889 -0.019533 -0.000310 0.004963 0.006096 -0.144400 -0.109853 -0.086481 0.0000000 1 418.629359 418.629359 505.740581 286.574774 -0.020453 -0.024926 0.019510 -0.005656 -0.660094 0.642445 -0.268559 0.281810 -0.062419 0.031365 0.062150 0 1.00000000 0.00000000 0.00000000 1.00000000 0.00000000 1.00000000 1.00000000 0.00000000 0.00000000 1.00000000 0.00000000 1.00000000 0.00000000 0.00000000 0.00000000 0.00000000 0.00000000 0.00000000 0.00000000 0.00000000 0.00000000 0.00000000 0.00000000 0.00000000 1.00000000 0.00000000 0.00000000 0.00000000 1.00000000 
1700000009.86359 -0.244994 -0.081576 0.964626 0.053108 -0.019284 0.094008 -0.006734 0.031048 -0.049012 -0.019858 -0.000310 0.004963 0.006096 -0.144400 -0.109853 -0.086481 0.0000000 1 418.629359 418.629359 505.740581 286.574774 -0.020453 -0.024926 0.019510 -0.005656 -0.660094 0.642445 -0.268559 0.281810 -0.062419 0.031365 0.062150 0 1.00000000 0.00000000 0.00000000 1.00000000 0.00000000 1.00000000 1.00000000 0.00000000 0.00000000 1.00000000 0.00000000 1.00000000 0.00000000 0.00000000 0.00000000 0.00000000 0.00000000 0.00000000 0.00000000 0.00000000 0.00000000 0.00000000 0.00000000 0.00000000 1.00000000 0.00000000 0.00000000 0.00000000 1.00000000 
1700000009.89749 -0.244755 -0.082268 0.964698 0.051812 -0.018176 0.092298 -0.007421 0.034405 -0.051609 -0.020153 -0.000310 0.004963 0.006096 -0.144400 -0.109853 -0.086481 0.0000000 1 418.629359 418.629359 505.740581 286.574774 -0.020453 -0.024926 0.019510 -0.005656 -0.660094 0.642445 -0.268559 0.281810 -0.062419 0.031365 0.062150 0 1.00000000 0.00000000 0.00000000 1.00000000 0.00000000 1.00000000 1.00000000 0.00000000 0.00000000 1.00000000 0.00000000 1.00000000 0.00000000 0.00000000 0.00000000 0.00000000 0.00000000 0.00000000 0.00000000 0.00000000 0.00000000 0.00000000 0.00000000 0.00000000 1.00000000 0.00000000 0.00000000 0.00000000 1.00000000 
1700000009.93138 -0.245102 -0.082126 0.964693 0.050472 -0.019481 0.090077 -0.006354 0.019082 -0.055176 -0.010823 -0.000160 0.004157 0.006186 -0.152566 -0.116471 -0.096850 0.0000000 1 418.629359 418.629359 505.740581 286.574774 -0.020453 -0.024926 0.019510 -0.005656 -0.660094 0.642445 -0.268559 0.281810 -0.062419 0.031365 0.062150 0 1.00000000 0.00000000 0.00000000 1.00000000 0.00000000 1.00000000 1.00000000 0.00000000 0.00000000 1.00000000 0.00000000 1.00000000 0.00000000 0.00000000 0.00000000 0.00000000 0.00000000 0.00000000 0.00000000 0.00000000 0.00000000 0.00000000 0.00000000 0.00000000 1.00000000 0.00000000 0.00000000 0.00000000 1.00000000 
1700000009.96528 -0.244908 -0.082709 0.964742 0.049511 -0.017095 0.086972 -0.005517 0.028905 -0.063092 -0.006006 -0.000244 0.004597 0.006507 -0.151416 -0.101499 -0.096782 0.0000000 1 418.629359 418.629359 505.740581 286.574774 -0.020453 -0.024926 0.019510 -0.005656 -0.660094 0.642445 -0.268559 0.281810 -0.062419 0.031365 0.062150 0 1.00000000 0.00000000 0.00000000 1.00000000 0.00000000 1.00000000 1.00000000 0.00000000 0.00000000 1.00000000 0.00000000 1.00000000 0.00000000 0.00000000 0.00000000 0.00000000 0.00000000 0.00000000 0.00000000 0.00000000 0.00000000 0.00000000 0.00000000 0.00000000 1.00000000 0.00000000 0.00000000 0.00000000 1.00000000 
1700000009.99917 -0.244678 -0.082309 0.964898 0.048278 -0.016079 0.084830 -0.005532 0.030939 -0.067987 -0.003880 -0.000253 0.004653 0.006594 -0.152623 -0.101001 -0.097745 0.0000000 1 418.629359 418.629359 505.740581 286.574774 -0.020453 -0.024926 0.019510 -0.005656 -0.660094 0.642445 -0.268559 0.281810 -0.062419 0.031365 0.062150 0 1.00000000 0.00000000 0.00000000 1.00000000 0.00000000 1.00000000 1.00000000 0.00000000 0.00000000 1.00000000 0.00000000 1.00000000 0.00000000 0.00000000 0.00000000 0.00000000 0.00000000 0.00000000 0.00000000 0.00000000 0.00000000 0.00000000 0.00000000 0.00000000 1.00000000 0.00000000 0.00000000 0.00000000 1.00000000 
1700000010.03307 -0.244983 -0.082111 0.964886 0.047282 -0.015060 0.081418 -0.006074 0.031177 -0.079941 -0.006131 -0.000094 0.004498 0.006779 -0.144305 -0.104693 -0.091995 0.0000000 1 418.629359 418.629359 505.740581 286.574774 -0.020453 -0.024926 0.019510 -0.005656 -0.660094 0.642445 -0.268559 0.281810 -0.062419 0.031365 0.062150 0 1.00000000 0.00000000 0.00000000 1.00000000 0.00000000 1.00000000 1.00000000 0.00000000 0.00000000 1.00000000 0.00000000 1.00000000 0.00000000 0.00000000 0.00000000 0.00000000 0.00000000 0.00000000 0.00000000 0.00000000 0.00000000 0.00000000 0.00000000 0.00000000 1.00000000 0.00000000 0.00000000 0.00000000 1.00000000 
1700000010.06697 -0.244986 -0.081860 0.964990 0.045549 -0.014259 0.078621 -0.006918 0.031849 -0.083828 -0.007877 -0.000114 0.004352 0.006688 -0.139840 -0.109410 -0.088312 0.0000000 1 418.629359 418.629359 505.740581 286.574774 -0.020453 -0.024926 0.019510 -0.005656 -0.660094 0.642445 -0.268559 0.281810 -0.062419 0.031365 0.062150 0 1.00000000 0.00000000 0.00000000 1.00000000 0.00000000 1.00000000 1.00000000 0.00000000 0.00000000 1.00000000 0.00000000 1.00000000 0.00000000 0.00000000 0.00000000 0.00000000 0.00000000 0.00000000 0.00000000 0.00000000 0.00000000 0.00000000 0.00000000 0.00000000 1.00000000 0.00000000 0.00000000 0.00000000 1.00000000 
1700000010.10086 -0.245181 -0.081272 0.965078 0.043650 -0.012788 0.074875 -0.007490 0.033637 -0.090731 -0.009836 -0.000108 0.004401 0.006591 -0.133941 -0.110907 -0.084259 0.0000000 1 418.629359 418.629359 505.740581 286.574774 -0.020453 -0.024926 0.019510 -0.005656 -0.660094 0.642445 -0.268559 0.281810 -0.062419 0.031365 0.062150 0 1.00000000 0.00000000 0.00000000 1.00000000 0.00000000 1.00000000 1.00000000 0.00000000 0.00000000 1.00000000 0.00000000 1.00000000 0.00000000 0.00000000 0.00000000 0.00000000 0.00000000 0.00000000 0.00000000 0.00000000 0.00000000 0.00000000 0.00000000 0.00000000 1.00000000 0.00000000 0.00000000 0.00000000 1.00000000 
1700000010.13476 -0.246273 -0.080483 0.964961 0.041513 -0.012431 0.071418 -0.008611 0.030111 -0.097353 -0.016188 -0.000086 0.004001 0.006502 -0.127016 -0.116043 -0.078722 0.0000000 1 418.629359 418.629359 505.740581 286.574774 -0.020453 -0.024926 0.019510 -0.005656 -0.660094 0.642445 -0.268559 0.281810 -0.062419 0.031365 0.062150 0 1.00000000 0.00000000 0.00000000 1.00000000 0.00000000 1.00000000 1.00000000 0.00000000 0.00000000 1.00000000 0.00000000 1.00000000 0.00000000 0.00000000 0.00000000 0.00000000 0.00000000 0.00000000 0.00000000 0.00000000 0.00000000 0.00000000 0.00000000 0.00000000 1.00000000 0.00000000 0.00000000 0.00000000 1.00000000 
1700000010.16865 -0.246918 -0.079718 0.964947 0.039431 -0.012083 0.068453 -0.009103 0.028377 -0.102332 -0.019845 -0.000343 0.003699 0.006629 -0.124962 -0.119257 -0.076722 0.0000000 1 418.629359 418.629359 505.740581 286.574774 -0.020453 -0.024926 0.019510 -0.005656 -0.660094 0.642445 -0.268559 0.281810 -0.062419 0.031365 0.062150 0 1.00000000 0.00000000 0.00000000 1.00000000 0.00000000 1.00000000 1.00000000 0.00000000 0.00000000 1.00000000 0.00000000 1.00000000 0.00000000 0.00000000 0.00000000 0.00000000 0.00000000 0.00000000 0.00000000 0.00000000 0.00000000 0.00000000 0.00000000 0.00000000 1.00000000 0.00000000 0.00000000 0.00000000 1.00000000 
1700000010.20255 -0.246142 -0.080469 0.965190 0.036705 -0.010121 0.063670 -0.010484 0.037160 -0.115977 -0.022502 0.000318 0.004308 0.006440 -0.125407 -0.122030 -0.077527 0.0000000 1 418.629359 418.629359 505.740581 286.574774 -0.020453 -0.024926 0.019510 -0.005656 -0.660094 0.642445 -0.268559 0.281810 -0.062419 0.031365 0.062150 0 1.00000000 0.00000000 0.00000000 1.00000000 0.00000000 1.00000000 1.00000000 0.00000000 0.00000000 1.00000000 0.00000000 1.00000000 0.00000000 0.00000000 0.00000000 0.00000000 0.00000000 0.00000000 0.00000000 0.00000000 0.00000000 0.00000000 0.00000000 0.00000000 1.00000000 0.00000000 0.00000000 0.00000000 1.00000000 
1700000010.23644 -0.245456 -0.081943 0.965326 0.034382 -0.009109 0.059320 -0.011313 0.037184 -0.125333 -0.026677 0.000811 0.004288 0.006621 -0.127664 -0.122638 -0.077329 0.0000000 1 418.629359 418.629359 505.740581 286.574774 -0.020453 -0.024926 0.019510 -0.005656 -0.660094 0.642445 -0.268559 0.281810 -0.062419 0.031365 0.062150 0 1.00000000 0.00000000 0.00000000 1.00000000 0.00000000 1.00000000 1.00000000 0.00000000 0.00000000 1.00000000 0.00000000 1.00000000 0.00000000 0.00000000 0.00000000 0.00000000 0.00000000 0.00000000 0.00000000 0.00000000 0.00000000 0.00000000 0.00000000 0.00000000 1.00000000 0.00000000 0.00000000 0.00000000 1.00000000 
1700000010.27034 -0.245007 -0.082978 0.965435 0.031970 -0.008251 0.055190 -0.012311 0.033671 -0.127800 -0.022960 0.000801 0.004277 0.006363 -0.126670 -0.121802 -0.076319 0.0000000 1 418.629359 418.629359 505.740581 286.574774 -0.020453 -0.024926 0.019510 -0.005656 -0.660094 0.642445 -0.268559 0.281810 -0.062419 0.031365 0.062150 0 1.00000000 0.00000000 0.00000000 1.00000000 0.00000000 1.00000000 1.00000000 0.00000000 0.00000000 1.00000000 0.00000000 1.00000000 0.00000000 0.00000000 0.00000000 0.00000000 0.00000000 0.00000000 0.00000000 0.00000000 0.00000000 0.00000000 0.00000000 0.00000000 1.00000000 0.00000000 0.00000000 0.00000000 1.00000000 
1700000010.30423 -0.244763 -0.082837 0.965606 0.028884 -0.007688 0.052536 -0.013354 0.032522 -0.119553 -0.017874 0.000528 0.004328 0.005735 -0.121073 -0.122758 -0.073098 0.0000000 1 418.629359 418.629359 505.740581 286.574774 -0.020453 -0.024926 0.019510 -0.005656 -0.660094 0.642445 -0.268559 0.281810 -0.062419 0.031365 0.062150 0 1.00000000 0.00000000 0.00000000 1.00000000 0.00000000 1.00000000 1.00000000 0.00000000 0.00000000 1.00000000 0.00000000 1.00000000 0.00000000 0.00000000 0.00000000 0.00000000 0.00000000 0.00000000 0.00000000 0.00000000 0.00000000 0.00000000 0.00000000 0.00000000 1.00000000 0.00000000 0.00000000 0.00000000 1.00000000 
1700000010.33813 -0.244504 -0.083415 0.965697 0.026254 -0.006554 0.048221 -0.013532 0.030128 -0.121781 -0.015936 0.000599 0.003985 0.005493 -0.119976 -0.116344 -0.071595 0.0000000 1 418.629359 418.629359 505.740581 286.574774 -0.020453 -0.024926 0.019510 -0.005656 -0.660094 0.642445 -0.268559 0.281810 -0.062419 0.031365 0.062150 0 1.00000000 0.00000000 0.00000000 1.00000000 0.00000000 1.00000000 1.00000000 0.00000000 0.00000000 1.00000000 0.00000000 1.00000000 0.00000000 0.00000000 0.00000000 0.00000000 0.00000000 0.00000000 0.00000000 0.00000000 0.00000000 0.00000000 0.00000000 0.00000000 1.00000000 0.00000000 0.00000000 0.00000000 1.00000000 
1700000010.37203 -0.243339 -0.083538 0.966038 0.024045 -0.006118 0.044860 -0.014342 0.025559 -0.123533 -0.014012 0.000831 0.004110 0.005126 -0.125353 -0.118874 -0.075562 0.0000000 1 418.629359 418.629359 505.740581 286.574774 -0.020453 -0.024926 0.019510 -0.005656 -0.660094 0.642445 -0.268559 0.281810 -0.062419 0.031365 0.062150 0 1.00000000 0.00000000 0.00000000 1.00000000 0.00000000 1.00000000 1.00000000 0.00000000 0.00000000 1.00000000 0.00000000 1.00000000 0.00000000 0.00000000 0.00000000 0.00000000 0.00000000 0.00000000 0.00000000 0.00000000 0.00000000 0.00000000 0.00000000 0.00000000 1.00000000 0.00000000 0.00000000 0.00000000 1.00000000 
1700000010.40592 -0.243849 -0.083392 0.965988 0.021234 -0.005849 0.042665 -0.012982 0.019295 -0.115941 -0.004934 0.000574 0.003265 0.003645 -0.119004 -0.104384 -0.072441 0.0000000 1 418.629359 418.629359 505.740581 286.574774 -0.020453 -0.024926 0.019510 -0.005656 -0.660094 0.642445 -0.268559 0.281810 -0.062419 0.031365 0.062150 0 1.00000000 0.00000000 0.00000000 1.00000000 0.00000000 1.00000000 1.00000000 0.00000000 0.00000000 1.00000000 0.00000000 1.00000000 0.00000000 0.00000000 0.00000000 0.00000000 0.00000000 0.00000000 0.00000000 0.00000000 0.00000000 0.00000000 0.00000000 0.00000000 1.00000000 0.00000000 0.00000000 0.00000000 1.00000000 
1700000010.43982 -0.244335 -0.082447 0.965993 0.018967 -0.005772 0.040450 -0.012381 0.015506 -0.109326 0.000065 0.000579 0.002836 0.002953 -0.114090 -0.099881 -0.069756 0.0000000 1 418.629359 418.629359 505.740581 286.574774 -0.020453 -0.024926 0.019510 -0.005656 -0.660094 0.642445 -0.268559 0.281810 -0.062419 0.031365 0.062150 0 1.00000000 0.00000000 0.00000000 1.00000000 0.00000000 1.00000000 1.00000000 0.00000000 0.00000000 1.00000000 0.00000000 1.00000000 0.00000000 0.00000000 0.00000000 0.00000000 0.00000000 0.00000000 0.00000000 0.00000000 0.00000000 0.00000000 0.00000000 0.00000000 1.00000000 0.00000000 0.00000000 0.00000000 1.00000000 
1700000010.47371 -0.244634 -0.082005 0.965983 0.017500 -0.005650 0.036933 -0.011483 0.010895 -0.110764 0.004672 0.001297 0.002410 0.002701 -0.116934 -0.088036 -0.070366 0.0000000 1 418.629359 418.629359 505.740581 286.574774 -0.020453 -0.024926 0.019510 -0.005656 -0.660094 0.642445 -0.268559 0.281810 -0.062419 0.031365 0.062150 0 1.00000000 0.00000000 0.00000000 1.00000000 0.00000000 1.00000000 1.00000000 0.00000000 0.00000000 1.00000000 0.00000000 1.00000000 0.00000000 0.00000000 0.00000000 0.00000000 0.00000000 0.00000000 0.00000000 0.00000000 0.00000000 0.00000000 0.00000000 0.00000000 1.00000000 0.00000000 0.00000000 0.00000000 1.00000000 
1700000010.50761 -0.245378 -0.080492 0.965947 0.016057 -0.005209 0.032859 -0.011245 0.013128 -0.110335 0.005977 0.001470 0.002275 0.002648 -0.108967 -0.082793 -0.064354 0.0000000 1 418.629359 418.629359 505.740581 286.574774 -0.020453 -0.024926 0.019510 -0.005656 -0.660094 0.642445 -0.268559 0.281810 -0.062419 0.031365 0.062150 0 1.00000000 0.00000000 0.00000000 1.00000000 0.00000000 1.00000000 1.00000000 0.00000000 0.00000000 1.00000000 0.00000000 1.00000000 0.00000000 0.00000000 0.00000000 0.00000000 0.00000000 0.00000000 0.00000000 0.00000000 0.00000000 0.00000000 0.00000000 0.00000000 1.00000000 0.00000000 0.00000000 0.00000000 1.00000000 
1700000010.54150 -0.245816 -0.078726 0.966014 0.013926 -0.004772 0.029118 -0.010855 0.014437 -0.113797 0.004533 0.001283 0.002054 0.002372 -0.104750 -0.080034 -0.061131 0.0000000 1 418.629359 418.629359 505.740581 286.574774 -0.020453 -0.024926 0.019510 -0.005656 -0.660094 0.642445 -0.268559 0.281810 -0.062419 0.031365 0.062150 0 1.00000000 0.00000000 0.00000000 1.00000000 0.00000000 1.00000000 1.00000000 0.00000000 0.00000000 1.00000000 0.00000000 1.00000000 0.00000000 0.00000000 0.00000000 0.00000000 0.00000000 0.00000000 0.00000000 0.00000000 0.00000000 0.00000000 0.00000000 0.00000000 1.00000000 0.00000000 0.00000000 0.00000000 1.00000000 
1700000010.57540 -0.245664 -0.077347 0.966193 0.011762 -0.004279 0.025318 -0.010574 0.017015 -0.119620 0.003052 0.000971 0.001990 0.002100 -0.107772 -0.080740 -0.063425 0.0000000 1 418.629359 418.629359 505.740581 286.574774 -0.020453 -0.024926 0.019510 -0.005656 -0.660094 0.642445 -0.268559 0.281810 -0.062419 0.031365 0.062150 0 1.00000000 0.00000000 0.00000000 1.00000000 0.00000000 1.00000000 1.00000000 0.00000000 0.00000000 1.00000000 0.00000000 1.00000000 0.00000000 0.00000000 0.00000000 0.00000000 0.00000000 0.00000000 0.00000000 0.00000000 0.00000000 0.00000000 0.00000000 0.00000000 1.00000000 0.00000000 0.00000000 0.00000000 1.00000000 
1700000010.60929 -0.246079 -0.075958 0.966225 0.009252 -0.003631 0.021395 -0.009721 0.022982 -0.119831 0.003751 0.000125 0.001447 0.001903 -0.101836 -0.084714 -0.061607 0.0000000 1 418.629359 418.629359 505.740581 286.574774 -0.020453 -0.024926 0.019510 -0.005656 -0.660094 0.642445 -0.268559 0.281810 -0.062419 0.031365 0.062150 0 1.00000000 0.00000000 0.00000000 1.00000000 0.00000000 1.00000000 1.00000000 0.00000000 0.00000000 1.00000000 0.00000000 1.00000000 0.00000000 0.00000000 0.00000000 0.00000000 0.00000000 0.00000000 0.00000000 0.00000000 0.00000000 0.00000000 0.00000000 0.00000000 1.00000000 0.00000000 0.00000000 0.00000000 1.00000000 
1700000010.64319 -0.245583 -0.075759 0.966391 0.006216 -0.002813 0.016918 -0.009338 0.024690 -0.124059 -0.000543 -0.000299 0.000962 0.001383 -0.103432 -0.088208 -0.062189 0.0000000 1 418.629359 418.629359 505.740581 286.574774 -0.020453 -0.024926 0.019510 -0.005656 -0.660094 0.642445 -0.268559 0.281810 -0.062419 0.031365 0.062150 0 1.00000000 0.00000000 0.00000000 1.00000000 0.00000000 1.00000000 1.00000000 0.00000000 0.00000000 1.00000000 0.00000000 1.00000000 0.00000000 0.00000000 0.00000000 0.00000000 0.00000000 0.00000000 0.00000000 0.00000000 0.00000000 0.00000000 0.00000000 0.00000000 1.00000000 0.00000000 0.00000000 0.00000000 1.00000000 
1700000010.67708 -0.244178 -0.076399 0.966706 0.004353 -0.001713 0.011441 -0.009026 0.026184 -0.126986 -0.000259 -0.000113 0.000698 0.001605 -0.109523 -0.093224 -0.066686 0.0000000 1 418.629359 418.629359 505.740581 286.574774 -0.020453 -0.024926 0.019510 -0.005656 -0.660094 0.642445 -0.268559 0.281810 -0.062419 0.031365 0.062150 0 1.00000000 0.00000000 0.00000000 1.00000000 0.00000000 1.00000000 1.00000000 0.00000000 0.00000000 1.00000000 0.00000000 1.00000000 0.00000000 0.00000000 0.00000000 0.00000000 0.00000000 0.00000000 0.00000000 0.00000000 0.00000000 0.00000000 0.00000000 0.00000000 1.00000000 0.00000000 0.00000000 0.00000000 1.00000000 
1700000010.71098 -0.243023 -0.077182 0.966941 0.002939 -0.000735 0.005627 -0.008106 0.021842 -0.127690 0.005621 0.000210 0.000422 0.001739 -0.113223 -0.089113 -0.070544 0.0000000 1 418.629359 418.629359 505.740581 286.574774 -0.020453 -0.024926 0.019510 -0.005656 -0.660094 0.642445 -0.268559 0.281810 -0.062419 0.031365 0.062150 0 1.00000000 0.00000000 0.00000000 1.00000000 0.00000000 1.00000000 1.00000000 0.00000000 0.00000000 1.00000000 0.00000000 1.00000000 0.00000000 0.00000000 0.00000000 0.00000000 0.00000000 0.00000000 0.00000000 0.00000000 0.00000000 0.00000000 0.00000000 0.00000000 1.00000000 0.00000000 0.00000000 0.00000000 1.00000000 
1700000010.74488 -0.243293 -0.078325 0.966784 0.001397 -0.000578 0.000392 -0.006747 0.009488 -0.122899 0.013266 0.000621 -0.000083 0.001612 -0.108707 -0.063947 -0.065701 0.0000000 1 418.629359 418.629359 505.740581 286.574774 -0.020453 -0.024926 0.019510 -0.005656 -0.660094 0.642445 -0.268559 0.281810 -0.062419 0.031365 0.062150 0 1.00000000 0.00000000 0.00000000 1.00000000 0.00000000 1.00000000 1.00000000 0.00000000 0.00000000 1.00000000 0.00000000 1.00000000 0.00000000 0.00000000 0.00000000 0.00000000 0.00000000 0.00000000 0.00000000 0.00000000 0.00000000 0.00000000 0.00000000 0.00000000 1.00000000 0.00000000 0.00000000 0.00000000 1.00000000 
1700000010.77877 0.244569 0.077355 -0.966541 0.000266 -0.000242 -0.004191 -0.005468 0.004751 -0.113409 0.021386 0.001292 -0.000213 0.001710 -0.095612 -0.057881 -0.059001 0.0000000 1 418.629359 418.629359 505.740581 286.574774 -0.020453 -0.024926 0.019510 -0.005656 -0.660094 0.642445 -0.268559 0.281810 -0.062419 0.031365 0.062150 0 1.00000000 0.00000000 0.00000000 1.00000000 0.00000000 1.00000000 1.00000000 0.00000000 0.00000000 1.00000000 0.00000000 1.00000000 0.00000000 0.00000000 0.00000000 0.00000000 0.00000000 0.00000000 0.00000000 0.00000000 0.00000000 0.00000000 0.00000000 0.00000000 1.00000000 0.00000000 0.00000000 0.00000000 1.00000000 
1700000010.81267 0.246190 0.075151 -0.966302 0.001724 0.000293 -0.009150 -0.004548 0.004946 -0.110099 0.020889 0.001921 -0.000198 0.001892 -0.086482 -0.058322 -0.053462 0.0000000 1 418.629359 418.629359 505.740581 286.574774 -0.020453 -0.024926 0.019510 -0.005656 -0.660094 0.642445 -0.268559 0.281810 -0.062419 0.031365 0.062150 0 1.00000000 0.00000000 0.00000000 1.00000000 0.00000000 1.00000000 1.00000000 0.00000000 0.00000000 1.00000000 0.00000000 1.00000000 0.00000000 0.00000000 0.00000000 0.00000000 0.00000000 0.00000000 0.00000000 0.00000000 0.00000000 0.00000000 0.00000000 0.00000000 1.00000000 0.00000000 0.00000000 0.00000000 1.00000000 
1700000010.84656 0.247731 0.072318 -0.966122 0.002840 0.000937 -0.014417 -0.003968 0.010680 -0.112145 0.012240 0.002210 -0.000435 0.002305 -0.077969 -0.066615 -0.047452 0.0000000 1 418.629359 418.629359 505.740581 286.574774 -0.020453 -0.024926 0.019510 -0.005656 -0.660094 0.642445 -0.268559 0.281810 -0.062419 0.031365 0.062150 0 1.00000000 0.00000000 0.00000000 1.00000000 0.00000000 1.00000000 1.00000000 0.00000000 0.00000000 1.00000000 0.00000000 1.00000000 0.00000000 0.00000000 0.00000000 0.00000000 0.00000000 0.00000000 0.00000000 0.00000000 0.00000000 0.00000000 0.00000000 0.00000000 1.00000000 0.00000000 0.00000000 0.00000000 1.00000000 
1700000010.88046 0.248211 0.070241 -0.966147 0.004066 0.001615 -0.018947 -0.003607 0.014938 -0.117047 0.002550 0.001917 -0.000699 0.002523 -0.077108 -0.074937 -0.046395 0.0000000 1 418.629359 418.629359 505.740581 286.574774 -0.020453 -0.024926 0.019510 -0.005656 -0.660094 0.642445 -0.268559 0.281810 -0.062419 0.031365 0.062150 0 1.00000000 0.00000000 0.00000000 1.00000000 0.00000000 1.00000000 1.00000000 0.00000000 0.00000000 1.00000000 0.00000000 1.00000000 0.00000000 0.00000000 0.00000000 0.00000000 0.00000000 0.00000000 0.00000000 0.00000000 0.00000000 0.00000000 0.00000000 0.00000000 1.00000000 0.00000000 0.00000000 0.00000000 1.00000000 
1700000010.91435 0.248389 0.069450 -0.966155 0.004944 0.002193 -0.024101 -0.003219 0.017976 -0.122159 -0.003576 0.001622 -0.001193 0.002634 -0.076439 -0.076377 -0.044907 0.0000000 1 418.629359 418.629359 505.740581 286.574774 -0.020453 -0.024926 0.019510 -0.005656 -0.660094 0.642445 -0.268559 0.281810 -0.062419 0.031365 0.062150 0 1.00000000 0.00000000 0.00000000 1.00000000 0.00000000 1.00000000 1.00000000 0.00000000 0.00000000 1.00000000 0.00000000 1.00000000 0.00000000 0.00000000 0.00000000 0.00000000 0.00000000 0.00000000 0.00000000 0.00000000 0.00000000 0.00000000 0.00000000 0.00000000 1.00000000 0.00000000 0.00000000 0.00000000 1.00000000 
1700000010.94825 0.249005 0.069232 -0.966006 0.005930 0.003057 -0.029988 -0.002614 0.020440 -0.119640 -0.000478 0.001201 -0.001524 0.002835 -0.059494 -0.075150 -0.036173 0.0000000 1 418.629359 418.629359 505.740581 286.574774 -0.020453 -0.024926 0.019510 -0.005656 -0.660094 0.642445 -0.268559 0.281810 -0.062419 0.031365 0.062150 0 1.00000000 0.00000000 0.00000000 1.00000000 0.00000000 1.00000000 1.00000000 0.00000000 0.00000000 1.00000000 0.00000000 1.00000000 0.00000000 0.00000000 0.00000000 0.00000000 0.00000000 0.00000000 0.00000000 0.00000000 0.00000000 0.00000000 0.00000000 0.00000000 1.00000000 0.00000000 0.00000000 0.00000000 1.00000000 
1700000010.98214 0.249653 0.069349 -0.965820 0.007466 0.003947 -0.035911 -0.001884 0.019807 -0.114898 0.006483 0.001168 -0.001653 0.002918 -0.041768 -0.070265 -0.026907 0.0000000 1 418.629359 418.629359 505.740581 286.574774 -0.020453 -0.024926 0.019510 -0.005656 -0.660094 0.642445 -0.268559 0.281810 -0.062419 0.031365 0.062150 0 1.00000000 0.00000000 0.00000000 1.00000000 0.00000000 1.00000000 1.00000000 0.00000000 0.00000000 1.00000000 0.00000000 1.00000000 0.00000000 0.00000000 0.00000000 0.00000000 0.00000000 0.00000000 0.00000000 0.00000000 0.00000000 0.00000000 0.00000000 0.00000000 1.00000000 0.00000000 0.00000000 0.00000000 1.00000000 
1700000011.01604 0.250630 0.069014 -0.965577 0.009106 0.004684 -0.041223 -0.001138 0.017010 -0.110320 0.010803 0.001405 -0.001789 0.002876 -0.026026 -0.063977 -0.017629 0.0000000 1 418.629359 418.629359 505.740581 286.574774 -0.020453 -0.024926 0.019510 -0.005656 -0.660094 0.642445 -0.268559 0.281810 -0.062419 0.031365 0.062150 0 1.00000000 0.00000000 0.00000000 1.00000000 0.00000000 1.00000000 1.00000000 0.00000000 0.00000000 1.00000000 0.00000000 1.00000000 0.00000000 0.00000000 0.00000000 0.00000000 0.00000000 0.00000000 0.00000000 0.00000000 0.00000000 0.00000000 0.00000000 0.00000000 1.00000000 0.00000000 0.00000000 0.00000000 1.00000000 
1700000011.04994 0.251641 0.067458 -0.965407 0.010710 0.005809 -0.047427 -0.000168 0.016625 -0.110604 0.012909 0.001640 -0.001957 0.002967 -0.013362 -0.070303 -0.012495 0.0000000 1 418.629359 418.629359 505.740581 286.574774 -0.020453 -0.024926 0.019510 -0.005656 -0.660094 0.642445 -0.268559 0.281810 -0.062419 0.031365 0.062150 0 1.00000000 0.00000000 0.00000000 1.00000000 0.00000000 1.00000000 1.00000000 0.00000000 0.00000000 1.00000000 0.00000000 1.00000000 0.00000000 0.00000000 0.00000000 0.00000000 0.00000000 0.00000000 0.00000000 0.00000000 0.00000000 0.00000000 0.00000000 0.00000000 1.00000000 0.00000000 0.00000000 0.00000000 1.00000000 
1700000011.08383 0.252083 0.065645 -0.965399 0.012245 0.006789 -0.052875 0.000496 0.017910 -0.116869 0.010947 0.001696 -0.002012 0.002902 -0.012909 -0.080086 -0.014206 0.0000000 1 418.629359 418.629359 505.740581 286.574774 -0.020453 -0.024926 0.019510 -0.005656 -0.660094 0.642445 -0.268559 0.281810 -0.062419 0.031365 0.062150 0 1.00000000 0.00000000 0.00000000 1.00000000 0.00000000 1.00000000 1.00000000 0.00000000 0.00000000 1.00000000 0.00000000 1.00000000 0.00000000 0.00000000 0.00000000 0.00000000 0.00000000 0.00000000 0.00000000 0.00000000 0.00000000 0.00000000 0.00000000 0.00000000 1.00000000 0.00000000 0.00000000 0.00000000 1.00000000 
1700000011.11773 0.253159 0.064419 -0.965183 0.013502 0.007997 -0.060049 0.001047 0.019774 -0.121850 0.007447 0.001656 -0.002221 0.003026 -0.002731 -0.080094 -0.007444 0.0000000 1 418.629359 418.629359 505.740581 286.574774 -0.020453 -0.024926 0.019510 -0.005656 -0.660094 0.642445 -0.268559 0.281810 -0.062419 0.031365 0.062150 0 1.00000000 0.00000000 0.00000000 1.00000000 0.00000000 1.00000000 1.00000000 0.00000000 0.00000000 1.00000000 0.00000000 1.00000000 0.00000000 0.00000000 0.00000000 0.00000000 0.00000000 0.00000000 0.00000000 0.00000000 0.00000000 0.00000000 0.00000000 0.00000000 1.00000000 0.00000000 0.00000000 0.00000000 1.00000000 
1700000011.15162 0.253619 0.062783 -0.965144 0.015256 0.009050 -0.065883 0.001613 0.021129 -0.127349 0.006007 0.001328 -0.002501 0.002914 0.001860 -0.091681 -0.006738 0.0000000 1 418.629359 418.629359 505.740581 286.574774 -0.020453 -0.024926 0.019510 -0.005656 -0.660094 0.642445 -0.268559 0.281810 -0.062419 0.031365 0.062150 0 1.00000000 0.00000000 0.00000000 1.00000000 0.00000000 1.00000000 1.00000000 0.00000000 0.00000000 1.00000000 0.00000000 1.00000000 0.00000000 0.00000000 0.00000000 0.00000000 0.00000000 0.00000000 0.00000000 0.00000000 0.00000000 0.00000000 0.00000000 0.00000000 1.00000000 0.00000000 0.00000000 0.00000000 1.00000000 
1700000011.18552 0.253491 0.061443 -0.965239 0.016736 0.010252 -0.071808 0.001995 0.026260 -0.133885 0.008178 0.001159 -0.002792 0.002863 0.001312 -0.107835 -0.008951 0.0000000 1 418.629359 418.629359 505.740581 286.574774 -0.020453 -0.024926 0.019510 -0.005656 -0.660094 0.642445 -0.268559 0.281810 -0.062419 0.031365 0.062150 0 1.00000000 0.00000000 0.00000000 1.00000000 0.00000000 1.00000000 1.00000000 0.00000000 0.00000000 1.00000000 0.00000000 1.00000000 0.00000000 0.00000000 0.00000000 0.00000000 0.00000000 0.00000000 0.00000000 0.00000000 0.00000000 0.00000000 0.00000000 0.00000000 1.00000000 0.00000000 0.00000000 0.00000000 1.00000000 
1700000011.21941 0.253648 0.061090 -0.965199 0.017952 0.010718 -0.076352 0.002587 0.024269 -0.137948 0.013391 0.001057 -0.003274 0.002879 0.006293 -0.101023 -0.004567 0.0000000 1 418.629359 418.629359 505.740581 286.574774 -0.020453 -0.024926 0.019510 -0.005656 -0.660094 0.642445 -0.268559 0.281810 -0.062419 0.031365 0.062150 0 1.00000000 0.00000000 0.00000000 1.00000000 0.00000000 1.00000000 1.00000000 0.00000000 0.00000000 1.00000000 0.00000000 1.00000000 0.00000000 0.00000000 0.00000000 0.00000000 0.00000000 0.00000000 0.00000000 0.00000000 0.00000000 0.00000000 0.00000000 0.00000000 1.00000000 0.00000000 0.00000000 0.00000000 1.00000000 
1700000011.25331 0.253995 0.060560 -0.965102 0.019904 0.011215 -0.081045 0.003672 0.022536 -0.138322 0.022825 0.000958 -0.003587 0.002828 0.017410 -0.098992 0.000686 0.0000000 1 418.629359 418.629359 505.740581 286.574774 -0.020453 -0.024926 0.019510 -0.005656 -0.660094 0.642445 -0.268559 0.281810 -0.062419 0.031365 0.062150 0 1.00000000 0.00000000 0.00000000 1.00000000 0.00000000 1.00000000 1.00000000 0.00000000 0.00000000 1.00000000 0.00000000 1.00000000 0.00000000 0.00000000 0.00000000 0.00000000 0.00000000 0.00000000 0.00000000 0.00000000 0.00000000 0.00000000 0.00000000 0.00000000 1.00000000 0.00000000 0.00000000 0.00000000 1.00000000 
1700000011.28720 0.254057 0.059415 -0.965097 0.022649 0.011699 -0.085344 0.005095 0.023703 -0.132782 0.028494 0.000681 -0.004070 0.002753 0.026093 -0.107714 0.002582 0.0000000 1 418.629359 418.629359 505.740581 286.574774 -0.020453 -0.024926 0.019510 -0.005656 -0.660094 0.642445 -0.268559 0.281810 -0.062419 0.031365 0.062150 0 1.00000000 0.00000000 0.00000000 1.00000000 0.00000000 1.00000000 1.00000000 0.00000000 0.00000000 1.00000000 0.00000000 1.00000000 0.00000000 0.00000000 0.00000000 0.00000000 0.00000000 0.00000000 0.00000000 0.00000000 0.00000000 0.00000000 0.00000000 0.00000000 1.00000000 0.00000000 0.00000000 0.00000000 1.00000000 
1700000011.32110 0.252216 0.058148 -0.965572 0.025995 0.012888 -0.092052 0.006601 0.025167 -0.131790 0.027098 0.000253 -0.004491 0.002631 0.010542 -0.134680 -0.012234 0.0000000 1 418.629359 418.629359 505.740581 286.574774 -0.020453 -0.024926 0.019510 -0.005656 -0.660094 0.642445 -0.268559 0.281810 -0.062419 0.031365 0.062150 0 1.00000000 0.00000000 0.00000000 1.00000000 0.00000000 1.00000000 1.00000000 0.00000000 0.00000000 1.00000000 0.00000000 1.00000000 0.00000000 0.00000000 0.00000000 0.00000000 0.00000000 0.00000000 0.00000000 0.00000000 0.00000000 0.00000000 0.00000000 0.00000000 1.00000000 0.00000000 0.00000000 0.00000000 1.00000000 
1700000011.35500 0.249114 0.057708 -0.966318 0.029019 0.013497 -0.095201 0.007939 0.021485 -0.131472 0.027054 0.000260 -0.004783 0.002120 -0.024128 -0.162455 -0.037572 0.0000000 1 418.629359 418.629359 505.740581 286.574774 -0.020453 -0.024926 0.019510 -0.005656 -0.660094 0.642445 -0.268559 0.281810 -0.062419 0.031365 0.062150 0 1.00000000 0.00000000 0.00000000 1.00000000 0.00000000 1.00000000 1.00000000 0.00000000 0.00000000 1.00000000 0.00000000 1.00000000 0.00000000 0.00000000 0.00000000 0.00000000 0.00000000 0.00000000 0.00000000 0.00000000 0.00000000 0.00000000 0.00000000 0.00000000 1.00000000 0.00000000 0.00000000 0.00000000 1.00000000 
1700000011.38889 0.247236 0.057716 -0.966734 0.031111 0.014550 -0.100755 0.009200 0.020600 -0.125885 0.027787 0.000380 -0.004873 0.002002 -0.032376 -0.186582 -0.047128 0.0000000 1 418.629359 418.629359 505.740581 286.574774 -0.020453 -0.024926 0.019510 -0.005656 -0.660094 0.642445 -0.268559 0.281810 -0.062419 0.031365 0.062150 0 1.00000000 0.00000000 0.00000000 1.00000000 0.00000000 1.00000000 1.00000000 0.00000000 0.00000000 1.00000000 0.00000000 1.00000000 0.00000000 0.00000000 0.00000000 0.00000000 0.00000000 0.00000000 0.00000000 0.00000000 0.00000000 0.00000000 0.00000000 0.00000000 1.00000000 0.00000000 0.00000000 0.00000000 1.00000000 
1700000011.42279 0.247971 0.058376 -0.966438 0.033166 0.014994 -0.104440 0.010420 0.014890 -0.105667 0.028685 0.000445 -0.005017 0.001929 -0.004334 -0.186093 -0.031471 0.0000000 1 418.629359 418.629359 505.740581 286.574774 -0.020453 -0.024926 0.019510 -0.005656 -0.660094 0.642445 -0.268559 0.281810 -0.062419 0.031365 0.062150 0 1.00000000 0.00000000 0.00000000 1.00000000 0.00000000 1.00000000 1.00000000 0.00000000 0.00000000 1.00000000 0.00000000 1.00000000 0.00000000 0.00000000 0.00000000 0.00000000 0.00000000 0.00000000 0.00000000 0.00000000 0.00000000 0.00000000 0.00000000 0.00000000 1.00000000 0.00000000 0.00000000 0.00000000 1.00000000 
1700000011.45668 0.248858 0.057877 -0.966163 0.035342 0.015311 -0.106449 0.011624 0.009069 -0.087888 0.030236 0.000623 -0.004939 0.001760 0.021374 -0.195591 -0.019250 0.0000000 1 418.629359 418.629359 505.740581 286.574774 -0.020453 -0.024926 0.019510 -0.005656 -0.660094 0.642445 -0.268559 0.281810 -0.062419 0.031365 0.062150 0 1.00000000 0.00000000 0.00000000 1.00000000 0.00000000 1.00000000 1.00000000 0.00000000 0.00000000 1.00000000 0.00000000 1.00000000 0.00000000 0.00000000 0.00000000 0.00000000 0.00000000 0.00000000 0.00000000 0.00000000 0.00000000 0.00000000 0.00000000 0.00000000 1.00000000 0.00000000 0.00000000 0.00000000 1.00000000 
1700000011.49058 0.250121 0.057968 -0.965757 0.037322 0.015289 -0.106635 0.012314 0.001192 -0.071100 0.027908 0.000801 -0.004702 0.001540 0.041979 -0.187582 -0.005470 0.0000000 1 418.629359 418.629359 505.740581 286.574774 -0.020453 -0.024926 0.019510 -0.005656 -0.660094 0.642445 -0.268559 0.281810 -0.062419 0.031365 0.062150 0 1.00000000 0.00000000 0.00000000 1.00000000 0.00000000 1.00000000 1.00000000 0.00000000 0.00000000 1.00000000 0.00000000 1.00000000 0.00000000 0.00000000 0.00000000 0.00000000 0.00000000 0.00000000 0.00000000 0.00000000 0.00000000 0.00000000 0.00000000 0.00000000 1.00000000 0.00000000 0.00000000 0.00000000 1.00000000 
1700000011.52447 0.250668 0.057103 -0.965594 0.039162 0.015834 -0.108003 0.012689 0.002935 -0.060127 0.020939 0.000952 -0.004388 0.001424 0.053348 -0.198883 0.000734 0.0000000 1 418.629359 418.629359 505.740581 286.574774 -0.020453 -0.024926 0.019510 -0.005656 -0.660094 0.642445 -0.268559 0.281810 -0.062419 0.031365 0.062150 0 1.00000000 0.00000000 0.00000000 1.00000000 0.00000000 1.00000000 1.00000000 0.00000000 0.00000000 1.00000000 0.00000000 1.00000000 0.00000000 0.00000000 0.00000000 0.00000000 0.00000000 0.00000000 0.00000000 0.00000000 0.00000000 0.00000000 0.00000000 0.00000000 1.00000000 0.00000000 0.00000000 0.00000000 1.00000000 
1700000011.55837 0.251002 0.056632 -0.965485 0.040366 0.016202 -0.108990 0.012765 0.004990 -0.050624 0.013353 0.001055 -0.004260 0.001361 0.059363 -0.202474 0.005628 0.0000000 1 418.629359 418.629359 505.740581 286.574774 -0.020453 -0.024926 0.019510 -0.005656 -0.660094 0.642445 -0.268559 0.281810 -0.062419 0.031365 0.062150 0 1.00000000 0.00000000 0.00000000 1.00000000 0.00000000 1.00000000 1.00000000 0.00000000 0.00000000 1.00000000 0.00000000 1.00000000 0.00000000 0.00000000 0.00000000 0.00000000 0.00000000 0.00000000 0.00000000 0.00000000 0.00000000 0.00000000 0.00000000 0.00000000 1.00000000 0.00000000 0.00000000 0.00000000 1.00000000 
1700000011.59226 0.251588 0.056387 -0.965310 0.041237 0.016493 -0.110453 0.012926 0.003303 -0.041230 0.006985 0.001069 -0.004197 0.001394 0.071876 -0.203526 0.013439 0.0000000 1 418.629359 418.629359 505.740581 286.574774 -0.020453 -0.024926 0.019510 -0.005656 -0.660094 0.642445 -0.268559 0.281810 -0.062419 0.031365 0.062150 0 1.00000000 0.00000000 0.00000000 1.00000000 0.00000000 1.00000000 1.00000000 0.00000000 0.00000000 1.00000000 0.00000000 1.00000000 0.00000000 0.00000000 0.00000000 0.00000000 0.00000000 0.00000000 0.00000000 0.00000000 0.00000000 0.00000000 0.00000000 0.00000000 1.00000000 0.00000000 0.00000000 0.00000000 1.00000000 
1700000011.62616 0.252566 0.056414 -0.965016 0.042084 0.016740 -0.111654 0.012969 0.001314 -0.027584 0.003458 0.000885 -0.004048 0.001374 0.090508 -0.204296 0.024220 0.0000000 1 418.629359 418.629359 505.740581 286.574774 -0.020453 -0.024926 0.019510 -0.005656 -0.660094 0.642445 -0.268559 0.281810 -0.062419 0.031365 0.062150 0 1.00000000 0.00000000 0.00000000 1.00000000 0.00000000 1.00000000 1.00000000 0.00000000 0.00000000 1.00000000 0.00000000 1.00000000 0.00000000 0.00000000 0.00000000 0.00000000 0.00000000 0.00000000 0.00000000 0.00000000 0.00000000 0.00000000 0.00000000 0.00000000 1.00000000 0.00000000 0.00000000 0.00000000 1.00000000 
1700000011.66005 0.253649 0.056509 -0.964685 0.043022 0.016954 -0.112474 0.013063 -0.001255 -0.010893 0.002396 0.001021 -0.003890 0.001391 0.113413 -0.206578 0.036964 0.0000000 1 418.629359 418.629359 505.740581 286.574774 -0.020453 -0.024926 0.019510 -0.005656 -0.660094 0.642445 -0.268559 0.281810 -0.062419 0.031365 0.062150 0 1.00000000 0.00000000 0.00000000 1.00000000 0.00000000 1.00000000 1.00000000 0.00000000 0.00000000 1.00000000 0.00000000 1.00000000 0.00000000 0.00000000 0.00000000 0.00000000 0.00000000 0.00000000 0.00000000 0.00000000 0.00000000 0.00000000 0.00000000 0.00000000 1.00000000 0.00000000 0.00000000 0.00000000 1.00000000 
1700000011.69395 0.254084 0.056434 -0.964541 0.043777 0.017022 -0.112441 0.012991 -0.005539 0.001576 0.000678 0.001108 -0.003601 0.001180 0.124074 -0.213036 0.041768 0.0000000 1 418.629359 418.629359 505.740581 286.574774 -0.020453 -0.024926 0.019510 -0.005656 -0.660094 0.642445 -0.268559 0.281810 -0.062419 0.031365 0.062150 0 1.00000000 0.00000000 0.00000000 1.00000000 0.00000000 1.00000000 1.00000000 0.00000000 0.00000000 1.00000000 0.00000000 1.00000000 0.00000000 0.00000000 0.00000000 0.00000000 0.00000000 0.00000000 0.00000000 0.00000000 0.00000000 0.00000000 0.00000000 0.00000000 1.00000000 0.00000000 0.00000000 0.00000000 1.00000000 
1700000011.72785 0.255095 0.056571 -0.964260 0.043911 0.016955 -0.111810 0.012760 -0.008333 0.018294 -0.000259 0.001279 -0.003395 0.001158 0.140807 -0.212675 0.052029 0.0000000 1 418.629359 418.629359 505.740581 286.574774 -0.020453 -0.024926 0.019510 -0.005656 -0.660094 0.642445 -0.268559 0.281810 -0.062419 0.031365 0.062150 0 1.00000000 0.00000000 0.00000000 1.00000000 0.00000000 1.00000000 1.00000000 0.00000000 0.00000000 1.00000000 0.00000000 1.00000000 0.00000000 0.00000000 0.00000000 0.00000000 0.00000000 0.00000000 0.00000000 0.00000000 0.00000000 0.00000000 0.00000000 0.00000000 1.00000000 0.00000000 0.00000000 0.00000000 1.00000000 
1700000011.76174 0.255883 0.056978 -0.964034 0.043775 0.016658 -0.110391 0.012246 -0.012889 0.033994 -0.005471 0.001420 -0.003219 0.001081 0.154632 -0.204325 0.062630 0.0000000 1 418.629359 418.629359 505.740581 286.574774 -0.020453 -0.024926 0.019510 -0.005656 -0.660094 0.642445 -0.268559 0.281810 -0.062419 0.031365 0.062150 0 1.00000000 0.00000000 0.00000000 1.00000000 0.00000000 1.00000000 1.00000000 0.00000000 0.00000000 1.00000000 0.00000000 1.00000000 0.00000000 0.00000000 0.00000000 0.00000000 0.00000000 0.00000000 0.00000000 0.00000000 0.00000000 0.00000000 0.00000000 0.00000000 1.00000000 0.00000000 0.00000000 0.00000000 1.00000000 
1700000011.79564 0.256242 0.057212 -0.963951 0.043197 0.016263 -0.108481 0.011728 -0.018378 0.046893 -0.009133 0.001584 -0.002934 0.000843 0.164247 -0.203790 0.068629 0.0000000 1 418.629359 418.629359 505.740581 286.574774 -0.020453 -0.024926 0.019510 -0.005656 -0.660094 0.642445 -0.268559 0.281810 -0.062419 0.031365 0.062150 0 1.00000000 0.00000000 0.00000000 1.00000000 0.00000000 1.00000000 1.00000000 0.00000000 0.00000000 1.00000000 0.00000000 1.00000000 0.00000000 0.00000000 0.00000000 0.00000000 0.00000000 0.00000000 0.00000000 0.00000000 0.00000000 0.00000000 0.00000000 0.00000000 1.00000000 0.00000000 0.00000000 0.00000000 1.00000000 
1700000011.82953 0.257495 0.057613 -0.963642 0.042090 0.015475 -0.105182 0.011177 -0.023960 0.064417 -0.009574 0.001692 -0.002587 0.000751 0.187866 -0.198047 0.082925 0.0000000 1 418.629359 418.629359 505.740581 286.574774 -0.020453 -0.024926 0.019510 -0.005656 -0.660094 0.642445 -0.268559 0.281810 -0.062419 0.031365 0.062150 0 1.00000000 0.00000000 0.00000000 1.00000000 0.00000000 1.00000000 1.00000000 0.00000000 0.00000000 1.00000000 0.00000000 1.00000000 0.00000000 0.00000000 0.00000000 0.00000000 0.00000000 0.00000000 0.00000000 0.00000000 0.00000000 0.00000000 0.00000000 0.00000000 1.00000000 0.00000000 0.00000000 0.00000000 1.00000000 
1700000011.86343 0.258808 0.057832 -0.963326 0.040942 0.014443 -0.100444 0.010548 -0.028054 0.081624 -0.012122 0.001615 -0.002326 0.000743 0.210583 -0.195310 0.096529 0.0000000 1 418.629359 418.629359 505.740581 286.574774 -0.020453 -0.024926 0.019510 -0.005656 -0.660094 0.642445 -0.268559 0.281810 -0.062419 0.031365 0.062150 0 1.00000000 0.00000000 0.00000000 1.00000000 0.00000000 1.00000000 1.00000000 0.00000000 0.00000000 1.00000000 0.00000000 1.00000000 0.00000000 0.00000000 0.00000000 0.00000000 0.00000000 0.00000000 0.00000000 0.00000000 0.00000000 0.00000000 0.00000000 0.00000000 1.00000000 0.00000000 0.00000000 0.00000000 1.00000000 
1700000011.89732 0.258926 0.058382 -0.963317 0.039603 0.013617 -0.096170 0.009695 -0.030771 0.093330 -0.015079 0.001551 -0.001916 0.000498 0.215821 -0.197503 0.099616 0.0000000 1 418.629359 418.629359 505.740581 286.574774 -0.020453 -0.024926 0.019510 -0.005656 -0.660094 0.642445 -0.268559 0.281810 -0.062419 0.031365 0.062150 0 1.00000000 0.00000000 0.00000000 1.00000000 0.00000000 1.00000000 1.00000000 0.00000000 0.00000000 1.00000000 0.00000000 1.00000000 0.00000000 0.00000000 0.00000000 0.00000000 0.00000000 0.00000000 0.00000000 0.00000000 0.00000000 0.00000000 0.00000000 0.00000000 1.00000000 0.00000000 0.00000000 0.00000000 1.00000000 
1700000011.93122 0.259802 0.059207 -0.963106 0.037732 0.012646 -0.091784 0.008719 -0.034325 0.110614 -0.014870 0.001689 -0.001473 0.000521 0.230369 -0.189823 0.110002 0.0000000 1 418.629359 418.629359 505.740581 286.574774 -0.020453 -0.024926 0.019510 -0.005656 -0.660094 0.642445 -0.268559 0.281810 -0.062419 0.031365 0.062150 0 1.00000000 0.00000000 0.00000000 1.00000000 0.00000000 1.00000000 1.00000000 0.00000000 0.00000000 1.00000000 0.00000000 1.00000000 0.00000000 0.00000000 0.00000000 0.00000000 0.00000000 0.00000000 0.00000000 0.00000000 0.00000000 0.00000000 0.00000000 0.00000000 1.00000000 0.00000000 0.00000000 0.00000000 1.00000000 
1700000011.96511 0.260199 0.059505 -0.963066 0.035503 0.011605 -0.087743 0.007724 -0.039079 0.119284 -0.019126 0.002002 -0.001095 0.000478 0.235673 -0.183459 0.114936 0.0000000 1 418.629359 418.629359 505.740581 286.574774 -0.020453 -0.024926 0.019510 -0.005656 -0.660094 0.642445 -0.268559 0.281810 -0.062419 0.031365 0.062150 0 1.00000000 0.00000000 0.00000000 1.00000000 0.00000000 1.00000000 1.00000000 0.00000000 0.00000000 1.00000000 0.00000000 1.00000000 0.00000000 0.00000000 0.00000000 0.00000000 0.00000000 0.00000000 0.00000000 0.00000000 0.00000000 0.00000000 0.00000000 0.00000000 1.00000000 0.00000000 0.00000000 0.00000000 1.00000000 
1700000011.99901 0.260993 0.059655 -0.962946 0.032549 0.010374 -0.083675 0.006767 -0.043586 0.125052 -0.020888 0.002180 -0.000573 0.000423 0.246123 -0.175983 0.121851 0.0000000 1 418.629359 418.629359 505.740581 286.574774 -0.020453 -0.024926 0.019510 -0.005656 -0.660094 0.642445 -0.268559 0.281810 -0.062419 0.031365 0.062150 0 1.00000000 0.00000000 0.00000000 1.00000000 0.00000000 1.00000000 1.00000000 0.00000000 0.00000000 1.00000000 0.00000000 1.00000000 0.00000000 0.00000000 0.00000000 0.00000000 0.00000000 0.00000000 0.00000000 0.00000000 0.00000000 0.00000000 0.00000000 0.00000000 1.00000000 0.00000000 0.00000000 0.00000000 1.00000000 
1700000012.03291 0.262621 0.060061 -0.962574 0.029576 0.008991 -0.079452 0.005733 -0.045091 0.135598 -0.021712 0.002075 -0.000117 0.000680 0.267522 -0.163415 0.136167 0.0000000 1 418.629359 418.629359 505.740581 286.574774 -0.020453 -0.024926 0.019510 -0.005656 -0.660094 0.642445 -0.268559 0.281810 -0.062419 0.031365 0.062150 0 1.00000000 0.00000000 0.00000000 1.00000000 0.00000000 1.00000000 1.00000000 0.00000000 0.00000000 1.00000000 0.00000000 1.00000000 0.00000000 0.00000000 0.00000000 0.00000000 0.00000000 0.00000000 0.00000000 0.00000000 0.00000000 0.00000000 0.00000000 0.00000000 1.00000000 0.00000000 0.00000000 0.00000000 1.00000000 
1700000012.06680 0.263221 0.059980 -0.962485 0.027217 0.007942 -0.074635 0.004541 -0.038118 0.141682 -0.027830 0.001774 0.000171 0.000791 0.276275 -0.164639 0.142009 0.0000000 1 418.629359 418.629359 505.740581 286.574774 -0.020453 -0.024926 0.019510 -0.005656 -0.660094 0.642445 -0.268559 0.281810 -0.062419 0.031365 0.062150 0 1.00000000 0.00000000 0.00000000 1.00000000 0.00000000 1.00000000 1.00000000 0.00000000 0.00000000 1.00000000 0.00000000 1.00000000 0.00000000 0.00000000 0.00000000 0.00000000 0.00000000 0.00000000 0.00000000 0.00000000 0.00000000 0.00000000 0.00000000 0.00000000 1.00000000 0.00000000 0.00000000 0.00000000 1.00000000 
1700000012.10070 0.262306 0.060575 -0.962765 0.024694 0.007059 -0.070089 0.003201 -0.032212 0.139597 -0.032761 0.001414 0.000466 0.000638 0.269079 -0.168223 0.137833 0.0000000 1 418.629359 418.629359 505.740581 286.574774 -0.020453 -0.024926 0.019510 -0.005656 -0.660094 0.642445 -0.268559 0.281810 -0.062419 0.031365 0.062150 0 1.00000000 0.00000000 0.00000000 1.00000000 0.00000000 1.00000000 1.00000000 0.00000000 0.00000000 1.00000000 0.00000000 1.00000000 0.00000000 0.00000000 0.00000000 0.00000000 0.00000000 0.00000000 0.00000000 0.00000000 0.00000000 0.00000000 0.00000000 0.00000000 1.00000000 0.00000000 0.00000000 0.00000000 1.00000000 
1700000012.13459 0.261619 0.062225 -0.962915 0.021862 0.006152 -0.065613 0.001904 -0.031669 0.143526 -0.032044 0.001254 0.000873 0.000491 0.271988 -0.165916 0.139729 0.0000000 1 418.629359 418.629359 505.740581 286.574774 -0.020453 -0.024926 0.019510 -0.005656 -0.660094 0.642445 -0.268559 0.281810 -0.062419 0.031365 0.062150 0 1.00000000 0.00000000 0.00000000 1.00000000 0.00000000 1.00000000 1.00000000 0.00000000 0.00000000 1.00000000 0.00000000 1.00000000 0.00000000 0.00000000 0.00000000 0.00000000 0.00000000 0.00000000 0.00000000 0.00000000 0.00000000 0.00000000 0.00000000 0.00000000 1.00000000 0.00000000 0.00000000 0.00000000 1.00000000 
1700000012.16849 0.261748 0.063828 -0.962837 0.018947 0.005032 -0.060802 0.000888 -0.034701 0.151856 -0.025628 0.001282 0.001153 0.000434 0.284764 -0.161673 0.147092 0.0000000 1 418.629359 418.629359 505.740581 286.574774 -0.020453 -0.024926 0.019510 -0.005656 -0.660094 0.642445 -0.268559 0.281810 -0.062419 0.031365 0.062150 0 1.00000000 0.00000000 0.00000000 1.00000000 0.00000000 1.00000000 1.00000000 0.00000000 0.00000000 1.00000000 0.00000000 1.00000000 0.00000000 0.00000000 0.00000000 0.00000000 0.00000000 0.00000000 0.00000000 0.00000000 0.00000000 0.00000000 0.00000000 0.00000000 1.00000000 0.00000000 0.00000000 0.00000000 1.00000000 
1700000012.20238 0.262128 0.064859 -0.962719 0.015959 0.003661 -0.055670 0.000192 -0.038925 0.157496 -0.020048 0.001561 0.001351 0.000370 0.295864 -0.156474 0.153564 0.0000000 1 418.629359 418.629359 505.740581 286.574774 -0.020453 -0.024926 0.019510 -0.005656 -0.660094 0.642445 -0.268559 0.281810 -0.062419 0.031365 0.062150 0 1.00000000 0.00000000 0.00000000 1.00000000 0.00000000 1.00000000 1.00000000 0.00000000 0.00000000 1.00000000 0.00000000 1.00000000 0.00000000 0.00000000 0.00000000 0.00000000 0.00000000 0.00000000 0.00000000 0.00000000 0.00000000 0.00000000 0.00000000 0.00000000 1.00000000 0.00000000 0.00000000 0.00000000 1.00000000 
1700000012.23628 0.262573 0.065437 -0.962605 0.012813 0.002213 -0.050690 -0.000453 -0.040994 0.158880 -0.020421 0.001596 0.001477 0.000284 0.304133 -0.150756 0.158728 0.0000000 1 418.629359 418.629359 505.740581 286.574774 -0.020453 -0.024926 0.019510 -0.005656 -0.660094 0.642445 -0.268559 0.281810 -0.062419 0.031365 0.062150 0 1.00000000 0.00000000 0.00000000 1.00000000 0.00000000 1.00000000 1.00000000 0.00000000 0.00000000 1.00000000 0.00000000 1.00000000 0.00000000 0.00000000 0.00000000 0.00000000 0.00000000 0.00000000 0.00000000 0.00000000 0.00000000 0.00000000 0.00000000 0.00000000 1.00000000 0.00000000 0.00000000 0.00000000 1.00000000 
1700000012.27017 0.262748 0.065990 -0.962556 0.009699 0.000978 -0.045514 -0.001184 -0.038191 0.158183 -0.019636 0.001317 0.001586 0.000311 0.309008 -0.150419 0.161233 0.0000000 1 418.629359 418.629359 505.740581 286.574774 -0.020453 -0.024926 0.019510 -0.005656 -0.660094 0.642445 -0.268559 0.281810 -0.062419 0.031365 0.062150 0 1.00000000 0.00000000 0.00000000 1.00000000 0.00000000 1.00000000 1.00000000 0.00000000 0.00000000 1.00000000 0.00000000 1.00000000 0.00000000 0.00000000 0.00000000 0.00000000 0.00000000 0.00000000 0.00000000 0.00000000 0.00000000 0.00000000 0.00000000 0.00000000 1.00000000 0.00000000 0.00000000 0.00000000 1.00000000 
1700000012.30407 0.262849 0.066866 -0.962493 0.006853 -0.000224 -0.040556 -0.001929 -0.035230 0.156634 -0.017091 0.001121 0.001644 0.000292 0.312055 -0.147889 0.163544 0.0000000 1 418.629359 418.629359 505.740581 286.574774 -0.020453 -0.024926 0.019510 -0.005656 -0.660094 0.642445 -0.268559 0.281810 -0.062419 0.031365 0.062150 0 1.00000000 0.00000000 0.00000000 1.00000000 0.00000000 1.00000000 1.00000000 0.00000000 0.00000000 1.00000000 0.00000000 1.00000000 0.00000000 0.00000000 0.00000000 0.00000000 0.00000000 0.00000000 0.00000000 0.00000000 0.00000000 0.00000000 0.00000000 0.00000000 1.00000000 0.00000000 0.00000000 0.00000000 1.00000000 
1700000012.33796 0.262894 0.067672 -0.962438 0.004453 -0.001196 -0.035698 -0.002656 -0.028034 0.157552 -0.014533 0.000828 0.001708 0.000364 0.316845 -0.145970 0.166994 0.0000000 1 418.629359 418.629359 505.740581 286.574774 -0.020453 -0.024926 0.019510 -0.005656 -0.660094 0.642445 -0.268559 0.281810 -0.062419 0.031365 0.062150 0 1.00000000 0.00000000 0.00000000 1.00000000 0.00000000 1.00000000 1.00000000 0.00000000 0.00000000 1.00000000 0.00000000 1.00000000 0.00000000 0.00000000 0.00000000 0.00000000 0.00000000 0.00000000 0.00000000 0.00000000 0.00000000 0.00000000 0.00000000 0.00000000 1.00000000 0.00000000 0.00000000 0.00000000 1.00000000 
1700000012.37186 0.262203 0.068650 -0.962565 0.002527 -0.002225 -0.031038 -0.003029 -0.023406 0.150266 -0.014245 0.000641 0.001525 0.000213 0.315545 -0.146619 0.166172 0.0000000 1 418.629359 418.629359 505.740581 286.574774 -0.020453 -0.024926 0.019510 -0.005656 -0.660094 0.642445 -0.268559 0.281810 -0.062419 0.031365 0.062150 0 1.00000000 0.00000000 0.00000000 1.00000000 0.00000000 1.00000000 1.00000000 0.00000000 0.00000000 1.00000000 0.00000000 1.00000000 0.00000000 0.00000000 0.00000000 0.00000000 0.00000000 0.00000000 0.00000000 0.00000000 0.00000000 0.00000000 0.00000000 0.00000000 1.00000000 0.00000000 0.00000000 0.00000000 1.00000000 
1700000012.40576 0.261156 0.070183 -0.962742 0.000714 -0.003138 -0.026498 -0.003470 -0.020316 0.143080 -0.014421 0.000189 0.001416 -0.000014 0.313491 -0.146867 0.164660 0.0000000 1 418.629359 418.629359 505.740581 286.574774 -0.020453 -0.024926 0.019510 -0.005656 -0.660094 0.642445 -0.268559 0.281810 -0.062419 0.031365 0.062150 0 1.00000000 0.00000000 0.00000000 1.00000000 0.00000000 1.00000000 1.00000000 0.00000000 0.00000000 1.00000000 0.00000000 1.00000000 0.00000000 0.00000000 0.00000000 0.00000000 0.00000000 0.00000000 0.00000000 0.00000000 0.00000000 0.00000000 0.00000000 0.00000000 1.00000000 0.00000000 0.00000000 0.00000000 1.00000000 
1700000012.43965 -0.260201 -0.072235 0.962848 0.000736 -0.003783 -0.022207 -0.003619 -0.017722 0.142279 -0.011043 -0.000016 0.001330 -0.000158 0.318655 -0.147379 0.166409 0.0000000 1 418.629359 418.629359 505.740581 286.574774 -0.020453 -0.024926 0.019510 -0.005656 -0.660094 0.642445 -0.268559 0.281810 -0.062419 0.031365 0.062150 0 1.00000000 0.00000000 0.00000000 1.00000000 0.00000000 1.00000000 1.00000000 0.00000000 0.00000000 1.00000000 0.00000000 1.00000000 0.00000000 0.00000000 0.00000000 0.00000000 0.00000000 0.00000000 0.00000000 0.00000000 0.00000000 0.00000000 0.00000000 0.00000000 1.00000000 0.00000000 0.00000000 0.00000000 1.00000000 
1700000012.47355 -0.259489 -0.074368 0.962876 0.002231 -0.004434 -0.018032 -0.003700 -0.020905 0.139535 -0.006544 -0.000080 0.001449 -0.000279 0.322952 -0.146574 0.167517 0.0000000 1 418.629359 418.629359 505.740581 286.574774 -0.020453 -0.024926 0.019510 -0.005656 -0.660094 0.642445 -0.268559 0.281810 -0.062419 0.031365 0.062150 0 1.00000000 0.00000000 0.00000000 1.00000000 0.00000000 1.00000000 1.00000000 0.00000000 0.00000000 1.00000000 0.00000000 1.00000000 0.00000000 0.00000000 0.00000000 0.00000000 0.00000000 0.00000000 0.00000000 0.00000000 0.00000000 0.00000000 0.00000000 0.00000000 1.00000000 0.00000000 0.00000000 0.00000000 1.00000000 
1700000012.50744 -0.259295 -0.076138 0.962786 0.003624 -0.005095 -0.013899 -0.003860 -0.022654 0.140222 -0.003785 0.000155 0.001575 -0.000297 0.327495 -0.145059 0.169880 0.0000000 1 418.629359 418.629359 505.740581 286.574774 -0.020453 -0.024926 0.019510 -0.005656 -0.660094 0.642445 -0.268559 0.281810 -0.062419 0.031365 0.062150 0 1.00000000 0.00000000 0.00000000 1.00000000 0.00000000 1.00000000 1.00000000 0.00000000 0.00000000 1.00000000 0.00000000 1.00000000 0.00000000 0.00000000 0.00000000 0.00000000 0.00000000 0.00000000 0.00000000 0.00000000 0.00000000 0.00000000 0.00000000 0.00000000 1.00000000 0.00000000 0.00000000 0.00000000 1.00000000 
1700000012.54134 -0.259585 -0.077186 0.962618 0.005019 -0.005795 -0.009852 -0.003920 -0.022943 0.138571 -0.002535 0.000373 0.001644 -0.000157 0.331418 -0.143383 0.172099 0.0000000 1 418.629359 418.629359 505.740581 286.574774 -0.020453 -0.024926 0.019510 -0.005656 -0.660094 0.642445 -0.268559 0.281810 -0.062419 0.031365 0.062150 0 1.00000000 0.00000000 0.00000000 1.00000000 0.00000000 1.00000000 1.00000000 0.00000000 0.00000000 1.00000000 0.00000000 1.00000000 0.00000000 0.00000000 0.00000000 0.00000000 0.00000000 0.00000000 0.00000000 0.00000000 0.00000000 0.00000000 0.00000000 0.00000000 1.00000000 0.00000000 0.00000000 0.00000000 1.00000000 
1700000012.57523 -0.259815 -0.078148 0.962471 0.006194 -0.006364 -0.006084 -0.004340 -0.021392 0.130075 -0.007622 0.000293 0.001773 -0.000121 0.332024 -0.143065 0.173040 0.0000000 1 418.629359 418.629359 505.740581 286.574774 -0.020453 -0.024926 0.019510 -0.005656 -0.660094 0.642445 -0.268559 0.281810 -0.062419 0.031365 0.062150 0 1.00000000 0.00000000 0.00000000 1.00000000 0.00000000 1.00000000 1.00000000 0.00000000 0.00000000 1.00000000 0.00000000 1.00000000 0.00000000 0.00000000 0.00000000 0.00000000 0.00000000 0.00000000 0.00000000 0.00000000 0.00000000 0.00000000 0.00000000 0.00000000 1.00000000 0.00000000 0.00000000 0.00000000 1.00000000 
1700000012.60913 -0.259825 -0.079362 0.962360 0.007486 -0.006772 -0.002481 -0.004979 -0.019688 0.124089 -0.009190 0.000314 0.001866 -0.000115 0.330444 -0.144546 0.173005 0.0000000 1 418.629359 418.629359 505.740581 286.574774 -0.020453 -0.024926 0.019510 -0.005656 -0.660094 0.642445 -0.268559 0.281810 -0.062419 0.031365 0.062150 0 1.00000000 0.00000000 0.00000000 1.00000000 0.00000000 1.00000000 1.00000000 0.00000000 0.00000000 1.00000000 0.00000000 1.00000000 0.00000000 0.00000000 0.00000000 0.00000000 0.00000000 0.00000000 0.00000000 0.00000000 0.00000000 0.00000000 0.00000000 0.00000000 1.00000000 0.00000000 0.00000000 0.00000000 1.00000000 
1700000012.64302 -0.260101 -0.080309 0.962195 0.008868 -0.007533 0.001159 -0.005539 -0.022660 0.122609 -0.008466 0.000480 0.001929 -0.000121 0.331398 -0.145315 0.174379 0.0000000 1 418.629359 418.629359 505.740581 286.574774 -0.020453 -0.024926 0.019510 -0.005656 -0.660094 0.642445 -0.268559 0.281810 -0.062419 0.031365 0.062150 0 1.00000000 0.00000000 0.00000000 1.00000000 0.00000000 1.00000000 1.00000000 0.00000000 0.00000000 1.00000000 0.00000000 1.00000000 0.00000000 0.00000000 0.00000000 0.00000000 0.00000000 0.00000000 0.00000000 0.00000000 0.00000000 0.00000000 0.00000000 0.00000000 1.00000000 0.00000000 0.00000000 0.00000000 1.00000000 
1700000012.67692 -0.260278 -0.080932 0.962078 0.010551 -0.008360 0.004620 -0.005967 -0.022654 0.119616 -0.007904 0.000671 0.001883 -0.000042 0.332714 -0.146650 0.175671 0.0000000 1 418.629359 418.629359 505.740581 286.574774 -0.020453 -0.024926 0.019510 -0.005656 -0.660094 0.642445 -0.268559 0.281810 -0.062419 0.031365 0.062150 0 1.00000000 0.00000000 0.00000000 1.00000000 0.00000000 1.00000000 1.00000000 0.00000000 0.00000000 1.00000000 0.00000000 1.00000000 0.00000000 0.00000000 0.00000000 0.00000000 0.00000000 0.00000000 0.00000000 0.00000000 0.00000000 0.00000000 0.00000000 0.00000000 1.00000000 0.00000000 0.00000000 0.00000000 1.00000000 
1700000012.71082 -0.260666 -0.081315 0.961922 0.012147 -0.009375 0.008381 -0.006005 -0.025786 0.122175 -0.002241 0.000662 0.001852 0.000226 0.336020 -0.144859 0.177314 0.0000000 1 418.629359 418.629359 505.740581 286.574774 -0.020453 -0.024926 0.019510 -0.005656 -0.660094 0.642445 -0.268559 0.281810 -0.062419 0.031365 0.062150 0 1.00000000 0.00000000 0.00000000 1.00000000 0.00000000 1.00000000 1.00000000 0.00000000 0.00000000 1.00000000 0.00000000 1.00000000 0.00000000 0.00000000 0.00000000 0.00000000 0.00000000 0.00000000 0.00000000 0.00000000 0.00000000 0.00000000 0.00000000 0.00000000 1.00000000 0.00000000 0.00000000 0.00000000 1.00000000 
1700000012.74471 -0.260862 -0.081551 0.961835 0.013217 -0.010397 0.012263 -0.005877 -0.027004 0.123049 0.001619 0.000720 0.001777 0.000332 0.338857 -0.144263 0.178700 0.0000000 1 418.629359 418.629359 505.740581 286.574774 -0.020453 -0.024926 0.019510 -0.005656 -0.660094 0.642445 -0.268559 0.281810 -0.062419 0.031365 0.062150 0 1.00000000 0.00000000 0.00000000 1.00000000 0.00000000 1.00000000 1.00000000 0.00000000 0.00000000 1.00000000 0.00000000 1.00000000 0.00000000 0.00000000 0.00000000 0.00000000 0.00000000 0.00000000 0.00000000 0.00000000 0.00000000 0.00000000 0.00000000 0.00000000 1.00000000 0.00000000 0.00000000 0.00000000 1.00000000 
1700000012.77861 -0.260760 -0.082123 0.961797 0.014383 -0.011329 0.015791 -0.005714 -0.029361 0.117017 0.002191 0.000561 0.001849 0.000239 0.343353 -0.142365 0.180722 0.0000000 1 418.629359 418.629359 505.740581 286.574774 -0.020453 -0.024926 0.019510 -0.005656 -0.660094 0.642445 -0.268559 0.281810 -0.062419 0.031365 0.062150 0 1.00000000 0.00000000 0.00000000 1.00000000 0.00000000 1.00000000 1.00000000 0.00000000 0.00000000 1.00000000 0.00000000 1.00000000 0.00000000 0.00000000 0.00000000 0.00000000 0.00000000 0.00000000 0.00000000 0.00000000 0.00000000 0.00000000 0.00000000 0.00000000 1.00000000 0.00000000 0.00000000 0.00000000 1.00000000 
1700000012.81250 -0.260332 -0.083264 0.961791 0.015895 -0.012208 0.019294 -0.005760 -0.028224 0.114108 0.001212 0.000490 0.001926 0.000070 0.346845 -0.142456 0.182695 0.0000000 1 418.629359 418.629359 505.740581 286.574774 -0.020453 -0.024926 0.019510 -0.005656 -0.660094 0.642445 -0.268559 0.281810 -0.062419 0.031365 0.062150 0 1.00000000 0.00000000 0.00000000 1.00000000 0.00000000 1.00000000 1.00000000 0.00000000 0.00000000 1.00000000 0.00000000 1.00000000 0.00000000 0.00000000 0.00000000 0.00000000 0.00000000 0.00000000 0.00000000 0.00000000 0.00000000 0.00000000 0.00000000 0.00000000 1.00000000 0.00000000 0.00000000 0.00000000 1.00000000 
1700000012.84640 -0.259547 -0.084461 0.961861 0.018054 -0.013284 0.022849 -0.005752 -0.026860 0.114245 0.000590 0.000486 0.001841 0.000085 0.350620 -0.143272 0.184955 0.0000000 1 418.629359 418.629359 505.740581 286.574774 -0.020453 -0.024926 0.019510 -0.005656 -0.660094 0.642445 -0.268559 0.281810 -0.062419 0.031365 0.062150 0 1.00000000 0.00000000 0.00000000 1.00000000 0.00000000 1.00000000 1.00000000 0.00000000 0.00000000 1.00000000 0.00000000 1.00000000 0.00000000 0.00000000 0.00000000 0.00000000 0.00000000 0.00000000 0.00000000 0.00000000 0.00000000 0.00000000 0.00000000 0.00000000 1.00000000 0.00000000 0.00000000 0.00000000 1.00000000 
1700000012.88029 -0.258563 -0.085854 0.961961 0.020160 -0.014401 0.026532 -0.005463 -0.031027 0.114289 0.002857 0.000445 0.001888 0.000150 0.355057 -0.140649 0.186889 0.0000000 1 418.629359 418.629359 505.740581 286.574774 -0.020453 -0.024926 0.019510 -0.005656 -0.660094 0.642445 -0.268559 0.281810 -0.062419 0.031365 0.062150 0 1.00000000 0.00000000 0.00000000 1.00000000 0.00000000 1.00000000 1.00000000 0.00000000 0.00000000 1.00000000 0.00000000 1.00000000 0.00000000 0.00000000 0.00000000 0.00000000 0.00000000 0.00000000 0.00000000 0.00000000 0.00000000 0.00000000 0.00000000 0.00000000 1.00000000 0.00000000 0.00000000 0.00000000 1.00000000 
1700000012.91419 -0.257726 -0.087226 0.962008 0.022569 -0.015632 0.030335 -0.005037 -0.034542 0.116143 0.008168 0.000570 0.002063 0.000298 0.357490 -0.137390 0.187638 0.0000000 1 418.629359 418.629359 505.740581 286.574774 -0.020453 -0.024926 0.019510 -0.005656 -0.660094 0.642445 -0.268559 0.281810 -0.062419 0.031365 0.062150 0 1.00000000 0.00000000 0.00000000 1.00000000 0.00000000 1.00000000 1.00000000 0.00000000 0.00000000 1.00000000 0.00000000 1.00000000 0.00000000 0.00000000 0.00000000 0.00000000 0.00000000 0.00000000 0.00000000 0.00000000 0.00000000 0.00000000 0.00000000 0.00000000 1.00000000 0.00000000 0.00000000 0.00000000 1.00000000 
1700000012.94808 -0.257074 -0.087921 0.962068 0.024667 -0.016980 0.034685 -0.004412 -0.037015 0.122534 0.013056 0.000746 0.002166 0.000569 0.354902 -0.135169 0.185494 0.0000000 1 418.629359 418.629359 505.740581 286.574774 -0.020453 -0.024926 0.019510 -0.005656 -0.660094 0.642445 -0.268559 0.281810 -0.062419 0.031365 0.062150 0 1.00000000 0.00000000 0.00000000 1.00000000 0.00000000 1.00000000 1.00000000 0.00000000 0.00000000 1.00000000 0.00000000 1.00000000 0.00000000 0.00000000 0.00000000 0.00000000 0.00000000 0.00000000 0.00000000 0.00000000 0.00000000 0.00000000 0.00000000 0.00000000 1.00000000 0.00000000 0.00000000 0.00000000 1.00000000 
1700000012.98198 -0.256868 -0.088056 0.962058 0.026627 -0.018350 0.038600 -0.003962 -0.037242 0.119711 0.011535 0.000974 0.002230 0.000621 0.356499 -0.137437 0.185995 0.0000000 1 418.629359 418.629359 505.740581 286.574774 -0.020453 -0.024926 0.019510 -0.005656 -0.660094 0.642445 -0.268559 0.281810 -0.062419 0.031365 0.062150 0 1.00000000 0.00000000 0.00000000 1.00000000 0.00000000 1.00000000 1.00000000 0.00000000 0.00000000 1.00000000 0.00000000 1.00000000 0.00000000 0.00000000 0.00000000 0.00000000 0.00000000 0.00000000 0.00000000 0.00000000 0.00000000 0.00000000 0.00000000 0.00000000 1.00000000 0.00000000 0.00000000 0.00000000 1.00000000 
1700000013.01587 -0.256676 -0.088142 0.962038 0.028841 -0.019599 0.042346 -0.003759 -0.034615 0.114343 0.005355 0.000918 0.002279 0.000704 0.358885 -0.140536 0.187091 0.0000000 1 418.629359 418.629359 505.740581 286.574774 -0.020453 -0.024926 0.019510 -0.005656 -0.660094 0.642445 -0.268559 0.281810 -0.062419 0.031365 0.062150 0 1.00000000 0.00000000 0.00000000 1.00000000 0.00000000 1.00000000 1.00000000 0.00000000 0.00000000 1.00000000 0.00000000 1.00000000 0.00000000 0.00000000 0.00000000 0.00000000 0.00000000 0.00000000 0.00000000 0.00000000 0.00000000 0.00000000 0.00000000 0.00000000 1.00000000 0.00000000 0.00000000 0.00000000 1.00000000 
1700000013.04977 -0.256272 -0.088743 0.962024 0.030986 -0.020624 0.045997 -0.003957 -0.031603 0.108890 -0.001734 0.000735 0.002384 0.000754 0.360805 -0.145127 0.188098 0.0000000 1 418.629359 418.629359 505.740581 286.574774 -0.020453 -0.024926 0.019510 -0.005656 -0.660094 0.642445 -0.268559 0.281810 -0.062419 0.031365 0.062150 0 1.00000000 0.00000000 0.00000000 1.00000000 0.00000000 1.00000000 1.00000000 0.00000000 0.00000000 1.00000000 0.00000000 1.00000000 0.00000000 0.00000000 0.00000000 0.00000000 0.00000000 0.00000000 0.00000000 0.00000000 0.00000000 0.00000000 0.00000000 0.00000000 1.00000000 0.00000000 0.00000000 0.00000000 1.00000000 
1700000013.08367 -0.255782 -0.089406 0.962019 0.033179 -0.021685 0.049721 -0.004216 -0.028397 0.107899 -0.004299 0.000776 0.002493 0.000873 0.360165 -0.149566 0.187487 0.0000000 1 418.629359 418.629359 505.740581 286.574774 -0.020453 -0.024926 0.019510 -0.005656 -0.660094 0.642445 -0.268559 0.281810 -0.062419 0.031365 0.062150 0 1.00000000 0.00000000 0.00000000 1.00000000 0.00000000 1.00000000 1.00000000 0.00000000 0.00000000 1.00000000 0.00000000 1.00000000 0.00000000 0.00000000 0.00000000 0.00000000 0.00000000 0.00000000 0.00000000 0.00000000 0.00000000 0.00000000 0.00000000 0.00000000 1.00000000 0.00000000 0.00000000 0.00000000 1.00000000 
1700000013.11756 -0.255269 -0.089826 0.962054 0.034933 -0.022709 0.053674 -0.004324 -0.028015 0.108768 -0.004164 0.000730 0.002641 0.001067 0.355564 -0.151810 0.184252 0.0000000 1 418.629359 418.629359 505.740581 286.574774 -0.020453 -0.024926 0.019510 -0.005656 -0.660094 0.642445 -0.268559 0.281810 -0.062419 0.031365 0.062150 0 1.00000000 0.00000000 0.00000000 1.00000000 0.00000000 1.00000000 1.00000000 0.00000000 0.00000000 1.00000000 0.00000000 1.00000000 0.00000000 0.00000000 0.00000000 0.00000000 0.00000000 0.00000000 0.00000000 0.00000000 0.00000000 0.00000000 0.00000000 0.00000000 1.00000000 0.00000000 0.00000000 0.00000000 1.00000000 
1700000013.15146 -0.255381 -0.090414 0.961918 0.036331 -0.023491 0.057063 -0.004619 -0.023485 0.100843 -0.005485 0.000702 0.002832 0.001119 0.358805 -0.154371 0.185814 0.0000000 1 418.629359 418.629359 505.740581 286.574774 -0.020453 -0.024926 0.019510 -0.005656 -0.660094 0.642445 -0.268559 0.281810 -0.062419 0.031365 0.062150 0 1.00000000 0.00000000 0.00000000 1.00000000 0.00000000 1.00000000 1.00000000 0.00000000 0.00000000 1.00000000 0.00000000 1.00000000 0.00000000 0.00000000 0.00000000 0.00000000 0.00000000 0.00000000 0.00000000 0.00000000 0.00000000 0.00000000 0.00000000 0.00000000 1.00000000 0.00000000 0.00000000 0.00000000 1.00000000 
1700000013.18535 -0.255374 -0.090769 0.961837 0.037615 -0.024229 0.060350 -0.005043 -0.019555 0.092994 -0.008608 0.000632 0.002889 0.001115 0.359809 -0.160706 0.185859 0.0000000 1 418.629359 418.629359 505.740581 286.574774 -0.020453 -0.024926 0.019510 -0.005656 -0.660094 0.642445 -0.268559 0.281810 -0.062419 0.031365 0.062150 0 1.00000000 0.00000000 0.00000000 1.00000000 0.00000000 1.00000000 1.00000000 0.00000000 0.00000000 1.00000000 0.00000000 1.00000000 0.00000000 0.00000000 0.00000000 0.00000000 0.00000000 0.00000000 0.00000000 0.00000000 0.00000000 0.00000000 0.00000000 0.00000000 1.00000000 0.00000000 0.00000000 0.00000000 1.00000000 
1700000013.21925 -0.255355 -0.091400 0.961736 0.038779 -0.024785 0.063292 -0.005426 -0.014377 0.083076 -0.008032 0.000543 0.002988 0.001150 0.360775 -0.164564 0.185834 0.0000000 1 418.629359 418.629359 505.740581 286.574774 -0.020453 -0.024926 0.019510 -0.005656 -0.660094 0.642445 -0.268559 0.281810 -0.062419 0.031365 0.062150 0 1.00000000 0.00000000 0.00000000 1.00000000 0.00000000 1.00000000 1.00000000 0.00000000 0.00000000 1.00000000 0.00000000 1.00000000 0.00000000 0.00000000 0.00000000 0.00000000 0.00000000 0.00000000 0.00000000 0.00000000 0.00000000 0.00000000 0.00000000 0.00000000 1.00000000 0.00000000 0.00000000 0.00000000 1.00000000 
1700000013.25314 -0.255360 -0.091807 0.961663 0.039586 -0.025325 0.065995 -0.005658 -0.010377 0.075357 -0.006331 0.000504 0.002932 0.001289 0.359670 -0.169087 0.184517 0.0000000 1 418.629359 418.629359 505.740581 286.574774 -0.020453 -0.024926 0.019510 -0.005656 -0.660094 0.642445 -0.268559 0.281810 -0.062419 0.031365 0.062150 0 1.00000000 0.00000000 0.00000000 1.00000000 0.00000000 1.00000000 1.00000000 0.00000000 0.00000000 1.00000000 0.00000000 1.00000000 0.00000000 0.00000000 0.00000000 0.00000000 0.00000000 0.00000000 0.00000000 0.00000000 0.00000000 0.00000000 0.00000000 0.00000000 1.00000000 0.00000000 0.00000000 0.00000000 1.00000000 
1700000013.28704 -0.255619 -0.092380 0.961516 0.040153 -0.025604 0.067958 -0.005827 -0.006508 0.060528 -0.006662 0.000505 0.002882 0.001300 0.364710 -0.170500 0.187007 0.0000000 1 418.629359 418.629359 505.740581 286.574774 -0.020453 -0.024926 0.019510 -0.005656 -0.660094 0.642445 -0.268559 0.281810 -0.062419 0.031365 0.062150 0 1.00000000 0.00000000 0.00000000 1.00000000 0.00000000 1.00000000 1.00000000 0.00000000 0.00000000 1.00000000 0.00000000 1.00000000 0.00000000 0.00000000 0.00000000 0.00000000 0.00000000 0.00000000 0.00000000 0.00000000 0.00000000 0.00000000 0.00000000 0.00000000 1.00000000 0.00000000 0.00000000 0.00000000 1.00000000 
1700000013.32093 -0.255820 -0.093018 0.961374 0.040785 -0.025732 0.069332 -0.005920 -0.003122 0.045382 -0.006956 0.000515 0.002805 0.001307 0.370136 -0.169901 0.189829 0.0000000 1 418.629359 418.629359 505.740581 286.574774 -0.020453 -0.024926 0.019510 -0.005656 -0.660094 0.642445 -0.268559 0.281810 -0.062419 0.031365 0.062150 0 1.00000000 0.00000000 0.00000000 1.00000000 0.00000000 1.00000000 1.00000000 0.00000000 0.00000000 1.00000000 0.00000000 1.00000000 0.00000000 0.00000000 0.00000000 0.00000000 0.00000000 0.00000000 0.00000000 0.00000000 0.00000000 0.00000000 0.00000000 0.00000000 1.00000000 0.00000000 0.00000000 0.00000000 1.00000000 
1700000013.35483 -0.256040 -0.093607 0.961237 0.041284 -0.025872 0.070317 -0.005937 -0.001311 0.032730 -0.005730 0.000544 0.002764 0.001373 0.374106 -0.169012 0.191607 0.0000000 1 418.629359 418.629359 505.740581 286.574774 -0.020453 -0.024926 0.019510 -0.005656 -0.660094 0.642445 -0.268559 0.281810 -0.062419 0.031365 0.062150 0 1.00000000 0.00000000 0.00000000 1.00000000 0.00000000 1.00000000 1.00000000 0.00000000 0.00000000 1.00000000 0.00000000 1.00000000 0.00000000 0.00000000 0.00000000 0.00000000 0.00000000 0.00000000 0.00000000 0.00000000 0.00000000 0.00000000 0.00000000 0.00000000 1.00000000 0.00000000 0.00000000 0.00000000 1.00000000 
1700000013.38873 -0.256276 -0.093800 0.961148 0.041449 -0.025938 0.071060 -0.005933 0.000149 0.022254 -0.004520 0.000606 0.002739 0.001480 0.374688 -0.169087 0.191429 0.0000000 1 418.629359 418.629359 505.740581 286.574774 -0.020453 -0.024926 0.019510 -0.005656 -0.660094 0.642445 -0.268559 0.281810 -0.062419 0.031365 0.062150 0 1.00000000 0.00000000 0.00000000 1.00000000 0.00000000 1.00000000 1.00000000 0.00000000 0.00000000 1.00000000 0.00000000 1.00000000 0.00000000 0.00000000 0.00000000 0.00000000 0.00000000 0.00000000 0.00000000 0.00000000 0.00000000 0.00000000 0.00000000 0.00000000 1.00000000 0.00000000 0.00000000 0.00000000 1.00000000 
1700000013.42262 -0.256915 -0.093793 0.960979 0.041436 -0.025905 0.071101 -0.006150 0.002443 0.008230 -0.007365 0.000637 0.002669 0.001510 0.380748 -0.173313 0.194283 0.0000000 1 418.629359 418.629359 505.740581 286.574774 -0.020453 -0.024926 0.019510 -0.005656 -0.660094 0.642445 -0.268559 0.281810 -0.062419 0.031365 0.062150 0 1.00000000 0.00000000 0.00000000 1.00000000 0.00000000 1.00000000 1.00000000 0.00000000 0.00000000 1.00000000 0.00000000 1.00000000 0.00000000 0.00000000 0.00000000 0.00000000 0.00000000 0.00000000 0.00000000 0.00000000 0.00000000 0.00000000 0.00000000 0.00000000 1.00000000 0.00000000 0.00000000 0.00000000 1.00000000 
1700000013.45652 -0.257276 -0.093736 0.960896 0.041257 -0.025889 0.071034 -0.006442 0.003837 -0.001218 -0.009147 0.000575 0.002660 0.001561 0.382109 -0.178280 0.194170 0.0000000 1 418.629359 418.629359 505.740581 286.574774 -0.020453 -0.024926 0.019510 -0.005656 -0.660094 0.642445 -0.268559 0.281810 -0.062419 0.031365 0.062150 0 1.00000000 0.00000000 0.00000000 1.00000000 0.00000000 1.00000000 1.00000000 0.00000000 0.00000000 1.00000000 0.00000000 1.00000000 0.00000000 0.00000000 0.00000000 0.00000000 0.00000000 0.00000000 0.00000000 0.00000000 0.00000000 0.00000000 0.00000000 0.00000000 1.00000000 0.00000000 0.00000000 0.00000000 1.00000000 
1700000013.49041 -0.257858 -0.093711 0.960759 0.040856 -0.025755 0.070616 -0.006805 0.007815 -0.009967 -0.008173 0.000615 0.002603 0.001560 0.384303 -0.183850 0.194754 0.0000000 1 418.629359 418.629359 505.740581 286.574774 -0.020453 -0.024926 0.019510 -0.005656 -0.660094 0.642445 -0.268559 0.281810 -0.062419 0.031365 0.062150 0 1.00000000 0.00000000 0.00000000 1.00000000 0.00000000 1.00000000 1.00000000 0.00000000 0.00000000 1.00000000 0.00000000 1.00000000 0.00000000 0.00000000 0.00000000 0.00000000 0.00000000 0.00000000 0.00000000 0.00000000 0.00000000 0.00000000 0.00000000 0.00000000 1.00000000 0.00000000 0.00000000 0.00000000 1.00000000 
1700000013.52431 -0.258323 -0.093373 0.960691 0.040291 -0.025537 0.069946 -0.007126 0.010826 -0.018056 -0.007775 0.000698 0.002511 0.001568 0.385615 -0.190030 0.194783 0.0000000 1 418.629359 418.629359 505.740581 286.574774 -0.020453 -0.024926 0.019510 -0.005656 -0.660094 0.642445 -0.268559 0.281810 -0.062419 0.031365 0.062150 0 1.00000000 0.00000000 0.00000000 1.00000000 0.00000000 1.00000000 1.00000000 0.00000000 0.00000000 1.00000000 0.00000000 1.00000000 0.00000000 0.00000000 0.00000000 0.00000000 0.00000000 0.00000000 0.00000000 0.00000000 0.00000000 0.00000000 0.00000000 0.00000000 1.00000000 0.00000000 0.00000000 0.00000000 1.00000000 
1700000013.55820 -0.258839 -0.092861 0.960626 0.039713 -0.025257 0.069019 -0.007382 0.013812 -0.026220 -0.008625 0.000794 0.002347 0.001520 0.386981 -0.194980 0.194935 0.0000000 1 418.629359 418.629359 505.740581 286.574774 -0.020453 -0.024926 0.019510 -0.005656 -0.660094 0.642445 -0.268559 0.281810 -0.062419 0.031365 0.062150 0 1.00000000 0.00000000 0.00000000 1.00000000 0.00000000 1.00000000 1.00000000 0.00000000 0.00000000 1.00000000 0.00000000 1.00000000 0.00000000 0.00000000 0.00000000 0.00000000 0.00000000 0.00000000 0.00000000 0.00000000 0.00000000 0.00000000 0.00000000 0.00000000 1.00000000 0.00000000 0.00000000 0.00000000 1.00000000 
1700000013.59210 -0.259153 -0.092419 0.960606 0.039168 -0.024845 0.067879 -0.007545 0.016289 -0.034583 -0.010209 0.000790 0.002206 0.001491 0.388107 -0.195505 0.195228 0.0000000 1 418.629359 418.629359 505.740581 286.574774 -0.020453 -0.024926 0.019510 -0.005656 -0.660094 0.642445 -0.268559 0.281810 -0.062419 0.031365 0.062150 0 1.00000000 0.00000000 0.00000000 1.00000000 0.00000000 1.00000000 1.00000000 0.00000000 0.00000000 1.00000000 0.00000000 1.00000000 0.00000000 0.00000000 0.00000000 0.00000000 0.00000000 0.00000000 0.00000000 0.00000000 0.00000000 0.00000000 0.00000000 0.00000000 1.00000000 0.00000000 0.00000000 0.00000000 1.00000000 
1700000013.62599 -0.259485 -0.092307 0.960556 0.038467 -0.024298 0.066564 -0.007683 0.019316 -0.041601 -0.010245 0.000620 0.002115 0.001506 0.388376 -0.193684 0.195139 0.0000000 1 418.629359 418.629359 505.740581 286.574774 -0.020453 -0.024926 0.019510 -0.005656 -0.660094 0.642445 -0.268559 0.281810 -0.062419 0.031365 0.062150 0 1.00000000 0.00000000 0.00000000 1.00000000 0.00000000 1.00000000 1.00000000 0.00000000 0.00000000 1.00000000 0.00000000 1.00000000 0.00000000 0.00000000 0.00000000 0.00000000 0.00000000 0.00000000 0.00000000 0.00000000 0.00000000 0.00000000 0.00000000 0.00000000 1.00000000 0.00000000 0.00000000 0.00000000 1.00000000 
1700000013.65989 -0.259777 -0.092389 0.960511 0.037411 -0.023589 0.065024 -0.007985 0.022409 -0.048011 -0.011211 0.000513 0.002084 0.001459 0.388627 -0.193309 0.195162 0.0000000 1 418.629359 418.629359 505.740581 286.574774 -0.020453 -0.024926 0.019510 -0.005656 -0.660094 0.642445 -0.268559 0.281810 -0.062419 0.031365 0.062150 0 1.00000000 0.00000000 0.00000000 1.00000000 0.00000000 1.00000000 1.00000000 0.00000000 0.00000000 1.00000000 0.00000000 1.00000000 0.00000000 0.00000000 0.00000000 0.00000000 0.00000000 0.00000000 0.00000000 0.00000000 0.00000000 0.00000000 0.00000000 0.00000000 1.00000000 0.00000000 0.00000000 0.00000000 1.00000000 
1700000013.69378 -0.260162 -0.092282 0.960463 0.036200 -0.022911 0.063245 -0.008402 0.023358 -0.053620 -0.012266 0.000513 0.002015 0.001395 0.388909 -0.196923 0.194866 0.0000000 1 418.629359 418.629359 505.740581 286.574774 -0.020453 -0.024926 0.019510 -0.005656 -0.660094 0.642445 -0.268559 0.281810 -0.062419 0.031365 0.062150 0 1.00000000 0.00000000 0.00000000 1.00000000 0.00000000 1.00000000 1.00000000 0.00000000 0.00000000 1.00000000 0.00000000 1.00000000 0.00000000 0.00000000 0.00000000 0.00000000 0.00000000 0.00000000 0.00000000 0.00000000 0.00000000 0.00000000 0.00000000 0.00000000 1.00000000 0.00000000 0.00000000 0.00000000 1.00000000 
1700000013.72768 -0.260632 -0.092117 0.960399 0.034926 -0.022199 0.061292 -0.008743 0.023980 -0.058751 -0.012018 0.000569 0.001965 0.001353 0.388622 -0.198563 0.194332 0.0000000 1 418.629359 418.629359 505.740581 286.574774 -0.020453 -0.024926 0.019510 -0.005656 -0.660094 0.642445 -0.268559 0.281810 -0.062419 0.031365 0.062150 0 1.00000000 0.00000000 0.00000000 1.00000000 0.00000000 1.00000000 1.00000000 0.00000000 0.00000000 1.00000000 0.00000000 1.00000000 0.00000000 0.00000000 0.00000000 0.00000000 0.00000000 0.00000000 0.00000000 0.00000000 0.00000000 0.00000000 0.00000000 0.00000000 1.00000000 0.00000000 0.00000000 0.00000000 1.00000000 
1700000013.76158 -0.261103 -0.091820 0.960349 0.033532 -0.021415 0.059217 -0.009183 0.026397 -0.063764 -0.013341 0.000579 0.001876 0.001272 0.387766 -0.200982 0.193602 0.0000000 1 418.629359 418.629359 505.740581 286.574774 -0.020453 -0.024926 0.019510 -0.005656 -0.660094 0.642445 -0.268559 0.281810 -0.062419 0.031365 0.062150 0 1.00000000 0.00000000 0.00000000 1.00000000 0.00000000 1.00000000 1.00000000 0.00000000 0.00000000 1.00000000 0.00000000 1.00000000 0.00000000 0.00000000 0.00000000 0.00000000 0.00000000 0.00000000 0.00000000 0.00000000 0.00000000 0.00000000 0.00000000 0.00000000 1.00000000 0.00000000 0.00000000 0.00000000 1.00000000 
1700000013.79547 -0.261523 -0.091386 0.960323 0.032149 -0.020647 0.056871 -0.009645 0.027153 -0.068853 -0.013042 0.000615 0.001706 0.001248 0.387353 -0.205288 0.192956 0.0000000 1 418.629359 418.629359 505.740581 286.574774 -0.020453 -0.024926 0.019510 -0.005656 -0.660094 0.642445 -0.268559 0.281810 -0.062419 0.031365 0.062150 0 1.00000000 0.00000000 0.00000000 1.00000000 0.00000000 1.00000000 1.00000000 0.00000000 0.00000000 1.00000000 0.00000000 1.00000000 0.00000000 0.00000000 0.00000000 0.00000000 0.00000000 0.00000000 0.00000000 0.00000000 0.00000000 0.00000000 0.00000000 0.00000000 1.00000000 0.00000000 0.00000000 0.00000000 1.00000000 
1700000013.82937 -0.261880 -0.090866 0.960322 0.030725 -0.019935 0.054384 -0.009909 0.025993 -0.073672 -0.011269 0.000646 0.001515 0.001255 0.386764 -0.207270 0.192196 0.0000000 1 418.629359 418.629359 505.740581 286.574774 -0.020453 -0.024926 0.019510 -0.005656 -0.660094 0.642445 -0.268559 0.281810 -0.062419 0.031365 0.062150 0 1.00000000 0.00000000 0.00000000 1.00000000 0.00000000 1.00000000 1.00000000 0.00000000 0.00000000 1.00000000 0.00000000 1.00000000 0.00000000 0.00000000 0.00000000 0.00000000 0.00000000 0.00000000 0.00000000 0.00000000 0.00000000 0.00000000 0.00000000 0.00000000 1.00000000 0.00000000 0.00000000 0.00000000 1.00000000 
1700000013.86326 -0.262165 -0.090345 0.960342 0.029177 -0.019327 0.051790 -0.010131 0.024484 -0.078310 -0.010221 0.000664 0.001298 0.001168 0.386000 -0.209437 0.191282 0.0000000 1 418.629359 418.629359 505.740581 286.574774 -0.020453 -0.024926 0.019510 -0.005656 -0.660094 0.642445 -0.268559 0.281810 -0.062419 0.031365 0.062150 0 1.00000000 0.00000000 0.00000000 1.00000000 0.00000000 1.00000000 1.00000000 0.00000000 0.00000000 1.00000000 0.00000000 1.00000000 0.00000000 0.00000000 0.00000000 0.00000000 0.00000000 0.00000000 0.00000000 0.00000000 0.00000000 0.00000000 0.00000000 0.00000000 1.00000000 0.00000000 0.00000000 0.00000000 1.00000000 
1700000013.89716 -0.262330 -0.089766 0.960393 0.027750 -0.018910 0.048986 -0.010299 0.020948 -0.084020 -0.008054 0.000740 0.001127 0.000987 0.385734 -0.212360 0.190369 0.0000000 1 418.629359 418.629359 505.740581 286.574774 -0.020453 -0.024926 0.019510 -0.005656 -0.660094 0.642445 -0.268559 0.281810 -0.062419 0.031365 0.062150 0 1.00000000 0.00000000 0.00000000 1.00000000 0.00000000 1.00000000 1.00000000 0.00000000 0.00000000 1.00000000 0.00000000 1.00000000 0.00000000 0.00000000 0.00000000 0.00000000 0.00000000 0.00000000 0.00000000 0.00000000 0.00000000 0.00000000 0.00000000 0.00000000 1.00000000 0.00000000 0.00000000 0.00000000 1.00000000 
1700000013.93105 -0.262580 -0.089399 0.960389 0.026694 -0.018218 0.046123 -0.010170 0.023094 -0.088236 -0.002307 0.000767 0.000970 0.001011 0.385026 -0.208602 0.189917 0.0000000 1 418.629359 418.629359 505.740581 286.574774 -0.020453 -0.024926 0.019510 -0.005656 -0.660094 0.642445 -0.268559 0.281810 -0.062419 0.031365 0.062150 0 1.00000000 0.00000000 0.00000000 1.00000000 0.00000000 1.00000000 1.00000000 0.00000000 0.00000000 1.00000000 0.00000000 1.00000000 0.00000000 0.00000000 0.00000000 0.00000000 0.00000000 0.00000000 0.00000000 0.00000000 0.00000000 0.00000000 0.00000000 0.00000000 1.00000000 0.00000000 0.00000000 0.00000000 1.00000000 
1700000013.96495 -0.262818 -0.088551 0.960436 0.025446 -0.017687 0.043214 -0.010016 0.025063 -0.092045 0.001396 0.000909 0.000676 0.000935 0.382366 -0.209984 0.188082 0.0000000 1 418.629359 418.629359 505.740581 286.574774 -0.020453 -0.024926 0.019510 -0.005656 -0.660094 0.642445 -0.268559 0.281810 -0.062419 0.031365 0.062150 0 1.00000000 0.00000000 0.00000000 1.00000000 0.00000000 1.00000000 1.00000000 0.00000000 0.00000000 1.00000000 0.00000000 1.00000000 0.00000000 0.00000000 0.00000000 0.00000000 0.00000000 0.00000000 0.00000000 0.00000000 0.00000000 0.00000000 0.00000000 0.00000000 1.00000000 0.00000000 0.00000000 0.00000000 1.00000000 
1700000013.99884 -0.262943 -0.087419 0.960538 0.024204 -0.017153 0.040177 -0.009553 0.024840 -0.096614 0.005912 0.001006 0.000331 0.000990 0.379956 -0.209907 0.186310 0.0000000 1 418.629359 418.629359 505.740581 286.574774 -0.020453 -0.024926 0.019510 -0.005656 -0.660094 0.642445 -0.268559 0.281810 -0.062419 0.031365 0.062150 0 1.00000000 0.00000000 0.00000000 1.00000000 0.00000000 1.00000000 1.00000000 0.00000000 0.00000000 1.00000000 0.00000000 1.00000000 0.00000000 0.00000000 0.00000000 0.00000000 0.00000000 0.00000000 0.00000000 0.00000000 0.00000000 0.00000000 0.00000000 0.00000000 1.00000000 0.00000000 0.00000000 0.00000000 1.00000000 
1700000014.03274 -0.263088 -0.086257 0.960642 0.022616 -0.016595 0.036920 -0.008903 0.023603 -0.104500 0.009997 0.000996 0.000087 0.000945 0.378757 -0.208419 0.185146 0.0000000 1 418.629359 418.629359 505.740581 286.574774 -0.020453 -0.024926 0.019510 -0.005656 -0.660094 0.642445 -0.268559 0.281810 -0.062419 0.031365 0.062150 0 1.00000000 0.00000000 0.00000000 1.00000000 0.00000000 1.00000000 1.00000000 0.00000000 0.00000000 1.00000000 0.00000000 1.00000000 0.00000000 0.00000000 0.00000000 0.00000000 0.00000000 0.00000000 0.00000000 0.00000000 0.00000000 0.00000000 0.00000000 0.00000000 1.00000000 0.00000000 0.00000000 0.00000000 1.00000000 
1700000014.06664 -0.263181 -0.085106 0.960757 0.020948 -0.015813 0.033118 -0.008573 0.025227 -0.114380 0.009891 0.000950 -0.000067 0.000966 0.378180 -0.209904 0.184786 0.0000000 1 418.629359 418.629359 505.740581 286.574774 -0.020453 -0.024926 0.019510 -0.005656 -0.660094 0.642445 -0.268559 0.281810 -0.062419 0.031365 0.062150 0 1.00000000 0.00000000 0.00000000 1.00000000 0.00000000 1.00000000 1.00000000 0.00000000 0.00000000 1.00000000 0.00000000 1.00000000 0.00000000 0.00000000 0.00000000 0.00000000 0.00000000 0.00000000 0.00000000 0.00000000 0.00000000 0.00000000 0.00000000 0.00000000 1.00000000 0.00000000 0.00000000 0.00000000 1.00000000 
1700000014.10053 -0.263162 -0.083892 0.960909 0.019044 -0.014952 0.029064 -0.008184 0.027343 -0.122248 0.010431 0.000851 -0.000216 0.001056 0.377070 -0.210839 0.184087 0.0000000 1 418.629359 418.629359 505.740581 286.574774 -0.020453 -0.024926 0.019510 -0.005656 -0.660094 0.642445 -0.268559 0.281810 -0.062419 0.031365 0.062150 0 1.00000000 0.00000000 0.00000000 1.00000000 0.00000000 1.00000000 1.00000000 0.00000000 0.00000000 1.00000000 0.00000000 1.00000000 0.00000000 0.00000000 0.00000000 0.00000000 0.00000000 0.00000000 0.00000000 0.00000000 0.00000000 0.00000000 0.00000000 0.00000000 1.00000000 0.00000000 0.00000000 0.00000000 1.00000000 
1700000014.13443 -0.263223 -0.082814 0.961026 0.016872 -0.014068 0.024660 -0.007636 0.028185 -0.131337 0.012258 0.000760 -0.000367 0.001011 0.377346 -0.210664 0.183988 0.0000000 1 418.629359 418.629359 505.740581 286.574774 -0.020453 -0.024926 0.019510 -0.005656 -0.660094 0.642445 -0.268559 0.281810 -0.062419 0.031365 0.062150 0 1.00000000 0.00000000 0.00000000 1.00000000 0.00000000 1.00000000 1.00000000 0.00000000 0.00000000 1.00000000 0.00000000 1.00000000 0.00000000 0.00000000 0.00000000 0.00000000 0.00000000 0.00000000 0.00000000 0.00000000 0.00000000 0.00000000 0.00000000 0.00000000 1.00000000 0.00000000 0.00000000 0.00000000 1.00000000 
1700000014.16832 -0.263214 -0.081846 0.961149 0.014572 -0.013233 0.019978 -0.007096 0.027887 -0.140390 0.013021 0.000716 -0.000472 0.000843 0.376577 -0.211448 0.183126 0.0000000 1 418.629359 418.629359 505.740581 286.574774 -0.020453 -0.024926 0.019510 -0.005656 -0.660094 0.642445 -0.268559 0.281810 -0.062419 0.031365 0.062150 0 1.00000000 0.00000000 0.00000000 1.00000000 0.00000000 1.00000000 1.00000000 0.00000000 0.00000000 1.00000000 0.00000000 1.00000000 0.00000000 0.00000000 0.00000000 0.00000000 0.00000000 0.00000000 0.00000000 0.00000000 0.00000000 0.00000000 0.00000000 0.00000000 1.00000000 0.00000000 0.00000000 0.00000000 1.00000000 
1700000014.20222 -0.263374 -0.080962 0.961210 0.012454 -0.012390 0.014971 -0.006499 0.026191 -0.148378 0.014997 0.000681 -0.000549 0.000682 0.376966 -0.211477 0.183045 0.0000000 1 418.629359 418.629359 505.740581 286.574774 -0.020453 -0.024926 0.019510 -0.005656 -0.660094 0.642445 -0.268559 0.281810 -0.062419 0.031365 0.062150 0 1.00000000 0.00000000 0.00000000 1.00000000 0.00000000 1.00000000 1.00000000 0.00000000 0.00000000 1.00000000 0.00000000 1.00000000 0.00000000 0.00000000 0.00000000 0.00000000 0.00000000 0.00000000 0.00000000 0.00000000 0.00000000 0.00000000 0.00000000 0.00000000 1.00000000 0.00000000 0.00000000 0.00000000 1.00000000 
1700000014.23611 -0.263898 -0.079763 0.961193 0.010220 -0.011659 0.010047 -0.005804 0.026908 -0.148603 0.019940 0.000785 -0.000675 0.000736 0.377587 -0.211218 0.183394 0.0000000 1 418.629359 418.629359 505.740581 286.574774 -0.020453 -0.024926 0.019510 -0.005656 -0.660094 0.642445 -0.268559 0.281810 -0.062419 0.031365 0.062150 0 1.00000000 0.00000000 0.00000000 1.00000000 0.00000000 1.00000000 1.00000000 0.00000000 0.00000000 1.00000000 0.00000000 1.00000000 0.00000000 0.00000000 0.00000000 0.00000000 0.00000000 0.00000000 0.00000000 0.00000000 0.00000000 0.00000000 0.00000000 0.00000000 1.00000000 0.00000000 0.00000000 0.00000000 1.00000000 
1700000014.27001 -0.264287 -0.078137 0.961244 0.007503 -0.010902 0.004969 -0.005047 0.029961 -0.152120 0.020278 0.000818 -0.000936 0.000778 0.376494 -0.211928 0.182977 0.0000000 1 418.629359 418.629359 505.740581 286.574774 -0.020453 -0.024926 0.019510 -0.005656 -0.660094 0.642445 -0.268559 0.281810 -0.062419 0.031365 0.062150 0 1.00000000 0.00000000 0.00000000 1.00000000 0.00000000 1.00000000 1.00000000 0.00000000 0.00000000 1.00000000 0.00000000 1.00000000 0.00000000 0.00000000 0.00000000 0.00000000 0.00000000 0.00000000 0.00000000 0.00000000 0.00000000 0.00000000 0.00000000 0.00000000 1.00000000 0.00000000 0.00000000 0.00000000 1.00000000 
1700000014.30390 -0.264249 -0.076810 0.961382 0.004183 -0.010150 -0.000368 -0.004271 0.032675 -0.159879 0.019853 0.000541 -0.001334 0.000584 0.372901 -0.215085 0.180499 0.0000000 1 418.629359 418.629359 505.740581 286.574774 -0.020453 -0.024926 0.019510 -0.005656 -0.660094 0.642445 -0.268559 0.281810 -0.062419 0.031365 0.062150 0 1.00000000 0.00000000 0.00000000 1.00000000 0.00000000 1.00000000 1.00000000 0.00000000 0.00000000 1.00000000 0.00000000 1.00000000 0.00000000 0.00000000 0.00000000 0.00000000 0.00000000 0.00000000 0.00000000 0.00000000 0.00000000 0.00000000 0.00000000 0.00000000 1.00000000 0.00000000 0.00000000 0.00000000 1.00000000 
1700000014.33780 -0.263767 -0.076280 0.961565 0.001031 -0.008685 -0.006387 -0.003337 0.039629 -0.169486 0.022799 0.000211 -0.001655 0.000559 0.370762 -0.218146 0.178340 0.0000000 1 418.629359 418.629359 505.740581 286.574774 -0.020453 -0.024926 0.019510 -0.005656 -0.660094 0.642445 -0.268559 0.281810 -0.062419 0.031365 0.062150 0 1.00000000 0.00000000 0.00000000 1.00000000 0.00000000 1.00000000 1.00000000 0.00000000 0.00000000 1.00000000 0.00000000 1.00000000 0.00000000 0.00000000 0.00000000 0.00000000 0.00000000 0.00000000 0.00000000 0.00000000 0.00000000 0.00000000 0.00000000 0.00000000 1.00000000 0.00000000 0.00000000 0.00000000 1.00000000 
1700000014.37170 0.262858 0.076197 -0.961819 0.002179 -0.007435 -0.012280 -0.002323 0.039031 -0.171751 0.026325 0.000164 -0.001911 0.000286 0.367168 -0.220142 0.175684 0.0000000 1 418.629359 418.629359 505.740581 286.574774 -0.020453 -0.024926 0.019510 -0.005656 -0.660094 0.642445 -0.268559 0.281810 -0.062419 0.031365 0.062150 0 1.00000000 0.00000000 0.00000000 1.00000000 0.00000000 1.00000000 1.00000000 0.00000000 0.00000000 1.00000000 0.00000000 1.00000000 0.00000000 0.00000000 0.00000000 0.00000000 0.00000000 0.00000000 0.00000000 0.00000000 0.00000000 0.00000000 0.00000000 0.00000000 1.00000000 0.00000000 0.00000000 0.00000000 1.00000000 
1700000014.40559 0.262058 0.075958 -0.962046 0.004889 -0.006260 -0.018438 -0.001028 0.037411 -0.173502 0.029456 0.000378 -0.002236 0.000212 0.366210 -0.222258 0.174322 0.0000000 1 418.629359 418.629359 505.740581 286.574774 -0.020453 -0.024926 0.019510 -0.005656 -0.660094 0.642445 -0.268559 0.281810 -0.062419 0.031365 0.062150 0 1.00000000 0.00000000 0.00000000 1.00000000 0.00000000 1.00000000 1.00000000 0.00000000 0.00000000 1.00000000 0.00000000 1.00000000 0.00000000 0.00000000 0.00000000 0.00000000 0.00000000 0.00000000 0.00000000 0.00000000 0.00000000 0.00000000 0.00000000 0.00000000 1.00000000 0.00000000 0.00000000 0.00000000 1.00000000 
1700000014.43949 0.261557 0.075698 -0.962187 0.007376 -0.005431 -0.024507 0.000433 0.030314 -0.173549 0.031709 0.000544 -0.002342 0.000178 0.367732 -0.221024 0.174390 0.0000000 1 418.629359 418.629359 505.740581 286.574774 -0.020453 -0.024926 0.019510 -0.005656 -0.660094 0.642445 -0.268559 0.281810 -0.062419 0.031365 0.062150 0 1.00000000 0.00000000 0.00000000 1.00000000 0.00000000 1.00000000 1.00000000 0.00000000 0.00000000 1.00000000 0.00000000 1.00000000 0.00000000 0.00000000 0.00000000 0.00000000 0.00000000 0.00000000 0.00000000 0.00000000 0.00000000 0.00000000 0.00000000 0.00000000 1.00000000 0.00000000 0.00000000 0.00000000 1.00000000 
1700000014.47338 0.261356 0.075255 -0.962254 0.009840 -0.004511 -0.030441 0.001695 0.027949 -0.170969 0.031666 0.000651 -0.002437 0.000263 0.369644 -0.221584 0.175000 0.0000000 1 418.629359 418.629359 505.740581 286.574774 -0.020453 -0.024926 0.019510 -0.005656 -0.660094 0.642445 -0.268559 0.281810 -0.062419 0.031365 0.062150 0 1.00000000 0.00000000 0.00000000 1.00000000 0.00000000 1.00000000 1.00000000 0.00000000 0.00000000 1.00000000 0.00000000 1.00000000 0.00000000 0.00000000 0.00000000 0.00000000 0.00000000 0.00000000 0.00000000 0.00000000 0.00000000 0.00000000 0.00000000 0.00000000 1.00000000 0.00000000 0.00000000 0.00000000 1.00000000 
1700000014.50728 0.261353 0.074654 -0.962272 0.012416 -0.003614 -0.036330 0.002910 0.026319 -0.168893 0.032185 0.000883 -0.002533 0.000307 0.370919 -0.222596 0.175389 0.0000000 1 418.629359 418.629359 505.740581 286.574774 -0.020453 -0.024926 0.019510 -0.005656 -0.660094 0.642445 -0.268559 0.281810 -0.062419 0.031365 0.062150 0 1.00000000 0.00000000 0.00000000 1.00000000 0.00000000 1.00000000 1.00000000 0.00000000 0.00000000 1.00000000 0.00000000 1.00000000 0.00000000 0.00000000 0.00000000 0.00000000 0.00000000 0.00000000 0.00000000 0.00000000 0.00000000 0.00000000 0.00000000 0.00000000 1.00000000 0.00000000 0.00000000 0.00000000 1.00000000 
1700000014.54117 0.261586 0.073713 -0.962247 0.014865 -0.002634 -0.042152 0.003896 0.026827 -0.167582 0.029336 0.001050 -0.002650 0.000336 0.371521 -0.224417 0.175805 0.0000000 1 418.629359 418.629359 505.740581 286.574774 -0.020453 -0.024926 0.019510 -0.005656 -0.660094 0.642445 -0.268559 0.281810 -0.062419 0.031365 0.062150 0 1.00000000 0.00000000 0.00000000 1.00000000 0.00000000 1.00000000 1.00000000 0.00000000 0.00000000 1.00000000 0.00000000 1.00000000 0.00000000 0.00000000 0.00000000 0.00000000 0.00000000 0.00000000 0.00000000 0.00000000 0.00000000 0.00000000 0.00000000 0.00000000 1.00000000 0.00000000 0.00000000 0.00000000 1.00000000 
1700000014.57507 0.261870 0.072811 -0.962196 0.017337 -0.001684 -0.047830 0.004807 0.028050 -0.165136 0.028074 0.001028 -0.002713 0.000373 0.372133 -0.225066 0.176301 0.0000000 1 418.629359 418.629359 505.740581 286.574774 -0.020453 -0.024926 0.019510 -0.005656 -0.660094 0.642445 -0.268559 0.281810 -0.062419 0.031365 0.062150 0 1.00000000 0.00000000 0.00000000 1.00000000 0.00000000 1.00000000 1.00000000 0.00000000 0.00000000 1.00000000 0.00000000 1.00000000 0.00000000 0.00000000 0.00000000 0.00000000 0.00000000 0.00000000 0.00000000 0.00000000 0.00000000 0.00000000 0.00000000 0.00000000 1.00000000 0.00000000 0.00000000 0.00000000 1.00000000 
1700000014.60896 0.261844 0.071905 -0.962220 0.019990 -0.000564 -0.053315 0.005466 0.032768 -0.160587 0.023189 0.001037 -0.003001 0.000424 0.370932 -0.227693 0.176228 0.0000000 1 418.629359 418.629359 505.740581 286.574774 -0.020453 -0.024926 0.019510 -0.005656 -0.660094 0.642445 -0.268559 0.281810 -0.062419 0.031365 0.062150 0 1.00000000 0.00000000 0.00000000 1.00000000 0.00000000 1.00000000 1.00000000 0.00000000 0.00000000 1.00000000 0.00000000 1.00000000 0.00000000 0.00000000 0.00000000 0.00000000 0.00000000 0.00000000 0.00000000 0.00000000 0.00000000 0.00000000 0.00000000 0.00000000 1.00000000 0.00000000 0.00000000 0.00000000 1.00000000 
1700000014.64286 0.260948 0.071238 -0.962458 0.022478 0.000440 -0.059354 0.006115 0.029998 -0.166065 0.019349 0.001066 -0.003166 0.000218 0.362874 -0.228873 0.171624 0.0000000 1 418.629359 418.629359 505.740581 286.574774 -0.020453 -0.024926 0.019510 -0.005656 -0.660094 0.642445 -0.268559 0.281810 -0.062419 0.031365 0.062150 0 1.00000000 0.00000000 0.00000000 1.00000000 0.00000000 1.00000000 1.00000000 0.00000000 0.00000000 1.00000000 0.00000000 1.00000000 0.00000000 0.00000000 0.00000000 0.00000000 0.00000000 0.00000000 0.00000000 0.00000000 0.00000000 0.00000000 0.00000000 0.00000000 1.00000000 0.00000000 0.00000000 0.00000000 1.00000000 
1700000014.67675 0.260676 0.070817 -0.962510 0.024631 0.001478 -0.065094 0.006950 0.029100 -0.162372 0.022164 0.000993 -0.003317 0.000225 0.365653 -0.231626 0.172580 0.0000000 1 418.629359 418.629359 505.740581 286.574774 -0.020453 -0.024926 0.019510 -0.005656 -0.660094 0.642445 -0.268559 0.281810 -0.062419 0.031365 0.062150 0 1.00000000 0.00000000 0.00000000 1.00000000 0.00000000 1.00000000 1.00000000 0.00000000 0.00000000 1.00000000 0.00000000 1.00000000 0.00000000 0.00000000 0.00000000 0.00000000 0.00000000 0.00000000 0.00000000 0.00000000 0.00000000 0.00000000 0.00000000 0.00000000 1.00000000 0.00000000 0.00000000 0.00000000 1.00000000 
1700000014.71065 0.261013 0.070016 -0.962418 0.026877 0.002424 -0.070320 0.007845 0.026507 -0.152835 0.025382 0.001098 -0.003466 0.000358 0.376080 -0.232303 0.178521 0.0000000 1 418.629359 418.629359 505.740581 286.574774 -0.020453 -0.024926 0.019510 -0.005656 -0.660094 0.642445 -0.268559 0.281810 -0.062419 0.031365 0.062150 0 1.00000000 0.00000000 0.00000000 1.00000000 0.00000000 1.00000000 1.00000000 0.00000000 0.00000000 1.00000000 0.00000000 1.00000000 0.00000000 0.00000000 0.00000000 0.00000000 0.00000000 0.00000000 0.00000000 0.00000000 0.00000000 0.00000000 0.00000000 0.00000000 1.00000000 0.00000000 0.00000000 0.00000000 1.00000000 
1700000014.74455 0.261450 0.068821 -0.962319 0.029138 0.003171 -0.075506 0.009050 0.022011 -0.149244 0.027717 0.001309 -0.003494 0.000428 0.381973 -0.232730 0.181208 0.0000000 1 418.629359 418.629359 505.740581 286.574774 -0.020453 -0.024926 0.019510 -0.005656 -0.660094 0.642445 -0.268559 0.281810 -0.062419 0.031365 0.062150 0 1.00000000 0.00000000 0.00000000 1.00000000 0.00000000 1.00000000 1.00000000 0.00000000 0.00000000 1.00000000 0.00000000 1.00000000 0.00000000 0.00000000 0.00000000 0.00000000 0.00000000 0.00000000 0.00000000 0.00000000 0.00000000 0.00000000 0.00000000 0.00000000 1.00000000 0.00000000 0.00000000 0.00000000 1.00000000 
1700000014.77844 0.261873 0.067444 -0.962232 0.031344 0.004218 -0.080631 0.009997 0.025382 -0.146114 0.026533 0.001313 -0.003505 0.000518 0.383940 -0.236089 0.181748 0.0000000 1 418.629359 418.629359 505.740581 286.574774 -0.020453 -0.024926 0.019510 -0.005656 -0.660094 0.642445 -0.268559 0.281810 -0.062419 0.031365 0.062150 0 1.00000000 0.00000000 0.00000000 1.00000000 0.00000000 1.00000000 1.00000000 0.00000000 0.00000000 1.00000000 0.00000000 1.00000000 0.00000000 0.00000000 0.00000000 0.00000000 0.00000000 0.00000000 0.00000000 0.00000000 0.00000000 0.00000000 0.00000000 0.00000000 1.00000000 0.00000000 0.00000000 0.00000000 1.00000000 
1700000014.81234 0.261635 0.066121 -0.962317 0.033486 0.005474 -0.085601 0.010653 0.034177 -0.145344 0.020135 0.001284 -0.003623 0.000558 0.377961 -0.242272 0.177730 0.0000000 1 418.629359 418.629359 505.740581 286.574774 -0.020453 -0.024926 0.019510 -0.005656 -0.660094 0.642445 -0.268559 0.281810 -0.062419 0.031365 0.062150 0 1.00000000 0.00000000 0.00000000 1.00000000 0.00000000 1.00000000 1.00000000 0.00000000 0.00000000 1.00000000 0.00000000 1.00000000 0.00000000 0.00000000 0.00000000 0.00000000 0.00000000 0.00000000 0.00000000 0.00000000 0.00000000 0.00000000 0.00000000 0.00000000 1.00000000 0.00000000 0.00000000 0.00000000 1.00000000 
1700000014.84623 0.261676 0.065725 -0.962247 0.035881 0.006389 -0.090162 0.011143 0.034564 -0.141391 0.014498 0.001061 -0.003713 0.000490 0.376976 -0.238780 0.177889 0.0000000 1 418.629359 418.629359 505.740581 286.574774 -0.020453 -0.024926 0.019510 -0.005656 -0.660094 0.642445 -0.268559 0.281810 -0.062419 0.031365 0.062150 0 1.00000000 0.00000000 0.00000000 1.00000000 0.00000000 1.00000000 1.00000000 0.00000000 0.00000000 1.00000000 0.00000000 1.00000000 0.00000000 0.00000000 0.00000000 0.00000000 0.00000000 0.00000000 0.00000000 0.00000000 0.00000000 0.00000000 0.00000000 0.00000000 1.00000000 0.00000000 0.00000000 0.00000000 1.00000000 
1700000014.88013 0.261967 0.065588 -0.962065 0.038756 0.007802 -0.094079 0.011420 0.035305 -0.130651 0.011549 0.000766 -0.003686 0.000481 0.382962 -0.239742 0.181422 0.0000000 1 418.629359 418.629359 505.740581 286.574774 -0.020453 -0.024926 0.019510 -0.005656 -0.660094 0.642445 -0.268559 0.281810 -0.062419 0.031365 0.062150 0 1.00000000 0.00000000 0.00000000 1.00000000 0.00000000 1.00000000 1.00000000 0.00000000 0.00000000 1.00000000 0.00000000 1.00000000 0.00000000 0.00000000 0.00000000 0.00000000 0.00000000 0.00000000 0.00000000 0.00000000 0.00000000 0.00000000 0.00000000 0.00000000 1.00000000 0.00000000 0.00000000 0.00000000 1.00000000 
1700000014.91402 0.261585 0.065596 -0.962046 0.041695 0.009252 -0.098122 0.011591 0.035978 -0.125170 0.008829 0.000664 -0.003724 0.000390 0.374884 -0.244743 0.176376 0.0000000 1 418.629359 418.629359 505.740581 286.574774 -0.020453 -0.024926 0.019510 -0.005656 -0.660094 0.642445 -0.268559 0.281810 -0.062419 0.031365 0.062150 0 1.00000000 0.00000000 0.00000000 1.00000000 0.00000000 1.00000000 1.00000000 0.00000000 0.00000000 1.00000000 0.00000000 1.00000000 0.00000000 0.00000000 0.00000000 0.00000000 0.00000000 0.00000000 0.00000000 0.00000000 0.00000000 0.00000000 0.00000000 0.00000000 1.00000000 0.00000000 0.00000000 0.00000000 1.00000000 
1700000014.94792 0.260591 0.065376 -0.962215 0.044269 0.011003 -0.101763 0.011422 0.039467 -0.119456 0.005617 0.000617 -0.003645 0.000167 0.363099 -0.253138 0.169082 0.0000000 1 418.629359 418.629359 505.740581 286.574774 -0.020453 -0.024926 0.019510 -0.005656 -0.660094 0.642445 -0.268559 0.281810 -0.062419 0.031365 0.062150 0 1.00000000 0.00000000 0.00000000 1.00000000 0.00000000 1.00000000 1.00000000 0.00000000 0.00000000 1.00000000 0.00000000 1.00000000 0.00000000 0.00000000 0.00000000 0.00000000 0.00000000 0.00000000 0.00000000 0.00000000 0.00000000 0.00000000 0.00000000 0.00000000 1.00000000 0.00000000 0.00000000 0.00000000 1.00000000 
1700000014.98181 0.260295 0.065441 -0.962188 0.046467 0.012427 -0.104997 0.011516 0.037471 -0.107550 0.008645 0.000703 -0.003574 0.000053 0.364115 -0.255331 0.169531 0.0000000 1 418.629359 418.629359 505.740581 286.574774 -0.020453 -0.024926 0.019510 -0.005656 -0.660094 0.642445 -0.268559 0.281810 -0.062419 0.031365 0.062150 0 1.00000000 0.00000000 0.00000000 1.00000000 0.00000000 1.00000000 1.00000000 0.00000000 0.00000000 1.00000000 0.00000000 1.00000000 0.00000000 0.00000000 0.00000000 0.00000000 0.00000000 0.00000000 0.00000000 0.00000000 0.00000000 0.00000000 0.00000000 0.00000000 1.00000000 0.00000000 0.00000000 0.00000000 1.00000000 
