# timestamp(s) q p v bg ba cam_imu_dt num_cam cam0_k cam0_d cam0_rot cam0_trans ... imu_model dw da tg wtoI atoI etc
1700000005.11965 -0.163546 -0.095502 0.979547 0.067967 0.002792 0.003468 0.013873 0.027170 0.000320 0.069720 -0.001801 0.000492 -0.000791 -0.000124 -0.003294 -0.000141 0.0000000 1 418.629359 418.629359 505.740581 286.574774 -0.020453 -0.024926 0.019510 -0.005656 -0.660094 0.642445 -0.268559 0.281810 -0.062419 0.031365 0.062150 0 1.00000000 0.00000000 0.00000000 1.00000000 0.00000000 1.00000000 1.00000000 0.00000000 0.00000000 1.00000000 0.00000000 1.00000000 0.00000000 0.00000000 0.00000000 0.00000000 0.00000000 0.00000000 0.00000000 0.00000000 0.00000000 0.00000000 0.00000000 0.00000000 1.00000000 0.00000000 0.00000000 0.00000000 1.00000000 
1700000005.15356 -0.155893 -0.098937 0.980599 0.065837 -0.001601 0.005263 0.006667 0.005655 0.006815 0.017402 0.003497 0.001119 -0.004716 0.049033 0.033706 0.015803 0.0000000 1 418.629359 418.629359 505.740581 286.574774 -0.020453 -0.024926 0.019510 -0.005656 -0.660094 0.642445 -0.268559 0.281810 -0.062419 0.031365 0.062150 0 1.00000000 0.00000000 0.00000000 1.00000000 0.00000000 1.00000000 1.00000000 0.00000000 0.00000000 1.00000000 0.00000000 1.00000000 0.00000000 0.00000000 0.00000000 0.00000000 0.00000000 0.00000000 0.00000000 0.00000000 0.00000000 0.00000000 0.00000000 0.00000000 1.00000000 0.00000000 0.00000000 0.00000000 1.00000000 
1700000005.18746 -0.149547 -0.101897 0.981353 0.064806 -0.001441 0.005361 0.006978 0.004205 -0.000590 0.000651 0.003497 0.001119 -0.004716 0.049033 0.033706 0.015803 0.0000000 1 418.629359 418.629359 505.740581 286.574774 -0.020453 -0.024926 0.019510 -0.005656 -0.660094 0.642445 -0.268559 0.281810 -0.062419 0.031365 0.062150 0 1.00000000 0.00000000 0.00000000 1.00000000 0.00000000 1.00000000 1.00000000 0.00000000 0.00000000 1.00000000 0.00000000 1.00000000 0.00000000 0.00000000 0.00000000 0.00000000 0.00000000 0.00000000 0.00000000 0.00000000 0.00000000 0.00000000 0.00000000 0.00000000 1.00000000 0.00000000 0.00000000 0.00000000 1.00000000 
1700000005.22137 -0.144988 -0.105452 0.981811 0.062493 -0.001248 0.005327 0.006798 0.006893 -0.000925 -0.009185 0.003497 0.001119 -0.004716 0.049033 0.033706 0.015803 0.0000000 1 418.629359 418.629359 505.740581 286.574774 -0.020453 -0.024926 0.019510 -0.005656 -0.660094 0.642445 -0.268559 0.281810 -0.062419 0.031365 0.062150 0 1.00000000 0.00000000 0.00000000 1.00000000 0.00000000 1.00000000 1.00000000 0.00000000 0.00000000 1.00000000 0.00000000 1.00000000 0.00000000 0.00000000 0.00000000 0.00000000 0.00000000 0.00000000 0.00000000 0.00000000 0.00000000 0.00000000 0.00000000 0.00000000 1.00000000 0.00000000 0.00000000 0.00000000 1.00000000 
1700000005.25527 -0.140453 -0.108155 0.982249 0.061335 -0.001013 0.005275 0.006410 0.006283 -0.002952 -0.015354 0.003497 0.001119 -0.004716 0.049033 0.033706 0.015803 0.0000000 1 418.629359 418.629359 505.740581 286.574774 -0.020453 -0.024926 0.019510 -0.005656 -0.660094 0.642445 -0.268559 0.281810 -0.062419 0.031365 0.062150 0 1.00000000 0.00000000 0.00000000 1.00000000 0.00000000 1.00000000 1.00000000 0.00000000 0.00000000 1.00000000 0.00000000 1.00000000 0.00000000 0.00000000 0.00000000 0.00000000 0.00000000 0.00000000 0.00000000 0.00000000 0.00000000 0.00000000 0.00000000 0.00000000 1.00000000 0.00000000 0.00000000 0.00000000 1.00000000 
1700000005.28918 -0.136723 -0.110834 0.982536 0.060380 -0.000834 0.005121 0.005629 0.004725 -0.004938 -0.031433 0.003497 0.001119 -0.004716 0.049033 0.033706 0.015803 0.0000000 1 418.629359 418.629359 505.740581 286.574774 -0.020453 -0.024926 0.019510 -0.005656 -0.660094 0.642445 -0.268559 0.281810 -0.062419 0.031365 0.062150 0 1.00000000 0.00000000 0.00000000 1.00000000 0.00000000 1.00000000 1.00000000 0.00000000 0.00000000 1.00000000 0.00000000 1.00000000 0.00000000 0.00000000 0.00000000 0.00000000 0.00000000 0.00000000 0.00000000 0.00000000 0.00000000 0.00000000 0.00000000 0.00000000 1.00000000 0.00000000 0.00000000 0.00000000 1.00000000 
1700000005.32308 -0.135284 -0.113544 0.982606 0.057374 -0.000671 0.005016 0.004360 0.003346 -0.002109 -0.042544 0.003497 0.001119 -0.004716 0.049033 0.033706 0.015803 0.0000000 1 418.629359 418.629359 505.740581 286.574774 -0.020453 -0.024926 0.019510 -0.005656 -0.660094 0.642445 -0.268559 0.281810 -0.062419 0.031365 0.062150 0 1.00000000 0.00000000 0.00000000 1.00000000 0.00000000 1.00000000 1.00000000 0.00000000 0.00000000 1.00000000 0.00000000 1.00000000 0.00000000 0.00000000 0.00000000 0.00000000 0.00000000 0.00000000 0.00000000 0.00000000 0.00000000 0.00000000 0.00000000 0.00000000 1.00000000 0.00000000 0.00000000 0.00000000 1.00000000 
1700000005.35699 -0.135923 -0.115326 0.982473 0.054509 -0.000696 0.004959 0.002659 -0.003945 -0.000357 -0.056778 0.003497 0.001119 -0.004716 0.049033 0.033706 0.015803 0.0000000 1 418.629359 418.629359 505.740581 286.574774 -0.020453 -0.024926 0.019510 -0.005656 -0.660094 0.642445 -0.268559 0.281810 -0.062419 0.031365 0.062150 0 1.00000000 0.00000000 0.00000000 1.00000000 0.00000000 1.00000000 1.00000000 0.00000000 0.00000000 1.00000000 0.00000000 1.00000000 0.00000000 0.00000000 0.00000000 0.00000000 0.00000000 0.00000000 0.00000000 0.00000000 0.00000000 0.00000000 0.00000000 0.00000000 1.00000000 0.00000000 0.00000000 0.00000000 1.00000000 
1700000005.39089 -0.137794 -0.116528 0.982174 0.052624 -0.000854 0.005072 0.000671 -0.005131 0.007633 -0.058671 0.003497 0.001119 -0.004716 0.049033 0.033706 0.015803 0.0000000 1 418.629359 418.629359 505.740581 286.574774 -0.020453 -0.024926 0.019510 -0.005656 -0.660094 0.642445 -0.268559 0.281810 -0.062419 0.031365 0.062150 0 1.00000000 0.00000000 0.00000000 1.00000000 0.00000000 1.00000000 1.00000000 0.00000000 0.00000000 1.00000000 0.00000000 1.00000000 0.00000000 0.00000000 0.00000000 0.00000000 0.00000000 0.00000000 0.00000000 0.00000000 0.00000000 0.00000000 0.00000000 0.00000000 1.00000000 0.00000000 0.00000000 0.00000000 1.00000000 
1700000005.42480 -0.139500 -0.116480 0.981989 0.051667 -0.007931 0.008365 -0.013429 -0.016843 0.025104 -0.085272 0.003840 0.001217 -0.005021 0.086106 0.062465 0.011197 0.0000000 1 418.629359 418.629359 505.740581 286.574774 -0.020453 -0.024926 0.019510 -0.005656 -0.660094 0.642445 -0.268559 0.281810 -0.062419 0.031365 0.062150 0 1.00000000 0.00000000 0.00000000 1.00000000 0.00000000 1.00000000 1.00000000 0.00000000 0.00000000 1.00000000 0.00000000 1.00000000 0.00000000 0.00000000 0.00000000 0.00000000 0.00000000 0.00000000 0.00000000 0.00000000 0.00000000 0.00000000 0.00000000 0.00000000 1.00000000 0.00000000 0.00000000 0.00000000 1.00000000 
1700000005.45870 -0.142102 -0.118066 0.981401 0.052140 -0.008591 0.009334 -0.016388 -0.020147 0.033958 -0.085875 0.003840 0.001217 -0.005021 0.086106 0.062465 0.011197 0.0000000 1 418.629359 418.629359 505.740581 286.574774 -0.020453 -0.024926 0.019510 -0.005656 -0.660094 0.642445 -0.268559 0.281810 -0.062419 0.031365 0.062150 0 1.00000000 0.00000000 0.00000000 1.00000000 0.00000000 1.00000000 1.00000000 0.00000000 0.00000000 1.00000000 0.00000000 1.00000000 0.00000000 0.00000000 0.00000000 0.00000000 0.00000000 0.00000000 0.00000000 0.00000000 0.00000000 0.00000000 0.00000000 0.00000000 1.00000000 0.00000000 0.00000000 0.00000000 1.00000000 
1700000005.49261 -0.144244 -0.118761 0.980960 0.052976 0.003069 0.003859 -0.001309 -0.008055 0.017507 -0.046354 0.003665 0.001234 -0.005436 0.072674 0.034822 -0.012571 0.0000000 1 418.629359 418.629359 505.740581 286.574774 -0.020453 -0.024926 0.019510 -0.005656 -0.660094 0.642445 -0.268559 0.281810 -0.062419 0.031365 0.062150 0 1.00000000 0.00000000 0.00000000 1.00000000 0.00000000 1.00000000 1.00000000 0.00000000 0.00000000 1.00000000 0.00000000 1.00000000 0.00000000 0.00000000 0.00000000 0.00000000 0.00000000 0.00000000 0.00000000 0.00000000 0.00000000 0.00000000 0.00000000 0.00000000 1.00000000 0.00000000 0.00000000 0.00000000 1.00000000 
1700000005.52651 -0.148470 -0.118676 0.980215 0.055238 0.000253 0.005713 -0.007234 -0.004825 0.020780 -0.052811 0.005295 -0.000323 -0.002118 0.101201 0.020532 -0.019962 0.0000000 1 418.629359 418.629359 505.740581 286.574774 -0.020453 -0.024926 0.019510 -0.005656 -0.660094 0.642445 -0.268559 0.281810 -0.062419 0.031365 0.062150 0 1.00000000 0.00000000 0.00000000 1.00000000 0.00000000 1.00000000 1.00000000 0.00000000 0.00000000 1.00000000 0.00000000 1.00000000 0.00000000 0.00000000 0.00000000 0.00000000 0.00000000 0.00000000 0.00000000 0.00000000 0.00000000 0.00000000 0.00000000 0.00000000 1.00000000 0.00000000 0.00000000 0.00000000 1.00000000 
1700000005.56042 -0.154983 -0.117163 0.979262 0.057444 0.001092 0.005334 -0.007357 -0.014569 0.024258 -0.063969 0.004207 -0.001762 0.003420 0.100224 0.013907 0.004602 0.0000000 1 418.629359 418.629359 505.740581 286.574774 -0.020453 -0.024926 0.019510 -0.005656 -0.660094 0.642445 -0.268559 0.281810 -0.062419 0.031365 0.062150 0 1.00000000 0.00000000 0.00000000 1.00000000 0.00000000 1.00000000 1.00000000 0.00000000 0.00000000 1.00000000 0.00000000 1.00000000 0.00000000 0.00000000 0.00000000 0.00000000 0.00000000 0.00000000 0.00000000 0.00000000 0.00000000 0.00000000 0.00000000 0.00000000 1.00000000 0.00000000 0.00000000 0.00000000 1.00000000 
1700000005.59432 -0.160476 -0.115450 0.978597 0.057164 0.003099 0.005214 -0.004831 -0.001030 0.015051 -0.055521 -0.001614 -0.002463 -0.002509 0.117212 -0.039556 -0.040739 0.0000000 1 418.629359 418.629359 505.740581 286.574774 -0.020453 -0.024926 0.019510 -0.005656 -0.660094 0.642445 -0.268559 0.281810 -0.062419 0.031365 0.062150 0 1.00000000 0.00000000 0.00000000 1.00000000 0.00000000 1.00000000 1.00000000 0.00000000 0.00000000 1.00000000 0.00000000 1.00000000 0.00000000 0.00000000 0.00000000 0.00000000 0.00000000 0.00000000 0.00000000 0.00000000 0.00000000 0.00000000 0.00000000 0.00000000 1.00000000 0.00000000 0.00000000 0.00000000 1.00000000 
1700000005.62823 -0.167949 -0.114730 0.977436 0.057007 0.003245 0.006003 -0.006455 0.006483 0.029219 -0.040821 -0.001614 -0.002463 -0.002509 0.117212 -0.039556 -0.040739 0.0000000 1 418.629359 418.629359 505.740581 286.574774 -0.020453 -0.024926 0.019510 -0.005656 -0.660094 0.642445 -0.268559 0.281810 -0.062419 0.031365 0.062150 0 1.00000000 0.00000000 0.00000000 1.00000000 0.00000000 1.00000000 1.00000000 0.00000000 0.00000000 1.00000000 0.00000000 1.00000000 0.00000000 0.00000000 0.00000000 0.00000000 0.00000000 0.00000000 0.00000000 0.00000000 0.00000000 0.00000000 0.00000000 0.00000000 1.00000000 0.00000000 0.00000000 0.00000000 1.00000000 
1700000005.66213 -0.176159 -0.112729 0.976170 0.057903 0.003190 0.006911 -0.007989 -0.011278 0.022490 -0.053856 -0.001614 -0.002463 -0.002509 0.117212 -0.039556 -0.040739 0.0000000 1 418.629359 418.629359 505.740581 286.574774 -0.020453 -0.024926 0.019510 -0.005656 -0.660094 0.642445 -0.268559 0.281810 -0.062419 0.031365 0.062150 0 1.00000000 0.00000000 0.00000000 1.00000000 0.00000000 1.00000000 1.00000000 0.00000000 0.00000000 1.00000000 0.00000000 1.00000000 0.00000000 0.00000000 0.00000000 0.00000000 0.00000000 0.00000000 0.00000000 0.00000000 0.00000000 0.00000000 0.00000000 0.00000000 1.00000000 0.00000000 0.00000000 0.00000000 1.00000000 
1700000005.69604 -0.186825 -0.113062 0.974037 0.059707 0.002786 0.007528 -0.009521 -0.006785 0.030741 -0.051016 -0.001059 -0.003114 -0.002788 0.109908 -0.046001 -0.036061 0.0000000 1 418.629359 418.629359 505.740581 286.574774 -0.020453 -0.024926 0.019510 -0.005656 -0.660094 0.642445 -0.268559 0.281810 -0.062419 0.031365 0.062150 0 1.00000000 0.00000000 0.00000000 1.00000000 0.00000000 1.00000000 1.00000000 0.00000000 0.00000000 1.00000000 0.00000000 1.00000000 0.00000000 0.00000000 0.00000000 0.00000000 0.00000000 0.00000000 0.00000000 0.00000000 0.00000000 0.00000000 0.00000000 0.00000000 1.00000000 0.00000000 0.00000000 0.00000000 1.00000000 
1700000005.72994 -0.196465 -0.111284 0.972232 0.061500 0.002541 0.008629 -0.011136 -0.009855 0.032534 -0.047408 -0.001059 -0.003114 -0.002788 0.109908 -0.046001 -0.036061 0.0000000 1 418.629359 418.629359 505.740581 286.574774 -0.020453 -0.024926 0.019510 -0.005656 -0.660094 0.642445 -0.268559 0.281810 -0.062419 0.031365 0.062150 0 1.00000000 0.00000000 0.00000000 1.00000000 0.00000000 1.00000000 1.00000000 0.00000000 0.00000000 1.00000000 0.00000000 1.00000000 0.00000000 0.00000000 0.00000000 0.00000000 0.00000000 0.00000000 0.00000000 0.00000000 0.00000000 0.00000000 0.00000000 0.00000000 1.00000000 0.00000000 0.00000000 0.00000000 1.00000000 
1700000005.76385 -0.207157 -0.110318 0.970001 0.063358 0.003011 0.009565 -0.013019 0.002217 0.036428 -0.036080 -0.000869 -0.002559 -0.003135 0.114441 -0.049113 -0.035830 0.0000000 1 418.629359 418.629359 505.740581 286.574774 -0.020453 -0.024926 0.019510 -0.005656 -0.660094 0.642445 -0.268559 0.281810 -0.062419 0.031365 0.062150 0 1.00000000 0.00000000 0.00000000 1.00000000 0.00000000 1.00000000 1.00000000 0.00000000 0.00000000 1.00000000 0.00000000 1.00000000 0.00000000 0.00000000 0.00000000 0.00000000 0.00000000 0.00000000 0.00000000 0.00000000 0.00000000 0.00000000 0.00000000 0.00000000 1.00000000 0.00000000 0.00000000 0.00000000 1.00000000 
1700000005.79775 -0.215999 -0.106572 0.968423 0.064366 0.003622 0.010589 -0.013985 0.013084 0.039175 -0.019790 -0.000958 -0.002151 -0.003128 0.114190 -0.051033 -0.037212 0.0000000 1 418.629359 418.629359 505.740581 286.574774 -0.020453 -0.024926 0.019510 -0.005656 -0.660094 0.642445 -0.268559 0.281810 -0.062419 0.031365 0.062150 0 1.00000000 0.00000000 0.00000000 1.00000000 0.00000000 1.00000000 1.00000000 0.00000000 0.00000000 1.00000000 0.00000000 1.00000000 0.00000000 0.00000000 0.00000000 0.00000000 0.00000000 0.00000000 0.00000000 0.00000000 0.00000000 0.00000000 0.00000000 0.00000000 1.00000000 0.00000000 0.00000000 0.00000000 1.00000000 
1700000005.83166 -0.224680 -0.104220 0.966529 0.066924 0.004034 0.011813 -0.014698 0.015787 0.035402 -0.020124 -0.000958 -0.002151 -0.003128 0.114190 -0.051033 -0.037212 0.0000000 1 418.629359 418.629359 505.740581 286.574774 -0.020453 -0.024926 0.019510 -0.005656 -0.660094 0.642445 -0.268559 0.281810 -0.062419 0.031365 0.062150 0 1.00000000 0.00000000 0.00000000 1.00000000 0.00000000 1.00000000 1.00000000 0.00000000 0.00000000 1.00000000 0.00000000 1.00000000 0.00000000 0.00000000 0.00000000 0.00000000 0.00000000 0.00000000 0.00000000 0.00000000 0.00000000 0.00000000 0.00000000 0.00000000 1.00000000 0.00000000 0.00000000 0.00000000 1.00000000 
1700000005.86556 -0.231387 -0.102654 0.965030 0.068113 0.004648 0.013617 -0.015235 0.032720 0.044931 -0.006228 -0.001160 -0.002407 -0.003326 0.098373 -0.053692 -0.037750 0.0000000 1 418.629359 418.629359 505.740581 286.574774 -0.020453 -0.024926 0.019510 -0.005656 -0.660094 0.642445 -0.268559 0.281810 -0.062419 0.031365 0.062150 0 1.00000000 0.00000000 0.00000000 1.00000000 0.00000000 1.00000000 1.00000000 0.00000000 0.00000000 1.00000000 0.00000000 1.00000000 0.00000000 0.00000000 0.00000000 0.00000000 0.00000000 0.00000000 0.00000000 0.00000000 0.00000000 0.00000000 0.00000000 0.00000000 1.00000000 0.00000000 0.00000000 0.00000000 1.00000000 
1700000005.89947 -0.236700 -0.100639 0.963967 0.067920 0.005228 0.013622 -0.015695 0.031274 0.036306 -0.001801 -0.000449 -0.004501 -0.003958 0.089101 -0.070745 -0.039311 0.0000000 1 418.629359 418.629359 505.740581 286.574774 -0.020453 -0.024926 0.019510 -0.005656 -0.660094 0.642445 -0.268559 0.281810 -0.062419 0.031365 0.062150 0 1.00000000 0.00000000 0.00000000 1.00000000 0.00000000 1.00000000 1.00000000 0.00000000 0.00000000 1.00000000 0.00000000 1.00000000 0.00000000 0.00000000 0.00000000 0.00000000 0.00000000 0.00000000 0.00000000 0.00000000 0.00000000 0.00000000 0.00000000 0.00000000 1.00000000 0.00000000 0.00000000 0.00000000 1.00000000 
1700000005.93337 -0.244035 -0.100792 0.962175 0.067132 0.000666 0.011897 -0.016236 -0.005123 0.016389 0.001001 0.004402 -0.007029 -0.004745 0.105532 -0.118041 -0.040433 0.0000000 1 418.629359 418.629359 505.740581 286.574774 -0.020453 -0.024926 0.019510 -0.005656 -0.660094 0.642445 -0.268559 0.281810 -0.062419 0.031365 0.062150 0 1.00000000 0.00000000 0.00000000 1.00000000 0.00000000 1.00000000 1.00000000 0.00000000 0.00000000 1.00000000 0.00000000 1.00000000 0.00000000 0.00000000 0.00000000 0.00000000 0.00000000 0.00000000 0.00000000 0.00000000 0.00000000 0.00000000 0.00000000 0.00000000 1.00000000 0.00000000 0.00000000 0.00000000 1.00000000 
1700000005.96728 -0.237285 -0.099127 0.963736 0.071292 0.002120 0.011691 -0.017745 -0.008496 0.015281 -0.015170 0.001735 -0.001334 -0.000271 -0.050000 -0.149722 -0.079898 0.0000000 1 418.629359 418.629359 505.740581 286.574774 -0.020453 -0.024926 0.019510 -0.005656 -0.660094 0.642445 -0.268559 0.281810 -0.062419 0.031365 0.062150 0 1.00000000 0.00000000 0.00000000 1.00000000 0.00000000 1.00000000 1.00000000 0.00000000 0.00000000 1.00000000 0.00000000 1.00000000 0.00000000 0.00000000 0.00000000 0.00000000 0.00000000 0.00000000 0.00000000 0.00000000 0.00000000 0.00000000 0.00000000 0.00000000 1.00000000 0.00000000 0.00000000 0.00000000 1.00000000 
1700000006.00118 -0.240029 -0.100797 0.962830 0.071998 0.001735 0.012138 -0.018318 -0.003605 0.009560 -0.009239 0.002579 -0.001085 0.000163 -0.043937 -0.147360 -0.078075 0.0000000 1 418.629359 418.629359 505.740581 286.574774 -0.020453 -0.024926 0.019510 -0.005656 -0.660094 0.642445 -0.268559 0.281810 -0.062419 0.031365 0.062150 0 1.00000000 0.00000000 0.00000000 1.00000000 0.00000000 1.00000000 1.00000000 0.00000000 0.00000000 1.00000000 0.00000000 1.00000000 0.00000000 0.00000000 0.00000000 0.00000000 0.00000000 0.00000000 0.00000000 0.00000000 0.00000000 0.00000000 0.00000000 0.00000000 1.00000000 0.00000000 0.00000000 0.00000000 1.00000000 
1700000006.03509 -0.242585 -0.101933 0.962086 0.071787 0.001670 0.012459 -0.018454 0.001900 0.003770 -0.006274 0.002639 -0.001557 0.000192 -0.042663 -0.141319 -0.076897 0.0000000 1 418.629359 418.629359 505.740581 286.574774 -0.020453 -0.024926 0.019510 -0.005656 -0.660094 0.642445 -0.268559 0.281810 -0.062419 0.031365 0.062150 0 1.00000000 0.00000000 0.00000000 1.00000000 0.00000000 1.00000000 1.00000000 0.00000000 0.00000000 1.00000000 0.00000000 1.00000000 0.00000000 0.00000000 0.00000000 0.00000000 0.00000000 0.00000000 0.00000000 0.00000000 0.00000000 0.00000000 0.00000000 0.00000000 1.00000000 0.00000000 0.00000000 0.00000000 1.00000000 
1700000006.06899 -0.244758 -0.102383 0.961512 0.071458 0.001707 0.012430 -0.018420 0.006043 -0.000358 0.002707 0.002643 -0.001475 0.000340 -0.038802 -0.153922 -0.080150 0.0000000 1 418.629359 418.629359 505.740581 286.574774 -0.020453 -0.024926 0.019510 -0.005656 -0.660094 0.642445 -0.268559 0.281810 -0.062419 0.031365 0.062150 0 1.00000000 0.00000000 0.00000000 1.00000000 0.00000000 1.00000000 1.00000000 0.00000000 0.00000000 1.00000000 0.00000000 1.00000000 0.00000000 0.00000000 0.00000000 0.00000000 0.00000000 0.00000000 0.00000000 0.00000000 0.00000000 0.00000000 0.00000000 0.00000000 1.00000000 0.00000000 0.00000000 0.00000000 1.00000000 
1700000006.10290 -0.245895 -0.102243 0.961281 0.070853 0.001879 0.012407 -0.017989 0.009483 -0.003102 0.011062 0.002575 -0.001330 0.000485 -0.027292 -0.161857 -0.081034 0.0000000 1 418.629359 418.629359 505.740581 286.574774 -0.020453 -0.024926 0.019510 -0.005656 -0.660094 0.642445 -0.268559 0.281810 -0.062419 0.031365 0.062150 0 1.00000000 0.00000000 0.00000000 1.00000000 0.00000000 1.00000000 1.00000000 0.00000000 0.00000000 1.00000000 0.00000000 1.00000000 0.00000000 0.00000000 0.00000000 0.00000000 0.00000000 0.00000000 0.00000000 0.00000000 0.00000000 0.00000000 0.00000000 0.00000000 1.00000000 0.00000000 0.00000000 0.00000000 1.00000000 
1700000006.13680 -0.245180 -0.102764 0.961453 0.070249 0.002076 0.012313 -0.018027 0.011856 -0.006387 0.003756 0.002754 -0.001299 0.000468 -0.057170 -0.170445 -0.089416 0.0000000 1 418.629359 418.629359 505.740581 286.574774 -0.020453 -0.024926 0.019510 -0.005656 -0.660094 0.642445 -0.268559 0.281810 -0.062419 0.031365 0.062150 0 1.00000000 0.00000000 0.00000000 1.00000000 0.00000000 1.00000000 1.00000000 0.00000000 0.00000000 1.00000000 0.00000000 1.00000000 0.00000000 0.00000000 0.00000000 0.00000000 0.00000000 0.00000000 0.00000000 0.00000000 0.00000000 0.00000000 0.00000000 0.00000000 1.00000000 0.00000000 0.00000000 0.00000000 1.00000000 
1700000006.17071 -0.245330 -0.103999 0.961342 0.069423 0.002604 0.012047 -0.017904 0.018569 -0.009263 0.003385 0.002754 -0.001299 0.000468 -0.057170 -0.170445 -0.089416 0.0000000 1 418.629359 418.629359 505.740581 286.574774 -0.020453 -0.024926 0.019510 -0.005656 -0.660094 0.642445 -0.268559 0.281810 -0.062419 0.031365 0.062150 0 1.00000000 0.00000000 0.00000000 1.00000000 0.00000000 1.00000000 1.00000000 0.00000000 0.00000000 1.00000000 0.00000000 1.00000000 0.00000000 0.00000000 0.00000000 0.00000000 0.00000000 0.00000000 0.00000000 0.00000000 0.00000000 0.00000000 0.00000000 0.00000000 1.00000000 0.00000000 0.00000000 0.00000000 1.00000000 
1700000006.20461 -0.244928 -0.105281 0.961337 0.068977 0.003292 0.011695 -0.017799 0.021435 -0.010961 0.003024 0.002754 -0.001299 0.000468 -0.057170 -0.170445 -0.089416 0.0000000 1 418.629359 418.629359 505.740581 286.574774 -0.020453 -0.024926 0.019510 -0.005656 -0.660094 0.642445 -0.268559 0.281810 -0.062419 0.031365 0.062150 0 1.00000000 0.00000000 0.00000000 1.00000000 0.00000000 1.00000000 1.00000000 0.00000000 0.00000000 1.00000000 0.00000000 1.00000000 0.00000000 0.00000000 0.00000000 0.00000000 0.00000000 0.00000000 0.00000000 0.00000000 0.00000000 0.00000000 0.00000000 0.00000000 1.00000000 0.00000000 0.00000000 0.00000000 1.00000000 
1700000006.23852 -0.244747 -0.106405 0.961290 0.068547 0.004012 0.011328 -0.017708 0.020286 -0.010771 0.001675 0.002754 -0.001299 0.000468 -0.057170 -0.170445 -0.089416 0.0000000 1 418.629359 418.629359 505.740581 286.574774 -0.020453 -0.024926 0.019510 -0.005656 -0.660094 0.642445 -0.268559 0.281810 -0.062419 0.031365 0.062150 0 1.00000000 0.00000000 0.00000000 1.00000000 0.00000000 1.00000000 1.00000000 0.00000000 0.00000000 1.00000000 0.00000000 1.00000000 0.00000000 0.00000000 0.00000000 0.00000000 0.00000000 0.00000000 0.00000000 0.00000000 0.00000000 0.00000000 0.00000000 0.00000000 1.00000000 0.00000000 0.00000000 0.00000000 1.00000000 
1700000006.27242 -0.245015 -0.107359 0.961120 0.068478 0.004675 0.010981 -0.017682 0.019391 -0.009112 0.000999 0.002754 -0.001299 0.000468 -0.057170 -0.170445 -0.089416 0.0000000 1 418.629359 418.629359 505.740581 286.574774 -0.020453 -0.024926 0.019510 -0.005656 -0.660094 0.642445 -0.268559 0.281810 -0.062419 0.031365 0.062150 0 1.00000000 0.00000000 0.00000000 1.00000000 0.00000000 1.00000000 1.00000000 0.00000000 0.00000000 1.00000000 0.00000000 1.00000000 0.00000000 0.00000000 0.00000000 0.00000000 0.00000000 0.00000000 0.00000000 0.00000000 0.00000000 0.00000000 0.00000000 0.00000000 1.00000000 0.00000000 0.00000000 0.00000000 1.00000000 
1700000006.30633 -0.245220 -0.107593 0.961039 0.068520 0.005327 0.010711 -0.017603 0.018438 -0.007506 0.003268 0.002754 -0.001299 0.000468 -0.057170 -0.170445 -0.089416 0.0000000 1 418.629359 418.629359 505.740581 286.574774 -0.020453 -0.024926 0.019510 -0.005656 -0.660094 0.642445 -0.268559 0.281810 -0.062419 0.031365 0.062150 0 1.00000000 0.00000000 0.00000000 1.00000000 0.00000000 1.00000000 1.00000000 0.00000000 0.00000000 1.00000000 0.00000000 1.00000000 0.00000000 0.00000000 0.00000000 0.00000000 0.00000000 0.00000000 0.00000000 0.00000000 0.00000000 0.00000000 0.00000000 0.00000000 1.00000000 0.00000000 0.00000000 0.00000000 1.00000000 
1700000006.34023 -0.245647 -0.107809 0.960875 0.068951 0.005913 0.010440 -0.017501 0.016934 -0.008293 0.002732 0.002754 -0.001299 0.000468 -0.057170 -0.170445 -0.089416 0.0000000 1 418.629359 418.629359 505.740581 286.574774 -0.020453 -0.024926 0.019510 -0.005656 -0.660094 0.642445 -0.268559 0.281810 -0.062419 0.031365 0.062150 0 1.00000000 0.00000000 0.00000000 1.00000000 0.00000000 1.00000000 1.00000000 0.00000000 0.00000000 1.00000000 0.00000000 1.00000000 0.00000000 0.00000000 0.00000000 0.00000000 0.00000000 0.00000000 0.00000000 0.00000000 0.00000000 0.00000000 0.00000000 0.00000000 1.00000000 0.00000000 0.00000000 0.00000000 1.00000000 
1700000006.37414 -0.245835 -0.108211 0.960736 0.069582 0.006531 0.010172 -0.017335 0.019711 -0.007826 0.008044 0.002754 -0.001299 0.000468 -0.057170 -0.170445 -0.089416 0.0000000 1 418.629359 418.629359 505.740581 286.574774 -0.020453 -0.024926 0.019510 -0.005656 -0.660094 0.642445 -0.268559 0.281810 -0.062419 0.031365 0.062150 0 1.00000000 0.00000000 0.00000000 1.00000000 0.00000000 1.00000000 1.00000000 0.00000000 0.00000000 1.00000000 0.00000000 1.00000000 0.00000000 0.00000000 0.00000000 0.00000000 0.00000000 0.00000000 0.00000000 0.00000000 0.00000000 0.00000000 0.00000000 0.00000000 1.00000000 0.00000000 0.00000000 0.00000000 1.00000000 
1700000006.40804 -0.245149 -0.108164 0.960876 0.070143 0.007286 0.009917 -0.016906 0.024961 -0.007240 0.017354 0.002754 -0.001299 0.000468 -0.057170 -0.170445 -0.089416 0.0000000 1 418.629359 418.629359 505.740581 286.574774 -0.020453 -0.024926 0.019510 -0.005656 -0.660094 0.642445 -0.268559 0.281810 -0.062419 0.031365 0.062150 0 1.00000000 0.00000000 0.00000000 1.00000000 0.00000000 1.00000000 1.00000000 0.00000000 0.00000000 1.00000000 0.00000000 1.00000000 0.00000000 0.00000000 0.00000000 0.00000000 0.00000000 0.00000000 0.00000000 0.00000000 0.00000000 0.00000000 0.00000000 0.00000000 1.00000000 0.00000000 0.00000000 0.00000000 1.00000000 
1700000006.44195 -0.243636 -0.107609 0.961305 0.070388 0.008193 0.009662 -0.016191 0.027991 -0.008040 0.024248 0.002754 -0.001299 0.000468 -0.057170 -0.170445 -0.089416 0.0000000 1 418.629359 418.629359 505.740581 286.574774 -0.020453 -0.024926 0.019510 -0.005656 -0.660094 0.642445 -0.268559 0.281810 -0.062419 0.031365 0.062150 0 1.00000000 0.00000000 0.00000000 1.00000000 0.00000000 1.00000000 1.00000000 0.00000000 0.00000000 1.00000000 0.00000000 1.00000000 0.00000000 0.00000000 0.00000000 0.00000000 0.00000000 0.00000000 0.00000000 0.00000000 0.00000000 0.00000000 0.00000000 0.00000000 1.00000000 0.00000000 0.00000000 0.00000000 1.00000000 
1700000006.47585 -0.241588 -0.106488 0.961951 0.070326 0.009200 0.009398 -0.015238 0.031744 -0.007313 0.032606 0.002754 -0.001299 0.000468 -0.057170 -0.170445 -0.089416 0.0000000 1 418.629359 418.629359 505.740581 286.574774 -0.020453 -0.024926 0.019510 -0.005656 -0.660094 0.642445 -0.268559 0.281810 -0.062419 0.031365 0.062150 0 1.00000000 0.00000000 0.00000000 1.00000000 0.00000000 1.00000000 1.00000000 0.00000000 0.00000000 1.00000000 0.00000000 1.00000000 0.00000000 0.00000000 0.00000000 0.00000000 0.00000000 0.00000000 0.00000000 0.00000000 0.00000000 0.00000000 0.00000000 0.00000000 1.00000000 0.00000000 0.00000000 0.00000000 1.00000000 
1700000006.50976 -0.239142 -0.104236 0.962853 0.069713 0.010337 0.009144 -0.013993 0.034616 -0.008308 0.039520 0.002754 -0.001299 0.000468 -0.057170 -0.170445 -0.089416 0.0000000 1 418.629359 418.629359 505.740581 286.574774 -0.020453 -0.024926 0.019510 -0.005656 -0.660094 0.642445 -0.268559 0.281810 -0.062419 0.031365 0.062150 0 1.00000000 0.00000000 0.00000000 1.00000000 0.00000000 1.00000000 1.00000000 0.00000000 0.00000000 1.00000000 0.00000000 1.00000000 0.00000000 0.00000000 0.00000000 0.00000000 0.00000000 0.00000000 0.00000000 0.00000000 0.00000000 0.00000000 0.00000000 0.00000000 1.00000000 0.00000000 0.00000000 0.00000000 1.00000000 
1700000006.54366 -0.236649 -0.102140 0.963722 0.069317 0.011512 0.008802 -0.012642 0.034710 -0.012021 0.039686 0.002754 -0.001299 0.000468 -0.057170 -0.170445 -0.089416 0.0000000 1 418.629359 418.629359 505.740581 286.574774 -0.020453 -0.024926 0.019510 -0.005656 -0.660094 0.642445 -0.268559 0.281810 -0.062419 0.031365 0.062150 0 1.00000000 0.00000000 0.00000000 1.00000000 0.00000000 1.00000000 1.00000000 0.00000000 0.00000000 1.00000000 0.00000000 1.00000000 0.00000000 0.00000000 0.00000000 0.00000000 0.00000000 0.00000000 0.00000000 0.00000000 0.00000000 0.00000000 0.00000000 0.00000000 1.00000000 0.00000000 0.00000000 0.00000000 1.00000000 
1700000006.57757 -0.233745 -0.100688 0.964577 0.069400 0.012734 0.008353 -0.011270 0.037662 -0.014392 0.041221 0.002754 -0.001299 0.000468 -0.057170 -0.170445 -0.089416 0.0000000 1 418.629359 418.629359 505.740581 286.574774 -0.020453 -0.024926 0.019510 -0.005656 -0.660094 0.642445 -0.268559 0.281810 -0.062419 0.031365 0.062150 0 1.00000000 0.00000000 0.00000000 1.00000000 0.00000000 1.00000000 1.00000000 0.00000000 0.00000000 1.00000000 0.00000000 1.00000000 0.00000000 0.00000000 0.00000000 0.00000000 0.00000000 0.00000000 0.00000000 0.00000000 0.00000000 0.00000000 0.00000000 0.00000000 1.00000000 0.00000000 0.00000000 0.00000000 1.00000000 
1700000006.61147 -0.230323 -0.099461 0.965553 0.069046 0.014058 0.007821 -0.009864 0.041305 -0.016292 0.042837 0.002754 -0.001299 0.000468 -0.057170 -0.170445 -0.089416 0.0000000 1 418.629359 418.629359 505.740581 286.574774 -0.020453 -0.024926 0.019510 -0.005656 -0.660094 0.642445 -0.268559 0.281810 -0.062419 0.031365 0.062150 0 1.00000000 0.00000000 0.00000000 1.00000000 0.00000000 1.00000000 1.00000000 0.00000000 0.00000000 1.00000000 0.00000000 1.00000000 0.00000000 0.00000000 0.00000000 0.00000000 0.00000000 0.00000000 0.00000000 0.00000000 0.00000000 0.00000000 0.00000000 0.00000000 1.00000000 0.00000000 0.00000000 0.00000000 1.00000000 
1700000006.64538 -0.226200 -0.097839 0.966754 0.068169 0.015582 0.007291 -0.008286 0.047982 -0.015156 0.050093 0.002754 -0.001299 0.000468 -0.057170 -0.170445 -0.089416 0.0000000 1 418.629359 418.629359 505.740581 286.574774 -0.020453 -0.024926 0.019510 -0.005656 -0.660094 0.642445 -0.268559 0.281810 -0.062419 0.031365 0.062150 0 1.00000000 0.00000000 0.00000000 1.00000000 0.00000000 1.00000000 1.00000000 0.00000000 0.00000000 1.00000000 0.00000000 1.00000000 0.00000000 0.00000000 0.00000000 0.00000000 0.00000000 0.00000000 0.00000000 0.00000000 0.00000000 0.00000000 0.00000000 0.00000000 1.00000000 0.00000000 0.00000000 0.00000000 1.00000000 
1700000006.67928 -0.221130 -0.095553 0.968204 0.067468 0.017215 0.006728 -0.006573 0.046909 -0.019124 0.049195 0.002754 -0.001299 0.000468 -0.057170 -0.170445 -0.089416 0.0000000 1 418.629359 418.629359 505.740581 286.574774 -0.020453 -0.024926 0.019510 -0.005656 -0.660094 0.642445 -0.268559 0.281810 -0.062419 0.031365 0.062150 0 1.00000000 0.00000000 0.00000000 1.00000000 0.00000000 1.00000000 1.00000000 0.00000000 0.00000000 1.00000000 0.00000000 1.00000000 0.00000000 0.00000000 0.00000000 0.00000000 0.00000000 0.00000000 0.00000000 0.00000000 0.00000000 0.00000000 0.00000000 0.00000000 1.00000000 0.00000000 0.00000000 0.00000000 1.00000000 
1700000006.71319 -0.216612 -0.094699 0.969289 0.067750 0.018749 0.006012 -0.004964 0.044070 -0.022302 0.046648 0.002754 -0.001299 0.000468 -0.057170 -0.170445 -0.089416 0.0000000 1 418.629359 418.629359 505.740581 286.574774 -0.020453 -0.024926 0.019510 -0.005656 -0.660094 0.642445 -0.268559 0.281810 -0.062419 0.031365 0.062150 0 1.00000000 0.00000000 0.00000000 1.00000000 0.00000000 1.00000000 1.00000000 0.00000000 0.00000000 1.00000000 0.00000000 1.00000000 0.00000000 0.00000000 0.00000000 0.00000000 0.00000000 0.00000000 0.00000000 0.00000000 0.00000000 0.00000000 0.00000000 0.00000000 1.00000000 0.00000000 0.00000000 0.00000000 1.00000000 
1700000006.74709 -0.211759 -0.094117 0.970305 0.069346 0.020272 0.005279 -0.003281 0.046807 -0.020254 0.054757 0.002754 -0.001299 0.000468 -0.057170 -0.170445 -0.089416 0.0000000 1 418.629359 418.629359 505.740581 286.574774 -0.020453 -0.024926 0.019510 -0.005656 -0.660094 0.642445 -0.268559 0.281810 -0.062419 0.031365 0.062150 0 1.00000000 0.00000000 0.00000000 1.00000000 0.00000000 1.00000000 1.00000000 0.00000000 0.00000000 1.00000000 0.00000000 1.00000000 0.00000000 0.00000000 0.00000000 0.00000000 0.00000000 0.00000000 0.00000000 0.00000000 0.00000000 0.00000000 0.00000000 0.00000000 1.00000000 0.00000000 0.00000000 0.00000000 1.00000000 
1700000006.78100 -0.209511 -0.091295 0.970953 0.070852 0.014013 0.003497 0.007306 0.031994 -0.017338 0.090477 0.002787 -0.001964 0.000072 0.005850 -0.181998 -0.082178 0.0000000 1 418.629359 418.629359 505.740581 286.574774 -0.020453 -0.024926 0.019510 -0.005656 -0.660094 0.642445 -0.268559 0.281810 -0.062419 0.031365 0.062150 0 1.00000000 0.00000000 0.00000000 1.00000000 0.00000000 1.00000000 1.00000000 0.00000000 0.00000000 1.00000000 0.00000000 1.00000000 0.00000000 0.00000000 0.00000000 0.00000000 0.00000000 0.00000000 0.00000000 0.00000000 0.00000000 0.00000000 0.00000000 0.00000000 1.00000000 0.00000000 0.00000000 0.00000000 1.00000000 
1700000006.81490 -0.204152 -0.088907 0.972199 0.072425 0.015083 0.002848 0.010411 0.032380 -0.021093 0.093374 0.002787 -0.001964 0.000072 0.005850 -0.181998 -0.082178 0.0000000 1 418.629359 418.629359 505.740581 286.574774 -0.020453 -0.024926 0.019510 -0.005656 -0.660094 0.642445 -0.268559 0.281810 -0.062419 0.031365 0.062150 0 1.00000000 0.00000000 0.00000000 1.00000000 0.00000000 1.00000000 1.00000000 0.00000000 0.00000000 1.00000000 0.00000000 1.00000000 0.00000000 0.00000000 0.00000000 0.00000000 0.00000000 0.00000000 0.00000000 0.00000000 0.00000000 0.00000000 0.00000000 0.00000000 1.00000000 0.00000000 0.00000000 0.00000000 1.00000000 
1700000006.84881 -0.198981 -0.086436 0.973516 0.072126 0.016290 0.002082 0.013653 0.036768 -0.025227 0.095610 0.002787 -0.001964 0.000072 0.005850 -0.181998 -0.082178 0.0000000 1 418.629359 418.629359 505.740581 286.574774 -0.020453 -0.024926 0.019510 -0.005656 -0.660094 0.642445 -0.268559 0.281810 -0.062419 0.031365 0.062150 0 1.00000000 0.00000000 0.00000000 1.00000000 0.00000000 1.00000000 1.00000000 0.00000000 0.00000000 1.00000000 0.00000000 1.00000000 0.00000000 0.00000000 0.00000000 0.00000000 0.00000000 0.00000000 0.00000000 0.00000000 0.00000000 0.00000000 0.00000000 0.00000000 1.00000000 0.00000000 0.00000000 0.00000000 1.00000000 
1700000006.88271 -0.194351 -0.085538 0.974529 0.072144 0.017313 0.000981 0.016601 0.021179 -0.041145 0.074353 0.002787 -0.001964 0.000072 0.005850 -0.181998 -0.082178 0.0000000 1 418.629359 418.629359 505.740581 286.574774 -0.020453 -0.024926 0.019510 -0.005656 -0.660094 0.642445 -0.268559 0.281810 -0.062419 0.031365 0.062150 0 1.00000000 0.00000000 0.00000000 1.00000000 0.00000000 1.00000000 1.00000000 0.00000000 0.00000000 1.00000000 0.00000000 1.00000000 0.00000000 0.00000000 0.00000000 0.00000000 0.00000000 0.00000000 0.00000000 0.00000000 0.00000000 0.00000000 0.00000000 0.00000000 1.00000000 0.00000000 0.00000000 0.00000000 1.00000000 
1700000006.91662 -0.191449 -0.088618 0.974698 0.073874 0.017965 -0.000530 0.018855 0.023476 -0.042951 0.065900 0.002787 -0.001964 0.000072 0.005850 -0.181998 -0.082178 0.0000000 1 418.629359 418.629359 505.740581 286.574774 -0.020453 -0.024926 0.019510 -0.005656 -0.660094 0.642445 -0.268559 0.281810 -0.062419 0.031365 0.062150 0 1.00000000 0.00000000 0.00000000 1.00000000 0.00000000 1.00000000 1.00000000 0.00000000 0.00000000 1.00000000 0.00000000 1.00000000 0.00000000 0.00000000 0.00000000 0.00000000 0.00000000 0.00000000 0.00000000 0.00000000 0.00000000 0.00000000 0.00000000 0.00000000 1.00000000 0.00000000 0.00000000 0.00000000 1.00000000 
1700000006.95052 -0.187193 -0.089492 0.975438 0.073967 0.018907 -0.001869 0.021332 0.027696 -0.038910 0.076112 0.002787 -0.001964 0.000072 0.005850 -0.181998 -0.082178 0.0000000 1 418.629359 418.629359 505.740581 286.574774 -0.020453 -0.024926 0.019510 -0.005656 -0.660094 0.642445 -0.268559 0.281810 -0.062419 0.031365 0.062150 0 1.00000000 0.00000000 0.00000000 1.00000000 0.00000000 1.00000000 1.00000000 0.00000000 0.00000000 1.00000000 0.00000000 1.00000000 0.00000000 0.00000000 0.00000000 0.00000000 0.00000000 0.00000000 0.00000000 0.00000000 0.00000000 0.00000000 0.00000000 0.00000000 1.00000000 0.00000000 0.00000000 0.00000000 1.00000000 
1700000006.98443 -0.184216 -0.091491 0.975741 0.074995 0.021374 -0.007728 0.022866 0.024278 -0.053275 0.060449 0.003038 -0.001591 0.000378 0.008946 -0.169095 -0.074042 0.0000000 1 418.629359 418.629359 505.740581 286.574774 -0.020453 -0.024926 0.019510 -0.005656 -0.660094 0.642445 -0.268559 0.281810 -0.062419 0.031365 0.062150 0 1.00000000 0.00000000 0.00000000 1.00000000 0.00000000 1.00000000 1.00000000 0.00000000 0.00000000 1.00000000 0.00000000 1.00000000 0.00000000 0.00000000 0.00000000 0.00000000 0.00000000 0.00000000 0.00000000 0.00000000 0.00000000 0.00000000 0.00000000 0.00000000 1.00000000 0.00000000 0.00000000 0.00000000 1.00000000 
1700000007.01833 -0.182537 -0.093641 0.975766 0.076108 0.022699 -0.010364 0.023904 0.029891 -0.052128 0.055563 0.003049 -0.001389 0.000452 0.009267 -0.160691 -0.068770 0.0000000 1 418.629359 418.629359 505.740581 286.574774 -0.020453 -0.024926 0.019510 -0.005656 -0.660094 0.642445 -0.268559 0.281810 -0.062419 0.031365 0.062150 0 1.00000000 0.00000000 0.00000000 1.00000000 0.00000000 1.00000000 1.00000000 0.00000000 0.00000000 1.00000000 0.00000000 1.00000000 0.00000000 0.00000000 0.00000000 0.00000000 0.00000000 0.00000000 0.00000000 0.00000000 0.00000000 0.00000000 0.00000000 0.00000000 1.00000000 0.00000000 0.00000000 0.00000000 1.00000000 
1700000007.05224 -0.181230 -0.093832 0.975983 0.076215 0.024150 -0.012856 0.024960 0.038788 -0.047689 0.065792 0.003093 -0.001241 0.000534 0.010364 -0.152751 -0.063209 0.0000000 1 418.629359 418.629359 505.740581 286.574774 -0.020453 -0.024926 0.019510 -0.005656 -0.660094 0.642445 -0.268559 0.281810 -0.062419 0.031365 0.062150 0 1.00000000 0.00000000 0.00000000 1.00000000 0.00000000 1.00000000 1.00000000 0.00000000 0.00000000 1.00000000 0.00000000 1.00000000 0.00000000 0.00000000 0.00000000 0.00000000 0.00000000 0.00000000 0.00000000 0.00000000 0.00000000 0.00000000 0.00000000 0.00000000 1.00000000 0.00000000 0.00000000 0.00000000 1.00000000 
1700000007.08614 -0.179577 -0.090868 0.976605 0.075752 0.025971 -0.015096 0.026715 0.046467 -0.045488 0.079233 0.003123 -0.001095 0.000601 0.012253 -0.146583 -0.058445 0.0000000 1 418.629359 418.629359 505.740581 286.574774 -0.020453 -0.024926 0.019510 -0.005656 -0.660094 0.642445 -0.268559 0.281810 -0.062419 0.031365 0.062150 0 1.00000000 0.00000000 0.00000000 1.00000000 0.00000000 1.00000000 1.00000000 0.00000000 0.00000000 1.00000000 0.00000000 1.00000000 0.00000000 0.00000000 0.00000000 0.00000000 0.00000000 0.00000000 0.00000000 0.00000000 0.00000000 0.00000000 0.00000000 0.00000000 1.00000000 0.00000000 0.00000000 0.00000000 1.00000000 
1700000007.12005 -0.178276 -0.087298 0.977183 0.075568 0.027719 -0.017058 0.029030 0.041642 -0.054617 0.071104 0.003114 -0.000995 0.000619 0.013406 -0.144041 -0.056355 0.0000000 1 418.629359 418.629359 505.740581 286.574774 -0.020453 -0.024926 0.019510 -0.005656 -0.660094 0.642445 -0.268559 0.281810 -0.062419 0.031365 0.062150 0 1.00000000 0.00000000 0.00000000 1.00000000 0.00000000 1.00000000 1.00000000 0.00000000 0.00000000 1.00000000 0.00000000 1.00000000 0.00000000 0.00000000 0.00000000 0.00000000 0.00000000 0.00000000 0.00000000 0.00000000 0.00000000 0.00000000 0.00000000 0.00000000 1.00000000 0.00000000 0.00000000 0.00000000 1.00000000 
1700000007.15395 -0.177943 -0.086376 0.977309 0.075781 0.029477 -0.019479 0.031220 0.048800 -0.058103 0.068586 0.003149 -0.000952 0.000662 0.015114 -0.141844 -0.054408 0.0000000 1 418.629359 418.629359 505.740581 286.574774 -0.020453 -0.024926 0.019510 -0.005656 -0.660094 0.642445 -0.268559 0.281810 -0.062419 0.031365 0.062150 0 1.00000000 0.00000000 0.00000000 1.00000000 0.00000000 1.00000000 1.00000000 0.00000000 0.00000000 1.00000000 0.00000000 1.00000000 0.00000000 0.00000000 0.00000000 0.00000000 0.00000000 0.00000000 0.00000000 0.00000000 0.00000000 0.00000000 0.00000000 0.00000000 1.00000000 0.00000000 0.00000000 0.00000000 1.00000000 
1700000007.18786 -0.176373 -0.085248 0.977679 0.075949 0.031151 -0.021501 0.033445 0.042203 -0.066546 0.060757 0.003108 -0.000893 0.000645 0.015062 -0.141701 -0.054342 0.0000000 1 418.629359 418.629359 505.740581 286.574774 -0.020453 -0.024926 0.019510 -0.005656 -0.660094 0.642445 -0.268559 0.281810 -0.062419 0.031365 0.062150 0 1.00000000 0.00000000 0.00000000 1.00000000 0.00000000 1.00000000 1.00000000 0.00000000 0.00000000 1.00000000 0.00000000 1.00000000 0.00000000 0.00000000 0.00000000 0.00000000 0.00000000 0.00000000 0.00000000 0.00000000 0.00000000 0.00000000 0.00000000 0.00000000 1.00000000 0.00000000 0.00000000 0.00000000 1.00000000 
1700000007.22176 -0.175500 -0.086179 0.977681 0.076895 0.032797 -0.023991 0.035301 0.047112 -0.069320 0.054097 0.003076 -0.000818 0.000642 0.015576 -0.141034 -0.053825 0.0000000 1 418.629359 418.629359 505.740581 286.574774 -0.020453 -0.024926 0.019510 -0.005656 -0.660094 0.642445 -0.268559 0.281810 -0.062419 0.031365 0.062150 0 1.00000000 0.00000000 0.00000000 1.00000000 0.00000000 1.00000000 1.00000000 0.00000000 0.00000000 1.00000000 0.00000000 1.00000000 0.00000000 0.00000000 0.00000000 0.00000000 0.00000000 0.00000000 0.00000000 0.00000000 0.00000000 0.00000000 0.00000000 0.00000000 1.00000000 0.00000000 0.00000000 0.00000000 1.00000000 
1700000007.25567 -0.173870 -0.086215 0.978019 0.076258 0.034931 -0.027166 0.037266 0.053708 -0.070080 0.057435 0.003187 -0.000852 0.000720 0.018424 -0.138167 -0.051279 0.0000000 1 418.629359 418.629359 505.740581 286.574774 -0.020453 -0.024926 0.019510 -0.005656 -0.660094 0.642445 -0.268559 0.281810 -0.062419 0.031365 0.062150 0 1.00000000 0.00000000 0.00000000 1.00000000 0.00000000 1.00000000 1.00000000 0.00000000 0.00000000 1.00000000 0.00000000 1.00000000 0.00000000 0.00000000 0.00000000 0.00000000 0.00000000 0.00000000 0.00000000 0.00000000 0.00000000 0.00000000 0.00000000 0.00000000 1.00000000 0.00000000 0.00000000 0.00000000 1.00000000 
1700000007.28957 -0.173253 -0.086476 0.978138 0.075840 0.037114 -0.030534 0.038936 0.047356 -0.079188 0.042155 0.003249 -0.000809 0.000782 0.021647 -0.134605 -0.048239 0.0000000 1 418.629359 418.629359 505.740581 286.574774 -0.020453 -0.024926 0.019510 -0.005656 -0.660094 0.642445 -0.268559 0.281810 -0.062419 0.031365 0.062150 0 1.00000000 0.00000000 0.00000000 1.00000000 0.00000000 1.00000000 1.00000000 0.00000000 0.00000000 1.00000000 0.00000000 1.00000000 0.00000000 0.00000000 0.00000000 0.00000000 0.00000000 0.00000000 0.00000000 0.00000000 0.00000000 0.00000000 0.00000000 0.00000000 1.00000000 0.00000000 0.00000000 0.00000000 1.00000000 
1700000007.32347 -0.173655 -0.087755 0.977992 0.075325 0.039447 -0.034240 0.040124 0.053335 -0.080140 0.037859 0.003308 -0.000724 0.000854 0.026206 -0.129336 -0.043776 0.0000000 1 418.629359 418.629359 505.740581 286.574774 -0.020453 -0.024926 0.019510 -0.005656 -0.660094 0.642445 -0.268559 0.281810 -0.062419 0.031365 0.062150 0 1.00000000 0.00000000 0.00000000 1.00000000 0.00000000 1.00000000 1.00000000 0.00000000 0.00000000 1.00000000 0.00000000 1.00000000 0.00000000 0.00000000 0.00000000 0.00000000 0.00000000 0.00000000 0.00000000 0.00000000 0.00000000 0.00000000 0.00000000 0.00000000 1.00000000 0.00000000 0.00000000 0.00000000 1.00000000 
1700000007.35738 -0.173791 -0.088220 0.977941 0.075135 0.041965 -0.037768 0.041150 0.053427 -0.083945 0.032050 0.003303 -0.000567 0.000898 0.030555 -0.124253 -0.039433 0.0000000 1 418.629359 418.629359 505.740581 286.574774 -0.020453 -0.024926 0.019510 -0.005656 -0.660094 0.642445 -0.268559 0.281810 -0.062419 0.031365 0.062150 0 1.00000000 0.00000000 0.00000000 1.00000000 0.00000000 1.00000000 1.00000000 0.00000000 0.00000000 1.00000000 0.00000000 1.00000000 0.00000000 0.00000000 0.00000000 0.00000000 0.00000000 0.00000000 0.00000000 0.00000000 0.00000000 0.00000000 0.00000000 0.00000000 1.00000000 0.00000000 0.00000000 0.00000000 1.00000000 
1700000007.39128 -0.175141 -0.089766 0.977531 0.075503 0.044096 -0.041111 0.041537 0.052534 -0.089839 0.016371 0.003302 -0.000435 0.000933 0.035202 -0.118584 -0.034451 0.0000000 1 418.629359 418.629359 505.740581 286.574774 -0.020453 -0.024926 0.019510 -0.005656 -0.660094 0.642445 -0.268559 0.281810 -0.062419 0.031365 0.062150 0 1.00000000 0.00000000 0.00000000 1.00000000 0.00000000 1.00000000 1.00000000 0.00000000 0.00000000 1.00000000 0.00000000 1.00000000 0.00000000 0.00000000 0.00000000 0.00000000 0.00000000 0.00000000 0.00000000 0.00000000 0.00000000 0.00000000 0.00000000 0.00000000 1.00000000 0.00000000 0.00000000 0.00000000 1.00000000 
1700000007.42519 -0.177954 -0.092258 0.976803 0.075342 0.045441 -0.043725 0.040876 0.052593 -0.092198 0.004333 0.003322 -0.000367 0.000953 0.040751 -0.111172 -0.027744 0.0000000 1 418.629359 418.629359 505.740581 286.574774 -0.020453 -0.024926 0.019510 -0.005656 -0.660094 0.642445 -0.268559 0.281810 -0.062419 0.031365 0.062150 0 1.00000000 0.00000000 0.00000000 1.00000000 0.00000000 1.00000000 1.00000000 0.00000000 0.00000000 1.00000000 0.00000000 1.00000000 0.00000000 0.00000000 0.00000000 0.00000000 0.00000000 0.00000000 0.00000000 0.00000000 0.00000000 0.00000000 0.00000000 0.00000000 1.00000000 0.00000000 0.00000000 0.00000000 1.00000000 
1700000007.45910 -0.181978 -0.094675 0.975831 0.075324 0.046162 -0.045386 0.039302 0.046369 -0.095137 -0.011403 0.003263 -0.000235 0.000925 0.046541 -0.103541 -0.020257 0.0000000 1 418.629359 418.629359 505.740581 286.574774 -0.020453 -0.024926 0.019510 -0.005656 -0.660094 0.642445 -0.268559 0.281810 -0.062419 0.031365 0.062150 0 1.00000000 0.00000000 0.00000000 1.00000000 0.00000000 1.00000000 1.00000000 0.00000000 0.00000000 1.00000000 0.00000000 1.00000000 0.00000000 0.00000000 0.00000000 0.00000000 0.00000000 0.00000000 0.00000000 0.00000000 0.00000000 0.00000000 0.00000000 0.00000000 1.00000000 0.00000000 0.00000000 0.00000000 1.00000000 
1700000007.49300 -0.188320 -0.097666 0.974335 0.075286 0.044095 -0.043577 0.035721 0.042523 -0.086804 -0.022478 0.003162 -0.000225 0.000798 0.051707 -0.095029 -0.011116 0.0000000 1 418.629359 418.629359 505.740581 286.574774 -0.020453 -0.024926 0.019510 -0.005656 -0.660094 0.642445 -0.268559 0.281810 -0.062419 0.031365 0.062150 0 1.00000000 0.00000000 0.00000000 1.00000000 0.00000000 1.00000000 1.00000000 0.00000000 0.00000000 1.00000000 0.00000000 1.00000000 0.00000000 0.00000000 0.00000000 0.00000000 0.00000000 0.00000000 0.00000000 0.00000000 0.00000000 0.00000000 0.00000000 0.00000000 1.00000000 0.00000000 0.00000000 0.00000000 1.00000000 
1700000007.52690 -0.195258 -0.098457 0.972964 0.074314 0.041120 -0.039984 0.031648 0.033629 -0.078329 -0.033622 0.002986 -0.000202 0.000611 0.054252 -0.089793 -0.004147 0.0000000 1 418.629359 418.629359 505.740581 286.574774 -0.020453 -0.024926 0.019510 -0.005656 -0.660094 0.642445 -0.268559 0.281810 -0.062419 0.031365 0.062150 0 1.00000000 0.00000000 0.00000000 1.00000000 0.00000000 1.00000000 1.00000000 0.00000000 0.00000000 1.00000000 0.00000000 1.00000000 0.00000000 0.00000000 0.00000000 0.00000000 0.00000000 0.00000000 0.00000000 0.00000000 0.00000000 0.00000000 0.00000000 0.00000000 1.00000000 0.00000000 0.00000000 0.00000000 1.00000000 
1700000007.56081 -0.203407 -0.099856 0.971160 0.074177 0.037806 -0.035978 0.027165 0.028567 -0.068350 -0.049655 0.002779 -0.000148 0.000411 0.054749 -0.087410 0.000674 0.0000000 1 418.629359 418.629359 505.740581 286.574774 -0.020453 -0.024926 0.019510 -0.005656 -0.660094 0.642445 -0.268559 0.281810 -0.062419 0.031365 0.062150 0 1.00000000 0.00000000 0.00000000 1.00000000 0.00000000 1.00000000 1.00000000 0.00000000 0.00000000 1.00000000 0.00000000 1.00000000 0.00000000 0.00000000 0.00000000 0.00000000 0.00000000 0.00000000 0.00000000 0.00000000 0.00000000 0.00000000 0.00000000 0.00000000 1.00000000 0.00000000 0.00000000 0.00000000 1.00000000 
1700000007.59471 -0.210838 -0.100240 0.969630 0.072916 0.034778 -0.032009 0.023014 0.032750 -0.051739 -0.048292 0.002652 -0.000203 0.000247 0.053310 -0.086681 0.003305 0.0000000 1 418.629359 418.629359 505.740581 286.574774 -0.020453 -0.024926 0.019510 -0.005656 -0.660094 0.642445 -0.268559 0.281810 -0.062419 0.031365 0.062150 0 1.00000000 0.00000000 0.00000000 1.00000000 0.00000000 1.00000000 1.00000000 0.00000000 0.00000000 1.00000000 0.00000000 1.00000000 0.00000000 0.00000000 0.00000000 0.00000000 0.00000000 0.00000000 0.00000000 0.00000000 0.00000000 0.00000000 0.00000000 0.00000000 1.00000000 0.00000000 0.00000000 0.00000000 1.00000000 
1700000007.62862 -0.217667 -0.099926 0.968203 0.072239 0.033767 -0.030659 0.019974 0.024394 -0.049653 -0.056522 0.002555 -0.000170 0.000158 0.051991 -0.087108 0.004247 0.0000000 1 418.629359 418.629359 505.740581 286.574774 -0.020453 -0.024926 0.019510 -0.005656 -0.660094 0.642445 -0.268559 0.281810 -0.062419 0.031365 0.062150 0 1.00000000 0.00000000 0.00000000 1.00000000 0.00000000 1.00000000 1.00000000 0.00000000 0.00000000 1.00000000 0.00000000 1.00000000 0.00000000 0.00000000 0.00000000 0.00000000 0.00000000 0.00000000 0.00000000 0.00000000 0.00000000 0.00000000 0.00000000 0.00000000 1.00000000 0.00000000 0.00000000 0.00000000 1.00000000 
1700000007.66252 -0.224800 -0.099763 0.966649 0.071424 0.033532 -0.030532 0.017401 0.028009 -0.043356 -0.052047 0.002520 -0.000165 0.000117 0.050832 -0.087387 0.004652 0.0000000 1 418.629359 418.629359 505.740581 286.574774 -0.020453 -0.024926 0.019510 -0.005656 -0.660094 0.642445 -0.268559 0.281810 -0.062419 0.031365 0.062150 0 1.00000000 0.00000000 0.00000000 1.00000000 0.00000000 1.00000000 1.00000000 0.00000000 0.00000000 1.00000000 0.00000000 1.00000000 0.00000000 0.00000000 0.00000000 0.00000000 0.00000000 0.00000000 0.00000000 0.00000000 0.00000000 0.00000000 0.00000000 0.00000000 1.00000000 0.00000000 0.00000000 0.00000000 1.00000000 
1700000007.69643 -0.231765 -0.098673 0.965212 0.070106 0.033993 -0.031240 0.015302 0.023228 -0.045745 -0.056026 0.002490 -0.000135 0.000096 0.049971 -0.087780 0.004671 0.0000000 1 418.629359 418.629359 505.740581 286.574774 -0.020453 -0.024926 0.019510 -0.005656 -0.660094 0.642445 -0.268559 0.281810 -0.062419 0.031365 0.062150 0 1.00000000 0.00000000 0.00000000 1.00000000 0.00000000 1.00000000 1.00000000 0.00000000 0.00000000 1.00000000 0.00000000 1.00000000 0.00000000 0.00000000 0.00000000 0.00000000 0.00000000 0.00000000 0.00000000 0.00000000 0.00000000 0.00000000 0.00000000 0.00000000 1.00000000 0.00000000 0.00000000 0.00000000 1.00000000 
1700000007.73033 -0.238906 -0.098826 0.963445 0.070227 0.035277 -0.033279 0.013595 0.028823 -0.045331 -0.053752 0.002452 -0.000079 0.000092 0.050667 -0.088148 0.004538 0.0000000 1 418.629359 418.629359 505.740581 286.574774 -0.020453 -0.024926 0.019510 -0.005656 -0.660094 0.642445 -0.268559 0.281810 -0.062419 0.031365 0.062150 0 1.00000000 0.00000000 0.00000000 1.00000000 0.00000000 1.00000000 1.00000000 0.00000000 0.00000000 1.00000000 0.00000000 1.00000000 0.00000000 0.00000000 0.00000000 0.00000000 0.00000000 0.00000000 0.00000000 0.00000000 0.00000000 0.00000000 0.00000000 0.00000000 1.00000000 0.00000000 0.00000000 0.00000000 1.00000000 
1700000007.76424 -0.244445 -0.097695 0.962168 0.070254 0.036855 -0.035458 0.012323 0.034458 -0.047496 -0.046513 0.002420 -0.000066 0.000085 0.053110 -0.088196 0.004732 0.0000000 1 418.629359 418.629359 505.740581 286.574774 -0.020453 -0.024926 0.019510 -0.005656 -0.660094 0.642445 -0.268559 0.281810 -0.062419 0.031365 0.062150 0 1.00000000 0.00000000 0.00000000 1.00000000 0.00000000 1.00000000 1.00000000 0.00000000 0.00000000 1.00000000 0.00000000 1.00000000 0.00000000 0.00000000 0.00000000 0.00000000 0.00000000 0.00000000 0.00000000 0.00000000 0.00000000 0.00000000 0.00000000 0.00000000 1.00000000 0.00000000 0.00000000 0.00000000 1.00000000 
1700000007.79814 -0.250037 -0.093989 0.961408 0.065896 0.008379 0.013634 -0.000914 0.003840 0.017762 -0.049113 0.001402 0.000555 -0.002949 0.050338 -0.107590 0.002448 0.0000000 1 418.629359 418.629359 505.740581 286.574774 -0.020453 -0.024926 0.019510 -0.005656 -0.660094 0.642445 -0.268559 0.281810 -0.062419 0.031365 0.062150 0 1.00000000 0.00000000 0.00000000 1.00000000 0.00000000 1.00000000 1.00000000 0.00000000 0.00000000 1.00000000 0.00000000 1.00000000 0.00000000 0.00000000 0.00000000 0.00000000 0.00000000 0.00000000 0.00000000 0.00000000 0.00000000 0.00000000 0.00000000 0.00000000 1.00000000 0.00000000 0.00000000 0.00000000 1.00000000 
1700000007.83205 -0.255348 -0.093045 0.960123 0.065612 0.018314 0.000120 0.001501 0.015277 -0.001482 -0.040912 0.001705 0.000889 -0.002959 0.066313 -0.106590 0.006968 0.0000000 1 418.629359 418.629359 505.740581 286.574774 -0.020453 -0.024926 0.019510 -0.005656 -0.660094 0.642445 -0.268559 0.281810 -0.062419 0.031365 0.062150 0 1.00000000 0.00000000 0.00000000 1.00000000 0.00000000 1.00000000 1.00000000 0.00000000 0.00000000 1.00000000 0.00000000 1.00000000 0.00000000 0.00000000 0.00000000 0.00000000 0.00000000 0.00000000 0.00000000 0.00000000 0.00000000 0.00000000 0.00000000 0.00000000 1.00000000 0.00000000 0.00000000 0.00000000 1.00000000 
1700000007.86595 -0.260541 -0.092602 0.958734 0.066123 0.017857 0.000805 0.000217 0.011144 -0.008247 -0.047009 0.001756 0.000682 -0.003063 0.073436 -0.106459 0.008994 0.0000000 1 418.629359 418.629359 505.740581 286.574774 -0.020453 -0.024926 0.019510 -0.005656 -0.660094 0.642445 -0.268559 0.281810 -0.062419 0.031365 0.062150 0 1.00000000 0.00000000 0.00000000 1.00000000 0.00000000 1.00000000 1.00000000 0.00000000 0.00000000 1.00000000 0.00000000 1.00000000 0.00000000 0.00000000 0.00000000 0.00000000 0.00000000 0.00000000 0.00000000 0.00000000 0.00000000 0.00000000 0.00000000 0.00000000 1.00000000 0.00000000 0.00000000 0.00000000 1.00000000 
1700000007.89986 -0.265471 -0.090604 0.957470 0.067574 0.008156 0.010674 -0.002117 -0.006457 0.005512 -0.053575 -0.000610 -0.000669 -0.002956 0.062495 -0.120942 -0.000378 0.0000000 1 418.629359 418.629359 505.740581 286.574774 -0.020453 -0.024926 0.019510 -0.005656 -0.660094 0.642445 -0.268559 0.281810 -0.062419 0.031365 0.062150 0 1.00000000 0.00000000 0.00000000 1.00000000 0.00000000 1.00000000 1.00000000 0.00000000 0.00000000 1.00000000 0.00000000 1.00000000 0.00000000 0.00000000 0.00000000 0.00000000 0.00000000 0.00000000 0.00000000 0.00000000 0.00000000 0.00000000 0.00000000 0.00000000 1.00000000 0.00000000 0.00000000 0.00000000 1.00000000 
1700000007.93376 -0.268652 -0.092856 0.956200 0.069901 0.009153 0.007451 -0.003126 -0.006780 0.003762 -0.065396 -0.001184 -0.000690 -0.002233 0.053792 -0.120379 -0.002462 0.0000000 1 418.629359 418.629359 505.740581 286.574774 -0.020453 -0.024926 0.019510 -0.005656 -0.660094 0.642445 -0.268559 0.281810 -0.062419 0.031365 0.062150 0 1.00000000 0.00000000 0.00000000 1.00000000 0.00000000 1.00000000 1.00000000 0.00000000 0.00000000 1.00000000 0.00000000 1.00000000 0.00000000 0.00000000 0.00000000 0.00000000 0.00000000 0.00000000 0.00000000 0.00000000 0.00000000 0.00000000 0.00000000 0.00000000 1.00000000 0.00000000 0.00000000 0.00000000 1.00000000 
1700000007.96767 -0.272843 -0.095272 0.954755 0.070167 0.009235 0.007673 -0.005240 0.006026 0.006038 -0.050978 -0.001111 -0.000544 -0.002387 0.064384 -0.123849 -0.000141 0.0000000 1 418.629359 418.629359 505.740581 286.574774 -0.020453 -0.024926 0.019510 -0.005656 -0.660094 0.642445 -0.268559 0.281810 -0.062419 0.031365 0.062150 0 1.00000000 0.00000000 0.00000000 1.00000000 0.00000000 1.00000000 1.00000000 0.00000000 0.00000000 1.00000000 0.00000000 1.00000000 0.00000000 0.00000000 0.00000000 0.00000000 0.00000000 0.00000000 0.00000000 0.00000000 0.00000000 0.00000000 0.00000000 0.00000000 1.00000000 0.00000000 0.00000000 0.00000000 1.00000000 
1700000008.00157 -0.278122 -0.094778 0.953347 0.069243 0.010237 0.006590 -0.005432 0.008342 0.004615 -0.031260 -0.001507 -0.000764 -0.002585 0.112323 -0.130368 0.014764 0.0000000 1 418.629359 418.629359 505.740581 286.574774 -0.020453 -0.024926 0.019510 -0.005656 -0.660094 0.642445 -0.268559 0.281810 -0.062419 0.031365 0.062150 0 1.00000000 0.00000000 0.00000000 1.00000000 0.00000000 1.00000000 1.00000000 0.00000000 0.00000000 1.00000000 0.00000000 1.00000000 0.00000000 0.00000000 0.00000000 0.00000000 0.00000000 0.00000000 0.00000000 0.00000000 0.00000000 0.00000000 0.00000000 0.00000000 1.00000000 0.00000000 0.00000000 0.00000000 1.00000000 
1700000008.03548 -0.280271 -0.094953 0.952731 0.068822 0.009846 0.007887 -0.007088 0.003755 0.003015 -0.034761 -0.001498 -0.000604 -0.002831 0.098717 -0.136426 0.008353 0.0000000 1 418.629359 418.629359 505.740581 286.574774 -0.020453 -0.024926 0.019510 -0.005656 -0.660094 0.642445 -0.268559 0.281810 -0.062419 0.031365 0.062150 0 1.00000000 0.00000000 0.00000000 1.00000000 0.00000000 1.00000000 1.00000000 0.00000000 0.00000000 1.00000000 0.00000000 1.00000000 0.00000000 0.00000000 0.00000000 0.00000000 0.00000000 0.00000000 0.00000000 0.00000000 0.00000000 0.00000000 0.00000000 0.00000000 1.00000000 0.00000000 0.00000000 0.00000000 1.00000000 
1700000008.06938 -0.283353 -0.095823 0.951649 0.069951 0.009918 0.007379 -0.007990 0.002039 0.001845 -0.033024 -0.001653 -0.001058 -0.002800 0.094080 -0.137698 0.006459 0.0000000 1 418.629359 418.629359 505.740581 286.574774 -0.020453 -0.024926 0.019510 -0.005656 -0.660094 0.642445 -0.268559 0.281810 -0.062419 0.031365 0.062150 0 1.00000000 0.00000000 0.00000000 1.00000000 0.00000000 1.00000000 1.00000000 0.00000000 0.00000000 1.00000000 0.00000000 1.00000000 0.00000000 0.00000000 0.00000000 0.00000000 0.00000000 0.00000000 0.00000000 0.00000000 0.00000000 0.00000000 0.00000000 0.00000000 1.00000000 0.00000000 0.00000000 0.00000000 1.00000000 
1700000008.10329 -0.286543 -0.096041 0.950618 0.070676 0.009925 0.006764 -0.008482 0.010977 -0.000409 -0.010610 -0.001774 -0.001540 -0.002555 0.124059 -0.134245 0.017950 0.0000000 1 418.629359 418.629359 505.740581 286.574774 -0.020453 -0.024926 0.019510 -0.005656 -0.660094 0.642445 -0.268559 0.281810 -0.062419 0.031365 0.062150 0 1.00000000 0.00000000 0.00000000 1.00000000 0.00000000 1.00000000 1.00000000 0.00000000 0.00000000 1.00000000 0.00000000 1.00000000 0.00000000 0.00000000 0.00000000 0.00000000 0.00000000 0.00000000 0.00000000 0.00000000 0.00000000 0.00000000 0.00000000 0.00000000 1.00000000 0.00000000 0.00000000 0.00000000 1.00000000 
1700000008.13719 -0.287192 -0.095315 0.950515 0.070405 0.010180 0.006339 -0.008571 0.007701 -0.002840 -0.003547 -0.001800 -0.001848 -0.002464 0.126191 -0.134389 0.018738 0.0000000 1 418.629359 418.629359 505.740581 286.574774 -0.020453 -0.024926 0.019510 -0.005656 -0.660094 0.642445 -0.268559 0.281810 -0.062419 0.031365 0.062150 0 1.00000000 0.00000000 0.00000000 1.00000000 0.00000000 1.00000000 1.00000000 0.00000000 0.00000000 1.00000000 0.00000000 1.00000000 0.00000000 0.00000000 0.00000000 0.00000000 0.00000000 0.00000000 0.00000000 0.00000000 0.00000000 0.00000000 0.00000000 0.00000000 1.00000000 0.00000000 0.00000000 0.00000000 1.00000000 
1700000008.17110 -0.287416 -0.095032 0.950469 0.070497 0.010314 0.005819 -0.008649 0.003769 -0.002133 -0.001740 -0.001860 -0.002113 -0.002329 0.120374 -0.133697 0.016876 0.0000000 1 418.629359 418.629359 505.740581 286.574774 -0.020453 -0.024926 0.019510 -0.005656 -0.660094 0.642445 -0.268559 0.281810 -0.062419 0.031365 0.062150 0 1.00000000 0.00000000 0.00000000 1.00000000 0.00000000 1.00000000 1.00000000 0.00000000 0.00000000 1.00000000 0.00000000 1.00000000 0.00000000 0.00000000 0.00000000 0.00000000 0.00000000 0.00000000 0.00000000 0.00000000 0.00000000 0.00000000 0.00000000 0.00000000 1.00000000 0.00000000 0.00000000 0.00000000 1.00000000 
1700000008.20500 -0.286713 -0.094527 0.950728 0.070549 0.010217 0.005602 -0.008918 -0.001577 0.000090 -0.000413 -0.001872 -0.002111 -0.002145 0.109187 -0.135740 0.012368 0.0000000 1 418.629359 418.629359 505.740581 286.574774 -0.020453 -0.024926 0.019510 -0.005656 -0.660094 0.642445 -0.268559 0.281810 -0.062419 0.031365 0.062150 0 1.00000000 0.00000000 0.00000000 1.00000000 0.00000000 1.00000000 1.00000000 0.00000000 0.00000000 1.00000000 0.00000000 1.00000000 0.00000000 0.00000000 0.00000000 0.00000000 0.00000000 0.00000000 0.00000000 0.00000000 0.00000000 0.00000000 0.00000000 0.00000000 1.00000000 0.00000000 0.00000000 0.00000000 1.00000000 
1700000008.23891 -0.285687 -0.094482 0.950990 0.071231 0.009861 0.005486 -0.009286 -0.007245 0.001915 -0.001164 -0.001865 -0.002022 -0.001822 0.098053 -0.137112 0.007998 0.0000000 1 418.629359 418.629359 505.740581 286.574774 -0.020453 -0.024926 0.019510 -0.005656 -0.660094 0.642445 -0.268559 0.281810 -0.062419 0.031365 0.062150 0 1.00000000 0.00000000 0.00000000 1.00000000 0.00000000 1.00000000 1.00000000 0.00000000 0.00000000 1.00000000 0.00000000 1.00000000 0.00000000 0.00000000 0.00000000 0.00000000 0.00000000 0.00000000 0.00000000 0.00000000 0.00000000 0.00000000 0.00000000 0.00000000 1.00000000 0.00000000 0.00000000 0.00000000 1.00000000 
1700000008.27281 -0.284933 -0.094571 0.951147 0.072040 0.009385 0.005426 -0.009488 -0.011209 0.004494 0.002940 -0.001878 -0.001896 -0.001486 0.100103 -0.137378 0.008698 0.0000000 1 418.629359 418.629359 505.740581 286.574774 -0.020453 -0.024926 0.019510 -0.005656 -0.660094 0.642445 -0.268559 0.281810 -0.062419 0.031365 0.062150 0 1.00000000 0.00000000 0.00000000 1.00000000 0.00000000 1.00000000 1.00000000 0.00000000 0.00000000 1.00000000 0.00000000 1.00000000 0.00000000 0.00000000 0.00000000 0.00000000 0.00000000 0.00000000 0.00000000 0.00000000 0.00000000 0.00000000 0.00000000 0.00000000 1.00000000 0.00000000 0.00000000 0.00000000 1.00000000 
1700000008.30672 -0.284416 -0.094327 0.951258 0.072929 0.008787 0.005362 -0.009519 -0.014531 0.006243 0.007330 -0.001906 -0.001841 -0.001137 0.103680 -0.136220 0.010344 0.0000000 1 418.629359 418.629359 505.740581 286.574774 -0.020453 -0.024926 0.019510 -0.005656 -0.660094 0.642445 -0.268559 0.281810 -0.062419 0.031365 0.062150 0 1.00000000 0.00000000 0.00000000 1.00000000 0.00000000 1.00000000 1.00000000 0.00000000 0.00000000 1.00000000 0.00000000 1.00000000 0.00000000 0.00000000 0.00000000 0.00000000 0.00000000 0.00000000 0.00000000 0.00000000 0.00000000 0.00000000 0.00000000 0.00000000 1.00000000 0.00000000 0.00000000 0.00000000 1.00000000 
1700000008.34062 -0.283691 -0.093661 0.951457 0.074007 0.008120 0.005405 -0.009435 -0.014719 0.007896 0.011022 -0.001881 -0.001791 -0.000793 0.102009 -0.134763 0.010145 0.0000000 1 418.629359 418.629359 505.740581 286.574774 -0.020453 -0.024926 0.019510 -0.005656 -0.660094 0.642445 -0.268559 0.281810 -0.062419 0.031365 0.062150 0 1.00000000 0.00000000 0.00000000 1.00000000 0.00000000 1.00000000 1.00000000 0.00000000 0.00000000 1.00000000 0.00000000 1.00000000 0.00000000 0.00000000 0.00000000 0.00000000 0.00000000 0.00000000 0.00000000 0.00000000 0.00000000 0.00000000 0.00000000 0.00000000 1.00000000 0.00000000 0.00000000 0.00000000 1.00000000 
1700000008.37453 -0.282825 -0.092967 0.951709 0.074948 0.007674 0.005555 -0.009041 -0.010690 0.009743 0.015191 -0.001855 -0.001755 -0.000568 0.103604 -0.131964 0.011430 0.0000000 1 418.629359 418.629359 505.740581 286.574774 -0.020453 -0.024926 0.019510 -0.005656 -0.660094 0.642445 -0.268559 0.281810 -0.062419 0.031365 0.062150 0 1.00000000 0.00000000 0.00000000 1.00000000 0.00000000 1.00000000 1.00000000 0.00000000 0.00000000 1.00000000 0.00000000 1.00000000 0.00000000 0.00000000 0.00000000 0.00000000 0.00000000 0.00000000 0.00000000 0.00000000 0.00000000 0.00000000 0.00000000 0.00000000 1.00000000 0.00000000 0.00000000 0.00000000 1.00000000 
1700000008.40843 -0.281131 -0.092263 0.952291 0.074804 0.007622 0.006135 -0.008510 -0.001419 0.010851 0.019695 -0.001786 -0.001492 -0.000707 0.104264 -0.131342 0.011880 0.0000000 1 418.629359 418.629359 505.740581 286.574774 -0.020453 -0.024926 0.019510 -0.005656 -0.660094 0.642445 -0.268559 0.281810 -0.062419 0.031365 0.062150 0 1.00000000 0.00000000 0.00000000 1.00000000 0.00000000 1.00000000 1.00000000 0.00000000 0.00000000 1.00000000 0.00000000 1.00000000 0.00000000 0.00000000 0.00000000 0.00000000 0.00000000 0.00000000 0.00000000 0.00000000 0.00000000 0.00000000 0.00000000 0.00000000 1.00000000 0.00000000 0.00000000 0.00000000 1.00000000 
1700000008.44234 -0.277674 -0.092166 0.953361 0.074199 0.007580 0.007003 -0.008464 0.000898 0.010618 0.009944 -0.001660 -0.000928 -0.000787 0.087012 -0.139888 0.003444 0.0000000 1 418.629359 418.629359 505.740581 286.574774 -0.020453 -0.024926 0.019510 -0.005656 -0.660094 0.642445 -0.268559 0.281810 -0.062419 0.031365 0.062150 0 1.00000000 0.00000000 0.00000000 1.00000000 0.00000000 1.00000000 1.00000000 0.00000000 0.00000000 1.00000000 0.00000000 1.00000000 0.00000000 0.00000000 0.00000000 0.00000000 0.00000000 0.00000000 0.00000000 0.00000000 0.00000000 0.00000000 0.00000000 0.00000000 1.00000000 0.00000000 0.00000000 0.00000000 1.00000000 
1700000008.47624 -0.274284 -0.093301 0.954250 0.073959 0.007495 0.007641 -0.008459 0.002221 0.009285 0.004736 -0.001552 -0.000421 -0.000803 0.084296 -0.151577 -0.000607 0.0000000 1 418.629359 418.629359 505.740581 286.574774 -0.020453 -0.024926 0.019510 -0.005656 -0.660094 0.642445 -0.268559 0.281810 -0.062419 0.031365 0.062150 0 1.00000000 0.00000000 0.00000000 1.00000000 0.00000000 1.00000000 1.00000000 0.00000000 0.00000000 1.00000000 0.00000000 1.00000000 0.00000000 0.00000000 0.00000000 0.00000000 0.00000000 0.00000000 0.00000000 0.00000000 0.00000000 0.00000000 0.00000000 0.00000000 1.00000000 0.00000000 0.00000000 0.00000000 1.00000000 
1700000008.51015 -0.271086 -0.095110 0.955000 0.073768 0.007431 0.008058 -0.008289 0.003821 0.006598 0.010466 -0.001430 -0.000089 -0.000735 0.094583 -0.158341 0.001157 0.0000000 1 418.629359 418.629359 505.740581 286.574774 -0.020453 -0.024926 0.019510 -0.005656 -0.660094 0.642445 -0.268559 0.281810 -0.062419 0.031365 0.062150 0 1.00000000 0.00000000 0.00000000 1.00000000 0.00000000 1.00000000 1.00000000 0.00000000 0.00000000 1.00000000 0.00000000 1.00000000 0.00000000 0.00000000 0.00000000 0.00000000 0.00000000 0.00000000 0.00000000 0.00000000 0.00000000 0.00000000 0.00000000 0.00000000 1.00000000 0.00000000 0.00000000 0.00000000 1.00000000 
1700000008.54405 -0.268522 -0.096605 0.955582 0.073668 0.007165 0.007963 -0.007682 0.002514 0.001758 0.023077 -0.001309 -0.000122 -0.000462 0.109759 -0.160811 0.005586 0.0000000 1 418.629359 418.629359 505.740581 286.574774 -0.020453 -0.024926 0.019510 -0.005656 -0.660094 0.642445 -0.268559 0.281810 -0.062419 0.031365 0.062150 0 1.00000000 0.00000000 0.00000000 1.00000000 0.00000000 1.00000000 1.00000000 0.00000000 0.00000000 1.00000000 0.00000000 1.00000000 0.00000000 0.00000000 0.00000000 0.00000000 0.00000000 0.00000000 0.00000000 0.00000000 0.00000000 0.00000000 0.00000000 0.00000000 1.00000000 0.00000000 0.00000000 0.00000000 1.00000000 
1700000008.57796 -0.265756 -0.097043 0.956293 0.073890 0.006710 0.007667 -0.006875 -0.001586 -0.002513 0.031579 -0.001182 -0.000337 -0.000072 0.114689 -0.159293 0.007402 0.0000000 1 418.629359 418.629359 505.740581 286.574774 -0.020453 -0.024926 0.019510 -0.005656 -0.660094 0.642445 -0.268559 0.281810 -0.062419 0.031365 0.062150 0 1.00000000 0.00000000 0.00000000 1.00000000 0.00000000 1.00000000 1.00000000 0.00000000 0.00000000 1.00000000 0.00000000 1.00000000 0.00000000 0.00000000 0.00000000 0.00000000 0.00000000 0.00000000 0.00000000 0.00000000 0.00000000 0.00000000 0.00000000 0.00000000 1.00000000 0.00000000 0.00000000 0.00000000 1.00000000 
1700000008.61186 -0.262866 -0.096561 0.957093 0.074500 0.006173 0.007229 -0.006042 -0.003275 -0.005817 0.035277 -0.001100 -0.000594 0.000374 0.109527 -0.156932 0.006097 0.0000000 1 418.629359 418.629359 505.740581 286.574774 -0.020453 -0.024926 0.019510 -0.005656 -0.660094 0.642445 -0.268559 0.281810 -0.062419 0.031365 0.062150 0 1.00000000 0.00000000 0.00000000 1.00000000 0.00000000 1.00000000 1.00000000 0.00000000 0.00000000 1.00000000 0.00000000 1.00000000 0.00000000 0.00000000 0.00000000 0.00000000 0.00000000 0.00000000 0.00000000 0.00000000 0.00000000 0.00000000 0.00000000 0.00000000 1.00000000 0.00000000 0.00000000 0.00000000 1.00000000 
1700000008.64577 -0.259360 -0.095311 0.958127 0.075110 0.005716 0.006718 -0.004893 -0.002192 -0.007097 0.041643 -0.001053 -0.000786 0.000773 0.104865 -0.156863 0.004376 0.0000000 1 418.629359 418.629359 505.740581 286.574774 -0.020453 -0.024926 0.019510 -0.005656 -0.660094 0.642445 -0.268559 0.281810 -0.062419 0.031365 0.062150 0 1.00000000 0.00000000 0.00000000 1.00000000 0.00000000 1.00000000 1.00000000 0.00000000 0.00000000 1.00000000 0.00000000 1.00000000 0.00000000 0.00000000 0.00000000 0.00000000 0.00000000 0.00000000 0.00000000 0.00000000 0.00000000 0.00000000 0.00000000 0.00000000 1.00000000 0.00000000 0.00000000 0.00000000 1.00000000 
1700000008.67967 -0.254085 -0.094004 0.959644 0.075419 0.005593 0.006636 -0.003844 0.000833 -0.006783 0.040622 -0.001011 -0.000531 0.001019 0.095580 -0.160684 0.000189 0.0000000 1 418.629359 418.629359 505.740581 286.574774 -0.020453 -0.024926 0.019510 -0.005656 -0.660094 0.642445 -0.268559 0.281810 -0.062419 0.031365 0.062150 0 1.00000000 0.00000000 0.00000000 1.00000000 0.00000000 1.00000000 1.00000000 0.00000000 0.00000000 1.00000000 0.00000000 1.00000000 0.00000000 0.00000000 0.00000000 0.00000000 0.00000000 0.00000000 0.00000000 0.00000000 0.00000000 0.00000000 0.00000000 0.00000000 1.00000000 0.00000000 0.00000000 0.00000000 1.00000000 
1700000008.71358 -0.248758 -0.093510 0.961086 0.075427 0.005514 0.006495 -0.002479 0.003876 -0.006807 0.045806 -0.000930 -0.000384 0.001231 0.094361 -0.163518 -0.001347 0.0000000 1 418.629359 418.629359 505.740581 286.574774 -0.020453 -0.024926 0.019510 -0.005656 -0.660094 0.642445 -0.268559 0.281810 -0.062419 0.031365 0.062150 0 1.00000000 0.00000000 0.00000000 1.00000000 0.00000000 1.00000000 1.00000000 0.00000000 0.00000000 1.00000000 0.00000000 1.00000000 0.00000000 0.00000000 0.00000000 0.00000000 0.00000000 0.00000000 0.00000000 0.00000000 0.00000000 0.00000000 0.00000000 0.00000000 1.00000000 0.00000000 0.00000000 0.00000000 1.00000000 
1700000008.74748 -0.242520 -0.093055 0.962822 0.074151 0.005944 0.006766 -0.000920 0.010906 -0.006013 0.049765 -0.000840 0.000010 0.001110 0.095873 -0.165514 -0.001770 0.0000000 1 418.629359 418.629359 505.740581 286.574774 -0.020453 -0.024926 0.019510 -0.005656 -0.660094 0.642445 -0.268559 0.281810 -0.062419 0.031365 0.062150 0 1.00000000 0.00000000 0.00000000 1.00000000 0.00000000 1.00000000 1.00000000 0.00000000 0.00000000 1.00000000 0.00000000 1.00000000 0.00000000 0.00000000 0.00000000 0.00000000 0.00000000 0.00000000 0.00000000 0.00000000 0.00000000 0.00000000 0.00000000 0.00000000 1.00000000 0.00000000 0.00000000 0.00000000 1.00000000 
1700000008.78139 -0.236858 -0.093444 0.964351 0.072074 0.006298 0.007002 0.000426 0.011765 -0.006879 0.046338 -0.000675 0.000308 0.000989 0.092499 -0.167658 -0.003606 0.0000000 1 418.629359 418.629359 505.740581 286.574774 -0.020453 -0.024926 0.019510 -0.005656 -0.660094 0.642445 -0.268559 0.281810 -0.062419 0.031365 0.062150 0 1.00000000 0.00000000 0.00000000 1.00000000 0.00000000 1.00000000 1.00000000 0.00000000 0.00000000 1.00000000 0.00000000 1.00000000 0.00000000 0.00000000 0.00000000 0.00000000 0.00000000 0.00000000 0.00000000 0.00000000 0.00000000 0.00000000 0.00000000 0.00000000 1.00000000 0.00000000 0.00000000 0.00000000 1.00000000 
1700000008.81529 -0.231321 -0.093947 0.965754 0.070601 0.005712 0.006625 0.001313 0.004204 -0.011760 0.047379 -0.000524 0.000435 0.001283 0.083945 -0.174183 -0.008309 0.0000000 1 418.629359 418.629359 505.740581 286.574774 -0.020453 -0.024926 0.019510 -0.005656 -0.660094 0.642445 -0.268559 0.281810 -0.062419 0.031365 0.062150 0 1.00000000 0.00000000 0.00000000 1.00000000 0.00000000 1.00000000 1.00000000 0.00000000 0.00000000 1.00000000 0.00000000 1.00000000 0.00000000 0.00000000 0.00000000 0.00000000 0.00000000 0.00000000 0.00000000 0.00000000 0.00000000 0.00000000 0.00000000 0.00000000 1.00000000 0.00000000 0.00000000 0.00000000 1.00000000 
1700000008.84920 -0.224132 -0.093957 0.967399 0.071251 0.004360 0.005758 0.002348 -0.010839 -0.015487 0.054287 -0.000568 0.000536 0.001955 0.073520 -0.180404 -0.014360 0.0000000 1 418.629359 418.629359 505.740581 286.574774 -0.020453 -0.024926 0.019510 -0.005656 -0.660094 0.642445 -0.268559 0.281810 -0.062419 0.031365 0.062150 0 1.00000000 0.00000000 0.00000000 1.00000000 0.00000000 1.00000000 1.00000000 0.00000000 0.00000000 1.00000000 0.00000000 1.00000000 0.00000000 0.00000000 0.00000000 0.00000000 0.00000000 0.00000000 0.00000000 0.00000000 0.00000000 0.00000000 0.00000000 0.00000000 1.00000000 0.00000000 0.00000000 0.00000000 1.00000000 
1700000008.88310 -0.215283 -0.093249 0.969352 0.072898 0.003914 0.005566 0.003799 -0.008741 -0.012317 0.059391 -0.000675 0.001011 0.002360 0.070146 -0.188105 -0.017838 0.0000000 1 418.629359 418.629359 505.740581 286.574774 -0.020453 -0.024926 0.019510 -0.005656 -0.660094 0.642445 -0.268559 0.281810 -0.062419 0.031365 0.062150 0 1.00000000 0.00000000 0.00000000 1.00000000 0.00000000 1.00000000 1.00000000 0.00000000 0.00000000 1.00000000 0.00000000 1.00000000 0.00000000 0.00000000 0.00000000 0.00000000 0.00000000 0.00000000 0.00000000 0.00000000 0.00000000 0.00000000 0.00000000 0.00000000 1.00000000 0.00000000 0.00000000 0.00000000 1.00000000 
1700000008.91701 -0.207914 -0.092591 0.970917 0.074287 0.003688 0.005539 0.005436 -0.005905 -0.010116 0.059390 -0.000841 0.001248 0.002631 0.068547 -0.194647 -0.020516 0.0000000 1 418.629359 418.629359 505.740581 286.574774 -0.020453 -0.024926 0.019510 -0.005656 -0.660094 0.642445 -0.268559 0.281810 -0.062419 0.031365 0.062150 0 1.00000000 0.00000000 0.00000000 1.00000000 0.00000000 1.00000000 1.00000000 0.00000000 0.00000000 1.00000000 0.00000000 1.00000000 0.00000000 0.00000000 0.00000000 0.00000000 0.00000000 0.00000000 0.00000000 0.00000000 0.00000000 0.00000000 0.00000000 0.00000000 1.00000000 0.00000000 0.00000000 0.00000000 1.00000000 
1700000008.95091 -0.201899 -0.091201 0.972235 0.075359 0.003525 0.005512 0.007138 -0.003615 -0.008525 0.059748 -0.001091 0.001381 0.002769 0.066913 -0.199448 -0.022532 0.0000000 1 418.629359 418.629359 505.740581 286.574774 -0.020453 -0.024926 0.019510 -0.005656 -0.660094 0.642445 -0.268559 0.281810 -0.062419 0.031365 0.062150 0 1.00000000 0.00000000 0.00000000 1.00000000 0.00000000 1.00000000 1.00000000 0.00000000 0.00000000 1.00000000 0.00000000 1.00000000 0.00000000 0.00000000 0.00000000 0.00000000 0.00000000 0.00000000 0.00000000 0.00000000 0.00000000 0.00000000 0.00000000 0.00000000 1.00000000 0.00000000 0.00000000 0.00000000 1.00000000 
1700000008.98482 -0.196704 -0.089633 0.973374 0.076264 0.003627 0.005549 0.009061 -0.000789 -0.005561 0.057451 -0.001322 0.001404 0.002721 0.067268 -0.201068 -0.022603 0.0000000 1 418.629359 418.629359 505.740581 286.574774 -0.020453 -0.024926 0.019510 -0.005656 -0.660094 0.642445 -0.268559 0.281810 -0.062419 0.031365 0.062150 0 1.00000000 0.00000000 0.00000000 1.00000000 0.00000000 1.00000000 1.00000000 0.00000000 0.00000000 1.00000000 0.00000000 1.00000000 0.00000000 0.00000000 0.00000000 0.00000000 0.00000000 0.00000000 0.00000000 0.00000000 0.00000000 0.00000000 0.00000000 0.00000000 1.00000000 0.00000000 0.00000000 0.00000000 1.00000000 
1700000009.01872 -0.192728 -0.088551 0.974306 0.075782 0.004297 0.006105 0.010757 0.007988 -0.002286 0.048455 -0.001346 0.001614 0.002305 0.071452 -0.199391 -0.019393 0.0000000 1 418.629359 418.629359 505.740581 286.574774 -0.020453 -0.024926 0.019510 -0.005656 -0.660094 0.642445 -0.268559 0.281810 -0.062419 0.031365 0.062150 0 1.00000000 0.00000000 0.00000000 1.00000000 0.00000000 1.00000000 1.00000000 0.00000000 0.00000000 1.00000000 0.00000000 1.00000000 0.00000000 0.00000000 0.00000000 0.00000000 0.00000000 0.00000000 0.00000000 0.00000000 0.00000000 0.00000000 0.00000000 0.00000000 1.00000000 0.00000000 0.00000000 0.00000000 1.00000000 
1700000009.05263 -0.190456 -0.088603 0.974831 0.074702 0.004590 0.006164 0.011966 0.007140 -0.004834 0.036006 -0.001290 0.001713 0.002037 0.075352 -0.195089 -0.014994 0.0000000 1 418.629359 418.629359 505.740581 286.574774 -0.020453 -0.024926 0.019510 -0.005656 -0.660094 0.642445 -0.268559 0.281810 -0.062419 0.031365 0.062150 0 1.00000000 0.00000000 0.00000000 1.00000000 0.00000000 1.00000000 1.00000000 0.00000000 0.00000000 1.00000000 0.00000000 1.00000000 0.00000000 0.00000000 0.00000000 0.00000000 0.00000000 0.00000000 0.00000000 0.00000000 0.00000000 0.00000000 0.00000000 0.00000000 1.00000000 0.00000000 0.00000000 0.00000000 1.00000000 
1700000009.08653 -0.188171 -0.088933 0.975307 0.073882 0.004514 0.005946 0.012810 -0.000297 -0.007153 0.025207 -0.001246 0.001845 0.001866 0.077871 -0.192453 -0.011770 0.0000000 1 418.629359 418.629359 505.740581 286.574774 -0.020453 -0.024926 0.019510 -0.005656 -0.660094 0.642445 -0.268559 0.281810 -0.062419 0.031365 0.062150 0 1.00000000 0.00000000 0.00000000 1.00000000 0.00000000 1.00000000 1.00000000 0.00000000 0.00000000 1.00000000 0.00000000 1.00000000 0.00000000 0.00000000 0.00000000 0.00000000 0.00000000 0.00000000 0.00000000 0.00000000 0.00000000 0.00000000 0.00000000 0.00000000 1.00000000 0.00000000 0.00000000 0.00000000 1.00000000 
1700000009.12044 -0.186082 -0.090234 0.975655 0.073004 0.004223 0.005889 0.013662 -0.002480 -0.009444 0.019621 -0.000876 0.001798 0.001374 0.078055 -0.189012 -0.010731 0.0000000 1 418.629359 418.629359 505.740581 286.574774 -0.020453 -0.024926 0.019510 -0.005656 -0.660094 0.642445 -0.268559 0.281810 -0.062419 0.031365 0.062150 0 1.00000000 0.00000000 0.00000000 1.00000000 0.00000000 1.00000000 1.00000000 0.00000000 0.00000000 1.00000000 0.00000000 1.00000000 0.00000000 0.00000000 0.00000000 0.00000000 0.00000000 0.00000000 0.00000000 0.00000000 0.00000000 0.00000000 0.00000000 0.00000000 1.00000000 0.00000000 0.00000000 0.00000000 1.00000000 
1700000009.15434 -0.184286 -0.091005 0.976000 0.071971 0.004081 0.005802 0.014032 -0.004276 -0.010634 0.012772 -0.000792 0.001894 0.001125 0.079016 -0.188405 -0.009681 0.0000000 1 418.629359 418.629359 505.740581 286.574774 -0.020453 -0.024926 0.019510 -0.005656 -0.660094 0.642445 -0.268559 0.281810 -0.062419 0.031365 0.062150 0 1.00000000 0.00000000 0.00000000 1.00000000 0.00000000 1.00000000 1.00000000 0.00000000 0.00000000 1.00000000 0.00000000 1.00000000 0.00000000 0.00000000 0.00000000 0.00000000 0.00000000 0.00000000 0.00000000 0.00000000 0.00000000 0.00000000 0.00000000 0.00000000 1.00000000 0.00000000 0.00000000 0.00000000 1.00000000 
1700000009.18825 -0.183741 -0.092020 0.976008 0.071971 0.003774 0.005486 0.014328 -0.008040 -0.009718 0.005876 -0.000796 0.001813 0.001074 0.079791 -0.186150 -0.008420 0.0000000 1 418.629359 418.629359 505.740581 286.574774 -0.020453 -0.024926 0.019510 -0.005656 -0.660094 0.642445 -0.268559 0.281810 -0.062419 0.031365 0.062150 0 1.00000000 0.00000000 0.00000000 1.00000000 0.00000000 1.00000000 1.00000000 0.00000000 0.00000000 1.00000000 0.00000000 1.00000000 0.00000000 0.00000000 0.00000000 0.00000000 0.00000000 0.00000000 0.00000000 0.00000000 0.00000000 0.00000000 0.00000000 0.00000000 1.00000000 0.00000000 0.00000000 0.00000000 1.00000000 
1700000009.22215 -0.182648 -0.092082 0.976224 0.071748 0.003469 0.005360 0.014770 0.002537 -0.009489 0.015960 -0.000826 0.001549 0.000906 0.070858 -0.191830 -0.015874 0.0000000 1 418.629359 418.629359 505.740581 286.574774 -0.020453 -0.024926 0.019510 -0.005656 -0.660094 0.642445 -0.268559 0.281810 -0.062419 0.031365 0.062150 0 1.00000000 0.00000000 0.00000000 1.00000000 0.00000000 1.00000000 1.00000000 0.00000000 0.00000000 1.00000000 0.00000000 1.00000000 0.00000000 0.00000000 0.00000000 0.00000000 0.00000000 0.00000000 0.00000000 0.00000000 0.00000000 0.00000000 0.00000000 0.00000000 1.00000000 0.00000000 0.00000000 0.00000000 1.00000000 
1700000009.25606 -0.182787 -0.091615 0.976315 0.070750 0.003481 0.005051 0.015180 -0.002576 -0.009269 0.008262 -0.000813 0.001429 0.000741 0.075218 -0.186737 -0.011570 0.0000000 1 418.629359 418.629359 505.740581 286.574774 -0.020453 -0.024926 0.019510 -0.005656 -0.660094 0.642445 -0.268559 0.281810 -0.062419 0.031365 0.062150 0 1.00000000 0.00000000 0.00000000 1.00000000 0.00000000 1.00000000 1.00000000 0.00000000 0.00000000 1.00000000 0.00000000 1.00000000 0.00000000 0.00000000 0.00000000 0.00000000 0.00000000 0.00000000 0.00000000 0.00000000 0.00000000 0.00000000 0.00000000 0.00000000 1.00000000 0.00000000 0.00000000 0.00000000 1.00000000 
1700000009.28996 -0.184096 -0.091891 0.976028 0.070948 0.003255 0.004634 0.015227 -0.006323 -0.006632 -0.003171 -0.000796 0.001247 0.000755 0.080504 -0.180060 -0.006254 0.0000000 1 418.629359 418.629359 505.740581 286.574774 -0.020453 -0.024926 0.019510 -0.005656 -0.660094 0.642445 -0.268559 0.281810 -0.062419 0.031365 0.062150 0 1.00000000 0.00000000 0.00000000 1.00000000 0.00000000 1.00000000 1.00000000 0.00000000 0.00000000 1.00000000 0.00000000 1.00000000 0.00000000 0.00000000 0.00000000 0.00000000 0.00000000 0.00000000 0.00000000 0.00000000 0.00000000 0.00000000 0.00000000 0.00000000 1.00000000 0.00000000 0.00000000 0.00000000 1.00000000 
1700000009.32387 -0.184572 -0.091680 0.975958 0.070952 0.003035 0.004650 0.015116 -0.002450 -0.004045 -0.002837 -0.000803 0.001185 0.000596 0.079214 -0.180405 -0.007123 0.0000000 1 418.629359 418.629359 505.740581 286.574774 -0.020453 -0.024926 0.019510 -0.005656 -0.660094 0.642445 -0.268559 0.281810 -0.062419 0.031365 0.062150 0 1.00000000 0.00000000 0.00000000 1.00000000 0.00000000 1.00000000 1.00000000 0.00000000 0.00000000 1.00000000 0.00000000 1.00000000 0.00000000 0.00000000 0.00000000 0.00000000 0.00000000 0.00000000 0.00000000 0.00000000 0.00000000 0.00000000 0.00000000 0.00000000 1.00000000 0.00000000 0.00000000 0.00000000 1.00000000 
1700000009.35777 -0.185238 -0.091750 0.975865 0.070407 0.003037 0.004865 0.014823 -0.002548 -0.001609 -0.011207 -0.000765 0.001267 0.000346 0.082135 -0.179860 -0.005112 0.0000000 1 418.629359 418.629359 505.740581 286.574774 -0.020453 -0.024926 0.019510 -0.005656 -0.660094 0.642445 -0.268559 0.281810 -0.062419 0.031365 0.062150 0 1.00000000 0.00000000 0.00000000 1.00000000 0.00000000 1.00000000 1.00000000 0.00000000 0.00000000 1.00000000 0.00000000 1.00000000 0.00000000 0.00000000 0.00000000 0.00000000 0.00000000 0.00000000 0.00000000 0.00000000 0.00000000 0.00000000 0.00000000 0.00000000 1.00000000 0.00000000 0.00000000 0.00000000 1.00000000 
1700000009.39168 -0.186398 -0.092647 0.975573 0.070212 0.002831 0.004875 0.014238 -0.004131 -0.001770 -0.017926 -0.000692 0.001294 0.000246 0.082908 -0.177540 -0.003804 0.0000000 1 418.629359 418.629359 505.740581 286.574774 -0.020453 -0.024926 0.019510 -0.005656 -0.660094 0.642445 -0.268559 0.281810 -0.062419 0.031365 0.062150 0 1.00000000 0.00000000 0.00000000 1.00000000 0.00000000 1.00000000 1.00000000 0.00000000 0.00000000 1.00000000 0.00000000 1.00000000 0.00000000 0.00000000 0.00000000 0.00000000 0.00000000 0.00000000 0.00000000 0.00000000 0.00000000 0.00000000 0.00000000 0.00000000 1.00000000 0.00000000 0.00000000 0.00000000 1.00000000 
1700000009.42558 -0.187295 -0.093322 0.975335 0.070236 0.002529 0.004904 0.013616 -0.004605 -0.000631 -0.016736 -0.000705 0.001311 0.000213 0.079254 -0.178461 -0.006279 0.0000000 1 418.629359 418.629359 505.740581 286.574774 -0.020453 -0.024926 0.019510 -0.005656 -0.660094 0.642445 -0.268559 0.281810 -0.062419 0.031365 0.062150 0 1.00000000 0.00000000 0.00000000 1.00000000 0.00000000 1.00000000 1.00000000 0.00000000 0.00000000 1.00000000 0.00000000 1.00000000 0.00000000 0.00000000 0.00000000 0.00000000 0.00000000 0.00000000 0.00000000 0.00000000 0.00000000 0.00000000 0.00000000 0.00000000 1.00000000 0.00000000 0.00000000 0.00000000 1.00000000 
1700000009.45949 -0.188753 -0.093746 0.975000 0.070416 0.002180 0.004888 0.013073 -0.006711 0.000436 -0.013956 -0.000723 0.001144 0.000194 0.076810 -0.178356 -0.007714 0.0000000 1 418.629359 418.629359 505.740581 286.574774 -0.020453 -0.024926 0.019510 -0.005656 -0.660094 0.642445 -0.268559 0.281810 -0.062419 0.031365 0.062150 0 1.00000000 0.00000000 0.00000000 1.00000000 0.00000000 1.00000000 1.00000000 0.00000000 0.00000000 1.00000000 0.00000000 1.00000000 0.00000000 0.00000000 0.00000000 0.00000000 0.00000000 0.00000000 0.00000000 0.00000000 0.00000000 0.00000000 0.00000000 0.00000000 1.00000000 0.00000000 0.00000000 0.00000000 1.00000000 
1700000009.49339 -0.191163 -0.093827 0.974481 0.070996 0.001712 0.004698 0.012523 -0.013194 0.001156 -0.015275 -0.000760 0.000955 0.000312 0.077599 -0.174840 -0.005960 0.0000000 1 418.629359 418.629359 505.740581 286.574774 -0.020453 -0.024926 0.019510 -0.005656 -0.660094 0.642445 -0.268559 0.281810 -0.062419 0.031365 0.062150 0 1.00000000 0.00000000 0.00000000 1.00000000 0.00000000 1.00000000 1.00000000 0.00000000 0.00000000 1.00000000 0.00000000 1.00000000 0.00000000 0.00000000 0.00000000 0.00000000 0.00000000 0.00000000 0.00000000 0.00000000 0.00000000 0.00000000 0.00000000 0.00000000 1.00000000 0.00000000 0.00000000 0.00000000 1.00000000 
1700000009.52730 -0.194468 -0.093609 0.973732 0.072559 0.001092 0.004532 0.011901 -0.018896 0.003324 -0.020187 -0.000782 0.000716 0.000543 0.079047 -0.172211 -0.004121 0.0000000 1 418.629359 418.629359 505.740581 286.574774 -0.020453 -0.024926 0.019510 -0.005656 -0.660094 0.642445 -0.268559 0.281810 -0.062419 0.031365 0.062150 0 1.00000000 0.00000000 0.00000000 1.00000000 0.00000000 1.00000000 1.00000000 0.00000000 0.00000000 1.00000000 0.00000000 1.00000000 0.00000000 0.00000000 0.00000000 0.00000000 0.00000000 0.00000000 0.00000000 0.00000000 0.00000000 0.00000000 0.00000000 0.00000000 1.00000000 0.00000000 0.00000000 0.00000000 1.00000000 
1700000009.56120 -0.197824 -0.092614 0.973055 0.073838 0.000478 0.004755 0.011135 -0.014769 0.005714 -0.019855 -0.000845 0.000517 0.000541 0.078369 -0.173784 -0.004948 0.0000000 1 418.629359 418.629359 505.740581 286.574774 -0.020453 -0.024926 0.019510 -0.005656 -0.660094 0.642445 -0.268559 0.281810 -0.062419 0.031365 0.062150 0 1.00000000 0.00000000 0.00000000 1.00000000 0.00000000 1.00000000 1.00000000 0.00000000 0.00000000 1.00000000 0.00000000 1.00000000 0.00000000 0.00000000 0.00000000 0.00000000 0.00000000 0.00000000 0.00000000 0.00000000 0.00000000 0.00000000 0.00000000 0.00000000 1.00000000 0.00000000 0.00000000 0.00000000 1.00000000 
1700000009.59511 -0.201840 -0.091524 0.972265 0.074733 -0.000021 0.005179 0.010361 -0.016080 0.008744 -0.025671 -0.000837 0.000308 0.000455 0.079005 -0.172992 -0.004193 0.0000000 1 418.629359 418.629359 505.740581 286.574774 -0.020453 -0.024926 0.019510 -0.005656 -0.660094 0.642445 -0.268559 0.281810 -0.062419 0.031365 0.062150 0 1.00000000 0.00000000 0.00000000 1.00000000 0.00000000 1.00000000 1.00000000 0.00000000 0.00000000 1.00000000 0.00000000 1.00000000 0.00000000 0.00000000 0.00000000 0.00000000 0.00000000 0.00000000 0.00000000 0.00000000 0.00000000 0.00000000 0.00000000 0.00000000 1.00000000 0.00000000 0.00000000 0.00000000 1.00000000 
1700000009.62901 -0.206529 -0.090141 0.971364 0.075314 -0.000670 0.005637 0.009663 -0.008589 0.009148 -0.018849 -0.000922 -0.000193 0.000273 0.075578 -0.174681 -0.007562 0.0000000 1 418.629359 418.629359 505.740581 286.574774 -0.020453 -0.024926 0.019510 -0.005656 -0.660094 0.642445 -0.268559 0.281810 -0.062419 0.031365 0.062150 0 1.00000000 0.00000000 0.00000000 1.00000000 0.00000000 1.00000000 1.00000000 0.00000000 0.00000000 1.00000000 0.00000000 1.00000000 0.00000000 0.00000000 0.00000000 0.00000000 0.00000000 0.00000000 0.00000000 0.00000000 0.00000000 0.00000000 0.00000000 0.00000000 1.00000000 0.00000000 0.00000000 0.00000000 1.00000000 
1700000009.66292 -0.211491 -0.087011 0.970622 0.074793 -0.001250 0.005800 0.009403 -0.006415 0.006792 -0.006246 -0.001110 -0.000877 0.000119 0.073964 -0.175325 -0.009662 0.0000000 1 418.629359 418.629359 505.740581 286.574774 -0.020453 -0.024926 0.019510 -0.005656 -0.660094 0.642445 -0.268559 0.281810 -0.062419 0.031365 0.062150 0 1.00000000 0.00000000 0.00000000 1.00000000 0.00000000 1.00000000 1.00000000 0.00000000 0.00000000 1.00000000 0.00000000 1.00000000 0.00000000 0.00000000 0.00000000 0.00000000 0.00000000 0.00000000 0.00000000 0.00000000 0.00000000 0.00000000 0.00000000 0.00000000 1.00000000 0.00000000 0.00000000 0.00000000 1.00000000 
1700000009.69682 -0.217388 -0.083602 0.969705 0.073652 -0.001395 0.006390 0.008974 -0.007546 0.008821 -0.017299 -0.001017 -0.001289 -0.000277 0.074844 -0.164871 -0.004929 0.0000000 1 418.629359 418.629359 505.740581 286.574774 -0.020453 -0.024926 0.019510 -0.005656 -0.660094 0.642445 -0.268559 0.281810 -0.062419 0.031365 0.062150 0 1.00000000 0.00000000 0.00000000 1.00000000 0.00000000 1.00000000 1.00000000 0.00000000 0.00000000 1.00000000 0.00000000 1.00000000 0.00000000 0.00000000 0.00000000 0.00000000 0.00000000 0.00000000 0.00000000 0.00000000 0.00000000 0.00000000 0.00000000 0.00000000 1.00000000 0.00000000 0.00000000 0.00000000 1.00000000 
1700000009.73073 -0.224228 -0.082091 0.968345 0.072741 -0.001612 0.006903 0.007742 -0.007748 0.009275 -0.037538 -0.000769 -0.001399 -0.000532 0.072759 -0.149813 0.000390 0.0000000 1 418.629359 418.629359 505.740581 286.574774 -0.020453 -0.024926 0.019510 -0.005656 -0.660094 0.642445 -0.268559 0.281810 -0.062419 0.031365 0.062150 0 1.00000000 0.00000000 0.00000000 1.00000000 0.00000000 1.00000000 1.00000000 0.00000000 0.00000000 1.00000000 0.00000000 1.00000000 0.00000000 0.00000000 0.00000000 0.00000000 0.00000000 0.00000000 0.00000000 0.00000000 0.00000000 0.00000000 0.00000000 0.00000000 1.00000000 0.00000000 0.00000000 0.00000000 1.00000000 
1700000009.76463 -0.230416 -0.081583 0.966983 0.072092 -0.001794 0.007611 0.006011 -0.006921 0.011743 -0.054994 -0.000478 -0.001253 -0.000768 0.069053 -0.141128 0.002237 0.0000000 1 418.629359 418.629359 505.740581 286.574774 -0.020453 -0.024926 0.019510 -0.005656 -0.660094 0.642445 -0.268559 0.281810 -0.062419 0.031365 0.062150 0 1.00000000 0.00000000 0.00000000 1.00000000 0.00000000 1.00000000 1.00000000 0.00000000 0.00000000 1.00000000 0.00000000 1.00000000 0.00000000 0.00000000 0.00000000 0.00000000 0.00000000 0.00000000 0.00000000 0.00000000 0.00000000 0.00000000 0.00000000 0.00000000 1.00000000 0.00000000 0.00000000 0.00000000 1.00000000 
1700000009.79854 -0.236814 -0.081584 0.965468 0.071658 -0.002095 0.008020 0.004091 -0.003418 0.010297 -0.055425 -0.000336 -0.001249 -0.000844 0.070775 -0.146259 0.001102 0.0000000 1 418.629359 418.629359 505.740581 286.574774 -0.020453 -0.024926 0.019510 -0.005656 -0.660094 0.642445 -0.268559 0.281810 -0.062419 0.031365 0.062150 0 1.00000000 0.00000000 0.00000000 1.00000000 0.00000000 1.00000000 1.00000000 0.00000000 0.00000000 1.00000000 0.00000000 1.00000000 0.00000000 0.00000000 0.00000000 0.00000000 0.00000000 0.00000000 0.00000000 0.00000000 0.00000000 0.00000000 0.00000000 0.00000000 1.00000000 0.00000000 0.00000000 0.00000000 1.00000000 
1700000009.83244 -0.242601 -0.080709 0.964097 0.071747 -0.002525 0.008061 0.002286 -0.007926 0.005647 -0.050642 -0.000315 -0.001101 -0.000647 0.073771 -0.154524 -0.000188 0.0000000 1 418.629359 418.629359 505.740581 286.574774 -0.020453 -0.024926 0.019510 -0.005656 -0.660094 0.642445 -0.268559 0.281810 -0.062419 0.031365 0.062150 0 1.00000000 0.00000000 0.00000000 1.00000000 0.00000000 1.00000000 1.00000000 0.00000000 0.00000000 1.00000000 0.00000000 1.00000000 0.00000000 0.00000000 0.00000000 0.00000000 0.00000000 0.00000000 0.00000000 0.00000000 0.00000000 0.00000000 0.00000000 0.00000000 1.00000000 0.00000000 0.00000000 0.00000000 1.00000000 
1700000009.86635 -0.247357 -0.081112 0.962785 0.072669 -0.002609 0.008710 0.000306 -0.007508 0.009269 -0.062700 -0.000086 -0.000760 -0.000696 0.069010 -0.150437 -0.000747 0.0000000 1 418.629359 418.629359 505.740581 286.574774 -0.020453 -0.024926 0.019510 -0.005656 -0.660094 0.642445 -0.268559 0.281810 -0.062419 0.031365 0.062150 0 1.00000000 0.00000000 0.00000000 1.00000000 0.00000000 1.00000000 1.00000000 0.00000000 0.00000000 1.00000000 0.00000000 1.00000000 0.00000000 0.00000000 0.00000000 0.00000000 0.00000000 0.00000000 0.00000000 0.00000000 0.00000000 0.00000000 0.00000000 0.00000000 1.00000000 0.00000000 0.00000000 0.00000000 1.00000000 
1700000009.90025 -0.252969 -0.082373 0.961161 0.073417 -0.002638 0.009143 -0.001809 0.002657 0.009475 -0.060414 0.000026 -0.000564 -0.000719 0.073363 -0.156165 -0.000969 0.0000000 1 418.629359 418.629359 505.740581 286.574774 -0.020453 -0.024926 0.019510 -0.005656 -0.660094 0.642445 -0.268559 0.281810 -0.062419 0.031365 0.062150 0 1.00000000 0.00000000 0.00000000 1.00000000 0.00000000 1.00000000 1.00000000 0.00000000 0.00000000 1.00000000 0.00000000 1.00000000 0.00000000 0.00000000 0.00000000 0.00000000 0.00000000 0.00000000 0.00000000 0.00000000 0.00000000 0.00000000 0.00000000 0.00000000 1.00000000 0.00000000 0.00000000 0.00000000 1.00000000 
1700000009.93416 -0.257409 -0.082830 0.959925 0.073642 -0.002333 0.009590 -0.003686 0.009392 0.009157 -0.057013 -0.000084 -0.000386 -0.000748 0.078637 -0.163915 -0.001290 0.0000000 1 418.629359 418.629359 505.740581 286.574774 -0.020453 -0.024926 0.019510 -0.005656 -0.660094 0.642445 -0.268559 0.281810 -0.062419 0.031365 0.062150 0 1.00000000 0.00000000 0.00000000 1.00000000 0.00000000 1.00000000 1.00000000 0.00000000 0.00000000 1.00000000 0.00000000 1.00000000 0.00000000 0.00000000 0.00000000 0.00000000 0.00000000 0.00000000 0.00000000 0.00000000 0.00000000 0.00000000 0.00000000 0.00000000 1.00000000 0.00000000 0.00000000 0.00000000 1.00000000 
1700000009.96806 -0.262405 -0.083653 0.958510 0.073518 -0.001624 0.009828 -0.005278 0.021224 0.008147 -0.049091 -0.000144 -0.000416 -0.000672 0.088462 -0.169178 0.000560 0.0000000 1 418.629359 418.629359 505.740581 286.574774 -0.020453 -0.024926 0.019510 -0.005656 -0.660094 0.642445 -0.268559 0.281810 -0.062419 0.031365 0.062150 0 1.00000000 0.00000000 0.00000000 1.00000000 0.00000000 1.00000000 1.00000000 0.00000000 0.00000000 1.00000000 0.00000000 1.00000000 0.00000000 0.00000000 0.00000000 0.00000000 0.00000000 0.00000000 0.00000000 0.00000000 0.00000000 0.00000000 0.00000000 0.00000000 1.00000000 0.00000000 0.00000000 0.00000000 1.00000000 
1700000010.00197 -0.267546 -0.083666 0.957178 0.072315 -0.000792 0.009744 -0.006380 0.026909 0.004780 -0.036531 -0.000162 -0.000509 -0.000533 0.099981 -0.177798 0.002393 0.0000000 1 418.629359 418.629359 505.740581 286.574774 -0.020453 -0.024926 0.019510 -0.005656 -0.660094 0.642445 -0.268559 0.281810 -0.062419 0.031365 0.062150 0 1.00000000 0.00000000 0.00000000 1.00000000 0.00000000 1.00000000 1.00000000 0.00000000 0.00000000 1.00000000 0.00000000 1.00000000 0.00000000 0.00000000 0.00000000 0.00000000 0.00000000 0.00000000 0.00000000 0.00000000 0.00000000 0.00000000 0.00000000 0.00000000 1.00000000 0.00000000 0.00000000 0.00000000 1.00000000 
1700000010.03587 -0.271701 -0.084185 0.956079 0.070747 0.000408 0.009900 -0.007696 0.031585 0.004965 -0.037430 -0.000116 -0.000444 -0.000424 0.094837 -0.173746 0.001545 0.0000000 1 418.629359 418.629359 505.740581 286.574774 -0.020453 -0.024926 0.019510 -0.005656 -0.660094 0.642445 -0.268559 0.281810 -0.062419 0.031365 0.062150 0 1.00000000 0.00000000 0.00000000 1.00000000 0.00000000 1.00000000 1.00000000 0.00000000 0.00000000 1.00000000 0.00000000 1.00000000 0.00000000 0.00000000 0.00000000 0.00000000 0.00000000 0.00000000 0.00000000 0.00000000 0.00000000 0.00000000 0.00000000 0.00000000 1.00000000 0.00000000 0.00000000 0.00000000 1.00000000 
1700000010.06978 -0.275980 -0.085794 0.954837 0.068993 0.000816 0.009712 -0.009702 0.023240 -0.000432 -0.045744 -0.000016 -0.000408 -0.000373 0.079159 -0.171154 -0.003248 0.0000000 1 418.629359 418.629359 505.740581 286.574774 -0.020453 -0.024926 0.019510 -0.005656 -0.660094 0.642445 -0.268559 0.281810 -0.062419 0.031365 0.062150 0 1.00000000 0.00000000 0.00000000 1.00000000 0.00000000 1.00000000 1.00000000 0.00000000 0.00000000 1.00000000 0.00000000 1.00000000 0.00000000 0.00000000 0.00000000 0.00000000 0.00000000 0.00000000 0.00000000 0.00000000 0.00000000 0.00000000 0.00000000 0.00000000 1.00000000 0.00000000 0.00000000 0.00000000 1.00000000 
1700000010.10368 -0.279606 -0.087022 0.953735 0.068091 0.000587 0.009077 -0.011371 0.007433 -0.006043 -0.042353 0.000097 -0.000552 -0.000306 0.077121 -0.177024 -0.005347 0.0000000 1 418.629359 418.629359 505.740581 286.574774 -0.020453 -0.024926 0.019510 -0.005656 -0.660094 0.642445 -0.268559 0.281810 -0.062419 0.031365 0.062150 0 1.00000000 0.00000000 0.00000000 1.00000000 0.00000000 1.00000000 1.00000000 0.00000000 0.00000000 1.00000000 0.00000000 1.00000000 0.00000000 0.00000000 0.00000000 0.00000000 0.00000000 0.00000000 0.00000000 0.00000000 0.00000000 0.00000000 0.00000000 0.00000000 1.00000000 0.00000000 0.00000000 0.00000000 1.00000000 
1700000010.13759 -0.282553 -0.087339 0.952838 0.068089 0.000275 0.008379 -0.012607 -0.001562 -0.008397 -0.029976 0.000164 -0.000767 -0.000190 0.078944 -0.179091 -0.005169 0.0000000 1 418.629359 418.629359 505.740581 286.574774 -0.020453 -0.024926 0.019510 -0.005656 -0.660094 0.642445 -0.268559 0.281810 -0.062419 0.031365 0.062150 0 1.00000000 0.00000000 0.00000000 1.00000000 0.00000000 1.00000000 1.00000000 0.00000000 0.00000000 1.00000000 0.00000000 1.00000000 0.00000000 0.00000000 0.00000000 0.00000000 0.00000000 0.00000000 0.00000000 0.00000000 0.00000000 0.00000000 0.00000000 0.00000000 1.00000000 0.00000000 0.00000000 0.00000000 1.00000000 
1700000010.17149 -0.284522 -0.086730 0.952274 0.068544 0.000049 0.007976 -0.013458 -0.006358 -0.009048 -0.021978 0.000205 -0.000916 -0.000108 0.077640 -0.178099 -0.005426 0.0000000 1 418.629359 418.629359 505.740581 286.574774 -0.020453 -0.024926 0.019510 -0.005656 -0.660094 0.642445 -0.268559 0.281810 -0.062419 0.031365 0.062150 0 1.00000000 0.00000000 0.00000000 1.00000000 0.00000000 1.00000000 1.00000000 0.00000000 0.00000000 1.00000000 0.00000000 1.00000000 0.00000000 0.00000000 0.00000000 0.00000000 0.00000000 0.00000000 0.00000000 0.00000000 0.00000000 0.00000000 0.00000000 0.00000000 1.00000000 0.00000000 0.00000000 0.00000000 1.00000000 
1700000010.20540 -0.286118 -0.086186 0.951803 0.069138 0.000059 0.007784 -0.014172 -0.003584 -0.007770 -0.017755 0.000225 -0.000977 -0.000039 0.073036 -0.174931 -0.006391 0.0000000 1 418.629359 418.629359 505.740581 286.574774 -0.020453 -0.024926 0.019510 -0.005656 -0.660094 0.642445 -0.268559 0.281810 -0.062419 0.031365 0.062150 0 1.00000000 0.00000000 0.00000000 1.00000000 0.00000000 1.00000000 1.00000000 0.00000000 0.00000000 1.00000000 0.00000000 1.00000000 0.00000000 0.00000000 0.00000000 0.00000000 0.00000000 0.00000000 0.00000000 0.00000000 0.00000000 0.00000000 0.00000000 0.00000000 1.00000000 0.00000000 0.00000000 0.00000000 1.00000000 
1700000010.23930 -0.287843 -0.085499 0.951322 0.069449 0.000002 0.007523 -0.014352 -0.002645 -0.006974 -0.007487 0.000236 -0.001154 -0.000001 0.077429 -0.175029 -0.004762 0.0000000 1 418.629359 418.629359 505.740581 286.574774 -0.020453 -0.024926 0.019510 -0.005656 -0.660094 0.642445 -0.268559 0.281810 -0.062419 0.031365 0.062150 0 1.00000000 0.00000000 0.00000000 1.00000000 0.00000000 1.00000000 1.00000000 0.00000000 0.00000000 1.00000000 0.00000000 1.00000000 0.00000000 0.00000000 0.00000000 0.00000000 0.00000000 0.00000000 0.00000000 0.00000000 0.00000000 0.00000000 0.00000000 0.00000000 1.00000000 0.00000000 0.00000000 0.00000000 1.00000000 
1700000010.27321 -0.288640 -0.084538 0.951160 0.069538 0.000154 0.007448 -0.014200 0.000181 -0.005174 0.001382 0.000263 -0.001262 -0.000020 0.080999 -0.173552 -0.003042 0.0000000 1 418.629359 418.629359 505.740581 286.574774 -0.020453 -0.024926 0.019510 -0.005656 -0.660094 0.642445 -0.268559 0.281810 -0.062419 0.031365 0.062150 0 1.00000000 0.00000000 0.00000000 1.00000000 0.00000000 1.00000000 1.00000000 0.00000000 0.00000000 1.00000000 0.00000000 1.00000000 0.00000000 0.00000000 0.00000000 0.00000000 0.00000000 0.00000000 0.00000000 0.00000000 0.00000000 0.00000000 0.00000000 0.00000000 1.00000000 0.00000000 0.00000000 0.00000000 1.00000000 
1700000010.30711 -0.288999 -0.084001 0.951110 0.069376 0.000307 0.007501 -0.014090 0.000599 -0.003656 0.001971 0.000289 -0.001298 -0.000029 0.076707 -0.170707 -0.004047 0.0000000 1 418.629359 418.629359 505.740581 286.574774 -0.020453 -0.024926 0.019510 -0.005656 -0.660094 0.642445 -0.268559 0.281810 -0.062419 0.031365 0.062150 0 1.00000000 0.00000000 0.00000000 1.00000000 0.00000000 1.00000000 1.00000000 0.00000000 0.00000000 1.00000000 0.00000000 1.00000000 0.00000000 0.00000000 0.00000000 0.00000000 0.00000000 0.00000000 0.00000000 0.00000000 0.00000000 0.00000000 0.00000000 0.00000000 1.00000000 0.00000000 0.00000000 0.00000000 1.00000000 
1700000010.34102 -0.289290 -0.083821 0.951069 0.068945 0.000221 0.007447 -0.013922 -0.000724 -0.003794 0.005181 0.000342 -0.001334 -0.000078 0.076655 -0.171142 -0.004199 0.0000000 1 418.629359 418.629359 505.740581 286.574774 -0.020453 -0.024926 0.019510 -0.005656 -0.660094 0.642445 -0.268559 0.281810 -0.062419 0.031365 0.062150 0 1.00000000 0.00000000 0.00000000 1.00000000 0.00000000 1.00000000 1.00000000 0.00000000 0.00000000 1.00000000 0.00000000 1.00000000 0.00000000 0.00000000 0.00000000 0.00000000 0.00000000 0.00000000 0.00000000 0.00000000 0.00000000 0.00000000 0.00000000 0.00000000 1.00000000 0.00000000 0.00000000 0.00000000 1.00000000 
1700000010.37492 -0.288687 -0.083709 0.951287 0.068592 0.000044 0.007480 -0.013924 -0.004561 -0.004099 0.002551 0.000401 -0.001262 -0.000137 0.070214 -0.169942 -0.006433 0.0000000 1 418.629359 418.629359 505.740581 286.574774 -0.020453 -0.024926 0.019510 -0.005656 -0.660094 0.642445 -0.268559 0.281810 -0.062419 0.031365 0.062150 0 1.00000000 0.00000000 0.00000000 1.00000000 0.00000000 1.00000000 1.00000000 0.00000000 0.00000000 1.00000000 0.00000000 1.00000000 0.00000000 0.00000000 0.00000000 0.00000000 0.00000000 0.00000000 0.00000000 0.00000000 0.00000000 0.00000000 0.00000000 0.00000000 1.00000000 0.00000000 0.00000000 0.00000000 1.00000000 
1700000010.40883 -0.288048 -0.084014 0.951455 0.068577 -0.000211 0.007460 -0.014127 -0.005828 -0.004102 -0.002863 0.000421 -0.001178 -0.000168 0.064153 -0.168685 -0.008489 0.0000000 1 418.629359 418.629359 505.740581 286.574774 -0.020453 -0.024926 0.019510 -0.005656 -0.660094 0.642445 -0.268559 0.281810 -0.062419 0.031365 0.062150 0 1.00000000 0.00000000 0.00000000 1.00000000 0.00000000 1.00000000 1.00000000 0.00000000 0.00000000 1.00000000 0.00000000 1.00000000 0.00000000 0.00000000 0.00000000 0.00000000 0.00000000 0.00000000 0.00000000 0.00000000 0.00000000 0.00000000 0.00000000 0.00000000 1.00000000 0.00000000 0.00000000 0.00000000 1.00000000 
1700000010.44273 -0.287488 -0.084339 0.951584 0.068745 -0.000479 0.007377 -0.014322 -0.007884 -0.004313 -0.004330 0.000432 -0.001094 -0.000203 0.063271 -0.169149 -0.008940 0.0000000 1 418.629359 418.629359 505.740581 286.574774 -0.020453 -0.024926 0.019510 -0.005656 -0.660094 0.642445 -0.268559 0.281810 -0.062419 0.031365 0.062150 0 1.00000000 0.00000000 0.00000000 1.00000000 0.00000000 1.00000000 1.00000000 0.00000000 0.00000000 1.00000000 0.00000000 1.00000000 0.00000000 0.00000000 0.00000000 0.00000000 0.00000000 0.00000000 0.00000000 0.00000000 0.00000000 0.00000000 0.00000000 0.00000000 1.00000000 0.00000000 0.00000000 0.00000000 1.00000000 
1700000010.47664 -0.287527 -0.084513 0.951518 0.069282 -0.000753 0.007202 -0.014279 -0.006394 -0.003901 0.001126 0.000451 -0.001141 -0.000214 0.068440 -0.170111 -0.007149 0.0000000 1 418.629359 418.629359 505.740581 286.574774 -0.020453 -0.024926 0.019510 -0.005656 -0.660094 0.642445 -0.268559 0.281810 -0.062419 0.031365 0.062150 0 1.00000000 0.00000000 0.00000000 1.00000000 0.00000000 1.00000000 1.00000000 0.00000000 0.00000000 1.00000000 0.00000000 1.00000000 0.00000000 0.00000000 0.00000000 0.00000000 0.00000000 0.00000000 0.00000000 0.00000000 0.00000000 0.00000000 0.00000000 0.00000000 1.00000000 0.00000000 0.00000000 0.00000000 1.00000000 
1700000010.51054 -0.287498 -0.083731 0.951574 0.069570 -0.000995 0.006952 -0.013781 -0.003653 -0.003745 0.013857 0.000460 -0.001344 -0.000204 0.077435 -0.171519 -0.003981 0.0000000 1 418.629359 418.629359 505.740581 286.574774 -0.020453 -0.024926 0.019510 -0.005656 -0.660094 0.642445 -0.268559 0.281810 -0.062419 0.031365 0.062150 0 1.00000000 0.00000000 0.00000000 1.00000000 0.00000000 1.00000000 1.00000000 0.00000000 0.00000000 1.00000000 0.00000000 1.00000000 0.00000000 0.00000000 0.00000000 0.00000000 0.00000000 0.00000000 0.00000000 0.00000000 0.00000000 0.00000000 0.00000000 0.00000000 1.00000000 0.00000000 0.00000000 0.00000000 1.00000000 
1700000010.54445 -0.286450 -0.082318 0.952004 0.069711 -0.001245 0.006896 -0.013177 -0.003680 -0.003915 0.020048 0.000436 -0.001479 -0.000242 0.077931 -0.171040 -0.003657 0.0000000 1 418.629359 418.629359 505.740581 286.574774 -0.020453 -0.024926 0.019510 -0.005656 -0.660094 0.642445 -0.268559 0.281810 -0.062419 0.031365 0.062150 0 1.00000000 0.00000000 0.00000000 1.00000000 0.00000000 1.00000000 1.00000000 0.00000000 0.00000000 1.00000000 0.00000000 1.00000000 0.00000000 0.00000000 0.00000000 0.00000000 0.00000000 0.00000000 0.00000000 0.00000000 0.00000000 0.00000000 0.00000000 0.00000000 1.00000000 0.00000000 0.00000000 0.00000000 1.00000000 
1700000010.57835 -0.284390 -0.081215 0.952706 0.069841 -0.001597 0.006937 -0.012700 -0.004284 -0.004075 0.021060 0.000400 -0.001493 -0.000352 0.072546 -0.170260 -0.005534 0.0000000 1 418.629359 418.629359 505.740581 286.574774 -0.020453 -0.024926 0.019510 -0.005656 -0.660094 0.642445 -0.268559 0.281810 -0.062419 0.031365 0.062150 0 1.00000000 0.00000000 0.00000000 1.00000000 0.00000000 1.00000000 1.00000000 0.00000000 0.00000000 1.00000000 0.00000000 1.00000000 0.00000000 0.00000000 0.00000000 0.00000000 0.00000000 0.00000000 0.00000000 0.00000000 0.00000000 0.00000000 0.00000000 0.00000000 1.00000000 0.00000000 0.00000000 0.00000000 1.00000000 
1700000010.61226 -0.281024 -0.080678 0.953728 0.070142 -0.001812 0.007160 -0.012209 -0.004987 -0.002078 0.019627 0.000353 -0.001356 -0.000509 0.066249 -0.169482 -0.007787 0.0000000 1 418.629359 418.629359 505.740581 286.574774 -0.020453 -0.024926 0.019510 -0.005656 -0.660094 0.642445 -0.268559 0.281810 -0.062419 0.031365 0.062150 0 1.00000000 0.00000000 0.00000000 1.00000000 0.00000000 1.00000000 1.00000000 0.00000000 0.00000000 1.00000000 0.00000000 1.00000000 0.00000000 0.00000000 0.00000000 0.00000000 0.00000000 0.00000000 0.00000000 0.00000000 0.00000000 0.00000000 0.00000000 0.00000000 1.00000000 0.00000000 0.00000000 0.00000000 1.00000000 
1700000010.64616 -0.277295 -0.080975 0.954788 0.070212 -0.001776 0.007457 -0.011587 -0.002157 -0.000646 0.020611 0.000293 -0.001113 -0.000680 0.066231 -0.169871 -0.007884 0.0000000 1 418.629359 418.629359 505.740581 286.574774 -0.020453 -0.024926 0.019510 -0.005656 -0.660094 0.642445 -0.268559 0.281810 -0.062419 0.031365 0.062150 0 1.00000000 0.00000000 0.00000000 1.00000000 0.00000000 1.00000000 1.00000000 0.00000000 0.00000000 1.00000000 0.00000000 1.00000000 0.00000000 0.00000000 0.00000000 0.00000000 0.00000000 0.00000000 0.00000000 0.00000000 0.00000000 0.00000000 0.00000000 0.00000000 1.00000000 0.00000000 0.00000000 0.00000000 1.00000000 
1700000010.68007 -0.273137 -0.082016 0.955918 0.069932 -0.001777 0.007708 -0.011036 -0.002073 -0.000823 0.019620 0.000261 -0.000806 -0.000833 0.064881 -0.171424 -0.008777 0.0000000 1 418.629359 418.629359 505.740581 286.574774 -0.020453 -0.024926 0.019510 -0.005656 -0.660094 0.642445 -0.268559 0.281810 -0.062419 0.031365 0.062150 0 1.00000000 0.00000000 0.00000000 1.00000000 0.00000000 1.00000000 1.00000000 0.00000000 0.00000000 1.00000000 0.00000000 1.00000000 0.00000000 0.00000000 0.00000000 0.00000000 0.00000000 0.00000000 0.00000000 0.00000000 0.00000000 0.00000000 0.00000000 0.00000000 1.00000000 0.00000000 0.00000000 0.00000000 1.00000000 
1700000010.71397 -0.268416 -0.083810 0.957102 0.069892 -0.001772 0.007949 -0.010616 -0.003295 -0.001257 0.015913 0.000199 -0.000403 -0.000990 0.062775 -0.173676 -0.010116 0.0000000 1 418.629359 418.629359 505.740581 286.574774 -0.020453 -0.024926 0.019510 -0.005656 -0.660094 0.642445 -0.268559 0.281810 -0.062419 0.031365 0.062150 0 1.00000000 0.00000000 0.00000000 1.00000000 0.00000000 1.00000000 1.00000000 0.00000000 0.00000000 1.00000000 0.00000000 1.00000000 0.00000000 0.00000000 0.00000000 0.00000000 0.00000000 0.00000000 0.00000000 0.00000000 0.00000000 0.00000000 0.00000000 0.00000000 1.00000000 0.00000000 0.00000000 0.00000000 1.00000000 
1700000010.74788 -0.263831 -0.086200 0.958163 0.069902 -0.001783 0.007965 -0.010006 -0.002714 -0.002838 0.019035 0.000137 -0.000129 -0.001062 0.067454 -0.178430 -0.009555 0.0000000 1 418.629359 418.629359 505.740581 286.574774 -0.020453 -0.024926 0.019510 -0.005656 -0.660094 0.642445 -0.268559 0.281810 -0.062419 0.031365 0.062150 0 1.00000000 0.00000000 0.00000000 1.00000000 0.00000000 1.00000000 1.00000000 0.00000000 0.00000000 1.00000000 0.00000000 1.00000000 0.00000000 0.00000000 0.00000000 0.00000000 0.00000000 0.00000000 0.00000000 0.00000000 0.00000000 0.00000000 0.00000000 0.00000000 1.00000000 0.00000000 0.00000000 0.00000000 1.00000000 
1700000010.78178 -0.259538 -0.088390 0.959140 0.069835 -0.001859 0.007765 -0.009111 -0.003942 -0.005020 0.026659 0.000085 -0.000035 -0.001070 0.073500 -0.182411 -0.008388 0.0000000 1 418.629359 418.629359 505.740581 286.574774 -0.020453 -0.024926 0.019510 -0.005656 -0.660094 0.642445 -0.268559 0.281810 -0.062419 0.031365 0.062150 0 1.00000000 0.00000000 0.00000000 1.00000000 0.00000000 1.00000000 1.00000000 0.00000000 0.00000000 1.00000000 0.00000000 1.00000000 0.00000000 0.00000000 0.00000000 0.00000000 0.00000000 0.00000000 0.00000000 0.00000000 0.00000000 0.00000000 0.00000000 0.00000000 1.00000000 0.00000000 0.00000000 0.00000000 1.00000000 
1700000010.81569 -0.255918 -0.089877 0.959970 0.069899 -0.002112 0.007292 -0.007811 -0.003562 -0.008513 0.039120 0.000060 -0.000200 -0.000974 0.079555 -0.184135 -0.006800 0.0000000 1 418.629359 418.629359 505.740581 286.574774 -0.020453 -0.024926 0.019510 -0.005656 -0.660094 0.642445 -0.268559 0.281810 -0.062419 0.031365 0.062150 0 1.00000000 0.00000000 0.00000000 1.00000000 0.00000000 1.00000000 1.00000000 0.00000000 0.00000000 1.00000000 0.00000000 1.00000000 0.00000000 0.00000000 0.00000000 0.00000000 0.00000000 0.00000000 0.00000000 0.00000000 0.00000000 0.00000000 0.00000000 0.00000000 1.00000000 0.00000000 0.00000000 0.00000000 1.00000000 
1700000010.84959 -0.252042 -0.089830 0.961015 0.069680 -0.002584 0.006687 -0.006127 -0.006215 -0.011000 0.052428 0.000054 -0.000543 -0.000913 0.082725 -0.182942 -0.005583 0.0000000 1 418.629359 418.629359 505.740581 286.574774 -0.020453 -0.024926 0.019510 -0.005656 -0.660094 0.642445 -0.268559 0.281810 -0.062419 0.031365 0.062150 0 1.00000000 0.00000000 0.00000000 1.00000000 0.00000000 1.00000000 1.00000000 0.00000000 0.00000000 1.00000000 0.00000000 1.00000000 0.00000000 0.00000000 0.00000000 0.00000000 0.00000000 0.00000000 0.00000000 0.00000000 0.00000000 0.00000000 0.00000000 0.00000000 1.00000000 0.00000000 0.00000000 0.00000000 1.00000000 
1700000010.88350 -0.247779 -0.088612 0.962240 0.069623 -0.003079 0.006235 -0.004590 -0.011637 -0.010283 0.053562 -0.000058 -0.000820 -0.000878 0.078123 -0.178992 -0.006008 0.0000000 1 418.629359 418.629359 505.740581 286.574774 -0.020453 -0.024926 0.019510 -0.005656 -0.660094 0.642445 -0.268559 0.281810 -0.062419 0.031365 0.062150 0 1.00000000 0.00000000 0.00000000 1.00000000 0.00000000 1.00000000 1.00000000 0.00000000 0.00000000 1.00000000 0.00000000 1.00000000 0.00000000 0.00000000 0.00000000 0.00000000 0.00000000 0.00000000 0.00000000 0.00000000 0.00000000 0.00000000 0.00000000 0.00000000 1.00000000 0.00000000 0.00000000 0.00000000 1.00000000 
1700000010.91740 -0.244113 -0.087019 0.963263 0.070439 -0.003937 0.005859 -0.003254 -0.022017 -0.007406 0.048936 -0.000239 -0.001088 -0.000861 0.071647 -0.173842 -0.006567 0.0000000 1 418.629359 418.629359 505.740581 286.574774 -0.020453 -0.024926 0.019510 -0.005656 -0.660094 0.642445 -0.268559 0.281810 -0.062419 0.031365 0.062150 0 1.00000000 0.00000000 0.00000000 1.00000000 0.00000000 1.00000000 1.00000000 0.00000000 0.00000000 1.00000000 0.00000000 1.00000000 0.00000000 0.00000000 0.00000000 0.00000000 0.00000000 0.00000000 0.00000000 0.00000000 0.00000000 0.00000000 0.00000000 0.00000000 1.00000000 0.00000000 0.00000000 0.00000000 1.00000000 
1700000010.95131 -0.240046 -0.085053 0.964332 0.072170 -0.004831 0.005910 -0.002323 -0.031828 -0.000462 0.037718 -0.000481 -0.001026 -0.000950 0.064293 -0.168795 -0.007069 0.0000000 1 418.629359 418.629359 505.740581 286.574774 -0.020453 -0.024926 0.019510 -0.005656 -0.660094 0.642445 -0.268559 0.281810 -0.062419 0.031365 0.062150 0 1.00000000 0.00000000 0.00000000 1.00000000 0.00000000 1.00000000 1.00000000 0.00000000 0.00000000 1.00000000 0.00000000 1.00000000 0.00000000 0.00000000 0.00000000 0.00000000 0.00000000 0.00000000 0.00000000 0.00000000 0.00000000 0.00000000 0.00000000 0.00000000 1.00000000 0.00000000 0.00000000 0.00000000 1.00000000 
1700000010.98521 -0.236131 -0.084147 0.965164 0.074969 -0.005213 0.006511 -0.001739 -0.026950 0.008539 0.021432 -0.000664 -0.000838 -0.001007 0.059728 -0.162875 -0.006357 0.0000000 1 418.629359 418.629359 505.740581 286.574774 -0.020453 -0.024926 0.019510 -0.005656 -0.660094 0.642445 -0.268559 0.281810 -0.062419 0.031365 0.062150 0 1.00000000 0.00000000 0.00000000 1.00000000 0.00000000 1.00000000 1.00000000 0.00000000 0.00000000 1.00000000 0.00000000 1.00000000 0.00000000 0.00000000 0.00000000 0.00000000 0.00000000 0.00000000 0.00000000 0.00000000 0.00000000 0.00000000 0.00000000 0.00000000 1.00000000 0.00000000 0.00000000 0.00000000 1.00000000 
1700000011.01912 -0.233116 -0.083742 0.965754 0.077227 -0.005321 0.007022 -0.000430 -0.009642 0.009499 0.032652 -0.000770 -0.000788 -0.000970 0.066474 -0.168810 -0.006739 0.0000000 1 418.629359 418.629359 505.740581 286.574774 -0.020453 -0.024926 0.019510 -0.005656 -0.660094 0.642445 -0.268559 0.281810 -0.062419 0.031365 0.062150 0 1.00000000 0.00000000 0.00000000 1.00000000 0.00000000 1.00000000 1.00000000 0.00000000 0.00000000 1.00000000 0.00000000 1.00000000 0.00000000 0.00000000 0.00000000 0.00000000 0.00000000 0.00000000 0.00000000 0.00000000 0.00000000 0.00000000 0.00000000 0.00000000 1.00000000 0.00000000 0.00000000 0.00000000 1.00000000 
1700000011.05302 -0.229665 -0.082599 0.966648 0.077606 -0.005310 0.007437 0.000755 -0.002883 0.009151 0.035121 -0.000876 -0.000645 -0.001013 0.068086 -0.171094 -0.007202 0.0000000 1 418.629359 418.629359 505.740581 286.574774 -0.020453 -0.024926 0.019510 -0.005656 -0.660094 0.642445 -0.268559 0.281810 -0.062419 0.031365 0.062150 0 1.00000000 0.00000000 0.00000000 1.00000000 0.00000000 1.00000000 1.00000000 0.00000000 0.00000000 1.00000000 0.00000000 1.00000000 0.00000000 0.00000000 0.00000000 0.00000000 0.00000000 0.00000000 0.00000000 0.00000000 0.00000000 0.00000000 0.00000000 0.00000000 1.00000000 0.00000000 0.00000000 0.00000000 1.00000000 
1700000011.08693 -0.226433 -0.081886 0.967442 0.077961 -0.005472 0.007795 0.001927 -0.002503 0.008991 0.034574 -0.000951 -0.000538 -0.001053 0.068622 -0.175083 -0.008220 0.0000000 1 418.629359 418.629359 505.740581 286.574774 -0.020453 -0.024926 0.019510 -0.005656 -0.660094 0.642445 -0.268559 0.281810 -0.062419 0.031365 0.062150 0 1.00000000 0.00000000 0.00000000 1.00000000 0.00000000 1.00000000 1.00000000 0.00000000 0.00000000 1.00000000 0.00000000 1.00000000 0.00000000 0.00000000 0.00000000 0.00000000 0.00000000 0.00000000 0.00000000 0.00000000 0.00000000 0.00000000 0.00000000 0.00000000 1.00000000 0.00000000 0.00000000 0.00000000 1.00000000 
1700000011.12083 -0.222590 -0.081619 0.968365 0.077854 -0.005373 0.008068 0.003181 0.006168 0.007140 0.039829 -0.000906 -0.000385 -0.001113 0.069549 -0.177015 -0.008723 0.0000000 1 418.629359 418.629359 505.740581 286.574774 -0.020453 -0.024926 0.019510 -0.005656 -0.660094 0.642445 -0.268559 0.281810 -0.062419 0.031365 0.062150 0 1.00000000 0.00000000 0.00000000 1.00000000 0.00000000 1.00000000 1.00000000 0.00000000 0.00000000 1.00000000 0.00000000 1.00000000 0.00000000 0.00000000 0.00000000 0.00000000 0.00000000 0.00000000 0.00000000 0.00000000 0.00000000 0.00000000 0.00000000 0.00000000 1.00000000 0.00000000 0.00000000 0.00000000 1.00000000 
1700000011.15474 -0.218915 -0.081547 0.969266 0.077141 -0.005306 0.008117 0.004262 0.004672 0.003685 0.036470 -0.000890 -0.000218 -0.001150 0.069583 -0.177149 -0.008185 0.0000000 1 418.629359 418.629359 505.740581 286.574774 -0.020453 -0.024926 0.019510 -0.005656 -0.660094 0.642445 -0.268559 0.281810 -0.062419 0.031365 0.062150 0 1.00000000 0.00000000 0.00000000 1.00000000 0.00000000 1.00000000 1.00000000 0.00000000 0.00000000 1.00000000 0.00000000 1.00000000 0.00000000 0.00000000 0.00000000 0.00000000 0.00000000 0.00000000 0.00000000 0.00000000 0.00000000 0.00000000 0.00000000 0.00000000 1.00000000 0.00000000 0.00000000 0.00000000 1.00000000 
1700000011.18864 -0.215868 -0.082334 0.969891 0.077031 -0.004999 0.008239 0.004906 0.002016 0.003818 0.019735 -0.000884 -0.000007 -0.001138 0.069000 -0.169020 -0.005121 0.0000000 1 418.629359 418.629359 505.740581 286.574774 -0.020453 -0.024926 0.019510 -0.005656 -0.660094 0.642445 -0.268559 0.281810 -0.062419 0.031365 0.062150 0 1.00000000 0.00000000 0.00000000 1.00000000 0.00000000 1.00000000 1.00000000 0.00000000 0.00000000 1.00000000 0.00000000 1.00000000 0.00000000 0.00000000 0.00000000 0.00000000 0.00000000 0.00000000 0.00000000 0.00000000 0.00000000 0.00000000 0.00000000 0.00000000 1.00000000 0.00000000 0.00000000 0.00000000 1.00000000 
1700000011.22255 -0.213916 -0.083431 0.970226 0.077078 -0.004999 0.007959 0.005440 0.003919 -0.001758 0.016420 -0.000842 0.000013 -0.001019 0.069455 -0.170824 -0.005549 0.0000000 1 418.629359 418.629359 505.740581 286.574774 -0.020453 -0.024926 0.019510 -0.005656 -0.660094 0.642445 -0.268559 0.281810 -0.062419 0.031365 0.062150 0 1.00000000 0.00000000 0.00000000 1.00000000 0.00000000 1.00000000 1.00000000 0.00000000 0.00000000 1.00000000 0.00000000 1.00000000 0.00000000 0.00000000 0.00000000 0.00000000 0.00000000 0.00000000 0.00000000 0.00000000 0.00000000 0.00000000 0.00000000 0.00000000 1.00000000 0.00000000 0.00000000 0.00000000 1.00000000 
1700000011.25645 -0.212134 -0.083846 0.970626 0.076510 -0.005478 0.007590 0.006265 -0.002370 -0.004790 0.017635 -0.000478 -0.000075 -0.001055 0.069975 -0.174438 -0.006404 0.0000000 1 418.629359 418.629359 505.740581 286.574774 -0.020453 -0.024926 0.019510 -0.005656 -0.660094 0.642445 -0.268559 0.281810 -0.062419 0.031365 0.062150 0 1.00000000 0.00000000 0.00000000 1.00000000 0.00000000 1.00000000 1.00000000 0.00000000 0.00000000 1.00000000 0.00000000 1.00000000 0.00000000 0.00000000 0.00000000 0.00000000 0.00000000 0.00000000 0.00000000 0.00000000 0.00000000 0.00000000 0.00000000 0.00000000 1.00000000 0.00000000 0.00000000 0.00000000 1.00000000 
1700000011.29036 -0.210559 -0.084312 0.970907 0.076788 -0.005377 0.007506 0.006377 -0.005237 -0.001796 0.002968 -0.000447 0.000057 -0.001047 0.071494 -0.167084 -0.002668 0.0000000 1 418.629359 418.629359 505.740581 286.574774 -0.020453 -0.024926 0.019510 -0.005656 -0.660094 0.642445 -0.268559 0.281810 -0.062419 0.031365 0.062150 0 1.00000000 0.00000000 0.00000000 1.00000000 0.00000000 1.00000000 1.00000000 0.00000000 0.00000000 1.00000000 0.00000000 1.00000000 0.00000000 0.00000000 0.00000000 0.00000000 0.00000000 0.00000000 0.00000000 0.00000000 0.00000000 0.00000000 0.00000000 0.00000000 1.00000000 0.00000000 0.00000000 0.00000000 1.00000000 
1700000011.32426 -0.210195 -0.085582 0.970807 0.077637 -0.005379 0.007277 0.006255 -0.002674 -0.002824 -0.004664 -0.000355 -0.000011 -0.000916 0.071812 -0.164176 -0.001606 0.0000000 1 418.629359 418.629359 505.740581 286.574774 -0.020453 -0.024926 0.019510 -0.005656 -0.660094 0.642445 -0.268559 0.281810 -0.062419 0.031365 0.062150 0 1.00000000 0.00000000 0.00000000 1.00000000 0.00000000 1.00000000 1.00000000 0.00000000 0.00000000 1.00000000 0.00000000 1.00000000 0.00000000 0.00000000 0.00000000 0.00000000 0.00000000 0.00000000 0.00000000 0.00000000 0.00000000 0.00000000 0.00000000 0.00000000 1.00000000 0.00000000 0.00000000 0.00000000 1.00000000 
1700000011.35817 -0.209257 -0.085338 0.970995 0.078089 -0.005780 0.006882 0.006650 -0.001836 -0.004997 0.013580 -0.000485 -0.000092 -0.000709 0.068803 -0.176413 -0.007661 0.0000000 1 418.629359 418.629359 505.740581 286.574774 -0.020453 -0.024926 0.019510 -0.005656 -0.660094 0.642445 -0.268559 0.281810 -0.062419 0.031365 0.062150 0 1.00000000 0.00000000 0.00000000 1.00000000 0.00000000 1.00000000 1.00000000 0.00000000 0.00000000 1.00000000 0.00000000 1.00000000 0.00000000 0.00000000 0.00000000 0.00000000 0.00000000 0.00000000 0.00000000 0.00000000 0.00000000 0.00000000 0.00000000 0.00000000 1.00000000 0.00000000 0.00000000 0.00000000 1.00000000 
1700000011.39207 -0.207565 -0.084693 0.971382 0.078488 -0.005683 0.006868 0.007088 -0.002084 -0.001724 0.012580 -0.000516 -0.000011 -0.000673 0.069076 -0.175848 -0.007163 0.0000000 1 418.629359 418.629359 505.740581 286.574774 -0.020453 -0.024926 0.019510 -0.005656 -0.660094 0.642445 -0.268559 0.281810 -0.062419 0.031365 0.062150 0 1.00000000 0.00000000 0.00000000 1.00000000 0.00000000 1.00000000 1.00000000 0.00000000 0.00000000 1.00000000 0.00000000 1.00000000 0.00000000 0.00000000 0.00000000 0.00000000 0.00000000 0.00000000 0.00000000 0.00000000 0.00000000 0.00000000 0.00000000 0.00000000 1.00000000 0.00000000 0.00000000 0.00000000 1.00000000 
1700000011.42598 -0.206553 -0.085117 0.971542 0.078727 -0.005463 0.006858 0.007426 0.005066 -0.001010 0.010258 -0.000422 -0.000040 -0.000708 0.069156 -0.172780 -0.006324 0.0000000 1 418.629359 418.629359 505.740581 286.574774 -0.020453 -0.024926 0.019510 -0.005656 -0.660094 0.642445 -0.268559 0.281810 -0.062419 0.031365 0.062150 0 1.00000000 0.00000000 0.00000000 1.00000000 0.00000000 1.00000000 1.00000000 0.00000000 0.00000000 1.00000000 0.00000000 1.00000000 0.00000000 0.00000000 0.00000000 0.00000000 0.00000000 0.00000000 0.00000000 0.00000000 0.00000000 0.00000000 0.00000000 0.00000000 1.00000000 0.00000000 0.00000000 0.00000000 1.00000000 
1700000011.45988 -0.205382 -0.084801 0.971863 0.078163 -0.005393 0.006717 0.008030 0.006817 -0.001424 0.018754 -0.000442 -0.000123 -0.000688 0.067815 -0.177157 -0.008671 0.0000000 1 418.629359 418.629359 505.740581 286.574774 -0.020453 -0.024926 0.019510 -0.005656 -0.660094 0.642445 -0.268559 0.281810 -0.062419 0.031365 0.062150 0 1.00000000 0.00000000 0.00000000 1.00000000 0.00000000 1.00000000 1.00000000 0.00000000 0.00000000 1.00000000 0.00000000 1.00000000 0.00000000 0.00000000 0.00000000 0.00000000 0.00000000 0.00000000 0.00000000 0.00000000 0.00000000 0.00000000 0.00000000 0.00000000 1.00000000 0.00000000 0.00000000 0.00000000 1.00000000 
1700000011.49379 -0.204599 -0.084508 0.972095 0.077649 -0.005177 0.006666 0.008449 0.002102 -0.000320 0.011844 -0.000360 -0.000136 -0.000701 0.070109 -0.172595 -0.005594 0.0000000 1 418.629359 418.629359 505.740581 286.574774 -0.020453 -0.024926 0.019510 -0.005656 -0.660094 0.642445 -0.268559 0.281810 -0.062419 0.031365 0.062150 0 1.00000000 0.00000000 0.00000000 1.00000000 0.00000000 1.00000000 1.00000000 0.00000000 0.00000000 1.00000000 0.00000000 1.00000000 0.00000000 0.00000000 0.00000000 0.00000000 0.00000000 0.00000000 0.00000000 0.00000000 0.00000000 0.00000000 0.00000000 0.00000000 1.00000000 0.00000000 0.00000000 0.00000000 1.00000000 
1700000011.52769 -0.203979 -0.084371 0.972280 0.077103 -0.005233 0.006514 0.008947 0.001898 -0.001440 0.015538 -0.000332 -0.000216 -0.000691 0.069394 -0.174686 -0.006760 0.0000000 1 418.629359 418.629359 505.740581 286.574774 -0.020453 -0.024926 0.019510 -0.005656 -0.660094 0.642445 -0.268559 0.281810 -0.062419 0.031365 0.062150 0 1.00000000 0.00000000 0.00000000 1.00000000 0.00000000 1.00000000 1.00000000 0.00000000 0.00000000 1.00000000 0.00000000 1.00000000 0.00000000 0.00000000 0.00000000 0.00000000 0.00000000 0.00000000 0.00000000 0.00000000 0.00000000 0.00000000 0.00000000 0.00000000 1.00000000 0.00000000 0.00000000 0.00000000 1.00000000 
1700000011.56160 -0.202846 -0.084056 0.972633 0.075981 -0.005207 0.006455 0.009200 -0.005205 0.000587 0.010218 -0.000295 -0.000078 -0.000734 0.072580 -0.170188 -0.003084 0.0000000 1 418.629359 418.629359 505.740581 286.574774 -0.020453 -0.024926 0.019510 -0.005656 -0.660094 0.642445 -0.268559 0.281810 -0.062419 0.031365 0.062150 0 1.00000000 0.00000000 0.00000000 1.00000000 0.00000000 1.00000000 1.00000000 0.00000000 0.00000000 1.00000000 0.00000000 1.00000000 0.00000000 0.00000000 0.00000000 0.00000000 0.00000000 0.00000000 0.00000000 0.00000000 0.00000000 0.00000000 0.00000000 0.00000000 1.00000000 0.00000000 0.00000000 0.00000000 1.00000000 
1700000011.59550 -0.202922 -0.085054 0.972517 0.076156 -0.005601 0.006263 0.008997 -0.017282 0.000738 -0.005529 -0.000234 -0.000010 -0.000620 0.076575 -0.162866 0.001976 0.0000000 1 418.629359 418.629359 505.740581 286.574774 -0.020453 -0.024926 0.019510 -0.005656 -0.660094 0.642445 -0.268559 0.281810 -0.062419 0.031365 0.062150 0 1.00000000 0.00000000 0.00000000 1.00000000 0.00000000 1.00000000 1.00000000 0.00000000 0.00000000 1.00000000 0.00000000 1.00000000 0.00000000 0.00000000 0.00000000 0.00000000 0.00000000 0.00000000 0.00000000 0.00000000 0.00000000 0.00000000 0.00000000 0.00000000 1.00000000 0.00000000 0.00000000 0.00000000 1.00000000 
1700000011.62941 -0.202782 -0.085633 0.972426 0.077030 -0.006057 0.006329 0.008930 -0.016630 0.003031 -0.002613 -0.000234 -0.000009 -0.000518 0.074899 -0.166066 -0.000104 0.0000000 1 418.629359 418.629359 505.740581 286.574774 -0.020453 -0.024926 0.019510 -0.005656 -0.660094 0.642445 -0.268559 0.281810 -0.062419 0.031365 0.062150 0 1.00000000 0.00000000 0.00000000 1.00000000 0.00000000 1.00000000 1.00000000 0.00000000 0.00000000 1.00000000 0.00000000 1.00000000 0.00000000 0.00000000 0.00000000 0.00000000 0.00000000 0.00000000 0.00000000 0.00000000 0.00000000 0.00000000 0.00000000 0.00000000 1.00000000 0.00000000 0.00000000 0.00000000 1.00000000 
1700000011.66331 -0.203664 -0.085637 0.972175 0.077865 -0.006422 0.006285 0.009022 -0.011010 0.001917 0.002542 -0.000234 -0.000264 -0.000405 0.072637 -0.168470 -0.002524 0.0000000 1 418.629359 418.629359 505.740581 286.574774 -0.020453 -0.024926 0.019510 -0.005656 -0.660094 0.642445 -0.268559 0.281810 -0.062419 0.031365 0.062150 0 1.00000000 0.00000000 0.00000000 1.00000000 0.00000000 1.00000000 1.00000000 0.00000000 0.00000000 1.00000000 0.00000000 1.00000000 0.00000000 0.00000000 0.00000000 0.00000000 0.00000000 0.00000000 0.00000000 0.00000000 0.00000000 0.00000000 0.00000000 0.00000000 1.00000000 0.00000000 0.00000000 0.00000000 1.00000000 
1700000011.69722 -0.205150 -0.084560 0.971933 0.078163 -0.006666 0.006368 0.009091 -0.009164 0.004049 0.001700 -0.000293 -0.000432 -0.000382 0.073011 -0.167053 -0.001914 0.0000000 1 418.629359 418.629359 505.740581 286.574774 -0.020453 -0.024926 0.019510 -0.005656 -0.660094 0.642445 -0.268559 0.281810 -0.062419 0.031365 0.062150 0 1.00000000 0.00000000 0.00000000 1.00000000 0.00000000 1.00000000 1.00000000 0.00000000 0.00000000 1.00000000 0.00000000 1.00000000 0.00000000 0.00000000 0.00000000 0.00000000 0.00000000 0.00000000 0.00000000 0.00000000 0.00000000 0.00000000 0.00000000 0.00000000 1.00000000 0.00000000 0.00000000 0.00000000 1.00000000 
1700000011.73112 -0.207990 -0.084548 0.971273 0.078876 -0.006646 0.006803 0.008151 -0.014318 0.010445 -0.030330 -0.000200 -0.000223 -0.000473 0.080664 -0.152498 0.007892 0.0000000 1 418.629359 418.629359 505.740581 286.574774 -0.020453 -0.024926 0.019510 -0.005656 -0.660094 0.642445 -0.268559 0.281810 -0.062419 0.031365 0.062150 0 1.00000000 0.00000000 0.00000000 1.00000000 0.00000000 1.00000000 1.00000000 0.00000000 0.00000000 1.00000000 0.00000000 1.00000000 0.00000000 0.00000000 0.00000000 0.00000000 0.00000000 0.00000000 0.00000000 0.00000000 0.00000000 0.00000000 0.00000000 0.00000000 1.00000000 0.00000000 0.00000000 0.00000000 1.00000000 
1700000011.76503 -0.212556 -0.087013 0.969905 0.080829 -0.006592 0.007638 0.006508 -0.010928 0.017154 -0.059316 0.000084 -0.000320 -0.000606 0.082586 -0.141302 0.012696 0.0000000 1 418.629359 418.629359 505.740581 286.574774 -0.020453 -0.024926 0.019510 -0.005656 -0.660094 0.642445 -0.268559 0.281810 -0.062419 0.031365 0.062150 0 1.00000000 0.00000000 0.00000000 1.00000000 0.00000000 1.00000000 1.00000000 0.00000000 0.00000000 1.00000000 0.00000000 1.00000000 0.00000000 0.00000000 0.00000000 0.00000000 0.00000000 0.00000000 0.00000000 0.00000000 0.00000000 0.00000000 0.00000000 0.00000000 1.00000000 0.00000000 0.00000000 0.00000000 1.00000000 
1700000011.79893 -0.217637 -0.088109 0.968630 0.081404 -0.006797 0.007901 0.004845 0.006385 0.010778 -0.036732 -0.000164 -0.000182 -0.000953 0.079950 -0.151102 0.006676 0.0000000 1 418.629359 418.629359 505.740581 286.574774 -0.020453 -0.024926 0.019510 -0.005656 -0.660094 0.642445 -0.268559 0.281810 -0.062419 0.031365 0.062150 0 1.00000000 0.00000000 0.00000000 1.00000000 0.00000000 1.00000000 1.00000000 0.00000000 0.00000000 1.00000000 0.00000000 1.00000000 0.00000000 0.00000000 0.00000000 0.00000000 0.00000000 0.00000000 0.00000000 0.00000000 0.00000000 0.00000000 0.00000000 0.00000000 1.00000000 0.00000000 0.00000000 0.00000000 1.00000000 
1700000011.83284 -0.224651 -0.083963 0.967620 0.078705 -0.006600 0.007763 0.003954 0.008075 0.005178 -0.018728 -0.000533 -0.000520 -0.001243 0.081162 -0.151647 0.005922 0.0000000 1 418.629359 418.629359 505.740581 286.574774 -0.020453 -0.024926 0.019510 -0.005656 -0.660094 0.642445 -0.268559 0.281810 -0.062419 0.031365 0.062150 0 1.00000000 0.00000000 0.00000000 1.00000000 0.00000000 1.00000000 1.00000000 0.00000000 0.00000000 1.00000000 0.00000000 1.00000000 0.00000000 0.00000000 0.00000000 0.00000000 0.00000000 0.00000000 0.00000000 0.00000000 0.00000000 0.00000000 0.00000000 0.00000000 1.00000000 0.00000000 0.00000000 0.00000000 1.00000000 
1700000011.86674 -0.234953 -0.079068 0.965755 0.076569 -0.006507 0.007837 0.002536 -0.001884 0.005647 -0.040790 -0.000667 -0.000924 -0.001376 0.083034 -0.143254 0.010470 0.0000000 1 418.629359 418.629359 505.740581 286.574774 -0.020453 -0.024926 0.019510 -0.005656 -0.660094 0.642445 -0.268559 0.281810 -0.062419 0.031365 0.062150 0 1.00000000 0.00000000 0.00000000 1.00000000 0.00000000 1.00000000 1.00000000 0.00000000 0.00000000 1.00000000 0.00000000 1.00000000 0.00000000 0.00000000 0.00000000 0.00000000 0.00000000 0.00000000 0.00000000 0.00000000 0.00000000 0.00000000 0.00000000 0.00000000 1.00000000 0.00000000 0.00000000 0.00000000 1.00000000 
1700000011.90065 -0.245937 -0.075110 0.963417 0.075503 -0.006762 0.007999 0.000561 -0.005301 0.008843 -0.059531 -0.000657 -0.001264 -0.001459 0.082129 -0.137710 0.012557 0.0000000 1 418.629359 418.629359 505.740581 286.574774 -0.020453 -0.024926 0.019510 -0.005656 -0.660094 0.642445 -0.268559 0.281810 -0.062419 0.031365 0.062150 0 1.00000000 0.00000000 0.00000000 1.00000000 0.00000000 1.00000000 1.00000000 0.00000000 0.00000000 1.00000000 0.00000000 1.00000000 0.00000000 0.00000000 0.00000000 0.00000000 0.00000000 0.00000000 0.00000000 0.00000000 0.00000000 0.00000000 0.00000000 0.00000000 1.00000000 0.00000000 0.00000000 0.00000000 1.00000000 
1700000011.93455 -0.256397 -0.072240 0.960914 0.075411 -0.007176 0.008323 -0.001830 -0.012529 0.011648 -0.073391 -0.000521 -0.001555 -0.001455 0.078654 -0.131817 0.013284 0.0000000 1 418.629359 418.629359 505.740581 286.574774 -0.020453 -0.024926 0.019510 -0.005656 -0.660094 0.642445 -0.268559 0.281810 -0.062419 0.031365 0.062150 0 1.00000000 0.00000000 0.00000000 1.00000000 0.00000000 1.00000000 1.00000000 0.00000000 0.00000000 1.00000000 0.00000000 1.00000000 0.00000000 0.00000000 0.00000000 0.00000000 0.00000000 0.00000000 0.00000000 0.00000000 0.00000000 0.00000000 0.00000000 0.00000000 1.00000000 0.00000000 0.00000000 0.00000000 1.00000000 
1700000011.96846 -0.266271 -0.069167 0.958382 0.076283 -0.007425 0.008602 -0.004080 -0.008665 0.015683 -0.066242 -0.000727 -0.001720 -0.001319 0.080923 -0.134710 0.013210 0.0000000 1 418.629359 418.629359 505.740581 286.574774 -0.020453 -0.024926 0.019510 -0.005656 -0.660094 0.642445 -0.268559 0.281810 -0.062419 0.031365 0.062150 0 1.00000000 0.00000000 0.00000000 1.00000000 0.00000000 1.00000000 1.00000000 0.00000000 0.00000000 1.00000000 0.00000000 1.00000000 0.00000000 0.00000000 0.00000000 0.00000000 0.00000000 0.00000000 0.00000000 0.00000000 0.00000000 0.00000000 0.00000000 0.00000000 1.00000000 0.00000000 0.00000000 0.00000000 1.00000000 
1700000012.00236 -0.275689 -0.065172 0.955913 0.077325 -0.007783 0.008702 -0.006379 -0.013148 0.012995 -0.066044 -0.000973 -0.001900 -0.001103 0.081719 -0.132191 0.014394 0.0000000 1 418.629359 418.629359 505.740581 286.574774 -0.020453 -0.024926 0.019510 -0.005656 -0.660094 0.642445 -0.268559 0.281810 -0.062419 0.031365 0.062150 0 1.00000000 0.00000000 0.00000000 1.00000000 0.00000000 1.00000000 1.00000000 0.00000000 0.00000000 1.00000000 0.00000000 1.00000000 0.00000000 0.00000000 0.00000000 0.00000000 0.00000000 0.00000000 0.00000000 0.00000000 0.00000000 0.00000000 0.00000000 0.00000000 1.00000000 0.00000000 0.00000000 0.00000000 1.00000000 
1700000012.03627 -0.285662 -0.062270 0.953045 0.078897 -0.007735 0.009516 -0.008893 -0.017199 0.014594 -0.078996 -0.001041 -0.001830 -0.001039 0.073760 -0.113839 0.015495 0.0000000 1 418.629359 418.629359 505.740581 286.574774 -0.020453 -0.024926 0.019510 -0.005656 -0.660094 0.642445 -0.268559 0.281810 -0.062419 0.031365 0.062150 0 1.00000000 0.00000000 0.00000000 1.00000000 0.00000000 1.00000000 1.00000000 0.00000000 0.00000000 1.00000000 0.00000000 1.00000000 0.00000000 0.00000000 0.00000000 0.00000000 0.00000000 0.00000000 0.00000000 0.00000000 0.00000000 0.00000000 0.00000000 0.00000000 1.00000000 0.00000000 0.00000000 0.00000000 1.00000000 
1700000012.07017 -0.297492 -0.060792 0.949433 0.079877 -0.008029 0.009926 -0.011584 -0.008075 0.016168 -0.078794 -0.000727 -0.001548 -0.001030 0.073093 -0.104323 0.017390 0.0000000 1 418.629359 418.629359 505.740581 286.574774 -0.020453 -0.024926 0.019510 -0.005656 -0.660094 0.642445 -0.268559 0.281810 -0.062419 0.031365 0.062150 0 1.00000000 0.00000000 0.00000000 1.00000000 0.00000000 1.00000000 1.00000000 0.00000000 0.00000000 1.00000000 0.00000000 1.00000000 0.00000000 0.00000000 0.00000000 0.00000000 0.00000000 0.00000000 0.00000000 0.00000000 0.00000000 0.00000000 0.00000000 0.00000000 1.00000000 0.00000000 0.00000000 0.00000000 1.00000000 
1700000012.10408 -0.309326 -0.054776 0.946074 0.079133 -0.008048 0.009956 -0.012558 -0.000040 0.018798 -0.044686 -0.000724 -0.001665 -0.000830 0.108439 -0.150372 0.020807 0.0000000 1 418.629359 418.629359 505.740581 286.574774 -0.020453 -0.024926 0.019510 -0.005656 -0.660094 0.642445 -0.268559 0.281810 -0.062419 0.031365 0.062150 0 1.00000000 0.00000000 0.00000000 1.00000000 0.00000000 1.00000000 1.00000000 0.00000000 0.00000000 1.00000000 0.00000000 1.00000000 0.00000000 0.00000000 0.00000000 0.00000000 0.00000000 0.00000000 0.00000000 0.00000000 0.00000000 0.00000000 0.00000000 0.00000000 1.00000000 0.00000000 0.00000000 0.00000000 1.00000000 
1700000012.13798 -0.317399 -0.047937 0.943864 0.077982 -0.008271 0.010393 -0.013720 -0.006501 0.017967 -0.034052 -0.000761 -0.001600 -0.000741 0.119301 -0.173912 0.019853 0.0000000 1 418.629359 418.629359 505.740581 286.574774 -0.020453 -0.024926 0.019510 -0.005656 -0.660094 0.642445 -0.268559 0.281810 -0.062419 0.031365 0.062150 0 1.00000000 0.00000000 0.00000000 1.00000000 0.00000000 1.00000000 1.00000000 0.00000000 0.00000000 1.00000000 0.00000000 1.00000000 0.00000000 0.00000000 0.00000000 0.00000000 0.00000000 0.00000000 0.00000000 0.00000000 0.00000000 0.00000000 0.00000000 0.00000000 1.00000000 0.00000000 0.00000000 0.00000000 1.00000000 
1700000012.17189 -0.323954 -0.043912 0.941788 0.078496 -0.008877 0.011033 -0.015249 -0.009374 0.017064 -0.033263 -0.000716 -0.001456 -0.000607 0.109049 -0.174965 0.015223 0.0000000 1 418.629359 418.629359 505.740581 286.574774 -0.020453 -0.024926 0.019510 -0.005656 -0.660094 0.642445 -0.268559 0.281810 -0.062419 0.031365 0.062150 0 1.00000000 0.00000000 0.00000000 1.00000000 0.00000000 1.00000000 1.00000000 0.00000000 0.00000000 1.00000000 0.00000000 1.00000000 0.00000000 0.00000000 0.00000000 0.00000000 0.00000000 0.00000000 0.00000000 0.00000000 0.00000000 0.00000000 0.00000000 0.00000000 1.00000000 0.00000000 0.00000000 0.00000000 1.00000000 
1700000012.20579 -0.328920 -0.039999 0.940189 0.079090 -0.009321 0.011715 -0.016382 -0.006976 0.016074 -0.024867 -0.000638 -0.001247 -0.000566 0.108089 -0.185016 0.012397 0.0000000 1 418.629359 418.629359 505.740581 286.574774 -0.020453 -0.024926 0.019510 -0.005656 -0.660094 0.642445 -0.268559 0.281810 -0.062419 0.031365 0.062150 0 1.00000000 0.00000000 0.00000000 1.00000000 0.00000000 1.00000000 1.00000000 0.00000000 0.00000000 1.00000000 0.00000000 1.00000000 0.00000000 0.00000000 0.00000000 0.00000000 0.00000000 0.00000000 0.00000000 0.00000000 0.00000000 0.00000000 0.00000000 0.00000000 1.00000000 0.00000000 0.00000000 0.00000000 1.00000000 
1700000012.23970 -0.331994 -0.037570 0.939154 0.079743 -0.009826 0.012428 -0.017534 -0.005968 0.011835 -0.020716 -0.000543 -0.000926 -0.000557 0.100439 -0.191013 0.007574 0.0000000 1 418.629359 418.629359 505.740581 286.574774 -0.020453 -0.024926 0.019510 -0.005656 -0.660094 0.642445 -0.268559 0.281810 -0.062419 0.031365 0.062150 0 1.00000000 0.00000000 0.00000000 1.00000000 0.00000000 1.00000000 1.00000000 0.00000000 0.00000000 1.00000000 0.00000000 1.00000000 0.00000000 0.00000000 0.00000000 0.00000000 0.00000000 0.00000000 0.00000000 0.00000000 0.00000000 0.00000000 0.00000000 0.00000000 1.00000000 0.00000000 0.00000000 0.00000000 1.00000000 
1700000012.27360 -0.331689 -0.037458 0.939213 0.080358 -0.010293 0.013396 -0.019033 0.000807 0.008378 -0.023544 -0.000218 0.000024 -0.000693 0.076866 -0.184122 -0.001385 0.0000000 1 418.629359 418.629359 505.740581 286.574774 -0.020453 -0.024926 0.019510 -0.005656 -0.660094 0.642445 -0.268559 0.281810 -0.062419 0.031365 0.062150 0 1.00000000 0.00000000 0.00000000 1.00000000 0.00000000 1.00000000 1.00000000 0.00000000 0.00000000 1.00000000 0.00000000 1.00000000 0.00000000 0.00000000 0.00000000 0.00000000 0.00000000 0.00000000 0.00000000 0.00000000 0.00000000 0.00000000 0.00000000 0.00000000 1.00000000 0.00000000 0.00000000 0.00000000 1.00000000 
1700000012.30751 -0.332245 -0.038236 0.939040 0.079725 -0.010067 0.014127 -0.018621 0.005422 0.004396 -0.011800 0.000361 0.000115 -0.000710 0.085312 -0.212571 -0.005090 0.0000000 1 418.629359 418.629359 505.740581 286.574774 -0.020453 -0.024926 0.019510 -0.005656 -0.660094 0.642445 -0.268559 0.281810 -0.062419 0.031365 0.062150 0 1.00000000 0.00000000 0.00000000 1.00000000 0.00000000 1.00000000 1.00000000 0.00000000 0.00000000 1.00000000 0.00000000 1.00000000 0.00000000 0.00000000 0.00000000 0.00000000 0.00000000 0.00000000 0.00000000 0.00000000 0.00000000 0.00000000 0.00000000 0.00000000 1.00000000 0.00000000 0.00000000 0.00000000 1.00000000 
1700000012.34141 -0.330953 -0.038997 0.939588 0.078256 -0.009847 0.014293 -0.018734 0.005289 -0.001161 -0.001290 0.000470 0.000643 -0.000833 0.096301 -0.246522 -0.008450 0.0000000 1 418.629359 418.629359 505.740581 286.574774 -0.020453 -0.024926 0.019510 -0.005656 -0.660094 0.642445 -0.268559 0.281810 -0.062419 0.031365 0.062150 0 1.00000000 0.00000000 0.00000000 1.00000000 0.00000000 1.00000000 1.00000000 0.00000000 0.00000000 1.00000000 0.00000000 1.00000000 0.00000000 0.00000000 0.00000000 0.00000000 0.00000000 0.00000000 0.00000000 0.00000000 0.00000000 0.00000000 0.00000000 0.00000000 1.00000000 0.00000000 0.00000000 0.00000000 1.00000000 
1700000012.37532 -0.329091 -0.041237 0.940229 0.077259 -0.009701 0.014175 -0.018585 0.004536 -0.006971 0.005447 0.000591 0.000944 -0.000842 0.100865 -0.260907 -0.009940 0.0000000 1 418.629359 418.629359 505.740581 286.574774 -0.020453 -0.024926 0.019510 -0.005656 -0.660094 0.642445 -0.268559 0.281810 -0.062419 0.031365 0.062150 0 1.00000000 0.00000000 0.00000000 1.00000000 0.00000000 1.00000000 1.00000000 0.00000000 0.00000000 1.00000000 0.00000000 1.00000000 0.00000000 0.00000000 0.00000000 0.00000000 0.00000000 0.00000000 0.00000000 0.00000000 0.00000000 0.00000000 0.00000000 0.00000000 1.00000000 0.00000000 0.00000000 0.00000000 1.00000000 
1700000012.40922 -0.326785 -0.043861 0.940974 0.076523 -0.009571 0.013953 -0.018381 0.004067 -0.009577 0.007945 0.000536 0.001128 -0.000782 0.099265 -0.262569 -0.011072 0.0000000 1 418.629359 418.629359 505.740581 286.574774 -0.020453 -0.024926 0.019510 -0.005656 -0.660094 0.642445 -0.268559 0.281810 -0.062419 0.031365 0.062150 0 1.00000000 0.00000000 0.00000000 1.00000000 0.00000000 1.00000000 1.00000000 0.00000000 0.00000000 1.00000000 0.00000000 1.00000000 0.00000000 0.00000000 0.00000000 0.00000000 0.00000000 0.00000000 0.00000000 0.00000000 0.00000000 0.00000000 0.00000000 0.00000000 1.00000000 0.00000000 0.00000000 0.00000000 1.00000000 
1700000012.44313 -0.324892 -0.046180 0.941566 0.075933 -0.009575 0.013606 -0.018039 0.002378 -0.011092 0.011457 0.000511 0.001103 -0.000696 0.098281 -0.264730 -0.012044 0.0000000 1 418.629359 418.629359 505.740581 286.574774 -0.020453 -0.024926 0.019510 -0.005656 -0.660094 0.642445 -0.268559 0.281810 -0.062419 0.031365 0.062150 0 1.00000000 0.00000000 0.00000000 1.00000000 0.00000000 1.00000000 1.00000000 0.00000000 0.00000000 1.00000000 0.00000000 1.00000000 0.00000000 0.00000000 0.00000000 0.00000000 0.00000000 0.00000000 0.00000000 0.00000000 0.00000000 0.00000000 0.00000000 0.00000000 1.00000000 0.00000000 0.00000000 0.00000000 1.00000000 
1700000012.47703 -0.323029 -0.048246 0.942125 0.075658 -0.009653 0.013178 -0.017616 0.002636 -0.013246 0.013893 0.000451 0.000993 -0.000589 0.095711 -0.265065 -0.013268 0.0000000 1 418.629359 418.629359 505.740581 286.574774 -0.020453 -0.024926 0.019510 -0.005656 -0.660094 0.642445 -0.268559 0.281810 -0.062419 0.031365 0.062150 0 1.00000000 0.00000000 0.00000000 1.00000000 0.00000000 1.00000000 1.00000000 0.00000000 0.00000000 1.00000000 0.00000000 1.00000000 0.00000000 0.00000000 0.00000000 0.00000000 0.00000000 0.00000000 0.00000000 0.00000000 0.00000000 0.00000000 0.00000000 0.00000000 1.00000000 0.00000000 0.00000000 0.00000000 1.00000000 
1700000012.51094 -0.320722 -0.049699 0.942888 0.075028 -0.009492 0.012693 -0.016912 0.007460 -0.014889 0.020884 0.000423 0.000975 -0.000603 0.100283 -0.269459 -0.012323 0.0000000 1 418.629359 418.629359 505.740581 286.574774 -0.020453 -0.024926 0.019510 -0.005656 -0.660094 0.642445 -0.268559 0.281810 -0.062419 0.031365 0.062150 0 1.00000000 0.00000000 0.00000000 1.00000000 0.00000000 1.00000000 1.00000000 0.00000000 0.00000000 1.00000000 0.00000000 1.00000000 0.00000000 0.00000000 0.00000000 0.00000000 0.00000000 0.00000000 0.00000000 0.00000000 0.00000000 0.00000000 0.00000000 0.00000000 1.00000000 0.00000000 0.00000000 0.00000000 1.00000000 
1700000012.54484 -0.317558 -0.051719 0.943940 0.073893 -0.009163 0.012373 -0.016318 0.012256 -0.015054 0.020146 0.000477 0.001060 -0.000763 0.096095 -0.263619 -0.012795 0.0000000 1 418.629359 418.629359 505.740581 286.574774 -0.020453 -0.024926 0.019510 -0.005656 -0.660094 0.642445 -0.268559 0.281810 -0.062419 0.031365 0.062150 0 1.00000000 0.00000000 0.00000000 1.00000000 0.00000000 1.00000000 1.00000000 0.00000000 0.00000000 1.00000000 0.00000000 1.00000000 0.00000000 0.00000000 0.00000000 0.00000000 0.00000000 0.00000000 0.00000000 0.00000000 0.00000000 0.00000000 0.00000000 0.00000000 1.00000000 0.00000000 0.00000000 0.00000000 1.00000000 
1700000012.57875 -0.314205 -0.054446 0.945030 0.072315 -0.008947 0.012051 -0.015983 0.012316 -0.014899 0.014198 0.000647 0.001140 -0.000960 0.086167 -0.256952 -0.015534 0.0000000 1 418.629359 418.629359 505.740581 286.574774 -0.020453 -0.024926 0.019510 -0.005656 -0.660094 0.642445 -0.268559 0.281810 -0.062419 0.031365 0.062150 0 1.00000000 0.00000000 0.00000000 1.00000000 0.00000000 1.00000000 1.00000000 0.00000000 0.00000000 1.00000000 0.00000000 1.00000000 0.00000000 0.00000000 0.00000000 0.00000000 0.00000000 0.00000000 0.00000000 0.00000000 0.00000000 0.00000000 0.00000000 0.00000000 1.00000000 0.00000000 0.00000000 0.00000000 1.00000000 
1700000012.61265 -0.310987 -0.057015 0.946057 0.070802 -0.008765 0.011610 -0.015631 0.010814 -0.014127 0.014128 0.000662 0.001252 -0.001082 0.083532 -0.260179 -0.017453 0.0000000 1 418.629359 418.629359 505.740581 286.574774 -0.020453 -0.024926 0.019510 -0.005656 -0.660094 0.642445 -0.268559 0.281810 -0.062419 0.031365 0.062150 0 1.00000000 0.00000000 0.00000000 1.00000000 0.00000000 1.00000000 1.00000000 0.00000000 0.00000000 1.00000000 0.00000000 1.00000000 0.00000000 0.00000000 0.00000000 0.00000000 0.00000000 0.00000000 0.00000000 0.00000000 0.00000000 0.00000000 0.00000000 0.00000000 1.00000000 0.00000000 0.00000000 0.00000000 1.00000000 
1700000012.64656 -0.306775 -0.059985 0.947360 0.069285 -0.008755 0.011374 -0.015544 0.005085 -0.011847 0.008381 0.000720 0.001444 -0.001363 0.075468 -0.258889 -0.020625 0.0000000 1 418.629359 418.629359 505.740581 286.574774 -0.020453 -0.024926 0.019510 -0.005656 -0.660094 0.642445 -0.268559 0.281810 -0.062419 0.031365 0.062150 0 1.00000000 0.00000000 0.00000000 1.00000000 0.00000000 1.00000000 1.00000000 0.00000000 0.00000000 1.00000000 0.00000000 1.00000000 0.00000000 0.00000000 0.00000000 0.00000000 0.00000000 0.00000000 0.00000000 0.00000000 0.00000000 0.00000000 0.00000000 0.00000000 1.00000000 0.00000000 0.00000000 0.00000000 1.00000000 
1700000012.68046 -0.303044 -0.063610 0.948382 0.068483 -0.008378 0.011045 -0.015275 0.007986 -0.009017 0.006263 0.000672 0.001553 -0.001405 0.078017 -0.257580 -0.019229 0.0000000 1 418.629359 418.629359 505.740581 286.574774 -0.020453 -0.024926 0.019510 -0.005656 -0.660094 0.642445 -0.268559 0.281810 -0.062419 0.031365 0.062150 0 1.00000000 0.00000000 0.00000000 1.00000000 0.00000000 1.00000000 1.00000000 0.00000000 0.00000000 1.00000000 0.00000000 1.00000000 0.00000000 0.00000000 0.00000000 0.00000000 0.00000000 0.00000000 0.00000000 0.00000000 0.00000000 0.00000000 0.00000000 0.00000000 1.00000000 0.00000000 0.00000000 0.00000000 1.00000000 
1700000012.71437 -0.300427 -0.065939 0.949167 0.066916 -0.008044 0.010227 -0.014137 0.011102 -0.011506 0.026824 0.000536 0.001282 -0.001400 0.098368 -0.269341 -0.013401 0.0000000 1 418.629359 418.629359 505.740581 286.574774 -0.020453 -0.024926 0.019510 -0.005656 -0.660094 0.642445 -0.268559 0.281810 -0.062419 0.031365 0.062150 0 1.00000000 0.00000000 0.00000000 1.00000000 0.00000000 1.00000000 1.00000000 0.00000000 0.00000000 1.00000000 0.00000000 1.00000000 0.00000000 0.00000000 0.00000000 0.00000000 0.00000000 0.00000000 0.00000000 0.00000000 0.00000000 0.00000000 0.00000000 0.00000000 1.00000000 0.00000000 0.00000000 0.00000000 1.00000000 
1700000012.74827 -0.296744 -0.067012 0.950345 0.065544 -0.007890 0.009579 -0.013093 0.006195 -0.010584 0.034687 0.000306 0.001026 -0.001192 0.096888 -0.265676 -0.013103 0.0000000 1 418.629359 418.629359 505.740581 286.574774 -0.020453 -0.024926 0.019510 -0.005656 -0.660094 0.642445 -0.268559 0.281810 -0.062419 0.031365 0.062150 0 1.00000000 0.00000000 0.00000000 1.00000000 0.00000000 1.00000000 1.00000000 0.00000000 0.00000000 1.00000000 0.00000000 1.00000000 0.00000000 0.00000000 0.00000000 0.00000000 0.00000000 0.00000000 0.00000000 0.00000000 0.00000000 0.00000000 0.00000000 0.00000000 1.00000000 0.00000000 0.00000000 0.00000000 1.00000000 
1700000012.78218 -0.292499 -0.067757 0.951650 0.064926 -0.008110 0.009129 -0.012225 -0.001467 -0.007537 0.032270 0.000091 0.000903 -0.000958 0.088663 -0.258411 -0.014742 0.0000000 1 418.629359 418.629359 505.740581 286.574774 -0.020453 -0.024926 0.019510 -0.005656 -0.660094 0.642445 -0.268559 0.281810 -0.062419 0.031365 0.062150 0 1.00000000 0.00000000 0.00000000 1.00000000 0.00000000 1.00000000 1.00000000 0.00000000 0.00000000 1.00000000 0.00000000 1.00000000 0.00000000 0.00000000 0.00000000 0.00000000 0.00000000 0.00000000 0.00000000 0.00000000 0.00000000 0.00000000 0.00000000 0.00000000 1.00000000 0.00000000 0.00000000 0.00000000 1.00000000 
1700000012.81608 -0.287489 -0.068315 0.953130 0.065013 -0.008500 0.008892 -0.011306 -0.008129 -0.002717 0.032051 -0.000073 0.000876 -0.000837 0.084618 -0.253604 -0.015237 0.0000000 1 418.629359 418.629359 505.740581 286.574774 -0.020453 -0.024926 0.019510 -0.005656 -0.660094 0.642445 -0.268559 0.281810 -0.062419 0.031365 0.062150 0 1.00000000 0.00000000 0.00000000 1.00000000 0.00000000 1.00000000 1.00000000 0.00000000 0.00000000 1.00000000 0.00000000 1.00000000 0.00000000 0.00000000 0.00000000 0.00000000 0.00000000 0.00000000 0.00000000 0.00000000 0.00000000 0.00000000 0.00000000 0.00000000 1.00000000 0.00000000 0.00000000 0.00000000 1.00000000 
1700000012.84999 -0.281794 -0.068581 0.954785 0.065372 -0.008673 0.008750 -0.010071 -0.005321 -0.000366 0.038685 -0.000216 0.000894 -0.000715 0.087473 -0.254401 -0.014230 0.0000000 1 418.629359 418.629359 505.740581 286.574774 -0.020453 -0.024926 0.019510 -0.005656 -0.660094 0.642445 -0.268559 0.281810 -0.062419 0.031365 0.062150 0 1.00000000 0.00000000 0.00000000 1.00000000 0.00000000 1.00000000 1.00000000 0.00000000 0.00000000 1.00000000 0.00000000 1.00000000 0.00000000 0.00000000 0.00000000 0.00000000 0.00000000 0.00000000 0.00000000 0.00000000 0.00000000 0.00000000 0.00000000 0.00000000 1.00000000 0.00000000 0.00000000 0.00000000 1.00000000 
1700000012.88389 -0.275979 -0.068102 0.956515 0.065395 -0.008601 0.008683 -0.008313 0.000020 0.000313 0.050405 -0.000339 0.000846 -0.000642 0.094385 -0.260534 -0.012943 0.0000000 1 418.629359 418.629359 505.740581 286.574774 -0.020453 -0.024926 0.019510 -0.005656 -0.660094 0.642445 -0.268559 0.281810 -0.062419 0.031365 0.062150 0 1.00000000 0.00000000 0.00000000 1.00000000 0.00000000 1.00000000 1.00000000 0.00000000 0.00000000 1.00000000 0.00000000 1.00000000 0.00000000 0.00000000 0.00000000 0.00000000 0.00000000 0.00000000 0.00000000 0.00000000 0.00000000 0.00000000 0.00000000 0.00000000 1.00000000 0.00000000 0.00000000 0.00000000 1.00000000 
1700000012.91780 -0.269771 -0.067453 0.958382 0.064635 -0.008114 0.008783 -0.006711 0.009349 0.000668 0.049993 -0.000385 0.000985 -0.000643 0.094560 -0.262137 -0.013078 0.0000000 1 418.629359 418.629359 505.740581 286.574774 -0.020453 -0.024926 0.019510 -0.005656 -0.660094 0.642445 -0.268559 0.281810 -0.062419 0.031365 0.062150 0 1.00000000 0.00000000 0.00000000 1.00000000 0.00000000 1.00000000 1.00000000 0.00000000 0.00000000 1.00000000 0.00000000 1.00000000 0.00000000 0.00000000 0.00000000 0.00000000 0.00000000 0.00000000 0.00000000 0.00000000 0.00000000 0.00000000 0.00000000 0.00000000 1.00000000 0.00000000 0.00000000 0.00000000 1.00000000 
1700000012.95170 -0.263988 -0.067934 0.960024 0.063641 -0.007941 0.008942 -0.005762 0.004543 0.002862 0.034513 -0.000391 0.001229 -0.000680 0.087610 -0.252077 -0.012915 0.0000000 1 418.629359 418.629359 505.740581 286.574774 -0.020453 -0.024926 0.019510 -0.005656 -0.660094 0.642445 -0.268559 0.281810 -0.062419 0.031365 0.062150 0 1.00000000 0.00000000 0.00000000 1.00000000 0.00000000 1.00000000 1.00000000 0.00000000 0.00000000 1.00000000 0.00000000 1.00000000 0.00000000 0.00000000 0.00000000 0.00000000 0.00000000 0.00000000 0.00000000 0.00000000 0.00000000 0.00000000 0.00000000 0.00000000 1.00000000 0.00000000 0.00000000 0.00000000 1.00000000 
1700000012.98561 -0.258694 -0.069203 0.961387 0.063436 -0.007698 0.009101 -0.005018 0.003610 0.004606 0.023999 -0.000423 0.001447 -0.000604 0.085982 -0.249739 -0.012639 0.0000000 1 418.629359 418.629359 505.740581 286.574774 -0.020453 -0.024926 0.019510 -0.005656 -0.660094 0.642445 -0.268559 0.281810 -0.062419 0.031365 0.062150 0 1.00000000 0.00000000 0.00000000 1.00000000 0.00000000 1.00000000 1.00000000 0.00000000 0.00000000 1.00000000 0.00000000 1.00000000 0.00000000 0.00000000 0.00000000 0.00000000 0.00000000 0.00000000 0.00000000 0.00000000 0.00000000 0.00000000 0.00000000 0.00000000 1.00000000 0.00000000 0.00000000 0.00000000 1.00000000 
1700000013.01951 -0.254428 -0.069746 0.962499 0.063219 -0.007678 0.009081 -0.003911 0.002906 0.004622 0.032625 -0.000672 0.001354 -0.000549 0.089042 -0.257365 -0.013510 0.0000000 1 418.629359 418.629359 505.740581 286.574774 -0.020453 -0.024926 0.019510 -0.005656 -0.660094 0.642445 -0.268559 0.281810 -0.062419 0.031365 0.062150 0 1.00000000 0.00000000 0.00000000 1.00000000 0.00000000 1.00000000 1.00000000 0.00000000 0.00000000 1.00000000 0.00000000 1.00000000 0.00000000 0.00000000 0.00000000 0.00000000 0.00000000 0.00000000 0.00000000 0.00000000 0.00000000 0.00000000 0.00000000 0.00000000 1.00000000 0.00000000 0.00000000 0.00000000 1.00000000 
1700000013.05342 -0.250018 -0.069430 0.963679 0.063189 -0.007792 0.008958 -0.002567 -0.000248 0.002156 0.039796 -0.000794 0.001229 -0.000372 0.090343 -0.262153 -0.014291 0.0000000 1 418.629359 418.629359 505.740581 286.574774 -0.020453 -0.024926 0.019510 -0.005656 -0.660094 0.642445 -0.268559 0.281810 -0.062419 0.031365 0.062150 0 1.00000000 0.00000000 0.00000000 1.00000000 0.00000000 1.00000000 1.00000000 0.00000000 0.00000000 1.00000000 0.00000000 1.00000000 0.00000000 0.00000000 0.00000000 0.00000000 0.00000000 0.00000000 0.00000000 0.00000000 0.00000000 0.00000000 0.00000000 0.00000000 1.00000000 0.00000000 0.00000000 0.00000000 1.00000000 
1700000013.08732 -0.246120 -0.069019 0.964671 0.063814 -0.008000 0.008966 -0.001121 -0.003661 0.004384 0.042879 -0.000913 0.000960 -0.000264 0.090993 -0.261103 -0.013623 0.0000000 1 418.629359 418.629359 505.740581 286.574774 -0.020453 -0.024926 0.019510 -0.005656 -0.660094 0.642445 -0.268559 0.281810 -0.062419 0.031365 0.062150 0 1.00000000 0.00000000 0.00000000 1.00000000 0.00000000 1.00000000 1.00000000 0.00000000 0.00000000 1.00000000 0.00000000 1.00000000 0.00000000 0.00000000 0.00000000 0.00000000 0.00000000 0.00000000 0.00000000 0.00000000 0.00000000 0.00000000 0.00000000 0.00000000 1.00000000 0.00000000 0.00000000 0.00000000 1.00000000 
1700000013.12123 -0.242479 -0.068007 0.965618 0.064500 -0.008149 0.009093 0.000443 -0.002215 0.004231 0.047874 -0.000981 0.000700 -0.000318 0.090692 -0.260977 -0.013693 0.0000000 1 418.629359 418.629359 505.740581 286.574774 -0.020453 -0.024926 0.019510 -0.005656 -0.660094 0.642445 -0.268559 0.281810 -0.062419 0.031365 0.062150 0 1.00000000 0.00000000 0.00000000 1.00000000 0.00000000 1.00000000 1.00000000 0.00000000 0.00000000 1.00000000 0.00000000 1.00000000 0.00000000 0.00000000 0.00000000 0.00000000 0.00000000 0.00000000 0.00000000 0.00000000 0.00000000 0.00000000 0.00000000 0.00000000 1.00000000 0.00000000 0.00000000 0.00000000 1.00000000 
1700000013.15513 -0.239286 -0.066752 0.966480 0.064828 -0.008108 0.009243 0.002062 0.001151 0.004168 0.049468 -0.000995 0.000466 -0.000355 0.090366 -0.258530 -0.012978 0.0000000 1 418.629359 418.629359 505.740581 286.574774 -0.020453 -0.024926 0.019510 -0.005656 -0.660094 0.642445 -0.268559 0.281810 -0.062419 0.031365 0.062150 0 1.00000000 0.00000000 0.00000000 1.00000000 0.00000000 1.00000000 1.00000000 0.00000000 0.00000000 1.00000000 0.00000000 1.00000000 0.00000000 0.00000000 0.00000000 0.00000000 0.00000000 0.00000000 0.00000000 0.00000000 0.00000000 0.00000000 0.00000000 0.00000000 1.00000000 0.00000000 0.00000000 0.00000000 1.00000000 
1700000013.18904 -0.235928 -0.065337 0.967413 0.064658 -0.008124 0.009412 0.003898 0.003680 0.003940 0.053442 -0.000942 0.000349 -0.000445 0.090345 -0.259266 -0.013244 0.0000000 1 418.629359 418.629359 505.740581 286.574774 -0.020453 -0.024926 0.019510 -0.005656 -0.660094 0.642445 -0.268559 0.281810 -0.062419 0.031365 0.062150 0 1.00000000 0.00000000 0.00000000 1.00000000 0.00000000 1.00000000 1.00000000 0.00000000 0.00000000 1.00000000 0.00000000 1.00000000 0.00000000 0.00000000 0.00000000 0.00000000 0.00000000 0.00000000 0.00000000 0.00000000 0.00000000 0.00000000 0.00000000 0.00000000 1.00000000 0.00000000 0.00000000 0.00000000 1.00000000 
1700000013.22294 -0.232049 -0.064304 0.968469 0.063918 -0.007902 0.009627 0.005618 0.007158 0.003584 0.051324 -0.000837 0.000366 -0.000613 0.090336 -0.255770 -0.012120 0.0000000 1 418.629359 418.629359 505.740581 286.574774 -0.020453 -0.024926 0.019510 -0.005656 -0.660094 0.642445 -0.268559 0.281810 -0.062419 0.031365 0.062150 0 1.00000000 0.00000000 0.00000000 1.00000000 0.00000000 1.00000000 1.00000000 0.00000000 0.00000000 1.00000000 0.00000000 1.00000000 0.00000000 0.00000000 0.00000000 0.00000000 0.00000000 0.00000000 0.00000000 0.00000000 0.00000000 0.00000000 0.00000000 0.00000000 1.00000000 0.00000000 0.00000000 0.00000000 1.00000000 
1700000013.25685 -0.228586 -0.064677 0.969344 0.062750 -0.007658 0.009744 0.007059 0.004804 0.002184 0.040404 -0.000580 0.000438 -0.000845 0.091457 -0.242322 -0.007535 0.0000000 1 418.629359 418.629359 505.740581 286.574774 -0.020453 -0.024926 0.019510 -0.005656 -0.660094 0.642445 -0.268559 0.281810 -0.062419 0.031365 0.062150 0 1.00000000 0.00000000 0.00000000 1.00000000 0.00000000 1.00000000 1.00000000 0.00000000 0.00000000 1.00000000 0.00000000 1.00000000 0.00000000 0.00000000 0.00000000 0.00000000 0.00000000 0.00000000 0.00000000 0.00000000 0.00000000 0.00000000 0.00000000 0.00000000 1.00000000 0.00000000 0.00000000 0.00000000 1.00000000 
1700000013.29075 -0.225699 -0.065930 0.970014 0.061530 -0.007529 0.009699 0.007937 0.000703 -0.000567 0.025317 -0.000401 0.000591 -0.001014 0.091969 -0.227721 -0.002983 0.0000000 1 418.629359 418.629359 505.740581 286.574774 -0.020453 -0.024926 0.019510 -0.005656 -0.660094 0.642445 -0.268559 0.281810 -0.062419 0.031365 0.062150 0 1.00000000 0.00000000 0.00000000 1.00000000 0.00000000 1.00000000 1.00000000 0.00000000 0.00000000 1.00000000 0.00000000 1.00000000 0.00000000 0.00000000 0.00000000 0.00000000 0.00000000 0.00000000 0.00000000 0.00000000 0.00000000 0.00000000 0.00000000 0.00000000 1.00000000 0.00000000 0.00000000 0.00000000 1.00000000 
1700000013.32466 -0.223084 -0.067087 0.970608 0.060441 -0.007556 0.009658 0.008610 -0.001998 -0.001483 0.017761 -0.000331 0.000718 -0.001118 0.091478 -0.227862 -0.003207 0.0000000 1 418.629359 418.629359 505.740581 286.574774 -0.020453 -0.024926 0.019510 -0.005656 -0.660094 0.642445 -0.268559 0.281810 -0.062419 0.031365 0.062150 0 1.00000000 0.00000000 0.00000000 1.00000000 0.00000000 1.00000000 1.00000000 0.00000000 0.00000000 1.00000000 0.00000000 1.00000000 0.00000000 0.00000000 0.00000000 0.00000000 0.00000000 0.00000000 0.00000000 0.00000000 0.00000000 0.00000000 0.00000000 0.00000000 1.00000000 0.00000000 0.00000000 0.00000000 1.00000000 
1700000013.35856 -0.220618 -0.067332 0.971229 0.059236 -0.007810 0.009507 0.009623 -0.001018 -0.003539 0.027435 -0.000356 0.000551 -0.001099 0.088210 -0.244125 -0.009597 0.0000000 1 418.629359 418.629359 505.740581 286.574774 -0.020453 -0.024926 0.019510 -0.005656 -0.660094 0.642445 -0.268559 0.281810 -0.062419 0.031365 0.062150 0 1.00000000 0.00000000 0.00000000 1.00000000 0.00000000 1.00000000 1.00000000 0.00000000 0.00000000 1.00000000 0.00000000 1.00000000 0.00000000 0.00000000 0.00000000 0.00000000 0.00000000 0.00000000 0.00000000 0.00000000 0.00000000 0.00000000 0.00000000 0.00000000 1.00000000 0.00000000 0.00000000 0.00000000 1.00000000 
1700000013.39247 -0.217671 -0.066505 0.972046 0.057651 -0.007888 0.009319 0.010859 -0.000971 -0.004447 0.036499 -0.000473 0.000529 -0.001084 0.085768 -0.253087 -0.013426 0.0000000 1 418.629359 418.629359 505.740581 286.574774 -0.020453 -0.024926 0.019510 -0.005656 -0.660094 0.642445 -0.268559 0.281810 -0.062419 0.031365 0.062150 0 1.00000000 0.00000000 0.00000000 1.00000000 0.00000000 1.00000000 1.00000000 0.00000000 0.00000000 1.00000000 0.00000000 1.00000000 0.00000000 0.00000000 0.00000000 0.00000000 0.00000000 0.00000000 0.00000000 0.00000000 0.00000000 0.00000000 0.00000000 0.00000000 1.00000000 0.00000000 0.00000000 0.00000000 1.00000000 
1700000013.42637 -0.216041 -0.067326 0.972396 0.056919 -0.007995 0.008931 0.011763 -0.005077 -0.002428 0.025606 -0.000399 0.000433 -0.000935 0.088679 -0.233134 -0.006306 0.0000000 1 418.629359 418.629359 505.740581 286.574774 -0.020453 -0.024926 0.019510 -0.005656 -0.660094 0.642445 -0.268559 0.281810 -0.062419 0.031365 0.062150 0 1.00000000 0.00000000 0.00000000 1.00000000 0.00000000 1.00000000 1.00000000 0.00000000 0.00000000 1.00000000 0.00000000 1.00000000 0.00000000 0.00000000 0.00000000 0.00000000 0.00000000 0.00000000 0.00000000 0.00000000 0.00000000 0.00000000 0.00000000 0.00000000 1.00000000 0.00000000 0.00000000 0.00000000 1.00000000 
1700000013.46028 -0.212874 -0.067273 0.973104 0.056810 -0.008526 0.008512 0.012929 -0.007959 -0.004546 0.035915 -0.000584 0.000530 -0.000668 0.085374 -0.230355 -0.007763 0.0000000 1 418.629359 418.629359 505.740581 286.574774 -0.020453 -0.024926 0.019510 -0.005656 -0.660094 0.642445 -0.268559 0.281810 -0.062419 0.031365 0.062150 0 1.00000000 0.00000000 0.00000000 1.00000000 0.00000000 1.00000000 1.00000000 0.00000000 0.00000000 1.00000000 0.00000000 1.00000000 0.00000000 0.00000000 0.00000000 0.00000000 0.00000000 0.00000000 0.00000000 0.00000000 0.00000000 0.00000000 0.00000000 0.00000000 1.00000000 0.00000000 0.00000000 0.00000000 1.00000000 
1700000013.49418 -0.209353 -0.068326 0.973775 0.057139 -0.008489 0.008617 0.013608 -0.010159 0.002013 0.017572 -0.000441 0.000819 -0.000700 0.093350 -0.208087 0.002738 0.0000000 1 418.629359 418.629359 505.740581 286.574774 -0.020453 -0.024926 0.019510 -0.005656 -0.660094 0.642445 -0.268559 0.281810 -0.062419 0.031365 0.062150 0 1.00000000 0.00000000 0.00000000 1.00000000 0.00000000 1.00000000 1.00000000 0.00000000 0.00000000 1.00000000 0.00000000 1.00000000 0.00000000 0.00000000 0.00000000 0.00000000 0.00000000 0.00000000 0.00000000 0.00000000 0.00000000 0.00000000 0.00000000 0.00000000 1.00000000 0.00000000 0.00000000 0.00000000 1.00000000 
1700000013.52809 -0.206653 -0.069448 0.974243 0.057645 -0.008542 0.008808 0.014017 -0.003881 0.000091 0.010537 -0.000338 0.000920 -0.000788 0.092524 -0.222308 -0.001214 0.0000000 1 418.629359 418.629359 505.740581 286.574774 -0.020453 -0.024926 0.019510 -0.005656 -0.660094 0.642445 -0.268559 0.281810 -0.062419 0.031365 0.062150 0 1.00000000 0.00000000 0.00000000 1.00000000 0.00000000 1.00000000 1.00000000 0.00000000 0.00000000 1.00000000 0.00000000 1.00000000 0.00000000 0.00000000 0.00000000 0.00000000 0.00000000 0.00000000 0.00000000 0.00000000 0.00000000 0.00000000 0.00000000 0.00000000 1.00000000 0.00000000 0.00000000 0.00000000 1.00000000 
1700000013.56199 -0.204330 -0.070118 0.974703 0.057329 -0.008485 0.009046 0.014274 -0.002572 -0.000434 0.004330 -0.000280 0.001046 -0.000972 0.091918 -0.232626 -0.004115 0.0000000 1 418.629359 418.629359 505.740581 286.574774 -0.020453 -0.024926 0.019510 -0.005656 -0.660094 0.642445 -0.268559 0.281810 -0.062419 0.031365 0.062150 0 1.00000000 0.00000000 0.00000000 1.00000000 0.00000000 1.00000000 1.00000000 0.00000000 0.00000000 1.00000000 0.00000000 1.00000000 0.00000000 0.00000000 0.00000000 0.00000000 0.00000000 0.00000000 0.00000000 0.00000000 0.00000000 0.00000000 0.00000000 0.00000000 1.00000000 0.00000000 0.00000000 0.00000000 1.00000000 
1700000013.59590 -0.203965 -0.071776 0.974688 0.056834 -0.008392 0.009136 0.014040 -0.001325 0.000119 -0.012513 -0.000091 0.001006 -0.001183 0.094057 -0.235245 -0.003302 0.0000000 1 418.629359 418.629359 505.740581 286.574774 -0.020453 -0.024926 0.019510 -0.005656 -0.660094 0.642445 -0.268559 0.281810 -0.062419 0.031365 0.062150 0 1.00000000 0.00000000 0.00000000 1.00000000 0.00000000 1.00000000 1.00000000 0.00000000 0.00000000 1.00000000 0.00000000 1.00000000 0.00000000 0.00000000 0.00000000 0.00000000 0.00000000 0.00000000 0.00000000 0.00000000 0.00000000 0.00000000 0.00000000 0.00000000 1.00000000 0.00000000 0.00000000 0.00000000 1.00000000 
1700000013.62980 -0.204602 -0.073133 0.974484 0.056306 -0.008592 0.009133 0.013677 -0.001785 -0.000323 -0.014607 -0.000101 0.000807 -0.001249 0.090720 -0.243305 -0.007278 0.0000000 1 418.629359 418.629359 505.740581 286.574774 -0.020453 -0.024926 0.019510 -0.005656 -0.660094 0.642445 -0.268559 0.281810 -0.062419 0.031365 0.062150 0 1.00000000 0.00000000 0.00000000 1.00000000 0.00000000 1.00000000 1.00000000 0.00000000 0.00000000 1.00000000 0.00000000 1.00000000 0.00000000 0.00000000 0.00000000 0.00000000 0.00000000 0.00000000 0.00000000 0.00000000 0.00000000 0.00000000 0.00000000 0.00000000 1.00000000 0.00000000 0.00000000 0.00000000 1.00000000 
1700000013.66371 -0.205615 -0.073866 0.974257 0.055578 -0.008761 0.009088 0.013253 -0.001095 0.000221 -0.013536 -0.000134 0.000702 -0.001338 0.088325 -0.245928 -0.009291 0.0000000 1 418.629359 418.629359 505.740581 286.574774 -0.020453 -0.024926 0.019510 -0.005656 -0.660094 0.642445 -0.268559 0.281810 -0.062419 0.031365 0.062150 0 1.00000000 0.00000000 0.00000000 1.00000000 0.00000000 1.00000000 1.00000000 0.00000000 0.00000000 1.00000000 0.00000000 1.00000000 0.00000000 0.00000000 0.00000000 0.00000000 0.00000000 0.00000000 0.00000000 0.00000000 0.00000000 0.00000000 0.00000000 0.00000000 1.00000000 0.00000000 0.00000000 0.00000000 1.00000000 
1700000013.69761 -0.207727 -0.075917 0.973654 0.055529 -0.008960 0.008797 0.012474 -0.007351 0.001448 -0.024452 -0.000070 0.000650 -0.001220 0.092448 -0.226920 -0.001918 0.0000000 1 418.629359 418.629359 505.740581 286.574774 -0.020453 -0.024926 0.019510 -0.005656 -0.660094 0.642445 -0.268559 0.281810 -0.062419 0.031365 0.062150 0 1.00000000 0.00000000 0.00000000 1.00000000 0.00000000 1.00000000 1.00000000 0.00000000 0.00000000 1.00000000 0.00000000 1.00000000 0.00000000 0.00000000 0.00000000 0.00000000 0.00000000 0.00000000 0.00000000 0.00000000 0.00000000 0.00000000 0.00000000 0.00000000 1.00000000 0.00000000 0.00000000 0.00000000 1.00000000 
1700000013.73152 -0.209905 -0.078537 0.972907 0.056772 -0.009261 0.008716 0.011344 -0.013241 0.006123 -0.034877 0.000001 0.000836 -0.000985 0.097410 -0.207864 0.005777 0.0000000 1 418.629359 418.629359 505.740581 286.574774 -0.020453 -0.024926 0.019510 -0.005656 -0.660094 0.642445 -0.268559 0.281810 -0.062419 0.031365 0.062150 0 1.00000000 0.00000000 0.00000000 1.00000000 0.00000000 1.00000000 1.00000000 0.00000000 0.00000000 1.00000000 0.00000000 1.00000000 0.00000000 0.00000000 0.00000000 0.00000000 0.00000000 0.00000000 0.00000000 0.00000000 0.00000000 0.00000000 0.00000000 0.00000000 1.00000000 0.00000000 0.00000000 0.00000000 1.00000000 
1700000013.76542 -0.211938 -0.080573 0.972198 0.058492 -0.009470 0.009044 0.010176 -0.004512 0.008729 -0.035155 0.000109 0.000869 -0.000944 0.095574 -0.221330 0.001296 0.0000000 1 418.629359 418.629359 505.740581 286.574774 -0.020453 -0.024926 0.019510 -0.005656 -0.660094 0.642445 -0.268559 0.281810 -0.062419 0.031365 0.062150 0 1.00000000 0.00000000 0.00000000 1.00000000 0.00000000 1.00000000 1.00000000 0.00000000 0.00000000 1.00000000 0.00000000 1.00000000 0.00000000 0.00000000 0.00000000 0.00000000 0.00000000 0.00000000 0.00000000 0.00000000 0.00000000 0.00000000 0.00000000 0.00000000 1.00000000 0.00000000 0.00000000 0.00000000 1.00000000 
1700000013.79933 -0.213261 -0.082707 0.971673 0.059424 -0.009551 0.009214 0.009059 -0.002675 0.008089 -0.030577 0.000165 0.001172 -0.000876 0.093181 -0.222558 -0.000453 0.0000000 1 418.629359 418.629359 505.740581 286.574774 -0.020453 -0.024926 0.019510 -0.005656 -0.660094 0.642445 -0.268559 0.281810 -0.062419 0.031365 0.062150 0 1.00000000 0.00000000 0.00000000 1.00000000 0.00000000 1.00000000 1.00000000 0.00000000 0.00000000 1.00000000 0.00000000 1.00000000 0.00000000 0.00000000 0.00000000 0.00000000 0.00000000 0.00000000 0.00000000 0.00000000 0.00000000 0.00000000 0.00000000 0.00000000 1.00000000 0.00000000 0.00000000 0.00000000 1.00000000 
1700000013.83323 -0.216406 -0.086576 0.970534 0.061134 -0.009267 0.009941 0.007276 -0.006506 0.018118 -0.060724 0.000586 0.001431 -0.000858 0.103575 -0.214821 0.008113 0.0000000 1 418.629359 418.629359 505.740581 286.574774 -0.020453 -0.024926 0.019510 -0.005656 -0.660094 0.642445 -0.268559 0.281810 -0.062419 0.031365 0.062150 0 1.00000000 0.00000000 0.00000000 1.00000000 0.00000000 1.00000000 1.00000000 0.00000000 0.00000000 1.00000000 0.00000000 1.00000000 0.00000000 0.00000000 0.00000000 0.00000000 0.00000000 0.00000000 0.00000000 0.00000000 0.00000000 0.00000000 0.00000000 0.00000000 1.00000000 0.00000000 0.00000000 0.00000000 1.00000000 
1700000013.86714 -0.219494 -0.091080 0.969362 0.062169 -0.009258 0.010721 0.005614 0.012643 0.017921 -0.046617 0.000606 0.001642 -0.001206 0.095357 -0.234394 -0.002373 0.0000000 1 418.629359 418.629359 505.740581 286.574774 -0.020453 -0.024926 0.019510 -0.005656 -0.660094 0.642445 -0.268559 0.281810 -0.062419 0.031365 0.062150 0 1.00000000 0.00000000 0.00000000 1.00000000 0.00000000 1.00000000 1.00000000 0.00000000 0.00000000 1.00000000 0.00000000 1.00000000 0.00000000 0.00000000 0.00000000 0.00000000 0.00000000 0.00000000 0.00000000 0.00000000 0.00000000 0.00000000 0.00000000 0.00000000 1.00000000 0.00000000 0.00000000 0.00000000 1.00000000 
1700000013.90104 -0.220960 -0.094626 0.968760 0.061046 -0.008929 0.011405 0.004352 0.014464 0.019204 -0.034459 0.000608 0.001955 -0.001499 0.091345 -0.232179 -0.004679 0.0000000 1 418.629359 418.629359 505.740581 286.574774 -0.020453 -0.024926 0.019510 -0.005656 -0.660094 0.642445 -0.268559 0.281810 -0.062419 0.031365 0.062150 0 1.00000000 0.00000000 0.00000000 1.00000000 0.00000000 1.00000000 1.00000000 0.00000000 0.00000000 1.00000000 0.00000000 1.00000000 0.00000000 0.00000000 0.00000000 0.00000000 0.00000000 0.00000000 0.00000000 0.00000000 0.00000000 0.00000000 0.00000000 0.00000000 1.00000000 0.00000000 0.00000000 0.00000000 1.00000000 
1700000013.93495 -0.224336 -0.098294 0.967694 0.059827 -0.008494 0.012101 0.003208 0.017607 0.020707 -0.032291 0.000648 0.001737 -0.001759 0.089999 -0.237252 -0.006644 0.0000000 1 418.629359 418.629359 505.740581 286.574774 -0.020453 -0.024926 0.019510 -0.005656 -0.660094 0.642445 -0.268559 0.281810 -0.062419 0.031365 0.062150 0 1.00000000 0.00000000 0.00000000 1.00000000 0.00000000 1.00000000 1.00000000 0.00000000 0.00000000 1.00000000 0.00000000 1.00000000 0.00000000 0.00000000 0.00000000 0.00000000 0.00000000 0.00000000 0.00000000 0.00000000 0.00000000 0.00000000 0.00000000 0.00000000 1.00000000 0.00000000 0.00000000 0.00000000 1.00000000 
1700000013.96885 -0.228096 -0.101035 0.966663 0.057680 -0.008224 0.012561 0.002528 0.018720 0.018619 -0.016440 0.000409 0.001415 -0.002009 0.085243 -0.232821 -0.008778 0.0000000 1 418.629359 418.629359 505.740581 286.574774 -0.020453 -0.024926 0.019510 -0.005656 -0.660094 0.642445 -0.268559 0.281810 -0.062419 0.031365 0.062150 0 1.00000000 0.00000000 0.00000000 1.00000000 0.00000000 1.00000000 1.00000000 0.00000000 0.00000000 1.00000000 0.00000000 1.00000000 0.00000000 0.00000000 0.00000000 0.00000000 0.00000000 0.00000000 0.00000000 0.00000000 0.00000000 0.00000000 0.00000000 0.00000000 1.00000000 0.00000000 0.00000000 0.00000000 1.00000000 
1700000014.00276 -0.232649 -0.102120 0.965628 0.054849 -0.007811 0.013024 0.001937 0.020453 0.018316 -0.012804 0.000326 0.000932 -0.002198 0.083457 -0.238184 -0.010500 0.0000000 1 418.629359 418.629359 505.740581 286.574774 -0.020453 -0.024926 0.019510 -0.005656 -0.660094 0.642445 -0.268559 0.281810 -0.062419 0.031365 0.062150 0 1.00000000 0.00000000 0.00000000 1.00000000 0.00000000 1.00000000 1.00000000 0.00000000 0.00000000 1.00000000 0.00000000 1.00000000 0.00000000 0.00000000 0.00000000 0.00000000 0.00000000 0.00000000 0.00000000 0.00000000 0.00000000 0.00000000 0.00000000 0.00000000 1.00000000 0.00000000 0.00000000 0.00000000 1.00000000 
1700000014.03666 -0.236841 -0.103131 0.964648 0.052193 -0.007625 0.013172 0.001498 0.012975 0.016170 -0.010687 0.000165 0.000589 -0.002073 0.080732 -0.228251 -0.009131 0.0000000 1 418.629359 418.629359 505.740581 286.574774 -0.020453 -0.024926 0.019510 -0.005656 -0.660094 0.642445 -0.268559 0.281810 -0.062419 0.031365 0.062150 0 1.00000000 0.00000000 0.00000000 1.00000000 0.00000000 1.00000000 1.00000000 0.00000000 0.00000000 1.00000000 0.00000000 1.00000000 0.00000000 0.00000000 0.00000000 0.00000000 0.00000000 0.00000000 0.00000000 0.00000000 0.00000000 0.00000000 0.00000000 0.00000000 1.00000000 0.00000000 0.00000000 0.00000000 1.00000000 
1700000014.07057 -0.240945 -0.102869 0.963782 0.049875 -0.007197 0.013832 0.000754 0.011920 0.018646 -0.021616 0.000229 0.000377 -0.002071 0.081776 -0.238771 -0.009961 0.0000000 1 418.629359 418.629359 505.740581 286.574774 -0.020453 -0.024926 0.019510 -0.005656 -0.660094 0.642445 -0.268559 0.281810 -0.062419 0.031365 0.062150 0 1.00000000 0.00000000 0.00000000 1.00000000 0.00000000 1.00000000 1.00000000 0.00000000 0.00000000 1.00000000 0.00000000 1.00000000 0.00000000 0.00000000 0.00000000 0.00000000 0.00000000 0.00000000 0.00000000 0.00000000 0.00000000 0.00000000 0.00000000 0.00000000 1.00000000 0.00000000 0.00000000 0.00000000 1.00000000 
1700000014.10447 -0.245486 -0.103537 0.962681 0.047559 -0.006707 0.014353 -0.000421 0.013216 0.018087 -0.032615 0.000417 0.000407 -0.001973 0.080757 -0.248478 -0.011764 0.0000000 1 418.629359 418.629359 505.740581 286.574774 -0.020453 -0.024926 0.019510 -0.005656 -0.660094 0.642445 -0.268559 0.281810 -0.062419 0.031365 0.062150 0 1.00000000 0.00000000 0.00000000 1.00000000 0.00000000 1.00000000 1.00000000 0.00000000 0.00000000 1.00000000 0.00000000 1.00000000 0.00000000 0.00000000 0.00000000 0.00000000 0.00000000 0.00000000 0.00000000 0.00000000 0.00000000 0.00000000 0.00000000 0.00000000 1.00000000 0.00000000 0.00000000 0.00000000 1.00000000 
1700000014.13838 -0.249925 -0.105782 0.961363 0.046132 -0.006280 0.014807 -0.001557 0.012562 0.017453 -0.037745 0.000552 0.000432 -0.001807 0.081818 -0.242517 -0.009824 0.0000000 1 418.629359 418.629359 505.740581 286.574774 -0.020453 -0.024926 0.019510 -0.005656 -0.660094 0.642445 -0.268559 0.281810 -0.062419 0.031365 0.062150 0 1.00000000 0.00000000 0.00000000 1.00000000 0.00000000 1.00000000 1.00000000 0.00000000 0.00000000 1.00000000 0.00000000 1.00000000 0.00000000 0.00000000 0.00000000 0.00000000 0.00000000 0.00000000 0.00000000 0.00000000 0.00000000 0.00000000 0.00000000 0.00000000 1.00000000 0.00000000 0.00000000 0.00000000 1.00000000 
1700000014.17228 -0.254682 -0.107241 0.960029 0.044507 -0.005737 0.015063 -0.001821 0.023585 0.013526 -0.010259 0.000414 0.000008 -0.001833 0.082498 -0.236453 -0.009761 0.0000000 1 418.629359 418.629359 505.740581 286.574774 -0.020453 -0.024926 0.019510 -0.005656 -0.660094 0.642445 -0.268559 0.281810 -0.062419 0.031365 0.062150 0 1.00000000 0.00000000 0.00000000 1.00000000 0.00000000 1.00000000 1.00000000 0.00000000 0.00000000 1.00000000 0.00000000 1.00000000 0.00000000 0.00000000 0.00000000 0.00000000 0.00000000 0.00000000 0.00000000 0.00000000 0.00000000 0.00000000 0.00000000 0.00000000 1.00000000 0.00000000 0.00000000 0.00000000 1.00000000 
1700000014.20619 -0.258713 -0.106597 0.959161 0.041407 -0.004925 0.015296 -0.001463 0.029171 0.009473 0.007865 0.000315 -0.000362 -0.001955 0.082626 -0.231043 -0.009263 0.0000000 1 418.629359 418.629359 505.740581 286.574774 -0.020453 -0.024926 0.019510 -0.005656 -0.660094 0.642445 -0.268559 0.281810 -0.062419 0.031365 0.062150 0 1.00000000 0.00000000 0.00000000 1.00000000 0.00000000 1.00000000 1.00000000 0.00000000 0.00000000 1.00000000 0.00000000 1.00000000 0.00000000 0.00000000 0.00000000 0.00000000 0.00000000 0.00000000 0.00000000 0.00000000 0.00000000 0.00000000 0.00000000 0.00000000 1.00000000 0.00000000 0.00000000 0.00000000 1.00000000 
1700000014.24009 -0.263287 -0.104556 0.958298 0.037581 -0.004042 0.015702 -0.001385 0.026496 0.008712 0.003037 0.000365 -0.000753 -0.002071 0.080585 -0.244919 -0.012732 0.0000000 1 418.629359 418.629359 505.740581 286.574774 -0.020453 -0.024926 0.019510 -0.005656 -0.660094 0.642445 -0.268559 0.281810 -0.062419 0.031365 0.062150 0 1.00000000 0.00000000 0.00000000 1.00000000 0.00000000 1.00000000 1.00000000 0.00000000 0.00000000 1.00000000 0.00000000 1.00000000 0.00000000 0.00000000 0.00000000 0.00000000 0.00000000 0.00000000 0.00000000 0.00000000 0.00000000 0.00000000 0.00000000 0.00000000 1.00000000 0.00000000 0.00000000 0.00000000 1.00000000 
1700000014.27400 -0.268675 -0.102998 0.957095 0.034255 -0.003471 0.015812 -0.001758 0.016572 0.005487 -0.009838 0.000429 -0.000940 -0.001954 0.075131 -0.248877 -0.015347 0.0000000 1 418.629359 418.629359 505.740581 286.574774 -0.020453 -0.024926 0.019510 -0.005656 -0.660094 0.642445 -0.268559 0.281810 -0.062419 0.031365 0.062150 0 1.00000000 0.00000000 0.00000000 1.00000000 0.00000000 1.00000000 1.00000000 0.00000000 0.00000000 1.00000000 0.00000000 1.00000000 0.00000000 0.00000000 0.00000000 0.00000000 0.00000000 0.00000000 0.00000000 0.00000000 0.00000000 0.00000000 0.00000000 0.00000000 1.00000000 0.00000000 0.00000000 0.00000000 1.00000000 
1700000014.30790 -0.273385 -0.102233 0.955939 0.031469 -0.003040 0.015758 -0.002322 0.011570 0.003753 -0.019460 0.000562 -0.000866 -0.001779 0.072962 -0.244482 -0.015036 0.0000000 1 418.629359 418.629359 505.740581 286.574774 -0.020453 -0.024926 0.019510 -0.005656 -0.660094 0.642445 -0.268559 0.281810 -0.062419 0.031365 0.062150 0 1.00000000 0.00000000 0.00000000 1.00000000 0.00000000 1.00000000 1.00000000 0.00000000 0.00000000 1.00000000 0.00000000 1.00000000 0.00000000 0.00000000 0.00000000 0.00000000 0.00000000 0.00000000 0.00000000 0.00000000 0.00000000 0.00000000 0.00000000 0.00000000 1.00000000 0.00000000 0.00000000 0.00000000 1.00000000 
1700000014.34181 -0.276238 -0.102896 0.955120 0.029160 -0.002748 0.015446 -0.003259 0.005305 0.000266 -0.030393 0.000770 -0.000418 -0.001362 0.070338 -0.225711 -0.011704 0.0000000 1 418.629359 418.629359 505.740581 286.574774 -0.020453 -0.024926 0.019510 -0.005656 -0.660094 0.642445 -0.268559 0.281810 -0.062419 0.031365 0.062150 0 1.00000000 0.00000000 0.00000000 1.00000000 0.00000000 1.00000000 1.00000000 0.00000000 0.00000000 1.00000000 0.00000000 1.00000000 0.00000000 0.00000000 0.00000000 0.00000000 0.00000000 0.00000000 0.00000000 0.00000000 0.00000000 0.00000000 0.00000000 0.00000000 1.00000000 0.00000000 0.00000000 0.00000000 1.00000000 
1700000014.37571 -0.278139 -0.104964 0.954364 0.028457 -0.002565 0.015025 -0.004294 -0.000853 -0.003111 -0.036205 0.000925 0.000002 -0.000845 0.073433 -0.205508 -0.005648 0.0000000 1 418.629359 418.629359 505.740581 286.574774 -0.020453 -0.024926 0.019510 -0.005656 -0.660094 0.642445 -0.268559 0.281810 -0.062419 0.031365 0.062150 0 1.00000000 0.00000000 0.00000000 1.00000000 0.00000000 1.00000000 1.00000000 0.00000000 0.00000000 1.00000000 0.00000000 1.00000000 0.00000000 0.00000000 0.00000000 0.00000000 0.00000000 0.00000000 0.00000000 0.00000000 0.00000000 0.00000000 0.00000000 0.00000000 1.00000000 0.00000000 0.00000000 0.00000000 1.00000000 
1700000014.40962 -0.279839 -0.106292 0.953736 0.027943 -0.002332 0.014615 -0.004645 0.002629 -0.003815 -0.019781 0.000855 0.000091 -0.000572 0.085510 -0.193587 0.001694 0.0000000 1 418.629359 418.629359 505.740581 286.574774 -0.020453 -0.024926 0.019510 -0.005656 -0.660094 0.642445 -0.268559 0.281810 -0.062419 0.031365 0.062150 0 1.00000000 0.00000000 0.00000000 1.00000000 0.00000000 1.00000000 1.00000000 0.00000000 0.00000000 1.00000000 0.00000000 1.00000000 0.00000000 0.00000000 0.00000000 0.00000000 0.00000000 0.00000000 0.00000000 0.00000000 0.00000000 0.00000000 0.00000000 0.00000000 1.00000000 0.00000000 0.00000000 0.00000000 1.00000000 
1700000014.44352 -0.281513 -0.105389 0.953377 0.026770 -0.002029 0.014378 -0.004844 0.004007 -0.004556 -0.008516 0.000755 0.000012 -0.000379 0.090484 -0.196517 0.002987 0.0000000 1 418.629359 418.629359 505.740581 286.574774 -0.020453 -0.024926 0.019510 -0.005656 -0.660094 0.642445 -0.268559 0.281810 -0.062419 0.031365 0.062150 0 1.00000000 0.00000000 0.00000000 1.00000000 0.00000000 1.00000000 1.00000000 0.00000000 0.00000000 1.00000000 0.00000000 1.00000000 0.00000000 0.00000000 0.00000000 0.00000000 0.00000000 0.00000000 0.00000000 0.00000000 0.00000000 0.00000000 0.00000000 0.00000000 1.00000000 0.00000000 0.00000000 0.00000000 1.00000000 
1700000014.47743 -0.284165 -0.104217 0.952739 0.026032 -0.001782 0.014276 -0.005076 0.005215 -0.003053 -0.009186 0.000753 -0.000078 -0.000197 0.093303 -0.198943 0.003988 0.0000000 1 418.629359 418.629359 505.740581 286.574774 -0.020453 -0.024926 0.019510 -0.005656 -0.660094 0.642445 -0.268559 0.281810 -0.062419 0.031365 0.062150 0 1.00000000 0.00000000 0.00000000 1.00000000 0.00000000 1.00000000 1.00000000 0.00000000 0.00000000 1.00000000 0.00000000 1.00000000 0.00000000 0.00000000 0.00000000 0.00000000 0.00000000 0.00000000 0.00000000 0.00000000 0.00000000 0.00000000 0.00000000 0.00000000 1.00000000 0.00000000 0.00000000 0.00000000 1.00000000 
1700000014.51133 -0.286595 -0.103555 0.952095 0.025591 -0.001550 0.014121 -0.005272 0.009381 -0.003003 -0.007379 0.000732 -0.000091 -0.000070 0.095081 -0.190119 0.006949 0.0000000 1 418.629359 418.629359 505.740581 286.574774 -0.020453 -0.024926 0.019510 -0.005656 -0.660094 0.642445 -0.268559 0.281810 -0.062419 0.031365 0.062150 0 1.00000000 0.00000000 0.00000000 1.00000000 0.00000000 1.00000000 1.00000000 0.00000000 0.00000000 1.00000000 0.00000000 1.00000000 0.00000000 0.00000000 0.00000000 0.00000000 0.00000000 0.00000000 0.00000000 0.00000000 0.00000000 0.00000000 0.00000000 0.00000000 1.00000000 0.00000000 0.00000000 0.00000000 1.00000000 
1700000014.54524 -0.287655 -0.103343 0.951823 0.024667 -0.001104 0.014168 -0.005732 0.014412 -0.001882 -0.013435 0.000953 0.000203 -0.000071 0.095169 -0.184852 0.008682 0.0000000 1 418.629359 418.629359 505.740581 286.574774 -0.020453 -0.024926 0.019510 -0.005656 -0.660094 0.642445 -0.268559 0.281810 -0.062419 0.031365 0.062150 0 1.00000000 0.00000000 0.00000000 1.00000000 0.00000000 1.00000000 1.00000000 0.00000000 0.00000000 1.00000000 0.00000000 1.00000000 0.00000000 0.00000000 0.00000000 0.00000000 0.00000000 0.00000000 0.00000000 0.00000000 0.00000000 0.00000000 0.00000000 0.00000000 1.00000000 0.00000000 0.00000000 0.00000000 1.00000000 
1700000014.57914 -0.288376 -0.105832 0.951337 0.024426 -0.000758 0.013841 -0.006211 0.013812 -0.003109 -0.015571 0.001080 0.000454 0.000127 0.095157 -0.159494 0.014530 0.0000000 1 418.629359 418.629359 505.740581 286.574774 -0.020453 -0.024926 0.019510 -0.005656 -0.660094 0.642445 -0.268559 0.281810 -0.062419 0.031365 0.062150 0 1.00000000 0.00000000 0.00000000 1.00000000 0.00000000 1.00000000 1.00000000 0.00000000 0.00000000 1.00000000 0.00000000 1.00000000 0.00000000 0.00000000 0.00000000 0.00000000 0.00000000 0.00000000 0.00000000 0.00000000 0.00000000 0.00000000 0.00000000 0.00000000 1.00000000 0.00000000 0.00000000 0.00000000 1.00000000 
1700000014.61304 -0.288170 -0.108202 0.951123 0.024799 -0.000517 0.013331 -0.006239 0.008408 -0.004009 -0.004237 0.000974 0.000539 0.000343 0.099075 -0.127093 0.023277 0.0000000 1 418.629359 418.629359 505.740581 286.574774 -0.020453 -0.024926 0.019510 -0.005656 -0.660094 0.642445 -0.268559 0.281810 -0.062419 0.031365 0.062150 0 1.00000000 0.00000000 0.00000000 1.00000000 0.00000000 1.00000000 1.00000000 0.00000000 0.00000000 1.00000000 0.00000000 1.00000000 0.00000000 0.00000000 0.00000000 0.00000000 0.00000000 0.00000000 0.00000000 0.00000000 0.00000000 0.00000000 0.00000000 0.00000000 1.00000000 0.00000000 0.00000000 0.00000000 1.00000000 
1700000014.64695 -0.287451 -0.109157 0.951225 0.025075 -0.000338 0.013062 -0.006073 0.004487 -0.003758 0.003124 0.000933 0.000550 0.000495 0.102284 -0.111944 0.028134 0.0000000 1 418.629359 418.629359 505.740581 286.574774 -0.020453 -0.024926 0.019510 -0.005656 -0.660094 0.642445 -0.268559 0.281810 -0.062419 0.031365 0.062150 0 1.00000000 0.00000000 0.00000000 1.00000000 0.00000000 1.00000000 1.00000000 0.00000000 0.00000000 1.00000000 0.00000000 1.00000000 0.00000000 0.00000000 0.00000000 0.00000000 0.00000000 0.00000000 0.00000000 0.00000000 0.00000000 0.00000000 0.00000000 0.00000000 1.00000000 0.00000000 0.00000000 0.00000000 1.00000000 
1700000014.68086 -0.286526 -0.109533 0.951452 0.025394 -0.000247 0.012852 -0.005727 0.002815 -0.003255 0.010610 0.000866 0.000510 0.000616 0.104112 -0.102666 0.031056 0.0000000 1 418.629359 418.629359 505.740581 286.574774 -0.020453 -0.024926 0.019510 -0.005656 -0.660094 0.642445 -0.268559 0.281810 -0.062419 0.031365 0.062150 0 1.00000000 0.00000000 0.00000000 1.00000000 0.00000000 1.00000000 1.00000000 0.00000000 0.00000000 1.00000000 0.00000000 1.00000000 0.00000000 0.00000000 0.00000000 0.00000000 0.00000000 0.00000000 0.00000000 0.00000000 0.00000000 0.00000000 0.00000000 0.00000000 1.00000000 0.00000000 0.00000000 0.00000000 1.00000000 
1700000014.71476 -0.285076 -0.109472 0.951894 0.025415 -0.000133 0.012830 -0.005308 0.003165 -0.002154 0.012765 0.000879 0.000539 0.000631 0.105482 -0.100992 0.032245 0.0000000 1 418.629359 418.629359 505.740581 286.574774 -0.020453 -0.024926 0.019510 -0.005656 -0.660094 0.642445 -0.268559 0.281810 -0.062419 0.031365 0.062150 0 1.00000000 0.00000000 0.00000000 1.00000000 0.00000000 1.00000000 1.00000000 0.00000000 0.00000000 1.00000000 0.00000000 1.00000000 0.00000000 0.00000000 0.00000000 0.00000000 0.00000000 0.00000000 0.00000000 0.00000000 0.00000000 0.00000000 0.00000000 0.00000000 1.00000000 0.00000000 0.00000000 0.00000000 1.00000000 
1700000014.74866 -0.283220 -0.109751 0.952425 0.025063 0.000020 0.012803 -0.004791 0.006824 -0.001853 0.016495 0.000927 0.000571 0.000592 0.106396 -0.099654 0.033035 0.0000000 1 418.629359 418.629359 505.740581 286.574774 -0.020453 -0.024926 0.019510 -0.005656 -0.660094 0.642445 -0.268559 0.281810 -0.062419 0.031365 0.062150 0 1.00000000 0.00000000 0.00000000 1.00000000 0.00000000 1.00000000 1.00000000 0.00000000 0.00000000 1.00000000 0.00000000 1.00000000 0.00000000 0.00000000 0.00000000 0.00000000 0.00000000 0.00000000 0.00000000 0.00000000 0.00000000 0.00000000 0.00000000 0.00000000 1.00000000 0.00000000 0.00000000 0.00000000 1.00000000 
1700000014.78257 -0.280793 -0.110656 0.953050 0.024627 0.000133 0.012746 -0.004233 0.005076 -0.001476 0.016949 0.000952 0.000674 0.000592 0.106235 -0.088715 0.035629 0.0000000 1 418.629359 418.629359 505.740581 286.574774 -0.020453 -0.024926 0.019510 -0.005656 -0.660094 0.642445 -0.268559 0.281810 -0.062419 0.031365 0.062150 0 1.00000000 0.00000000 0.00000000 1.00000000 0.00000000 1.00000000 1.00000000 0.00000000 0.00000000 1.00000000 0.00000000 1.00000000 0.00000000 0.00000000 0.00000000 0.00000000 0.00000000 0.00000000 0.00000000 0.00000000 0.00000000 0.00000000 0.00000000 0.00000000 1.00000000 0.00000000 0.00000000 0.00000000 1.00000000 
1700000014.81647 -0.278169 -0.111820 0.953694 0.024214 0.000273 0.012751 -0.003646 0.006089 -0.000645 0.017657 0.000985 0.000752 0.000537 0.107274 -0.082359 0.037705 0.0000000 1 418.629359 418.629359 505.740581 286.574774 -0.020453 -0.024926 0.019510 -0.005656 -0.660094 0.642445 -0.268559 0.281810 -0.062419 0.031365 0.062150 0 1.00000000 0.00000000 0.00000000 1.00000000 0.00000000 1.00000000 1.00000000 0.00000000 0.00000000 1.00000000 0.00000000 1.00000000 0.00000000 0.00000000 0.00000000 0.00000000 0.00000000 0.00000000 0.00000000 0.00000000 0.00000000 0.00000000 0.00000000 0.00000000 1.00000000 0.00000000 0.00000000 0.00000000 1.00000000 
1700000014.85038 -0.275520 -0.113170 0.954312 0.023884 0.000399 0.012656 -0.002823 0.008228 0.000203 0.024881 0.000944 0.000713 0.000513 0.107978 -0.071996 0.040289 0.0000000 1 418.629359 418.629359 505.740581 286.574774 -0.020453 -0.024926 0.019510 -0.005656 -0.660094 0.642445 -0.268559 0.281810 -0.062419 0.031365 0.062150 0 1.00000000 0.00000000 0.00000000 1.00000000 0.00000000 1.00000000 1.00000000 0.00000000 0.00000000 1.00000000 0.00000000 1.00000000 0.00000000 0.00000000 0.00000000 0.00000000 0.00000000 0.00000000 0.00000000 0.00000000 0.00000000 0.00000000 0.00000000 0.00000000 1.00000000 0.00000000 0.00000000 0.00000000 1.00000000 
1700000014.88428 -0.272161 -0.114118 0.955176 0.023314 0.000612 0.012549 -0.001635 0.012060 0.000864 0.034130 0.000863 0.000640 0.000429 0.108871 -0.058928 0.043391 0.0000000 1 418.629359 418.629359 505.740581 286.574774 -0.020453 -0.024926 0.019510 -0.005656 -0.660094 0.642445 -0.268559 0.281810 -0.062419 0.031365 0.062150 0 1.00000000 0.00000000 0.00000000 1.00000000 0.00000000 1.00000000 1.00000000 0.00000000 0.00000000 1.00000000 0.00000000 1.00000000 0.00000000 0.00000000 0.00000000 0.00000000 0.00000000 0.00000000 0.00000000 0.00000000 0.00000000 0.00000000 0.00000000 0.00000000 1.00000000 0.00000000 0.00000000 0.00000000 1.00000000 
1700000014.91819 -0.268298 -0.114539 0.956241 0.022378 0.000891 0.012617 -0.000558 0.009601 0.002605 0.032191 0.000880 0.000651 0.000389 0.107667 -0.053419 0.044345 0.0000000 1 418.629359 418.629359 505.740581 286.574774 -0.020453 -0.024926 0.019510 -0.005656 -0.660094 0.642445 -0.268559 0.281810 -0.062419 0.031365 0.062150 0 1.00000000 0.00000000 0.00000000 1.00000000 0.00000000 1.00000000 1.00000000 0.00000000 0.00000000 1.00000000 0.00000000 1.00000000 0.00000000 0.00000000 0.00000000 0.00000000 0.00000000 0.00000000 0.00000000 0.00000000 0.00000000 0.00000000 0.00000000 0.00000000 1.00000000 0.00000000 0.00000000 0.00000000 1.00000000 
1700000014.95209 -0.265271 -0.115026 0.957035 0.022002 0.001077 0.012631 0.000716 0.008982 0.004455 0.037273 0.000783 0.000389 0.000375 0.107496 -0.048346 0.045343 0.0000000 1 418.629359 418.629359 505.740581 286.574774 -0.020453 -0.024926 0.019510 -0.005656 -0.660094 0.642445 -0.268559 0.281810 -0.062419 0.031365 0.062150 0 1.00000000 0.00000000 0.00000000 1.00000000 0.00000000 1.00000000 1.00000000 0.00000000 0.00000000 1.00000000 0.00000000 1.00000000 0.00000000 0.00000000 0.00000000 0.00000000 0.00000000 0.00000000 0.00000000 0.00000000 0.00000000 0.00000000 0.00000000 0.00000000 1.00000000 0.00000000 0.00000000 0.00000000 1.00000000 
1700000014.98600 -0.261951 -0.114073 0.958085 0.021046 0.001262 0.012677 0.002388 0.009808 0.004972 0.049473 0.000561 0.000093 0.000231 0.106165 -0.042846 0.045503 0.0000000 1 418.629359 418.629359 505.740581 286.574774 -0.020453 -0.024926 0.019510 -0.005656 -0.660094 0.642445 -0.268559 0.281810 -0.062419 0.031365 0.062150 0 1.00000000 0.00000000 0.00000000 1.00000000 0.00000000 1.00000000 1.00000000 0.00000000 0.00000000 1.00000000 0.00000000 1.00000000 0.00000000 0.00000000 0.00000000 0.00000000 0.00000000 0.00000000 0.00000000 0.00000000 0.00000000 0.00000000 0.00000000 0.00000000 1.00000000 0.00000000 0.00000000 0.00000000 1.00000000 
1700000015.01990 -0.258505 -0.112275 0.959257 0.019895 0.001379 0.012757 0.003967 0.005958 0.004107 0.049609 0.000433 -0.000147 0.000233 0.102693 -0.041835 0.044375 0.0000000 1 418.629359 418.629359 505.740581 286.574774 -0.020453 -0.024926 0.019510 -0.005656 -0.660094 0.642445 -0.268559 0.281810 -0.062419 0.031365 0.062150 0 1.00000000 0.00000000 0.00000000 1.00000000 0.00000000 1.00000000 1.00000000 0.00000000 0.00000000 1.00000000 0.00000000 1.00000000 0.00000000 0.00000000 0.00000000 0.00000000 0.00000000 0.00000000 0.00000000 0.00000000 0.00000000 0.00000000 0.00000000 0.00000000 1.00000000 0.00000000 0.00000000 0.00000000 1.00000000 
1700000015.05381 -0.254704 -0.110609 0.960480 0.019235 0.001430 0.012840 0.005538 0.002412 0.004523 0.047337 0.000361 -0.000239 0.000270 0.101360 -0.037202 0.045187 0.0000000 1 418.629359 418.629359 505.740581 286.574774 -0.020453 -0.024926 0.019510 -0.005656 -0.660094 0.642445 -0.268559 0.281810 -0.062419 0.031365 0.062150 0 1.00000000 0.00000000 0.00000000 1.00000000 0.00000000 1.00000000 1.00000000 0.00000000 0.00000000 1.00000000 0.00000000 1.00000000 0.00000000 0.00000000 0.00000000 0.00000000 0.00000000 0.00000000 0.00000000 0.00000000 0.00000000 0.00000000 0.00000000 0.00000000 1.00000000 0.00000000 0.00000000 0.00000000 1.00000000 
1700000015.08771 -0.250653 -0.109108 0.961723 0.018924 0.001555 0.013018 0.007039 0.001715 0.005258 0.044719 0.000321 -0.000245 0.000348 0.102349 -0.038091 0.045796 0.0000000 1 418.629359 418.629359 505.740581 286.574774 -0.020453 -0.024926 0.019510 -0.005656 -0.660094 0.642445 -0.268559 0.281810 -0.062419 0.031365 0.062150 0 1.00000000 0.00000000 0.00000000 1.00000000 0.00000000 1.00000000 1.00000000 0.00000000 0.00000000 1.00000000 0.00000000 1.00000000 0.00000000 0.00000000 0.00000000 0.00000000 0.00000000 0.00000000 0.00000000 0.00000000 0.00000000 0.00000000 0.00000000 0.00000000 1.00000000 0.00000000 0.00000000 0.00000000 1.00000000 
1700000015.12162 -0.246502 -0.107884 0.962939 0.018593 0.001663 0.013207 0.008684 0.003391 0.004894 0.047547 0.000282 -0.000235 0.000315 0.104070 -0.037133 0.046839 0.0000000 1 418.629359 418.629359 505.740581 286.574774 -0.020453 -0.024926 0.019510 -0.005656 -0.660094 0.642445 -0.268559 0.281810 -0.062419 0.031365 0.062150 0 1.00000000 0.00000000 0.00000000 1.00000000 0.00000000 1.00000000 1.00000000 0.00000000 0.00000000 1.00000000 0.00000000 1.00000000 0.00000000 0.00000000 0.00000000 0.00000000 0.00000000 0.00000000 0.00000000 0.00000000 0.00000000 0.00000000 0.00000000 0.00000000 1.00000000 0.00000000 0.00000000 0.00000000 1.00000000 
1700000015.15552 -0.242333 -0.106592 0.964150 0.018115 0.001901 0.013433 0.010283 0.006334 0.003117 0.045942 0.000309 -0.000214 0.000266 0.106459 -0.042539 0.046945 0.0000000 1 418.629359 418.629359 505.740581 286.574774 -0.020453 -0.024926 0.019510 -0.005656 -0.660094 0.642445 -0.268559 0.281810 -0.062419 0.031365 0.062150 0 1.00000000 0.00000000 0.00000000 1.00000000 0.00000000 1.00000000 1.00000000 0.00000000 0.00000000 1.00000000 0.00000000 1.00000000 0.00000000 0.00000000 0.00000000 0.00000000 0.00000000 0.00000000 0.00000000 0.00000000 0.00000000 0.00000000 0.00000000 0.00000000 1.00000000 0.00000000 0.00000000 0.00000000 1.00000000 
1700000015.18943 -0.238243 -0.106006 0.965242 0.017645 0.002186 0.013576 0.011705 0.005517 0.001064 0.039407 0.000351 -0.000075 0.000218 0.108930 -0.042190 0.048572 0.0000000 1 418.629359 418.629359 505.740581 286.574774 -0.020453 -0.024926 0.019510 -0.005656 -0.660094 0.642445 -0.268559 0.281810 -0.062419 0.031365 0.062150 0 1.00000000 0.00000000 0.00000000 1.00000000 0.00000000 1.00000000 1.00000000 0.00000000 0.00000000 1.00000000 0.00000000 1.00000000 0.00000000 0.00000000 0.00000000 0.00000000 0.00000000 0.00000000 0.00000000 0.00000000 0.00000000 0.00000000 0.00000000 0.00000000 1.00000000 0.00000000 0.00000000 0.00000000 1.00000000 
1700000015.22333 -0.234863 -0.105707 0.966110 0.017230 0.002437 0.013719 0.013052 0.007168 0.000853 0.035673 0.000370 -0.000150 0.000064 0.111486 -0.046801 0.048807 0.0000000 1 418.629359 418.629359 505.740581 286.574774 -0.020453 -0.024926 0.019510 -0.005656 -0.660094 0.642445 -0.268559 0.281810 -0.062419 0.031365 0.062150 0 1.00000000 0.00000000 0.00000000 1.00000000 0.00000000 1.00000000 1.00000000 0.00000000 0.00000000 1.00000000 0.00000000 1.00000000 0.00000000 0.00000000 0.00000000 0.00000000 0.00000000 0.00000000 0.00000000 0.00000000 0.00000000 0.00000000 0.00000000 0.00000000 1.00000000 0.00000000 0.00000000 0.00000000 1.00000000 
1700000015.25724 -0.231492 -0.105241 0.966989 0.016400 0.002680 0.013602 0.014485 0.009792 -0.002229 0.042300 0.000291 -0.000256 -0.000018 0.109468 -0.045734 0.047753 0.0000000 1 418.629359 418.629359 505.740581 286.574774 -0.020453 -0.024926 0.019510 -0.005656 -0.660094 0.642445 -0.268559 0.281810 -0.062419 0.031365 0.062150 0 1.00000000 0.00000000 0.00000000 1.00000000 0.00000000 1.00000000 1.00000000 0.00000000 0.00000000 1.00000000 0.00000000 1.00000000 0.00000000 0.00000000 0.00000000 0.00000000 0.00000000 0.00000000 0.00000000 0.00000000 0.00000000 0.00000000 0.00000000 0.00000000 1.00000000 0.00000000 0.00000000 0.00000000 1.00000000 
1700000015.29114 -0.227994 -0.105009 0.967851 0.016027 0.002737 0.013288 0.016091 0.003220 -0.004889 0.045721 0.000158 -0.000319 0.000015 0.108818 -0.029189 0.051297 0.0000000 1 418.629359 418.629359 505.740581 286.574774 -0.020453 -0.024926 0.019510 -0.005656 -0.660094 0.642445 -0.268559 0.281810 -0.062419 0.031365 0.062150 0 1.00000000 0.00000000 0.00000000 1.00000000 0.00000000 1.00000000 1.00000000 0.00000000 0.00000000 1.00000000 0.00000000 1.00000000 0.00000000 0.00000000 0.00000000 0.00000000 0.00000000 0.00000000 0.00000000 0.00000000 0.00000000 0.00000000 0.00000000 0.00000000 1.00000000 0.00000000 0.00000000 0.00000000 1.00000000 
1700000015.32505 -0.224687 -0.104059 0.968732 0.015689 0.002978 0.013273 0.017385 0.000473 -0.003475 0.035721 0.000250 -0.000302 -0.000022 0.114291 -0.035763 0.053259 0.0000000 1 418.629359 418.629359 505.740581 286.574774 -0.020453 -0.024926 0.019510 -0.005656 -0.660094 0.642445 -0.268559 0.281810 -0.062419 0.031365 0.062150 0 1.00000000 0.00000000 0.00000000 1.00000000 0.00000000 1.00000000 1.00000000 0.00000000 0.00000000 1.00000000 0.00000000 1.00000000 0.00000000 0.00000000 0.00000000 0.00000000 0.00000000 0.00000000 0.00000000 0.00000000 0.00000000 0.00000000 0.00000000 0.00000000 1.00000000 0.00000000 0.00000000 0.00000000 1.00000000 
1700000015.35895 -0.222338 -0.104022 0.969275 0.015874 0.003078 0.013276 0.018316 -0.003811 -0.001877 0.024098 0.000279 -0.000255 -0.000025 0.119504 -0.039133 0.055707 0.0000000 1 418.629359 418.629359 505.740581 286.574774 -0.020453 -0.024926 0.019510 -0.005656 -0.660094 0.642445 -0.268559 0.281810 -0.062419 0.031365 0.062150 0 1.00000000 0.00000000 0.00000000 1.00000000 0.00000000 1.00000000 1.00000000 0.00000000 0.00000000 1.00000000 0.00000000 1.00000000 0.00000000 0.00000000 0.00000000 0.00000000 0.00000000 0.00000000 0.00000000 0.00000000 0.00000000 0.00000000 0.00000000 0.00000000 1.00000000 0.00000000 0.00000000 0.00000000 1.00000000 
1700000015.39286 -0.220452 -0.103298 0.969783 0.015867 0.003245 0.013360 0.019139 0.002877 -0.000973 0.020593 0.000251 -0.000324 -0.000176 0.119375 -0.056863 0.051274 0.0000000 1 418.629359 418.629359 505.740581 286.574774 -0.020453 -0.024926 0.019510 -0.005656 -0.660094 0.642445 -0.268559 0.281810 -0.062419 0.031365 0.062150 0 1.00000000 0.00000000 0.00000000 1.00000000 0.00000000 1.00000000 1.00000000 0.00000000 0.00000000 1.00000000 0.00000000 1.00000000 0.00000000 0.00000000 0.00000000 0.00000000 0.00000000 0.00000000 0.00000000 0.00000000 0.00000000 0.00000000 0.00000000 0.00000000 1.00000000 0.00000000 0.00000000 0.00000000 1.00000000 
1700000015.42676 -0.219137 -0.102509 0.970176 0.015155 0.003441 0.013382 0.019777 0.003587 -0.000748 0.014508 0.000181 -0.000351 -0.000329 0.118564 -0.063889 0.049140 0.0000000 1 418.629359 418.629359 505.740581 286.574774 -0.020453 -0.024926 0.019510 -0.005656 -0.660094 0.642445 -0.268559 0.281810 -0.062419 0.031365 0.062150 0 1.00000000 0.00000000 0.00000000 1.00000000 0.00000000 1.00000000 1.00000000 0.00000000 0.00000000 1.00000000 0.00000000 1.00000000 0.00000000 0.00000000 0.00000000 0.00000000 0.00000000 0.00000000 0.00000000 0.00000000 0.00000000 0.00000000 0.00000000 0.00000000 1.00000000 0.00000000 0.00000000 0.00000000 1.00000000 
1700000015.46067 -0.219043 -0.102243 0.970230 0.014822 0.003555 0.013409 0.019925 -0.001597 0.002136 -0.001506 0.000199 -0.000347 -0.000353 0.122236 -0.062766 0.051803 0.0000000 1 418.629359 418.629359 505.740581 286.574774 -0.020453 -0.024926 0.019510 -0.005656 -0.660094 0.642445 -0.268559 0.281810 -0.062419 0.031365 0.062150 0 1.00000000 0.00000000 0.00000000 1.00000000 0.00000000 1.00000000 1.00000000 0.00000000 0.00000000 1.00000000 0.00000000 1.00000000 0.00000000 0.00000000 0.00000000 0.00000000 0.00000000 0.00000000 0.00000000 0.00000000 0.00000000 0.00000000 0.00000000 0.00000000 1.00000000 0.00000000 0.00000000 0.00000000 1.00000000 
1700000015.49457 -0.219500 -0.102887 0.970047 0.015580 0.003474 0.013476 0.019663 -0.006216 0.005508 -0.014715 0.000232 -0.000239 -0.000279 0.125104 -0.056254 0.054965 0.0000000 1 418.629359 418.629359 505.740581 286.574774 -0.020453 -0.024926 0.019510 -0.005656 -0.660094 0.642445 -0.268559 0.281810 -0.062419 0.031365 0.062150 0 1.00000000 0.00000000 0.00000000 1.00000000 0.00000000 1.00000000 1.00000000 0.00000000 0.00000000 1.00000000 0.00000000 1.00000000 0.00000000 0.00000000 0.00000000 0.00000000 0.00000000 0.00000000 0.00000000 0.00000000 0.00000000 0.00000000 0.00000000 0.00000000 1.00000000 0.00000000 0.00000000 0.00000000 1.00000000 
1700000015.52848 -0.220047 -0.102852 0.969913 0.016414 0.003414 0.013720 0.019316 -0.001030 0.006761 -0.014279 0.000198 -0.000321 -0.000334 0.123368 -0.065219 0.051437 0.0000000 1 418.629359 418.629359 505.740581 286.574774 -0.020453 -0.024926 0.019510 -0.005656 -0.660094 0.642445 -0.268559 0.281810 -0.062419 0.031365 0.062150 0 1.00000000 0.00000000 0.00000000 1.00000000 0.00000000 1.00000000 1.00000000 0.00000000 0.00000000 1.00000000 0.00000000 1.00000000 0.00000000 0.00000000 0.00000000 0.00000000 0.00000000 0.00000000 0.00000000 0.00000000 0.00000000 0.00000000 0.00000000 0.00000000 1.00000000 0.00000000 0.00000000 0.00000000 1.00000000 
1700000015.56238 -0.220659 -0.102180 0.969842 0.016597 0.003431 0.013869 0.019131 0.003125 0.004948 -0.005663 0.000078 -0.000411 -0.000430 0.118753 -0.068939 0.047614 0.0000000 1 418.629359 418.629359 505.740581 286.574774 -0.020453 -0.024926 0.019510 -0.005656 -0.660094 0.642445 -0.268559 0.281810 -0.062419 0.031365 0.062150 0 1.00000000 0.00000000 0.00000000 1.00000000 0.00000000 1.00000000 1.00000000 0.00000000 0.00000000 1.00000000 0.00000000 1.00000000 0.00000000 0.00000000 0.00000000 0.00000000 0.00000000 0.00000000 0.00000000 0.00000000 0.00000000 0.00000000 0.00000000 0.00000000 1.00000000 0.00000000 0.00000000 0.00000000 1.00000000 
1700000015.59629 -0.221813 -0.102122 0.969580 0.016867 0.003523 0.013934 0.018709 -0.000954 0.005142 -0.014346 0.000208 -0.000304 -0.000329 0.121771 -0.062522 0.051164 0.0000000 1 418.629359 418.629359 505.740581 286.574774 -0.020453 -0.024926 0.019510 -0.005656 -0.660094 0.642445 -0.268559 0.281810 -0.062419 0.031365 0.062150 0 1.00000000 0.00000000 0.00000000 1.00000000 0.00000000 1.00000000 1.00000000 0.00000000 0.00000000 1.00000000 0.00000000 1.00000000 0.00000000 0.00000000 0.00000000 0.00000000 0.00000000 0.00000000 0.00000000 0.00000000 0.00000000 0.00000000 0.00000000 0.00000000 1.00000000 0.00000000 0.00000000 0.00000000 1.00000000 
1700000015.63019 -0.222797 -0.103683 0.969162 0.018327 0.003403 0.013923 0.018101 -0.005672 0.005576 -0.019941 0.000339 -0.000132 -0.000115 0.124201 -0.050746 0.055366 0.0000000 1 418.629359 418.629359 505.740581 286.574774 -0.020453 -0.024926 0.019510 -0.005656 -0.660094 0.642445 -0.268559 0.281810 -0.062419 0.031365 0.062150 0 1.00000000 0.00000000 0.00000000 1.00000000 0.00000000 1.00000000 1.00000000 0.00000000 0.00000000 1.00000000 0.00000000 1.00000000 0.00000000 0.00000000 0.00000000 0.00000000 0.00000000 0.00000000 0.00000000 0.00000000 0.00000000 0.00000000 0.00000000 0.00000000 1.00000000 0.00000000 0.00000000 0.00000000 1.00000000 
1700000015.66410 -0.222889 -0.105170 0.968950 0.019880 0.003279 0.014051 0.017601 -0.004766 0.004668 -0.016212 0.000425 0.000036 -0.000048 0.124449 -0.047432 0.055941 0.0000000 1 418.629359 418.629359 505.740581 286.574774 -0.020453 -0.024926 0.019510 -0.005656 -0.660094 0.642445 -0.268559 0.281810 -0.062419 0.031365 0.062150 0 1.00000000 0.00000000 0.00000000 1.00000000 0.00000000 1.00000000 1.00000000 0.00000000 0.00000000 1.00000000 0.00000000 1.00000000 0.00000000 0.00000000 0.00000000 0.00000000 0.00000000 0.00000000 0.00000000 0.00000000 0.00000000 0.00000000 0.00000000 0.00000000 1.00000000 0.00000000 0.00000000 0.00000000 1.00000000 
1700000015.69800 -0.222905 -0.106231 0.968810 0.020855 0.003250 0.014155 0.017276 -0.000296 0.002282 -0.010422 0.000455 0.000035 -0.000103 0.122623 -0.053483 0.053095 0.0000000 1 418.629359 418.629359 505.740581 286.574774 -0.020453 -0.024926 0.019510 -0.005656 -0.660094 0.642445 -0.268559 0.281810 -0.062419 0.031365 0.062150 0 1.00000000 0.00000000 0.00000000 1.00000000 0.00000000 1.00000000 1.00000000 0.00000000 0.00000000 1.00000000 0.00000000 1.00000000 0.00000000 0.00000000 0.00000000 0.00000000 0.00000000 0.00000000 0.00000000 0.00000000 0.00000000 0.00000000 0.00000000 0.00000000 1.00000000 0.00000000 0.00000000 0.00000000 1.00000000 
1700000015.73191 -0.222977 -0.106563 0.968750 0.021216 0.003224 0.014102 0.017237 0.001496 0.000043 -0.000357 0.000331 -0.000108 -0.000142 0.119252 -0.053923 0.050775 0.0000000 1 418.629359 418.629359 505.740581 286.574774 -0.020453 -0.024926 0.019510 -0.005656 -0.660094 0.642445 -0.268559 0.281810 -0.062419 0.031365 0.062150 0 1.00000000 0.00000000 0.00000000 1.00000000 0.00000000 1.00000000 1.00000000 0.00000000 0.00000000 1.00000000 0.00000000 1.00000000 0.00000000 0.00000000 0.00000000 0.00000000 0.00000000 0.00000000 0.00000000 0.00000000 0.00000000 0.00000000 0.00000000 0.00000000 1.00000000 0.00000000 0.00000000 0.00000000 1.00000000 
1700000015.76581 -0.223514 -0.105981 0.968688 0.021273 0.003189 0.013980 0.017278 -0.000357 -0.001731 0.002992 0.000203 -0.000278 -0.000153 0.118189 -0.052452 0.050716 0.0000000 1 418.629359 418.629359 505.740581 286.574774 -0.020453 -0.024926 0.019510 -0.005656 -0.660094 0.642445 -0.268559 0.281810 -0.062419 0.031365 0.062150 0 1.00000000 0.00000000 0.00000000 1.00000000 0.00000000 1.00000000 1.00000000 0.00000000 0.00000000 1.00000000 0.00000000 1.00000000 0.00000000 0.00000000 0.00000000 0.00000000 0.00000000 0.00000000 0.00000000 0.00000000 0.00000000 0.00000000 0.00000000 0.00000000 1.00000000 0.00000000 0.00000000 0.00000000 1.00000000 
1700000015.79972 -0.224463 -0.105510 0.968512 0.021646 0.003092 0.013822 0.017201 -0.003420 -0.002256 -0.001668 0.000190 -0.000344 -0.000054 0.120301 -0.047876 0.053413 0.0000000 1 418.629359 418.629359 505.740581 286.574774 -0.020453 -0.024926 0.019510 -0.005656 -0.660094 0.642445 -0.268559 0.281810 -0.062419 0.031365 0.062150 0 1.00000000 0.00000000 0.00000000 1.00000000 0.00000000 1.00000000 1.00000000 0.00000000 0.00000000 1.00000000 0.00000000 1.00000000 0.00000000 0.00000000 0.00000000 0.00000000 0.00000000 0.00000000 0.00000000 0.00000000 0.00000000 0.00000000 0.00000000 0.00000000 1.00000000 0.00000000 0.00000000 0.00000000 1.00000000 
1700000015.83362 -0.224778 -0.105315 0.968446 0.022258 0.003013 0.013713 0.017186 -0.000835 -0.002520 -0.000598 0.000179 -0.000337 -0.000050 0.121133 -0.044442 0.054684 0.0000000 1 418.629359 418.629359 505.740581 286.574774 -0.020453 -0.024926 0.019510 -0.005656 -0.660094 0.642445 -0.268559 0.281810 -0.062419 0.031365 0.062150 0 1.00000000 0.00000000 0.00000000 1.00000000 0.00000000 1.00000000 1.00000000 0.00000000 0.00000000 1.00000000 0.00000000 1.00000000 0.00000000 0.00000000 0.00000000 0.00000000 0.00000000 0.00000000 0.00000000 0.00000000 0.00000000 0.00000000 0.00000000 0.00000000 1.00000000 0.00000000 0.00000000 0.00000000 1.00000000 
1700000015.86753 -0.224792 -0.105004 0.968472 0.022448 0.003048 0.013611 0.017196 0.001086 -0.002546 -0.000546 0.000179 -0.000360 -0.000082 0.121539 -0.044445 0.054924 0.0000000 1 418.629359 418.629359 505.740581 286.574774 -0.020453 -0.024926 0.019510 -0.005656 -0.660094 0.642445 -0.268559 0.281810 -0.062419 0.031365 0.062150 0 1.00000000 0.00000000 0.00000000 1.00000000 0.00000000 1.00000000 1.00000000 0.00000000 0.00000000 1.00000000 0.00000000 1.00000000 0.00000000 0.00000000 0.00000000 0.00000000 0.00000000 0.00000000 0.00000000 0.00000000 0.00000000 0.00000000 0.00000000 0.00000000 1.00000000 0.00000000 0.00000000 0.00000000 1.00000000 
1700000015.90143 -0.225203 -0.104813 0.968389 0.022824 0.003072 0.013512 0.017072 -0.000478 -0.000788 -0.006116 0.000164 -0.000388 -0.000016 0.123246 -0.041288 0.056770 0.0000000 1 418.629359 418.629359 505.740581 286.574774 -0.020453 -0.024926 0.019510 -0.005656 -0.660094 0.642445 -0.268559 0.281810 -0.062419 0.031365 0.062150 0 1.00000000 0.00000000 0.00000000 1.00000000 0.00000000 1.00000000 1.00000000 0.00000000 0.00000000 1.00000000 0.00000000 1.00000000 0.00000000 0.00000000 0.00000000 0.00000000 0.00000000 0.00000000 0.00000000 0.00000000 0.00000000 0.00000000 0.00000000 0.00000000 1.00000000 0.00000000 0.00000000 0.00000000 1.00000000 
1700000015.93534 -0.225669 -0.104342 0.968317 0.023412 0.003108 0.013478 0.016943 0.003621 0.000666 -0.005645 0.000092 -0.000465 -0.000057 0.122456 -0.041362 0.056143 0.0000000 1 418.629359 418.629359 505.740581 286.574774 -0.020453 -0.024926 0.019510 -0.005656 -0.660094 0.642445 -0.268559 0.281810 -0.062419 0.031365 0.062150 0 1.00000000 0.00000000 0.00000000 1.00000000 0.00000000 1.00000000 1.00000000 0.00000000 0.00000000 1.00000000 0.00000000 1.00000000 0.00000000 0.00000000 0.00000000 0.00000000 0.00000000 0.00000000 0.00000000 0.00000000 0.00000000 0.00000000 0.00000000 0.00000000 1.00000000 0.00000000 0.00000000 0.00000000 1.00000000 
1700000015.96924 -0.226276 -0.103529 0.968257 0.023643 0.003286 0.013541 0.016727 0.005592 0.002444 -0.007869 0.000075 -0.000475 -0.000088 0.123157 -0.040301 0.056822 0.0000000 1 418.629359 418.629359 505.740581 286.574774 -0.020453 -0.024926 0.019510 -0.005656 -0.660094 0.642445 -0.268559 0.281810 -0.062419 0.031365 0.062150 0 1.00000000 0.00000000 0.00000000 1.00000000 0.00000000 1.00000000 1.00000000 0.00000000 0.00000000 1.00000000 0.00000000 1.00000000 0.00000000 0.00000000 0.00000000 0.00000000 0.00000000 0.00000000 0.00000000 0.00000000 0.00000000 0.00000000 0.00000000 0.00000000 1.00000000 0.00000000 0.00000000 0.00000000 1.00000000 
1700000016.00315 -0.226964 -0.103161 0.968121 0.024223 0.003439 0.013538 0.016377 0.004960 0.003315 -0.011536 0.000093 -0.000425 -0.000030 0.123468 -0.035168 0.058305 0.0000000 1 418.629359 418.629359 505.740581 286.574774 -0.020453 -0.024926 0.019510 -0.005656 -0.660094 0.642445 -0.268559 0.281810 -0.062419 0.031365 0.062150 0 1.00000000 0.00000000 0.00000000 1.00000000 0.00000000 1.00000000 1.00000000 0.00000000 0.00000000 1.00000000 0.00000000 1.00000000 0.00000000 0.00000000 0.00000000 0.00000000 0.00000000 0.00000000 0.00000000 0.00000000 0.00000000 0.00000000 0.00000000 0.00000000 1.00000000 0.00000000 0.00000000 0.00000000 1.00000000 
1700000016.03705 -0.227446 -0.103113 0.967991 0.025107 0.003600 0.013720 0.016044 0.004239 0.005802 -0.012458 0.000135 -0.000380 -0.000018 0.124972 -0.031203 0.059924 0.0000000 1 418.629359 418.629359 505.740581 286.574774 -0.020453 -0.024926 0.019510 -0.005656 -0.660094 0.642445 -0.268559 0.281810 -0.062419 0.031365 0.062150 0 1.00000000 0.00000000 0.00000000 1.00000000 0.00000000 1.00000000 1.00000000 0.00000000 0.00000000 1.00000000 0.00000000 1.00000000 0.00000000 0.00000000 0.00000000 0.00000000 0.00000000 0.00000000 0.00000000 0.00000000 0.00000000 0.00000000 0.00000000 0.00000000 1.00000000 0.00000000 0.00000000 0.00000000 1.00000000 
1700000016.07096 -0.227939 -0.102455 0.967935 0.025467 0.003818 0.013879 0.015921 0.009131 0.005092 -0.002873 0.000055 -0.000486 -0.000146 0.122463 -0.034410 0.057379 0.0000000 1 418.629359 418.629359 505.740581 286.574774 -0.020453 -0.024926 0.019510 -0.005656 -0.660094 0.642445 -0.268559 0.281810 -0.062419 0.031365 0.062150 0 1.00000000 0.00000000 0.00000000 1.00000000 0.00000000 1.00000000 1.00000000 0.00000000 0.00000000 1.00000000 0.00000000 1.00000000 0.00000000 0.00000000 0.00000000 0.00000000 0.00000000 0.00000000 0.00000000 0.00000000 0.00000000 0.00000000 0.00000000 0.00000000 1.00000000 0.00000000 0.00000000 0.00000000 1.00000000 
1700000016.10486 -0.228674 -0.101486 0.967869 0.025285 0.004087 0.014025 0.015722 0.006952 0.003745 -0.004749 0.000052 -0.000488 -0.000214 0.122577 -0.033370 0.057956 0.0000000 1 418.629359 418.629359 505.740581 286.574774 -0.020453 -0.024926 0.019510 -0.005656 -0.660094 0.642445 -0.268559 0.281810 -0.062419 0.031365 0.062150 0 1.00000000 0.00000000 0.00000000 1.00000000 0.00000000 1.00000000 1.00000000 0.00000000 0.00000000 1.00000000 0.00000000 1.00000000 0.00000000 0.00000000 0.00000000 0.00000000 0.00000000 0.00000000 0.00000000 0.00000000 0.00000000 0.00000000 0.00000000 0.00000000 1.00000000 0.00000000 0.00000000 0.00000000 1.00000000 
1700000016.13877 -0.229517 -0.101411 0.967674 0.025392 0.004298 0.014168 0.015239 0.004208 0.003907 -0.014601 0.000187 -0.000357 -0.000218 0.124511 -0.030687 0.060091 0.0000000 1 418.629359 418.629359 505.740581 286.574774 -0.020453 -0.024926 0.019510 -0.005656 -0.660094 0.642445 -0.268559 0.281810 -0.062419 0.031365 0.062150 0 1.00000000 0.00000000 0.00000000 1.00000000 0.00000000 1.00000000 1.00000000 0.00000000 0.00000000 1.00000000 0.00000000 1.00000000 0.00000000 0.00000000 0.00000000 0.00000000 0.00000000 0.00000000 0.00000000 0.00000000 0.00000000 0.00000000 0.00000000 0.00000000 1.00000000 0.00000000 0.00000000 0.00000000 1.00000000 
1700000016.17267 -0.229892 -0.102150 0.967499 0.025685 0.004438 0.014234 0.014797 0.004734 0.002660 -0.013397 0.000240 -0.000283 -0.000231 0.124146 -0.028956 0.060117 0.0000000 1 418.629359 418.629359 505.740581 286.574774 -0.020453 -0.024926 0.019510 -0.005656 -0.660094 0.642445 -0.268559 0.281810 -0.062419 0.031365 0.062150 0 1.00000000 0.00000000 0.00000000 1.00000000 0.00000000 1.00000000 1.00000000 0.00000000 0.00000000 1.00000000 0.00000000 1.00000000 0.00000000 0.00000000 0.00000000 0.00000000 0.00000000 0.00000000 0.00000000 0.00000000 0.00000000 0.00000000 0.00000000 0.00000000 1.00000000 0.00000000 0.00000000 0.00000000 1.00000000 
1700000016.20658 -0.229901 -0.102022 0.967526 0.025132 0.004702 0.014308 0.014631 0.008564 -0.000622 -0.003664 0.000191 -0.000325 -0.000417 0.122329 -0.032817 0.057825 0.0000000 1 418.629359 418.629359 505.740581 286.574774 -0.020453 -0.024926 0.019510 -0.005656 -0.660094 0.642445 -0.268559 0.281810 -0.062419 0.031365 0.062150 0 1.00000000 0.00000000 0.00000000 1.00000000 0.00000000 1.00000000 1.00000000 0.00000000 0.00000000 1.00000000 0.00000000 1.00000000 0.00000000 0.00000000 0.00000000 0.00000000 0.00000000 0.00000000 0.00000000 0.00000000 0.00000000 0.00000000 0.00000000 0.00000000 1.00000000 0.00000000 0.00000000 0.00000000 1.00000000 
1700000016.24048 -0.230665 -0.101676 0.967411 0.023892 0.005030 0.014291 0.014422 0.009586 -0.004125 -0.004649 0.000243 -0.000383 -0.000587 0.122488 -0.035810 0.057457 0.0000000 1 418.629359 418.629359 505.740581 286.574774 -0.020453 -0.024926 0.019510 -0.005656 -0.660094 0.642445 -0.268559 0.281810 -0.062419 0.031365 0.062150 0 1.00000000 0.00000000 0.00000000 1.00000000 0.00000000 1.00000000 1.00000000 0.00000000 0.00000000 1.00000000 0.00000000 1.00000000 0.00000000 0.00000000 0.00000000 0.00000000 0.00000000 0.00000000 0.00000000 0.00000000 0.00000000 0.00000000 0.00000000 0.00000000 1.00000000 0.00000000 0.00000000 0.00000000 1.00000000 
1700000016.27439 -0.231362 -0.102045 0.967234 0.022717 0.005275 0.014036 0.014242 0.010902 -0.007694 -0.004654 0.000262 -0.000367 -0.000666 0.121818 -0.030992 0.058291 0.0000000 1 418.629359 418.629359 505.740581 286.574774 -0.020453 -0.024926 0.019510 -0.005656 -0.660094 0.642445 -0.268559 0.281810 -0.062419 0.031365 0.062150 0 1.00000000 0.00000000 0.00000000 1.00000000 0.00000000 1.00000000 1.00000000 0.00000000 0.00000000 1.00000000 0.00000000 1.00000000 0.00000000 0.00000000 0.00000000 0.00000000 0.00000000 0.00000000 0.00000000 0.00000000 0.00000000 0.00000000 0.00000000 0.00000000 1.00000000 0.00000000 0.00000000 0.00000000 1.00000000 
1700000016.30829 -0.231364 -0.102538 0.967217 0.021161 0.005658 0.013829 0.014100 0.013399 -0.009988 -0.004161 0.000337 -0.000320 -0.000839 0.122305 -0.028747 0.059100 0.0000000 1 418.629359 418.629359 505.740581 286.574774 -0.020453 -0.024926 0.019510 -0.005656 -0.660094 0.642445 -0.268559 0.281810 -0.062419 0.031365 0.062150 0 1.00000000 0.00000000 0.00000000 1.00000000 0.00000000 1.00000000 1.00000000 0.00000000 0.00000000 1.00000000 0.00000000 1.00000000 0.00000000 0.00000000 0.00000000 0.00000000 0.00000000 0.00000000 0.00000000 0.00000000 0.00000000 0.00000000 0.00000000 0.00000000 1.00000000 0.00000000 0.00000000 0.00000000 1.00000000 
1700000016.34220 -0.231238 -0.103318 0.967212 0.018835 0.006246 0.013518 0.013962 0.020135 -0.013640 -0.002969 0.000456 -0.000273 -0.001086 0.121938 -0.031091 0.058339 0.0000000 1 418.629359 418.629359 505.740581 286.574774 -0.020453 -0.024926 0.019510 -0.005656 -0.660094 0.642445 -0.268559 0.281810 -0.062419 0.031365 0.062150 0 1.00000000 0.00000000 0.00000000 1.00000000 0.00000000 1.00000000 1.00000000 0.00000000 0.00000000 1.00000000 0.00000000 1.00000000 0.00000000 0.00000000 0.00000000 0.00000000 0.00000000 0.00000000 0.00000000 0.00000000 0.00000000 0.00000000 0.00000000 0.00000000 1.00000000 0.00000000 0.00000000 0.00000000 1.00000000 
1700000016.37610 -0.230996 -0.104374 0.967210 0.015889 0.006901 0.013031 0.013960 0.024626 -0.016308 0.001654 0.000478 -0.000245 -0.001334 0.120412 -0.027662 0.058228 0.0000000 1 418.629359 418.629359 505.740581 286.574774 -0.020453 -0.024926 0.019510 -0.005656 -0.660094 0.642445 -0.268559 0.281810 -0.062419 0.031365 0.062150 0 1.00000000 0.00000000 0.00000000 1.00000000 0.00000000 1.00000000 1.00000000 0.00000000 0.00000000 1.00000000 0.00000000 1.00000000 0.00000000 0.00000000 0.00000000 0.00000000 0.00000000 0.00000000 0.00000000 0.00000000 0.00000000 0.00000000 0.00000000 0.00000000 1.00000000 0.00000000 0.00000000 0.00000000 1.00000000 
1700000016.41001 -0.230654 -0.105243 0.967248 0.012374 0.007738 0.012543 0.013910 0.028085 -0.017584 -0.000380 0.000542 -0.000230 -0.001591 0.119785 -0.026242 0.058428 0.0000000 1 418.629359 418.629359 505.740581 286.574774 -0.020453 -0.024926 0.019510 -0.005656 -0.660094 0.642445 -0.268559 0.281810 -0.062419 0.031365 0.062150 0 1.00000000 0.00000000 0.00000000 1.00000000 0.00000000 1.00000000 1.00000000 0.00000000 0.00000000 1.00000000 0.00000000 1.00000000 0.00000000 0.00000000 0.00000000 0.00000000 0.00000000 0.00000000 0.00000000 0.00000000 0.00000000 0.00000000 0.00000000 0.00000000 1.00000000 0.00000000 0.00000000 0.00000000 1.00000000 
1700000016.44391 -0.230479 -0.106471 0.967201 0.008052 0.008698 0.012111 0.013746 0.032137 -0.017743 -0.005634 0.000630 -0.000225 -0.001959 0.118921 -0.026557 0.058002 0.0000000 1 418.629359 418.629359 505.740581 286.574774 -0.020453 -0.024926 0.019510 -0.005656 -0.660094 0.642445 -0.268559 0.281810 -0.062419 0.031365 0.062150 0 1.00000000 0.00000000 0.00000000 1.00000000 0.00000000 1.00000000 1.00000000 0.00000000 0.00000000 1.00000000 0.00000000 1.00000000 0.00000000 0.00000000 0.00000000 0.00000000 0.00000000 0.00000000 0.00000000 0.00000000 0.00000000 0.00000000 0.00000000 0.00000000 1.00000000 0.00000000 0.00000000 0.00000000 1.00000000 
1700000016.47782 -0.230790 -0.107211 0.967075 0.002849 0.009761 0.011622 0.013660 0.038340 -0.019735 -0.001203 0.000583 -0.000424 -0.002420 0.114843 -0.030224 0.054762 0.0000000 1 418.629359 418.629359 505.740581 286.574774 -0.020453 -0.024926 0.019510 -0.005656 -0.660094 0.642445 -0.268559 0.281810 -0.062419 0.031365 0.062150 0 1.00000000 0.00000000 0.00000000 1.00000000 0.00000000 1.00000000 1.00000000 0.00000000 0.00000000 1.00000000 0.00000000 1.00000000 0.00000000 0.00000000 0.00000000 0.00000000 0.00000000 0.00000000 0.00000000 0.00000000 0.00000000 0.00000000 0.00000000 0.00000000 1.00000000 0.00000000 0.00000000 0.00000000 1.00000000 
1700000016.51172 0.231852 0.107159 -0.966825 0.003227 0.010950 0.010826 0.013513 0.042245 -0.025812 0.000546 0.000533 -0.000640 -0.002728 0.109485 -0.029361 0.052446 0.0000000 1 418.629359 418.629359 505.740581 286.574774 -0.020453 -0.024926 0.019510 -0.005656 -0.660094 0.642445 -0.268559 0.281810 -0.062419 0.031365 0.062150 0 1.00000000 0.00000000 0.00000000 1.00000000 0.00000000 1.00000000 1.00000000 0.00000000 0.00000000 1.00000000 0.00000000 1.00000000 0.00000000 0.00000000 0.00000000 0.00000000 0.00000000 0.00000000 0.00000000 0.00000000 0.00000000 0.00000000 0.00000000 0.00000000 1.00000000 0.00000000 0.00000000 0.00000000 1.00000000 
1700000016.54563 0.232913 0.108096 -0.966435 0.008417 0.012064 0.009694 0.013384 0.038580 -0.030462 -0.002702 0.000531 -0.000753 -0.002716 0.106940 -0.013146 0.055179 0.0000000 1 418.629359 418.629359 505.740581 286.574774 -0.020453 -0.024926 0.019510 -0.005656 -0.660094 0.642445 -0.268559 0.281810 -0.062419 0.031365 0.062150 0 1.00000000 0.00000000 0.00000000 1.00000000 0.00000000 1.00000000 1.00000000 0.00000000 0.00000000 1.00000000 0.00000000 1.00000000 0.00000000 0.00000000 0.00000000 0.00000000 0.00000000 0.00000000 0.00000000 0.00000000 0.00000000 0.00000000 0.00000000 0.00000000 1.00000000 0.00000000 0.00000000 0.00000000 1.00000000 
1700000016.57953 0.232943 0.108423 -0.966327 0.013914 0.013394 0.008773 0.013406 0.044868 -0.032382 0.001778 0.000586 -0.000831 -0.002955 0.105108 -0.014673 0.053675 0.0000000 1 418.629359 418.629359 505.740581 286.574774 -0.020453 -0.024926 0.019510 -0.005656 -0.660094 0.642445 -0.268559 0.281810 -0.062419 0.031365 0.062150 0 1.00000000 0.00000000 0.00000000 1.00000000 0.00000000 1.00000000 1.00000000 0.00000000 0.00000000 1.00000000 0.00000000 1.00000000 0.00000000 0.00000000 0.00000000 0.00000000 0.00000000 0.00000000 0.00000000 0.00000000 0.00000000 0.00000000 0.00000000 0.00000000 1.00000000 0.00000000 0.00000000 0.00000000 1.00000000 
1700000016.61344 0.232857 0.108891 -0.966173 0.020739 0.014946 0.007773 0.013358 0.049502 -0.036137 0.002477 0.000736 -0.000911 -0.003259 0.101968 -0.021708 0.050544 0.0000000 1 418.629359 418.629359 505.740581 286.574774 -0.020453 -0.024926 0.019510 -0.005656 -0.660094 0.642445 -0.268559 0.281810 -0.062419 0.031365 0.062150 0 1.00000000 0.00000000 0.00000000 1.00000000 0.00000000 1.00000000 1.00000000 0.00000000 0.00000000 1.00000000 0.00000000 1.00000000 0.00000000 0.00000000 0.00000000 0.00000000 0.00000000 0.00000000 0.00000000 0.00000000 0.00000000 0.00000000 0.00000000 0.00000000 1.00000000 0.00000000 0.00000000 0.00000000 1.00000000 
1700000016.64734 0.233186 0.109793 -0.965807 0.028044 0.016395 0.006555 0.013349 0.049064 -0.039182 0.004176 0.000810 -0.001011 -0.003540 0.098701 -0.020972 0.049085 0.0000000 1 418.629359 418.629359 505.740581 286.574774 -0.020453 -0.024926 0.019510 -0.005656 -0.660094 0.642445 -0.268559 0.281810 -0.062419 0.031365 0.062150 0 1.00000000 0.00000000 0.00000000 1.00000000 0.00000000 1.00000000 1.00000000 0.00000000 0.00000000 1.00000000 0.00000000 1.00000000 0.00000000 0.00000000 0.00000000 0.00000000 0.00000000 0.00000000 0.00000000 0.00000000 0.00000000 0.00000000 0.00000000 0.00000000 1.00000000 0.00000000 0.00000000 0.00000000 1.00000000 
1700000016.68125 0.233689 0.110305 -0.965375 0.035677 0.017950 0.005295 0.013358 0.049120 -0.041337 0.003052 0.000852 -0.001156 -0.003716 0.096458 -0.027081 0.046605 0.0000000 1 418.629359 418.629359 505.740581 286.574774 -0.020453 -0.024926 0.019510 -0.005656 -0.660094 0.642445 -0.268559 0.281810 -0.062419 0.031365 0.062150 0 1.00000000 0.00000000 0.00000000 1.00000000 0.00000000 1.00000000 1.00000000 0.00000000 0.00000000 1.00000000 0.00000000 1.00000000 0.00000000 0.00000000 0.00000000 0.00000000 0.00000000 0.00000000 0.00000000 0.00000000 0.00000000 0.00000000 0.00000000 0.00000000 1.00000000 0.00000000 0.00000000 0.00000000 1.00000000 
1700000016.71515 0.233726 0.110684 -0.965007 0.043387 0.019403 0.003865 0.013460 0.048599 -0.045994 0.008500 0.000735 -0.001366 -0.003888 0.087656 -0.029973 0.041218 0.0000000 1 418.629359 418.629359 505.740581 286.574774 -0.020453 -0.024926 0.019510 -0.005656 -0.660094 0.642445 -0.268559 0.281810 -0.062419 0.031365 0.062150 0 1.00000000 0.00000000 0.00000000 1.00000000 0.00000000 1.00000000 1.00000000 0.00000000 0.00000000 1.00000000 0.00000000 1.00000000 0.00000000 0.00000000 0.00000000 0.00000000 0.00000000 0.00000000 0.00000000 0.00000000 0.00000000 0.00000000 0.00000000 0.00000000 1.00000000 0.00000000 0.00000000 0.00000000 1.00000000 
1700000016.74906 0.234162 0.109825 -0.964570 0.052065 0.020903 0.002404 0.013432 0.047508 -0.049864 0.006278 0.000715 -0.001570 -0.004118 0.080757 -0.044029 0.034790 0.0000000 1 418.629359 418.629359 505.740581 286.574774 -0.020453 -0.024926 0.019510 -0.005656 -0.660094 0.642445 -0.268559 0.281810 -0.062419 0.031365 0.062150 0 1.00000000 0.00000000 0.00000000 1.00000000 0.00000000 1.00000000 1.00000000 0.00000000 0.00000000 1.00000000 0.00000000 1.00000000 0.00000000 0.00000000 0.00000000 0.00000000 0.00000000 0.00000000 0.00000000 0.00000000 0.00000000 0.00000000 0.00000000 0.00000000 1.00000000 0.00000000 0.00000000 0.00000000 1.00000000 
1700000016.78296 0.235376 0.109046 -0.963820 0.061304 0.022505 0.000965 0.013475 0.050704 -0.049296 0.004001 0.000751 -0.001706 -0.004324 0.079446 -0.055507 0.031564 0.0000000 1 418.629359 418.629359 505.740581 286.574774 -0.020453 -0.024926 0.019510 -0.005656 -0.660094 0.642445 -0.268559 0.281810 -0.062419 0.031365 0.062150 0 1.00000000 0.00000000 0.00000000 1.00000000 0.00000000 1.00000000 1.00000000 0.00000000 0.00000000 1.00000000 0.00000000 1.00000000 0.00000000 0.00000000 0.00000000 0.00000000 0.00000000 0.00000000 0.00000000 0.00000000 0.00000000 0.00000000 0.00000000 0.00000000 1.00000000 0.00000000 0.00000000 0.00000000 1.00000000 
1700000016.81687 0.236772 0.110273 -0.962782 0.069497 0.024111 -0.000750 0.013436 0.045833 -0.047521 -0.003452 0.000959 -0.001715 -0.004221 0.088041 -0.046015 0.038375 0.0000000 1 418.629359 418.629359 505.740581 286.574774 -0.020453 -0.024926 0.019510 -0.005656 -0.660094 0.642445 -0.268559 0.281810 -0.062419 0.031365 0.062150 0 1.00000000 0.00000000 0.00000000 1.00000000 0.00000000 1.00000000 1.00000000 0.00000000 0.00000000 1.00000000 0.00000000 1.00000000 0.00000000 0.00000000 0.00000000 0.00000000 0.00000000 0.00000000 0.00000000 0.00000000 0.00000000 0.00000000 0.00000000 0.00000000 1.00000000 0.00000000 0.00000000 0.00000000 1.00000000 
1700000016.85077 0.236945 0.112635 -0.961947 0.076343 0.025493 -0.002480 0.013229 0.043184 -0.046933 -0.005789 0.001132 -0.001664 -0.004090 0.090211 -0.035893 0.041672 0.0000000 1 418.629359 418.629359 505.740581 286.574774 -0.020453 -0.024926 0.019510 -0.005656 -0.660094 0.642445 -0.268559 0.281810 -0.062419 0.031365 0.062150 0 1.00000000 0.00000000 0.00000000 1.00000000 0.00000000 1.00000000 1.00000000 0.00000000 0.00000000 1.00000000 0.00000000 1.00000000 0.00000000 0.00000000 0.00000000 0.00000000 0.00000000 0.00000000 0.00000000 0.00000000 0.00000000 0.00000000 0.00000000 0.00000000 1.00000000 0.00000000 0.00000000 0.00000000 1.00000000 
1700000016.88468 0.236295 0.114601 -0.961269 0.083626 0.026816 -0.004100 0.012832 0.041665 -0.047663 -0.006193 0.001305 -0.001645 -0.004060 0.084890 -0.037636 0.038549 0.0000000 1 418.629359 418.629359 505.740581 286.574774 -0.020453 -0.024926 0.019510 -0.005656 -0.660094 0.642445 -0.268559 0.281810 -0.062419 0.031365 0.062150 0 1.00000000 0.00000000 0.00000000 1.00000000 0.00000000 1.00000000 1.00000000 0.00000000 0.00000000 1.00000000 0.00000000 1.00000000 0.00000000 0.00000000 0.00000000 0.00000000 0.00000000 0.00000000 0.00000000 0.00000000 0.00000000 0.00000000 0.00000000 0.00000000 1.00000000 0.00000000 0.00000000 0.00000000 1.00000000 
1700000016.91858 0.236267 0.116625 -0.960468 0.089873 0.027968 -0.005776 0.012581 0.036400 -0.044311 -0.006343 0.001378 -0.001616 -0.003893 0.089254 -0.036321 0.041000 0.0000000 1 418.629359 418.629359 505.740581 286.574774 -0.020453 -0.024926 0.019510 -0.005656 -0.660094 0.642445 -0.268559 0.281810 -0.062419 0.031365 0.062150 0 1.00000000 0.00000000 0.00000000 1.00000000 0.00000000 1.00000000 1.00000000 0.00000000 0.00000000 1.00000000 0.00000000 1.00000000 0.00000000 0.00000000 0.00000000 0.00000000 0.00000000 0.00000000 0.00000000 0.00000000 0.00000000 0.00000000 0.00000000 0.00000000 1.00000000 0.00000000 0.00000000 0.00000000 1.00000000 
1700000016.95249 0.235056 0.116228 -0.960200 0.096202 0.029299 -0.007039 0.012320 0.041707 -0.043894 -0.001263 0.001365 -0.001771 -0.003860 0.078033 -0.068076 0.027742 0.0000000 1 418.629359 418.629359 505.740581 286.574774 -0.020453 -0.024926 0.019510 -0.005656 -0.660094 0.642445 -0.268559 0.281810 -0.062419 0.031365 0.062150 0 1.00000000 0.00000000 0.00000000 1.00000000 0.00000000 1.00000000 1.00000000 0.00000000 0.00000000 1.00000000 0.00000000 1.00000000 0.00000000 0.00000000 0.00000000 0.00000000 0.00000000 0.00000000 0.00000000 0.00000000 0.00000000 0.00000000 0.00000000 0.00000000 1.00000000 0.00000000 0.00000000 0.00000000 1.00000000 
1700000016.98639 0.235397 0.116061 -0.959433 0.102991 0.030704 -0.008327 0.012138 0.042838 -0.041646 -0.002685 0.001390 -0.001900 -0.003760 0.076028 -0.087656 0.022253 0.0000000 1 418.629359 418.629359 505.740581 286.574774 -0.020453 -0.024926 0.019510 -0.005656 -0.660094 0.642445 -0.268559 0.281810 -0.062419 0.031365 0.062150 0 1.00000000 0.00000000 0.00000000 1.00000000 0.00000000 1.00000000 1.00000000 0.00000000 0.00000000 1.00000000 0.00000000 1.00000000 0.00000000 0.00000000 0.00000000 0.00000000 0.00000000 0.00000000 0.00000000 0.00000000 0.00000000 0.00000000 0.00000000 0.00000000 1.00000000 0.00000000 0.00000000 0.00000000 1.00000000 
1700000017.02030 0.235951 0.116923 -0.958494 0.109292 0.032013 -0.009664 0.011969 0.040347 -0.038278 -0.003170 0.001532 -0.001866 -0.003696 0.076158 -0.084162 0.023103 0.0000000 1 418.629359 418.629359 505.740581 286.574774 -0.020453 -0.024926 0.019510 -0.005656 -0.660094 0.642445 -0.268559 0.281810 -0.062419 0.031365 0.062150 0 1.00000000 0.00000000 0.00000000 1.00000000 0.00000000 1.00000000 1.00000000 0.00000000 0.00000000 1.00000000 0.00000000 1.00000000 0.00000000 0.00000000 0.00000000 0.00000000 0.00000000 0.00000000 0.00000000 0.00000000 0.00000000 0.00000000 0.00000000 0.00000000 1.00000000 0.00000000 0.00000000 0.00000000 1.00000000 
1700000017.05420 0.236860 0.118071 -0.957498 0.114688 0.033300 -0.011031 0.011817 0.033258 -0.033515 -0.006982 0.001589 -0.001895 -0.003375 0.083854 -0.078869 0.028403 0.0000000 1 418.629359 418.629359 505.740581 286.574774 -0.020453 -0.024926 0.019510 -0.005656 -0.660094 0.642445 -0.268559 0.281810 -0.062419 0.031365 0.062150 0 1.00000000 0.00000000 0.00000000 1.00000000 0.00000000 1.00000000 1.00000000 0.00000000 0.00000000 1.00000000 0.00000000 1.00000000 0.00000000 0.00000000 0.00000000 0.00000000 0.00000000 0.00000000 0.00000000 0.00000000 0.00000000 0.00000000 0.00000000 0.00000000 1.00000000 0.00000000 0.00000000 0.00000000 1.00000000 
1700000017.08811 0.237509 0.119848 -0.956668 0.118375 0.034362 -0.012406 0.011685 0.022461 -0.028349 -0.009559 0.001605 -0.001881 -0.002903 0.095589 -0.069947 0.036469 0.0000000 1 418.629359 418.629359 505.740581 286.574774 -0.020453 -0.024926 0.019510 -0.005656 -0.660094 0.642445 -0.268559 0.281810 -0.062419 0.031365 0.062150 0 1.00000000 0.00000000 0.00000000 1.00000000 0.00000000 1.00000000 1.00000000 0.00000000 0.00000000 1.00000000 0.00000000 1.00000000 0.00000000 0.00000000 0.00000000 0.00000000 0.00000000 0.00000000 0.00000000 0.00000000 0.00000000 0.00000000 0.00000000 0.00000000 1.00000000 0.00000000 0.00000000 0.00000000 1.00000000 
1700000017.12201 0.237496 0.122260 -0.956168 0.119960 0.035003 -0.013646 0.011409 0.010344 -0.022347 -0.009022 0.001589 -0.001665 -0.002406 0.103377 -0.059356 0.042764 0.0000000 1 418.629359 418.629359 505.740581 286.574774 -0.020453 -0.024926 0.019510 -0.005656 -0.660094 0.642445 -0.268559 0.281810 -0.062419 0.031365 0.062150 0 1.00000000 0.00000000 0.00000000 1.00000000 0.00000000 1.00000000 1.00000000 0.00000000 0.00000000 1.00000000 0.00000000 1.00000000 0.00000000 0.00000000 0.00000000 0.00000000 0.00000000 0.00000000 0.00000000 0.00000000 0.00000000 0.00000000 0.00000000 0.00000000 1.00000000 0.00000000 0.00000000 0.00000000 1.00000000 
1700000017.15592 0.235971 0.122512 -0.956305 0.121609 0.035416 -0.014450 0.011146 0.009856 -0.017915 0.001321 0.001494 -0.001535 -0.002240 0.093441 -0.073536 0.034108 0.0000000 1 418.629359 418.629359 505.740581 286.574774 -0.020453 -0.024926 0.019510 -0.005656 -0.660094 0.642445 -0.268559 0.281810 -0.062419 0.031365 0.062150 0 1.00000000 0.00000000 0.00000000 1.00000000 0.00000000 1.00000000 1.00000000 0.00000000 0.00000000 1.00000000 0.00000000 1.00000000 0.00000000 0.00000000 0.00000000 0.00000000 0.00000000 0.00000000 0.00000000 0.00000000 0.00000000 0.00000000 0.00000000 0.00000000 1.00000000 0.00000000 0.00000000 0.00000000 1.00000000 
1700000017.18982 0.235915 0.122034 -0.956105 0.123751 0.035756 -0.015118 0.011175 0.002866 -0.013815 0.001860 0.001467 -0.001609 -0.002006 0.093216 -0.084851 0.031522 0.0000000 1 418.629359 418.629359 505.740581 286.574774 -0.020453 -0.024926 0.019510 -0.005656 -0.660094 0.642445 -0.268559 0.281810 -0.062419 0.031365 0.062150 0 1.00000000 0.00000000 0.00000000 1.00000000 0.00000000 1.00000000 1.00000000 0.00000000 0.00000000 1.00000000 0.00000000 1.00000000 0.00000000 0.00000000 0.00000000 0.00000000 0.00000000 0.00000000 0.00000000 0.00000000 0.00000000 0.00000000 0.00000000 0.00000000 1.00000000 0.00000000 0.00000000 0.00000000 1.00000000 
1700000017.22373 0.236352 0.121877 -0.955947 0.124297 0.035748 -0.015838 0.011200 -0.007055 -0.008703 0.001162 0.001416 -0.001577 -0.001659 0.094871 -0.078626 0.033900 0.0000000 1 418.629359 418.629359 505.740581 286.574774 -0.020453 -0.024926 0.019510 -0.005656 -0.660094 0.642445 -0.268559 0.281810 -0.062419 0.031365 0.062150 0 1.00000000 0.00000000 0.00000000 1.00000000 0.00000000 1.00000000 1.00000000 0.00000000 0.00000000 1.00000000 0.00000000 1.00000000 0.00000000 0.00000000 0.00000000 0.00000000 0.00000000 0.00000000 0.00000000 0.00000000 0.00000000 0.00000000 0.00000000 0.00000000 1.00000000 0.00000000 0.00000000 0.00000000 1.00000000 
1700000017.25763 0.237278 0.121781 -0.955815 0.123636 0.035539 -0.016329 0.011173 -0.017159 -0.001377 -0.005451 0.001472 -0.001517 -0.001255 0.106213 -0.075377 0.040794 0.0000000 1 418.629359 418.629359 505.740581 286.574774 -0.020453 -0.024926 0.019510 -0.005656 -0.660094 0.642445 -0.268559 0.281810 -0.062419 0.031365 0.062150 0 1.00000000 0.00000000 0.00000000 1.00000000 0.00000000 1.00000000 1.00000000 0.00000000 0.00000000 1.00000000 0.00000000 1.00000000 0.00000000 0.00000000 0.00000000 0.00000000 0.00000000 0.00000000 0.00000000 0.00000000 0.00000000 0.00000000 0.00000000 0.00000000 1.00000000 0.00000000 0.00000000 0.00000000 1.00000000 
1700000017.29154 0.237436 0.122176 -0.955975 0.121691 0.034963 -0.016717 0.011145 -0.022181 0.003903 -0.000513 0.001407 -0.001483 -0.000859 0.107458 -0.070599 0.042342 0.0000000 1 418.629359 418.629359 505.740581 286.574774 -0.020453 -0.024926 0.019510 -0.005656 -0.660094 0.642445 -0.268559 0.281810 -0.062419 0.031365 0.062150 0 1.00000000 0.00000000 0.00000000 1.00000000 0.00000000 1.00000000 1.00000000 0.00000000 0.00000000 1.00000000 0.00000000 1.00000000 0.00000000 0.00000000 0.00000000 0.00000000 0.00000000 0.00000000 0.00000000 0.00000000 0.00000000 0.00000000 0.00000000 0.00000000 1.00000000 0.00000000 0.00000000 0.00000000 1.00000000 
1700000017.32544 0.237242 0.121356 -0.956348 0.119948 0.034347 -0.016811 0.011249 -0.023666 0.005755 0.003833 0.001370 -0.001475 -0.000673 0.107601 -0.075508 0.041276 0.0000000 1 418.629359 418.629359 505.740581 286.574774 -0.020453 -0.024926 0.019510 -0.005656 -0.660094 0.642445 -0.268559 0.281810 -0.062419 0.031365 0.062150 0 1.00000000 0.00000000 0.00000000 1.00000000 0.00000000 1.00000000 1.00000000 0.00000000 0.00000000 1.00000000 0.00000000 1.00000000 0.00000000 0.00000000 0.00000000 0.00000000 0.00000000 0.00000000 0.00000000 0.00000000 0.00000000 0.00000000 0.00000000 0.00000000 1.00000000 0.00000000 0.00000000 0.00000000 1.00000000 
1700000017.35935 0.237186 0.120908 -0.956647 0.118113 0.033656 -0.016887 0.011407 -0.022340 0.008179 0.004862 0.001357 -0.001460 -0.000487 0.107629 -0.074767 0.041491 0.0000000 1 418.629359 418.629359 505.740581 286.574774 -0.020453 -0.024926 0.019510 -0.005656 -0.660094 0.642445 -0.268559 0.281810 -0.062419 0.031365 0.062150 0 1.00000000 0.00000000 0.00000000 1.00000000 0.00000000 1.00000000 1.00000000 0.00000000 0.00000000 1.00000000 0.00000000 1.00000000 0.00000000 0.00000000 0.00000000 0.00000000 0.00000000 0.00000000 0.00000000 0.00000000 0.00000000 0.00000000 0.00000000 0.00000000 1.00000000 0.00000000 0.00000000 0.00000000 1.00000000 
1700000017.39325 0.236794 0.120701 -0.957021 0.116058 0.032978 -0.016809 0.011626 -0.023920 0.010737 0.004150 0.001398 -0.001354 -0.000304 0.112079 -0.068857 0.045150 0.0000000 1 418.629359 418.629359 505.740581 286.574774 -0.020453 -0.024926 0.019510 -0.005656 -0.660094 0.642445 -0.268559 0.281810 -0.062419 0.031365 0.062150 0 1.00000000 0.00000000 0.00000000 1.00000000 0.00000000 1.00000000 1.00000000 0.00000000 0.00000000 1.00000000 0.00000000 1.00000000 0.00000000 0.00000000 0.00000000 0.00000000 0.00000000 0.00000000 0.00000000 0.00000000 0.00000000 0.00000000 0.00000000 0.00000000 1.00000000 0.00000000 0.00000000 0.00000000 1.00000000 
1700000017.42716 0.236688 0.120783 -0.957357 0.113392 0.032252 -0.016672 0.011751 -0.025781 0.012819 0.001576 0.001367 -0.001318 -0.000121 0.116717 -0.066352 0.048253 0.0000000 1 418.629359 418.629359 505.740581 286.574774 -0.020453 -0.024926 0.019510 -0.005656 -0.660094 0.642445 -0.268559 0.281810 -0.062419 0.031365 0.062150 0 1.00000000 0.00000000 0.00000000 1.00000000 0.00000000 1.00000000 1.00000000 0.00000000 0.00000000 1.00000000 0.00000000 1.00000000 0.00000000 0.00000000 0.00000000 0.00000000 0.00000000 0.00000000 0.00000000 0.00000000 0.00000000 0.00000000 0.00000000 0.00000000 1.00000000 0.00000000 0.00000000 0.00000000 1.00000000 
1700000017.46106 0.236350 0.120559 -0.957832 0.110282 0.031553 -0.016422 0.011854 -0.025947 0.016133 0.000733 0.001325 -0.001243 0.000076 0.120178 -0.066486 0.050038 0.0000000 1 418.629359 418.629359 505.740581 286.574774 -0.020453 -0.024926 0.019510 -0.005656 -0.660094 0.642445 -0.268559 0.281810 -0.062419 0.031365 0.062150 0 1.00000000 0.00000000 0.00000000 1.00000000 0.00000000 1.00000000 1.00000000 0.00000000 0.00000000 1.00000000 0.00000000 1.00000000 0.00000000 0.00000000 0.00000000 0.00000000 0.00000000 0.00000000 0.00000000 0.00000000 0.00000000 0.00000000 0.00000000 0.00000000 1.00000000 0.00000000 0.00000000 0.00000000 1.00000000 
1700000017.49497 0.236138 0.120246 -0.958298 0.106979 0.030790 -0.016098 0.011852 -0.026570 0.018186 -0.001500 0.001260 -0.001217 0.000217 0.120829 -0.066904 0.050320 0.0000000 1 418.629359 418.629359 505.740581 286.574774 -0.020453 -0.024926 0.019510 -0.005656 -0.660094 0.642445 -0.268559 0.281810 -0.062419 0.031365 0.062150 0 1.00000000 0.00000000 0.00000000 1.00000000 0.00000000 1.00000000 1.00000000 0.00000000 0.00000000 1.00000000 0.00000000 1.00000000 0.00000000 0.00000000 0.00000000 0.00000000 0.00000000 0.00000000 0.00000000 0.00000000 0.00000000 0.00000000 0.00000000 0.00000000 1.00000000 0.00000000 0.00000000 0.00000000 1.00000000 
1700000017.52887 0.236178 0.119346 -0.958772 0.103601 0.030012 -0.015671 0.011782 -0.027547 0.019878 -0.003276 0.001135 -0.001191 0.000360 0.121182 -0.067908 0.050334 0.0000000 1 418.629359 418.629359 505.740581 286.574774 -0.020453 -0.024926 0.019510 -0.005656 -0.660094 0.642445 -0.268559 0.281810 -0.062419 0.031365 0.062150 0 1.00000000 0.00000000 0.00000000 1.00000000 0.00000000 1.00000000 1.00000000 0.00000000 0.00000000 1.00000000 0.00000000 1.00000000 0.00000000 0.00000000 0.00000000 0.00000000 0.00000000 0.00000000 0.00000000 0.00000000 0.00000000 0.00000000 0.00000000 0.00000000 1.00000000 0.00000000 0.00000000 0.00000000 1.00000000 
1700000017.56278 0.236848 0.118530 -0.959130 0.099621 0.029164 -0.015189 0.011574 -0.031627 0.021475 -0.011288 0.001102 -0.001115 0.000564 0.125065 -0.066394 0.052789 0.0000000 1 418.629359 418.629359 505.740581 286.574774 -0.020453 -0.024926 0.019510 -0.005656 -0.660094 0.642445 -0.268559 0.281810 -0.062419 0.031365 0.062150 0 1.00000000 0.00000000 0.00000000 1.00000000 0.00000000 1.00000000 1.00000000 0.00000000 0.00000000 1.00000000 0.00000000 1.00000000 0.00000000 0.00000000 0.00000000 0.00000000 0.00000000 0.00000000 0.00000000 0.00000000 0.00000000 0.00000000 0.00000000 0.00000000 1.00000000 0.00000000 0.00000000 0.00000000 1.00000000 
1700000017.59668 0.237939 0.117896 -0.959387 0.095194 0.028232 -0.014548 0.011020 -0.032413 0.025800 -0.021706 0.001100 -0.001035 0.000677 0.129955 -0.066092 0.055547 0.0000000 1 418.629359 418.629359 505.740581 286.574774 -0.020453 -0.024926 0.019510 -0.005656 -0.660094 0.642445 -0.268559 0.281810 -0.062419 0.031365 0.062150 0 1.00000000 0.00000000 0.00000000 1.00000000 0.00000000 1.00000000 1.00000000 0.00000000 0.00000000 1.00000000 0.00000000 1.00000000 0.00000000 0.00000000 0.00000000 0.00000000 0.00000000 0.00000000 0.00000000 0.00000000 0.00000000 0.00000000 0.00000000 0.00000000 1.00000000 0.00000000 0.00000000 0.00000000 1.00000000 
1700000017.63059 0.238831 0.117749 -0.959672 0.090141 0.027160 -0.013933 0.010353 -0.033609 0.028657 -0.022591 0.001024 -0.000927 0.000898 0.131750 -0.057764 0.058203 0.0000000 1 418.629359 418.629359 505.740581 286.574774 -0.020453 -0.024926 0.019510 -0.005656 -0.660094 0.642445 -0.268559 0.281810 -0.062419 0.031365 0.062150 0 1.00000000 0.00000000 0.00000000 1.00000000 0.00000000 1.00000000 1.00000000 0.00000000 0.00000000 1.00000000 0.00000000 1.00000000 0.00000000 0.00000000 0.00000000 0.00000000 0.00000000 0.00000000 0.00000000 0.00000000 0.00000000 0.00000000 0.00000000 0.00000000 1.00000000 0.00000000 0.00000000 0.00000000 1.00000000 
1700000017.66449 0.239490 0.117066 -0.960127 0.084239 0.026145 -0.013130 0.009753 -0.033833 0.032736 -0.020785 0.000909 -0.000876 0.001106 0.135840 -0.054021 0.061020 0.0000000 1 418.629359 418.629359 505.740581 286.574774 -0.020453 -0.024926 0.019510 -0.005656 -0.660094 0.642445 -0.268559 0.281810 -0.062419 0.031365 0.062150 0 1.00000000 0.00000000 0.00000000 1.00000000 0.00000000 1.00000000 1.00000000 0.00000000 0.00000000 1.00000000 0.00000000 1.00000000 0.00000000 0.00000000 0.00000000 0.00000000 0.00000000 0.00000000 0.00000000 0.00000000 0.00000000 0.00000000 0.00000000 0.00000000 1.00000000 0.00000000 0.00000000 0.00000000 1.00000000 
1700000017.69840 0.240315 0.115984 -0.960580 0.077987 0.025273 -0.012167 0.009194 -0.029454 0.035959 -0.018727 0.000846 -0.000842 0.001254 0.138727 -0.055269 0.062110 0.0000000 1 418.629359 418.629359 505.740581 286.574774 -0.020453 -0.024926 0.019510 -0.005656 -0.660094 0.642445 -0.268559 0.281810 -0.062419 0.031365 0.062150 0 1.00000000 0.00000000 0.00000000 1.00000000 0.00000000 1.00000000 1.00000000 0.00000000 0.00000000 1.00000000 0.00000000 1.00000000 0.00000000 0.00000000 0.00000000 0.00000000 0.00000000 0.00000000 0.00000000 0.00000000 0.00000000 0.00000000 0.00000000 0.00000000 1.00000000 0.00000000 0.00000000 0.00000000 1.00000000 
1700000017.73230 0.241401 0.114789 -0.960919 0.071993 0.024455 -0.011022 0.008648 -0.023585 0.038598 -0.015125 0.000731 -0.000815 0.001161 0.139185 -0.055086 0.062340 0.0000000 1 418.629359 418.629359 505.740581 286.574774 -0.020453 -0.024926 0.019510 -0.005656 -0.660094 0.642445 -0.268559 0.281810 -0.062419 0.031365 0.062150 0 1.00000000 0.00000000 0.00000000 1.00000000 0.00000000 1.00000000 1.00000000 0.00000000 0.00000000 1.00000000 0.00000000 1.00000000 0.00000000 0.00000000 0.00000000 0.00000000 0.00000000 0.00000000 0.00000000 0.00000000 0.00000000 0.00000000 0.00000000 0.00000000 1.00000000 0.00000000 0.00000000 0.00000000 1.00000000 
1700000017.76621 0.242340 0.113336 -0.961229 0.066825 0.023838 -0.009826 0.008163 -0.017915 0.039346 -0.012609 0.000700 -0.000765 0.001043 0.137960 -0.054423 0.061901 0.0000000 1 418.629359 418.629359 505.740581 286.574774 -0.020453 -0.024926 0.019510 -0.005656 -0.660094 0.642445 -0.268559 0.281810 -0.062419 0.031365 0.062150 0 1.00000000 0.00000000 0.00000000 1.00000000 0.00000000 1.00000000 1.00000000 0.00000000 0.00000000 1.00000000 0.00000000 1.00000000 0.00000000 0.00000000 0.00000000 0.00000000 0.00000000 0.00000000 0.00000000 0.00000000 0.00000000 0.00000000 0.00000000 0.00000000 1.00000000 0.00000000 0.00000000 0.00000000 1.00000000 
1700000017.80011 0.243480 0.112710 -0.961375 0.061421 0.023262 -0.008538 0.007518 -0.019936 0.041296 -0.021141 0.000727 -0.000645 0.000993 0.141205 -0.049546 0.064960 0.0000000 1 418.629359 418.629359 505.740581 286.574774 -0.020453 -0.024926 0.019510 -0.005656 -0.660094 0.642445 -0.268559 0.281810 -0.062419 0.031365 0.062150 0 1.00000000 0.00000000 0.00000000 1.00000000 0.00000000 1.00000000 1.00000000 0.00000000 0.00000000 1.00000000 0.00000000 1.00000000 0.00000000 0.00000000 0.00000000 0.00000000 0.00000000 0.00000000 0.00000000 0.00000000 0.00000000 0.00000000 0.00000000 0.00000000 1.00000000 0.00000000 0.00000000 0.00000000 1.00000000 
1700000017.83402 0.244186 0.112686 -0.961528 0.056021 0.022680 -0.007284 0.006673 -0.020234 0.043289 -0.024421 0.000729 -0.000526 0.000890 0.141139 -0.044401 0.066271 0.0000000 1 418.629359 418.629359 505.740581 286.574774 -0.020453 -0.024926 0.019510 -0.005656 -0.660094 0.642445 -0.268559 0.281810 -0.062419 0.031365 0.062150 0 1.00000000 0.00000000 0.00000000 1.00000000 0.00000000 1.00000000 1.00000000 0.00000000 0.00000000 1.00000000 0.00000000 1.00000000 0.00000000 0.00000000 0.00000000 0.00000000 0.00000000 0.00000000 0.00000000 0.00000000 0.00000000 0.00000000 0.00000000 0.00000000 1.00000000 0.00000000 0.00000000 0.00000000 1.00000000 
1700000017.86792 0.244054 0.113201 -0.961844 0.049787 0.021860 -0.006305 0.005497 -0.029563 0.039457 -0.028884 0.000591 -0.000241 0.001196 0.136573 -0.036973 0.065903 0.0000000 1 418.629359 418.629359 505.740581 286.574774 -0.020453 -0.024926 0.019510 -0.005656 -0.660094 0.642445 -0.268559 0.281810 -0.062419 0.031365 0.062150 0 1.00000000 0.00000000 0.00000000 1.00000000 0.00000000 1.00000000 1.00000000 0.00000000 0.00000000 1.00000000 0.00000000 1.00000000 0.00000000 0.00000000 0.00000000 0.00000000 0.00000000 0.00000000 0.00000000 0.00000000 0.00000000 0.00000000 0.00000000 0.00000000 1.00000000 0.00000000 0.00000000 0.00000000 1.00000000 
1700000017.90183 0.243869 0.112993 -0.962285 0.042046 0.020875 -0.005339 0.004599 -0.036778 0.042021 -0.023219 0.000368 -0.000161 0.001618 0.135538 -0.034400 0.065901 0.0000000 1 418.629359 418.629359 505.740581 286.574774 -0.020453 -0.024926 0.019510 -0.005656 -0.660094 0.642445 -0.268559 0.281810 -0.062419 0.031365 0.062150 0 1.00000000 0.00000000 0.00000000 1.00000000 0.00000000 1.00000000 1.00000000 0.00000000 0.00000000 1.00000000 0.00000000 1.00000000 0.00000000 0.00000000 0.00000000 0.00000000 0.00000000 0.00000000 0.00000000 0.00000000 0.00000000 0.00000000 0.00000000 0.00000000 1.00000000 0.00000000 0.00000000 0.00000000 1.00000000 
1700000017.93573 0.244422 0.111550 -0.962634 0.033912 0.019819 -0.004240 0.003921 -0.040109 0.045744 -0.017146 0.000109 -0.000189 0.002065 0.134852 -0.037046 0.064945 0.0000000 1 418.629359 418.629359 505.740581 286.574774 -0.020453 -0.024926 0.019510 -0.005656 -0.660094 0.642445 -0.268559 0.281810 -0.062419 0.031365 0.062150 0 1.00000000 0.00000000 0.00000000 1.00000000 0.00000000 1.00000000 1.00000000 0.00000000 0.00000000 1.00000000 0.00000000 1.00000000 0.00000000 0.00000000 0.00000000 0.00000000 0.00000000 0.00000000 0.00000000 0.00000000 0.00000000 0.00000000 0.00000000 0.00000000 1.00000000 0.00000000 0.00000000 0.00000000 1.00000000 
1700000017.96964 0.245160 0.109026 -0.963011 0.024901 0.018482 -0.003000 0.003477 -0.045613 0.049018 -0.010016 -0.000205 -0.000207 0.002515 0.133902 -0.036594 0.064513 0.0000000 1 418.629359 418.629359 505.740581 286.574774 -0.020453 -0.024926 0.019510 -0.005656 -0.660094 0.642445 -0.268559 0.281810 -0.062419 0.031365 0.062150 0 1.00000000 0.00000000 0.00000000 1.00000000 0.00000000 1.00000000 1.00000000 0.00000000 0.00000000 1.00000000 0.00000000 1.00000000 0.00000000 0.00000000 0.00000000 0.00000000 0.00000000 0.00000000 0.00000000 0.00000000 0.00000000 0.00000000 0.00000000 0.00000000 1.00000000 0.00000000 0.00000000 0.00000000 1.00000000 
1700000018.00354 0.246021 0.104967 -0.963446 0.015106 0.017146 -0.001470 0.003534 -0.043625 0.055067 0.002861 -0.000521 -0.000334 0.002852 0.134599 -0.039504 0.063918 0.0000000 1 418.629359 418.629359 505.740581 286.574774 -0.020453 -0.024926 0.019510 -0.005656 -0.660094 0.642445 -0.268559 0.281810 -0.062419 0.031365 0.062150 0 1.00000000 0.00000000 0.00000000 1.00000000 0.00000000 1.00000000 1.00000000 0.00000000 0.00000000 1.00000000 0.00000000 1.00000000 0.00000000 0.00000000 0.00000000 0.00000000 0.00000000 0.00000000 0.00000000 0.00000000 0.00000000 0.00000000 0.00000000 0.00000000 1.00000000 0.00000000 0.00000000 0.00000000 1.00000000 
1700000018.03745 0.246840 0.100492 -0.963817 0.005225 0.015711 0.000172 0.003677 -0.046351 0.058426 0.006511 -0.000727 -0.000415 0.003310 0.134365 -0.039849 0.063880 0.0000000 1 418.629359 418.629359 505.740581 286.574774 -0.020453 -0.024926 0.019510 -0.005656 -0.660094 0.642445 -0.268559 0.281810 -0.062419 0.031365 0.062150 0 1.00000000 0.00000000 0.00000000 1.00000000 0.00000000 1.00000000 1.00000000 0.00000000 0.00000000 1.00000000 0.00000000 1.00000000 0.00000000 0.00000000 0.00000000 0.00000000 0.00000000 0.00000000 0.00000000 0.00000000 0.00000000 0.00000000 0.00000000 0.00000000 1.00000000 0.00000000 0.00000000 0.00000000 1.00000000 
1700000018.07135 -0.246870 -0.096318 0.964232 0.005860 0.014001 0.002012 0.003721 -0.053431 0.062582 0.002940 -0.000913 -0.000371 0.003844 0.134603 -0.037366 0.064915 0.0000000 1 418.629359 418.629359 505.740581 286.574774 -0.020453 -0.024926 0.019510 -0.005656 -0.660094 0.642445 -0.268559 0.281810 -0.062419 0.031365 0.062150 0 1.00000000 0.00000000 0.00000000 1.00000000 0.00000000 1.00000000 1.00000000 0.00000000 0.00000000 1.00000000 0.00000000 1.00000000 0.00000000 0.00000000 0.00000000 0.00000000 0.00000000 0.00000000 0.00000000 0.00000000 0.00000000 0.00000000 0.00000000 0.00000000 1.00000000 0.00000000 0.00000000 0.00000000 1.00000000 
1700000018.10526 -0.246105 -0.093238 0.964588 0.017568 0.012182 0.004256 0.003367 -0.058650 0.068495 -0.009436 -0.000873 -0.000184 0.004133 0.135371 -0.035860 0.066277 0.0000000 1 418.629359 418.629359 505.740581 286.574774 -0.020453 -0.024926 0.019510 -0.005656 -0.660094 0.642445 -0.268559 0.281810 -0.062419 0.031365 0.062150 0 1.00000000 0.00000000 0.00000000 1.00000000 0.00000000 1.00000000 1.00000000 0.00000000 0.00000000 1.00000000 0.00000000 1.00000000 0.00000000 0.00000000 0.00000000 0.00000000 0.00000000 0.00000000 0.00000000 0.00000000 0.00000000 0.00000000 0.00000000 0.00000000 1.00000000 0.00000000 0.00000000 0.00000000 1.00000000 
1700000018.13916 -0.244831 -0.090963 0.964821 0.030070 0.010601 0.006385 0.003061 -0.055700 0.072342 -0.007634 -0.001041 0.000028 0.004650 0.134739 -0.039506 0.064780 0.0000000 1 418.629359 418.629359 505.740581 286.574774 -0.020453 -0.024926 0.019510 -0.005656 -0.660094 0.642445 -0.268559 0.281810 -0.062419 0.031365 0.062150 0 1.00000000 0.00000000 0.00000000 1.00000000 0.00000000 1.00000000 1.00000000 0.00000000 0.00000000 1.00000000 0.00000000 1.00000000 0.00000000 0.00000000 0.00000000 0.00000000 0.00000000 0.00000000 0.00000000 0.00000000 0.00000000 0.00000000 0.00000000 0.00000000 1.00000000 0.00000000 0.00000000 0.00000000 1.00000000 
1700000018.17307 -0.244015 -0.087857 0.964887 0.041609 0.009122 0.009025 0.003337 -0.047204 0.076153 0.005275 -0.001334 -0.000026 0.004663 0.135640 -0.043384 0.063506 0.0000000 1 418.629359 418.629359 505.740581 286.574774 -0.020453 -0.024926 0.019510 -0.005656 -0.660094 0.642445 -0.268559 0.281810 -0.062419 0.031365 0.062150 0 1.00000000 0.00000000 0.00000000 1.00000000 0.00000000 1.00000000 1.00000000 0.00000000 0.00000000 1.00000000 0.00000000 1.00000000 0.00000000 0.00000000 0.00000000 0.00000000 0.00000000 0.00000000 0.00000000 0.00000000 0.00000000 0.00000000 0.00000000 0.00000000 1.00000000 0.00000000 0.00000000 0.00000000 1.00000000 
1700000018.20697 -0.244173 -0.083982 0.964693 0.051910 0.007813 0.011798 0.003778 -0.039736 0.078332 0.010399 -0.001432 -0.000215 0.004546 0.135575 -0.045720 0.062648 0.0000000 1 418.629359 418.629359 505.740581 286.574774 -0.020453 -0.024926 0.019510 -0.005656 -0.660094 0.642445 -0.268559 0.281810 -0.062419 0.031365 0.062150 0 1.00000000 0.00000000 0.00000000 1.00000000 0.00000000 1.00000000 1.00000000 0.00000000 0.00000000 1.00000000 0.00000000 1.00000000 0.00000000 0.00000000 0.00000000 0.00000000 0.00000000 0.00000000 0.00000000 0.00000000 0.00000000 0.00000000 0.00000000 0.00000000 1.00000000 0.00000000 0.00000000 0.00000000 1.00000000 
1700000018.24088 -0.244994 -0.079828 0.964331 0.060599 0.006862 0.014663 0.004174 -0.024611 0.078669 0.012555 -0.001448 -0.000252 0.004168 0.135542 -0.046174 0.062532 0.0000000 1 418.629359 418.629359 505.740581 286.574774 -0.020453 -0.024926 0.019510 -0.005656 -0.660094 0.642445 -0.268559 0.281810 -0.062419 0.031365 0.062150 0 1.00000000 0.00000000 0.00000000 1.00000000 0.00000000 1.00000000 1.00000000 0.00000000 0.00000000 1.00000000 0.00000000 1.00000000 0.00000000 0.00000000 0.00000000 0.00000000 0.00000000 0.00000000 0.00000000 0.00000000 0.00000000 0.00000000 0.00000000 0.00000000 1.00000000 0.00000000 0.00000000 0.00000000 1.00000000 
1700000018.27478 -0.245353 -0.076717 0.963948 0.068713 0.006079 0.017436 0.003776 -0.022710 0.078374 -0.004939 -0.001300 0.000103 0.004147 0.133106 -0.047035 0.062049 0.0000000 1 418.629359 418.629359 505.740581 286.574774 -0.020453 -0.024926 0.019510 -0.005656 -0.660094 0.642445 -0.268559 0.281810 -0.062419 0.031365 0.062150 0 1.00000000 0.00000000 0.00000000 1.00000000 0.00000000 1.00000000 1.00000000 0.00000000 0.00000000 1.00000000 0.00000000 1.00000000 0.00000000 0.00000000 0.00000000 0.00000000 0.00000000 0.00000000 0.00000000 0.00000000 0.00000000 0.00000000 0.00000000 0.00000000 1.00000000 0.00000000 0.00000000 0.00000000 1.00000000 
1700000018.30869 -0.245834 -0.075350 0.963306 0.077003 0.005144 0.020376 0.003278 -0.016156 0.082485 -0.009893 -0.001151 0.000285 0.003926 0.130698 -0.046231 0.061442 0.0000000 1 418.629359 418.629359 505.740581 286.574774 -0.020453 -0.024926 0.019510 -0.005656 -0.660094 0.642445 -0.268559 0.281810 -0.062419 0.031365 0.062150 0 1.00000000 0.00000000 0.00000000 1.00000000 0.00000000 1.00000000 1.00000000 0.00000000 0.00000000 1.00000000 0.00000000 1.00000000 0.00000000 0.00000000 0.00000000 0.00000000 0.00000000 0.00000000 0.00000000 0.00000000 0.00000000 0.00000000 0.00000000 0.00000000 1.00000000 0.00000000 0.00000000 0.00000000 1.00000000 
1700000018.34259 -0.245402 -0.074786 0.962787 0.085007 0.004128 0.023509 0.002607 -0.019615 0.087252 -0.012267 -0.001025 0.000657 0.003663 0.128690 -0.051043 0.059642 0.0000000 1 418.629359 418.629359 505.740581 286.574774 -0.020453 -0.024926 0.019510 -0.005656 -0.660094 0.642445 -0.268559 0.281810 -0.062419 0.031365 0.062150 0 1.00000000 0.00000000 0.00000000 1.00000000 0.00000000 1.00000000 1.00000000 0.00000000 0.00000000 1.00000000 0.00000000 1.00000000 0.00000000 0.00000000 0.00000000 0.00000000 0.00000000 0.00000000 0.00000000 0.00000000 0.00000000 0.00000000 0.00000000 0.00000000 1.00000000 0.00000000 0.00000000 0.00000000 1.00000000 
1700000018.37650 -0.244823 -0.074819 0.962070 0.094261 0.003377 0.026741 0.002327 -0.021289 0.095016 -0.006417 -0.001181 0.000833 0.003628 0.127770 -0.053790 0.058186 0.0000000 1 418.629359 418.629359 505.740581 286.574774 -0.020453 -0.024926 0.019510 -0.005656 -0.660094 0.642445 -0.268559 0.281810 -0.062419 0.031365 0.062150 0 1.00000000 0.00000000 0.00000000 1.00000000 0.00000000 1.00000000 1.00000000 0.00000000 0.00000000 1.00000000 0.00000000 1.00000000 0.00000000 0.00000000 0.00000000 0.00000000 0.00000000 0.00000000 0.00000000 0.00000000 0.00000000 0.00000000 0.00000000 0.00000000 1.00000000 0.00000000 0.00000000 0.00000000 1.00000000 
1700000018.41040 -0.245003 -0.074681 0.961132 0.103065 0.003357 0.029887 0.003013 -0.009475 0.097562 0.006723 -0.001134 0.000733 0.003629 0.129681 -0.047733 0.059697 0.0000000 1 418.629359 418.629359 505.740581 286.574774 -0.020453 -0.024926 0.019510 -0.005656 -0.660094 0.642445 -0.268559 0.281810 -0.062419 0.031365 0.062150 0 1.00000000 0.00000000 0.00000000 1.00000000 0.00000000 1.00000000 1.00000000 0.00000000 0.00000000 1.00000000 0.00000000 1.00000000 0.00000000 0.00000000 0.00000000 0.00000000 0.00000000 0.00000000 0.00000000 0.00000000 0.00000000 0.00000000 0.00000000 0.00000000 1.00000000 0.00000000 0.00000000 0.00000000 1.00000000 
1700000018.44431 -0.245138 -0.073896 0.960388 0.110006 0.003333 0.033206 0.002937 -0.006984 0.099458 -0.004228 -0.000961 0.000976 0.003614 0.129099 -0.045330 0.060370 0.0000000 1 418.629359 418.629359 505.740581 286.574774 -0.020453 -0.024926 0.019510 -0.005656 -0.660094 0.642445 -0.268559 0.281810 -0.062419 0.031365 0.062150 0 1.00000000 0.00000000 0.00000000 1.00000000 0.00000000 1.00000000 1.00000000 0.00000000 0.00000000 1.00000000 0.00000000 1.00000000 0.00000000 0.00000000 0.00000000 0.00000000 0.00000000 0.00000000 0.00000000 0.00000000 0.00000000 0.00000000 0.00000000 0.00000000 1.00000000 0.00000000 0.00000000 0.00000000 1.00000000 
1700000018.47821 -0.245636 -0.073450 0.959475 0.116946 0.002580 0.036747 0.002937 -0.018215 0.101418 -0.005219 -0.000934 0.000845 0.003563 0.128788 -0.051414 0.058491 0.0000000 1 418.629359 418.629359 505.740581 286.574774 -0.020453 -0.024926 0.019510 -0.005656 -0.660094 0.642445 -0.268559 0.281810 -0.062419 0.031365 0.062150 0 1.00000000 0.00000000 0.00000000 1.00000000 0.00000000 1.00000000 1.00000000 0.00000000 0.00000000 1.00000000 0.00000000 1.00000000 0.00000000 0.00000000 0.00000000 0.00000000 0.00000000 0.00000000 0.00000000 0.00000000 0.00000000 0.00000000 0.00000000 0.00000000 1.00000000 0.00000000 0.00000000 0.00000000 1.00000000 
1700000018.51212 -0.246112 -0.073268 0.958682 0.122435 0.002593 0.040182 0.003638 0.000862 0.093103 0.011570 -0.000732 0.000651 0.003022 0.132476 -0.036277 0.063028 0.0000000 1 418.629359 418.629359 505.740581 286.574774 -0.020453 -0.024926 0.019510 -0.005656 -0.660094 0.642445 -0.268559 0.281810 -0.062419 0.031365 0.062150 0 1.00000000 0.00000000 0.00000000 1.00000000 0.00000000 1.00000000 1.00000000 0.00000000 0.00000000 1.00000000 0.00000000 1.00000000 0.00000000 0.00000000 0.00000000 0.00000000 0.00000000 0.00000000 0.00000000 0.00000000 0.00000000 0.00000000 0.00000000 0.00000000 1.00000000 0.00000000 0.00000000 0.00000000 1.00000000 
1700000018.54602 -0.247559 -0.072173 0.958145 0.124350 0.003157 0.043270 0.004839 0.018492 0.082468 0.024387 -0.000438 0.000344 0.002336 0.135668 -0.022703 0.067293 0.0000000 1 418.629359 418.629359 505.740581 286.574774 -0.020453 -0.024926 0.019510 -0.005656 -0.660094 0.642445 -0.268559 0.281810 -0.062419 0.031365 0.062150 0 1.00000000 0.00000000 0.00000000 1.00000000 0.00000000 1.00000000 1.00000000 0.00000000 0.00000000 1.00000000 0.00000000 1.00000000 0.00000000 0.00000000 0.00000000 0.00000000 0.00000000 0.00000000 0.00000000 0.00000000 0.00000000 0.00000000 0.00000000 0.00000000 1.00000000 0.00000000 0.00000000 0.00000000 1.00000000 
1700000018.57993 -0.248551 -0.070179 0.958076 0.124044 0.003637 0.045925 0.005840 0.020451 0.069873 0.024632 -0.000045 0.000357 0.001950 0.137774 -0.026401 0.067786 0.0000000 1 418.629359 418.629359 505.740581 286.574774 -0.020453 -0.024926 0.019510 -0.005656 -0.660094 0.642445 -0.268559 0.281810 -0.062419 0.031365 0.062150 0 1.00000000 0.00000000 0.00000000 1.00000000 0.00000000 1.00000000 1.00000000 0.00000000 0.00000000 1.00000000 0.00000000 1.00000000 0.00000000 0.00000000 0.00000000 0.00000000 0.00000000 0.00000000 0.00000000 0.00000000 0.00000000 0.00000000 0.00000000 0.00000000 1.00000000 0.00000000 0.00000000 0.00000000 1.00000000 
1700000018.61383 -0.248172 -0.069062 0.958406 0.122877 0.004235 0.048381 0.006321 0.023072 0.057866 0.016937 0.000272 0.000603 0.001673 0.137291 -0.029494 0.067433 0.0000000 1 418.629359 418.629359 505.740581 286.574774 -0.020453 -0.024926 0.019510 -0.005656 -0.660094 0.642445 -0.268559 0.281810 -0.062419 0.031365 0.062150 0 1.00000000 0.00000000 0.00000000 1.00000000 0.00000000 1.00000000 1.00000000 0.00000000 0.00000000 1.00000000 0.00000000 1.00000000 0.00000000 0.00000000 0.00000000 0.00000000 0.00000000 0.00000000 0.00000000 0.00000000 0.00000000 0.00000000 0.00000000 0.00000000 1.00000000 0.00000000 0.00000000 0.00000000 1.00000000 
1700000018.64774 -0.246542 -0.069189 0.959084 0.120783 0.004717 0.050365 0.006487 0.020485 0.049061 0.009097 0.000562 0.000854 0.001377 0.136081 -0.036471 0.065767 0.0000000 1 418.629359 418.629359 505.740581 286.574774 -0.020453 -0.024926 0.019510 -0.005656 -0.660094 0.642445 -0.268559 0.281810 -0.062419 0.031365 0.062150 0 1.00000000 0.00000000 0.00000000 1.00000000 0.00000000 1.00000000 1.00000000 0.00000000 0.00000000 1.00000000 0.00000000 1.00000000 0.00000000 0.00000000 0.00000000 0.00000000 0.00000000 0.00000000 0.00000000 0.00000000 0.00000000 0.00000000 0.00000000 0.00000000 1.00000000 0.00000000 0.00000000 0.00000000 1.00000000 
1700000018.68164 -0.243813 -0.069931 0.959979 0.118762 0.004630 0.052057 0.006401 0.004053 0.045161 0.003621 0.000677 0.001101 0.001338 0.135042 -0.051394 0.062158 0.0000000 1 418.629359 418.629359 505.740581 286.574774 -0.020453 -0.024926 0.019510 -0.005656 -0.660094 0.642445 -0.268559 0.281810 -0.062419 0.031365 0.062150 0 1.00000000 0.00000000 0.00000000 1.00000000 0.00000000 1.00000000 1.00000000 0.00000000 0.00000000 1.00000000 0.00000000 1.00000000 0.00000000 0.00000000 0.00000000 0.00000000 0.00000000 0.00000000 0.00000000 0.00000000 0.00000000 0.00000000 0.00000000 0.00000000 1.00000000 0.00000000 0.00000000 0.00000000 1.00000000 
1700000018.71555 -0.240566 -0.071238 0.960724 0.118588 0.004530 0.053671 0.006650 -0.003865 0.045135 0.009226 0.000577 0.001137 0.001492 0.132909 -0.054537 0.060061 0.0000000 1 418.629359 418.629359 505.740581 286.574774 -0.020453 -0.024926 0.019510 -0.005656 -0.660094 0.642445 -0.268559 0.281810 -0.062419 0.031365 0.062150 0 1.00000000 0.00000000 0.00000000 1.00000000 0.00000000 1.00000000 1.00000000 0.00000000 0.00000000 1.00000000 0.00000000 1.00000000 0.00000000 0.00000000 0.00000000 0.00000000 0.00000000 0.00000000 0.00000000 0.00000000 0.00000000 0.00000000 0.00000000 0.00000000 1.00000000 0.00000000 0.00000000 0.00000000 1.00000000 
1700000018.74945 -0.237797 -0.072260 0.961395 0.118110 0.004946 0.055244 0.007573 0.005817 0.040876 0.023214 0.000405 0.000913 0.001312 0.132795 -0.040602 0.062557 0.0000000 1 418.629359 418.629359 505.740581 286.574774 -0.020453 -0.024926 0.019510 -0.005656 -0.660094 0.642445 -0.268559 0.281810 -0.062419 0.031365 0.062150 0 1.00000000 0.00000000 0.00000000 1.00000000 0.00000000 1.00000000 1.00000000 0.00000000 0.00000000 1.00000000 0.00000000 1.00000000 0.00000000 0.00000000 0.00000000 0.00000000 0.00000000 0.00000000 0.00000000 0.00000000 0.00000000 0.00000000 0.00000000 0.00000000 1.00000000 0.00000000 0.00000000 0.00000000 1.00000000 
1700000018.78336 -0.236731 -0.071493 0.961949 0.116199 0.005240 0.056470 0.008692 0.006557 0.034976 0.030859 0.000147 0.000459 0.001247 0.134543 -0.033740 0.064888 0.0000000 1 418.629359 418.629359 505.740581 286.574774 -0.020453 -0.024926 0.019510 -0.005656 -0.660094 0.642445 -0.268559 0.281810 -0.062419 0.031365 0.062150 0 1.00000000 0.00000000 0.00000000 1.00000000 0.00000000 1.00000000 1.00000000 0.00000000 0.00000000 1.00000000 0.00000000 1.00000000 0.00000000 0.00000000 0.00000000 0.00000000 0.00000000 0.00000000 0.00000000 0.00000000 0.00000000 0.00000000 0.00000000 0.00000000 1.00000000 0.00000000 0.00000000 0.00000000 1.00000000 
1700000018.81726 -0.236076 -0.069657 0.962544 0.113684 0.005629 0.057799 0.009888 0.011141 0.030813 0.032407 0.000157 0.000151 0.001017 0.133372 -0.025743 0.066196 0.0000000 1 418.629359 418.629359 505.740581 286.574774 -0.020453 -0.024926 0.019510 -0.005656 -0.660094 0.642445 -0.268559 0.281810 -0.062419 0.031365 0.062150 0 1.00000000 0.00000000 0.00000000 1.00000000 0.00000000 1.00000000 1.00000000 0.00000000 0.00000000 1.00000000 0.00000000 1.00000000 0.00000000 0.00000000 0.00000000 0.00000000 0.00000000 0.00000000 0.00000000 0.00000000 0.00000000 0.00000000 0.00000000 0.00000000 1.00000000 0.00000000 0.00000000 0.00000000 1.00000000 
1700000018.85117 -0.236013 -0.067981 0.963147 0.109657 0.006157 0.059014 0.010741 0.018715 0.021953 0.025945 0.000280 0.000033 0.000657 0.132145 -0.020263 0.067294 0.0000000 1 418.629359 418.629359 505.740581 286.574774 -0.020453 -0.024926 0.019510 -0.005656 -0.660094 0.642445 -0.268559 0.281810 -0.062419 0.031365 0.062150 0 1.00000000 0.00000000 0.00000000 1.00000000 0.00000000 1.00000000 1.00000000 0.00000000 0.00000000 1.00000000 0.00000000 1.00000000 0.00000000 0.00000000 0.00000000 0.00000000 0.00000000 0.00000000 0.00000000 0.00000000 0.00000000 0.00000000 0.00000000 0.00000000 1.00000000 0.00000000 0.00000000 0.00000000 1.00000000 
1700000018.88507 -0.235709 -0.066877 0.963879 0.104428 0.006871 0.059731 0.011477 0.025781 0.007530 0.020051 0.000416 0.000013 0.000259 0.132102 -0.017600 0.068214 0.0000000 1 418.629359 418.629359 505.740581 286.574774 -0.020453 -0.024926 0.019510 -0.005656 -0.660094 0.642445 -0.268559 0.281810 -0.062419 0.031365 0.062150 0 1.00000000 0.00000000 0.00000000 1.00000000 0.00000000 1.00000000 1.00000000 0.00000000 0.00000000 1.00000000 0.00000000 1.00000000 0.00000000 0.00000000 0.00000000 0.00000000 0.00000000 0.00000000 0.00000000 0.00000000 0.00000000 0.00000000 0.00000000 0.00000000 1.00000000 0.00000000 0.00000000 0.00000000 1.00000000 
1700000018.91898 -0.235092 -0.067282 0.964705 0.097717 0.007634 0.059741 0.011899 0.031213 -0.009904 0.005886 0.000815 0.000050 0.000049 0.132406 -0.018437 0.068547 0.0000000 1 418.629359 418.629359 505.740581 286.574774 -0.020453 -0.024926 0.019510 -0.005656 -0.660094 0.642445 -0.268559 0.281810 -0.062419 0.031365 0.062150 0 1.00000000 0.00000000 0.00000000 1.00000000 0.00000000 1.00000000 1.00000000 0.00000000 0.00000000 1.00000000 0.00000000 1.00000000 0.00000000 0.00000000 0.00000000 0.00000000 0.00000000 0.00000000 0.00000000 0.00000000 0.00000000 0.00000000 0.00000000 0.00000000 1.00000000 0.00000000 0.00000000 0.00000000 1.00000000 
1700000018.95288 -0.233547 -0.069099 0.965728 0.089730 0.008545 0.059203 0.012157 0.036208 -0.024696 -0.000124 0.001055 0.000066 -0.000143 0.133308 -0.020993 0.068372 0.0000000 1 418.629359 418.629359 505.740581 286.574774 -0.020453 -0.024926 0.019510 -0.005656 -0.660094 0.642445 -0.268559 0.281810 -0.062419 0.031365 0.062150 0 1.00000000 0.00000000 0.00000000 1.00000000 0.00000000 1.00000000 1.00000000 0.00000000 0.00000000 1.00000000 0.00000000 1.00000000 0.00000000 0.00000000 0.00000000 0.00000000 0.00000000 0.00000000 0.00000000 0.00000000 0.00000000 0.00000000 0.00000000 0.00000000 1.00000000 0.00000000 0.00000000 0.00000000 1.00000000 
1700000018.98679 -0.231222 -0.071312 0.966888 0.081111 0.009665 0.058380 0.011879 0.037514 -0.036396 -0.013311 0.001190 0.000148 -0.000307 0.132964 -0.021082 0.068417 0.0000000 1 418.629359 418.629359 505.740581 286.574774 -0.020453 -0.024926 0.019510 -0.005656 -0.660094 0.642445 -0.268559 0.281810 -0.062419 0.031365 0.062150 0 1.00000000 0.00000000 0.00000000 1.00000000 0.00000000 1.00000000 1.00000000 0.00000000 0.00000000 1.00000000 0.00000000 1.00000000 0.00000000 0.00000000 0.00000000 0.00000000 0.00000000 0.00000000 0.00000000 0.00000000 0.00000000 0.00000000 0.00000000 0.00000000 1.00000000 0.00000000 0.00000000 0.00000000 1.00000000 
1700000019.02069 -0.229427 -0.074328 0.967744 0.072868 0.010665 0.056760 0.011517 0.035908 -0.050200 -0.021377 0.001376 0.000069 -0.000129 0.133354 -0.023856 0.067860 0.0000000 1 418.629359 418.629359 505.740581 286.574774 -0.020453 -0.024926 0.019510 -0.005656 -0.660094 0.642445 -0.268559 0.281810 -0.062419 0.031365 0.062150 0 1.00000000 0.00000000 0.00000000 1.00000000 0.00000000 1.00000000 1.00000000 0.00000000 0.00000000 1.00000000 0.00000000 1.00000000 0.00000000 0.00000000 0.00000000 0.00000000 0.00000000 0.00000000 0.00000000 0.00000000 0.00000000 0.00000000 0.00000000 0.00000000 1.00000000 0.00000000 0.00000000 0.00000000 1.00000000 
1700000019.05460 -0.227389 -0.077229 0.968639 0.063784 0.012272 0.054789 0.010854 0.044599 -0.060899 -0.026125 0.001425 0.000066 0.000034 0.133361 -0.021419 0.068428 0.0000000 1 418.629359 418.629359 505.740581 286.574774 -0.020453 -0.024926 0.019510 -0.005656 -0.660094 0.642445 -0.268559 0.281810 -0.062419 0.031365 0.062150 0 1.00000000 0.00000000 0.00000000 1.00000000 0.00000000 1.00000000 1.00000000 0.00000000 0.00000000 1.00000000 0.00000000 1.00000000 0.00000000 0.00000000 0.00000000 0.00000000 0.00000000 0.00000000 0.00000000 0.00000000 0.00000000 0.00000000 0.00000000 0.00000000 1.00000000 0.00000000 0.00000000 0.00000000 1.00000000 
1700000019.08850 -0.225947 -0.079928 0.969364 0.053780 0.013734 0.052679 0.010007 0.043120 -0.067052 -0.029692 0.001532 0.000018 0.000091 0.132714 -0.021189 0.068225 0.0000000 1 418.629359 418.629359 505.740581 286.574774 -0.020453 -0.024926 0.019510 -0.005656 -0.660094 0.642445 -0.268559 0.281810 -0.062419 0.031365 0.062150 0 1.00000000 0.00000000 0.00000000 1.00000000 0.00000000 1.00000000 1.00000000 0.00000000 0.00000000 1.00000000 0.00000000 1.00000000 0.00000000 0.00000000 0.00000000 0.00000000 0.00000000 0.00000000 0.00000000 0.00000000 0.00000000 0.00000000 0.00000000 0.00000000 1.00000000 0.00000000 0.00000000 0.00000000 1.00000000 
1700000019.12241 -0.224778 -0.082344 0.969931 0.043914 0.015189 0.050446 0.009063 0.040491 -0.068434 -0.027828 0.001470 -0.000012 0.000227 0.132287 -0.020518 0.068253 0.0000000 1 418.629359 418.629359 505.740581 286.574774 -0.020453 -0.024926 0.019510 -0.005656 -0.660094 0.642445 -0.268559 0.281810 -0.062419 0.031365 0.062150 0 1.00000000 0.00000000 0.00000000 1.00000000 0.00000000 1.00000000 1.00000000 0.00000000 0.00000000 1.00000000 0.00000000 1.00000000 0.00000000 0.00000000 0.00000000 0.00000000 0.00000000 0.00000000 0.00000000 0.00000000 0.00000000 0.00000000 0.00000000 0.00000000 1.00000000 0.00000000 0.00000000 0.00000000 1.00000000 
1700000019.15631 -0.224081 -0.084081 0.970305 0.035014 0.016500 0.048503 0.008344 0.034770 -0.062254 -0.021725 0.001333 -0.000167 0.000427 0.131724 -0.019254 0.068318 0.0000000 1 418.629359 418.629359 505.740581 286.574774 -0.020453 -0.024926 0.019510 -0.005656 -0.660094 0.642445 -0.268559 0.281810 -0.062419 0.031365 0.062150 0 1.00000000 0.00000000 0.00000000 1.00000000 0.00000000 1.00000000 1.00000000 0.00000000 0.00000000 1.00000000 0.00000000 1.00000000 0.00000000 0.00000000 0.00000000 0.00000000 0.00000000 0.00000000 0.00000000 0.00000000 0.00000000 0.00000000 0.00000000 0.00000000 1.00000000 0.00000000 0.00000000 0.00000000 1.00000000 
1700000019.19022 -0.223789 -0.084639 0.970580 0.027016 0.017802 0.046558 0.008075 0.038080 -0.058117 -0.004460 0.001017 -0.000406 0.000526 0.131662 -0.018970 0.068247 0.0000000 1 418.629359 418.629359 505.740581 286.574774 -0.020453 -0.024926 0.019510 -0.005656 -0.660094 0.642445 -0.268559 0.281810 -0.062419 0.031365 0.062150 0 1.00000000 0.00000000 0.00000000 1.00000000 0.00000000 1.00000000 1.00000000 0.00000000 0.00000000 1.00000000 0.00000000 1.00000000 0.00000000 0.00000000 0.00000000 0.00000000 0.00000000 0.00000000 0.00000000 0.00000000 0.00000000 0.00000000 0.00000000 0.00000000 1.00000000 0.00000000 0.00000000 0.00000000 1.00000000 
1700000019.22412 -0.223992 -0.083749 0.970822 0.017844 0.019309 0.044446 0.008260 0.044355 -0.061386 0.011130 0.000822 -0.000555 0.000510 0.131564 -0.018892 0.068349 0.0000000 1 418.629359 418.629359 505.740581 286.574774 -0.020453 -0.024926 0.019510 -0.005656 -0.660094 0.642445 -0.268559 0.281810 -0.062419 0.031365 0.062150 0 1.00000000 0.00000000 0.00000000 1.00000000 0.00000000 1.00000000 1.00000000 0.00000000 0.00000000 1.00000000 0.00000000 1.00000000 0.00000000 0.00000000 0.00000000 0.00000000 0.00000000 0.00000000 0.00000000 0.00000000 0.00000000 0.00000000 0.00000000 0.00000000 1.00000000 0.00000000 0.00000000 0.00000000 1.00000000 
1700000019.25803 -0.223806 -0.082799 0.971078 0.007926 0.020763 0.042283 0.008854 0.048067 -0.066922 0.015821 0.000846 -0.000639 0.000460 0.131456 -0.017753 0.068668 0.0000000 1 418.629359 418.629359 505.740581 286.574774 -0.020453 -0.024926 0.019510 -0.005656 -0.660094 0.642445 -0.268559 0.281810 -0.062419 0.031365 0.062150 0 1.00000000 0.00000000 0.00000000 1.00000000 0.00000000 1.00000000 1.00000000 0.00000000 0.00000000 1.00000000 0.00000000 1.00000000 0.00000000 0.00000000 0.00000000 0.00000000 0.00000000 0.00000000 0.00000000 0.00000000 0.00000000 0.00000000 0.00000000 0.00000000 1.00000000 0.00000000 0.00000000 0.00000000 1.00000000 
1700000019.29193 0.222626 0.084374 -0.971242 0.002594 0.022295 0.040130 0.009273 0.045967 -0.069359 0.002782 0.001170 -0.000697 0.000514 0.132848 -0.014984 0.070257 0.0000000 1 418.629359 418.629359 505.740581 286.574774 -0.020453 -0.024926 0.019510 -0.005656 -0.660094 0.642445 -0.268559 0.281810 -0.062419 0.031365 0.062150 0 1.00000000 0.00000000 0.00000000 1.00000000 0.00000000 1.00000000 1.00000000 0.00000000 0.00000000 1.00000000 0.00000000 1.00000000 0.00000000 0.00000000 0.00000000 0.00000000 0.00000000 0.00000000 0.00000000 0.00000000 0.00000000 0.00000000 0.00000000 0.00000000 1.00000000 0.00000000 0.00000000 0.00000000 1.00000000 
1700000019.32584 0.220324 0.088514 -0.971326 0.012231 0.023940 0.037738 0.009412 0.048084 -0.070392 0.000705 0.001296 -0.000668 0.000728 0.134398 -0.013270 0.071413 0.0000000 1 418.629359 418.629359 505.740581 286.574774 -0.020453 -0.024926 0.019510 -0.005656 -0.660094 0.642445 -0.268559 0.281810 -0.062419 0.031365 0.062150 0 1.00000000 0.00000000 0.00000000 1.00000000 0.00000000 1.00000000 1.00000000 0.00000000 0.00000000 1.00000000 0.00000000 1.00000000 0.00000000 0.00000000 0.00000000 0.00000000 0.00000000 0.00000000 0.00000000 0.00000000 0.00000000 0.00000000 0.00000000 0.00000000 1.00000000 0.00000000 0.00000000 0.00000000 1.00000000 
1700000019.35974 0.217375 0.092305 -0.971447 0.022782 0.025802 0.035084 0.009502 0.051238 -0.076810 0.003618 0.001281 -0.000681 0.000719 0.133731 -0.013606 0.071164 0.0000000 1 418.629359 418.629359 505.740581 286.574774 -0.020453 -0.024926 0.019510 -0.005656 -0.660094 0.642445 -0.268559 0.281810 -0.062419 0.031365 0.062150 0 1.00000000 0.00000000 0.00000000 1.00000000 0.00000000 1.00000000 1.00000000 0.00000000 0.00000000 1.00000000 0.00000000 1.00000000 0.00000000 0.00000000 0.00000000 0.00000000 0.00000000 0.00000000 0.00000000 0.00000000 0.00000000 0.00000000 0.00000000 0.00000000 1.00000000 0.00000000 0.00000000 0.00000000 1.00000000 
1700000019.39365 0.215026 0.095980 -0.971318 0.033064 0.027655 0.032439 0.009704 0.049863 -0.078494 0.005011 0.001205 -0.000643 0.000831 0.134978 -0.012666 0.072047 0.0000000 1 418.629359 418.629359 505.740581 286.574774 -0.020453 -0.024926 0.019510 -0.005656 -0.660094 0.642445 -0.268559 0.281810 -0.062419 0.031365 0.062150 0 1.00000000 0.00000000 0.00000000 1.00000000 0.00000000 1.00000000 1.00000000 0.00000000 0.00000000 1.00000000 0.00000000 1.00000000 0.00000000 0.00000000 0.00000000 0.00000000 0.00000000 0.00000000 0.00000000 0.00000000 0.00000000 0.00000000 0.00000000 0.00000000 1.00000000 0.00000000 0.00000000 0.00000000 1.00000000 
1700000019.42755 0.212858 0.099254 -0.971149 0.041349 0.029419 0.029977 0.010072 0.046771 -0.075125 0.009391 0.001009 -0.000663 0.001034 0.138686 -0.011339 0.074243 0.0000000 1 418.629359 418.629359 505.740581 286.574774 -0.020453 -0.024926 0.019510 -0.005656 -0.660094 0.642445 -0.268559 0.281810 -0.062419 0.031365 0.062150 0 1.00000000 0.00000000 0.00000000 1.00000000 0.00000000 1.00000000 1.00000000 0.00000000 0.00000000 1.00000000 0.00000000 1.00000000 0.00000000 0.00000000 0.00000000 0.00000000 0.00000000 0.00000000 0.00000000 0.00000000 0.00000000 0.00000000 0.00000000 0.00000000 1.00000000 0.00000000 0.00000000 0.00000000 1.00000000 
1700000019.46146 0.210507 0.101491 -0.971040 0.049668 0.031416 0.027526 0.010404 0.049542 -0.077558 0.017260 0.000790 -0.000399 0.000895 0.137651 -0.012624 0.073504 0.0000000 1 418.629359 418.629359 505.740581 286.574774 -0.020453 -0.024926 0.019510 -0.005656 -0.660094 0.642445 -0.268559 0.281810 -0.062419 0.031365 0.062150 0 1.00000000 0.00000000 0.00000000 1.00000000 0.00000000 1.00000000 1.00000000 0.00000000 0.00000000 1.00000000 0.00000000 1.00000000 0.00000000 0.00000000 0.00000000 0.00000000 0.00000000 0.00000000 0.00000000 0.00000000 0.00000000 0.00000000 0.00000000 0.00000000 1.00000000 0.00000000 0.00000000 0.00000000 1.00000000 
1700000019.49536 0.209260 0.102794 -0.970688 0.058384 0.033558 0.024951 0.010800 0.053203 -0.074589 0.020152 0.000399 -0.000183 0.001031 0.137824 -0.015514 0.073141 0.0000000 1 418.629359 418.629359 505.740581 286.574774 -0.020453 -0.024926 0.019510 -0.005656 -0.660094 0.642445 -0.268559 0.281810 -0.062419 0.031365 0.062150 0 1.00000000 0.00000000 0.00000000 1.00000000 0.00000000 1.00000000 1.00000000 0.00000000 0.00000000 1.00000000 0.00000000 1.00000000 0.00000000 0.00000000 0.00000000 0.00000000 0.00000000 0.00000000 0.00000000 0.00000000 0.00000000 0.00000000 0.00000000 0.00000000 1.00000000 0.00000000 0.00000000 0.00000000 1.00000000 
1700000019.52927 0.208606 0.104421 -0.970129 0.066553 0.035065 0.021921 0.012829 0.048206 -0.071583 0.029594 0.000996 -0.000958 0.001417 0.139773 -0.017165 0.073026 0.0000000 1 418.629359 418.629359 505.740581 286.574774 -0.020453 -0.024926 0.019510 -0.005656 -0.660094 0.642445 -0.268559 0.281810 -0.062419 0.031365 0.062150 0 1.00000000 0.00000000 0.00000000 1.00000000 0.00000000 1.00000000 1.00000000 0.00000000 0.00000000 1.00000000 0.00000000 1.00000000 0.00000000 0.00000000 0.00000000 0.00000000 0.00000000 0.00000000 0.00000000 0.00000000 0.00000000 0.00000000 0.00000000 0.00000000 1.00000000 0.00000000 0.00000000 0.00000000 1.00000000 
1700000019.56317 0.206716 0.105746 -0.969813 0.074490 0.036372 0.019521 0.014105 0.036178 -0.066352 0.024612 0.001256 -0.001166 0.001501 0.141262 -0.013803 0.074302 0.0000000 1 418.629359 418.629359 505.740581 286.574774 -0.020453 -0.024926 0.019510 -0.005656 -0.660094 0.642445 -0.268559 0.281810 -0.062419 0.031365 0.062150 0 1.00000000 0.00000000 0.00000000 1.00000000 0.00000000 1.00000000 1.00000000 0.00000000 0.00000000 1.00000000 0.00000000 1.00000000 0.00000000 0.00000000 0.00000000 0.00000000 0.00000000 0.00000000 0.00000000 0.00000000 0.00000000 0.00000000 0.00000000 0.00000000 1.00000000 0.00000000 0.00000000 0.00000000 1.00000000 
1700000019.59708 0.204803 0.106884 -0.969538 0.081412 0.037628 0.017498 0.015006 0.024015 -0.059673 0.014027 0.001413 -0.001312 0.001654 0.146468 -0.015042 0.076639 0.0000000 1 418.629359 418.629359 505.740581 286.574774 -0.020453 -0.024926 0.019510 -0.005656 -0.660094 0.642445 -0.268559 0.281810 -0.062419 0.031365 0.062150 0 1.00000000 0.00000000 0.00000000 1.00000000 0.00000000 1.00000000 1.00000000 0.00000000 0.00000000 1.00000000 0.00000000 1.00000000 0.00000000 0.00000000 0.00000000 0.00000000 0.00000000 0.00000000 0.00000000 0.00000000 0.00000000 0.00000000 0.00000000 0.00000000 1.00000000 0.00000000 0.00000000 0.00000000 1.00000000 
1700000019.63098 0.203416 0.108408 -0.969131 0.087486 0.038297 0.015296 0.015567 0.014767 -0.056251 0.008185 0.001506 -0.001682 0.001902 0.147050 -0.017346 0.076453 0.0000000 1 418.629359 418.629359 505.740581 286.574774 -0.020453 -0.024926 0.019510 -0.005656 -0.660094 0.642445 -0.268559 0.281810 -0.062419 0.031365 0.062150 0 1.00000000 0.00000000 0.00000000 1.00000000 0.00000000 1.00000000 1.00000000 0.00000000 0.00000000 1.00000000 0.00000000 1.00000000 0.00000000 0.00000000 0.00000000 0.00000000 0.00000000 0.00000000 0.00000000 0.00000000 0.00000000 0.00000000 0.00000000 0.00000000 1.00000000 0.00000000 0.00000000 0.00000000 1.00000000 
1700000019.66489 0.201487 0.108525 -0.968952 0.093583 0.038954 0.012723 0.015808 0.011118 -0.057920 0.007586 0.001566 -0.001865 0.002412 0.143025 -0.025373 0.072485 0.0000000 1 418.629359 418.629359 505.740581 286.574774 -0.020453 -0.024926 0.019510 -0.005656 -0.660094 0.642445 -0.268559 0.281810 -0.062419 0.031365 0.062150 0 1.00000000 0.00000000 0.00000000 1.00000000 0.00000000 1.00000000 1.00000000 0.00000000 0.00000000 1.00000000 0.00000000 1.00000000 0.00000000 0.00000000 0.00000000 0.00000000 0.00000000 0.00000000 0.00000000 0.00000000 0.00000000 0.00000000 0.00000000 0.00000000 1.00000000 0.00000000 0.00000000 0.00000000 1.00000000 
1700000019.69879 0.200949 0.108306 -0.968421 0.100252 0.039436 0.010807 0.016043 0.002354 -0.055291 -0.000716 0.001698 -0.001977 0.002708 0.147954 -0.030790 0.073918 0.0000000 1 418.629359 418.629359 505.740581 286.574774 -0.020453 -0.024926 0.019510 -0.005656 -0.660094 0.642445 -0.268559 0.281810 -0.062419 0.031365 0.062150 0 1.00000000 0.00000000 0.00000000 1.00000000 0.00000000 1.00000000 1.00000000 0.00000000 0.00000000 1.00000000 0.00000000 1.00000000 0.00000000 0.00000000 0.00000000 0.00000000 0.00000000 0.00000000 0.00000000 0.00000000 0.00000000 0.00000000 0.00000000 0.00000000 1.00000000 0.00000000 0.00000000 0.00000000 1.00000000 
1700000019.73270 0.200654 0.109264 -0.967855 0.105151 0.039522 0.009005 0.016140 0.000271 -0.049531 -0.001964 0.001873 -0.002072 0.002999 0.153995 -0.032621 0.076656 0.0000000 1 418.629359 418.629359 505.740581 286.574774 -0.020453 -0.024926 0.019510 -0.005656 -0.660094 0.642445 -0.268559 0.281810 -0.062419 0.031365 0.062150 0 1.00000000 0.00000000 0.00000000 1.00000000 0.00000000 1.00000000 1.00000000 0.00000000 0.00000000 1.00000000 0.00000000 1.00000000 0.00000000 0.00000000 0.00000000 0.00000000 0.00000000 0.00000000 0.00000000 0.00000000 0.00000000 0.00000000 0.00000000 0.00000000 1.00000000 0.00000000 0.00000000 0.00000000 1.00000000 
1700000019.76660 0.199092 0.110284 -0.967690 0.108514 0.039504 0.007107 0.016339 -0.000899 -0.045036 0.011714 0.001914 -0.002075 0.003611 0.154984 -0.028077 0.078040 0.0000000 1 418.629359 418.629359 505.740581 286.574774 -0.020453 -0.024926 0.019510 -0.005656 -0.660094 0.642445 -0.268559 0.281810 -0.062419 0.031365 0.062150 0 1.00000000 0.00000000 0.00000000 1.00000000 0.00000000 1.00000000 1.00000000 0.00000000 0.00000000 1.00000000 0.00000000 1.00000000 0.00000000 0.00000000 0.00000000 0.00000000 0.00000000 0.00000000 0.00000000 0.00000000 0.00000000 0.00000000 0.00000000 0.00000000 1.00000000 0.00000000 0.00000000 0.00000000 1.00000000 
1700000019.80051 0.197156 0.110106 -0.967829 0.110968 0.039752 0.005564 0.016912 0.004862 -0.039754 0.021407 0.001948 -0.002022 0.004015 0.158047 -0.031028 0.078906 0.0000000 1 418.629359 418.629359 505.740581 286.574774 -0.020453 -0.024926 0.019510 -0.005656 -0.660094 0.642445 -0.268559 0.281810 -0.062419 0.031365 0.062150 0 1.00000000 0.00000000 0.00000000 1.00000000 0.00000000 1.00000000 1.00000000 0.00000000 0.00000000 1.00000000 0.00000000 1.00000000 0.00000000 0.00000000 0.00000000 0.00000000 0.00000000 0.00000000 0.00000000 0.00000000 0.00000000 0.00000000 0.00000000 0.00000000 1.00000000 0.00000000 0.00000000 0.00000000 1.00000000 
1700000019.83441 0.195452 0.110597 -0.967959 0.112352 0.040281 0.003951 0.017228 0.005725 -0.036611 0.020594 0.002065 -0.001585 0.004855 0.162949 -0.026420 0.082684 0.0000000 1 418.629359 418.629359 505.740581 286.574774 -0.020453 -0.024926 0.019510 -0.005656 -0.660094 0.642445 -0.268559 0.281810 -0.062419 0.031365 0.062150 0 1.00000000 0.00000000 0.00000000 1.00000000 0.00000000 1.00000000 1.00000000 0.00000000 0.00000000 1.00000000 0.00000000 1.00000000 0.00000000 0.00000000 0.00000000 0.00000000 0.00000000 0.00000000 0.00000000 0.00000000 0.00000000 0.00000000 0.00000000 0.00000000 1.00000000 0.00000000 0.00000000 0.00000000 1.00000000 
1700000019.86832 0.194060 0.110276 -0.968211 0.112901 0.040250 0.002959 0.018087 0.001137 -0.030072 0.022088 0.001956 -0.001585 0.005011 0.167159 -0.020456 0.086055 0.0000000 1 418.629359 418.629359 505.740581 286.574774 -0.020453 -0.024926 0.019510 -0.005656 -0.660094 0.642445 -0.268559 0.281810 -0.062419 0.031365 0.062150 0 1.00000000 0.00000000 0.00000000 1.00000000 0.00000000 1.00000000 1.00000000 0.00000000 0.00000000 1.00000000 0.00000000 1.00000000 0.00000000 0.00000000 0.00000000 0.00000000 0.00000000 0.00000000 0.00000000 0.00000000 0.00000000 0.00000000 0.00000000 0.00000000 1.00000000 0.00000000 0.00000000 0.00000000 1.00000000 
1700000019.90222 0.193118 0.108471 -0.968488 0.113891 0.040367 0.002091 0.018619 -0.002824 -0.028287 0.015013 0.001767 -0.001605 0.005024 0.168183 -0.023938 0.085966 0.0000000 1 418.629359 418.629359 505.740581 286.574774 -0.020453 -0.024926 0.019510 -0.005656 -0.660094 0.642445 -0.268559 0.281810 -0.062419 0.031365 0.062150 0 1.00000000 0.00000000 0.00000000 1.00000000 0.00000000 1.00000000 1.00000000 0.00000000 0.00000000 1.00000000 0.00000000 1.00000000 0.00000000 0.00000000 0.00000000 0.00000000 0.00000000 0.00000000 0.00000000 0.00000000 0.00000000 0.00000000 0.00000000 0.00000000 1.00000000 0.00000000 0.00000000 0.00000000 1.00000000 
1700000019.93613 0.193608 0.106700 -0.968504 0.114594 0.040221 0.001269 0.018741 -0.014707 -0.028202 -0.001167 0.001747 -0.001533 0.005259 0.174709 -0.024617 0.089546 0.0000000 1 418.629359 418.629359 505.740581 286.574774 -0.020453 -0.024926 0.019510 -0.005656 -0.660094 0.642445 -0.268559 0.281810 -0.062419 0.031365 0.062150 0 1.00000000 0.00000000 0.00000000 1.00000000 0.00000000 1.00000000 1.00000000 0.00000000 0.00000000 1.00000000 0.00000000 1.00000000 0.00000000 0.00000000 0.00000000 0.00000000 0.00000000 0.00000000 0.00000000 0.00000000 0.00000000 0.00000000 0.00000000 0.00000000 1.00000000 0.00000000 0.00000000 0.00000000 1.00000000 
1700000019.97003 0.194403 0.106252 -0.968451 0.114110 0.039670 0.000476 0.018551 -0.021344 -0.025647 -0.010707 0.001883 -0.001377 0.005464 0.180747 -0.023676 0.092855 0.0000000 1 418.629359 418.629359 505.740581 286.574774 -0.020453 -0.024926 0.019510 -0.005656 -0.660094 0.642445 -0.268559 0.281810 -0.062419 0.031365 0.062150 0 1.00000000 0.00000000 0.00000000 1.00000000 0.00000000 1.00000000 1.00000000 0.00000000 0.00000000 1.00000000 0.00000000 1.00000000 0.00000000 0.00000000 0.00000000 0.00000000 0.00000000 0.00000000 0.00000000 0.00000000 0.00000000 0.00000000 0.00000000 0.00000000 1.00000000 0.00000000 0.00000000 0.00000000 1.00000000 
1700000020.00394 0.194480 0.106057 -0.968515 0.113613 0.038967 -0.000201 0.018371 -0.023945 -0.023579 -0.007594 0.001939 -0.001254 0.005556 0.182964 -0.024939 0.093389 0.0000000 1 418.629359 418.629359 505.740581 286.574774 -0.020453 -0.024926 0.019510 -0.005656 -0.660094 0.642445 -0.268559 0.281810 -0.062419 0.031365 0.062150 0 1.00000000 0.00000000 0.00000000 1.00000000 0.00000000 1.00000000 1.00000000 0.00000000 0.00000000 1.00000000 0.00000000 1.00000000 0.00000000 0.00000000 0.00000000 0.00000000 0.00000000 0.00000000 0.00000000 0.00000000 0.00000000 0.00000000 0.00000000 0.00000000 1.00000000 0.00000000 0.00000000 0.00000000 1.00000000 
1700000020.03784 0.194581 0.106031 -0.968543 0.113222 0.038325 -0.000813 0.018182 -0.023697 -0.022520 -0.007882 0.002052 -0.001113 0.005635 0.186351 -0.028642 0.094153 0.0000000 1 418.629359 418.629359 505.740581 286.574774 -0.020453 -0.024926 0.019510 -0.005656 -0.660094 0.642445 -0.268559 0.281810 -0.062419 0.031365 0.062150 0 1.00000000 0.00000000 0.00000000 1.00000000 0.00000000 1.00000000 1.00000000 0.00000000 0.00000000 1.00000000 0.00000000 1.00000000 0.00000000 0.00000000 0.00000000 0.00000000 0.00000000 0.00000000 0.00000000 0.00000000 0.00000000 0.00000000 0.00000000 0.00000000 1.00000000 0.00000000 0.00000000 0.00000000 1.00000000 
1700000020.07175 0.194659 0.106615 -0.968531 0.112640 0.037567 -0.001440 0.017978 -0.021889 -0.020409 -0.006038 0.002099 -0.001006 0.005709 0.188457 -0.027709 0.095327 0.0000000 1 418.629359 418.629359 505.740581 286.574774 -0.020453 -0.024926 0.019510 -0.005656 -0.660094 0.642445 -0.268559 0.281810 -0.062419 0.031365 0.062150 0 1.00000000 0.00000000 0.00000000 1.00000000 0.00000000 1.00000000 1.00000000 0.00000000 0.00000000 1.00000000 0.00000000 1.00000000 0.00000000 0.00000000 0.00000000 0.00000000 0.00000000 0.00000000 0.00000000 0.00000000 0.00000000 0.00000000 0.00000000 0.00000000 1.00000000 0.00000000 0.00000000 0.00000000 1.00000000 
1700000020.10565 0.194477 0.107187 -0.968596 0.111858 0.036849 -0.001988 0.017831 -0.019318 -0.018390 -0.004373 0.002109 -0.000913 0.005794 0.190500 -0.025122 0.096929 0.0000000 1 418.629359 418.629359 505.740581 286.574774 -0.020453 -0.024926 0.019510 -0.005656 -0.660094 0.642445 -0.268559 0.281810 -0.062419 0.031365 0.062150 0 1.00000000 0.00000000 0.00000000 1.00000000 0.00000000 1.00000000 1.00000000 0.00000000 0.00000000 1.00000000 0.00000000 1.00000000 0.00000000 0.00000000 0.00000000 0.00000000 0.00000000 0.00000000 0.00000000 0.00000000 0.00000000 0.00000000 0.00000000 0.00000000 1.00000000 0.00000000 0.00000000 0.00000000 1.00000000 
1700000020.13956 0.194184 0.108317 -0.968655 0.110761 0.036120 -0.002442 0.017707 -0.017820 -0.015294 -0.004887 0.002253 -0.000728 0.005843 0.193076 -0.020271 0.099264 0.0000000 1 418.629359 418.629359 505.740581 286.574774 -0.020453 -0.024926 0.019510 -0.005656 -0.660094 0.642445 -0.268559 0.281810 -0.062419 0.031365 0.062150 0 1.00000000 0.00000000 0.00000000 1.00000000 0.00000000 1.00000000 1.00000000 0.00000000 0.00000000 1.00000000 0.00000000 1.00000000 0.00000000 0.00000000 0.00000000 0.00000000 0.00000000 0.00000000 0.00000000 0.00000000 0.00000000 0.00000000 0.00000000 0.00000000 1.00000000 0.00000000 0.00000000 0.00000000 1.00000000 
1700000020.17346 0.193902 0.108874 -0.968811 0.109336 0.035620 -0.002697 0.017488 -0.013236 -0.010514 -0.006514 0.002201 -0.000600 0.005874 0.195432 -0.019792 0.100614 0.0000000 1 418.629359 418.629359 505.740581 286.574774 -0.020453 -0.024926 0.019510 -0.005656 -0.660094 0.642445 -0.268559 0.281810 -0.062419 0.031365 0.062150 0 1.00000000 0.00000000 0.00000000 1.00000000 0.00000000 1.00000000 1.00000000 0.00000000 0.00000000 1.00000000 0.00000000 1.00000000 0.00000000 0.00000000 0.00000000 0.00000000 0.00000000 0.00000000 0.00000000 0.00000000 0.00000000 0.00000000 0.00000000 0.00000000 1.00000000 0.00000000 0.00000000 0.00000000 1.00000000 
1700000020.20737 0.194163 0.109374 -0.968950 0.107119 0.035145 -0.002946 0.017108 -0.012352 -0.005798 -0.010383 0.002124 -0.000477 0.006122 0.196741 -0.014992 0.102485 0.0000000 1 418.629359 418.629359 505.740581 286.574774 -0.020453 -0.024926 0.019510 -0.005656 -0.660094 0.642445 -0.268559 0.281810 -0.062419 0.031365 0.062150 0 1.00000000 0.00000000 0.00000000 1.00000000 0.00000000 1.00000000 1.00000000 0.00000000 0.00000000 1.00000000 0.00000000 1.00000000 0.00000000 0.00000000 0.00000000 0.00000000 0.00000000 0.00000000 0.00000000 0.00000000 0.00000000 0.00000000 0.00000000 0.00000000 1.00000000 0.00000000 0.00000000 0.00000000 1.00000000 
1700000020.24127 0.194842 0.109557 -0.969209 0.103287 0.034464 -0.002839 0.016636 -0.019035 0.002640 -0.017057 0.001982 -0.000353 0.006388 0.201035 -0.007612 0.106432 0.0000000 1 418.629359 418.629359 505.740581 286.574774 -0.020453 -0.024926 0.019510 -0.005656 -0.660094 0.642445 -0.268559 0.281810 -0.062419 0.031365 0.062150 0 1.00000000 0.00000000 0.00000000 1.00000000 0.00000000 1.00000000 1.00000000 0.00000000 0.00000000 1.00000000 0.00000000 1.00000000 0.00000000 0.00000000 0.00000000 0.00000000 0.00000000 0.00000000 0.00000000 0.00000000 0.00000000 0.00000000 0.00000000 0.00000000 1.00000000 0.00000000 0.00000000 0.00000000 1.00000000 
1700000020.27518 0.195871 0.109582 -0.969610 0.097384 0.033465 -0.002549 0.015794 -0.032604 0.010678 -0.028207 0.001875 -0.000215 0.006788 0.204860 0.000287 0.110321 0.0000000 1 418.629359 418.629359 505.740581 286.574774 -0.020453 -0.024926 0.019510 -0.005656 -0.660094 0.642445 -0.268559 0.281810 -0.062419 0.031365 0.062150 0 1.00000000 0.00000000 0.00000000 1.00000000 0.00000000 1.00000000 1.00000000 0.00000000 0.00000000 1.00000000 0.00000000 1.00000000 0.00000000 0.00000000 0.00000000 0.00000000 0.00000000 0.00000000 0.00000000 0.00000000 0.00000000 0.00000000 0.00000000 0.00000000 1.00000000 0.00000000 0.00000000 0.00000000 1.00000000 
1700000020.30908 0.197566 0.108750 -0.970093 0.089777 0.032277 -0.001875 0.014779 -0.037802 0.019924 -0.032433 0.001704 -0.000126 0.007015 0.207111 0.001019 0.111497 0.0000000 1 418.629359 418.629359 505.740581 286.574774 -0.020453 -0.024926 0.019510 -0.005656 -0.660094 0.642445 -0.268559 0.281810 -0.062419 0.031365 0.062150 0 1.00000000 0.00000000 0.00000000 1.00000000 0.00000000 1.00000000 1.00000000 0.00000000 0.00000000 1.00000000 0.00000000 1.00000000 0.00000000 0.00000000 0.00000000 0.00000000 0.00000000 0.00000000 0.00000000 0.00000000 0.00000000 0.00000000 0.00000000 0.00000000 1.00000000 0.00000000 0.00000000 0.00000000 1.00000000 
1700000020.34299 0.199872 0.106624 -0.970478 0.082793 0.031191 -0.000846 0.013822 -0.030614 0.028197 -0.028186 0.001511 -0.000117 0.006870 0.205729 -0.002906 0.109618 0.0000000 1 418.629359 418.629359 505.740581 286.574774 -0.020453 -0.024926 0.019510 -0.005656 -0.660094 0.642445 -0.268559 0.281810 -0.062419 0.031365 0.062150 0 1.00000000 0.00000000 0.00000000 1.00000000 0.00000000 1.00000000 1.00000000 0.00000000 0.00000000 1.00000000 0.00000000 1.00000000 0.00000000 0.00000000 0.00000000 0.00000000 0.00000000 0.00000000 0.00000000 0.00000000 0.00000000 0.00000000 0.00000000 0.00000000 1.00000000 0.00000000 0.00000000 0.00000000 1.00000000 
1700000020.37689 0.202799 0.103722 -0.970743 0.075976 0.030005 0.000369 0.013070 -0.030385 0.034199 -0.021545 0.001191 -0.000198 0.006819 0.204158 -0.000573 0.109089 0.0000000 1 418.629359 418.629359 505.740581 286.574774 -0.020453 -0.024926 0.019510 -0.005656 -0.660094 0.642445 -0.268559 0.281810 -0.062419 0.031365 0.062150 0 1.00000000 0.00000000 0.00000000 1.00000000 0.00000000 1.00000000 1.00000000 0.00000000 0.00000000 1.00000000 0.00000000 1.00000000 0.00000000 0.00000000 0.00000000 0.00000000 0.00000000 0.00000000 0.00000000 0.00000000 0.00000000 0.00000000 0.00000000 0.00000000 1.00000000 0.00000000 0.00000000 0.00000000 1.00000000 
1700000020.41080 0.205538 0.100226 -0.971037 0.069257 0.028871 0.001977 0.012496 -0.026781 0.042541 -0.018181 0.001083 -0.000200 0.006606 0.204638 0.002024 0.109785 0.0000000 1 418.629359 418.629359 505.740581 286.574774 -0.020453 -0.024926 0.019510 -0.005656 -0.660094 0.642445 -0.268559 0.281810 -0.062419 0.031365 0.062150 0 1.00000000 0.00000000 0.00000000 1.00000000 0.00000000 1.00000000 1.00000000 0.00000000 0.00000000 1.00000000 0.00000000 1.00000000 0.00000000 0.00000000 0.00000000 0.00000000 0.00000000 0.00000000 0.00000000 0.00000000 0.00000000 0.00000000 0.00000000 0.00000000 1.00000000 0.00000000 0.00000000 0.00000000 1.00000000 
1700000020.44470 0.207767 0.098039 -0.971262 0.062221 0.027676 0.003664 0.011718 -0.028058 0.046693 -0.021621 0.001119 -0.000154 0.006539 0.205200 0.008056 0.111643 0.0000000 1 418.629359 418.629359 505.740581 286.574774 -0.020453 -0.024926 0.019510 -0.005656 -0.660094 0.642445 -0.268559 0.281810 -0.062419 0.031365 0.062150 0 1.00000000 0.00000000 0.00000000 1.00000000 0.00000000 1.00000000 1.00000000 0.00000000 0.00000000 1.00000000 0.00000000 1.00000000 0.00000000 0.00000000 0.00000000 0.00000000 0.00000000 0.00000000 0.00000000 0.00000000 0.00000000 0.00000000 0.00000000 0.00000000 1.00000000 0.00000000 0.00000000 0.00000000 1.00000000 
1700000020.47861 0.208724 0.096337 -0.971687 0.054570 0.026611 0.005470 0.011122 -0.023676 0.051846 -0.015252 0.001096 -0.000075 0.006471 0.203951 0.011260 0.111576 0.0000000 1 418.629359 418.629359 505.740581 286.574774 -0.020453 -0.024926 0.019510 -0.005656 -0.660094 0.642445 -0.268559 0.281810 -0.062419 0.031365 0.062150 0 1.00000000 0.00000000 0.00000000 1.00000000 0.00000000 1.00000000 1.00000000 0.00000000 0.00000000 1.00000000 0.00000000 1.00000000 0.00000000 0.00000000 0.00000000 0.00000000 0.00000000 0.00000000 0.00000000 0.00000000 0.00000000 0.00000000 0.00000000 0.00000000 1.00000000 0.00000000 0.00000000 0.00000000 1.00000000 
1700000020.51251 0.209061 0.095260 -0.972100 0.047330 0.025680 0.007493 0.010501 -0.023772 0.057249 -0.015419 0.001156 0.000031 0.006485 0.203961 0.015210 0.112671 0.0000000 1 418.629359 418.629359 505.740581 286.574774 -0.020453 -0.024926 0.019510 -0.005656 -0.660094 0.642445 -0.268559 0.281810 -0.062419 0.031365 0.062150 0 1.00000000 0.00000000 0.00000000 1.00000000 0.00000000 1.00000000 1.00000000 0.00000000 0.00000000 1.00000000 0.00000000 1.00000000 0.00000000 0.00000000 0.00000000 0.00000000 0.00000000 0.00000000 0.00000000 0.00000000 0.00000000 0.00000000 0.00000000 0.00000000 1.00000000 0.00000000 0.00000000 0.00000000 1.00000000 
1700000020.54642 0.209096 0.094813 -0.972501 0.039136 0.024654 0.009745 0.009843 -0.028449 0.063638 -0.015832 0.001034 0.000180 0.006571 0.204165 0.019470 0.113895 0.0000000 1 418.629359 418.629359 505.740581 286.574774 -0.020453 -0.024926 0.019510 -0.005656 -0.660094 0.642445 -0.268559 0.281810 -0.062419 0.031365 0.062150 0 1.00000000 0.00000000 0.00000000 1.00000000 0.00000000 1.00000000 1.00000000 0.00000000 0.00000000 1.00000000 0.00000000 1.00000000 0.00000000 0.00000000 0.00000000 0.00000000 0.00000000 0.00000000 0.00000000 0.00000000 0.00000000 0.00000000 0.00000000 0.00000000 1.00000000 0.00000000 0.00000000 0.00000000 1.00000000 
1700000020.58032 0.208971 0.094587 -0.972865 0.030311 0.023572 0.012190 0.009178 -0.033905 0.070425 -0.017385 0.000973 0.000334 0.006708 0.203979 0.022346 0.114554 0.0000000 1 418.629359 418.629359 505.740581 286.574774 -0.020453 -0.024926 0.019510 -0.005656 -0.660094 0.642445 -0.268559 0.281810 -0.062419 0.031365 0.062150 0 1.00000000 0.00000000 0.00000000 1.00000000 0.00000000 1.00000000 1.00000000 0.00000000 0.00000000 1.00000000 0.00000000 1.00000000 0.00000000 0.00000000 0.00000000 0.00000000 0.00000000 0.00000000 0.00000000 0.00000000 0.00000000 0.00000000 0.00000000 0.00000000 1.00000000 0.00000000 0.00000000 0.00000000 1.00000000 
1700000020.61423 0.209317 0.094776 -0.973024 0.020715 0.022126 0.015075 0.008659 -0.039584 0.080743 -0.017741 0.000975 0.000254 0.006800 0.204892 0.025731 0.115771 0.0000000 1 418.629359 418.629359 505.740581 286.574774 -0.020453 -0.024926 0.019510 -0.005656 -0.660094 0.642445 -0.268559 0.281810 -0.062419 0.031365 0.062150 0 1.00000000 0.00000000 0.00000000 1.00000000 0.00000000 1.00000000 1.00000000 0.00000000 0.00000000 1.00000000 0.00000000 1.00000000 0.00000000 0.00000000 0.00000000 0.00000000 0.00000000 0.00000000 0.00000000 0.00000000 0.00000000 0.00000000 0.00000000 0.00000000 1.00000000 0.00000000 0.00000000 0.00000000 1.00000000 
1700000020.64813 0.209393 0.094515 -0.973189 0.011172 0.020994 0.017915 0.008449 -0.031142 0.086436 -0.004526 0.000822 0.000059 0.006968 0.202291 0.024446 0.113621 0.0000000 1 418.629359 418.629359 505.740581 286.574774 -0.020453 -0.024926 0.019510 -0.005656 -0.660094 0.642445 -0.268559 0.281810 -0.062419 0.031365 0.062150 0 1.00000000 0.00000000 0.00000000 1.00000000 0.00000000 1.00000000 1.00000000 0.00000000 0.00000000 1.00000000 0.00000000 1.00000000 0.00000000 0.00000000 0.00000000 0.00000000 0.00000000 0.00000000 0.00000000 0.00000000 0.00000000 0.00000000 0.00000000 0.00000000 1.00000000 0.00000000 0.00000000 0.00000000 1.00000000 
1700000020.68204 0.209561 0.093665 -0.973297 0.002151 0.019527 0.020872 0.008666 -0.038826 0.089998 0.007244 0.000687 -0.000304 0.007100 0.199750 0.027342 0.112733 0.0000000 1 418.629359 418.629359 505.740581 286.574774 -0.020453 -0.024926 0.019510 -0.005656 -0.660094 0.642445 -0.268559 0.281810 -0.062419 0.031365 0.062150 0 1.00000000 0.00000000 0.00000000 1.00000000 0.00000000 1.00000000 1.00000000 0.00000000 0.00000000 1.00000000 0.00000000 1.00000000 0.00000000 0.00000000 0.00000000 0.00000000 0.00000000 0.00000000 0.00000000 0.00000000 0.00000000 0.00000000 0.00000000 0.00000000 1.00000000 0.00000000 0.00000000 0.00000000 1.00000000 
1700000020.71594 -0.209582 -0.091944 0.973430 0.007480 0.018171 0.024217 0.008950 -0.040566 0.096099 0.009534 0.000628 -0.000457 0.007255 0.199112 0.028478 0.112696 0.0000000 1 418.629359 418.629359 505.740581 286.574774 -0.020453 -0.024926 0.019510 -0.005656 -0.660094 0.642445 -0.268559 0.281810 -0.062419 0.031365 0.062150 0 1.00000000 0.00000000 0.00000000 1.00000000 0.00000000 1.00000000 1.00000000 0.00000000 0.00000000 1.00000000 0.00000000 1.00000000 0.00000000 0.00000000 0.00000000 0.00000000 0.00000000 0.00000000 0.00000000 0.00000000 0.00000000 0.00000000 0.00000000 0.00000000 1.00000000 0.00000000 0.00000000 0.00000000 1.00000000 
1700000020.74985 -0.209373 -0.090958 0.973451 0.016825 0.016888 0.027542 0.008906 -0.039333 0.098165 0.000607 0.000809 -0.000458 0.007470 0.198555 0.029090 0.112990 0.0000000 1 418.629359 418.629359 505.740581 286.574774 -0.020453 -0.024926 0.019510 -0.005656 -0.660094 0.642445 -0.268559 0.281810 -0.062419 0.031365 0.062150 0 1.00000000 0.00000000 0.00000000 1.00000000 0.00000000 1.00000000 1.00000000 0.00000000 0.00000000 1.00000000 0.00000000 1.00000000 0.00000000 0.00000000 0.00000000 0.00000000 0.00000000 0.00000000 0.00000000 0.00000000 0.00000000 0.00000000 0.00000000 0.00000000 1.00000000 0.00000000 0.00000000 0.00000000 1.00000000 
1700000020.78375 -0.208425 -0.091502 0.973356 0.027644 0.015046 0.031082 0.008531 -0.051123 0.098597 -0.010847 0.000809 -0.000425 0.007884 0.198113 0.031757 0.113777 0.0000000 1 418.629359 418.629359 505.740581 286.574774 -0.020453 -0.024926 0.019510 -0.005656 -0.660094 0.642445 -0.268559 0.281810 -0.062419 0.031365 0.062150 0 1.00000000 0.00000000 0.00000000 1.00000000 0.00000000 1.00000000 1.00000000 0.00000000 0.00000000 1.00000000 0.00000000 1.00000000 0.00000000 0.00000000 0.00000000 0.00000000 0.00000000 0.00000000 0.00000000 0.00000000 0.00000000 0.00000000 0.00000000 0.00000000 1.00000000 0.00000000 0.00000000 0.00000000 1.00000000 
1700000020.81766 -0.207057 -0.092167 0.973207 0.038745 0.013322 0.034666 0.008664 -0.043864 0.097898 0.001111 0.000736 -0.000727 0.007858 0.196089 0.031607 0.112092 0.0000000 1 418.629359 418.629359 505.740581 286.574774 -0.020453 -0.024926 0.019510 -0.005656 -0.660094 0.642445 -0.268559 0.281810 -0.062419 0.031365 0.062150 0 1.00000000 0.00000000 0.00000000 1.00000000 0.00000000 1.00000000 1.00000000 0.00000000 0.00000000 1.00000000 0.00000000 1.00000000 0.00000000 0.00000000 0.00000000 0.00000000 0.00000000 0.00000000 0.00000000 0.00000000 0.00000000 0.00000000 0.00000000 0.00000000 1.00000000 0.00000000 0.00000000 0.00000000 1.00000000 
1700000020.85156 -0.207165 -0.091008 0.972864 0.048326 0.011942 0.038088 0.009701 -0.032405 0.092990 0.024297 0.000545 -0.001469 0.007637 0.193480 0.031558 0.109781 0.0000000 1 418.629359 418.629359 505.740581 286.574774 -0.020453 -0.024926 0.019510 -0.005656 -0.660094 0.642445 -0.268559 0.281810 -0.062419 0.031365 0.062150 0 1.00000000 0.00000000 0.00000000 1.00000000 0.00000000 1.00000000 1.00000000 0.00000000 0.00000000 1.00000000 0.00000000 1.00000000 0.00000000 0.00000000 0.00000000 0.00000000 0.00000000 0.00000000 0.00000000 0.00000000 0.00000000 0.00000000 0.00000000 0.00000000 1.00000000 0.00000000 0.00000000 0.00000000 1.00000000 
1700000020.88547 -0.208381 -0.087063 0.972502 0.056891 0.011293 0.041552 0.011119 -0.015501 0.089596 0.037790 0.000310 -0.002075 0.007527 0.191524 0.032570 0.108504 0.0000000 1 418.629359 418.629359 505.740581 286.574774 -0.020453 -0.024926 0.019510 -0.005656 -0.660094 0.642445 -0.268559 0.281810 -0.062419 0.031365 0.062150 0 1.00000000 0.00000000 0.00000000 1.00000000 0.00000000 1.00000000 1.00000000 0.00000000 0.00000000 1.00000000 0.00000000 1.00000000 0.00000000 0.00000000 0.00000000 0.00000000 0.00000000 0.00000000 0.00000000 0.00000000 0.00000000 0.00000000 0.00000000 0.00000000 1.00000000 0.00000000 0.00000000 0.00000000 1.00000000 
1700000020.91937 -0.209750 -0.082542 0.972123 0.064558 0.010636 0.045121 0.011852 -0.013288 0.085548 0.023965 0.000198 -0.002338 0.007374 0.190599 0.032796 0.108633 0.0000000 1 418.629359 418.629359 505.740581 286.574774 -0.020453 -0.024926 0.019510 -0.005656 -0.660094 0.642445 -0.268559 0.281810 -0.062419 0.031365 0.062150 0 1.00000000 0.00000000 0.00000000 1.00000000 0.00000000 1.00000000 1.00000000 0.00000000 0.00000000 1.00000000 0.00000000 1.00000000 0.00000000 0.00000000 0.00000000 0.00000000 0.00000000 0.00000000 0.00000000 0.00000000 0.00000000 0.00000000 0.00000000 0.00000000 1.00000000 0.00000000 0.00000000 0.00000000 1.00000000 
1700000020.95328 -0.210422 -0.079322 0.971719 0.072060 0.010338 0.048439 0.011834 -0.005666 0.078258 0.004655 0.000193 -0.002219 0.007174 0.189561 0.033266 0.108889 0.0000000 1 418.629359 418.629359 505.740581 286.574774 -0.020453 -0.024926 0.019510 -0.005656 -0.660094 0.642445 -0.268559 0.281810 -0.062419 0.031365 0.062150 0 1.00000000 0.00000000 0.00000000 1.00000000 0.00000000 1.00000000 1.00000000 0.00000000 0.00000000 1.00000000 0.00000000 1.00000000 0.00000000 0.00000000 0.00000000 0.00000000 0.00000000 0.00000000 0.00000000 0.00000000 0.00000000 0.00000000 0.00000000 0.00000000 1.00000000 0.00000000 0.00000000 0.00000000 1.00000000 
1700000020.98718 -0.210835 -0.077655 0.971241 0.078799 0.009894 0.051169 0.011666 -0.006752 0.068659 -0.004567 0.000316 -0.002228 0.007100 0.188138 0.032367 0.108233 0.0000000 1 418.629359 418.629359 505.740581 286.574774 -0.020453 -0.024926 0.019510 -0.005656 -0.660094 0.642445 -0.268559 0.281810 -0.062419 0.031365 0.062150 0 1.00000000 0.00000000 0.00000000 1.00000000 0.00000000 1.00000000 1.00000000 0.00000000 0.00000000 1.00000000 0.00000000 1.00000000 0.00000000 0.00000000 0.00000000 0.00000000 0.00000000 0.00000000 0.00000000 0.00000000 0.00000000 0.00000000 0.00000000 0.00000000 1.00000000 0.00000000 0.00000000 0.00000000 1.00000000 
1700000021.02109 -0.210988 -0.075839 0.970764 0.085730 0.009508 0.053700 0.011657 -0.008280 0.061180 -0.003130 0.000308 -0.002240 0.007159 0.185363 0.030575 0.106232 0.0000000 1 418.629359 418.629359 505.740581 286.574774 -0.020453 -0.024926 0.019510 -0.005656 -0.660094 0.642445 -0.268559 0.281810 -0.062419 0.031365 0.062150 0 1.00000000 0.00000000 0.00000000 1.00000000 0.00000000 1.00000000 1.00000000 0.00000000 0.00000000 1.00000000 0.00000000 1.00000000 0.00000000 0.00000000 0.00000000 0.00000000 0.00000000 0.00000000 0.00000000 0.00000000 0.00000000 0.00000000 0.00000000 0.00000000 1.00000000 0.00000000 0.00000000 0.00000000 1.00000000 
1700000021.05499 -0.210417 -0.074189 0.970496 0.091422 0.009575 0.056094 0.011747 0.003470 0.052696 0.000372 0.000422 -0.002114 0.006862 0.182465 0.032397 0.104840 0.0000000 1 418.629359 418.629359 505.740581 286.574774 -0.020453 -0.024926 0.019510 -0.005656 -0.660094 0.642445 -0.268559 0.281810 -0.062419 0.031365 0.062150 0 1.00000000 0.00000000 0.00000000 1.00000000 0.00000000 1.00000000 1.00000000 0.00000000 0.00000000 1.00000000 0.00000000 1.00000000 0.00000000 0.00000000 0.00000000 0.00000000 0.00000000 0.00000000 0.00000000 0.00000000 0.00000000 0.00000000 0.00000000 0.00000000 1.00000000 0.00000000 0.00000000 0.00000000 1.00000000 
1700000021.08890 -0.210511 -0.072998 0.970190 0.095326 0.009434 0.058093 0.011699 0.003974 0.041612 -0.003855 0.000660 -0.002254 0.006520 0.180770 0.032375 0.104020 0.0000000 1 418.629359 418.629359 505.740581 286.574774 -0.020453 -0.024926 0.019510 -0.005656 -0.660094 0.642445 -0.268559 0.281810 -0.062419 0.031365 0.062150 0 1.00000000 0.00000000 0.00000000 1.00000000 0.00000000 1.00000000 1.00000000 0.00000000 0.00000000 1.00000000 0.00000000 1.00000000 0.00000000 0.00000000 0.00000000 0.00000000 0.00000000 0.00000000 0.00000000 0.00000000 0.00000000 0.00000000 0.00000000 0.00000000 1.00000000 0.00000000 0.00000000 0.00000000 1.00000000 
1700000021.12280 -0.210540 -0.071971 0.969824 0.099666 0.009040 0.059764 0.011181 -0.005531 0.035192 -0.013726 0.000730 -0.002234 0.006606 0.178006 0.027466 0.101898 0.0000000 1 418.629359 418.629359 505.740581 286.574774 -0.020453 -0.024926 0.019510 -0.005656 -0.660094 0.642445 -0.268559 0.281810 -0.062419 0.031365 0.062150 0 1.00000000 0.00000000 0.00000000 1.00000000 0.00000000 1.00000000 1.00000000 0.00000000 0.00000000 1.00000000 0.00000000 1.00000000 0.00000000 0.00000000 0.00000000 0.00000000 0.00000000 0.00000000 0.00000000 0.00000000 0.00000000 0.00000000 0.00000000 0.00000000 1.00000000 0.00000000 0.00000000 0.00000000 1.00000000 
1700000021.15671 -0.209876 -0.072417 0.969297 0.105695 0.008430 0.061554 0.010510 -0.010171 0.033294 -0.024521 0.001077 -0.002222 0.006704 0.171829 0.024694 0.098495 0.0000000 1 418.629359 418.629359 505.740581 286.574774 -0.020453 -0.024926 0.019510 -0.005656 -0.660094 0.642445 -0.268559 0.281810 -0.062419 0.031365 0.062150 0 1.00000000 0.00000000 0.00000000 1.00000000 0.00000000 1.00000000 1.00000000 0.00000000 0.00000000 1.00000000 0.00000000 1.00000000 0.00000000 0.00000000 0.00000000 0.00000000 0.00000000 0.00000000 0.00000000 0.00000000 0.00000000 0.00000000 0.00000000 0.00000000 1.00000000 0.00000000 0.00000000 0.00000000 1.00000000 
1700000021.19061 -0.207757 -0.074354 0.969030 0.110862 0.008720 0.063057 0.010309 0.012271 0.025178 -0.010346 0.001226 -0.001960 0.006231 0.167874 0.029294 0.096669 0.0000000 1 418.629359 418.629359 505.740581 286.574774 -0.020453 -0.024926 0.019510 -0.005656 -0.660094 0.642445 -0.268559 0.281810 -0.062419 0.031365 0.062150 0 1.00000000 0.00000000 0.00000000 1.00000000 0.00000000 1.00000000 1.00000000 0.00000000 0.00000000 1.00000000 0.00000000 1.00000000 0.00000000 0.00000000 0.00000000 0.00000000 0.00000000 0.00000000 0.00000000 0.00000000 0.00000000 0.00000000 0.00000000 0.00000000 1.00000000 0.00000000 0.00000000 0.00000000 1.00000000 
1700000021.22452 -0.205837 -0.075770 0.969046 0.113317 0.009866 0.063912 0.011006 0.028613 0.014428 0.010270 0.001311 -0.002030 0.005840 0.165566 0.036768 0.096111 0.0000000 1 418.629359 418.629359 505.740581 286.574774 -0.020453 -0.024926 0.019510 -0.005656 -0.660094 0.642445 -0.268559 0.281810 -0.062419 0.031365 0.062150 0 1.00000000 0.00000000 0.00000000 1.00000000 0.00000000 1.00000000 1.00000000 0.00000000 0.00000000 1.00000000 0.00000000 1.00000000 0.00000000 0.00000000 0.00000000 0.00000000 0.00000000 0.00000000 0.00000000 0.00000000 0.00000000 0.00000000 0.00000000 0.00000000 1.00000000 0.00000000 0.00000000 0.00000000 1.00000000 
1700000021.25842 -0.206468 -0.075037 0.968856 0.114275 0.010855 0.064408 0.011655 0.026893 0.006968 0.014738 0.001216 -0.002442 0.005697 0.165397 0.039292 0.096470 0.0000000 1 418.629359 418.629359 505.740581 286.574774 -0.020453 -0.024926 0.019510 -0.005656 -0.660094 0.642445 -0.268559 0.281810 -0.062419 0.031365 0.062150 0 1.00000000 0.00000000 0.00000000 1.00000000 0.00000000 1.00000000 1.00000000 0.00000000 0.00000000 1.00000000 0.00000000 1.00000000 0.00000000 0.00000000 0.00000000 0.00000000 0.00000000 0.00000000 0.00000000 0.00000000 0.00000000 0.00000000 0.00000000 0.00000000 1.00000000 0.00000000 0.00000000 0.00000000 1.00000000 
1700000021.29233 -0.208538 -0.072760 0.968505 0.114964 0.011221 0.064855 0.011933 0.019209 0.003052 0.009916 0.001152 -0.002923 0.005667 0.165533 0.038282 0.096795 0.0000000 1 418.629359 418.629359 505.740581 286.574774 -0.020453 -0.024926 0.019510 -0.005656 -0.660094 0.642445 -0.268559 0.281810 -0.062419 0.031365 0.062150 0 1.00000000 0.00000000 0.00000000 1.00000000 0.00000000 1.00000000 1.00000000 0.00000000 0.00000000 1.00000000 0.00000000 1.00000000 0.00000000 0.00000000 0.00000000 0.00000000 0.00000000 0.00000000 0.00000000 0.00000000 0.00000000 0.00000000 0.00000000 0.00000000 1.00000000 0.00000000 0.00000000 0.00000000 1.00000000 
1700000021.32623 -0.210425 -0.069998 0.968166 0.116089 0.011022 0.065417 0.011869 0.001423 0.006525 0.002147 0.001200 -0.003284 0.005717 0.162723 0.030913 0.094416 0.0000000 1 418.629359 418.629359 505.740581 286.574774 -0.020453 -0.024926 0.019510 -0.005656 -0.660094 0.642445 -0.268559 0.281810 -0.062419 0.031365 0.062150 0 1.00000000 0.00000000 0.00000000 1.00000000 0.00000000 1.00000000 1.00000000 0.00000000 0.00000000 1.00000000 0.00000000 1.00000000 0.00000000 0.00000000 0.00000000 0.00000000 0.00000000 0.00000000 0.00000000 0.00000000 0.00000000 0.00000000 0.00000000 0.00000000 1.00000000 0.00000000 0.00000000 0.00000000 1.00000000 
1700000021.36014 -0.211391 -0.067739 0.967892 0.117946 0.010799 0.066215 0.011724 -0.004349 0.007832 -0.001902 0.001298 -0.003419 0.005557 0.158213 0.030029 0.092205 0.0000000 1 418.629359 418.629359 505.740581 286.574774 -0.020453 -0.024926 0.019510 -0.005656 -0.660094 0.642445 -0.268559 0.281810 -0.062419 0.031365 0.062150 0 1.00000000 0.00000000 0.00000000 1.00000000 0.00000000 1.00000000 1.00000000 0.00000000 0.00000000 1.00000000 0.00000000 1.00000000 0.00000000 0.00000000 0.00000000 0.00000000 0.00000000 0.00000000 0.00000000 0.00000000 0.00000000 0.00000000 0.00000000 0.00000000 1.00000000 0.00000000 0.00000000 0.00000000 1.00000000 
1700000021.39404 -0.211926 -0.066649 0.967764 0.118651 0.010975 0.066954 0.011464 0.004551 0.002465 -0.006085 0.001598 -0.003280 0.005022 0.154373 0.035158 0.091579 0.0000000 1 418.629359 418.629359 505.740581 286.574774 -0.020453 -0.024926 0.019510 -0.005656 -0.660094 0.642445 -0.268559 0.281810 -0.062419 0.031365 0.062150 0 1.00000000 0.00000000 0.00000000 1.00000000 0.00000000 1.00000000 1.00000000 0.00000000 0.00000000 1.00000000 0.00000000 1.00000000 0.00000000 0.00000000 0.00000000 0.00000000 0.00000000 0.00000000 0.00000000 0.00000000 0.00000000 0.00000000 0.00000000 0.00000000 1.00000000 0.00000000 0.00000000 0.00000000 1.00000000 
1700000021.42795 -0.212296 -0.066422 0.967724 0.118441 0.011160 0.067373 0.011209 0.006511 -0.004589 -0.005930 0.001810 -0.003156 0.004686 0.151008 0.036092 0.090130 0.0000000 1 418.629359 418.629359 505.740581 286.574774 -0.020453 -0.024926 0.019510 -0.005656 -0.660094 0.642445 -0.268559 0.281810 -0.062419 0.031365 0.062150 0 1.00000000 0.00000000 0.00000000 1.00000000 0.00000000 1.00000000 1.00000000 0.00000000 0.00000000 1.00000000 0.00000000 1.00000000 0.00000000 0.00000000 0.00000000 0.00000000 0.00000000 0.00000000 0.00000000 0.00000000 0.00000000 0.00000000 0.00000000 0.00000000 1.00000000 0.00000000 0.00000000 0.00000000 1.00000000 
1700000021.46185 -0.211954 -0.066914 0.967819 0.118004 0.011710 0.067604 0.011239 0.014695 -0.011148 0.001168 0.001910 -0.002947 0.004349 0.147281 0.039438 0.088735 0.0000000 1 418.629359 418.629359 505.740581 286.574774 -0.020453 -0.024926 0.019510 -0.005656 -0.660094 0.642445 -0.268559 0.281810 -0.062419 0.031365 0.062150 0 1.00000000 0.00000000 0.00000000 1.00000000 0.00000000 1.00000000 1.00000000 0.00000000 0.00000000 1.00000000 0.00000000 1.00000000 0.00000000 0.00000000 0.00000000 0.00000000 0.00000000 0.00000000 0.00000000 0.00000000 0.00000000 0.00000000 0.00000000 0.00000000 1.00000000 0.00000000 0.00000000 0.00000000 1.00000000 
1700000021.49576 -0.211471 -0.068211 0.968106 0.115750 0.012730 0.067524 0.011286 0.026054 -0.020708 0.002299 0.002109 -0.002576 0.003774 0.145244 0.045346 0.088979 0.0000000 1 418.629359 418.629359 505.740581 286.574774 -0.020453 -0.024926 0.019510 -0.005656 -0.660094 0.642445 -0.268559 0.281810 -0.062419 0.031365 0.062150 0 1.00000000 0.00000000 0.00000000 1.00000000 0.00000000 1.00000000 1.00000000 0.00000000 0.00000000 1.00000000 0.00000000 1.00000000 0.00000000 0.00000000 0.00000000 0.00000000 0.00000000 0.00000000 0.00000000 0.00000000 0.00000000 0.00000000 0.00000000 0.00000000 1.00000000 0.00000000 0.00000000 0.00000000 1.00000000 
1700000021.52966 -0.211473 -0.070000 0.968415 0.112037 0.013523 0.067041 0.011200 0.025679 -0.029417 0.000315 0.002224 -0.002324 0.003427 0.144556 0.044322 0.088588 0.0000000 1 418.629359 418.629359 505.740581 286.574774 -0.020453 -0.024926 0.019510 -0.005656 -0.660094 0.642445 -0.268559 0.281810 -0.062419 0.031365 0.062150 0 1.00000000 0.00000000 0.00000000 1.00000000 0.00000000 1.00000000 1.00000000 0.00000000 0.00000000 1.00000000 0.00000000 1.00000000 0.00000000 0.00000000 0.00000000 0.00000000 0.00000000 0.00000000 0.00000000 0.00000000 0.00000000 0.00000000 0.00000000 0.00000000 1.00000000 0.00000000 0.00000000 0.00000000 1.00000000 
1700000021.56357 -0.211134 -0.071802 0.968761 0.108489 0.014133 0.066288 0.011283 0.021232 -0.036319 0.004176 0.002174 -0.002194 0.003239 0.143466 0.041491 0.087399 0.0000000 1 418.629359 418.629359 505.740581 286.574774 -0.020453 -0.024926 0.019510 -0.005656 -0.660094 0.642445 -0.268559 0.281810 -0.062419 0.031365 0.062150 0 1.00000000 0.00000000 0.00000000 1.00000000 0.00000000 1.00000000 1.00000000 0.00000000 0.00000000 1.00000000 0.00000000 1.00000000 0.00000000 0.00000000 0.00000000 0.00000000 0.00000000 0.00000000 0.00000000 0.00000000 0.00000000 0.00000000 0.00000000 0.00000000 1.00000000 0.00000000 0.00000000 0.00000000 1.00000000 
1700000021.59747 -0.210670 -0.073485 0.969210 0.104168 0.015219 0.065275 0.011600 0.030365 -0.044545 0.010922 0.002062 -0.002064 0.002891 0.142780 0.045209 0.087770 0.0000000 1 418.629359 418.629359 505.740581 286.574774 -0.020453 -0.024926 0.019510 -0.005656 -0.660094 0.642445 -0.268559 0.281810 -0.062419 0.031365 0.062150 0 1.00000000 0.00000000 0.00000000 1.00000000 0.00000000 1.00000000 1.00000000 0.00000000 0.00000000 1.00000000 0.00000000 1.00000000 0.00000000 0.00000000 0.00000000 0.00000000 0.00000000 0.00000000 0.00000000 0.00000000 0.00000000 0.00000000 0.00000000 0.00000000 1.00000000 0.00000000 0.00000000 0.00000000 1.00000000 
1700000021.63138 -0.210408 -0.074777 0.969772 0.098380 0.016321 0.064001 0.011926 0.033417 -0.050729 0.011314 0.002008 -0.001887 0.002602 0.142128 0.045769 0.087672 0.0000000 1 418.629359 418.629359 505.740581 286.574774 -0.020453 -0.024926 0.019510 -0.005656 -0.660094 0.642445 -0.268559 0.281810 -0.062419 0.031365 0.062150 0 1.00000000 0.00000000 0.00000000 1.00000000 0.00000000 1.00000000 1.00000000 0.00000000 0.00000000 1.00000000 0.00000000 1.00000000 0.00000000 0.00000000 0.00000000 0.00000000 0.00000000 0.00000000 0.00000000 0.00000000 0.00000000 0.00000000 0.00000000 0.00000000 1.00000000 0.00000000 0.00000000 0.00000000 1.00000000 
1700000021.66528 -0.209796 -0.076212 0.970356 0.092660 0.017043 0.062879 0.011952 0.025366 -0.049045 0.004354 0.001975 -0.001716 0.002476 0.139427 0.042292 0.085903 0.0000000 1 418.629359 418.629359 505.740581 286.574774 -0.020453 -0.024926 0.019510 -0.005656 -0.660094 0.642445 -0.268559 0.281810 -0.062419 0.031365 0.062150 0 1.00000000 0.00000000 0.00000000 1.00000000 0.00000000 1.00000000 1.00000000 0.00000000 0.00000000 1.00000000 0.00000000 1.00000000 0.00000000 0.00000000 0.00000000 0.00000000 0.00000000 0.00000000 0.00000000 0.00000000 0.00000000 0.00000000 0.00000000 0.00000000 1.00000000 0.00000000 0.00000000 0.00000000 1.00000000 
1700000021.69919 -0.208609 -0.078270 0.970925 0.087522 0.017995 0.061638 0.012105 0.027500 -0.049975 0.005086 0.001878 -0.001560 0.002247 0.137306 0.043511 0.085048 0.0000000 1 418.629359 418.629359 505.740581 286.574774 -0.020453 -0.024926 0.019510 -0.005656 -0.660094 0.642445 -0.268559 0.281810 -0.062419 0.031365 0.062150 0 1.00000000 0.00000000 0.00000000 1.00000000 0.00000000 1.00000000 1.00000000 0.00000000 0.00000000 1.00000000 0.00000000 1.00000000 0.00000000 0.00000000 0.00000000 0.00000000 0.00000000 0.00000000 0.00000000 0.00000000 0.00000000 0.00000000 0.00000000 0.00000000 1.00000000 0.00000000 0.00000000 0.00000000 1.00000000 
1700000021.73309 -0.207547 -0.080514 0.971521 0.081175 0.019336 0.060140 0.012209 0.036559 -0.054906 0.005038 0.001802 -0.001317 0.001900 0.136773 0.047015 0.085583 0.0000000 1 418.629359 418.629359 505.740581 286.574774 -0.020453 -0.024926 0.019510 -0.005656 -0.660094 0.642445 -0.268559 0.281810 -0.062419 0.031365 0.062150 0 1.00000000 0.00000000 0.00000000 1.00000000 0.00000000 1.00000000 1.00000000 0.00000000 0.00000000 1.00000000 0.00000000 1.00000000 0.00000000 0.00000000 0.00000000 0.00000000 0.00000000 0.00000000 0.00000000 0.00000000 0.00000000 0.00000000 0.00000000 0.00000000 1.00000000 0.00000000 0.00000000 0.00000000 1.00000000 
1700000021.76700 -0.206414 -0.082863 0.972112 0.074330 0.020408 0.058637 0.012057 0.032498 -0.057045 -0.001779 0.001731 -0.001008 0.001676 0.135639 0.046307 0.085099 0.0000000 1 418.629359 418.629359 505.740581 286.574774 -0.020453 -0.024926 0.019510 -0.005656 -0.660094 0.642445 -0.268559 0.281810 -0.062419 0.031365 0.062150 0 1.00000000 0.00000000 0.00000000 1.00000000 0.00000000 1.00000000 1.00000000 0.00000000 0.00000000 1.00000000 0.00000000 1.00000000 0.00000000 0.00000000 0.00000000 0.00000000 0.00000000 0.00000000 0.00000000 0.00000000 0.00000000 0.00000000 0.00000000 0.00000000 1.00000000 0.00000000 0.00000000 0.00000000 1.00000000 
1700000021.80090 -0.204913 -0.086030 0.972663 0.067353 0.021262 0.057447 0.011748 0.032107 -0.053321 -0.008366 0.001826 -0.000792 0.001132 0.133030 0.046337 0.083897 0.0000000 1 418.629359 418.629359 505.740581 286.574774 -0.020453 -0.024926 0.019510 -0.005656 -0.660094 0.642445 -0.268559 0.281810 -0.062419 0.031365 0.062150 0 1.00000000 0.00000000 0.00000000 1.00000000 0.00000000 1.00000000 1.00000000 0.00000000 0.00000000 1.00000000 0.00000000 1.00000000 0.00000000 0.00000000 0.00000000 0.00000000 0.00000000 0.00000000 0.00000000 0.00000000 0.00000000 0.00000000 0.00000000 0.00000000 1.00000000 0.00000000 0.00000000 0.00000000 1.00000000 
1700000021.83481 -0.203308 -0.089872 0.973102 0.060504 0.022305 0.055808 0.011538 0.031214 -0.055573 -0.007033 0.001780 -0.000603 0.000929 0.131968 0.046542 0.083262 0.0000000 1 418.629359 418.629359 505.740581 286.574774 -0.020453 -0.024926 0.019510 -0.005656 -0.660094 0.642445 -0.268559 0.281810 -0.062419 0.031365 0.062150 0 1.00000000 0.00000000 0.00000000 1.00000000 0.00000000 1.00000000 1.00000000 0.00000000 0.00000000 1.00000000 0.00000000 1.00000000 0.00000000 0.00000000 0.00000000 0.00000000 0.00000000 0.00000000 0.00000000 0.00000000 0.00000000 0.00000000 0.00000000 0.00000000 1.00000000 0.00000000 0.00000000 0.00000000 1.00000000 
1700000021.86871 -0.201553 -0.093610 0.973516 0.053668 0.023285 0.053954 0.011559 0.027974 -0.058702 -0.000829 0.001722 -0.000492 0.000891 0.130940 0.046870 0.082594 0.0000000 1 418.629359 418.629359 505.740581 286.574774 -0.020453 -0.024926 0.019510 -0.005656 -0.660094 0.642445 -0.268559 0.281810 -0.062419 0.031365 0.062150 0 1.00000000 0.00000000 0.00000000 1.00000000 0.00000000 1.00000000 1.00000000 0.00000000 0.00000000 1.00000000 0.00000000 1.00000000 0.00000000 0.00000000 0.00000000 0.00000000 0.00000000 0.00000000 0.00000000 0.00000000 0.00000000 0.00000000 0.00000000 0.00000000 1.00000000 0.00000000 0.00000000 0.00000000 1.00000000 
1700000021.90262 -0.199681 -0.097012 0.973898 0.047322 0.024138 0.052122 0.011656 0.023922 -0.060872 0.002672 0.001629 -0.000451 0.000798 0.129925 0.047502 0.082148 0.0000000 1 418.629359 418.629359 505.740581 286.574774 -0.020453 -0.024926 0.019510 -0.005656 -0.660094 0.642445 -0.268559 0.281810 -0.062419 0.031365 0.062150 0 1.00000000 0.00000000 0.00000000 1.00000000 0.00000000 1.00000000 1.00000000 0.00000000 0.00000000 1.00000000 0.00000000 1.00000000 0.00000000 0.00000000 0.00000000 0.00000000 0.00000000 0.00000000 0.00000000 0.00000000 0.00000000 0.00000000 0.00000000 0.00000000 1.00000000 0.00000000 0.00000000 0.00000000 1.00000000 
1700000021.93652 -0.198302 -0.099955 0.974209 0.040026 0.025388 0.050268 0.011961 0.033928 -0.064234 0.007953 0.001567 -0.000484 0.000437 0.129238 0.049307 0.082075 0.0000000 1 418.629359 418.629359 505.740581 286.574774 -0.020453 -0.024926 0.019510 -0.005656 -0.660094 0.642445 -0.268559 0.281810 -0.062419 0.031365 0.062150 0 1.00000000 0.00000000 0.00000000 1.00000000 0.00000000 1.00000000 1.00000000 0.00000000 0.00000000 1.00000000 0.00000000 1.00000000 0.00000000 0.00000000 0.00000000 0.00000000 0.00000000 0.00000000 0.00000000 0.00000000 0.00000000 0.00000000 0.00000000 0.00000000 1.00000000 0.00000000 0.00000000 0.00000000 1.00000000 
1700000021.97043 -0.197803 -0.102063 0.974408 0.031393 0.026636 0.048315 0.012313 0.037731 -0.066752 0.009088 0.001491 -0.000568 0.000053 0.128953 0.050344 0.082211 0.0000000 1 418.629359 418.629359 505.740581 286.574774 -0.020453 -0.024926 0.019510 -0.005656 -0.660094 0.642445 -0.268559 0.281810 -0.062419 0.031365 0.062150 0 1.00000000 0.00000000 0.00000000 1.00000000 0.00000000 1.00000000 1.00000000 0.00000000 0.00000000 1.00000000 0.00000000 1.00000000 0.00000000 0.00000000 0.00000000 0.00000000 0.00000000 0.00000000 0.00000000 0.00000000 0.00000000 0.00000000 0.00000000 0.00000000 1.00000000 0.00000000 0.00000000 0.00000000 1.00000000 
1700000022.00433 -0.197558 -0.103881 0.974508 0.022679 0.027766 0.046441 0.012676 0.035746 -0.065400 0.008754 0.001448 -0.000676 -0.000183 0.128738 0.051314 0.082401 0.0000000 1 418.629359 418.629359 505.740581 286.574774 -0.020453 -0.024926 0.019510 -0.005656 -0.660094 0.642445 -0.268559 0.281810 -0.062419 0.031365 0.062150 0 1.00000000 0.00000000 0.00000000 1.00000000 0.00000000 1.00000000 1.00000000 0.00000000 0.00000000 1.00000000 0.00000000 1.00000000 0.00000000 0.00000000 0.00000000 0.00000000 0.00000000 0.00000000 0.00000000 0.00000000 0.00000000 0.00000000 0.00000000 0.00000000 1.00000000 0.00000000 0.00000000 0.00000000 1.00000000 
1700000022.03823 -0.197275 -0.105658 0.974532 0.014389 0.028770 0.044359 0.013286 0.033968 -0.067199 0.014628 0.001399 -0.000862 -0.000261 0.128164 0.052509 0.082285 0.0000000 1 418.629359 418.629359 505.740581 286.574774 -0.020453 -0.024926 0.019510 -0.005656 -0.660094 0.642445 -0.268559 0.281810 -0.062419 0.031365 0.062150 0 1.00000000 0.00000000 0.00000000 1.00000000 0.00000000 1.00000000 1.00000000 0.00000000 0.00000000 1.00000000 0.00000000 1.00000000 0.00000000 0.00000000 0.00000000 0.00000000 0.00000000 0.00000000 0.00000000 0.00000000 0.00000000 0.00000000 0.00000000 0.00000000 1.00000000 0.00000000 0.00000000 0.00000000 1.00000000 
1700000022.07214 -0.196257 -0.107113 0.974665 0.006226 0.029923 0.042171 0.013915 0.034670 -0.068473 0.016125 0.001401 -0.000932 -0.000248 0.128403 0.053304 0.082586 0.0000000 1 418.629359 418.629359 505.740581 286.574774 -0.020453 -0.024926 0.019510 -0.005656 -0.660094 0.642445 -0.268559 0.281810 -0.062419 0.031365 0.062150 0 1.00000000 0.00000000 0.00000000 1.00000000 0.00000000 1.00000000 1.00000000 0.00000000 0.00000000 1.00000000 0.00000000 1.00000000 0.00000000 0.00000000 0.00000000 0.00000000 0.00000000 0.00000000 0.00000000 0.00000000 0.00000000 0.00000000 0.00000000 0.00000000 1.00000000 0.00000000 0.00000000 0.00000000 1.00000000 
1700000022.10605 0.195162 0.109064 -0.974687 0.001506 0.030661 0.040096 0.014438 0.025097 -0.067480 0.010301 0.001524 -0.001049 -0.000282 0.129271 0.055152 0.083587 0.0000000 1 418.629359 418.629359 505.740581 286.574774 -0.020453 -0.024926 0.019510 -0.005656 -0.660094 0.642445 -0.268559 0.281810 -0.062419 0.031365 0.062150 0 1.00000000 0.00000000 0.00000000 1.00000000 0.00000000 1.00000000 1.00000000 0.00000000 0.00000000 1.00000000 0.00000000 1.00000000 0.00000000 0.00000000 0.00000000 0.00000000 0.00000000 0.00000000 0.00000000 0.00000000 0.00000000 0.00000000 0.00000000 0.00000000 1.00000000 0.00000000 0.00000000 0.00000000 1.00000000 
1700000022.13995 0.193699 0.110942 -0.974730 0.008633 0.031659 0.038087 0.014628 0.025721 -0.066340 0.002884 0.001543 -0.001030 -0.000410 0.130535 0.054733 0.084259 0.0000000 1 418.629359 418.629359 505.740581 286.574774 -0.020453 -0.024926 0.019510 -0.005656 -0.660094 0.642445 -0.268559 0.281810 -0.062419 0.031365 0.062150 0 1.00000000 0.00000000 0.00000000 1.00000000 0.00000000 1.00000000 1.00000000 0.00000000 0.00000000 1.00000000 0.00000000 1.00000000 0.00000000 0.00000000 0.00000000 0.00000000 0.00000000 0.00000000 0.00000000 0.00000000 0.00000000 0.00000000 0.00000000 0.00000000 1.00000000 0.00000000 0.00000000 0.00000000 1.00000000 
1700000022.17385 0.192887 0.113425 -0.974518 0.015592 0.032669 0.036072 0.014694 0.027256 -0.063464 -0.004780 0.001691 -0.001034 -0.000438 0.132057 0.054092 0.084868 0.0000000 1 418.629359 418.629359 505.740581 286.574774 -0.020453 -0.024926 0.019510 -0.005656 -0.660094 0.642445 -0.268559 0.281810 -0.062419 0.031365 0.062150 0 1.00000000 0.00000000 0.00000000 1.00000000 0.00000000 1.00000000 1.00000000 0.00000000 0.00000000 1.00000000 0.00000000 1.00000000 0.00000000 0.00000000 0.00000000 0.00000000 0.00000000 0.00000000 0.00000000 0.00000000 0.00000000 0.00000000 0.00000000 0.00000000 1.00000000 0.00000000 0.00000000 0.00000000 1.00000000 
1700000022.20776 0.191484 0.115324 -0.974429 0.022869 0.034080 0.033850 0.014806 0.039541 -0.065547 0.000160 0.001715 -0.000928 -0.000543 0.130908 0.052460 0.083577 0.0000000 1 418.629359 418.629359 505.740581 286.574774 -0.020453 -0.024926 0.019510 -0.005656 -0.660094 0.642445 -0.268559 0.281810 -0.062419 0.031365 0.062150 0 1.00000000 0.00000000 0.00000000 1.00000000 0.00000000 1.00000000 1.00000000 0.00000000 0.00000000 1.00000000 0.00000000 1.00000000 0.00000000 0.00000000 0.00000000 0.00000000 0.00000000 0.00000000 0.00000000 0.00000000 0.00000000 0.00000000 0.00000000 0.00000000 1.00000000 0.00000000 0.00000000 0.00000000 1.00000000 
1700000022.24166 0.190751 0.116589 -0.974174 0.031713 0.035854 0.031714 0.014850 0.048575 -0.067162 -0.001408 0.001755 -0.000753 -0.000645 0.131194 0.050979 0.083332 0.0000000 1 418.629359 418.629359 505.740581 286.574774 -0.020453 -0.024926 0.019510 -0.005656 -0.660094 0.642445 -0.268559 0.281810 -0.062419 0.031365 0.062150 0 1.00000000 0.00000000 0.00000000 1.00000000 0.00000000 1.00000000 1.00000000 0.00000000 0.00000000 1.00000000 0.00000000 1.00000000 0.00000000 0.00000000 0.00000000 0.00000000 0.00000000 0.00000000 0.00000000 0.00000000 0.00000000 0.00000000 0.00000000 0.00000000 1.00000000 0.00000000 0.00000000 0.00000000 1.00000000 
1700000022.27557 0.190777 0.118151 -0.973642 0.040803 0.037733 0.029605 0.014851 0.057118 -0.066089 -0.005732 0.001852 -0.000768 -0.000716 0.132543 0.050173 0.083801 0.0000000 1 418.629359 418.629359 505.740581 286.574774 -0.020453 -0.024926 0.019510 -0.005656 -0.660094 0.642445 -0.268559 0.281810 -0.062419 0.031365 0.062150 0 1.00000000 0.00000000 0.00000000 1.00000000 0.00000000 1.00000000 1.00000000 0.00000000 0.00000000 1.00000000 0.00000000 1.00000000 0.00000000 0.00000000 0.00000000 0.00000000 0.00000000 0.00000000 0.00000000 0.00000000 0.00000000 0.00000000 0.00000000 0.00000000 1.00000000 0.00000000 0.00000000 0.00000000 1.00000000 
1700000022.30947 0.190587 0.120017 -0.973007 0.050304 0.039633 0.027502 0.014771 0.058605 -0.064761 -0.006036 0.001935 -0.000764 -0.000770 0.133221 0.051975 0.084473 0.0000000 1 418.629359 418.629359 505.740581 286.574774 -0.020453 -0.024926 0.019510 -0.005656 -0.660094 0.642445 -0.268559 0.281810 -0.062419 0.031365 0.062150 0 1.00000000 0.00000000 0.00000000 1.00000000 0.00000000 1.00000000 1.00000000 0.00000000 0.00000000 1.00000000 0.00000000 1.00000000 0.00000000 0.00000000 0.00000000 0.00000000 0.00000000 0.00000000 0.00000000 0.00000000 0.00000000 0.00000000 0.00000000 0.00000000 1.00000000 0.00000000 0.00000000 0.00000000 1.00000000 
1700000022.34338 0.190302 0.121691 -0.972341 0.059405 0.041775 0.025438 0.014581 0.060962 -0.062905 -0.007587 0.002030 -0.000704 -0.000759 0.134684 0.050996 0.084960 0.0000000 1 418.629359 418.629359 505.740581 286.574774 -0.020453 -0.024926 0.019510 -0.005656 -0.660094 0.642445 -0.268559 0.281810 -0.062419 0.031365 0.062150 0 1.00000000 0.00000000 0.00000000 1.00000000 0.00000000 1.00000000 1.00000000 0.00000000 0.00000000 1.00000000 0.00000000 1.00000000 0.00000000 0.00000000 0.00000000 0.00000000 0.00000000 0.00000000 0.00000000 0.00000000 0.00000000 0.00000000 0.00000000 0.00000000 1.00000000 0.00000000 0.00000000 0.00000000 1.00000000 
1700000022.37728 0.190925 0.124096 -0.971312 0.068565 0.043752 0.023520 0.014229 0.054828 -0.057772 -0.015621 0.002286 -0.000699 -0.000672 0.138843 0.051108 0.087205 0.0000000 1 418.629359 418.629359 505.740581 286.574774 -0.020453 -0.024926 0.019510 -0.005656 -0.660094 0.642445 -0.268559 0.281810 -0.062419 0.031365 0.062150 0 1.00000000 0.00000000 0.00000000 1.00000000 0.00000000 1.00000000 1.00000000 0.00000000 0.00000000 1.00000000 0.00000000 1.00000000 0.00000000 0.00000000 0.00000000 0.00000000 0.00000000 0.00000000 0.00000000 0.00000000 0.00000000 0.00000000 0.00000000 0.00000000 1.00000000 0.00000000 0.00000000 0.00000000 1.00000000 
1700000022.41119 0.190883 0.128465 -0.970239 0.075478 0.045227 0.021943 0.013584 0.045703 -0.045274 -0.024311 0.002493 -0.000612 -0.000473 0.145378 0.055771 0.091553 0.0000000 1 418.629359 418.629359 505.740581 286.574774 -0.020453 -0.024926 0.019510 -0.005656 -0.660094 0.642445 -0.268559 0.281810 -0.062419 0.031365 0.062150 0 1.00000000 0.00000000 0.00000000 1.00000000 0.00000000 1.00000000 1.00000000 0.00000000 0.00000000 1.00000000 0.00000000 1.00000000 0.00000000 0.00000000 0.00000000 0.00000000 0.00000000 0.00000000 0.00000000 0.00000000 0.00000000 0.00000000 0.00000000 0.00000000 1.00000000 0.00000000 0.00000000 0.00000000 1.00000000 
1700000022.44509 0.189038 0.132673 -0.969470 0.082403 0.046993 0.020374 0.012785 0.052434 -0.041398 -0.016899 0.002462 -0.000472 -0.000573 0.143332 0.053504 0.089882 0.0000000 1 418.629359 418.629359 505.740581 286.574774 -0.020453 -0.024926 0.019510 -0.005656 -0.660094 0.642445 -0.268559 0.281810 -0.062419 0.031365 0.062150 0 1.00000000 0.00000000 0.00000000 1.00000000 0.00000000 1.00000000 1.00000000 0.00000000 0.00000000 1.00000000 0.00000000 1.00000000 0.00000000 0.00000000 0.00000000 0.00000000 0.00000000 0.00000000 0.00000000 0.00000000 0.00000000 0.00000000 0.00000000 0.00000000 1.00000000 0.00000000 0.00000000 0.00000000 1.00000000 
1700000022.47900 0.188502 0.135708 -0.968378 0.091069 0.049314 0.018816 0.012152 0.059754 -0.040888 -0.012378 0.002376 -0.000275 -0.000473 0.141993 0.048009 0.088034 0.0000000 1 418.629359 418.629359 505.740581 286.574774 -0.020453 -0.024926 0.019510 -0.005656 -0.660094 0.642445 -0.268559 0.281810 -0.062419 0.031365 0.062150 0 1.00000000 0.00000000 0.00000000 1.00000000 0.00000000 1.00000000 1.00000000 0.00000000 0.00000000 1.00000000 0.00000000 1.00000000 0.00000000 0.00000000 0.00000000 0.00000000 0.00000000 0.00000000 0.00000000 0.00000000 0.00000000 0.00000000 0.00000000 0.00000000 1.00000000 0.00000000 0.00000000 0.00000000 1.00000000 
1700000022.51290 0.188917 0.138233 -0.967240 0.098231 0.051193 0.017318 0.011577 0.050839 -0.038210 -0.015433 0.002183 -0.000249 -0.000078 0.144363 0.049821 0.089689 0.0000000 1 418.629359 418.629359 505.740581 286.574774 -0.020453 -0.024926 0.019510 -0.005656 -0.660094 0.642445 -0.268559 0.281810 -0.062419 0.031365 0.062150 0 1.00000000 0.00000000 0.00000000 1.00000000 0.00000000 1.00000000 1.00000000 0.00000000 0.00000000 1.00000000 0.00000000 1.00000000 0.00000000 0.00000000 0.00000000 0.00000000 0.00000000 0.00000000 0.00000000 0.00000000 0.00000000 0.00000000 0.00000000 0.00000000 1.00000000 0.00000000 0.00000000 0.00000000 1.00000000 
1700000022.54681 0.188741 0.140308 -0.966507 0.102733 0.052583 0.016207 0.011066 0.037859 -0.029694 -0.015958 0.002112 -0.000185 0.000286 0.149124 0.052697 0.092628 0.0000000 1 418.629359 418.629359 505.740581 286.574774 -0.020453 -0.024926 0.019510 -0.005656 -0.660094 0.642445 -0.268559 0.281810 -0.062419 0.031365 0.062150 0 1.00000000 0.00000000 0.00000000 1.00000000 0.00000000 1.00000000 1.00000000 0.00000000 0.00000000 1.00000000 0.00000000 1.00000000 0.00000000 0.00000000 0.00000000 0.00000000 0.00000000 0.00000000 0.00000000 0.00000000 0.00000000 0.00000000 0.00000000 0.00000000 1.00000000 0.00000000 0.00000000 0.00000000 1.00000000 
1700000022.58071 0.188796 0.142125 -0.965886 0.105929 0.053783 0.015199 0.010398 0.028555 -0.022548 -0.016851 0.002008 -0.000158 0.000594 0.151893 0.052419 0.093977 0.0000000 1 418.629359 418.629359 505.740581 286.574774 -0.020453 -0.024926 0.019510 -0.005656 -0.660094 0.642445 -0.268559 0.281810 -0.062419 0.031365 0.062150 0 1.00000000 0.00000000 0.00000000 1.00000000 0.00000000 1.00000000 1.00000000 0.00000000 0.00000000 1.00000000 0.00000000 1.00000000 0.00000000 0.00000000 0.00000000 0.00000000 0.00000000 0.00000000 0.00000000 0.00000000 0.00000000 0.00000000 0.00000000 0.00000000 1.00000000 0.00000000 0.00000000 0.00000000 1.00000000 
1700000022.61462 0.189611 0.143334 -0.965282 0.108323 0.054702 0.014492 0.009799 0.019596 -0.014907 -0.016078 0.001889 -0.000219 0.000877 0.154990 0.050355 0.095039 0.0000000 1 418.629359 418.629359 505.740581 286.574774 -0.020453 -0.024926 0.019510 -0.005656 -0.660094 0.642445 -0.268559 0.281810 -0.062419 0.031365 0.062150 0 1.00000000 0.00000000 0.00000000 1.00000000 0.00000000 1.00000000 1.00000000 0.00000000 0.00000000 1.00000000 0.00000000 1.00000000 0.00000000 0.00000000 0.00000000 0.00000000 0.00000000 0.00000000 0.00000000 0.00000000 0.00000000 0.00000000 0.00000000 0.00000000 1.00000000 0.00000000 0.00000000 0.00000000 1.00000000 
1700000022.64852 0.190406 0.144325 -0.964863 0.109336 0.055115 0.013961 0.009464 0.008142 -0.007915 -0.011729 0.001907 -0.000328 0.001192 0.158115 0.050959 0.096580 0.0000000 1 418.629359 418.629359 505.740581 286.574774 -0.020453 -0.024926 0.019510 -0.005656 -0.660094 0.642445 -0.268559 0.281810 -0.062419 0.031365 0.062150 0 1.00000000 0.00000000 0.00000000 1.00000000 0.00000000 1.00000000 1.00000000 0.00000000 0.00000000 1.00000000 0.00000000 1.00000000 0.00000000 0.00000000 0.00000000 0.00000000 0.00000000 0.00000000 0.00000000 0.00000000 0.00000000 0.00000000 0.00000000 0.00000000 1.00000000 0.00000000 0.00000000 0.00000000 1.00000000 
1700000022.68243 0.190715 0.144266 -0.964815 0.109306 0.055386 0.013577 0.009122 0.001655 -0.003754 -0.005581 0.001759 -0.000342 0.001493 0.159327 0.049690 0.096869 0.0000000 1 418.629359 418.629359 505.740581 286.574774 -0.020453 -0.024926 0.019510 -0.005656 -0.660094 0.642445 -0.268559 0.281810 -0.062419 0.031365 0.062150 0 1.00000000 0.00000000 0.00000000 1.00000000 0.00000000 1.00000000 1.00000000 0.00000000 0.00000000 1.00000000 0.00000000 1.00000000 0.00000000 0.00000000 0.00000000 0.00000000 0.00000000 0.00000000 0.00000000 0.00000000 0.00000000 0.00000000 0.00000000 0.00000000 1.00000000 0.00000000 0.00000000 0.00000000 1.00000000 
1700000022.71633 0.191699 0.143764 -0.964766 0.108676 0.055408 0.013456 0.008923 -0.004565 0.000608 -0.003784 0.001646 -0.000401 0.001714 0.162626 0.047870 0.098141 0.0000000 1 418.629359 418.629359 505.740581 286.574774 -0.020453 -0.024926 0.019510 -0.005656 -0.660094 0.642445 -0.268559 0.281810 -0.062419 0.031365 0.062150 0 1.00000000 0.00000000 0.00000000 1.00000000 0.00000000 1.00000000 1.00000000 0.00000000 0.00000000 1.00000000 0.00000000 1.00000000 0.00000000 0.00000000 0.00000000 0.00000000 0.00000000 0.00000000 0.00000000 0.00000000 0.00000000 0.00000000 0.00000000 0.00000000 1.00000000 0.00000000 0.00000000 0.00000000 1.00000000 
1700000022.75024 0.192520 0.142621 -0.964854 0.107947 0.055296 0.013445 0.009004 -0.004579 0.003180 0.003696 0.001570 -0.000439 0.001780 0.163353 0.046936 0.098170 0.0000000 1 418.629359 418.629359 505.740581 286.574774 -0.020453 -0.024926 0.019510 -0.005656 -0.660094 0.642445 -0.268559 0.281810 -0.062419 0.031365 0.062150 0 1.00000000 0.00000000 0.00000000 1.00000000 0.00000000 1.00000000 1.00000000 0.00000000 0.00000000 1.00000000 0.00000000 1.00000000 0.00000000 0.00000000 0.00000000 0.00000000 0.00000000 0.00000000 0.00000000 0.00000000 0.00000000 0.00000000 0.00000000 0.00000000 1.00000000 0.00000000 0.00000000 0.00000000 1.00000000 
1700000022.78414 0.193567 0.141881 -0.964814 0.107405 0.055343 0.013675 0.009043 -0.004329 0.005668 -0.002108 0.001681 -0.000410 0.001903 0.168907 0.043409 0.100277 0.0000000 1 418.629359 418.629359 505.740581 286.574774 -0.020453 -0.024926 0.019510 -0.005656 -0.660094 0.642445 -0.268559 0.281810 -0.062419 0.031365 0.062150 0 1.00000000 0.00000000 0.00000000 1.00000000 0.00000000 1.00000000 1.00000000 0.00000000 0.00000000 1.00000000 0.00000000 1.00000000 0.00000000 0.00000000 0.00000000 0.00000000 0.00000000 0.00000000 0.00000000 0.00000000 0.00000000 0.00000000 0.00000000 0.00000000 1.00000000 0.00000000 0.00000000 0.00000000 1.00000000 
1700000022.81805 0.193749 0.142866 -0.964779 0.106079 0.055109 0.013804 0.008979 -0.004998 0.007309 -0.001109 0.001763 -0.000347 0.001998 0.170904 0.046143 0.101824 0.0000000 1 418.629359 418.629359 505.740581 286.574774 -0.020453 -0.024926 0.019510 -0.005656 -0.660094 0.642445 -0.268559 0.281810 -0.062419 0.031365 0.062150 0 1.00000000 0.00000000 0.00000000 1.00000000 0.00000000 1.00000000 1.00000000 0.00000000 0.00000000 1.00000000 0.00000000 1.00000000 0.00000000 0.00000000 0.00000000 0.00000000 0.00000000 0.00000000 0.00000000 0.00000000 0.00000000 0.00000000 0.00000000 0.00000000 1.00000000 0.00000000 0.00000000 0.00000000 1.00000000 
1700000022.85195 0.193259 0.142985 -0.964904 0.105673 0.054990 0.013947 0.009108 -0.003511 0.006459 0.008063 0.001746 -0.000339 0.001929 0.170081 0.045628 0.101248 0.0000000 1 418.629359 418.629359 505.740581 286.574774 -0.020453 -0.024926 0.019510 -0.005656 -0.660094 0.642445 -0.268559 0.281810 -0.062419 0.031365 0.062150 0 1.00000000 0.00000000 0.00000000 1.00000000 0.00000000 1.00000000 1.00000000 0.00000000 0.00000000 1.00000000 0.00000000 1.00000000 0.00000000 0.00000000 0.00000000 0.00000000 0.00000000 0.00000000 0.00000000 0.00000000 0.00000000 0.00000000 0.00000000 0.00000000 1.00000000 0.00000000 0.00000000 0.00000000 1.00000000 
1700000022.88586 0.193341 0.142720 -0.964953 0.105434 0.054923 0.014146 0.009297 -0.007385 0.005439 0.004439 0.001729 -0.000367 0.002029 0.172566 0.043296 0.102103 0.0000000 1 418.629359 418.629359 505.740581 286.574774 -0.020453 -0.024926 0.019510 -0.005656 -0.660094 0.642445 -0.268559 0.281810 -0.062419 0.031365 0.062150 0 1.00000000 0.00000000 0.00000000 1.00000000 0.00000000 1.00000000 1.00000000 0.00000000 0.00000000 1.00000000 0.00000000 1.00000000 0.00000000 0.00000000 0.00000000 0.00000000 0.00000000 0.00000000 0.00000000 0.00000000 0.00000000 0.00000000 0.00000000 0.00000000 1.00000000 0.00000000 0.00000000 0.00000000 1.00000000 
1700000022.91976 0.193417 0.143344 -0.965006 0.103952 0.054435 0.014448 0.009442 -0.017387 0.008937 -0.000068 0.001778 -0.000380 0.002167 0.177417 0.045706 0.105083 0.0000000 1 418.629359 418.629359 505.740581 286.574774 -0.020453 -0.024926 0.019510 -0.005656 -0.660094 0.642445 -0.268559 0.281810 -0.062419 0.031365 0.062150 0 1.00000000 0.00000000 0.00000000 1.00000000 0.00000000 1.00000000 1.00000000 0.00000000 0.00000000 1.00000000 0.00000000 1.00000000 0.00000000 0.00000000 0.00000000 0.00000000 0.00000000 0.00000000 0.00000000 0.00000000 0.00000000 0.00000000 0.00000000 0.00000000 1.00000000 0.00000000 0.00000000 0.00000000 1.00000000 
1700000022.95367 0.193060 0.143829 -0.965217 0.101970 0.053802 0.014733 0.009569 -0.021131 0.010556 0.005466 0.001712 -0.000437 0.002243 0.178895 0.045413 0.105701 0.0000000 1 418.629359 418.629359 505.740581 286.574774 -0.020453 -0.024926 0.019510 -0.005656 -0.660094 0.642445 -0.268559 0.281810 -0.062419 0.031365 0.062150 0 1.00000000 0.00000000 0.00000000 1.00000000 0.00000000 1.00000000 1.00000000 0.00000000 0.00000000 1.00000000 0.00000000 1.00000000 0.00000000 0.00000000 0.00000000 0.00000000 0.00000000 0.00000000 0.00000000 0.00000000 0.00000000 0.00000000 0.00000000 0.00000000 1.00000000 0.00000000 0.00000000 0.00000000 1.00000000 
1700000022.98757 0.193056 0.143180 -0.965538 0.099829 0.053046 0.015027 0.009848 -0.026295 0.009988 0.010833 0.001516 -0.000532 0.002332 0.179613 0.043949 0.105761 0.0000000 1 418.629359 418.629359 505.740581 286.574774 -0.020453 -0.024926 0.019510 -0.005656 -0.660094 0.642445 -0.268559 0.281810 -0.062419 0.031365 0.062150 0 1.00000000 0.00000000 0.00000000 1.00000000 0.00000000 1.00000000 1.00000000 0.00000000 0.00000000 1.00000000 0.00000000 1.00000000 0.00000000 0.00000000 0.00000000 0.00000000 0.00000000 0.00000000 0.00000000 0.00000000 0.00000000 0.00000000 0.00000000 0.00000000 1.00000000 0.00000000 0.00000000 0.00000000 1.00000000 
1700000023.02148 0.193546 0.141568 -0.965955 0.097100 0.052171 0.015349 0.010234 -0.029119 0.011130 0.011703 0.001309 -0.000620 0.002462 0.181076 0.042139 0.106135 0.0000000 1 418.629359 418.629359 505.740581 286.574774 -0.020453 -0.024926 0.019510 -0.005656 -0.660094 0.642445 -0.268559 0.281810 -0.062419 0.031365 0.062150 0 1.00000000 0.00000000 0.00000000 1.00000000 0.00000000 1.00000000 1.00000000 0.00000000 0.00000000 1.00000000 0.00000000 1.00000000 0.00000000 0.00000000 0.00000000 0.00000000 0.00000000 0.00000000 0.00000000 0.00000000 0.00000000 0.00000000 0.00000000 0.00000000 1.00000000 0.00000000 0.00000000 0.00000000 1.00000000 
1700000023.05538 0.193976 0.139881 -0.966435 0.093866 0.051127 0.015806 0.010599 -0.032441 0.012115 0.007547 0.001262 -0.000598 0.002601 0.184158 0.042625 0.107804 0.0000000 1 418.629359 418.629359 505.740581 286.574774 -0.020453 -0.024926 0.019510 -0.005656 -0.660094 0.642445 -0.268559 0.281810 -0.062419 0.031365 0.062150 0 1.00000000 0.00000000 0.00000000 1.00000000 0.00000000 1.00000000 1.00000000 0.00000000 0.00000000 1.00000000 0.00000000 1.00000000 0.00000000 0.00000000 0.00000000 0.00000000 0.00000000 0.00000000 0.00000000 0.00000000 0.00000000 0.00000000 0.00000000 0.00000000 1.00000000 0.00000000 0.00000000 0.00000000 1.00000000 
1700000023.08929 0.194014 0.138913 -0.966897 0.090393 0.050154 0.016348 0.010892 -0.026697 0.014357 0.005716 0.001308 -0.000552 0.002641 0.186923 0.042027 0.108979 0.0000000 1 418.629359 418.629359 505.740581 286.574774 -0.020453 -0.024926 0.019510 -0.005656 -0.660094 0.642445 -0.268559 0.281810 -0.062419 0.031365 0.062150 0 1.00000000 0.00000000 0.00000000 1.00000000 0.00000000 1.00000000 1.00000000 0.00000000 0.00000000 1.00000000 0.00000000 1.00000000 0.00000000 0.00000000 0.00000000 0.00000000 0.00000000 0.00000000 0.00000000 0.00000000 0.00000000 0.00000000 0.00000000 0.00000000 1.00000000 0.00000000 0.00000000 0.00000000 1.00000000 
1700000023.12319 0.193690 0.138671 -0.967275 0.087366 0.049294 0.016942 0.011015 -0.025898 0.015191 0.000625 0.001382 -0.000476 0.002643 0.189321 0.042267 0.110263 0.0000000 1 418.629359 418.629359 505.740581 286.574774 -0.020453 -0.024926 0.019510 -0.005656 -0.660094 0.642445 -0.268559 0.281810 -0.062419 0.031365 0.062150 0 1.00000000 0.00000000 0.00000000 1.00000000 0.00000000 1.00000000 1.00000000 0.00000000 0.00000000 1.00000000 0.00000000 1.00000000 0.00000000 0.00000000 0.00000000 0.00000000 0.00000000 0.00000000 0.00000000 0.00000000 0.00000000 0.00000000 0.00000000 0.00000000 1.00000000 0.00000000 0.00000000 0.00000000 1.00000000 
1700000023.15710 0.193489 0.139008 -0.967653 0.082989 0.048227 0.017579 0.010956 -0.033540 0.018737 -0.005779 0.001320 -0.000471 0.002843 0.192365 0.043956 0.112164 0.0000000 1 418.629359 418.629359 505.740581 286.574774 -0.020453 -0.024926 0.019510 -0.005656 -0.660094 0.642445 -0.268559 0.281810 -0.062419 0.031365 0.062150 0 1.00000000 0.00000000 0.00000000 1.00000000 0.00000000 1.00000000 1.00000000 0.00000000 0.00000000 1.00000000 0.00000000 1.00000000 0.00000000 0.00000000 0.00000000 0.00000000 0.00000000 0.00000000 0.00000000 0.00000000 0.00000000 0.00000000 0.00000000 0.00000000 1.00000000 0.00000000 0.00000000 0.00000000 1.00000000 
1700000023.19100 0.193439 0.138620 -0.968153 0.077758 0.046992 0.018340 0.010845 -0.036887 0.024216 -0.004406 0.001164 -0.000493 0.002892 0.193478 0.044506 0.112747 0.0000000 1 418.629359 418.629359 505.740581 286.574774 -0.020453 -0.024926 0.019510 -0.005656 -0.660094 0.642445 -0.268559 0.281810 -0.062419 0.031365 0.062150 0 1.00000000 0.00000000 0.00000000 1.00000000 0.00000000 1.00000000 1.00000000 0.00000000 0.00000000 1.00000000 0.00000000 1.00000000 0.00000000 0.00000000 0.00000000 0.00000000 0.00000000 0.00000000 0.00000000 0.00000000 0.00000000 0.00000000 0.00000000 0.00000000 1.00000000 0.00000000 0.00000000 0.00000000 1.00000000 
1700000023.22491 0.193871 0.137427 -0.968638 0.072588 0.045836 0.019197 0.010772 -0.036792 0.029205 -0.002073 0.000937 -0.000622 0.003007 0.193538 0.042893 0.112355 0.0000000 1 418.629359 418.629359 505.740581 286.574774 -0.020453 -0.024926 0.019510 -0.005656 -0.660094 0.642445 -0.268559 0.281810 -0.062419 0.031365 0.062150 0 1.00000000 0.00000000 0.00000000 1.00000000 0.00000000 1.00000000 1.00000000 0.00000000 0.00000000 1.00000000 0.00000000 1.00000000 0.00000000 0.00000000 0.00000000 0.00000000 0.00000000 0.00000000 0.00000000 0.00000000 0.00000000 0.00000000 0.00000000 0.00000000 1.00000000 0.00000000 0.00000000 0.00000000 1.00000000 
1700000023.25881 0.194683 0.135566 -0.969187 0.066305 0.044424 0.020443 0.010894 -0.045109 0.036650 0.000834 0.000685 -0.000700 0.003156 0.195859 0.043410 0.113470 0.0000000 1 418.629359 418.629359 505.740581 286.574774 -0.020453 -0.024926 0.019510 -0.005656 -0.660094 0.642445 -0.268559 0.281810 -0.062419 0.031365 0.062150 0 1.00000000 0.00000000 0.00000000 1.00000000 0.00000000 1.00000000 1.00000000 0.00000000 0.00000000 1.00000000 0.00000000 1.00000000 0.00000000 0.00000000 0.00000000 0.00000000 0.00000000 0.00000000 0.00000000 0.00000000 0.00000000 0.00000000 0.00000000 0.00000000 1.00000000 0.00000000 0.00000000 0.00000000 1.00000000 
1700000023.29272 0.195850 0.133176 -0.969741 0.059236 0.042803 0.021595 0.010900 -0.046771 0.040041 0.001124 0.000518 -0.000870 0.003323 0.195207 0.043438 0.113211 0.0000000 1 418.629359 418.629359 505.740581 286.574774 -0.020453 -0.024926 0.019510 -0.005656 -0.660094 0.642445 -0.268559 0.281810 -0.062419 0.031365 0.062150 0 1.00000000 0.00000000 0.00000000 1.00000000 0.00000000 1.00000000 1.00000000 0.00000000 0.00000000 1.00000000 0.00000000 1.00000000 0.00000000 0.00000000 0.00000000 0.00000000 0.00000000 0.00000000 0.00000000 0.00000000 0.00000000 0.00000000 0.00000000 0.00000000 1.00000000 0.00000000 0.00000000 0.00000000 1.00000000 
1700000023.32662 0.197027 0.130595 -0.970229 0.052737 0.041260 0.023005 0.011026 -0.041946 0.043064 0.003186 0.000435 -0.000981 0.003299 0.195132 0.042672 0.112942 0.0000000 1 418.629359 418.629359 505.740581 286.574774 -0.020453 -0.024926 0.019510 -0.005656 -0.660094 0.642445 -0.268559 0.281810 -0.062419 0.031365 0.062150 0 1.00000000 0.00000000 0.00000000 1.00000000 0.00000000 1.00000000 1.00000000 0.00000000 0.00000000 1.00000000 0.00000000 1.00000000 0.00000000 0.00000000 0.00000000 0.00000000 0.00000000 0.00000000 0.00000000 0.00000000 0.00000000 0.00000000 0.00000000 0.00000000 1.00000000 0.00000000 0.00000000 0.00000000 1.00000000 
1700000023.36053 0.197860 0.128261 -0.970630 0.047732 0.040001 0.024581 0.011086 -0.032311 0.042841 0.001306 0.000492 -0.000966 0.003026 0.195457 0.041492 0.112902 0.0000000 1 418.629359 418.629359 505.740581 286.574774 -0.020453 -0.024926 0.019510 -0.005656 -0.660094 0.642445 -0.268559 0.281810 -0.062419 0.031365 0.062150 0 1.00000000 0.00000000 0.00000000 1.00000000 0.00000000 1.00000000 1.00000000 0.00000000 0.00000000 1.00000000 0.00000000 1.00000000 0.00000000 0.00000000 0.00000000 0.00000000 0.00000000 0.00000000 0.00000000 0.00000000 0.00000000 0.00000000 0.00000000 0.00000000 1.00000000 0.00000000 0.00000000 0.00000000 1.00000000 
1700000023.39443 0.198424 0.127376 -0.970862 0.042786 0.038729 0.026133 0.010985 -0.033050 0.042084 -0.005239 0.000522 -0.000977 0.003004 0.196687 0.043092 0.114003 0.0000000 1 418.629359 418.629359 505.740581 286.574774 -0.020453 -0.024926 0.019510 -0.005656 -0.660094 0.642445 -0.268559 0.281810 -0.062419 0.031365 0.062150 0 1.00000000 0.00000000 0.00000000 1.00000000 0.00000000 1.00000000 1.00000000 0.00000000 0.00000000 1.00000000 0.00000000 1.00000000 0.00000000 0.00000000 0.00000000 0.00000000 0.00000000 0.00000000 0.00000000 0.00000000 0.00000000 0.00000000 0.00000000 0.00000000 1.00000000 0.00000000 0.00000000 0.00000000 1.00000000 
1700000023.42834 0.198460 0.126855 -0.971157 0.037089 0.037541 0.027656 0.010866 -0.031647 0.042723 -0.004562 0.000476 -0.001054 0.002951 0.197043 0.043479 0.114210 0.0000000 1 418.629359 418.629359 505.740581 286.574774 -0.020453 -0.024926 0.019510 -0.005656 -0.660094 0.642445 -0.268559 0.281810 -0.062419 0.031365 0.062150 0 1.00000000 0.00000000 0.00000000 1.00000000 0.00000000 1.00000000 1.00000000 0.00000000 0.00000000 1.00000000 0.00000000 1.00000000 0.00000000 0.00000000 0.00000000 0.00000000 0.00000000 0.00000000 0.00000000 0.00000000 0.00000000 0.00000000 0.00000000 0.00000000 1.00000000 0.00000000 0.00000000 0.00000000 1.00000000 
1700000023.46224 0.198688 0.126041 -0.971410 0.031625 0.036467 0.029051 0.010759 -0.030759 0.041045 -0.003031 0.000390 -0.001153 0.002939 0.196494 0.043004 0.113819 0.0000000 1 418.629359 418.629359 505.740581 286.574774 -0.020453 -0.024926 0.019510 -0.005656 -0.660094 0.642445 -0.268559 0.281810 -0.062419 0.031365 0.062150 0 1.00000000 0.00000000 0.00000000 1.00000000 0.00000000 1.00000000 1.00000000 0.00000000 0.00000000 1.00000000 0.00000000 1.00000000 0.00000000 0.00000000 0.00000000 0.00000000 0.00000000 0.00000000 0.00000000 0.00000000 0.00000000 0.00000000 0.00000000 0.00000000 1.00000000 0.00000000 0.00000000 0.00000000 1.00000000 
1700000023.49615 0.198884 0.125208 -0.971667 0.025117 0.035041 0.030303 0.010496 -0.041544 0.039375 -0.006031 0.000263 -0.001152 0.003107 0.196046 0.044483 0.114065 0.0000000 1 418.629359 418.629359 505.740581 286.574774 -0.020453 -0.024926 0.019510 -0.005656 -0.660094 0.642445 -0.268559 0.281810 -0.062419 0.031365 0.062150 0 1.00000000 0.00000000 0.00000000 1.00000000 0.00000000 1.00000000 1.00000000 0.00000000 0.00000000 1.00000000 0.00000000 1.00000000 0.00000000 0.00000000 0.00000000 0.00000000 0.00000000 0.00000000 0.00000000 0.00000000 0.00000000 0.00000000 0.00000000 0.00000000 1.00000000 0.00000000 0.00000000 0.00000000 1.00000000 
1700000023.53005 0.199050 0.123883 -0.971981 0.016907 0.033492 0.031595 0.010132 -0.050574 0.041637 -0.008965 0.000150 -0.001132 0.003458 0.196181 0.044367 0.114230 0.0000000 1 418.629359 418.629359 505.740581 286.574774 -0.020453 -0.024926 0.019510 -0.005656 -0.660094 0.642445 -0.268559 0.281810 -0.062419 0.031365 0.062150 0 1.00000000 0.00000000 0.00000000 1.00000000 0.00000000 1.00000000 1.00000000 0.00000000 0.00000000 1.00000000 0.00000000 1.00000000 0.00000000 0.00000000 0.00000000 0.00000000 0.00000000 0.00000000 0.00000000 0.00000000 0.00000000 0.00000000 0.00000000 0.00000000 1.00000000 0.00000000 0.00000000 0.00000000 1.00000000 
1700000023.56396 0.200477 0.122152 -0.972025 0.007457 0.031314 0.033250 0.009803 -0.064393 0.049702 -0.011737 0.000065 -0.001433 0.003637 0.197069 0.044936 0.114942 0.0000000 1 418.629359 418.629359 505.740581 286.574774 -0.020453 -0.024926 0.019510 -0.005656 -0.660094 0.642445 -0.268559 0.281810 -0.062419 0.031365 0.062150 0 1.00000000 0.00000000 0.00000000 1.00000000 0.00000000 1.00000000 1.00000000 0.00000000 0.00000000 1.00000000 0.00000000 1.00000000 0.00000000 0.00000000 0.00000000 0.00000000 0.00000000 0.00000000 0.00000000 0.00000000 0.00000000 0.00000000 0.00000000 0.00000000 1.00000000 0.00000000 0.00000000 0.00000000 1.00000000 
1700000023.59786 -0.202078 -0.118877 0.972124 0.002612 0.029311 0.035143 0.009973 -0.058460 0.056570 -0.000698 -0.000129 -0.001800 0.003649 0.196505 0.043913 0.113987 0.0000000 1 418.629359 418.629359 505.740581 286.574774 -0.020453 -0.024926 0.019510 -0.005656 -0.660094 0.642445 -0.268559 0.281810 -0.062419 0.031365 0.062150 0 1.00000000 0.00000000 0.00000000 1.00000000 0.00000000 1.00000000 1.00000000 0.00000000 0.00000000 1.00000000 0.00000000 1.00000000 0.00000000 0.00000000 0.00000000 0.00000000 0.00000000 0.00000000 0.00000000 0.00000000 0.00000000 0.00000000 0.00000000 0.00000000 1.00000000 0.00000000 0.00000000 0.00000000 1.00000000 
1700000023.63177 -0.203957 -0.114642 0.972183 0.010901 0.027807 0.037271 0.010298 -0.046838 0.059437 0.004189 -0.000166 -0.002057 0.003557 0.196435 0.042103 0.113322 0.0000000 1 418.629359 418.629359 505.740581 286.574774 -0.020453 -0.024926 0.019510 -0.005656 -0.660094 0.642445 -0.268559 0.281810 -0.062419 0.031365 0.062150 0 1.00000000 0.00000000 0.00000000 1.00000000 0.00000000 1.00000000 1.00000000 0.00000000 0.00000000 1.00000000 0.00000000 1.00000000 0.00000000 0.00000000 0.00000000 0.00000000 0.00000000 0.00000000 0.00000000 0.00000000 0.00000000 0.00000000 0.00000000 0.00000000 1.00000000 0.00000000 0.00000000 0.00000000 1.00000000 
1700000023.66567 -0.205645 -0.110924 0.972131 0.019173 0.026411 0.039469 0.010237 -0.044322 0.059271 -0.003333 -0.000238 -0.002081 0.003651 0.196564 0.041108 0.113313 0.0000000 1 418.629359 418.629359 505.740581 286.574774 -0.020453 -0.024926 0.019510 -0.005656 -0.660094 0.642445 -0.268559 0.281810 -0.062419 0.031365 0.062150 0 1.00000000 0.00000000 0.00000000 1.00000000 0.00000000 1.00000000 1.00000000 0.00000000 0.00000000 1.00000000 0.00000000 1.00000000 0.00000000 0.00000000 0.00000000 0.00000000 0.00000000 0.00000000 0.00000000 0.00000000 0.00000000 0.00000000 0.00000000 0.00000000 1.00000000 0.00000000 0.00000000 0.00000000 1.00000000 
1700000023.69958 -0.206459 -0.108326 0.972036 0.028027 0.025024 0.041691 0.009994 -0.042027 0.060262 -0.007254 -0.000253 -0.001997 0.003799 0.196218 0.040464 0.113038 0.0000000 1 418.629359 418.629359 505.740581 286.574774 -0.020453 -0.024926 0.019510 -0.005656 -0.660094 0.642445 -0.268559 0.281810 -0.062419 0.031365 0.062150 0 1.00000000 0.00000000 0.00000000 1.00000000 0.00000000 1.00000000 1.00000000 0.00000000 0.00000000 1.00000000 0.00000000 1.00000000 0.00000000 0.00000000 0.00000000 0.00000000 0.00000000 0.00000000 0.00000000 0.00000000 0.00000000 0.00000000 0.00000000 0.00000000 1.00000000 0.00000000 0.00000000 0.00000000 1.00000000 
1700000023.73348 -0.207210 -0.106595 0.971797 0.036220 0.023733 0.043945 0.009773 -0.036940 0.058043 -0.007281 -0.000165 -0.001997 0.003654 0.195786 0.040082 0.112765 0.0000000 1 418.629359 418.629359 505.740581 286.574774 -0.020453 -0.024926 0.019510 -0.005656 -0.660094 0.642445 -0.268559 0.281810 -0.062419 0.031365 0.062150 0 1.00000000 0.00000000 0.00000000 1.00000000 0.00000000 1.00000000 1.00000000 0.00000000 0.00000000 1.00000000 0.00000000 1.00000000 0.00000000 0.00000000 0.00000000 0.00000000 0.00000000 0.00000000 0.00000000 0.00000000 0.00000000 0.00000000 0.00000000 0.00000000 1.00000000 0.00000000 0.00000000 0.00000000 1.00000000 
1700000023.76739 -0.208113 -0.105159 0.971451 0.043739 0.022771 0.046136 0.009726 -0.027275 0.053050 -0.002338 -0.000149 -0.001861 0.003509 0.195200 0.039905 0.112245 0.0000000 1 418.629359 418.629359 505.740581 286.574774 -0.020453 -0.024926 0.019510 -0.005656 -0.660094 0.642445 -0.268559 0.281810 -0.062419 0.031365 0.062150 0 1.00000000 0.00000000 0.00000000 1.00000000 0.00000000 1.00000000 1.00000000 0.00000000 0.00000000 1.00000000 0.00000000 1.00000000 0.00000000 0.00000000 0.00000000 0.00000000 0.00000000 0.00000000 0.00000000 0.00000000 0.00000000 0.00000000 0.00000000 0.00000000 1.00000000 0.00000000 0.00000000 0.00000000 1.00000000 
1700000023.80129 -0.208953 -0.104177 0.971059 0.050291 0.021928 0.048133 0.009914 -0.019422 0.046912 0.000426 0.000022 -0.001894 0.003323 0.194315 0.039956 0.111712 0.0000000 1 418.629359 418.629359 505.740581 286.574774 -0.020453 -0.024926 0.019510 -0.005656 -0.660094 0.642445 -0.268559 0.281810 -0.062419 0.031365 0.062150 0 1.00000000 0.00000000 0.00000000 1.00000000 0.00000000 1.00000000 1.00000000 0.00000000 0.00000000 1.00000000 0.00000000 1.00000000 0.00000000 0.00000000 0.00000000 0.00000000 0.00000000 0.00000000 0.00000000 0.00000000 0.00000000 0.00000000 0.00000000 0.00000000 1.00000000 0.00000000 0.00000000 0.00000000 1.00000000 
1700000023.83520 -0.208930 -0.103289 0.970775 0.057237 0.021245 0.049632 0.010223 -0.014767 0.039250 0.007164 0.000032 -0.001966 0.003424 0.193175 0.038970 0.110778 0.0000000 1 418.629359 418.629359 505.740581 286.574774 -0.020453 -0.024926 0.019510 -0.005656 -0.660094 0.642445 -0.268559 0.281810 -0.062419 0.031365 0.062150 0 1.00000000 0.00000000 0.00000000 1.00000000 0.00000000 1.00000000 1.00000000 0.00000000 0.00000000 1.00000000 0.00000000 1.00000000 0.00000000 0.00000000 0.00000000 0.00000000 0.00000000 0.00000000 0.00000000 0.00000000 0.00000000 0.00000000 0.00000000 0.00000000 1.00000000 0.00000000 0.00000000 0.00000000 1.00000000 
1700000023.86910 -0.208366 -0.102444 0.970610 0.063288 0.020671 0.051142 0.010588 -0.010923 0.033526 0.008567 0.000185 -0.002059 0.003278 0.192285 0.038917 0.110364 0.0000000 1 418.629359 418.629359 505.740581 286.574774 -0.020453 -0.024926 0.019510 -0.005656 -0.660094 0.642445 -0.268559 0.281810 -0.062419 0.031365 0.062150 0 1.00000000 0.00000000 0.00000000 1.00000000 0.00000000 1.00000000 1.00000000 0.00000000 0.00000000 1.00000000 0.00000000 1.00000000 0.00000000 0.00000000 0.00000000 0.00000000 0.00000000 0.00000000 0.00000000 0.00000000 0.00000000 0.00000000 0.00000000 0.00000000 1.00000000 0.00000000 0.00000000 0.00000000 1.00000000 
1700000023.90301 -0.207942 -0.101922 0.970375 0.068878 0.020209 0.052473 0.010870 -0.009196 0.030064 0.007408 0.000236 -0.002198 0.003145 0.191401 0.038674 0.109984 0.0000000 1 418.629359 418.629359 505.740581 286.574774 -0.020453 -0.024926 0.019510 -0.005656 -0.660094 0.642445 -0.268559 0.281810 -0.062419 0.031365 0.062150 0 1.00000000 0.00000000 0.00000000 1.00000000 0.00000000 1.00000000 1.00000000 0.00000000 0.00000000 1.00000000 0.00000000 1.00000000 0.00000000 0.00000000 0.00000000 0.00000000 0.00000000 0.00000000 0.00000000 0.00000000 0.00000000 0.00000000 0.00000000 0.00000000 1.00000000 0.00000000 0.00000000 0.00000000 1.00000000 
1700000023.93691 -0.207208 -0.101100 0.970195 0.074598 0.019664 0.053820 0.011329 -0.014226 0.030710 0.009633 0.000252 -0.002361 0.003148 0.189849 0.038419 0.109072 0.0000000 1 418.629359 418.629359 505.740581 286.574774 -0.020453 -0.024926 0.019510 -0.005656 -0.660094 0.642445 -0.268559 0.281810 -0.062419 0.031365 0.062150 0 1.00000000 0.00000000 0.00000000 1.00000000 0.00000000 1.00000000 1.00000000 0.00000000 0.00000000 1.00000000 0.00000000 1.00000000 0.00000000 0.00000000 0.00000000 0.00000000 0.00000000 0.00000000 0.00000000 0.00000000 0.00000000 0.00000000 0.00000000 0.00000000 1.00000000 0.00000000 0.00000000 0.00000000 1.00000000 
1700000023.97082 -0.206498 -0.099220 0.970060 0.080608 0.019409 0.055255 0.011431 -0.011882 0.030514 0.010050 -0.000193 -0.002308 0.003012 0.189296 0.039165 0.109003 0.0000000 1 418.629359 418.629359 505.740581 286.574774 -0.020453 -0.024926 0.019510 -0.005656 -0.660094 0.642445 -0.268559 0.281810 -0.062419 0.031365 0.062150 0 1.00000000 0.00000000 0.00000000 1.00000000 0.00000000 1.00000000 1.00000000 0.00000000 0.00000000 1.00000000 0.00000000 1.00000000 0.00000000 0.00000000 0.00000000 0.00000000 0.00000000 0.00000000 0.00000000 0.00000000 0.00000000 0.00000000 0.00000000 0.00000000 1.00000000 0.00000000 0.00000000 0.00000000 1.00000000 
1700000024.00472 -0.206362 -0.097354 0.969814 0.086010 0.019169 0.056341 0.011908 -0.009385 0.028438 0.010839 -0.000224 -0.002456 0.002963 0.188582 0.040430 0.108912 0.0000000 1 418.629359 418.629359 505.740581 286.574774 -0.020453 -0.024926 0.019510 -0.005656 -0.660094 0.642445 -0.268559 0.281810 -0.062419 0.031365 0.062150 0 1.00000000 0.00000000 0.00000000 1.00000000 0.00000000 1.00000000 1.00000000 0.00000000 0.00000000 1.00000000 0.00000000 1.00000000 0.00000000 0.00000000 0.00000000 0.00000000 0.00000000 0.00000000 0.00000000 0.00000000 0.00000000 0.00000000 0.00000000 0.00000000 1.00000000 0.00000000 0.00000000 0.00000000 1.00000000 
1700000024.03863 -0.206739 -0.095352 0.969459 0.091199 0.018741 0.057408 0.012202 -0.014008 0.027778 0.005463 -0.000179 -0.002584 0.003041 0.187382 0.040247 0.108399 0.0000000 1 418.629359 418.629359 505.740581 286.574774 -0.020453 -0.024926 0.019510 -0.005656 -0.660094 0.642445 -0.268559 0.281810 -0.062419 0.031365 0.062150 0 1.00000000 0.00000000 0.00000000 1.00000000 0.00000000 1.00000000 1.00000000 0.00000000 0.00000000 1.00000000 0.00000000 1.00000000 0.00000000 0.00000000 0.00000000 0.00000000 0.00000000 0.00000000 0.00000000 0.00000000 0.00000000 0.00000000 0.00000000 0.00000000 1.00000000 0.00000000 0.00000000 0.00000000 1.00000000 
1700000024.07253 -0.207321 -0.093087 0.969069 0.096217 0.018346 0.058770 0.012140 -0.013395 0.029191 0.000084 -0.000307 -0.002604 0.002933 0.185567 0.040760 0.107786 0.0000000 1 418.629359 418.629359 505.740581 286.574774 -0.020453 -0.024926 0.019510 -0.005656 -0.660094 0.642445 -0.268559 0.281810 -0.062419 0.031365 0.062150 0 1.00000000 0.00000000 0.00000000 1.00000000 0.00000000 1.00000000 1.00000000 0.00000000 0.00000000 1.00000000 0.00000000 1.00000000 0.00000000 0.00000000 0.00000000 0.00000000 0.00000000 0.00000000 0.00000000 0.00000000 0.00000000 0.00000000 0.00000000 0.00000000 1.00000000 0.00000000 0.00000000 0.00000000 1.00000000 
1700000024.10644 -0.208382 -0.091051 0.968527 0.101205 0.018013 0.060013 0.012141 -0.009429 0.025659 -0.001952 -0.000435 -0.002753 0.002783 0.183945 0.042190 0.107291 0.0000000 1 418.629359 418.629359 505.740581 286.574774 -0.020453 -0.024926 0.019510 -0.005656 -0.660094 0.642445 -0.268559 0.281810 -0.062419 0.031365 0.062150 0 1.00000000 0.00000000 0.00000000 1.00000000 0.00000000 1.00000000 1.00000000 0.00000000 0.00000000 1.00000000 0.00000000 1.00000000 0.00000000 0.00000000 0.00000000 0.00000000 0.00000000 0.00000000 0.00000000 0.00000000 0.00000000 0.00000000 0.00000000 0.00000000 1.00000000 0.00000000 0.00000000 0.00000000 1.00000000 
1700000024.14034 -0.209604 -0.089112 0.968042 0.104976 0.018141 0.060856 0.012409 0.007325 0.013479 0.004565 -0.000346 -0.002742 0.002299 0.183977 0.045999 0.107954 0.0000000 1 418.629359 418.629359 505.740581 286.574774 -0.020453 -0.024926 0.019510 -0.005656 -0.660094 0.642445 -0.268559 0.281810 -0.062419 0.031365 0.062150 0 1.00000000 0.00000000 0.00000000 1.00000000 0.00000000 1.00000000 1.00000000 0.00000000 0.00000000 1.00000000 0.00000000 1.00000000 0.00000000 0.00000000 0.00000000 0.00000000 0.00000000 0.00000000 0.00000000 0.00000000 0.00000000 0.00000000 0.00000000 0.00000000 1.00000000 0.00000000 0.00000000 0.00000000 1.00000000 
1700000024.17425 -0.210383 -0.087429 0.967792 0.107117 0.018291 0.061688 0.012456 0.010837 0.007448 0.001619 -0.000171 -0.002561 0.001941 0.182009 0.044522 0.106816 0.0000000 1 418.629359 418.629359 505.740581 286.574774 -0.020453 -0.024926 0.019510 -0.005656 -0.660094 0.642445 -0.268559 0.281810 -0.062419 0.031365 0.062150 0 1.00000000 0.00000000 0.00000000 1.00000000 0.00000000 1.00000000 1.00000000 0.00000000 0.00000000 1.00000000 0.00000000 1.00000000 0.00000000 0.00000000 0.00000000 0.00000000 0.00000000 0.00000000 0.00000000 0.00000000 0.00000000 0.00000000 0.00000000 0.00000000 1.00000000 0.00000000 0.00000000 0.00000000 1.00000000 
1700000024.20815 -0.210304 -0.086810 0.967668 0.108877 0.018609 0.062311 0.012560 0.014929 -0.001554 0.001762 -0.000035 -0.002310 0.001420 0.180354 0.044492 0.105918 0.0000000 1 418.629359 418.629359 505.740581 286.574774 -0.020453 -0.024926 0.019510 -0.005656 -0.660094 0.642445 -0.268559 0.281810 -0.062419 0.031365 0.062150 0 1.00000000 0.00000000 0.00000000 1.00000000 0.00000000 1.00000000 1.00000000 0.00000000 0.00000000 1.00000000 0.00000000 1.00000000 0.00000000 0.00000000 0.00000000 0.00000000 0.00000000 0.00000000 0.00000000 0.00000000 0.00000000 0.00000000 0.00000000 0.00000000 1.00000000 0.00000000 0.00000000 0.00000000 1.00000000 
1700000024.24206 -0.209935 -0.087124 0.967721 0.108870 0.019421 0.062265 0.012624 0.025166 -0.016567 0.001245 0.000298 -0.001996 0.000757 0.180949 0.047418 0.106909 0.0000000 1 418.629359 418.629359 505.740581 286.574774 -0.020453 -0.024926 0.019510 -0.005656 -0.660094 0.642445 -0.268559 0.281810 -0.062419 0.031365 0.062150 0 1.00000000 0.00000000 0.00000000 1.00000000 0.00000000 1.00000000 1.00000000 0.00000000 0.00000000 1.00000000 0.00000000 1.00000000 0.00000000 0.00000000 0.00000000 0.00000000 0.00000000 0.00000000 0.00000000 0.00000000 0.00000000 0.00000000 0.00000000 0.00000000 1.00000000 0.00000000 0.00000000 0.00000000 1.00000000 
1700000024.27596 -0.209721 -0.087868 0.967809 0.107899 0.019817 0.062118 0.012567 0.015470 -0.020292 -0.002554 0.000484 -0.001838 0.000601 0.178686 0.044004 0.105142 0.0000000 1 418.629359 418.629359 505.740581 286.574774 -0.020453 -0.024926 0.019510 -0.005656 -0.660094 0.642445 -0.268559 0.281810 -0.062419 0.031365 0.062150 0 1.00000000 0.00000000 0.00000000 1.00000000 0.00000000 1.00000000 1.00000000 0.00000000 0.00000000 1.00000000 0.00000000 1.00000000 0.00000000 0.00000000 0.00000000 0.00000000 0.00000000 0.00000000 0.00000000 0.00000000 0.00000000 0.00000000 0.00000000 0.00000000 1.00000000 0.00000000 0.00000000 0.00000000 1.00000000 
1700000024.30987 -0.208683 -0.088955 0.967942 0.107831 0.020211 0.061738 0.012630 0.011433 -0.023428 0.000661 0.000498 -0.001646 0.000471 0.176801 0.043609 0.103977 0.0000000 1 418.629359 418.629359 505.740581 286.574774 -0.020453 -0.024926 0.019510 -0.005656 -0.660094 0.642445 -0.268559 0.281810 -0.062419 0.031365 0.062150 0 1.00000000 0.00000000 0.00000000 1.00000000 0.00000000 1.00000000 1.00000000 0.00000000 0.00000000 1.00000000 0.00000000 1.00000000 0.00000000 0.00000000 0.00000000 0.00000000 0.00000000 0.00000000 0.00000000 0.00000000 0.00000000 0.00000000 0.00000000 0.00000000 1.00000000 0.00000000 0.00000000 0.00000000 1.00000000 
1700000024.34377 -0.207592 -0.090418 0.968190 0.106477 0.021047 0.060967 0.012727 0.019056 -0.031978 0.002688 0.000655 -0.001453 0.000123 0.177109 0.048289 0.105193 0.0000000 1 418.629359 418.629359 505.740581 286.574774 -0.020453 -0.024926 0.019510 -0.005656 -0.660094 0.642445 -0.268559 0.281810 -0.062419 0.031365 0.062150 0 1.00000000 0.00000000 0.00000000 1.00000000 0.00000000 1.00000000 1.00000000 0.00000000 0.00000000 1.00000000 0.00000000 1.00000000 0.00000000 0.00000000 0.00000000 0.00000000 0.00000000 0.00000000 0.00000000 0.00000000 0.00000000 0.00000000 0.00000000 0.00000000 1.00000000 0.00000000 0.00000000 0.00000000 1.00000000 
1700000024.37768 -0.207146 -0.091636 0.968424 0.104154 0.021580 0.060070 0.012837 0.013902 -0.034970 0.002319 0.000691 -0.001383 0.000017 0.176267 0.048428 0.104864 0.0000000 1 418.629359 418.629359 505.740581 286.574774 -0.020453 -0.024926 0.019510 -0.005656 -0.660094 0.642445 -0.268559 0.281810 -0.062419 0.031365 0.062150 0 1.00000000 0.00000000 0.00000000 1.00000000 0.00000000 1.00000000 1.00000000 0.00000000 0.00000000 1.00000000 0.00000000 1.00000000 0.00000000 0.00000000 0.00000000 0.00000000 0.00000000 0.00000000 0.00000000 0.00000000 0.00000000 0.00000000 0.00000000 0.00000000 1.00000000 0.00000000 0.00000000 0.00000000 1.00000000 
1700000024.41158 -0.206856 -0.092256 0.968638 0.102173 0.021912 0.059178 0.013009 0.007938 -0.033537 0.004062 0.000607 -0.001429 0.000049 0.174736 0.048525 0.104130 0.0000000 1 418.629359 418.629359 505.740581 286.574774 -0.020453 -0.024926 0.019510 -0.005656 -0.660094 0.642445 -0.268559 0.281810 -0.062419 0.031365 0.062150 0 1.00000000 0.00000000 0.00000000 1.00000000 0.00000000 1.00000000 1.00000000 0.00000000 0.00000000 1.00000000 0.00000000 1.00000000 0.00000000 0.00000000 0.00000000 0.00000000 0.00000000 0.00000000 0.00000000 0.00000000 0.00000000 0.00000000 0.00000000 0.00000000 1.00000000 0.00000000 0.00000000 0.00000000 1.00000000 
1700000024.44549 -0.206546 -0.092665 0.968897 0.099955 0.022341 0.058276 0.013186 0.010223 -0.033442 0.005025 0.000598 -0.001388 -0.000026 0.173686 0.050326 0.104061 0.0000000 1 418.629359 418.629359 505.740581 286.574774 -0.020453 -0.024926 0.019510 -0.005656 -0.660094 0.642445 -0.268559 0.281810 -0.062419 0.031365 0.062150 0 1.00000000 0.00000000 0.00000000 1.00000000 0.00000000 1.00000000 1.00000000 0.00000000 0.00000000 1.00000000 0.00000000 1.00000000 0.00000000 0.00000000 0.00000000 0.00000000 0.00000000 0.00000000 0.00000000 0.00000000 0.00000000 0.00000000 0.00000000 0.00000000 1.00000000 0.00000000 0.00000000 0.00000000 1.00000000 
1700000024.47939 -0.206258 -0.093239 0.969160 0.097434 0.022727 0.057485 0.013280 0.010097 -0.031761 0.002515 0.000676 -0.001305 -0.000042 0.171754 0.050823 0.103324 0.0000000 1 418.629359 418.629359 505.740581 286.574774 -0.020453 -0.024926 0.019510 -0.005656 -0.660094 0.642445 -0.268559 0.281810 -0.062419 0.031365 0.062150 0 1.00000000 0.00000000 0.00000000 1.00000000 0.00000000 1.00000000 1.00000000 0.00000000 0.00000000 1.00000000 0.00000000 1.00000000 0.00000000 0.00000000 0.00000000 0.00000000 0.00000000 0.00000000 0.00000000 0.00000000 0.00000000 0.00000000 0.00000000 0.00000000 1.00000000 0.00000000 0.00000000 0.00000000 1.00000000 
1700000024.51330 -0.205860 -0.094240 0.969384 0.095058 0.023225 0.056575 0.013406 0.014293 -0.033689 0.003069 0.000744 -0.001176 -0.000061 0.170333 0.051788 0.102817 0.0000000 1 418.629359 418.629359 505.740581 286.574774 -0.020453 -0.024926 0.019510 -0.005656 -0.660094 0.642445 -0.268559 0.281810 -0.062419 0.031365 0.062150 0 1.00000000 0.00000000 0.00000000 1.00000000 0.00000000 1.00000000 1.00000000 0.00000000 0.00000000 1.00000000 0.00000000 1.00000000 0.00000000 0.00000000 0.00000000 0.00000000 0.00000000 0.00000000 0.00000000 0.00000000 0.00000000 0.00000000 0.00000000 0.00000000 1.00000000 0.00000000 0.00000000 0.00000000 1.00000000 
1700000024.54720 -0.205337 -0.095365 0.969683 0.091959 0.024035 0.055486 0.013655 0.022983 -0.038788 0.005965 0.000825 -0.001026 -0.000207 0.169704 0.053950 0.102883 0.0000000 1 418.629359 418.629359 505.740581 286.574774 -0.020453 -0.024926 0.019510 -0.005656 -0.660094 0.642445 -0.268559 0.281810 -0.062419 0.031365 0.062150 0 1.00000000 0.00000000 0.00000000 1.00000000 0.00000000 1.00000000 1.00000000 0.00000000 0.00000000 1.00000000 0.00000000 1.00000000 0.00000000 0.00000000 0.00000000 0.00000000 0.00000000 0.00000000 0.00000000 0.00000000 0.00000000 0.00000000 0.00000000 0.00000000 1.00000000 0.00000000 0.00000000 0.00000000 1.00000000 
1700000024.58111 -0.204807 -0.096786 0.970067 0.087504 0.025050 0.054192 0.013777 0.030454 -0.045144 0.004277 0.001063 -0.000757 -0.000503 0.169558 0.055222 0.103181 0.0000000 1 418.629359 418.629359 505.740581 286.574774 -0.020453 -0.024926 0.019510 -0.005656 -0.660094 0.642445 -0.268559 0.281810 -0.062419 0.031365 0.062150 0 1.00000000 0.00000000 0.00000000 1.00000000 0.00000000 1.00000000 1.00000000 0.00000000 0.00000000 1.00000000 0.00000000 1.00000000 0.00000000 0.00000000 0.00000000 0.00000000 0.00000000 0.00000000 0.00000000 0.00000000 0.00000000 0.00000000 0.00000000 0.00000000 1.00000000 0.00000000 0.00000000 0.00000000 1.00000000 
1700000024.61501 -0.204168 -0.098522 0.970455 0.082625 0.025976 0.052852 0.013948 0.030085 -0.046579 0.005073 0.001137 -0.000563 -0.000497 0.168116 0.054369 0.102260 0.0000000 1 418.629359 418.629359 505.740581 286.574774 -0.020453 -0.024926 0.019510 -0.005656 -0.660094 0.642445 -0.268559 0.281810 -0.062419 0.031365 0.062150 0 1.00000000 0.00000000 0.00000000 1.00000000 0.00000000 1.00000000 1.00000000 0.00000000 0.00000000 1.00000000 0.00000000 1.00000000 0.00000000 0.00000000 0.00000000 0.00000000 0.00000000 0.00000000 0.00000000 0.00000000 0.00000000 0.00000000 0.00000000 0.00000000 1.00000000 0.00000000 0.00000000 0.00000000 1.00000000 
1700000024.64892 -0.202831 -0.100532 0.970950 0.077521 0.027016 0.051456 0.013973 0.031710 -0.048330 0.002828 0.001295 -0.000300 -0.000618 0.167138 0.054111 0.101845 0.0000000 1 418.629359 418.629359 505.740581 286.574774 -0.020453 -0.024926 0.019510 -0.005656 -0.660094 0.642445 -0.268559 0.281810 -0.062419 0.031365 0.062150 0 1.00000000 0.00000000 0.00000000 1.00000000 0.00000000 1.00000000 1.00000000 0.00000000 0.00000000 1.00000000 0.00000000 1.00000000 0.00000000 0.00000000 0.00000000 0.00000000 0.00000000 0.00000000 0.00000000 0.00000000 0.00000000 0.00000000 0.00000000 0.00000000 1.00000000 0.00000000 0.00000000 0.00000000 1.00000000 
1700000024.68282 -0.201582 -0.103447 0.971279 0.072674 0.027985 0.050149 0.013732 0.028883 -0.046971 -0.005229 0.001477 -0.000109 -0.000471 0.165318 0.053164 0.101010 0.0000000 1 418.629359 418.629359 505.740581 286.574774 -0.020453 -0.024926 0.019510 -0.005656 -0.660094 0.642445 -0.268559 0.281810 -0.062419 0.031365 0.062150 0 1.00000000 0.00000000 0.00000000 1.00000000 0.00000000 1.00000000 1.00000000 0.00000000 0.00000000 1.00000000 0.00000000 1.00000000 0.00000000 0.00000000 0.00000000 0.00000000 0.00000000 0.00000000 0.00000000 0.00000000 0.00000000 0.00000000 0.00000000 0.00000000 1.00000000 0.00000000 0.00000000 0.00000000 1.00000000 
1700000024.71673 -0.199877 -0.107133 0.971503 0.068945 0.028903 0.048584 0.013837 0.030300 -0.050501 0.000164 0.001466 0.000018 -0.000321 0.163777 0.053302 0.099945 0.0000000 1 418.629359 418.629359 505.740581 286.574774 -0.020453 -0.024926 0.019510 -0.005656 -0.660094 0.642445 -0.268559 0.281810 -0.062419 0.031365 0.062150 0 1.00000000 0.00000000 0.00000000 1.00000000 0.00000000 1.00000000 1.00000000 0.00000000 0.00000000 1.00000000 0.00000000 1.00000000 0.00000000 0.00000000 0.00000000 0.00000000 0.00000000 0.00000000 0.00000000 0.00000000 0.00000000 0.00000000 0.00000000 0.00000000 1.00000000 0.00000000 0.00000000 0.00000000 1.00000000 
1700000024.75063 -0.198091 -0.109797 0.971914 0.063937 0.030422 0.046409 0.014258 0.045280 -0.062899 0.012528 0.001483 0.000003 -0.000491 0.164217 0.055479 0.100390 0.0000000 1 418.629359 418.629359 505.740581 286.574774 -0.020453 -0.024926 0.019510 -0.005656 -0.660094 0.642445 -0.268559 0.281810 -0.062419 0.031365 0.062150 0 1.00000000 0.00000000 0.00000000 1.00000000 0.00000000 1.00000000 1.00000000 0.00000000 0.00000000 1.00000000 0.00000000 1.00000000 0.00000000 0.00000000 0.00000000 0.00000000 0.00000000 0.00000000 0.00000000 0.00000000 0.00000000 0.00000000 0.00000000 0.00000000 1.00000000 0.00000000 0.00000000 0.00000000 1.00000000 
1700000024.78454 -0.197651 -0.111374 0.972267 0.056812 0.032200 0.043628 0.014173 0.051983 -0.076786 0.005069 0.001477 0.000053 -0.000422 0.165689 0.054780 0.101507 0.0000000 1 418.629359 418.629359 505.740581 286.574774 -0.020453 -0.024926 0.019510 -0.005656 -0.660094 0.642445 -0.268559 0.281810 -0.062419 0.031365 0.062150 0 1.00000000 0.00000000 0.00000000 1.00000000 0.00000000 1.00000000 1.00000000 0.00000000 0.00000000 1.00000000 0.00000000 1.00000000 0.00000000 0.00000000 0.00000000 0.00000000 0.00000000 0.00000000 0.00000000 0.00000000 0.00000000 0.00000000 0.00000000 0.00000000 1.00000000 0.00000000 0.00000000 0.00000000 1.00000000 
1700000024.81844 -0.197542 -0.112858 0.972532 0.049204 0.033699 0.041375 0.014251 0.047813 -0.072955 0.002129 0.001445 0.000066 -0.000257 0.164159 0.053819 0.100658 0.0000000 1 418.629359 418.629359 505.740581 286.574774 -0.020453 -0.024926 0.019510 -0.005656 -0.660094 0.642445 -0.268559 0.281810 -0.062419 0.031365 0.062150 0 1.00000000 0.00000000 0.00000000 1.00000000 0.00000000 1.00000000 1.00000000 0.00000000 0.00000000 1.00000000 0.00000000 1.00000000 0.00000000 0.00000000 0.00000000 0.00000000 0.00000000 0.00000000 0.00000000 0.00000000 0.00000000 0.00000000 0.00000000 0.00000000 1.00000000 0.00000000 0.00000000 0.00000000 1.00000000 
1700000024.85235 -0.196492 -0.114389 0.972901 0.042059 0.035196 0.039251 0.014415 0.044937 -0.068011 0.001774 0.001527 0.000104 -0.000130 0.162417 0.053764 0.099715 0.0000000 1 418.629359 418.629359 505.740581 286.574774 -0.020453 -0.024926 0.019510 -0.005656 -0.660094 0.642445 -0.268559 0.281810 -0.062419 0.031365 0.062150 0 1.00000000 0.00000000 0.00000000 1.00000000 0.00000000 1.00000000 1.00000000 0.00000000 0.00000000 1.00000000 0.00000000 1.00000000 0.00000000 0.00000000 0.00000000 0.00000000 0.00000000 0.00000000 0.00000000 0.00000000 0.00000000 0.00000000 0.00000000 0.00000000 1.00000000 0.00000000 0.00000000 0.00000000 1.00000000 
1700000024.88625 -0.195232 -0.116727 0.973142 0.035405 0.036611 0.037472 0.014411 0.039138 -0.060580 -0.004124 0.001691 0.000165 -0.000021 0.161064 0.053835 0.099080 0.0000000 1 418.629359 418.629359 505.740581 286.574774 -0.020453 -0.024926 0.019510 -0.005656 -0.660094 0.642445 -0.268559 0.281810 -0.062419 0.031365 0.062150 0 1.00000000 0.00000000 0.00000000 1.00000000 0.00000000 1.00000000 1.00000000 0.00000000 0.00000000 1.00000000 0.00000000 1.00000000 0.00000000 0.00000000 0.00000000 0.00000000 0.00000000 0.00000000 0.00000000 0.00000000 0.00000000 0.00000000 0.00000000 0.00000000 1.00000000 0.00000000 0.00000000 0.00000000 1.00000000 
1700000024.92016 -0.194072 -0.119273 0.973276 0.029044 0.038223 0.035342 0.014405 0.045147 -0.062246 -0.002788 0.001730 0.000125 0.000062 0.160693 0.054217 0.098873 0.0000000 1 418.629359 418.629359 505.740581 286.574774 -0.020453 -0.024926 0.019510 -0.005656 -0.660094 0.642445 -0.268559 0.281810 -0.062419 0.031365 0.062150 0 1.00000000 0.00000000 0.00000000 1.00000000 0.00000000 1.00000000 1.00000000 0.00000000 0.00000000 1.00000000 0.00000000 1.00000000 0.00000000 0.00000000 0.00000000 0.00000000 0.00000000 0.00000000 0.00000000 0.00000000 0.00000000 0.00000000 0.00000000 0.00000000 1.00000000 0.00000000 0.00000000 0.00000000 1.00000000 
1700000024.95406 -0.193339 -0.121030 0.973407 0.021232 0.040163 0.032984 0.014541 0.053607 -0.067125 0.002221 0.001742 0.000055 0.000074 0.160662 0.054316 0.098820 0.0000000 1 418.629359 418.629359 505.740581 286.574774 -0.020453 -0.024926 0.019510 -0.005656 -0.660094 0.642445 -0.268559 0.281810 -0.062419 0.031365 0.062150 0 1.00000000 0.00000000 0.00000000 1.00000000 0.00000000 1.00000000 1.00000000 0.00000000 0.00000000 1.00000000 0.00000000 1.00000000 0.00000000 0.00000000 0.00000000 0.00000000 0.00000000 0.00000000 0.00000000 0.00000000 0.00000000 0.00000000 0.00000000 0.00000000 1.00000000 0.00000000 0.00000000 0.00000000 1.00000000 
1700000024.98797 -0.193253 -0.121985 0.973456 0.012482 0.041926 0.031041 0.014679 0.051121 -0.063818 -0.000137 0.001902 -0.000009 0.000020 0.160736 0.053938 0.098852 0.0000000 1 418.629359 418.629359 505.740581 286.574774 -0.020453 -0.024926 0.019510 -0.005656 -0.660094 0.642445 -0.268559 0.281810 -0.062419 0.031365 0.062150 0 1.00000000 0.00000000 0.00000000 1.00000000 0.00000000 1.00000000 1.00000000 0.00000000 0.00000000 1.00000000 0.00000000 1.00000000 0.00000000 0.00000000 0.00000000 0.00000000 0.00000000 0.00000000 0.00000000 0.00000000 0.00000000 0.00000000 0.00000000 0.00000000 1.00000000 0.00000000 0.00000000 0.00000000 1.00000000 
1700000025.02187 -0.193600 -0.123206 0.973305 0.004184 0.043640 0.029479 0.014672 0.047776 -0.055238 -0.005682 0.001902 -0.000096 0.000065 0.161273 0.054128 0.099197 0.0000000 1 418.629359 418.629359 505.740581 286.574774 -0.020453 -0.024926 0.019510 -0.005656 -0.660094 0.642445 -0.268559 0.281810 -0.062419 0.031365 0.062150 0 1.00000000 0.00000000 0.00000000 1.00000000 0.00000000 1.00000000 1.00000000 0.00000000 0.00000000 1.00000000 0.00000000 1.00000000 0.00000000 0.00000000 0.00000000 0.00000000 0.00000000 0.00000000 0.00000000 0.00000000 0.00000000 0.00000000 0.00000000 0.00000000 1.00000000 0.00000000 0.00000000 0.00000000 1.00000000 
1700000025.05578 0.193489 0.124630 -0.973147 0.003799 0.045111 0.027789 0.014783 0.045097 -0.053191 -0.001696 0.001925 -0.000178 0.000020 0.160838 0.054792 0.098934 0.0000000 1 418.629359 418.629359 505.740581 286.574774 -0.020453 -0.024926 0.019510 -0.005656 -0.660094 0.642445 -0.268559 0.281810 -0.062419 0.031365 0.062150 0 1.00000000 0.00000000 0.00000000 1.00000000 0.00000000 1.00000000 1.00000000 0.00000000 0.00000000 1.00000000 0.00000000 1.00000000 0.00000000 0.00000000 0.00000000 0.00000000 0.00000000 0.00000000 0.00000000 0.00000000 0.00000000 0.00000000 0.00000000 0.00000000 1.00000000 0.00000000 0.00000000 0.00000000 1.00000000 
1700000025.08968 0.193664 0.125505 -0.972932 0.012111 0.046748 0.026340 0.014867 0.045056 -0.049868 -0.000877 0.001892 -0.000332 -0.000051 0.161687 0.053963 0.099180 0.0000000 1 418.629359 418.629359 505.740581 286.574774 -0.020453 -0.024926 0.019510 -0.005656 -0.660094 0.642445 -0.268559 0.281810 -0.062419 0.031365 0.062150 0 1.00000000 0.00000000 0.00000000 1.00000000 0.00000000 1.00000000 1.00000000 0.00000000 0.00000000 1.00000000 0.00000000 1.00000000 0.00000000 0.00000000 0.00000000 0.00000000 0.00000000 0.00000000 0.00000000 0.00000000 0.00000000 0.00000000 0.00000000 0.00000000 1.00000000 0.00000000 0.00000000 0.00000000 1.00000000 
1700000025.12359 0.193967 0.126422 -0.972628 0.019698 0.048230 0.025114 0.014970 0.039008 -0.045012 -0.003070 0.001901 -0.000409 -0.000034 0.163086 0.053590 0.099727 0.0000000 1 418.629359 418.629359 505.740581 286.574774 -0.020453 -0.024926 0.019510 -0.005656 -0.660094 0.642445 -0.268559 0.281810 -0.062419 0.031365 0.062150 0 1.00000000 0.00000000 0.00000000 1.00000000 0.00000000 1.00000000 1.00000000 0.00000000 0.00000000 1.00000000 0.00000000 1.00000000 0.00000000 0.00000000 0.00000000 0.00000000 0.00000000 0.00000000 0.00000000 0.00000000 0.00000000 0.00000000 0.00000000 0.00000000 1.00000000 0.00000000 0.00000000 0.00000000 1.00000000 
1700000025.15749 0.194397 0.127814 -0.972192 0.026765 0.049510 0.023860 0.014981 0.037758 -0.041556 -0.004414 0.001974 -0.000506 -0.000031 0.163939 0.053083 0.099999 0.0000000 1 418.629359 418.629359 505.740581 286.574774 -0.020453 -0.024926 0.019510 -0.005656 -0.660094 0.642445 -0.268559 0.281810 -0.062419 0.031365 0.062150 0 1.00000000 0.00000000 0.00000000 1.00000000 0.00000000 1.00000000 1.00000000 0.00000000 0.00000000 1.00000000 0.00000000 1.00000000 0.00000000 0.00000000 0.00000000 0.00000000 0.00000000 0.00000000 0.00000000 0.00000000 0.00000000 0.00000000 0.00000000 0.00000000 1.00000000 0.00000000 0.00000000 0.00000000 1.00000000 
1700000025.19140 0.194215 0.129116 -0.971831 0.033973 0.050816 0.022558 0.015135 0.037792 -0.042028 -0.000027 0.001986 -0.000562 -0.000035 0.164142 0.052898 0.099877 0.0000000 1 418.629359 418.629359 505.740581 286.574774 -0.020453 -0.024926 0.019510 -0.005656 -0.660094 0.642445 -0.268559 0.281810 -0.062419 0.031365 0.062150 0 1.00000000 0.00000000 0.00000000 1.00000000 0.00000000 1.00000000 1.00000000 0.00000000 0.00000000 1.00000000 0.00000000 1.00000000 0.00000000 0.00000000 0.00000000 0.00000000 0.00000000 0.00000000 0.00000000 0.00000000 0.00000000 0.00000000 0.00000000 0.00000000 1.00000000 0.00000000 0.00000000 0.00000000 1.00000000 
1700000025.22530 0.193822 0.130358 -0.971453 0.041459 0.052305 0.021374 0.015204 0.039899 -0.040980 -0.002752 0.002090 -0.000576 -0.000063 0.165609 0.051072 0.100178 0.0000000 1 418.629359 418.629359 505.740581 286.574774 -0.020453 -0.024926 0.019510 -0.005656 -0.660094 0.642445 -0.268559 0.281810 -0.062419 0.031365 0.062150 0 1.00000000 0.00000000 0.00000000 1.00000000 0.00000000 1.00000000 1.00000000 0.00000000 0.00000000 1.00000000 0.00000000 1.00000000 0.00000000 0.00000000 0.00000000 0.00000000 0.00000000 0.00000000 0.00000000 0.00000000 0.00000000 0.00000000 0.00000000 0.00000000 1.00000000 0.00000000 0.00000000 0.00000000 1.00000000 
1700000025.25921 0.193800 0.132460 -0.970842 0.048587 0.053505 0.020473 0.015079 0.031033 -0.036075 -0.011920 0.002210 -0.000603 0.000003 0.168927 0.051163 0.101930 0.0000000 1 418.629359 418.629359 505.740581 286.574774 -0.020453 -0.024926 0.019510 -0.005656 -0.660094 0.642445 -0.268559 0.281810 -0.062419 0.031365 0.062150 0 1.00000000 0.00000000 0.00000000 1.00000000 0.00000000 1.00000000 1.00000000 0.00000000 0.00000000 1.00000000 0.00000000 1.00000000 0.00000000 0.00000000 0.00000000 0.00000000 0.00000000 0.00000000 0.00000000 0.00000000 0.00000000 0.00000000 0.00000000 0.00000000 1.00000000 0.00000000 0.00000000 0.00000000 1.00000000 
1700000025.29311 0.193634 0.135434 -0.970162 0.054315 0.054096 0.019728 0.014800 0.017800 -0.029823 -0.016721 0.002309 -0.000721 -0.000062 0.171582 0.053202 0.103670 0.0000000 1 418.629359 418.629359 505.740581 286.574774 -0.020453 -0.024926 0.019510 -0.005656 -0.660094 0.642445 -0.268559 0.281810 -0.062419 0.031365 0.062150 0 1.00000000 0.00000000 0.00000000 1.00000000 0.00000000 1.00000000 1.00000000 0.00000000 0.00000000 1.00000000 0.00000000 1.00000000 0.00000000 0.00000000 0.00000000 0.00000000 0.00000000 0.00000000 0.00000000 0.00000000 0.00000000 0.00000000 0.00000000 0.00000000 1.00000000 0.00000000 0.00000000 0.00000000 1.00000000 
1700000025.32702 0.193119 0.137904 -0.969610 0.059534 0.054584 0.018879 0.014454 0.013489 -0.028273 -0.012838 0.002281 -0.000830 -0.000211 0.171742 0.052891 0.103579 0.0000000 1 418.629359 418.629359 505.740581 286.574774 -0.020453 -0.024926 0.019510 -0.005656 -0.660094 0.642445 -0.268559 0.281810 -0.062419 0.031365 0.062150 0 1.00000000 0.00000000 0.00000000 1.00000000 0.00000000 1.00000000 1.00000000 0.00000000 0.00000000 1.00000000 0.00000000 1.00000000 0.00000000 0.00000000 0.00000000 0.00000000 0.00000000 0.00000000 0.00000000 0.00000000 0.00000000 0.00000000 0.00000000 0.00000000 1.00000000 0.00000000 0.00000000 0.00000000 1.00000000 
1700000025.36092 0.192754 0.139086 -0.969147 0.065228 0.055518 0.017928 0.014140 0.021885 -0.029775 -0.007848 0.002152 -0.000907 -0.000399 0.170898 0.047676 0.101938 0.0000000 1 418.629359 418.629359 505.740581 286.574774 -0.020453 -0.024926 0.019510 -0.005656 -0.660094 0.642445 -0.268559 0.281810 -0.062419 0.031365 0.062150 0 1.00000000 0.00000000 0.00000000 1.00000000 0.00000000 1.00000000 1.00000000 0.00000000 0.00000000 1.00000000 0.00000000 1.00000000 0.00000000 0.00000000 0.00000000 0.00000000 0.00000000 0.00000000 0.00000000 0.00000000 0.00000000 0.00000000 0.00000000 0.00000000 1.00000000 0.00000000 0.00000000 0.00000000 1.00000000 
1700000025.39483 0.193263 0.139873 -0.968472 0.071746 0.056463 0.017137 0.013962 0.023524 -0.028787 -0.007382 0.002095 -0.001019 -0.000511 0.172127 0.044508 0.101848 0.0000000 1 418.629359 418.629359 505.740581 286.574774 -0.020453 -0.024926 0.019510 -0.005656 -0.660094 0.642445 -0.268559 0.281810 -0.062419 0.031365 0.062150 0 1.00000000 0.00000000 0.00000000 1.00000000 0.00000000 1.00000000 1.00000000 0.00000000 0.00000000 1.00000000 0.00000000 1.00000000 0.00000000 0.00000000 0.00000000 0.00000000 0.00000000 0.00000000 0.00000000 0.00000000 0.00000000 0.00000000 0.00000000 0.00000000 1.00000000 0.00000000 0.00000000 0.00000000 1.00000000 
1700000025.42873 0.193647 0.140961 -0.967827 0.077082 0.057108 0.016361 0.014016 0.017592 -0.026151 -0.002097 0.001997 -0.001115 -0.000415 0.173905 0.045305 0.102731 0.0000000 1 418.629359 418.629359 505.740581 286.574774 -0.020453 -0.024926 0.019510 -0.005656 -0.660094 0.642445 -0.268559 0.281810 -0.062419 0.031365 0.062150 0 1.00000000 0.00000000 0.00000000 1.00000000 0.00000000 1.00000000 1.00000000 0.00000000 0.00000000 1.00000000 0.00000000 1.00000000 0.00000000 0.00000000 0.00000000 0.00000000 0.00000000 0.00000000 0.00000000 0.00000000 0.00000000 0.00000000 0.00000000 0.00000000 1.00000000 0.00000000 0.00000000 0.00000000 1.00000000 
1700000025.46264 0.193543 0.141653 -0.967332 0.082119 0.057801 0.015624 0.014115 0.015760 -0.024491 0.000933 0.002042 -0.001157 -0.000387 0.175503 0.043635 0.103108 0.0000000 1 418.629359 418.629359 505.740581 286.574774 -0.020453 -0.024926 0.019510 -0.005656 -0.660094 0.642445 -0.268559 0.281810 -0.062419 0.031365 0.062150 0 1.00000000 0.00000000 0.00000000 1.00000000 0.00000000 1.00000000 1.00000000 0.00000000 0.00000000 1.00000000 0.00000000 1.00000000 0.00000000 0.00000000 0.00000000 0.00000000 0.00000000 0.00000000 0.00000000 0.00000000 0.00000000 0.00000000 0.00000000 0.00000000 1.00000000 0.00000000 0.00000000 0.00000000 1.00000000 
1700000025.49654 0.193768 0.142671 -0.966762 0.086428 0.058311 0.015065 0.014247 0.009240 -0.019186 -0.001073 0.002051 -0.001247 -0.000186 0.179218 0.042741 0.104728 0.0000000 1 418.629359 418.629359 505.740581 286.574774 -0.020453 -0.024926 0.019510 -0.005656 -0.660094 0.642445 -0.268559 0.281810 -0.062419 0.031365 0.062150 0 1.00000000 0.00000000 0.00000000 1.00000000 0.00000000 1.00000000 1.00000000 0.00000000 0.00000000 1.00000000 0.00000000 1.00000000 0.00000000 0.00000000 0.00000000 0.00000000 0.00000000 0.00000000 0.00000000 0.00000000 0.00000000 0.00000000 0.00000000 0.00000000 1.00000000 0.00000000 0.00000000 0.00000000 1.00000000 
1700000025.53045 0.193652 0.143444 -0.966405 0.089355 0.058369 0.014639 0.014440 -0.002650 -0.014337 0.001237 0.002004 -0.001346 0.000025 0.182320 0.044400 0.106533 0.0000000 1 418.629359 418.629359 505.740581 286.574774 -0.020453 -0.024926 0.019510 -0.005656 -0.660094 0.642445 -0.268559 0.281810 -0.062419 0.031365 0.062150 0 1.00000000 0.00000000 0.00000000 1.00000000 0.00000000 1.00000000 1.00000000 0.00000000 0.00000000 1.00000000 0.00000000 1.00000000 0.00000000 0.00000000 0.00000000 0.00000000 0.00000000 0.00000000 0.00000000 0.00000000 0.00000000 0.00000000 0.00000000 0.00000000 1.00000000 0.00000000 0.00000000 0.00000000 1.00000000 
1700000025.56435 0.193618 0.143904 -0.966255 0.090303 0.058173 0.014490 0.014489 -0.014464 -0.006939 -0.003123 0.001902 -0.001449 0.000341 0.187284 0.043891 0.108926 0.0000000 1 418.629359 418.629359 505.740581 286.574774 -0.020453 -0.024926 0.019510 -0.005656 -0.660094 0.642445 -0.268559 0.281810 -0.062419 0.031365 0.062150 0 1.00000000 0.00000000 0.00000000 1.00000000 0.00000000 1.00000000 1.00000000 0.00000000 0.00000000 1.00000000 0.00000000 1.00000000 0.00000000 0.00000000 0.00000000 0.00000000 0.00000000 0.00000000 0.00000000 0.00000000 0.00000000 0.00000000 0.00000000 0.00000000 1.00000000 0.00000000 0.00000000 0.00000000 1.00000000 
1700000025.59826 0.193367 0.143883 -0.966378 0.089559 0.057769 0.014221 0.014453 -0.017427 -0.003351 0.001276 0.001662 -0.001517 0.000616 0.188025 0.042114 0.108837 0.0000000 1 418.629359 418.629359 505.740581 286.574774 -0.020453 -0.024926 0.019510 -0.005656 -0.660094 0.642445 -0.268559 0.281810 -0.062419 0.031365 0.062150 0 1.00000000 0.00000000 0.00000000 1.00000000 0.00000000 1.00000000 1.00000000 0.00000000 0.00000000 1.00000000 0.00000000 1.00000000 0.00000000 0.00000000 0.00000000 0.00000000 0.00000000 0.00000000 0.00000000 0.00000000 0.00000000 0.00000000 0.00000000 0.00000000 1.00000000 0.00000000 0.00000000 0.00000000 1.00000000 
1700000025.63216 0.193410 0.142661 -0.966546 0.089610 0.057597 0.014085 0.014587 -0.011025 -0.002087 0.006728 0.001569 -0.001562 0.000645 0.187613 0.037513 0.107581 0.0000000 1 418.629359 418.629359 505.740581 286.574774 -0.020453 -0.024926 0.019510 -0.005656 -0.660094 0.642445 -0.268559 0.281810 -0.062419 0.031365 0.062150 0 1.00000000 0.00000000 0.00000000 1.00000000 0.00000000 1.00000000 1.00000000 0.00000000 0.00000000 1.00000000 0.00000000 1.00000000 0.00000000 0.00000000 0.00000000 0.00000000 0.00000000 0.00000000 0.00000000 0.00000000 0.00000000 0.00000000 0.00000000 0.00000000 1.00000000 0.00000000 0.00000000 0.00000000 1.00000000 
1700000025.66607 0.193897 0.141669 -0.966582 0.089739 0.057285 0.014073 0.014911 -0.010535 0.000318 0.006699 0.001541 -0.001595 0.000756 0.189043 0.037258 0.108145 0.0000000 1 418.629359 418.629359 505.740581 286.574774 -0.020453 -0.024926 0.019510 -0.005656 -0.660094 0.642445 -0.268559 0.281810 -0.062419 0.031365 0.062150 0 1.00000000 0.00000000 0.00000000 1.00000000 0.00000000 1.00000000 1.00000000 0.00000000 0.00000000 1.00000000 0.00000000 1.00000000 0.00000000 0.00000000 0.00000000 0.00000000 0.00000000 0.00000000 0.00000000 0.00000000 0.00000000 0.00000000 0.00000000 0.00000000 1.00000000 0.00000000 0.00000000 0.00000000 1.00000000 
1700000025.69997 0.193838 0.140762 -0.966751 0.089477 0.057087 0.014291 0.015041 -0.010356 0.003369 0.001743 0.001555 -0.001518 0.000841 0.191703 0.035834 0.109176 0.0000000 1 418.629359 418.629359 505.740581 286.574774 -0.020453 -0.024926 0.019510 -0.005656 -0.660094 0.642445 -0.268559 0.281810 -0.062419 0.031365 0.062150 0 1.00000000 0.00000000 0.00000000 1.00000000 0.00000000 1.00000000 1.00000000 0.00000000 0.00000000 1.00000000 0.00000000 1.00000000 0.00000000 0.00000000 0.00000000 0.00000000 0.00000000 0.00000000 0.00000000 0.00000000 0.00000000 0.00000000 0.00000000 0.00000000 1.00000000 0.00000000 0.00000000 0.00000000 1.00000000 
1700000025.73388 0.194122 0.140896 -0.966708 0.089112 0.056803 0.014608 0.014964 -0.010651 0.006553 -0.003670 0.001650 -0.001485 0.000896 0.194537 0.035002 0.110476 0.0000000 1 418.629359 418.629359 505.740581 286.574774 -0.020453 -0.024926 0.019510 -0.005656 -0.660094 0.642445 -0.268559 0.281810 -0.062419 0.031365 0.062150 0 1.00000000 0.00000000 0.00000000 1.00000000 0.00000000 1.00000000 1.00000000 0.00000000 0.00000000 1.00000000 0.00000000 1.00000000 0.00000000 0.00000000 0.00000000 0.00000000 0.00000000 0.00000000 0.00000000 0.00000000 0.00000000 0.00000000 0.00000000 0.00000000 1.00000000 0.00000000 0.00000000 0.00000000 1.00000000 
1700000025.76778 0.193972 0.141412 -0.966778 0.087848 0.056395 0.014887 0.014935 -0.014060 0.008294 -0.000677 0.001616 -0.001404 0.001054 0.195986 0.036068 0.111333 0.0000000 1 418.629359 418.629359 505.740581 286.574774 -0.020453 -0.024926 0.019510 -0.005656 -0.660094 0.642445 -0.268559 0.281810 -0.062419 0.031365 0.062150 0 1.00000000 0.00000000 0.00000000 1.00000000 0.00000000 1.00000000 1.00000000 0.00000000 0.00000000 1.00000000 0.00000000 1.00000000 0.00000000 0.00000000 0.00000000 0.00000000 0.00000000 0.00000000 0.00000000 0.00000000 0.00000000 0.00000000 0.00000000 0.00000000 1.00000000 0.00000000 0.00000000 0.00000000 1.00000000 
1700000025.80169 0.193849 0.141247 -0.966990 0.086033 0.055989 0.015336 0.014942 -0.017514 0.010157 0.000163 0.001543 -0.001347 0.001185 0.198240 0.035201 0.112258 0.0000000 1 418.629359 418.629359 505.740581 286.574774 -0.020453 -0.024926 0.019510 -0.005656 -0.660094 0.642445 -0.268559 0.281810 -0.062419 0.031365 0.062150 0 1.00000000 0.00000000 0.00000000 1.00000000 0.00000000 1.00000000 1.00000000 0.00000000 0.00000000 1.00000000 0.00000000 1.00000000 0.00000000 0.00000000 0.00000000 0.00000000 0.00000000 0.00000000 0.00000000 0.00000000 0.00000000 0.00000000 0.00000000 0.00000000 1.00000000 0.00000000 0.00000000 0.00000000 1.00000000 
1700000025.83559 0.194010 0.141396 -0.967138 0.083740 0.055324 0.015835 0.014918 -0.023044 0.012171 -0.002347 0.001514 -0.001310 0.001280 0.200395 0.035490 0.113384 0.0000000 1 418.629359 418.629359 505.740581 286.574774 -0.020453 -0.024926 0.019510 -0.005656 -0.660094 0.642445 -0.268559 0.281810 -0.062419 0.031365 0.062150 0 1.00000000 0.00000000 0.00000000 1.00000000 0.00000000 1.00000000 1.00000000 0.00000000 0.00000000 1.00000000 0.00000000 1.00000000 0.00000000 0.00000000 0.00000000 0.00000000 0.00000000 0.00000000 0.00000000 0.00000000 0.00000000 0.00000000 0.00000000 0.00000000 1.00000000 0.00000000 0.00000000 0.00000000 1.00000000 
1700000025.86950 0.193956 0.141385 -0.967412 0.080657 0.054575 0.016414 0.014907 -0.029419 0.015294 -0.002015 0.001394 -0.001301 0.001487 0.202522 0.034879 0.114221 0.0000000 1 418.629359 418.629359 505.740581 286.574774 -0.020453 -0.024926 0.019510 -0.005656 -0.660094 0.642445 -0.268559 0.281810 -0.062419 0.031365 0.062150 0 1.00000000 0.00000000 0.00000000 1.00000000 0.00000000 1.00000000 1.00000000 0.00000000 0.00000000 1.00000000 0.00000000 1.00000000 0.00000000 0.00000000 0.00000000 0.00000000 0.00000000 0.00000000 0.00000000 0.00000000 0.00000000 0.00000000 0.00000000 0.00000000 1.00000000 0.00000000 0.00000000 0.00000000 1.00000000 
1700000025.90340 0.194261 0.140750 -0.967761 0.076754 0.053483 0.016995 0.014889 -0.038044 0.017433 0.000510 0.001205 -0.001335 0.001611 0.203226 0.034595 0.114465 0.0000000 1 418.629359 418.629359 505.740581 286.574774 -0.020453 -0.024926 0.019510 -0.005656 -0.660094 0.642445 -0.268559 0.281810 -0.062419 0.031365 0.062150 0 1.00000000 0.00000000 0.00000000 1.00000000 0.00000000 1.00000000 1.00000000 0.00000000 0.00000000 1.00000000 0.00000000 1.00000000 0.00000000 0.00000000 0.00000000 0.00000000 0.00000000 0.00000000 0.00000000 0.00000000 0.00000000 0.00000000 0.00000000 0.00000000 1.00000000 0.00000000 0.00000000 0.00000000 1.00000000 
1700000025.93731 0.195023 0.138830 -0.968204 0.072619 0.052365 0.017601 0.015042 -0.040512 0.018929 0.007085 0.000938 -0.001406 0.001734 0.203175 0.032382 0.113872 0.0000000 1 418.629359 418.629359 505.740581 286.574774 -0.020453 -0.024926 0.019510 -0.005656 -0.660094 0.642445 -0.268559 0.281810 -0.062419 0.031365 0.062150 0 1.00000000 0.00000000 0.00000000 1.00000000 0.00000000 1.00000000 1.00000000 0.00000000 0.00000000 1.00000000 0.00000000 1.00000000 0.00000000 0.00000000 0.00000000 0.00000000 0.00000000 0.00000000 0.00000000 0.00000000 0.00000000 0.00000000 0.00000000 0.00000000 1.00000000 0.00000000 0.00000000 0.00000000 1.00000000 
1700000025.97121 0.196364 0.136046 -0.968658 0.068072 0.051022 0.018796 0.015358 -0.047831 0.026673 0.007872 0.000694 -0.001400 0.001741 0.206862 0.030812 0.115335 0.0000000 1 418.629359 418.629359 505.740581 286.574774 -0.020453 -0.024926 0.019510 -0.005656 -0.660094 0.642445 -0.268559 0.281810 -0.062419 0.031365 0.062150 0 1.00000000 0.00000000 0.00000000 1.00000000 0.00000000 1.00000000 1.00000000 0.00000000 0.00000000 1.00000000 0.00000000 1.00000000 0.00000000 0.00000000 0.00000000 0.00000000 0.00000000 0.00000000 0.00000000 0.00000000 0.00000000 0.00000000 0.00000000 0.00000000 1.00000000 0.00000000 0.00000000 0.00000000 1.00000000 
1700000026.00512 0.197514 0.133544 -0.969182 0.061977 0.049259 0.020487 0.015815 -0.056229 0.037435 0.007477 0.000549 -0.001328 0.001557 0.211060 0.030730 0.117214 0.0000000 1 418.629359 418.629359 505.740581 286.574774 -0.020453 -0.024926 0.019510 -0.005656 -0.660094 0.642445 -0.268559 0.281810 -0.062419 0.031365 0.062150 0 1.00000000 0.00000000 0.00000000 1.00000000 0.00000000 1.00000000 1.00000000 0.00000000 0.00000000 1.00000000 0.00000000 1.00000000 0.00000000 0.00000000 0.00000000 0.00000000 0.00000000 0.00000000 0.00000000 0.00000000 0.00000000 0.00000000 0.00000000 0.00000000 1.00000000 0.00000000 0.00000000 0.00000000 1.00000000 
1700000026.03902 0.197970 0.131314 -0.969824 0.054826 0.047369 0.022054 0.016021 -0.056389 0.040537 0.006182 0.000346 -0.001268 0.001411 0.212110 0.030013 0.117572 0.0000000 1 418.629359 418.629359 505.740581 286.574774 -0.020453 -0.024926 0.019510 -0.005656 -0.660094 0.642445 -0.268559 0.281810 -0.062419 0.031365 0.062150 0 1.00000000 0.00000000 0.00000000 1.00000000 0.00000000 1.00000000 1.00000000 0.00000000 0.00000000 1.00000000 0.00000000 1.00000000 0.00000000 0.00000000 0.00000000 0.00000000 0.00000000 0.00000000 0.00000000 0.00000000 0.00000000 0.00000000 0.00000000 0.00000000 1.00000000 0.00000000 0.00000000 0.00000000 1.00000000 
1700000026.07293 0.198161 0.129800 -0.970350 0.048007 0.045451 0.023541 0.016278 -0.055932 0.041723 0.005899 0.000269 -0.001266 0.001257 0.212242 0.029820 0.117533 0.0000000 1 418.629359 418.629359 505.740581 286.574774 -0.020453 -0.024926 0.019510 -0.005656 -0.660094 0.642445 -0.268559 0.281810 -0.062419 0.031365 0.062150 0 1.00000000 0.00000000 0.00000000 1.00000000 0.00000000 1.00000000 1.00000000 0.00000000 0.00000000 1.00000000 0.00000000 1.00000000 0.00000000 0.00000000 0.00000000 0.00000000 0.00000000 0.00000000 0.00000000 0.00000000 0.00000000 0.00000000 0.00000000 0.00000000 1.00000000 0.00000000 0.00000000 0.00000000 1.00000000 
1700000026.10683 0.198047 0.128175 -0.970924 0.040692 0.043457 0.025042 0.016445 -0.061860 0.043279 0.005876 0.000046 -0.001241 0.001324 0.212678 0.030020 0.117781 0.0000000 1 418.629359 418.629359 505.740581 286.574774 -0.020453 -0.024926 0.019510 -0.005656 -0.660094 0.642445 -0.268559 0.281810 -0.062419 0.031365 0.062150 0 1.00000000 0.00000000 0.00000000 1.00000000 0.00000000 1.00000000 1.00000000 0.00000000 0.00000000 1.00000000 0.00000000 1.00000000 0.00000000 0.00000000 0.00000000 0.00000000 0.00000000 0.00000000 0.00000000 0.00000000 0.00000000 0.00000000 0.00000000 0.00000000 1.00000000 0.00000000 0.00000000 0.00000000 1.00000000 
1700000026.14074 0.198190 0.125763 -0.971506 0.032883 0.041205 0.026387 0.016510 -0.063023 0.043376 0.005239 -0.000204 -0.001393 0.001280 0.211970 0.029327 0.117377 0.0000000 1 418.629359 418.629359 505.740581 286.574774 -0.020453 -0.024926 0.019510 -0.005656 -0.660094 0.642445 -0.268559 0.281810 -0.062419 0.031365 0.062150 0 1.00000000 0.00000000 0.00000000 1.00000000 0.00000000 1.00000000 1.00000000 0.00000000 0.00000000 1.00000000 0.00000000 1.00000000 0.00000000 0.00000000 0.00000000 0.00000000 0.00000000 0.00000000 0.00000000 0.00000000 0.00000000 0.00000000 0.00000000 0.00000000 1.00000000 0.00000000 0.00000000 0.00000000 1.00000000 
1700000026.17464 0.198666 0.123361 -0.971930 0.025796 0.038871 0.027940 0.016564 -0.065552 0.045241 0.004196 -0.000261 -0.001488 0.001128 0.212105 0.029341 0.117523 0.0000000 1 418.629359 418.629359 505.740581 286.574774 -0.020453 -0.024926 0.019510 -0.005656 -0.660094 0.642445 -0.268559 0.281810 -0.062419 0.031365 0.062150 0 1.00000000 0.00000000 0.00000000 1.00000000 0.00000000 1.00000000 1.00000000 0.00000000 0.00000000 1.00000000 0.00000000 1.00000000 0.00000000 0.00000000 0.00000000 0.00000000 0.00000000 0.00000000 0.00000000 0.00000000 0.00000000 0.00000000 0.00000000 0.00000000 1.00000000 0.00000000 0.00000000 0.00000000 1.00000000 
1700000026.20855 0.199173 0.121314 -0.972257 0.018165 0.036598 0.029837 0.016655 -0.068815 0.050411 0.002549 -0.000396 -0.001493 0.001122 0.213363 0.029494 0.118200 0.0000000 1 418.629359 418.629359 505.740581 286.574774 -0.020453 -0.024926 0.019510 -0.005656 -0.660094 0.642445 -0.268559 0.281810 -0.062419 0.031365 0.062150 0 1.00000000 0.00000000 0.00000000 1.00000000 0.00000000 1.00000000 1.00000000 0.00000000 0.00000000 1.00000000 0.00000000 1.00000000 0.00000000 0.00000000 0.00000000 0.00000000 0.00000000 0.00000000 0.00000000 0.00000000 0.00000000 0.00000000 0.00000000 0.00000000 1.00000000 0.00000000 0.00000000 0.00000000 1.00000000 
1700000026.24245 0.199136 0.119275 -0.972633 0.010145 0.034205 0.031738 0.016809 -0.068287 0.051779 0.005142 -0.000528 -0.001478 0.000954 0.213389 0.029813 0.118219 0.0000000 1 418.629359 418.629359 505.740581 286.574774 -0.020453 -0.024926 0.019510 -0.005656 -0.660094 0.642445 -0.268559 0.281810 -0.062419 0.031365 0.062150 0 1.00000000 0.00000000 0.00000000 1.00000000 0.00000000 1.00000000 1.00000000 0.00000000 0.00000000 1.00000000 0.00000000 1.00000000 0.00000000 0.00000000 0.00000000 0.00000000 0.00000000 0.00000000 0.00000000 0.00000000 0.00000000 0.00000000 0.00000000 0.00000000 1.00000000 0.00000000 0.00000000 0.00000000 1.00000000 
1700000026.27636 0.198693 0.117835 -0.972949 0.002476 0.032026 0.033589 0.016838 -0.065244 0.052081 0.001374 -0.000414 -0.001372 0.000936 0.213661 0.029306 0.118343 0.0000000 1 418.629359 418.629359 505.740581 286.574774 -0.020453 -0.024926 0.019510 -0.005656 -0.660094 0.642445 -0.268559 0.281810 -0.062419 0.031365 0.062150 0 1.00000000 0.00000000 0.00000000 1.00000000 0.00000000 1.00000000 1.00000000 0.00000000 0.00000000 1.00000000 0.00000000 1.00000000 0.00000000 0.00000000 0.00000000 0.00000000 0.00000000 0.00000000 0.00000000 0.00000000 0.00000000 0.00000000 0.00000000 0.00000000 1.00000000 0.00000000 0.00000000 0.00000000 1.00000000 
1700000026.31026 -0.198121 -0.117480 0.973093 0.006081 0.029881 0.035915 0.016719 -0.067914 0.058887 -0.006522 -0.000461 -0.001253 0.001165 0.215135 0.029526 0.119197 0.0000000 1 418.629359 418.629359 505.740581 286.574774 -0.020453 -0.024926 0.019510 -0.005656 -0.660094 0.642445 -0.268559 0.281810 -0.062419 0.031365 0.062150 0 1.00000000 0.00000000 0.00000000 1.00000000 0.00000000 1.00000000 1.00000000 0.00000000 0.00000000 1.00000000 0.00000000 1.00000000 0.00000000 0.00000000 0.00000000 0.00000000 0.00000000 0.00000000 0.00000000 0.00000000 0.00000000 0.00000000 0.00000000 0.00000000 1.00000000 0.00000000 0.00000000 0.00000000 1.00000000 
1700000026.34417 -0.196595 -0.117370 0.973296 0.016431 0.027917 0.037903 0.016881 -0.062334 0.059431 0.003286 -0.000730 -0.001129 0.001452 0.214471 0.029474 0.118400 0.0000000 1 418.629359 418.629359 505.740581 286.574774 -0.020453 -0.024926 0.019510 -0.005656 -0.660094 0.642445 -0.268559 0.281810 -0.062419 0.031365 0.062150 0 1.00000000 0.00000000 0.00000000 1.00000000 0.00000000 1.00000000 1.00000000 0.00000000 0.00000000 1.00000000 0.00000000 1.00000000 0.00000000 0.00000000 0.00000000 0.00000000 0.00000000 0.00000000 0.00000000 0.00000000 0.00000000 0.00000000 0.00000000 0.00000000 1.00000000 0.00000000 0.00000000 0.00000000 1.00000000 
1700000026.37807 -0.195600 -0.116049 0.973453 0.025737 0.026406 0.039789 0.017031 -0.052214 0.055051 0.005970 -0.000923 -0.001084 0.001541 0.214292 0.028588 0.118042 0.0000000 1 418.629359 418.629359 505.740581 286.574774 -0.020453 -0.024926 0.019510 -0.005656 -0.660094 0.642445 -0.268559 0.281810 -0.062419 0.031365 0.062150 0 1.00000000 0.00000000 0.00000000 1.00000000 0.00000000 1.00000000 1.00000000 0.00000000 0.00000000 1.00000000 0.00000000 1.00000000 0.00000000 0.00000000 0.00000000 0.00000000 0.00000000 0.00000000 0.00000000 0.00000000 0.00000000 0.00000000 0.00000000 0.00000000 1.00000000 0.00000000 0.00000000 0.00000000 1.00000000 
1700000026.41198 -0.195861 -0.114088 0.973357 0.034627 0.025029 0.041565 0.017230 -0.045944 0.050737 0.005880 -0.001197 -0.001090 0.001763 0.214233 0.028121 0.117879 0.0000000 1 418.629359 418.629359 505.740581 286.574774 -0.020453 -0.024926 0.019510 -0.005656 -0.660094 0.642445 -0.268559 0.281810 -0.062419 0.031365 0.062150 0 1.00000000 0.00000000 0.00000000 1.00000000 0.00000000 1.00000000 1.00000000 0.00000000 0.00000000 1.00000000 0.00000000 1.00000000 0.00000000 0.00000000 0.00000000 0.00000000 0.00000000 0.00000000 0.00000000 0.00000000 0.00000000 0.00000000 0.00000000 0.00000000 1.00000000 0.00000000 0.00000000 0.00000000 1.00000000 
1700000026.44588 -0.196684 -0.111227 0.973163 0.043570 0.023235 0.043441 0.017525 -0.049038 0.050934 0.006457 -0.001448 -0.001251 0.001957 0.213689 0.027994 0.117535 0.0000000 1 418.629359 418.629359 505.740581 286.574774 -0.020453 -0.024926 0.019510 -0.005656 -0.660094 0.642445 -0.268559 0.281810 -0.062419 0.031365 0.062150 0 1.00000000 0.00000000 0.00000000 1.00000000 0.00000000 1.00000000 1.00000000 0.00000000 0.00000000 1.00000000 0.00000000 1.00000000 0.00000000 0.00000000 0.00000000 0.00000000 0.00000000 0.00000000 0.00000000 0.00000000 0.00000000 0.00000000 0.00000000 0.00000000 1.00000000 0.00000000 0.00000000 0.00000000 1.00000000 
1700000026.47979 -0.197483 -0.108063 0.972930 0.052258 0.021634 0.045360 0.017815 -0.044071 0.051184 0.006584 -0.001619 -0.001316 0.002026 0.213255 0.027985 0.117253 0.0000000 1 418.629359 418.629359 505.740581 286.574774 -0.020453 -0.024926 0.019510 -0.005656 -0.660094 0.642445 -0.268559 0.281810 -0.062419 0.031365 0.062150 0 1.00000000 0.00000000 0.00000000 1.00000000 0.00000000 1.00000000 1.00000000 0.00000000 0.00000000 1.00000000 0.00000000 1.00000000 0.00000000 0.00000000 0.00000000 0.00000000 0.00000000 0.00000000 0.00000000 0.00000000 0.00000000 0.00000000 0.00000000 0.00000000 1.00000000 0.00000000 0.00000000 0.00000000 1.00000000 
1700000026.51369 -0.197790 -0.104692 0.972809 0.059679 0.020321 0.047297 0.017920 -0.034725 0.047525 0.004226 -0.001643 -0.001180 0.001786 0.213251 0.028032 0.117288 0.0000000 1 418.629359 418.629359 505.740581 286.574774 -0.020453 -0.024926 0.019510 -0.005656 -0.660094 0.642445 -0.268559 0.281810 -0.062419 0.031365 0.062150 0 1.00000000 0.00000000 0.00000000 1.00000000 0.00000000 1.00000000 1.00000000 0.00000000 0.00000000 1.00000000 0.00000000 1.00000000 0.00000000 0.00000000 0.00000000 0.00000000 0.00000000 0.00000000 0.00000000 0.00000000 0.00000000 0.00000000 0.00000000 0.00000000 1.00000000 0.00000000 0.00000000 0.00000000 1.00000000 
1700000026.54760 -0.198082 -0.101957 0.972633 0.065984 0.019248 0.049253 0.017745 -0.027677 0.043993 -0.002981 -0.001467 -0.000960 0.001520 0.213002 0.027908 0.117363 0.0000000 1 418.629359 418.629359 505.740581 286.574774 -0.020453 -0.024926 0.019510 -0.005656 -0.660094 0.642445 -0.268559 0.281810 -0.062419 0.031365 0.062150 0 1.00000000 0.00000000 0.00000000 1.00000000 0.00000000 1.00000000 1.00000000 0.00000000 0.00000000 1.00000000 0.00000000 1.00000000 0.00000000 0.00000000 0.00000000 0.00000000 0.00000000 0.00000000 0.00000000 0.00000000 0.00000000 0.00000000 0.00000000 0.00000000 1.00000000 0.00000000 0.00000000 0.00000000 1.00000000 
1700000026.58150 -0.198344 -0.100129 0.972333 0.072131 0.018278 0.051107 0.017350 -0.024770 0.042009 -0.009295 -0.001473 -0.000742 0.001320 0.212448 0.027394 0.117094 0.0000000 1 418.629359 418.629359 505.740581 286.574774 -0.020453 -0.024926 0.019510 -0.005656 -0.660094 0.642445 -0.268559 0.281810 -0.062419 0.031365 0.062150 0 1.00000000 0.00000000 0.00000000 1.00000000 0.00000000 1.00000000 1.00000000 0.00000000 0.00000000 1.00000000 0.00000000 1.00000000 0.00000000 0.00000000 0.00000000 0.00000000 0.00000000 0.00000000 0.00000000 0.00000000 0.00000000 0.00000000 0.00000000 0.00000000 1.00000000 0.00000000 0.00000000 0.00000000 1.00000000 
1700000026.61541 -0.198630 -0.098620 0.972002 0.077663 0.017579 0.052677 0.017046 -0.016209 0.038093 -0.008296 -0.001508 -0.000655 0.000998 0.212249 0.027819 0.117004 0.0000000 1 418.629359 418.629359 505.740581 286.574774 -0.020453 -0.024926 0.019510 -0.005656 -0.660094 0.642445 -0.268559 0.281810 -0.062419 0.031365 0.062150 0 1.00000000 0.00000000 0.00000000 1.00000000 0.00000000 1.00000000 1.00000000 0.00000000 0.00000000 1.00000000 0.00000000 1.00000000 0.00000000 0.00000000 0.00000000 0.00000000 0.00000000 0.00000000 0.00000000 0.00000000 0.00000000 0.00000000 0.00000000 0.00000000 1.00000000 0.00000000 0.00000000 0.00000000 1.00000000 
1700000026.64931 -0.198893 -0.097163 0.971712 0.082319 0.016976 0.054113 0.016927 -0.011966 0.033771 -0.004462 -0.001536 -0.000540 0.000721 0.211899 0.027448 0.116579 0.0000000 1 418.629359 418.629359 505.740581 286.574774 -0.020453 -0.024926 0.019510 -0.005656 -0.660094 0.642445 -0.268559 0.281810 -0.062419 0.031365 0.062150 0 1.00000000 0.00000000 0.00000000 1.00000000 0.00000000 1.00000000 1.00000000 0.00000000 0.00000000 1.00000000 0.00000000 1.00000000 0.00000000 0.00000000 0.00000000 0.00000000 0.00000000 0.00000000 0.00000000 0.00000000 0.00000000 0.00000000 0.00000000 0.00000000 1.00000000 0.00000000 0.00000000 0.00000000 1.00000000 
1700000026.68322 -0.198957 -0.095708 0.971470 0.086611 0.016496 0.055507 0.016649 -0.009877 0.032233 -0.007760 -0.001544 -0.000428 0.000504 0.211603 0.026919 0.116395 0.0000000 1 418.629359 418.629359 505.740581 286.574774 -0.020453 -0.024926 0.019510 -0.005656 -0.660094 0.642445 -0.268559 0.281810 -0.062419 0.031365 0.062150 0 1.00000000 0.00000000 0.00000000 1.00000000 0.00000000 1.00000000 1.00000000 0.00000000 0.00000000 1.00000000 0.00000000 1.00000000 0.00000000 0.00000000 0.00000000 0.00000000 0.00000000 0.00000000 0.00000000 0.00000000 0.00000000 0.00000000 0.00000000 0.00000000 1.00000000 0.00000000 0.00000000 0.00000000 1.00000000 
1700000026.71712 -0.199328 -0.094772 0.971078 0.091075 0.016076 0.056925 0.016244 -0.008504 0.032689 -0.012286 -0.001583 -0.000405 0.000341 0.210777 0.027061 0.116057 0.0000000 1 418.629359 418.629359 505.740581 286.574774 -0.020453 -0.024926 0.019510 -0.005656 -0.660094 0.642445 -0.268559 0.281810 -0.062419 0.031365 0.062150 0 1.00000000 0.00000000 0.00000000 1.00000000 0.00000000 1.00000000 1.00000000 0.00000000 0.00000000 1.00000000 0.00000000 1.00000000 0.00000000 0.00000000 0.00000000 0.00000000 0.00000000 0.00000000 0.00000000 0.00000000 0.00000000 0.00000000 0.00000000 0.00000000 1.00000000 0.00000000 0.00000000 0.00000000 1.00000000 
1700000026.75103 -0.199957 -0.093786 0.970621 0.095478 0.015922 0.058117 0.015954 -0.002171 0.030426 -0.010534 -0.001599 -0.000419 0.000237 0.210494 0.027787 0.116006 0.0000000 1 418.629359 418.629359 505.740581 286.574774 -0.020453 -0.024926 0.019510 -0.005656 -0.660094 0.642445 -0.268559 0.281810 -0.062419 0.031365 0.062150 0 1.00000000 0.00000000 0.00000000 1.00000000 0.00000000 1.00000000 1.00000000 0.00000000 0.00000000 1.00000000 0.00000000 1.00000000 0.00000000 0.00000000 0.00000000 0.00000000 0.00000000 0.00000000 0.00000000 0.00000000 0.00000000 0.00000000 0.00000000 0.00000000 1.00000000 0.00000000 0.00000000 0.00000000 1.00000000 
1700000026.78493 -0.200648 -0.092753 0.970163 0.099601 0.015760 0.059398 0.015507 -0.001407 0.031158 -0.014400 -0.001614 -0.000409 0.000141 0.209768 0.027103 0.115561 0.0000000 1 418.629359 418.629359 505.740581 286.574774 -0.020453 -0.024926 0.019510 -0.005656 -0.660094 0.642445 -0.268559 0.281810 -0.062419 0.031365 0.062150 0 1.00000000 0.00000000 0.00000000 1.00000000 0.00000000 1.00000000 1.00000000 0.00000000 0.00000000 1.00000000 0.00000000 1.00000000 0.00000000 0.00000000 0.00000000 0.00000000 0.00000000 0.00000000 0.00000000 0.00000000 0.00000000 0.00000000 0.00000000 0.00000000 1.00000000 0.00000000 0.00000000 0.00000000 1.00000000 
1700000026.81884 -0.201384 -0.091917 0.969639 0.103907 0.015611 0.060748 0.015006 -0.000868 0.033844 -0.018112 -0.001609 -0.000402 0.000016 0.208806 0.026702 0.114953 0.0000000 1 418.629359 418.629359 505.740581 286.574774 -0.020453 -0.024926 0.019510 -0.005656 -0.660094 0.642445 -0.268559 0.281810 -0.062419 0.031365 0.062150 0 1.00000000 0.00000000 0.00000000 1.00000000 0.00000000 1.00000000 1.00000000 0.00000000 0.00000000 1.00000000 0.00000000 1.00000000 0.00000000 0.00000000 0.00000000 0.00000000 0.00000000 0.00000000 0.00000000 0.00000000 0.00000000 0.00000000 0.00000000 0.00000000 1.00000000 0.00000000 0.00000000 0.00000000 1.00000000 
1700000026.85274 -0.202239 -0.091155 0.969081 0.108038 0.015665 0.062116 0.014386 0.002440 0.033582 -0.021744 -0.001612 -0.000419 -0.000183 0.208142 0.027783 0.114817 0.0000000 1 418.629359 418.629359 505.740581 286.574774 -0.020453 -0.024926 0.019510 -0.005656 -0.660094 0.642445 -0.268559 0.281810 -0.062419 0.031365 0.062150 0 1.00000000 0.00000000 0.00000000 1.00000000 0.00000000 1.00000000 1.00000000 0.00000000 0.00000000 1.00000000 0.00000000 1.00000000 0.00000000 0.00000000 0.00000000 0.00000000 0.00000000 0.00000000 0.00000000 0.00000000 0.00000000 0.00000000 0.00000000 0.00000000 1.00000000 0.00000000 0.00000000 0.00000000 1.00000000 
1700000026.88665 -0.203535 -0.090679 0.968476 0.111374 0.016009 0.063248 0.013706 0.009928 0.027308 -0.023446 -0.001482 -0.000474 -0.000544 0.208642 0.030708 0.115675 0.0000000 1 418.629359 418.629359 505.740581 286.574774 -0.020453 -0.024926 0.019510 -0.005656 -0.660094 0.642445 -0.268559 0.281810 -0.062419 0.031365 0.062150 0 1.00000000 0.00000000 0.00000000 1.00000000 0.00000000 1.00000000 1.00000000 0.00000000 0.00000000 1.00000000 0.00000000 1.00000000 0.00000000 0.00000000 0.00000000 0.00000000 0.00000000 0.00000000 0.00000000 0.00000000 0.00000000 0.00000000 0.00000000 0.00000000 1.00000000 0.00000000 0.00000000 0.00000000 1.00000000 
1700000026.92055 -0.205374 -0.090320 0.967849 0.113724 0.016279 0.064312 0.012904 0.010423 0.023383 -0.025338 -0.001305 -0.000450 -0.000772 0.208111 0.030722 0.115443 0.0000000 1 418.629359 418.629359 505.740581 286.574774 -0.020453 -0.024926 0.019510 -0.005656 -0.660094 0.642445 -0.268559 0.281810 -0.062419 0.031365 0.062150 0 1.00000000 0.00000000 0.00000000 1.00000000 0.00000000 1.00000000 1.00000000 0.00000000 0.00000000 1.00000000 0.00000000 1.00000000 0.00000000 0.00000000 0.00000000 0.00000000 0.00000000 0.00000000 0.00000000 0.00000000 0.00000000 0.00000000 0.00000000 0.00000000 1.00000000 0.00000000 0.00000000 0.00000000 1.00000000 
1700000026.95446 -0.206747 -0.090271 0.967283 0.116066 0.016450 0.065279 0.012230 0.008446 0.021517 -0.021166 -0.001258 -0.000425 -0.000873 0.207136 0.029653 0.114617 0.0000000 1 418.629359 418.629359 505.740581 286.574774 -0.020453 -0.024926 0.019510 -0.005656 -0.660094 0.642445 -0.268559 0.281810 -0.062419 0.031365 0.062150 0 1.00000000 0.00000000 0.00000000 1.00000000 0.00000000 1.00000000 1.00000000 0.00000000 0.00000000 1.00000000 0.00000000 1.00000000 0.00000000 0.00000000 0.00000000 0.00000000 0.00000000 0.00000000 0.00000000 0.00000000 0.00000000 0.00000000 0.00000000 0.00000000 1.00000000 0.00000000 0.00000000 0.00000000 1.00000000 
1700000026.98836 -0.207178 -0.090690 0.966957 0.117675 0.016746 0.066237 0.011652 0.010673 0.017836 -0.017023 -0.001102 -0.000294 -0.001266 0.206498 0.030729 0.114484 0.0000000 1 418.629359 418.629359 505.740581 286.574774 -0.020453 -0.024926 0.019510 -0.005656 -0.660094 0.642445 -0.268559 0.281810 -0.062419 0.031365 0.062150 0 1.00000000 0.00000000 0.00000000 1.00000000 0.00000000 1.00000000 1.00000000 0.00000000 0.00000000 1.00000000 0.00000000 1.00000000 0.00000000 0.00000000 0.00000000 0.00000000 0.00000000 0.00000000 0.00000000 0.00000000 0.00000000 0.00000000 0.00000000 0.00000000 1.00000000 0.00000000 0.00000000 0.00000000 1.00000000 
1700000027.02227 -0.207830 -0.091605 0.966675 0.118126 0.017175 0.066809 0.011212 0.012523 0.009029 -0.013118 -0.000942 -0.000246 -0.001629 0.207068 0.032687 0.115184 0.0000000 1 418.629359 418.629359 505.740581 286.574774 -0.020453 -0.024926 0.019510 -0.005656 -0.660094 0.642445 -0.268559 0.281810 -0.062419 0.031365 0.062150 0 1.00000000 0.00000000 0.00000000 1.00000000 0.00000000 1.00000000 1.00000000 0.00000000 0.00000000 1.00000000 0.00000000 1.00000000 0.00000000 0.00000000 0.00000000 0.00000000 0.00000000 0.00000000 0.00000000 0.00000000 0.00000000 0.00000000 0.00000000 0.00000000 1.00000000 0.00000000 0.00000000 0.00000000 1.00000000 
1700000027.05617 -0.208568 -0.092231 0.966455 0.118139 0.017394 0.067145 0.010928 0.006849 0.003018 -0.007873 -0.000922 -0.000324 -0.001712 0.206716 0.031781 0.114803 0.0000000 1 418.629359 418.629359 505.740581 286.574774 -0.020453 -0.024926 0.019510 -0.005656 -0.660094 0.642445 -0.268559 0.281810 -0.062419 0.031365 0.062150 0 1.00000000 0.00000000 0.00000000 1.00000000 0.00000000 1.00000000 1.00000000 0.00000000 0.00000000 1.00000000 0.00000000 1.00000000 0.00000000 0.00000000 0.00000000 0.00000000 0.00000000 0.00000000 0.00000000 0.00000000 0.00000000 0.00000000 0.00000000 0.00000000 1.00000000 0.00000000 0.00000000 0.00000000 1.00000000 
1700000027.09008 -0.208955 -0.092650 0.966347 0.118012 0.017452 0.067344 0.010695 0.001374 -0.002626 -0.004477 -0.000945 -0.000352 -0.001926 0.206734 0.031846 0.114903 0.0000000 1 418.629359 418.629359 505.740581 286.574774 -0.020453 -0.024926 0.019510 -0.005656 -0.660094 0.642445 -0.268559 0.281810 -0.062419 0.031365 0.062150 0 1.00000000 0.00000000 0.00000000 1.00000000 0.00000000 1.00000000 1.00000000 0.00000000 0.00000000 1.00000000 0.00000000 1.00000000 0.00000000 0.00000000 0.00000000 0.00000000 0.00000000 0.00000000 0.00000000 0.00000000 0.00000000 0.00000000 0.00000000 0.00000000 1.00000000 0.00000000 0.00000000 0.00000000 1.00000000 
1700000027.12398 -0.209401 -0.093277 0.966274 0.117322 0.017518 0.067369 0.010522 0.000269 -0.008152 -0.002939 -0.000836 -0.000400 -0.002153 0.206473 0.033540 0.115304 0.0000000 1 418.629359 418.629359 505.740581 286.574774 -0.020453 -0.024926 0.019510 -0.005656 -0.660094 0.642445 -0.268559 0.281810 -0.062419 0.031365 0.062150 0 1.00000000 0.00000000 0.00000000 1.00000000 0.00000000 1.00000000 1.00000000 0.00000000 0.00000000 1.00000000 0.00000000 1.00000000 0.00000000 0.00000000 0.00000000 0.00000000 0.00000000 0.00000000 0.00000000 0.00000000 0.00000000 0.00000000 0.00000000 0.00000000 1.00000000 0.00000000 0.00000000 0.00000000 1.00000000 
1700000027.15789 -0.209914 -0.093582 0.966192 0.116837 0.017320 0.067276 0.010641 -0.004744 -0.010414 0.005503 -0.000974 -0.000573 -0.002097 0.205271 0.032887 0.114517 0.0000000 1 418.629359 418.629359 505.740581 286.574774 -0.020453 -0.024926 0.019510 -0.005656 -0.660094 0.642445 -0.268559 0.281810 -0.062419 0.031365 0.062150 0 1.00000000 0.00000000 0.00000000 1.00000000 0.00000000 1.00000000 1.00000000 0.00000000 0.00000000 1.00000000 0.00000000 1.00000000 0.00000000 0.00000000 0.00000000 0.00000000 0.00000000 0.00000000 0.00000000 0.00000000 0.00000000 0.00000000 0.00000000 0.00000000 1.00000000 0.00000000 0.00000000 0.00000000 1.00000000 
1700000027.19179 -0.209451 -0.093397 0.966359 0.116439 0.017324 0.066914 0.010996 -0.000934 -0.016036 0.013516 -0.001070 -0.000578 -0.002115 0.205281 0.034315 0.114844 0.0000000 1 418.629359 418.629359 505.740581 286.574774 -0.020453 -0.024926 0.019510 -0.005656 -0.660094 0.642445 -0.268559 0.281810 -0.062419 0.031365 0.062150 0 1.00000000 0.00000000 0.00000000 1.00000000 0.00000000 1.00000000 1.00000000 0.00000000 0.00000000 1.00000000 0.00000000 1.00000000 0.00000000 0.00000000 0.00000000 0.00000000 0.00000000 0.00000000 0.00000000 0.00000000 0.00000000 0.00000000 0.00000000 0.00000000 1.00000000 0.00000000 0.00000000 0.00000000 1.00000000 
1700000027.22570 -0.208687 -0.093535 0.966649 0.115290 0.017651 0.066477 0.011307 0.005727 -0.020836 0.011786 -0.001004 -0.000487 -0.002187 0.204364 0.037022 0.115202 0.0000000 1 418.629359 418.629359 505.740581 286.574774 -0.020453 -0.024926 0.019510 -0.005656 -0.660094 0.642445 -0.268559 0.281810 -0.062419 0.031365 0.062150 0 1.00000000 0.00000000 0.00000000 1.00000000 0.00000000 1.00000000 1.00000000 0.00000000 0.00000000 1.00000000 0.00000000 1.00000000 0.00000000 0.00000000 0.00000000 0.00000000 0.00000000 0.00000000 0.00000000 0.00000000 0.00000000 0.00000000 0.00000000 0.00000000 1.00000000 0.00000000 0.00000000 0.00000000 1.00000000 
1700000027.25960 -0.207926 -0.094100 0.966986 0.113357 0.018051 0.065839 0.011721 0.010523 -0.025754 0.012707 -0.000934 -0.000346 -0.002340 0.203900 0.038481 0.115319 0.0000000 1 418.629359 418.629359 505.740581 286.574774 -0.020453 -0.024926 0.019510 -0.005656 -0.660094 0.642445 -0.268559 0.281810 -0.062419 0.031365 0.062150 0 1.00000000 0.00000000 0.00000000 1.00000000 0.00000000 1.00000000 1.00000000 0.00000000 0.00000000 1.00000000 0.00000000 1.00000000 0.00000000 0.00000000 0.00000000 0.00000000 0.00000000 0.00000000 0.00000000 0.00000000 0.00000000 0.00000000 0.00000000 0.00000000 1.00000000 0.00000000 0.00000000 0.00000000 1.00000000 
1700000027.29351 -0.207101 -0.094915 0.967389 0.110720 0.018635 0.065062 0.012029 0.015493 -0.029466 0.010279 -0.000831 -0.000187 -0.002411 0.203017 0.039636 0.115262 0.0000000 1 418.629359 418.629359 505.740581 286.574774 -0.020453 -0.024926 0.019510 -0.005656 -0.660094 0.642445 -0.268559 0.281810 -0.062419 0.031365 0.062150 0 1.00000000 0.00000000 0.00000000 1.00000000 0.00000000 1.00000000 1.00000000 0.00000000 0.00000000 1.00000000 0.00000000 1.00000000 0.00000000 0.00000000 0.00000000 0.00000000 0.00000000 0.00000000 0.00000000 0.00000000 0.00000000 0.00000000 0.00000000 0.00000000 1.00000000 0.00000000 0.00000000 0.00000000 1.00000000 
1700000027.32741 -0.205951 -0.096135 0.967838 0.107852 0.019041 0.064258 0.012293 0.012985 -0.029795 0.008526 -0.000772 0.000030 -0.002391 0.201683 0.038233 0.114327 0.0000000 1 418.629359 418.629359 505.740581 286.574774 -0.020453 -0.024926 0.019510 -0.005656 -0.660094 0.642445 -0.268559 0.281810 -0.062419 0.031365 0.062150 0 1.00000000 0.00000000 0.00000000 1.00000000 0.00000000 1.00000000 1.00000000 0.00000000 0.00000000 1.00000000 0.00000000 1.00000000 0.00000000 0.00000000 0.00000000 0.00000000 0.00000000 0.00000000 0.00000000 0.00000000 0.00000000 0.00000000 0.00000000 0.00000000 1.00000000 0.00000000 0.00000000 0.00000000 1.00000000 
1700000027.36132 -0.204186 -0.097901 0.968360 0.104897 0.019549 0.063292 0.012610 0.013979 -0.031667 0.008880 -0.000707 0.000244 -0.002381 0.201019 0.038188 0.113935 0.0000000 1 418.629359 418.629359 505.740581 286.574774 -0.020453 -0.024926 0.019510 -0.005656 -0.660094 0.642445 -0.268559 0.281810 -0.062419 0.031365 0.062150 0 1.00000000 0.00000000 0.00000000 1.00000000 0.00000000 1.00000000 1.00000000 0.00000000 0.00000000 1.00000000 0.00000000 1.00000000 0.00000000 0.00000000 0.00000000 0.00000000 0.00000000 0.00000000 0.00000000 0.00000000 0.00000000 0.00000000 0.00000000 0.00000000 1.00000000 0.00000000 0.00000000 0.00000000 1.00000000 
1700000027.39522 -0.202697 -0.099753 0.968853 0.101429 0.020082 0.062179 0.012824 0.014392 -0.035111 0.006985 -0.000645 0.000367 -0.002398 0.200959 0.038516 0.114054 0.0000000 1 418.629359 418.629359 505.740581 286.574774 -0.020453 -0.024926 0.019510 -0.005656 -0.660094 0.642445 -0.268559 0.281810 -0.062419 0.031365 0.062150 0 1.00000000 0.00000000 0.00000000 1.00000000 0.00000000 1.00000000 1.00000000 0.00000000 0.00000000 1.00000000 0.00000000 1.00000000 0.00000000 0.00000000 0.00000000 0.00000000 0.00000000 0.00000000 0.00000000 0.00000000 0.00000000 0.00000000 0.00000000 0.00000000 1.00000000 0.00000000 0.00000000 0.00000000 1.00000000 
1700000027.42913 -0.201668 -0.101340 0.969253 0.098020 0.020472 0.061065 0.013072 0.011925 -0.035695 0.007029 -0.000706 0.000357 -0.002325 0.200303 0.038125 0.113651 0.0000000 1 418.629359 418.629359 505.740581 286.574774 -0.020453 -0.024926 0.019510 -0.005656 -0.660094 0.642445 -0.268559 0.281810 -0.062419 0.031365 0.062150 0 1.00000000 0.00000000 0.00000000 1.00000000 0.00000000 1.00000000 1.00000000 0.00000000 0.00000000 1.00000000 0.00000000 1.00000000 0.00000000 0.00000000 0.00000000 0.00000000 0.00000000 0.00000000 0.00000000 0.00000000 0.00000000 0.00000000 0.00000000 0.00000000 1.00000000 0.00000000 0.00000000 0.00000000 1.00000000 
1700000027.46303 -0.200565 -0.102440 0.969746 0.094190 0.021198 0.059754 0.013474 0.020491 -0.041106 0.011493 -0.000741 0.000456 -0.002496 0.200645 0.040193 0.114176 0.0000000 1 418.629359 418.629359 505.740581 286.574774 -0.020453 -0.024926 0.019510 -0.005656 -0.660094 0.642445 -0.268559 0.281810 -0.062419 0.031365 0.062150 0 1.00000000 0.00000000 0.00000000 1.00000000 0.00000000 1.00000000 1.00000000 0.00000000 0.00000000 1.00000000 0.00000000 1.00000000 0.00000000 0.00000000 0.00000000 0.00000000 0.00000000 0.00000000 0.00000000 0.00000000 0.00000000 0.00000000 0.00000000 0.00000000 1.00000000 0.00000000 0.00000000 0.00000000 1.00000000 
1700000027.49694 -0.199821 -0.103705 0.970247 0.089091 0.022138 0.058278 0.013645 0.026330 -0.045339 0.005766 -0.000604 0.000564 -0.002427 0.200544 0.041010 0.114498 0.0000000 1 418.629359 418.629359 505.740581 286.574774 -0.020453 -0.024926 0.019510 -0.005656 -0.660094 0.642445 -0.268559 0.281810 -0.062419 0.031365 0.062150 0 1.00000000 0.00000000 0.00000000 1.00000000 0.00000000 1.00000000 1.00000000 0.00000000 0.00000000 1.00000000 0.00000000 1.00000000 0.00000000 0.00000000 0.00000000 0.00000000 0.00000000 0.00000000 0.00000000 0.00000000 0.00000000 0.00000000 0.00000000 0.00000000 1.00000000 0.00000000 0.00000000 0.00000000 1.00000000 
1700000027.53084 -0.199255 -0.105237 0.970680 0.083686 0.022907 0.056627 0.013734 0.026222 -0.049886 0.002206 -0.000549 0.000647 -0.002315 0.200562 0.039968 0.114341 0.0000000 1 418.629359 418.629359 505.740581 286.574774 -0.020453 -0.024926 0.019510 -0.005656 -0.660094 0.642445 -0.268559 0.281810 -0.062419 0.031365 0.062150 0 1.00000000 0.00000000 0.00000000 1.00000000 0.00000000 1.00000000 1.00000000 0.00000000 0.00000000 1.00000000 0.00000000 1.00000000 0.00000000 0.00000000 0.00000000 0.00000000 0.00000000 0.00000000 0.00000000 0.00000000 0.00000000 0.00000000 0.00000000 0.00000000 1.00000000 0.00000000 0.00000000 0.00000000 1.00000000 
1700000027.56475 -0.198638 -0.106844 0.971144 0.077509 0.024062 0.054480 0.013840 0.034654 -0.058697 0.001828 -0.000386 0.000712 -0.002043 0.201295 0.040331 0.114793 0.0000000 1 418.629359 418.629359 505.740581 286.574774 -0.020453 -0.024926 0.019510 -0.005656 -0.660094 0.642445 -0.268559 0.281810 -0.062419 0.031365 0.062150 0 1.00000000 0.00000000 0.00000000 1.00000000 0.00000000 1.00000000 1.00000000 0.00000000 0.00000000 1.00000000 0.00000000 1.00000000 0.00000000 0.00000000 0.00000000 0.00000000 0.00000000 0.00000000 0.00000000 0.00000000 0.00000000 0.00000000 0.00000000 0.00000000 1.00000000 0.00000000 0.00000000 0.00000000 1.00000000 
1700000027.59865 -0.197984 -0.108783 0.971587 0.070624 0.025139 0.052589 0.013891 0.033261 -0.059649 -0.001852 -0.000127 0.000801 -0.001772 0.200246 0.039602 0.114147 0.0000000 1 418.629359 418.629359 505.740581 286.574774 -0.020453 -0.024926 0.019510 -0.005656 -0.660094 0.642445 -0.268559 0.281810 -0.062419 0.031365 0.062150 0 1.00000000 0.00000000 0.00000000 1.00000000 0.00000000 1.00000000 1.00000000 0.00000000 0.00000000 1.00000000 0.00000000 1.00000000 0.00000000 0.00000000 0.00000000 0.00000000 0.00000000 0.00000000 0.00000000 0.00000000 0.00000000 0.00000000 0.00000000 0.00000000 1.00000000 0.00000000 0.00000000 0.00000000 1.00000000 
1700000027.63256 -0.196702 -0.111956 0.971967 0.063679 0.026353 0.050685 0.013716 0.035237 -0.061719 -0.011748 0.000245 0.000982 -0.001621 0.199231 0.039624 0.113671 0.0000000 1 418.629359 418.629359 505.740581 286.574774 -0.020453 -0.024926 0.019510 -0.005656 -0.660094 0.642445 -0.268559 0.281810 -0.062419 0.031365 0.062150 0 1.00000000 0.00000000 0.00000000 1.00000000 0.00000000 1.00000000 1.00000000 0.00000000 0.00000000 1.00000000 0.00000000 1.00000000 0.00000000 0.00000000 0.00000000 0.00000000 0.00000000 0.00000000 0.00000000 0.00000000 0.00000000 0.00000000 0.00000000 0.00000000 1.00000000 0.00000000 0.00000000 0.00000000 1.00000000 
1700000027.66646 -0.196038 -0.116448 0.972082 0.055370 0.027879 0.048298 0.012961 0.042742 -0.069255 -0.025492 0.000693 0.001084 -0.001539 0.199660 0.040091 0.114189 0.0000000 1 418.629359 418.629359 505.740581 286.574774 -0.020453 -0.024926 0.019510 -0.005656 -0.660094 0.642445 -0.268559 0.281810 -0.062419 0.031365 0.062150 0 1.00000000 0.00000000 0.00000000 1.00000000 0.00000000 1.00000000 1.00000000 0.00000000 0.00000000 1.00000000 0.00000000 1.00000000 0.00000000 0.00000000 0.00000000 0.00000000 0.00000000 0.00000000 0.00000000 0.00000000 0.00000000 0.00000000 0.00000000 0.00000000 1.00000000 0.00000000 0.00000000 0.00000000 1.00000000 
1700000027.70037 -0.196146 -0.120668 0.972012 0.046459 0.029349 0.046041 0.012542 0.041303 -0.070118 -0.022575 0.000826 0.000998 -0.001268 0.199042 0.040861 0.113796 0.0000000 1 418.629359 418.629359 505.740581 286.574774 -0.020453 -0.024926 0.019510 -0.005656 -0.660094 0.642445 -0.268559 0.281810 -0.062419 0.031365 0.062150 0 1.00000000 0.00000000 0.00000000 1.00000000 0.00000000 1.00000000 1.00000000 0.00000000 0.00000000 1.00000000 0.00000000 1.00000000 0.00000000 0.00000000 0.00000000 0.00000000 0.00000000 0.00000000 0.00000000 0.00000000 0.00000000 0.00000000 0.00000000 0.00000000 1.00000000 0.00000000 0.00000000 0.00000000 1.00000000 
1700000027.73427 -0.196042 -0.123312 0.972039 0.038758 0.030420 0.044137 0.011993 0.034520 -0.065504 -0.018699 0.000804 0.000926 -0.001208 0.198084 0.040799 0.113250 0.0000000 1 418.629359 418.629359 505.740581 286.574774 -0.020453 -0.024926 0.019510 -0.005656 -0.660094 0.642445 -0.268559 0.281810 -0.062419 0.031365 0.062150 0 1.00000000 0.00000000 0.00000000 1.00000000 0.00000000 1.00000000 1.00000000 0.00000000 0.00000000 1.00000000 0.00000000 1.00000000 0.00000000 0.00000000 0.00000000 0.00000000 0.00000000 0.00000000 0.00000000 0.00000000 0.00000000 0.00000000 0.00000000 0.00000000 1.00000000 0.00000000 0.00000000 0.00000000 1.00000000 
1700000027.76818 -0.196172 -0.125454 0.971975 0.032288 0.031564 0.042135 0.011704 0.034961 -0.062571 -0.012651 0.000766 0.000737 -0.000941 0.197606 0.041359 0.113016 0.0000000 1 418.629359 418.629359 505.740581 286.574774 -0.020453 -0.024926 0.019510 -0.005656 -0.660094 0.642445 -0.268559 0.281810 -0.062419 0.031365 0.062150 0 1.00000000 0.00000000 0.00000000 1.00000000 0.00000000 1.00000000 1.00000000 0.00000000 0.00000000 1.00000000 0.00000000 1.00000000 0.00000000 0.00000000 0.00000000 0.00000000 0.00000000 0.00000000 0.00000000 0.00000000 0.00000000 0.00000000 0.00000000 0.00000000 1.00000000 0.00000000 0.00000000 0.00000000 1.00000000 
1700000027.80208 -0.196062 -0.127358 0.971948 0.025617 0.032884 0.040065 0.011689 0.039481 -0.062566 -0.003883 0.000836 0.000556 -0.000768 0.197402 0.041961 0.112899 0.0000000 1 418.629359 418.629359 505.740581 286.574774 -0.020453 -0.024926 0.019510 -0.005656 -0.660094 0.642445 -0.268559 0.281810 -0.062419 0.031365 0.062150 0 1.00000000 0.00000000 0.00000000 1.00000000 0.00000000 1.00000000 1.00000000 0.00000000 0.00000000 1.00000000 0.00000000 1.00000000 0.00000000 0.00000000 0.00000000 0.00000000 0.00000000 0.00000000 0.00000000 0.00000000 0.00000000 0.00000000 0.00000000 0.00000000 1.00000000 0.00000000 0.00000000 0.00000000 1.00000000 
1700000027.83599 -0.195816 -0.128873 0.971936 0.019701 0.034089 0.038258 0.011877 0.033930 -0.058247 0.001919 0.000776 0.000367 -0.000468 0.197407 0.042545 0.112952 0.0000000 1 418.629359 418.629359 505.740581 286.574774 -0.020453 -0.024926 0.019510 -0.005656 -0.660094 0.642445 -0.268559 0.281810 -0.062419 0.031365 0.062150 0 1.00000000 0.00000000 0.00000000 1.00000000 0.00000000 1.00000000 1.00000000 0.00000000 0.00000000 1.00000000 0.00000000 1.00000000 0.00000000 0.00000000 0.00000000 0.00000000 0.00000000 0.00000000 0.00000000 0.00000000 0.00000000 0.00000000 0.00000000 0.00000000 1.00000000 0.00000000 0.00000000 0.00000000 1.00000000 
1700000027.86989 -0.195274 -0.129858 0.972005 0.014508 0.035022 0.036312 0.012053 0.029486 -0.058179 0.003633 0.000900 0.000262 -0.000450 0.197468 0.042318 0.112993 0.0000000 1 418.629359 418.629359 505.740581 286.574774 -0.020453 -0.024926 0.019510 -0.005656 -0.660094 0.642445 -0.268559 0.281810 -0.062419 0.031365 0.062150 0 1.00000000 0.00000000 0.00000000 1.00000000 0.00000000 1.00000000 1.00000000 0.00000000 0.00000000 1.00000000 0.00000000 1.00000000 0.00000000 0.00000000 0.00000000 0.00000000 0.00000000 0.00000000 0.00000000 0.00000000 0.00000000 0.00000000 0.00000000 0.00000000 1.00000000 0.00000000 0.00000000 0.00000000 1.00000000 
1700000027.90380 -0.195620 -0.130287 0.971950 0.008397 0.036393 0.034409 0.011933 0.035725 -0.056214 -0.002807 0.000954 0.000093 -0.000380 0.198259 0.040868 0.113342 0.0000000 1 418.629359 418.629359 505.740581 286.574774 -0.020453 -0.024926 0.019510 -0.005656 -0.660094 0.642445 -0.268559 0.281810 -0.062419 0.031365 0.062150 0 1.00000000 0.00000000 0.00000000 1.00000000 0.00000000 1.00000000 1.00000000 0.00000000 0.00000000 1.00000000 0.00000000 1.00000000 0.00000000 0.00000000 0.00000000 0.00000000 0.00000000 0.00000000 0.00000000 0.00000000 0.00000000 0.00000000 0.00000000 0.00000000 1.00000000 0.00000000 0.00000000 0.00000000 1.00000000 
1700000027.93770 -0.196372 -0.131248 0.971703 0.002128 0.037435 0.032917 0.011955 0.030305 -0.048135 -0.004985 0.001021 0.000011 -0.000235 0.198732 0.041471 0.113652 0.0000000 1 418.629359 418.629359 505.740581 286.574774 -0.020453 -0.024926 0.019510 -0.005656 -0.660094 0.642445 -0.268559 0.281810 -0.062419 0.031365 0.062150 0 1.00000000 0.00000000 0.00000000 1.00000000 0.00000000 1.00000000 1.00000000 0.00000000 0.00000000 1.00000000 0.00000000 1.00000000 0.00000000 0.00000000 0.00000000 0.00000000 0.00000000 0.00000000 0.00000000 0.00000000 0.00000000 0.00000000 0.00000000 0.00000000 1.00000000 0.00000000 0.00000000 0.00000000 1.00000000 
1700000027.97161 0.195974 0.132473 -0.971617 0.002553 0.038252 0.031608 0.011970 0.026746 -0.042604 -0.003073 0.001062 -0.000041 -0.000197 0.198855 0.042104 0.113697 0.0000000 1 418.629359 418.629359 505.740581 286.574774 -0.020453 -0.024926 0.019510 -0.005656 -0.660094 0.642445 -0.268559 0.281810 -0.062419 0.031365 0.062150 0 1.00000000 0.00000000 0.00000000 1.00000000 0.00000000 1.00000000 1.00000000 0.00000000 0.00000000 1.00000000 0.00000000 1.00000000 0.00000000 0.00000000 0.00000000 0.00000000 0.00000000 0.00000000 0.00000000 0.00000000 0.00000000 0.00000000 0.00000000 0.00000000 1.00000000 0.00000000 0.00000000 0.00000000 1.00000000 
1700000028.00551 0.195265 0.133806 -0.971547 0.007996 0.039472 0.029930 0.012060 0.036064 -0.045185 0.000678 0.001204 -0.000104 -0.000234 0.198506 0.041383 0.113267 0.0000000 1 418.629359 418.629359 505.740581 286.574774 -0.020453 -0.024926 0.019510 -0.005656 -0.660094 0.642445 -0.268559 0.281810 -0.062419 0.031365 0.062150 0 1.00000000 0.00000000 0.00000000 1.00000000 0.00000000 1.00000000 1.00000000 0.00000000 0.00000000 1.00000000 0.00000000 1.00000000 0.00000000 0.00000000 0.00000000 0.00000000 0.00000000 0.00000000 0.00000000 0.00000000 0.00000000 0.00000000 0.00000000 0.00000000 1.00000000 0.00000000 0.00000000 0.00000000 1.00000000 
1700000028.03942 0.194982 0.135082 -0.971352 0.014514 0.040848 0.028499 0.012148 0.039697 -0.044173 0.002444 0.001266 -0.000200 -0.000257 0.198868 0.040753 0.113312 0.0000000 1 418.629359 418.629359 505.740581 286.574774 -0.020453 -0.024926 0.019510 -0.005656 -0.660094 0.642445 -0.268559 0.281810 -0.062419 0.031365 0.062150 0 1.00000000 0.00000000 0.00000000 1.00000000 0.00000000 1.00000000 1.00000000 0.00000000 0.00000000 1.00000000 0.00000000 1.00000000 0.00000000 0.00000000 0.00000000 0.00000000 0.00000000 0.00000000 0.00000000 0.00000000 0.00000000 0.00000000 0.00000000 0.00000000 1.00000000 0.00000000 0.00000000 0.00000000 1.00000000 
1700000028.07332 0.194617 0.135930 -0.971200 0.020424 0.042199 0.027122 0.012421 0.039488 -0.042126 0.006596 0.001230 -0.000334 -0.000140 0.199424 0.040784 0.113540 0.0000000 1 418.629359 418.629359 505.740581 286.574774 -0.020453 -0.024926 0.019510 -0.005656 -0.660094 0.642445 -0.268559 0.281810 -0.062419 0.031365 0.062150 0 1.00000000 0.00000000 0.00000000 1.00000000 0.00000000 1.00000000 1.00000000 0.00000000 0.00000000 1.00000000 0.00000000 1.00000000 0.00000000 0.00000000 0.00000000 0.00000000 0.00000000 0.00000000 0.00000000 0.00000000 0.00000000 0.00000000 0.00000000 0.00000000 1.00000000 0.00000000 0.00000000 0.00000000 1.00000000 
1700000028.10723 0.194271 0.136739 -0.971020 0.026095 0.043437 0.025787 0.012707 0.037142 -0.040533 0.009146 0.001275 -0.000414 -0.000091 0.199840 0.040855 0.113770 0.0000000 1 418.629359 418.629359 505.740581 286.574774 -0.020453 -0.024926 0.019510 -0.005656 -0.660094 0.642445 -0.268559 0.281810 -0.062419 0.031365 0.062150 0 1.00000000 0.00000000 0.00000000 1.00000000 0.00000000 1.00000000 1.00000000 0.00000000 0.00000000 1.00000000 0.00000000 1.00000000 0.00000000 0.00000000 0.00000000 0.00000000 0.00000000 0.00000000 0.00000000 0.00000000 0.00000000 0.00000000 0.00000000 0.00000000 1.00000000 0.00000000 0.00000000 0.00000000 1.00000000 
1700000028.14113 0.194082 0.136852 -0.970864 0.032033 0.044828 0.024302 0.013044 0.040273 -0.041611 0.012921 0.001189 -0.000482 -0.000006 0.199753 0.039999 0.113585 0.0000000 1 418.629359 418.629359 505.740581 286.574774 -0.020453 -0.024926 0.019510 -0.005656 -0.660094 0.642445 -0.268559 0.281810 -0.062419 0.031365 0.062150 0 1.00000000 0.00000000 0.00000000 1.00000000 0.00000000 1.00000000 1.00000000 0.00000000 0.00000000 1.00000000 0.00000000 1.00000000 0.00000000 0.00000000 0.00000000 0.00000000 0.00000000 0.00000000 0.00000000 0.00000000 0.00000000 0.00000000 0.00000000 0.00000000 1.00000000 0.00000000 0.00000000 0.00000000 1.00000000 
1700000028.17504 0.194251 0.135900 -0.970736 0.038338 0.046242 0.022973 0.013481 0.038026 -0.042688 0.012146 0.001146 -0.000582 0.000013 0.200404 0.038960 0.113726 0.0000000 1 418.629359 418.629359 505.740581 286.574774 -0.020453 -0.024926 0.019510 -0.005656 -0.660094 0.642445 -0.268559 0.281810 -0.062419 0.031365 0.062150 0 1.00000000 0.00000000 0.00000000 1.00000000 0.00000000 1.00000000 1.00000000 0.00000000 0.00000000 1.00000000 0.00000000 1.00000000 0.00000000 0.00000000 0.00000000 0.00000000 0.00000000 0.00000000 0.00000000 0.00000000 0.00000000 0.00000000 0.00000000 0.00000000 1.00000000 0.00000000 0.00000000 0.00000000 1.00000000 
1700000028.20894 0.194940 0.135181 -0.970460 0.043960 0.047507 0.021796 0.013685 0.032346 -0.040395 0.001939 0.001149 -0.000615 0.000131 0.202188 0.038232 0.114513 0.0000000 1 418.629359 418.629359 505.740581 286.574774 -0.020453 -0.024926 0.019510 -0.005656 -0.660094 0.642445 -0.268559 0.281810 -0.062419 0.031365 0.062150 0 1.00000000 0.00000000 0.00000000 1.00000000 0.00000000 1.00000000 1.00000000 0.00000000 0.00000000 1.00000000 0.00000000 1.00000000 0.00000000 0.00000000 0.00000000 0.00000000 0.00000000 0.00000000 0.00000000 0.00000000 0.00000000 0.00000000 0.00000000 0.00000000 1.00000000 0.00000000 0.00000000 0.00000000 1.00000000 
1700000028.24285 0.195786 0.134882 -0.970050 0.049779 0.048808 0.020467 0.013566 0.034613 -0.042117 -0.005997 0.001268 -0.000612 0.000100 0.202660 0.036441 0.114373 0.0000000 1 418.629359 418.629359 505.740581 286.574774 -0.020453 -0.024926 0.019510 -0.005656 -0.660094 0.642445 -0.268559 0.281810 -0.062419 0.031365 0.062150 0 1.00000000 0.00000000 0.00000000 1.00000000 0.00000000 1.00000000 1.00000000 0.00000000 0.00000000 1.00000000 0.00000000 1.00000000 0.00000000 0.00000000 0.00000000 0.00000000 0.00000000 0.00000000 0.00000000 0.00000000 0.00000000 0.00000000 0.00000000 0.00000000 1.00000000 0.00000000 0.00000000 0.00000000 1.00000000 
1700000028.27675 0.197138 0.135173 -0.969404 0.055868 0.050064 0.019270 0.013390 0.034130 -0.040479 -0.011501 0.001323 -0.000630 0.000206 0.204553 0.035987 0.115116 0.0000000 1 418.629359 418.629359 505.740581 286.574774 -0.020453 -0.024926 0.019510 -0.005656 -0.660094 0.642445 -0.268559 0.281810 -0.062419 0.031365 0.062150 0 1.00000000 0.00000000 0.00000000 1.00000000 0.00000000 1.00000000 1.00000000 0.00000000 0.00000000 1.00000000 0.00000000 1.00000000 0.00000000 0.00000000 0.00000000 0.00000000 0.00000000 0.00000000 0.00000000 0.00000000 0.00000000 0.00000000 0.00000000 0.00000000 1.00000000 0.00000000 0.00000000 0.00000000 1.00000000 
1700000028.31066 0.197679 0.135852 -0.968853 0.061574 0.051205 0.018004 0.013287 0.036289 -0.040693 -0.007447 0.001450 -0.000650 0.000173 0.205242 0.036765 0.115409 0.0000000 1 418.629359 418.629359 505.740581 286.574774 -0.020453 -0.024926 0.019510 -0.005656 -0.660094 0.642445 -0.268559 0.281810 -0.062419 0.031365 0.062150 0 1.00000000 0.00000000 0.00000000 1.00000000 0.00000000 1.00000000 1.00000000 0.00000000 0.00000000 1.00000000 0.00000000 1.00000000 0.00000000 0.00000000 0.00000000 0.00000000 0.00000000 0.00000000 0.00000000 0.00000000 0.00000000 0.00000000 0.00000000 0.00000000 1.00000000 0.00000000 0.00000000 0.00000000 1.00000000 
1700000028.34456 0.198111 0.137054 -0.968199 0.067527 0.052432 0.016924 0.013189 0.035553 -0.039491 -0.006990 0.001605 -0.000695 0.000101 0.207313 0.036811 0.116359 0.0000000 1 418.629359 418.629359 505.740581 286.574774 -0.020453 -0.024926 0.019510 -0.005656 -0.660094 0.642445 -0.268559 0.281810 -0.062419 0.031365 0.062150 0 1.00000000 0.00000000 0.00000000 1.00000000 0.00000000 1.00000000 1.00000000 0.00000000 0.00000000 1.00000000 0.00000000 1.00000000 0.00000000 0.00000000 0.00000000 0.00000000 0.00000000 0.00000000 0.00000000 0.00000000 0.00000000 0.00000000 0.00000000 0.00000000 1.00000000 0.00000000 0.00000000 0.00000000 1.00000000 
1700000028.37847 0.198002 0.139002 -0.967608 0.072170 0.053344 0.015927 0.013163 0.028682 -0.034399 -0.004907 0.001680 -0.000747 0.000115 0.209615 0.038567 0.117756 0.0000000 1 418.629359 418.629359 505.740581 286.574774 -0.020453 -0.024926 0.019510 -0.005656 -0.660094 0.642445 -0.268559 0.281810 -0.062419 0.031365 0.062150 0 1.00000000 0.00000000 0.00000000 1.00000000 0.00000000 1.00000000 1.00000000 0.00000000 0.00000000 1.00000000 0.00000000 1.00000000 0.00000000 0.00000000 0.00000000 0.00000000 0.00000000 0.00000000 0.00000000 0.00000000 0.00000000 0.00000000 0.00000000 0.00000000 1.00000000 0.00000000 0.00000000 0.00000000 1.00000000 
1700000028.41237 0.197323 0.140823 -0.967206 0.075796 0.054297 0.014998 0.013034 0.021737 -0.029966 -0.006157 0.001728 -0.000777 0.000205 0.211669 0.037695 0.118570 0.0000000 1 418.629359 418.629359 505.740581 286.574774 -0.020453 -0.024926 0.019510 -0.005656 -0.660094 0.642445 -0.268559 0.281810 -0.062419 0.031365 0.062150 0 1.00000000 0.00000000 0.00000000 1.00000000 0.00000000 1.00000000 1.00000000 0.00000000 0.00000000 1.00000000 0.00000000 1.00000000 0.00000000 0.00000000 0.00000000 0.00000000 0.00000000 0.00000000 0.00000000 0.00000000 0.00000000 0.00000000 0.00000000 0.00000000 1.00000000 0.00000000 0.00000000 0.00000000 1.00000000 
1700000028.44628 0.196899 0.142688 -0.966840 0.078047 0.054762 0.014105 0.012807 0.010941 -0.025380 -0.006882 0.001688 -0.000816 0.000328 0.212808 0.038178 0.119243 0.0000000 1 418.629359 418.629359 505.740581 286.574774 -0.020453 -0.024926 0.019510 -0.005656 -0.660094 0.642445 -0.268559 0.281810 -0.062419 0.031365 0.062150 0 1.00000000 0.00000000 0.00000000 1.00000000 0.00000000 1.00000000 1.00000000 0.00000000 0.00000000 1.00000000 0.00000000 1.00000000 0.00000000 0.00000000 0.00000000 0.00000000 0.00000000 0.00000000 0.00000000 0.00000000 0.00000000 0.00000000 0.00000000 0.00000000 1.00000000 0.00000000 0.00000000 0.00000000 1.00000000 
1700000028.48018 0.196137 0.143278 -0.966768 0.079759 0.055483 0.013188 0.012675 0.013067 -0.023055 -0.002109 0.001596 -0.000848 0.000483 0.212610 0.034646 0.118295 0.0000000 1 418.629359 418.629359 505.740581 286.574774 -0.020453 -0.024926 0.019510 -0.005656 -0.660094 0.642445 -0.268559 0.281810 -0.062419 0.031365 0.062150 0 1.00000000 0.00000000 0.00000000 1.00000000 0.00000000 1.00000000 1.00000000 0.00000000 0.00000000 1.00000000 0.00000000 1.00000000 0.00000000 0.00000000 0.00000000 0.00000000 0.00000000 0.00000000 0.00000000 0.00000000 0.00000000 0.00000000 0.00000000 0.00000000 1.00000000 0.00000000 0.00000000 0.00000000 1.00000000 
1700000028.51409 0.196158 0.144202 -0.966468 0.081654 0.055876 0.012645 0.012669 0.007175 -0.017786 -0.003082 0.001589 -0.000899 0.000551 0.214643 0.033822 0.119064 0.0000000 1 418.629359 418.629359 505.740581 286.574774 -0.020453 -0.024926 0.019510 -0.005656 -0.660094 0.642445 -0.268559 0.281810 -0.062419 0.031365 0.062150 0 1.00000000 0.00000000 0.00000000 1.00000000 0.00000000 1.00000000 1.00000000 0.00000000 0.00000000 1.00000000 0.00000000 1.00000000 0.00000000 0.00000000 0.00000000 0.00000000 0.00000000 0.00000000 0.00000000 0.00000000 0.00000000 0.00000000 0.00000000 0.00000000 1.00000000 0.00000000 0.00000000 0.00000000 1.00000000 
1700000028.54799 0.195590 0.145200 -0.966347 0.082677 0.056064 0.012015 0.012631 0.001192 -0.016086 -0.000465 0.001593 -0.000911 0.000659 0.214939 0.033307 0.119045 0.0000000 1 418.629359 418.629359 505.740581 286.574774 -0.020453 -0.024926 0.019510 -0.005656 -0.660094 0.642445 -0.268559 0.281810 -0.062419 0.031365 0.062150 0 1.00000000 0.00000000 0.00000000 1.00000000 0.00000000 1.00000000 1.00000000 0.00000000 0.00000000 1.00000000 0.00000000 1.00000000 0.00000000 0.00000000 0.00000000 0.00000000 0.00000000 0.00000000 0.00000000 0.00000000 0.00000000 0.00000000 0.00000000 0.00000000 1.00000000 0.00000000 0.00000000 0.00000000 1.00000000 
1700000028.58190 0.195225 0.145794 -0.966234 0.083808 0.056135 0.011455 0.012638 -0.002618 -0.015517 0.002604 0.001600 -0.000933 0.000721 0.215176 0.032060 0.118910 0.0000000 1 418.629359 418.629359 505.740581 286.574774 -0.020453 -0.024926 0.019510 -0.005656 -0.660094 0.642445 -0.268559 0.281810 -0.062419 0.031365 0.062150 0 1.00000000 0.00000000 0.00000000 1.00000000 0.00000000 1.00000000 1.00000000 0.00000000 0.00000000 1.00000000 0.00000000 1.00000000 0.00000000 0.00000000 0.00000000 0.00000000 0.00000000 0.00000000 0.00000000 0.00000000 0.00000000 0.00000000 0.00000000 0.00000000 1.00000000 0.00000000 0.00000000 0.00000000 1.00000000 
1700000028.61580 0.195033 0.146375 -0.966137 0.084357 0.055969 0.011103 0.012718 -0.012000 -0.012969 0.001863 0.001606 -0.000941 0.000838 0.217348 0.031695 0.119926 0.0000000 1 418.629359 418.629359 505.740581 286.574774 -0.020453 -0.024926 0.019510 -0.005656 -0.660094 0.642445 -0.268559 0.281810 -0.062419 0.031365 0.062150 0 1.00000000 0.00000000 0.00000000 1.00000000 0.00000000 1.00000000 1.00000000 0.00000000 0.00000000 1.00000000 0.00000000 1.00000000 0.00000000 0.00000000 0.00000000 0.00000000 0.00000000 0.00000000 0.00000000 0.00000000 0.00000000 0.00000000 0.00000000 0.00000000 1.00000000 0.00000000 0.00000000 0.00000000 1.00000000 
1700000028.64971 0.194417 0.146514 -0.966264 0.084083 0.055695 0.010644 0.012842 -0.012555 -0.011627 0.007560 0.001492 -0.000907 0.000969 0.217378 0.030012 0.119527 0.0000000 1 418.629359 418.629359 505.740581 286.574774 -0.020453 -0.024926 0.019510 -0.005656 -0.660094 0.642445 -0.268559 0.281810 -0.062419 0.031365 0.062150 0 1.00000000 0.00000000 0.00000000 1.00000000 0.00000000 1.00000000 1.00000000 0.00000000 0.00000000 1.00000000 0.00000000 1.00000000 0.00000000 0.00000000 0.00000000 0.00000000 0.00000000 0.00000000 0.00000000 0.00000000 0.00000000 0.00000000 0.00000000 0.00000000 1.00000000 0.00000000 0.00000000 0.00000000 1.00000000 
1700000028.68361 0.193993 0.146062 -0.966415 0.084109 0.055330 0.010376 0.013171 -0.016195 -0.010791 0.009973 0.001435 -0.000896 0.000979 0.218253 0.028579 0.119606 0.0000000 1 418.629359 418.629359 505.740581 286.574774 -0.020453 -0.024926 0.019510 -0.005656 -0.660094 0.642445 -0.268559 0.281810 -0.062419 0.031365 0.062150 0 1.00000000 0.00000000 0.00000000 1.00000000 0.00000000 1.00000000 1.00000000 0.00000000 0.00000000 1.00000000 0.00000000 1.00000000 0.00000000 0.00000000 0.00000000 0.00000000 0.00000000 0.00000000 0.00000000 0.00000000 0.00000000 0.00000000 0.00000000 0.00000000 1.00000000 0.00000000 0.00000000 0.00000000 1.00000000 
1700000028.71752 0.193915 0.145764 -0.966534 0.083434 0.054683 0.010351 0.013467 -0.023305 -0.005757 0.006439 0.001361 -0.000918 0.000983 0.220739 0.027924 0.120681 0.0000000 1 418.629359 418.629359 505.740581 286.574774 -0.020453 -0.024926 0.019510 -0.005656 -0.660094 0.642445 -0.268559 0.281810 -0.062419 0.031365 0.062150 0 1.00000000 0.00000000 0.00000000 1.00000000 0.00000000 1.00000000 1.00000000 0.00000000 0.00000000 1.00000000 0.00000000 1.00000000 0.00000000 0.00000000 0.00000000 0.00000000 0.00000000 0.00000000 0.00000000 0.00000000 0.00000000 0.00000000 0.00000000 0.00000000 1.00000000 0.00000000 0.00000000 0.00000000 1.00000000 
1700000028.75142 0.193549 0.145280 -0.966821 0.081786 0.054068 0.010281 0.013618 -0.024564 -0.002226 0.005814 0.001223 -0.000871 0.001109 0.221604 0.025609 0.120560 0.0000000 1 418.629359 418.629359 505.740581 286.574774 -0.020453 -0.024926 0.019510 -0.005656 -0.660094 0.642445 -0.268559 0.281810 -0.062419 0.031365 0.062150 0 1.00000000 0.00000000 0.00000000 1.00000000 0.00000000 1.00000000 1.00000000 0.00000000 0.00000000 1.00000000 0.00000000 1.00000000 0.00000000 0.00000000 0.00000000 0.00000000 0.00000000 0.00000000 0.00000000 0.00000000 0.00000000 0.00000000 0.00000000 0.00000000 1.00000000 0.00000000 0.00000000 0.00000000 1.00000000 
1700000028.78533 0.193554 0.144089 -0.967159 0.079867 0.053326 0.010350 0.013812 -0.027227 0.000529 0.006759 0.001040 -0.000836 0.001192 0.222375 0.024158 0.120589 0.0000000 1 418.629359 418.629359 505.740581 286.574774 -0.020453 -0.024926 0.019510 -0.005656 -0.660094 0.642445 -0.268559 0.281810 -0.062419 0.031365 0.062150 0 1.00000000 0.00000000 0.00000000 1.00000000 0.00000000 1.00000000 1.00000000 0.00000000 0.00000000 1.00000000 0.00000000 1.00000000 0.00000000 0.00000000 0.00000000 0.00000000 0.00000000 0.00000000 0.00000000 0.00000000 0.00000000 0.00000000 0.00000000 0.00000000 1.00000000 0.00000000 0.00000000 0.00000000 1.00000000 
1700000028.81923 0.193895 0.142635 -0.967506 0.077404 0.052348 0.010661 0.014003 -0.031605 0.005382 0.003762 0.000912 -0.000780 0.001209 0.223967 0.023898 0.121283 0.0000000 1 418.629359 418.629359 505.740581 286.574774 -0.020453 -0.024926 0.019510 -0.005656 -0.660094 0.642445 -0.268559 0.281810 -0.062419 0.031365 0.062150 0 1.00000000 0.00000000 0.00000000 1.00000000 0.00000000 1.00000000 1.00000000 0.00000000 0.00000000 1.00000000 0.00000000 1.00000000 0.00000000 0.00000000 0.00000000 0.00000000 0.00000000 0.00000000 0.00000000 0.00000000 0.00000000 0.00000000 0.00000000 0.00000000 1.00000000 0.00000000 0.00000000 0.00000000 1.00000000 
1700000028.85314 0.194019 0.141684 -0.967848 0.074519 0.051289 0.011153 0.014176 -0.033139 0.011184 0.002591 0.000844 -0.000689 0.001234 0.225470 0.023950 0.121910 0.0000000 1 418.629359 418.629359 505.740581 286.574774 -0.020453 -0.024926 0.019510 -0.005656 -0.660094 0.642445 -0.268559 0.281810 -0.062419 0.031365 0.062150 0 1.00000000 0.00000000 0.00000000 1.00000000 0.00000000 1.00000000 1.00000000 0.00000000 0.00000000 1.00000000 0.00000000 1.00000000 0.00000000 0.00000000 0.00000000 0.00000000 0.00000000 0.00000000 0.00000000 0.00000000 0.00000000 0.00000000 0.00000000 0.00000000 1.00000000 0.00000000 0.00000000 0.00000000 1.00000000 
1700000028.88704 0.193566 0.141036 -0.968316 0.070749 0.049999 0.011793 0.014447 -0.038352 0.016526 0.008476 0.000760 -0.000627 0.001217 0.226419 0.025159 0.122517 0.0000000 1 418.629359 418.629359 505.740581 286.574774 -0.020453 -0.024926 0.019510 -0.005656 -0.660094 0.642445 -0.268559 0.281810 -0.062419 0.031365 0.062150 0 1.00000000 0.00000000 0.00000000 1.00000000 0.00000000 1.00000000 1.00000000 0.00000000 0.00000000 1.00000000 0.00000000 1.00000000 0.00000000 0.00000000 0.00000000 0.00000000 0.00000000 0.00000000 0.00000000 0.00000000 0.00000000 0.00000000 0.00000000 0.00000000 1.00000000 0.00000000 0.00000000 0.00000000 1.00000000 
1700000028.92095 0.192812 0.139408 -0.969012 0.066373 0.048797 0.012331 0.014774 -0.037951 0.018399 0.013676 0.000503 -0.000634 0.001236 0.225307 0.023834 0.121672 0.0000000 1 418.629359 418.629359 505.740581 286.574774 -0.020453 -0.024926 0.019510 -0.005656 -0.660094 0.642445 -0.268559 0.281810 -0.062419 0.031365 0.062150 0 1.00000000 0.00000000 0.00000000 1.00000000 0.00000000 1.00000000 1.00000000 0.00000000 0.00000000 1.00000000 0.00000000 1.00000000 0.00000000 0.00000000 0.00000000 0.00000000 0.00000000 0.00000000 0.00000000 0.00000000 0.00000000 0.00000000 0.00000000 0.00000000 1.00000000 0.00000000 0.00000000 0.00000000 1.00000000 
1700000028.95485 0.193007 0.137240 -0.969525 0.062735 0.047655 0.013126 0.015085 -0.036930 0.021394 0.010708 0.000374 -0.000649 0.001140 0.225419 0.021790 0.121364 0.0000000 1 418.629359 418.629359 505.740581 286.574774 -0.020453 -0.024926 0.019510 -0.005656 -0.660094 0.642445 -0.268559 0.281810 -0.062419 0.031365 0.062150 0 1.00000000 0.00000000 0.00000000 1.00000000 0.00000000 1.00000000 1.00000000 0.00000000 0.00000000 1.00000000 0.00000000 1.00000000 0.00000000 0.00000000 0.00000000 0.00000000 0.00000000 0.00000000 0.00000000 0.00000000 0.00000000 0.00000000 0.00000000 0.00000000 1.00000000 0.00000000 0.00000000 0.00000000 1.00000000 
1700000028.98876 0.193338 0.135274 -0.969988 0.058698 0.046309 0.014131 0.015494 -0.039498 0.025942 0.009379 0.000254 -0.000638 0.001067 0.226098 0.022186 0.121706 0.0000000 1 418.629359 418.629359 505.740581 286.574774 -0.020453 -0.024926 0.019510 -0.005656 -0.660094 0.642445 -0.268559 0.281810 -0.062419 0.031365 0.062150 0 1.00000000 0.00000000 0.00000000 1.00000000 0.00000000 1.00000000 1.00000000 0.00000000 0.00000000 1.00000000 0.00000000 1.00000000 0.00000000 0.00000000 0.00000000 0.00000000 0.00000000 0.00000000 0.00000000 0.00000000 0.00000000 0.00000000 0.00000000 0.00000000 1.00000000 0.00000000 0.00000000 0.00000000 1.00000000 
1700000029.02266 0.193021 0.133961 -0.970515 0.053825 0.044888 0.015439 0.015887 -0.041840 0.032522 0.006484 0.000250 -0.000571 0.001026 0.227839 0.023103 0.122631 0.0000000 1 418.629359 418.629359 505.740581 286.574774 -0.020453 -0.024926 0.019510 -0.005656 -0.660094 0.642445 -0.268559 0.281810 -0.062419 0.031365 0.062150 0 1.00000000 0.00000000 0.00000000 1.00000000 0.00000000 1.00000000 1.00000000 0.00000000 0.00000000 1.00000000 0.00000000 1.00000000 0.00000000 0.00000000 0.00000000 0.00000000 0.00000000 0.00000000 0.00000000 0.00000000 0.00000000 0.00000000 0.00000000 0.00000000 1.00000000 0.00000000 0.00000000 0.00000000 1.00000000 
1700000029.05657 0.192041 0.133784 -0.971032 0.048166 0.043458 0.016821 0.016155 -0.040457 0.036835 0.006142 0.000273 -0.000472 0.000993 0.228883 0.023618 0.123107 0.0000000 1 418.629359 418.629359 505.740581 286.574774 -0.020453 -0.024926 0.019510 -0.005656 -0.660094 0.642445 -0.268559 0.281810 -0.062419 0.031365 0.062150 0 1.00000000 0.00000000 0.00000000 1.00000000 0.00000000 1.00000000 1.00000000 0.00000000 0.00000000 1.00000000 0.00000000 1.00000000 0.00000000 0.00000000 0.00000000 0.00000000 0.00000000 0.00000000 0.00000000 0.00000000 0.00000000 0.00000000 0.00000000 0.00000000 1.00000000 0.00000000 0.00000000 0.00000000 1.00000000 
1700000029.09047 0.190644 0.133818 -0.971570 0.042407 0.042062 0.017947 0.016166 -0.040910 0.034439 0.004461 0.000213 -0.000423 0.000958 0.227994 0.023609 0.122789 0.0000000 1 418.629359 418.629359 505.740581 286.574774 -0.020453 -0.024926 0.019510 -0.005656 -0.660094 0.642445 -0.268559 0.281810 -0.062419 0.031365 0.062150 0 1.00000000 0.00000000 0.00000000 1.00000000 0.00000000 1.00000000 1.00000000 0.00000000 0.00000000 1.00000000 0.00000000 1.00000000 0.00000000 0.00000000 0.00000000 0.00000000 0.00000000 0.00000000 0.00000000 0.00000000 0.00000000 0.00000000 0.00000000 0.00000000 1.00000000 0.00000000 0.00000000 0.00000000 1.00000000 
1700000029.12438 0.189935 0.133332 -0.971999 0.036959 0.040833 0.019102 0.016115 -0.039077 0.033658 0.001034 0.000091 -0.000353 0.000937 0.227744 0.022450 0.122501 0.0000000 1 418.629359 418.629359 505.740581 286.574774 -0.020453 -0.024926 0.019510 -0.005656 -0.660094 0.642445 -0.268559 0.281810 -0.062419 0.031365 0.062150 0 1.00000000 0.00000000 0.00000000 1.00000000 0.00000000 1.00000000 1.00000000 0.00000000 0.00000000 1.00000000 0.00000000 1.00000000 0.00000000 0.00000000 0.00000000 0.00000000 0.00000000 0.00000000 0.00000000 0.00000000 0.00000000 0.00000000 0.00000000 0.00000000 1.00000000 0.00000000 0.00000000 0.00000000 1.00000000 
1700000029.15828 0.189493 0.132414 -0.972406 0.031403 0.039572 0.020467 0.016049 -0.038486 0.036561 -0.000945 -0.000045 -0.000260 0.000891 0.228220 0.022121 0.122676 0.0000000 1 418.629359 418.629359 505.740581 286.574774 -0.020453 -0.024926 0.019510 -0.005656 -0.660094 0.642445 -0.268559 0.281810 -0.062419 0.031365 0.062150 0 1.00000000 0.00000000 0.00000000 1.00000000 0.00000000 1.00000000 1.00000000 0.00000000 0.00000000 1.00000000 0.00000000 1.00000000 0.00000000 0.00000000 0.00000000 0.00000000 0.00000000 0.00000000 0.00000000 0.00000000 0.00000000 0.00000000 0.00000000 0.00000000 1.00000000 0.00000000 0.00000000 0.00000000 1.00000000 
1700000029.19219 0.189143 0.131273 -0.972794 0.025759 0.038409 0.021627 0.015969 -0.035628 0.034999 -0.000475 -0.000190 -0.000182 0.000922 0.227741 0.021605 0.122306 0.0000000 1 418.629359 418.629359 505.740581 286.574774 -0.020453 -0.024926 0.019510 -0.005656 -0.660094 0.642445 -0.268559 0.281810 -0.062419 0.031365 0.062150 0 1.00000000 0.00000000 0.00000000 1.00000000 0.00000000 1.00000000 1.00000000 0.00000000 0.00000000 1.00000000 0.00000000 1.00000000 0.00000000 0.00000000 0.00000000 0.00000000 0.00000000 0.00000000 0.00000000 0.00000000 0.00000000 0.00000000 0.00000000 0.00000000 1.00000000 0.00000000 0.00000000 0.00000000 1.00000000 
1700000029.22609 0.189296 0.129532 -0.973124 0.020463 0.037237 0.023033 0.015947 -0.035083 0.036755 0.000267 -0.000395 -0.000163 0.000861 0.228121 0.021437 0.122462 0.0000000 1 418.629359 418.629359 505.740581 286.574774 -0.020453 -0.024926 0.019510 -0.005656 -0.660094 0.642445 -0.268559 0.281810 -0.062419 0.031365 0.062150 0 1.00000000 0.00000000 0.00000000 1.00000000 0.00000000 1.00000000 1.00000000 0.00000000 0.00000000 1.00000000 0.00000000 1.00000000 0.00000000 0.00000000 0.00000000 0.00000000 0.00000000 0.00000000 0.00000000 0.00000000 0.00000000 0.00000000 0.00000000 0.00000000 1.00000000 0.00000000 0.00000000 0.00000000 1.00000000 
1700000029.25999 0.189597 0.127593 -0.973422 0.014921 0.035978 0.024503 0.015947 -0.035725 0.038294 -0.000293 -0.000559 -0.000134 0.000762 0.228420 0.021631 0.122643 0.0000000 1 418.629359 418.629359 505.740581 286.574774 -0.020453 -0.024926 0.019510 -0.005656 -0.660094 0.642445 -0.268559 0.281810 -0.062419 0.031365 0.062150 0 1.00000000 0.00000000 0.00000000 1.00000000 0.00000000 1.00000000 1.00000000 0.00000000 0.00000000 1.00000000 0.00000000 1.00000000 0.00000000 0.00000000 0.00000000 0.00000000 0.00000000 0.00000000 0.00000000 0.00000000 0.00000000 0.00000000 0.00000000 0.00000000 1.00000000 0.00000000 0.00000000 0.00000000 1.00000000 
1700000029.29390 0.189950 0.125670 -0.973675 0.009071 0.034808 0.026190 0.015927 -0.035675 0.042559 -0.004382 -0.000718 -0.000159 0.000719 0.229168 0.021534 0.122952 0.0000000 1 418.629359 418.629359 505.740581 286.574774 -0.020453 -0.024926 0.019510 -0.005656 -0.660094 0.642445 -0.268559 0.281810 -0.062419 0.031365 0.062150 0 1.00000000 0.00000000 0.00000000 1.00000000 0.00000000 1.00000000 1.00000000 0.00000000 0.00000000 1.00000000 0.00000000 1.00000000 0.00000000 0.00000000 0.00000000 0.00000000 0.00000000 0.00000000 0.00000000 0.00000000 0.00000000 0.00000000 0.00000000 0.00000000 1.00000000 0.00000000 0.00000000 0.00000000 1.00000000 
1700000029.32781 0.190344 0.124068 -0.973844 0.002208 0.033609 0.027849 0.015791 -0.036969 0.045588 -0.006817 -0.000911 -0.000174 0.000780 0.229374 0.021554 0.122983 0.0000000 1 418.629359 418.629359 505.740581 286.574774 -0.020453 -0.024926 0.019510 -0.005656 -0.660094 0.642445 -0.268559 0.281810 -0.062419 0.031365 0.062150 0 1.00000000 0.00000000 0.00000000 1.00000000 0.00000000 1.00000000 1.00000000 0.00000000 0.00000000 1.00000000 0.00000000 1.00000000 0.00000000 0.00000000 0.00000000 0.00000000 0.00000000 0.00000000 0.00000000 0.00000000 0.00000000 0.00000000 0.00000000 0.00000000 1.00000000 0.00000000 0.00000000 0.00000000 1.00000000 
1700000029.36171 -0.190910 -0.122268 0.973953 0.004437 0.032450 0.029339 0.015642 -0.033818 0.043245 -0.006417 -0.000958 -0.000201 0.000670 0.228942 0.021258 0.122621 0.0000000 1 418.629359 418.629359 505.740581 286.574774 -0.020453 -0.024926 0.019510 -0.005656 -0.660094 0.642445 -0.268559 0.281810 -0.062419 0.031365 0.062150 0 1.00000000 0.00000000 0.00000000 1.00000000 0.00000000 1.00000000 1.00000000 0.00000000 0.00000000 1.00000000 0.00000000 1.00000000 0.00000000 0.00000000 0.00000000 0.00000000 0.00000000 0.00000000 0.00000000 0.00000000 0.00000000 0.00000000 0.00000000 0.00000000 1.00000000 0.00000000 0.00000000 0.00000000 1.00000000 
1700000029.39562 -0.192099 -0.120446 0.973902 0.010285 0.031521 0.030939 0.015367 -0.030769 0.042812 -0.009231 -0.001052 -0.000299 0.000600 0.229169 0.020634 0.122623 0.0000000 1 418.629359 418.629359 505.740581 286.574774 -0.020453 -0.024926 0.019510 -0.005656 -0.660094 0.642445 -0.268559 0.281810 -0.062419 0.031365 0.062150 0 1.00000000 0.00000000 0.00000000 1.00000000 0.00000000 1.00000000 1.00000000 0.00000000 0.00000000 1.00000000 0.00000000 1.00000000 0.00000000 0.00000000 0.00000000 0.00000000 0.00000000 0.00000000 0.00000000 0.00000000 0.00000000 0.00000000 0.00000000 0.00000000 1.00000000 0.00000000 0.00000000 0.00000000 1.00000000 
1700000029.42952 -0.193394 -0.118854 0.973754 0.016621 0.030306 0.032533 0.015260 -0.032992 0.043017 -0.004676 -0.001158 -0.000380 0.000571 0.228941 0.020953 0.122461 0.0000000 1 418.629359 418.629359 505.740581 286.574774 -0.020453 -0.024926 0.019510 -0.005656 -0.660094 0.642445 -0.268559 0.281810 -0.062419 0.031365 0.062150 0 1.00000000 0.00000000 0.00000000 1.00000000 0.00000000 1.00000000 1.00000000 0.00000000 0.00000000 1.00000000 0.00000000 1.00000000 0.00000000 0.00000000 0.00000000 0.00000000 0.00000000 0.00000000 0.00000000 0.00000000 0.00000000 0.00000000 0.00000000 0.00000000 1.00000000 0.00000000 0.00000000 0.00000000 1.00000000 
1700000029.46342 -0.193806 -0.117329 0.973739 0.022505 0.029139 0.034185 0.015296 -0.030723 0.042226 0.001298 -0.001147 -0.000324 0.000391 0.228689 0.021152 0.122287 0.0000000 1 418.629359 418.629359 505.740581 286.574774 -0.020453 -0.024926 0.019510 -0.005656 -0.660094 0.642445 -0.268559 0.281810 -0.062419 0.031365 0.062150 0 1.00000000 0.00000000 0.00000000 1.00000000 0.00000000 1.00000000 1.00000000 0.00000000 0.00000000 1.00000000 0.00000000 1.00000000 0.00000000 0.00000000 0.00000000 0.00000000 0.00000000 0.00000000 0.00000000 0.00000000 0.00000000 0.00000000 0.00000000 0.00000000 1.00000000 0.00000000 0.00000000 0.00000000 1.00000000 
1700000029.49733 -0.193569 -0.116674 0.973710 0.028411 0.027901 0.036005 0.015351 -0.032692 0.043416 0.000496 -0.001104 -0.000298 0.000235 0.228602 0.021337 0.122287 0.0000000 1 418.629359 418.629359 505.740581 286.574774 -0.020453 -0.024926 0.019510 -0.005656 -0.660094 0.642445 -0.268559 0.281810 -0.062419 0.031365 0.062150 0 1.00000000 0.00000000 0.00000000 1.00000000 0.00000000 1.00000000 1.00000000 0.00000000 0.00000000 1.00000000 0.00000000 1.00000000 0.00000000 0.00000000 0.00000000 0.00000000 0.00000000 0.00000000 0.00000000 0.00000000 0.00000000 0.00000000 0.00000000 0.00000000 1.00000000 0.00000000 0.00000000 0.00000000 1.00000000 
1700000029.53123 -0.192025 -0.117061 0.973769 0.034586 0.026849 0.037488 0.015496 -0.026808 0.037705 0.002232 -0.001026 -0.000231 0.000037 0.228229 0.021513 0.122010 0.0000000 1 418.629359 418.629359 505.740581 286.574774 -0.020453 -0.024926 0.019510 -0.005656 -0.660094 0.642445 -0.268559 0.281810 -0.062419 0.031365 0.062150 0 1.00000000 0.00000000 0.00000000 1.00000000 0.00000000 1.00000000 1.00000000 0.00000000 0.00000000 1.00000000 0.00000000 1.00000000 0.00000000 0.00000000 0.00000000 0.00000000 0.00000000 0.00000000 0.00000000 0.00000000 0.00000000 0.00000000 0.00000000 0.00000000 1.00000000 0.00000000 0.00000000 0.00000000 1.00000000 
1700000029.56514 -0.190254 -0.117799 0.973834 0.039665 0.026465 0.038588 0.015482 -0.015745 0.029218 0.002091 -0.001068 -0.000176 -0.000038 0.228322 0.021529 0.122091 0.0000000 1 418.629359 418.629359 505.740581 286.574774 -0.020453 -0.024926 0.019510 -0.005656 -0.660094 0.642445 -0.268559 0.281810 -0.062419 0.031365 0.062150 0 1.00000000 0.00000000 0.00000000 1.00000000 0.00000000 1.00000000 1.00000000 0.00000000 0.00000000 1.00000000 0.00000000 1.00000000 0.00000000 0.00000000 0.00000000 0.00000000 0.00000000 0.00000000 0.00000000 0.00000000 0.00000000 0.00000000 0.00000000 0.00000000 1.00000000 0.00000000 0.00000000 0.00000000 1.00000000 
1700000029.59904 -0.189283 -0.117797 0.973824 0.044296 0.026137 0.039417 0.015542 -0.012406 0.022591 0.004537 -0.001254 -0.000155 0.000016 0.228259 0.021483 0.122051 0.0000000 1 418.629359 418.629359 505.740581 286.574774 -0.020453 -0.024926 0.019510 -0.005656 -0.660094 0.642445 -0.268559 0.281810 -0.062419 0.031365 0.062150 0 1.00000000 0.00000000 0.00000000 1.00000000 0.00000000 1.00000000 1.00000000 0.00000000 0.00000000 1.00000000 0.00000000 1.00000000 0.00000000 0.00000000 0.00000000 0.00000000 0.00000000 0.00000000 0.00000000 0.00000000 0.00000000 0.00000000 0.00000000 0.00000000 1.00000000 0.00000000 0.00000000 0.00000000 1.00000000 
1700000029.63295 -0.188967 -0.116887 0.973788 0.048634 0.025615 0.040317 0.015599 -0.015592 0.021838 0.002996 -0.001409 -0.000197 0.000024 0.228154 0.021234 0.122018 0.0000000 1 418.629359 418.629359 505.740581 286.574774 -0.020453 -0.024926 0.019510 -0.005656 -0.660094 0.642445 -0.268559 0.281810 -0.062419 0.031365 0.062150 0 1.00000000 0.00000000 0.00000000 1.00000000 0.00000000 1.00000000 1.00000000 0.00000000 0.00000000 1.00000000 0.00000000 1.00000000 0.00000000 0.00000000 0.00000000 0.00000000 0.00000000 0.00000000 0.00000000 0.00000000 0.00000000 0.00000000 0.00000000 0.00000000 1.00000000 0.00000000 0.00000000 0.00000000 1.00000000 
1700000029.66685 -0.189212 -0.115548 0.973630 0.053773 0.025016 0.041281 0.015672 -0.018984 0.023203 0.000378 -0.001509 -0.000266 0.000103 0.227668 0.021215 0.121778 0.0000000 1 418.629359 418.629359 505.740581 286.574774 -0.020453 -0.024926 0.019510 -0.005656 -0.660094 0.642445 -0.268559 0.281810 -0.062419 0.031365 0.062150 0 1.00000000 0.00000000 0.00000000 1.00000000 0.00000000 1.00000000 1.00000000 0.00000000 0.00000000 1.00000000 0.00000000 1.00000000 0.00000000 0.00000000 0.00000000 0.00000000 0.00000000 0.00000000 0.00000000 0.00000000 0.00000000 0.00000000 0.00000000 0.00000000 1.00000000 0.00000000 0.00000000 0.00000000 1.00000000 
1700000029.70076 -0.189779 -0.113931 0.973408 0.058992 0.024383 0.042284 0.015602 -0.019260 0.023831 -0.003858 -0.001594 -0.000321 0.000057 0.227302 0.021228 0.121630 0.0000000 1 418.629359 418.629359 505.740581 286.574774 -0.020453 -0.024926 0.019510 -0.005656 -0.660094 0.642445 -0.268559 0.281810 -0.062419 0.031365 0.062150 0 1.00000000 0.00000000 0.00000000 1.00000000 0.00000000 1.00000000 1.00000000 0.00000000 0.00000000 1.00000000 0.00000000 1.00000000 0.00000000 0.00000000 0.00000000 0.00000000 0.00000000 0.00000000 0.00000000 0.00000000 0.00000000 0.00000000 0.00000000 0.00000000 1.00000000 0.00000000 0.00000000 0.00000000 1.00000000 
1700000029.73466 -0.190677 -0.112231 0.973052 0.064928 0.023840 0.043453 0.015220 -0.020354 0.027413 -0.012548 -0.001780 -0.000380 0.000192 0.226614 0.021408 0.121436 0.0000000 1 418.629359 418.629359 505.740581 286.574774 -0.020453 -0.024926 0.019510 -0.005656 -0.660094 0.642445 -0.268559 0.281810 -0.062419 0.031365 0.062150 0 1.00000000 0.00000000 0.00000000 1.00000000 0.00000000 1.00000000 1.00000000 0.00000000 0.00000000 1.00000000 0.00000000 1.00000000 0.00000000 0.00000000 0.00000000 0.00000000 0.00000000 0.00000000 0.00000000 0.00000000 0.00000000 0.00000000 0.00000000 0.00000000 1.00000000 0.00000000 0.00000000 0.00000000 1.00000000 
1700000029.76857 -0.192144 -0.110434 0.972545 0.071006 0.023397 0.044300 0.014822 -0.012122 0.023103 -0.013840 -0.001854 -0.000444 0.000144 0.226564 0.021955 0.121478 0.0000000 1 418.629359 418.629359 505.740581 286.574774 -0.020453 -0.024926 0.019510 -0.005656 -0.660094 0.642445 -0.268559 0.281810 -0.062419 0.031365 0.062150 0 1.00000000 0.00000000 0.00000000 1.00000000 0.00000000 1.00000000 1.00000000 0.00000000 0.00000000 1.00000000 0.00000000 1.00000000 0.00000000 0.00000000 0.00000000 0.00000000 0.00000000 0.00000000 0.00000000 0.00000000 0.00000000 0.00000000 0.00000000 0.00000000 1.00000000 0.00000000 0.00000000 0.00000000 1.00000000 
1700000029.80247 -0.193509 -0.108420 0.972119 0.076056 0.023194 0.045259 0.014391 -0.005823 0.021913 -0.013873 -0.001933 -0.000369 0.000098 0.225864 0.022161 0.121119 0.0000000 1 418.629359 418.629359 505.740581 286.574774 -0.020453 -0.024926 0.019510 -0.005656 -0.660094 0.642445 -0.268559 0.281810 -0.062419 0.031365 0.062150 0 1.00000000 0.00000000 0.00000000 1.00000000 0.00000000 1.00000000 1.00000000 0.00000000 0.00000000 1.00000000 0.00000000 1.00000000 0.00000000 0.00000000 0.00000000 0.00000000 0.00000000 0.00000000 0.00000000 0.00000000 0.00000000 0.00000000 0.00000000 0.00000000 1.00000000 0.00000000 0.00000000 0.00000000 1.00000000 
1700000029.83638 -0.194711 -0.106742 0.971641 0.081290 0.022833 0.046245 0.013988 -0.008152 0.021976 -0.015533 -0.001973 -0.000368 0.000055 0.224751 0.021608 0.120345 0.0000000 1 418.629359 418.629359 505.740581 286.574774 -0.020453 -0.024926 0.019510 -0.005656 -0.660094 0.642445 -0.268559 0.281810 -0.062419 0.031365 0.062150 0 1.00000000 0.00000000 0.00000000 1.00000000 0.00000000 1.00000000 1.00000000 0.00000000 0.00000000 1.00000000 0.00000000 1.00000000 0.00000000 0.00000000 0.00000000 0.00000000 0.00000000 0.00000000 0.00000000 0.00000000 0.00000000 0.00000000 0.00000000 0.00000000 1.00000000 0.00000000 0.00000000 0.00000000 1.00000000 
1700000029.87028 -0.195716 -0.105394 0.971184 0.085960 0.022695 0.046875 0.013511 -0.002641 0.015061 -0.015863 -0.001857 -0.000326 -0.000195 0.225025 0.022089 0.120528 0.0000000 1 418.629359 418.629359 505.740581 286.574774 -0.020453 -0.024926 0.019510 -0.005656 -0.660094 0.642445 -0.268559 0.281810 -0.062419 0.031365 0.062150 0 1.00000000 0.00000000 0.00000000 1.00000000 0.00000000 1.00000000 1.00000000 0.00000000 0.00000000 1.00000000 0.00000000 1.00000000 0.00000000 0.00000000 0.00000000 0.00000000 0.00000000 0.00000000 0.00000000 0.00000000 0.00000000 0.00000000 0.00000000 0.00000000 1.00000000 0.00000000 0.00000000 0.00000000 1.00000000 
1700000029.90419 -0.197044 -0.104627 0.970720 0.089046 0.022786 0.047534 0.012900 0.001143 0.012632 -0.019619 -0.001633 -0.000232 -0.000407 0.224452 0.022775 0.120443 0.0000000 1 418.629359 418.629359 505.740581 286.574774 -0.020453 -0.024926 0.019510 -0.005656 -0.660094 0.642445 -0.268559 0.281810 -0.062419 0.031365 0.062150 0 1.00000000 0.00000000 0.00000000 1.00000000 0.00000000 1.00000000 1.00000000 0.00000000 0.00000000 1.00000000 0.00000000 1.00000000 0.00000000 0.00000000 0.00000000 0.00000000 0.00000000 0.00000000 0.00000000 0.00000000 0.00000000 0.00000000 0.00000000 0.00000000 1.00000000 0.00000000 0.00000000 0.00000000 1.00000000 
1700000029.93809 -0.198242 -0.104251 0.970199 0.092440 0.022564 0.048240 0.012250 -0.005955 0.013992 -0.020289 -0.001596 -0.000228 -0.000444 0.223177 0.021873 0.119590 0.0000000 1 418.629359 418.629359 505.740581 286.574774 -0.020453 -0.024926 0.019510 -0.005656 -0.660094 0.642445 -0.268559 0.281810 -0.062419 0.031365 0.062150 0 1.00000000 0.00000000 0.00000000 1.00000000 0.00000000 1.00000000 1.00000000 0.00000000 0.00000000 1.00000000 0.00000000 1.00000000 0.00000000 0.00000000 0.00000000 0.00000000 0.00000000 0.00000000 0.00000000 0.00000000 0.00000000 0.00000000 0.00000000 0.00000000 1.00000000 0.00000000 0.00000000 0.00000000 1.00000000 
1700000029.97200 -0.199137 -0.103951 0.969742 0.095602 0.022619 0.048373 0.011784 -0.001268 0.004857 -0.013943 -0.001520 -0.000216 -0.000633 0.224389 0.023561 0.120452 0.0000000 1 418.629359 418.629359 505.740581 286.574774 -0.020453 -0.024926 0.019510 -0.005656 -0.660094 0.642445 -0.268559 0.281810 -0.062419 0.031365 0.062150 0 1.00000000 0.00000000 0.00000000 1.00000000 0.00000000 1.00000000 1.00000000 0.00000000 0.00000000 1.00000000 0.00000000 1.00000000 0.00000000 0.00000000 0.00000000 0.00000000 0.00000000 0.00000000 0.00000000 0.00000000 0.00000000 0.00000000 0.00000000 0.00000000 1.00000000 0.00000000 0.00000000 0.00000000 1.00000000 
1700000030.00590 -0.200951 -0.103036 0.969417 0.096093 0.022989 0.048120 0.011347 0.005206 -0.006708 -0.011023 -0.001376 -0.000214 -0.000889 0.226201 0.025995 0.121957 0.0000000 1 418.629359 418.629359 505.740581 286.574774 -0.020453 -0.024926 0.019510 -0.005656 -0.660094 0.642445 -0.268559 0.281810 -0.062419 0.031365 0.062150 0 1.00000000 0.00000000 0.00000000 1.00000000 0.00000000 1.00000000 1.00000000 0.00000000 0.00000000 1.00000000 0.00000000 1.00000000 0.00000000 0.00000000 0.00000000 0.00000000 0.00000000 0.00000000 0.00000000 0.00000000 0.00000000 0.00000000 0.00000000 0.00000000 1.00000000 0.00000000 0.00000000 0.00000000 1.00000000 
1700000030.03981 -0.203597 -0.101613 0.969067 0.095561 0.022946 0.048044 0.011033 -0.000308 -0.009546 -0.006661 -0.001316 -0.000330 -0.001061 0.225734 0.025736 0.121740 0.0000000 1 418.629359 418.629359 505.740581 286.574774 -0.020453 -0.024926 0.019510 -0.005656 -0.660094 0.642445 -0.268559 0.281810 -0.062419 0.031365 0.062150 0 1.00000000 0.00000000 0.00000000 1.00000000 0.00000000 1.00000000 1.00000000 0.00000000 0.00000000 1.00000000 0.00000000 1.00000000 0.00000000 0.00000000 0.00000000 0.00000000 0.00000000 0.00000000 0.00000000 0.00000000 0.00000000 0.00000000 0.00000000 0.00000000 1.00000000 0.00000000 0.00000000 0.00000000 1.00000000 
1700000030.07371 -0.205242 -0.099941 0.968890 0.095598 0.022970 0.047906 0.011164 -0.000072 -0.010004 0.004244 -0.001364 -0.000341 -0.001033 0.224438 0.025919 0.121010 0.0000000 1 418.629359 418.629359 505.740581 286.574774 -0.020453 -0.024926 0.019510 -0.005656 -0.660094 0.642445 -0.268559 0.281810 -0.062419 0.031365 0.062150 0 1.00000000 0.00000000 0.00000000 1.00000000 0.00000000 1.00000000 1.00000000 0.00000000 0.00000000 1.00000000 0.00000000 1.00000000 0.00000000 0.00000000 0.00000000 0.00000000 0.00000000 0.00000000 0.00000000 0.00000000 0.00000000 0.00000000 0.00000000 0.00000000 1.00000000 0.00000000 0.00000000 0.00000000 1.00000000 
1700000030.10762 -0.205966 -0.098698 0.968932 0.094904 0.022853 0.047800 0.011294 -0.001062 -0.013001 0.004547 -0.001243 -0.000409 -0.001276 0.223624 0.025708 0.120652 0.0000000 1 418.629359 418.629359 505.740581 286.574774 -0.020453 -0.024926 0.019510 -0.005656 -0.660094 0.642445 -0.268559 0.281810 -0.062419 0.031365 0.062150 0 1.00000000 0.00000000 0.00000000 1.00000000 0.00000000 1.00000000 1.00000000 0.00000000 0.00000000 1.00000000 0.00000000 1.00000000 0.00000000 0.00000000 0.00000000 0.00000000 0.00000000 0.00000000 0.00000000 0.00000000 0.00000000 0.00000000 0.00000000 0.00000000 1.00000000 0.00000000 0.00000000 0.00000000 1.00000000 
1700000030.14152 -0.206302 -0.098528 0.968990 0.093759 0.022677 0.047600 0.011238 -0.002830 -0.015625 0.000340 -0.001109 -0.000407 -0.001493 0.222766 0.025219 0.120275 0.0000000 1 418.629359 418.629359 505.740581 286.574774 -0.020453 -0.024926 0.019510 -0.005656 -0.660094 0.642445 -0.268559 0.281810 -0.062419 0.031365 0.062150 0 1.00000000 0.00000000 0.00000000 1.00000000 0.00000000 1.00000000 1.00000000 0.00000000 0.00000000 1.00000000 0.00000000 1.00000000 0.00000000 0.00000000 0.00000000 0.00000000 0.00000000 0.00000000 0.00000000 0.00000000 0.00000000 0.00000000 0.00000000 0.00000000 1.00000000 0.00000000 0.00000000 0.00000000 1.00000000 
1700000030.17543 -0.206062 -0.098787 0.969082 0.093057 0.022477 0.047341 0.011363 -0.002940 -0.016192 0.003081 -0.001074 -0.000456 -0.001611 0.221501 0.024800 0.119521 0.0000000 1 418.629359 418.629359 505.740581 286.574774 -0.020453 -0.024926 0.019510 -0.005656 -0.660094 0.642445 -0.268559 0.281810 -0.062419 0.031365 0.062150 0 1.00000000 0.00000000 0.00000000 1.00000000 0.00000000 1.00000000 1.00000000 0.00000000 0.00000000 1.00000000 0.00000000 1.00000000 0.00000000 0.00000000 0.00000000 0.00000000 0.00000000 0.00000000 0.00000000 0.00000000 0.00000000 0.00000000 0.00000000 0.00000000 1.00000000 0.00000000 0.00000000 0.00000000 1.00000000 
1700000030.20933 -0.205155 -0.099225 0.969290 0.092429 0.022605 0.046823 0.011641 0.001978 -0.019449 0.007726 -0.001062 -0.000465 -0.001653 0.221040 0.025734 0.119449 0.0000000 1 418.629359 418.629359 505.740581 286.574774 -0.020453 -0.024926 0.019510 -0.005656 -0.660094 0.642445 -0.268559 0.281810 -0.062419 0.031365 0.062150 0 1.00000000 0.00000000 0.00000000 1.00000000 0.00000000 1.00000000 1.00000000 0.00000000 0.00000000 1.00000000 0.00000000 1.00000000 0.00000000 0.00000000 0.00000000 0.00000000 0.00000000 0.00000000 0.00000000 0.00000000 0.00000000 0.00000000 0.00000000 0.00000000 1.00000000 0.00000000 0.00000000 0.00000000 1.00000000 
1700000030.24324 -0.204296 -0.099849 0.969559 0.090818 0.022913 0.046136 0.011877 0.007747 -0.024151 0.007817 -0.001009 -0.000420 -0.001822 0.221168 0.026752 0.119773 0.0000000 1 418.629359 418.629359 505.740581 286.574774 -0.020453 -0.024926 0.019510 -0.005656 -0.660094 0.642445 -0.268559 0.281810 -0.062419 0.031365 0.062150 0 1.00000000 0.00000000 0.00000000 1.00000000 0.00000000 1.00000000 1.00000000 0.00000000 0.00000000 1.00000000 0.00000000 1.00000000 0.00000000 0.00000000 0.00000000 0.00000000 0.00000000 0.00000000 0.00000000 0.00000000 0.00000000 0.00000000 0.00000000 0.00000000 1.00000000 0.00000000 0.00000000 0.00000000 1.00000000 
1700000030.27714 -0.203854 -0.100482 0.969840 0.088078 0.023317 0.045191 0.012065 0.009683 -0.030109 0.005866 -0.000914 -0.000399 -0.001933 0.221466 0.027426 0.120133 0.0000000 1 418.629359 418.629359 505.740581 286.574774 -0.020453 -0.024926 0.019510 -0.005656 -0.660094 0.642445 -0.268559 0.281810 -0.062419 0.031365 0.062150 0 1.00000000 0.00000000 0.00000000 1.00000000 0.00000000 1.00000000 1.00000000 0.00000000 0.00000000 1.00000000 0.00000000 1.00000000 0.00000000 0.00000000 0.00000000 0.00000000 0.00000000 0.00000000 0.00000000 0.00000000 0.00000000 0.00000000 0.00000000 0.00000000 1.00000000 0.00000000 0.00000000 0.00000000 1.00000000 
1700000030.31105 -0.203663 -0.101002 0.970118 0.084799 0.023649 0.044080 0.012303 0.008686 -0.036152 0.006250 -0.000776 -0.000366 -0.002010 0.221332 0.027661 0.120118 0.0000000 1 418.629359 418.629359 505.740581 286.574774 -0.020453 -0.024926 0.019510 -0.005656 -0.660094 0.642445 -0.268559 0.281810 -0.062419 0.031365 0.062150 0 1.00000000 0.00000000 0.00000000 1.00000000 0.00000000 1.00000000 1.00000000 0.00000000 0.00000000 1.00000000 0.00000000 1.00000000 0.00000000 0.00000000 0.00000000 0.00000000 0.00000000 0.00000000 0.00000000 0.00000000 0.00000000 0.00000000 0.00000000 0.00000000 1.00000000 0.00000000 0.00000000 0.00000000 1.00000000 
1700000030.34495 -0.203191 -0.101910 0.970483 0.080562 0.024230 0.042836 0.012441 0.013508 -0.041285 0.004070 -0.000580 -0.000234 -0.002079 0.220971 0.028592 0.120215 0.0000000 1 418.629359 418.629359 505.740581 286.574774 -0.020453 -0.024926 0.019510 -0.005656 -0.660094 0.642445 -0.268559 0.281810 -0.062419 0.031365 0.062150 0 1.00000000 0.00000000 0.00000000 1.00000000 0.00000000 1.00000000 1.00000000 0.00000000 0.00000000 1.00000000 0.00000000 1.00000000 0.00000000 0.00000000 0.00000000 0.00000000 0.00000000 0.00000000 0.00000000 0.00000000 0.00000000 0.00000000 0.00000000 0.00000000 1.00000000 0.00000000 0.00000000 0.00000000 1.00000000 
1700000030.37886 -0.202440 -0.103794 0.970833 0.075687 0.024616 0.041610 0.012492 0.011885 -0.042473 0.002020 -0.000391 -0.000127 -0.002136 0.219982 0.028091 0.119667 0.0000000 1 418.629359 418.629359 505.740581 286.574774 -0.020453 -0.024926 0.019510 -0.005656 -0.660094 0.642445 -0.268559 0.281810 -0.062419 0.031365 0.062150 0 1.00000000 0.00000000 0.00000000 1.00000000 0.00000000 1.00000000 1.00000000 0.00000000 0.00000000 1.00000000 0.00000000 1.00000000 0.00000000 0.00000000 0.00000000 0.00000000 0.00000000 0.00000000 0.00000000 0.00000000 0.00000000 0.00000000 0.00000000 0.00000000 1.00000000 0.00000000 0.00000000 0.00000000 1.00000000 
1700000030.41276 -0.201107 -0.105960 0.971213 0.071238 0.024857 0.040223 0.012811 0.007232 -0.043086 0.007703 -0.000245 -0.000066 -0.002034 0.218952 0.027386 0.118880 0.0000000 1 418.629359 418.629359 505.740581 286.574774 -0.020453 -0.024926 0.019510 -0.005656 -0.660094 0.642445 -0.268559 0.281810 -0.062419 0.031365 0.062150 0 1.00000000 0.00000000 0.00000000 1.00000000 0.00000000 1.00000000 1.00000000 0.00000000 0.00000000 1.00000000 0.00000000 1.00000000 0.00000000 0.00000000 0.00000000 0.00000000 0.00000000 0.00000000 0.00000000 0.00000000 0.00000000 0.00000000 0.00000000 0.00000000 1.00000000 0.00000000 0.00000000 0.00000000 1.00000000 
1700000030.44667 -0.199543 -0.107566 0.971645 0.067221 0.025162 0.038904 0.013050 0.006440 -0.043159 0.011020 -0.000280 -0.000033 -0.002001 0.218356 0.027355 0.118648 0.0000000 1 418.629359 418.629359 505.740581 286.574774 -0.020453 -0.024926 0.019510 -0.005656 -0.660094 0.642445 -0.268559 0.281810 -0.062419 0.031365 0.062150 0 1.00000000 0.00000000 0.00000000 1.00000000 0.00000000 1.00000000 1.00000000 0.00000000 0.00000000 1.00000000 0.00000000 1.00000000 0.00000000 0.00000000 0.00000000 0.00000000 0.00000000 0.00000000 0.00000000 0.00000000 0.00000000 0.00000000 0.00000000 0.00000000 1.00000000 0.00000000 0.00000000 0.00000000 1.00000000 
1700000030.48057 -0.198136 -0.109108 0.972025 0.063288 0.025437 0.037494 0.013500 0.006573 -0.043271 0.013387 -0.000212 -0.000030 -0.001950 0.217766 0.027367 0.118364 0.0000000 1 418.629359 418.629359 505.740581 286.574774 -0.020453 -0.024926 0.019510 -0.005656 -0.660094 0.642445 -0.268559 0.281810 -0.062419 0.031365 0.062150 0 1.00000000 0.00000000 0.00000000 1.00000000 0.00000000 1.00000000 1.00000000 0.00000000 0.00000000 1.00000000 0.00000000 1.00000000 0.00000000 0.00000000 0.00000000 0.00000000 0.00000000 0.00000000 0.00000000 0.00000000 0.00000000 0.00000000 0.00000000 0.00000000 1.00000000 0.00000000 0.00000000 0.00000000 1.00000000 
1700000030.51448 -0.196822 -0.110139 0.972431 0.059234 0.026109 0.035805 0.013982 0.014931 -0.046680 0.016657 -0.000294 -0.000011 -0.001830 0.218005 0.028127 0.118661 0.0000000 1 418.629359 418.629359 505.740581 286.574774 -0.020453 -0.024926 0.019510 -0.005656 -0.660094 0.642445 -0.268559 0.281810 -0.062419 0.031365 0.062150 0 1.00000000 0.00000000 0.00000000 1.00000000 0.00000000 1.00000000 1.00000000 0.00000000 0.00000000 1.00000000 0.00000000 1.00000000 0.00000000 0.00000000 0.00000000 0.00000000 0.00000000 0.00000000 0.00000000 0.00000000 0.00000000 0.00000000 0.00000000 0.00000000 1.00000000 0.00000000 0.00000000 0.00000000 1.00000000 
1700000030.54838 -0.196215 -0.110374 0.972826 0.054098 0.027045 0.033879 0.015022 0.023931 -0.051460 0.026473 -0.000185 -0.000167 -0.001649 0.218034 0.028906 0.118716 0.0000000 1 418.629359 418.629359 505.740581 286.574774 -0.020453 -0.024926 0.019510 -0.005656 -0.660094 0.642445 -0.268559 0.281810 -0.062419 0.031365 0.062150 0 1.00000000 0.00000000 0.00000000 1.00000000 0.00000000 1.00000000 1.00000000 0.00000000 0.00000000 1.00000000 0.00000000 1.00000000 0.00000000 0.00000000 0.00000000 0.00000000 0.00000000 0.00000000 0.00000000 0.00000000 0.00000000 0.00000000 0.00000000 0.00000000 1.00000000 0.00000000 0.00000000 0.00000000 1.00000000 
1700000030.58229 -0.195738 -0.109033 0.973397 0.047925 0.028015 0.031692 0.016226 0.029978 -0.057716 0.036530 -0.000175 -0.000271 -0.001520 0.218368 0.028704 0.118769 0.0000000 1 418.629359 418.629359 505.740581 286.574774 -0.020453 -0.024926 0.019510 -0.005656 -0.660094 0.642445 -0.268559 0.281810 -0.062419 0.031365 0.062150 0 1.00000000 0.00000000 0.00000000 1.00000000 0.00000000 1.00000000 1.00000000 0.00000000 0.00000000 1.00000000 0.00000000 1.00000000 0.00000000 0.00000000 0.00000000 0.00000000 0.00000000 0.00000000 0.00000000 0.00000000 0.00000000 0.00000000 0.00000000 0.00000000 1.00000000 0.00000000 0.00000000 0.00000000 1.00000000 
1700000030.61619 -0.195782 -0.106836 0.973967 0.040541 0.029278 0.029743 0.017136 0.033382 -0.060256 0.031343 -0.000175 -0.000341 -0.001404 0.218543 0.028510 0.119096 0.0000000 1 418.629359 418.629359 505.740581 286.574774 -0.020453 -0.024926 0.019510 -0.005656 -0.660094 0.642445 -0.268559 0.281810 -0.062419 0.031365 0.062150 0 1.00000000 0.00000000 0.00000000 1.00000000 0.00000000 1.00000000 1.00000000 0.00000000 0.00000000 1.00000000 0.00000000 1.00000000 0.00000000 0.00000000 0.00000000 0.00000000 0.00000000 0.00000000 0.00000000 0.00000000 0.00000000 0.00000000 0.00000000 0.00000000 1.00000000 0.00000000 0.00000000 0.00000000 1.00000000 
1700000030.65010 -0.196363 -0.105419 0.974281 0.033227 0.030292 0.027983 0.017870 0.031282 -0.057399 0.021551 -0.000092 -0.000339 -0.001279 0.218048 0.027945 0.118889 0.0000000 1 418.629359 418.629359 505.740581 286.574774 -0.020453 -0.024926 0.019510 -0.005656 -0.660094 0.642445 -0.268559 0.281810 -0.062419 0.031365 0.062150 0 1.00000000 0.00000000 0.00000000 1.00000000 0.00000000 1.00000000 1.00000000 0.00000000 0.00000000 1.00000000 0.00000000 1.00000000 0.00000000 0.00000000 0.00000000 0.00000000 0.00000000 0.00000000 0.00000000 0.00000000 0.00000000 0.00000000 0.00000000 0.00000000 1.00000000 0.00000000 0.00000000 0.00000000 1.00000000 
1700000030.68400 -0.195378 -0.104924 0.974766 0.025496 0.031566 0.026618 0.018697 0.035590 -0.053466 0.016904 0.000129 0.000057 -0.001552 0.216782 0.027612 0.118115 0.0000000 1 418.629359 418.629359 505.740581 286.574774 -0.020453 -0.024926 0.019510 -0.005656 -0.660094 0.642445 -0.268559 0.281810 -0.062419 0.031365 0.062150 0 1.00000000 0.00000000 0.00000000 1.00000000 0.00000000 1.00000000 1.00000000 0.00000000 0.00000000 1.00000000 0.00000000 1.00000000 0.00000000 0.00000000 0.00000000 0.00000000 0.00000000 0.00000000 0.00000000 0.00000000 0.00000000 0.00000000 0.00000000 0.00000000 1.00000000 0.00000000 0.00000000 0.00000000 1.00000000 
1700000030.71791 -0.193921 -0.106295 0.975073 0.018151 0.032870 0.024960 0.019098 0.036482 -0.051346 0.006367 0.000424 0.000222 -0.001368 0.216594 0.027487 0.118021 0.0000000 1 418.629359 418.629359 505.740581 286.574774 -0.020453 -0.024926 0.019510 -0.005656 -0.660094 0.642445 -0.268559 0.281810 -0.062419 0.031365 0.062150 0 1.00000000 0.00000000 0.00000000 1.00000000 0.00000000 1.00000000 1.00000000 0.00000000 0.00000000 1.00000000 0.00000000 1.00000000 0.00000000 0.00000000 0.00000000 0.00000000 0.00000000 0.00000000 0.00000000 0.00000000 0.00000000 0.00000000 0.00000000 0.00000000 1.00000000 0.00000000 0.00000000 0.00000000 1.00000000 
1700000030.75181 -0.191957 -0.108608 0.975303 0.011852 0.034209 0.023279 0.019199 0.037645 -0.051125 0.000389 0.000502 0.000425 -0.001132 0.216529 0.027388 0.117894 0.0000000 1 418.629359 418.629359 505.740581 286.574774 -0.020453 -0.024926 0.019510 -0.005656 -0.660094 0.642445 -0.268559 0.281810 -0.062419 0.031365 0.062150 0 1.00000000 0.00000000 0.00000000 1.00000000 0.00000000 1.00000000 1.00000000 0.00000000 0.00000000 1.00000000 0.00000000 1.00000000 0.00000000 0.00000000 0.00000000 0.00000000 0.00000000 0.00000000 0.00000000 0.00000000 0.00000000 0.00000000 0.00000000 0.00000000 1.00000000 0.00000000 0.00000000 0.00000000 1.00000000 
1700000030.78572 -0.190275 -0.111274 0.975389 0.005553 0.036032 0.021214 0.019316 0.047072 -0.055412 0.000082 0.000638 0.000577 -0.000780 0.216527 0.026886 0.117635 0.0000000 1 418.629359 418.629359 505.740581 286.574774 -0.020453 -0.024926 0.019510 -0.005656 -0.660094 0.642445 -0.268559 0.281810 -0.062419 0.031365 0.062150 0 1.00000000 0.00000000 0.00000000 1.00000000 0.00000000 1.00000000 1.00000000 0.00000000 0.00000000 1.00000000 0.00000000 1.00000000 0.00000000 0.00000000 0.00000000 0.00000000 0.00000000 0.00000000 0.00000000 0.00000000 0.00000000 0.00000000 0.00000000 0.00000000 1.00000000 0.00000000 0.00000000 0.00000000 1.00000000 
1700000030.81962 0.189571 0.113400 -0.975295 0.001481 0.037943 0.018934 0.019482 0.054571 -0.059927 0.003807 0.000675 0.000615 -0.000461 0.216207 0.026301 0.117237 0.0000000 1 418.629359 418.629359 505.740581 286.574774 -0.020453 -0.024926 0.019510 -0.005656 -0.660094 0.642445 -0.268559 0.281810 -0.062419 0.031365 0.062150 0 1.00000000 0.00000000 0.00000000 1.00000000 0.00000000 1.00000000 1.00000000 0.00000000 0.00000000 1.00000000 0.00000000 1.00000000 0.00000000 0.00000000 0.00000000 0.00000000 0.00000000 0.00000000 0.00000000 0.00000000 0.00000000 0.00000000 0.00000000 0.00000000 1.00000000 0.00000000 0.00000000 0.00000000 1.00000000 
1700000030.85353 0.189351 0.114201 -0.975192 0.010259 0.039923 0.016679 0.019521 0.059006 -0.064377 0.008863 0.000603 0.000767 -0.000516 0.215475 0.025916 0.116817 0.0000000 1 418.629359 418.629359 505.740581 286.574774 -0.020453 -0.024926 0.019510 -0.005656 -0.660094 0.642445 -0.268559 0.281810 -0.062419 0.031365 0.062150 0 1.00000000 0.00000000 0.00000000 1.00000000 0.00000000 1.00000000 1.00000000 0.00000000 0.00000000 1.00000000 0.00000000 1.00000000 0.00000000 0.00000000 0.00000000 0.00000000 0.00000000 0.00000000 0.00000000 0.00000000 0.00000000 0.00000000 0.00000000 0.00000000 1.00000000 0.00000000 0.00000000 0.00000000 1.00000000 
1700000030.88743 0.189753 0.114524 -0.974948 0.018848 0.041679 0.014777 0.019760 0.052138 -0.059333 0.007502 0.000592 0.000793 -0.000260 0.215912 0.026499 0.117193 0.0000000 1 418.629359 418.629359 505.740581 286.574774 -0.020453 -0.024926 0.019510 -0.005656 -0.660094 0.642445 -0.268559 0.281810 -0.062419 0.031365 0.062150 0 1.00000000 0.00000000 0.00000000 1.00000000 0.00000000 1.00000000 1.00000000 0.00000000 0.00000000 1.00000000 0.00000000 1.00000000 0.00000000 0.00000000 0.00000000 0.00000000 0.00000000 0.00000000 0.00000000 0.00000000 0.00000000 0.00000000 0.00000000 0.00000000 1.00000000 0.00000000 0.00000000 0.00000000 1.00000000 
1700000030.92134 0.189539 0.115497 -0.974706 0.026127 0.043125 0.012874 0.020085 0.047376 -0.055222 0.007737 0.000750 0.000792 -0.000068 0.216165 0.027438 0.117504 0.0000000 1 418.629359 418.629359 505.740581 286.574774 -0.020453 -0.024926 0.019510 -0.005656 -0.660094 0.642445 -0.268559 0.281810 -0.062419 0.031365 0.062150 0 1.00000000 0.00000000 0.00000000 1.00000000 0.00000000 1.00000000 1.00000000 0.00000000 0.00000000 1.00000000 0.00000000 1.00000000 0.00000000 0.00000000 0.00000000 0.00000000 0.00000000 0.00000000 0.00000000 0.00000000 0.00000000 0.00000000 0.00000000 0.00000000 1.00000000 0.00000000 0.00000000 0.00000000 1.00000000 
1700000030.95524 0.188315 0.116965 -0.974564 0.032873 0.044719 0.011224 0.020449 0.045087 -0.050168 0.006323 0.000917 0.000872 0.000132 0.216970 0.027806 0.117902 0.0000000 1 418.629359 418.629359 505.740581 286.574774 -0.020453 -0.024926 0.019510 -0.005656 -0.660094 0.642445 -0.268559 0.281810 -0.062419 0.031365 0.062150 0 1.00000000 0.00000000 0.00000000 1.00000000 0.00000000 1.00000000 1.00000000 0.00000000 0.00000000 1.00000000 0.00000000 1.00000000 0.00000000 0.00000000 0.00000000 0.00000000 0.00000000 0.00000000 0.00000000 0.00000000 0.00000000 0.00000000 0.00000000 0.00000000 1.00000000 0.00000000 0.00000000 0.00000000 1.00000000 
1700000030.98915 0.186871 0.118603 -0.974401 0.039436 0.046474 0.009491 0.020632 0.048727 -0.048695 0.006448 0.000969 0.000946 0.000180 0.216790 0.026763 0.117505 0.0000000 1 418.629359 418.629359 505.740581 286.574774 -0.020453 -0.024926 0.019510 -0.005656 -0.660094 0.642445 -0.268559 0.281810 -0.062419 0.031365 0.062150 0 1.00000000 0.00000000 0.00000000 1.00000000 0.00000000 1.00000000 1.00000000 0.00000000 0.00000000 1.00000000 0.00000000 1.00000000 0.00000000 0.00000000 0.00000000 0.00000000 0.00000000 0.00000000 0.00000000 0.00000000 0.00000000 0.00000000 0.00000000 0.00000000 1.00000000 0.00000000 0.00000000 0.00000000 1.00000000 
1700000031.02305 0.186147 0.119364 -0.974135 0.046503 0.048602 0.007741 0.020749 0.052494 -0.047991 0.003113 0.000790 0.000927 0.000479 0.216860 0.024655 0.117117 0.0000000 1 418.629359 418.629359 505.740581 286.574774 -0.020453 -0.024926 0.019510 -0.005656 -0.660094 0.642445 -0.268559 0.281810 -0.062419 0.031365 0.062150 0 1.00000000 0.00000000 0.00000000 1.00000000 0.00000000 1.00000000 1.00000000 0.00000000 0.00000000 1.00000000 0.00000000 1.00000000 0.00000000 0.00000000 0.00000000 0.00000000 0.00000000 0.00000000 0.00000000 0.00000000 0.00000000 0.00000000 0.00000000 0.00000000 1.00000000 0.00000000 0.00000000 0.00000000 1.00000000 
1700000031.05696 0.186244 0.119842 -0.973702 0.053442 0.050377 0.006064 0.020855 0.048684 -0.045488 0.003581 0.000716 0.000951 0.000731 0.216647 0.024234 0.116841 0.0000000 1 418.629359 418.629359 505.740581 286.574774 -0.020453 -0.024926 0.019510 -0.005656 -0.660094 0.642445 -0.268559 0.281810 -0.062419 0.031365 0.062150 0 1.00000000 0.00000000 0.00000000 1.00000000 0.00000000 1.00000000 1.00000000 0.00000000 0.00000000 1.00000000 0.00000000 1.00000000 0.00000000 0.00000000 0.00000000 0.00000000 0.00000000 0.00000000 0.00000000 0.00000000 0.00000000 0.00000000 0.00000000 0.00000000 1.00000000 0.00000000 0.00000000 0.00000000 1.00000000 
1700000031.09086 0.187593 0.119649 -0.973033 0.060817 0.051664 0.004259 0.021354 0.044413 -0.044573 0.003493 0.001119 0.000451 0.000736 0.216145 0.023083 0.116342 0.0000000 1 418.629359 418.629359 505.740581 286.574774 -0.020453 -0.024926 0.019510 -0.005656 -0.660094 0.642445 -0.268559 0.281810 -0.062419 0.031365 0.062150 0 1.00000000 0.00000000 0.00000000 1.00000000 0.00000000 1.00000000 1.00000000 0.00000000 0.00000000 1.00000000 0.00000000 1.00000000 0.00000000 0.00000000 0.00000000 0.00000000 0.00000000 0.00000000 0.00000000 0.00000000 0.00000000 0.00000000 0.00000000 0.00000000 1.00000000 0.00000000 0.00000000 0.00000000 1.00000000 
1700000031.12477 0.189075 0.118931 -0.972315 0.068633 0.052849 0.003006 0.021354 0.039118 -0.040050 -0.001737 0.001281 0.000377 0.000568 0.216810 0.023885 0.116895 0.0000000 1 418.629359 418.629359 505.740581 286.574774 -0.020453 -0.024926 0.019510 -0.005656 -0.660094 0.642445 -0.268559 0.281810 -0.062419 0.031365 0.062150 0 1.00000000 0.00000000 0.00000000 1.00000000 0.00000000 1.00000000 1.00000000 0.00000000 0.00000000 1.00000000 0.00000000 1.00000000 0.00000000 0.00000000 0.00000000 0.00000000 0.00000000 0.00000000 0.00000000 0.00000000 0.00000000 0.00000000 0.00000000 0.00000000 1.00000000 0.00000000 0.00000000 0.00000000 1.00000000 
1700000031.15867 0.190068 0.119047 -0.971583 0.075686 0.053968 0.002051 0.021255 0.034608 -0.033895 -0.009000 0.001498 0.000343 0.000549 0.218893 0.024302 0.117966 0.0000000 1 418.629359 418.629359 505.740581 286.574774 -0.020453 -0.024926 0.019510 -0.005656 -0.660094 0.642445 -0.268559 0.281810 -0.062419 0.031365 0.062150 0 1.00000000 0.00000000 0.00000000 1.00000000 0.00000000 1.00000000 1.00000000 0.00000000 0.00000000 1.00000000 0.00000000 1.00000000 0.00000000 0.00000000 0.00000000 0.00000000 0.00000000 0.00000000 0.00000000 0.00000000 0.00000000 0.00000000 0.00000000 0.00000000 1.00000000 0.00000000 0.00000000 0.00000000 1.00000000 
1700000031.19258 0.190114 0.120623 -0.970877 0.081885 0.054939 0.001151 0.020941 0.031197 -0.030807 -0.014009 0.001824 0.000370 0.000470 0.220335 0.024880 0.118754 0.0000000 1 418.629359 418.629359 505.740581 286.574774 -0.020453 -0.024926 0.019510 -0.005656 -0.660094 0.642445 -0.268559 0.281810 -0.062419 0.031365 0.062150 0 1.00000000 0.00000000 0.00000000 1.00000000 0.00000000 1.00000000 1.00000000 0.00000000 0.00000000 1.00000000 0.00000000 1.00000000 0.00000000 0.00000000 0.00000000 0.00000000 0.00000000 0.00000000 0.00000000 0.00000000 0.00000000 0.00000000 0.00000000 0.00000000 1.00000000 0.00000000 0.00000000 0.00000000 1.00000000 
1700000031.22648 0.190086 0.122909 -0.970149 0.087012 0.055831 0.000280 0.020628 0.024859 -0.027471 -0.014292 0.001980 0.000248 0.000572 0.221818 0.024665 0.119307 0.0000000 1 418.629359 418.629359 505.740581 286.574774 -0.020453 -0.024926 0.019510 -0.005656 -0.660094 0.642445 -0.268559 0.281810 -0.062419 0.031365 0.062150 0 1.00000000 0.00000000 0.00000000 1.00000000 0.00000000 1.00000000 1.00000000 0.00000000 0.00000000 1.00000000 0.00000000 1.00000000 0.00000000 0.00000000 0.00000000 0.00000000 0.00000000 0.00000000 0.00000000 0.00000000 0.00000000 0.00000000 0.00000000 0.00000000 1.00000000 0.00000000 0.00000000 0.00000000 1.00000000 
1700000031.26039 0.189945 0.124289 -0.969616 0.091206 0.057016 -0.000799 0.020507 0.027721 -0.026536 -0.005689 0.001931 0.000107 0.000759 0.220891 0.021957 0.118022 0.0000000 1 418.629359 418.629359 505.740581 286.574774 -0.020453 -0.024926 0.019510 -0.005656 -0.660094 0.642445 -0.268559 0.281810 -0.062419 0.031365 0.062150 0 1.00000000 0.00000000 0.00000000 1.00000000 0.00000000 1.00000000 1.00000000 0.00000000 0.00000000 1.00000000 0.00000000 1.00000000 0.00000000 0.00000000 0.00000000 0.00000000 0.00000000 0.00000000 0.00000000 0.00000000 0.00000000 0.00000000 0.00000000 0.00000000 1.00000000 0.00000000 0.00000000 0.00000000 1.00000000 
1700000031.29429 0.190444 0.124366 -0.969048 0.095974 0.058188 -0.001679 0.020459 0.028537 -0.024648 -0.001768 0.001834 -0.000027 0.000856 0.220741 0.019006 0.117201 0.0000000 1 418.629359 418.629359 505.740581 286.574774 -0.020453 -0.024926 0.019510 -0.005656 -0.660094 0.642445 -0.268559 0.281810 -0.062419 0.031365 0.062150 0 1.00000000 0.00000000 0.00000000 1.00000000 0.00000000 1.00000000 1.00000000 0.00000000 0.00000000 1.00000000 0.00000000 1.00000000 0.00000000 0.00000000 0.00000000 0.00000000 0.00000000 0.00000000 0.00000000 0.00000000 0.00000000 0.00000000 0.00000000 0.00000000 1.00000000 0.00000000 0.00000000 0.00000000 1.00000000 
1700000031.32820 0.191493 0.124394 -0.968409 0.100199 0.059027 -0.002346 0.020401 0.021523 -0.020847 -0.005942 0.001871 -0.000168 0.000992 0.222296 0.018235 0.117764 0.0000000 1 418.629359 418.629359 505.740581 286.574774 -0.020453 -0.024926 0.019510 -0.005656 -0.660094 0.642445 -0.268559 0.281810 -0.062419 0.031365 0.062150 0 1.00000000 0.00000000 0.00000000 1.00000000 0.00000000 1.00000000 1.00000000 0.00000000 0.00000000 1.00000000 0.00000000 1.00000000 0.00000000 0.00000000 0.00000000 0.00000000 0.00000000 0.00000000 0.00000000 0.00000000 0.00000000 0.00000000 0.00000000 0.00000000 1.00000000 0.00000000 0.00000000 0.00000000 1.00000000 
1700000031.36210 0.192364 0.124741 -0.967840 0.103546 0.059560 -0.002845 0.020272 0.013852 -0.015899 -0.007934 0.001927 -0.000309 0.001131 0.224054 0.018343 0.118591 0.0000000 1 418.629359 418.629359 505.740581 286.574774 -0.020453 -0.024926 0.019510 -0.005656 -0.660094 0.642445 -0.268559 0.281810 -0.062419 0.031365 0.062150 0 1.00000000 0.00000000 0.00000000 1.00000000 0.00000000 1.00000000 1.00000000 0.00000000 0.00000000 1.00000000 0.00000000 1.00000000 0.00000000 0.00000000 0.00000000 0.00000000 0.00000000 0.00000000 0.00000000 0.00000000 0.00000000 0.00000000 0.00000000 0.00000000 1.00000000 0.00000000 0.00000000 0.00000000 1.00000000 
1700000031.39601 0.193181 0.125278 -0.967421 0.105275 0.059795 -0.003268 0.020045 0.002121 -0.012068 -0.010714 0.001939 -0.000432 0.001391 0.226012 0.018354 0.119499 0.0000000 1 418.629359 418.629359 505.740581 286.574774 -0.020453 -0.024926 0.019510 -0.005656 -0.660094 0.642445 -0.268559 0.281810 -0.062419 0.031365 0.062150 0 1.00000000 0.00000000 0.00000000 1.00000000 0.00000000 1.00000000 1.00000000 0.00000000 0.00000000 1.00000000 0.00000000 1.00000000 0.00000000 0.00000000 0.00000000 0.00000000 0.00000000 0.00000000 0.00000000 0.00000000 0.00000000 0.00000000 0.00000000 0.00000000 1.00000000 0.00000000 0.00000000 0.00000000 1.00000000 
1700000031.42991 0.193596 0.125264 -0.967247 0.106127 0.059865 -0.003642 0.019899 -0.000789 -0.008431 -0.005486 0.001889 -0.000506 0.001530 0.226146 0.017337 0.119200 0.0000000 1 418.629359 418.629359 505.740581 286.574774 -0.020453 -0.024926 0.019510 -0.005656 -0.660094 0.642445 -0.268559 0.281810 -0.062419 0.031365 0.062150 0 1.00000000 0.00000000 0.00000000 1.00000000 0.00000000 1.00000000 1.00000000 0.00000000 0.00000000 1.00000000 0.00000000 1.00000000 0.00000000 0.00000000 0.00000000 0.00000000 0.00000000 0.00000000 0.00000000 0.00000000 0.00000000 0.00000000 0.00000000 0.00000000 1.00000000 0.00000000 0.00000000 0.00000000 1.00000000 
1700000031.46382 0.194161 0.125094 -0.967067 0.106930 0.059814 -0.003788 0.019772 -0.004019 -0.005826 -0.005562 0.001941 -0.000611 0.001603 0.227517 0.016248 0.119613 0.0000000 1 418.629359 418.629359 505.740581 286.574774 -0.020453 -0.024926 0.019510 -0.005656 -0.660094 0.642445 -0.268559 0.281810 -0.062419 0.031365 0.062150 0 1.00000000 0.00000000 0.00000000 1.00000000 0.00000000 1.00000000 1.00000000 0.00000000 0.00000000 1.00000000 0.00000000 1.00000000 0.00000000 0.00000000 0.00000000 0.00000000 0.00000000 0.00000000 0.00000000 0.00000000 0.00000000 0.00000000 0.00000000 0.00000000 1.00000000 0.00000000 0.00000000 0.00000000 1.00000000 
1700000031.49772 0.194327 0.125088 -0.966996 0.107279 0.059751 -0.003997 0.019747 -0.003252 -0.004913 0.000034 0.001916 -0.000658 0.001721 0.227723 0.015252 0.119399 0.0000000 1 418.629359 418.629359 505.740581 286.574774 -0.020453 -0.024926 0.019510 -0.005656 -0.660094 0.642445 -0.268559 0.281810 -0.062419 0.031365 0.062150 0 1.00000000 0.00000000 0.00000000 1.00000000 0.00000000 1.00000000 1.00000000 0.00000000 0.00000000 1.00000000 0.00000000 1.00000000 0.00000000 0.00000000 0.00000000 0.00000000 0.00000000 0.00000000 0.00000000 0.00000000 0.00000000 0.00000000 0.00000000 0.00000000 1.00000000 0.00000000 0.00000000 0.00000000 1.00000000 
1700000031.53163 0.194495 0.124819 -0.966982 0.107409 0.059633 -0.004049 0.019789 -0.007708 -0.004548 0.000750 0.001910 -0.000704 0.001812 0.229076 0.014228 0.119835 0.0000000 1 418.629359 418.629359 505.740581 286.574774 -0.020453 -0.024926 0.019510 -0.005656 -0.660094 0.642445 -0.268559 0.281810 -0.062419 0.031365 0.062150 0 1.00000000 0.00000000 0.00000000 1.00000000 0.00000000 1.00000000 1.00000000 0.00000000 0.00000000 1.00000000 0.00000000 1.00000000 0.00000000 0.00000000 0.00000000 0.00000000 0.00000000 0.00000000 0.00000000 0.00000000 0.00000000 0.00000000 0.00000000 0.00000000 1.00000000 0.00000000 0.00000000 0.00000000 1.00000000 
1700000031.56553 0.194814 0.124934 -0.966958 0.106913 0.059262 -0.004050 0.019795 -0.011446 -0.002306 -0.001561 0.001943 -0.000756 0.001871 0.230761 0.013975 0.120602 0.0000000 1 418.629359 418.629359 505.740581 286.574774 -0.020453 -0.024926 0.019510 -0.005656 -0.660094 0.642445 -0.268559 0.281810 -0.062419 0.031365 0.062150 0 1.00000000 0.00000000 0.00000000 1.00000000 0.00000000 1.00000000 1.00000000 0.00000000 0.00000000 1.00000000 0.00000000 1.00000000 0.00000000 0.00000000 0.00000000 0.00000000 0.00000000 0.00000000 0.00000000 0.00000000 0.00000000 0.00000000 0.00000000 0.00000000 1.00000000 0.00000000 0.00000000 0.00000000 1.00000000 
1700000031.59944 0.194569 0.124976 -0.967051 0.106476 0.058984 -0.004037 0.019820 -0.009998 -0.001218 0.000855 0.001946 -0.000751 0.001896 0.231339 0.012750 0.120559 0.0000000 1 418.629359 418.629359 505.740581 286.574774 -0.020453 -0.024926 0.019510 -0.005656 -0.660094 0.642445 -0.268559 0.281810 -0.062419 0.031365 0.062150 0 1.00000000 0.00000000 0.00000000 1.00000000 0.00000000 1.00000000 1.00000000 0.00000000 0.00000000 1.00000000 0.00000000 1.00000000 0.00000000 0.00000000 0.00000000 0.00000000 0.00000000 0.00000000 0.00000000 0.00000000 0.00000000 0.00000000 0.00000000 0.00000000 1.00000000 0.00000000 0.00000000 0.00000000 1.00000000 
1700000031.63334 0.194514 0.125009 -0.967131 0.105806 0.058656 -0.003945 0.019868 -0.012488 -0.000251 -0.000195 0.001902 -0.000801 0.001993 0.232818 0.011866 0.121061 0.0000000 1 418.629359 418.629359 505.740581 286.574774 -0.020453 -0.024926 0.019510 -0.005656 -0.660094 0.642445 -0.268559 0.281810 -0.062419 0.031365 0.062150 0 1.00000000 0.00000000 0.00000000 1.00000000 0.00000000 1.00000000 1.00000000 0.00000000 0.00000000 1.00000000 0.00000000 1.00000000 0.00000000 0.00000000 0.00000000 0.00000000 0.00000000 0.00000000 0.00000000 0.00000000 0.00000000 0.00000000 0.00000000 0.00000000 1.00000000 0.00000000 0.00000000 0.00000000 1.00000000 
1700000031.66725 0.194435 0.125130 -0.967290 0.104340 0.058186 -0.003800 0.019816 -0.017801 0.002065 -0.003068 0.001860 -0.000786 0.002148 0.234538 0.011591 0.121831 0.0000000 1 418.629359 418.629359 505.740581 286.574774 -0.020453 -0.024926 0.019510 -0.005656 -0.660094 0.642445 -0.268559 0.281810 -0.062419 0.031365 0.062150 0 1.00000000 0.00000000 0.00000000 1.00000000 0.00000000 1.00000000 1.00000000 0.00000000 0.00000000 1.00000000 0.00000000 1.00000000 0.00000000 0.00000000 0.00000000 0.00000000 0.00000000 0.00000000 0.00000000 0.00000000 0.00000000 0.00000000 0.00000000 0.00000000 1.00000000 0.00000000 0.00000000 0.00000000 1.00000000 
1700000031.70115 0.194642 0.125545 -0.967460 0.101849 0.057467 -0.003544 0.019612 -0.026200 0.007123 -0.008016 0.001858 -0.000790 0.002391 0.236801 0.011871 0.123030 0.0000000 1 418.629359 418.629359 505.740581 286.574774 -0.020453 -0.024926 0.019510 -0.005656 -0.660094 0.642445 -0.268559 0.281810 -0.062419 0.031365 0.062150 0 1.00000000 0.00000000 0.00000000 1.00000000 0.00000000 1.00000000 1.00000000 0.00000000 0.00000000 1.00000000 0.00000000 1.00000000 0.00000000 0.00000000 0.00000000 0.00000000 0.00000000 0.00000000 0.00000000 0.00000000 0.00000000 0.00000000 0.00000000 0.00000000 1.00000000 0.00000000 0.00000000 0.00000000 1.00000000 
1700000031.73506 0.195083 0.125740 -0.967749 0.097949 0.056403 -0.002955 0.019535 -0.036969 0.016693 -0.004403 0.001726 -0.000842 0.002512 0.238771 0.011763 0.123829 0.0000000 1 418.629359 418.629359 505.740581 286.574774 -0.020453 -0.024926 0.019510 -0.005656 -0.660094 0.642445 -0.268559 0.281810 -0.062419 0.031365 0.062150 0 1.00000000 0.00000000 0.00000000 1.00000000 0.00000000 1.00000000 1.00000000 0.00000000 0.00000000 1.00000000 0.00000000 1.00000000 0.00000000 0.00000000 0.00000000 0.00000000 0.00000000 0.00000000 0.00000000 0.00000000 0.00000000 0.00000000 0.00000000 0.00000000 1.00000000 0.00000000 0.00000000 0.00000000 1.00000000 
1700000031.76896 0.195646 0.124464 -0.968311 0.092769 0.055028 -0.002241 0.019646 -0.044029 0.024827 0.004108 0.001418 -0.000955 0.002634 0.238829 0.011258 0.123627 0.0000000 1 418.629359 418.629359 505.740581 286.574774 -0.020453 -0.024926 0.019510 -0.005656 -0.660094 0.642445 -0.268559 0.281810 -0.062419 0.031365 0.062150 0 1.00000000 0.00000000 0.00000000 1.00000000 0.00000000 1.00000000 1.00000000 0.00000000 0.00000000 1.00000000 0.00000000 1.00000000 0.00000000 0.00000000 0.00000000 0.00000000 0.00000000 0.00000000 0.00000000 0.00000000 0.00000000 0.00000000 0.00000000 0.00000000 1.00000000 0.00000000 0.00000000 0.00000000 1.00000000 
1700000031.80287 0.196336 0.122079 -0.968922 0.087972 0.053586 -0.001273 0.019852 -0.044171 0.029054 0.007544 0.001228 -0.001018 0.002538 0.238165 0.009916 0.123000 0.0000000 1 418.629359 418.629359 505.740581 286.574774 -0.020453 -0.024926 0.019510 -0.005656 -0.660094 0.642445 -0.268559 0.281810 -0.062419 0.031365 0.062150 0 1.00000000 0.00000000 0.00000000 1.00000000 0.00000000 1.00000000 1.00000000 0.00000000 0.00000000 1.00000000 0.00000000 1.00000000 0.00000000 0.00000000 0.00000000 0.00000000 0.00000000 0.00000000 0.00000000 0.00000000 0.00000000 0.00000000 0.00000000 0.00000000 1.00000000 0.00000000 0.00000000 0.00000000 1.00000000 
1700000031.83677 0.197073 0.120007 -0.969465 0.083051 0.052044 0.000062 0.020019 -0.045459 0.033743 0.003666 0.001143 -0.001020 0.002420 0.239302 0.009426 0.123467 0.0000000 1 418.629359 418.629359 505.740581 286.574774 -0.020453 -0.024926 0.019510 -0.005656 -0.660094 0.642445 -0.268559 0.281810 -0.062419 0.031365 0.062150 0 1.00000000 0.00000000 0.00000000 1.00000000 0.00000000 1.00000000 1.00000000 0.00000000 0.00000000 1.00000000 0.00000000 1.00000000 0.00000000 0.00000000 0.00000000 0.00000000 0.00000000 0.00000000 0.00000000 0.00000000 0.00000000 0.00000000 0.00000000 0.00000000 1.00000000 0.00000000 0.00000000 0.00000000 1.00000000 
1700000031.87068 0.197111 0.118966 -0.970015 0.077885 0.050632 0.001523 0.020099 -0.041612 0.037749 0.000584 0.001154 -0.000949 0.002332 0.240276 0.008632 0.123711 0.0000000 1 418.629359 418.629359 505.740581 286.574774 -0.020453 -0.024926 0.019510 -0.005656 -0.660094 0.642445 -0.268559 0.281810 -0.062419 0.031365 0.062150 0 1.00000000 0.00000000 0.00000000 1.00000000 0.00000000 1.00000000 1.00000000 0.00000000 0.00000000 1.00000000 0.00000000 1.00000000 0.00000000 0.00000000 0.00000000 0.00000000 0.00000000 0.00000000 0.00000000 0.00000000 0.00000000 0.00000000 0.00000000 0.00000000 1.00000000 0.00000000 0.00000000 0.00000000 1.00000000 
1700000031.90458 0.196955 0.119055 -0.970415 0.072998 0.049313 0.003093 0.019980 -0.041288 0.039289 -0.003865 0.001242 -0.000826 0.002208 0.241176 0.008116 0.124051 0.0000000 1 418.629359 418.629359 505.740581 286.574774 -0.020453 -0.024926 0.019510 -0.005656 -0.660094 0.642445 -0.268559 0.281810 -0.062419 0.031365 0.062150 0 1.00000000 0.00000000 0.00000000 1.00000000 0.00000000 1.00000000 1.00000000 0.00000000 0.00000000 1.00000000 0.00000000 1.00000000 0.00000000 0.00000000 0.00000000 0.00000000 0.00000000 0.00000000 0.00000000 0.00000000 0.00000000 0.00000000 0.00000000 0.00000000 1.00000000 0.00000000 0.00000000 0.00000000 1.00000000 
1700000031.93849 0.197095 0.119672 -0.970692 0.067748 0.047823 0.004579 0.019831 -0.040824 0.039066 -0.004461 0.001230 -0.000784 0.002044 0.241071 0.008121 0.123975 0.0000000 1 418.629359 418.629359 505.740581 286.574774 -0.020453 -0.024926 0.019510 -0.005656 -0.660094 0.642445 -0.268559 0.281810 -0.062419 0.031365 0.062150 0 1.00000000 0.00000000 0.00000000 1.00000000 0.00000000 1.00000000 1.00000000 0.00000000 0.00000000 1.00000000 0.00000000 1.00000000 0.00000000 0.00000000 0.00000000 0.00000000 0.00000000 0.00000000 0.00000000 0.00000000 0.00000000 0.00000000 0.00000000 0.00000000 1.00000000 0.00000000 0.00000000 0.00000000 1.00000000 
1700000031.97239 0.196601 0.119984 -0.971081 0.062878 0.046685 0.005935 0.019814 -0.033120 0.038603 0.000903 0.001168 -0.000693 0.002041 0.240504 0.007468 0.123452 0.0000000 1 418.629359 418.629359 505.740581 286.574774 -0.020453 -0.024926 0.019510 -0.005656 -0.660094 0.642445 -0.268559 0.281810 -0.062419 0.031365 0.062150 0 1.00000000 0.00000000 0.00000000 1.00000000 0.00000000 1.00000000 1.00000000 0.00000000 0.00000000 1.00000000 0.00000000 1.00000000 0.00000000 0.00000000 0.00000000 0.00000000 0.00000000 0.00000000 0.00000000 0.00000000 0.00000000 0.00000000 0.00000000 0.00000000 1.00000000 0.00000000 0.00000000 0.00000000 1.00000000 
1700000032.00630 0.195973 0.120618 -0.971437 0.057933 0.045408 0.007486 0.019810 -0.036005 0.039009 -0.000966 0.001158 -0.000633 0.002025 0.241097 0.008305 0.123935 0.0000000 1 418.629359 418.629359 505.740581 286.574774 -0.020453 -0.024926 0.019510 -0.005656 -0.660094 0.642445 -0.268559 0.281810 -0.062419 0.031365 0.062150 0 1.00000000 0.00000000 0.00000000 1.00000000 0.00000000 1.00000000 1.00000000 0.00000000 0.00000000 1.00000000 0.00000000 1.00000000 0.00000000 0.00000000 0.00000000 0.00000000 0.00000000 0.00000000 0.00000000 0.00000000 0.00000000 0.00000000 0.00000000 0.00000000 1.00000000 0.00000000 0.00000000 0.00000000 1.00000000 
1700000032.04020 0.194798 0.121721 -0.971874 0.051956 0.044088 0.009001 0.019793 -0.036955 0.040416 -0.000044 0.001037 -0.000578 0.002085 0.241343 0.009119 0.124183 0.0000000 1 418.629359 418.629359 505.740581 286.574774 -0.020453 -0.024926 0.019510 -0.005656 -0.660094 0.642445 -0.268559 0.281810 -0.062419 0.031365 0.062150 0 1.00000000 0.00000000 0.00000000 1.00000000 0.00000000 1.00000000 1.00000000 0.00000000 0.00000000 1.00000000 0.00000000 1.00000000 0.00000000 0.00000000 0.00000000 0.00000000 0.00000000 0.00000000 0.00000000 0.00000000 0.00000000 0.00000000 0.00000000 0.00000000 1.00000000 0.00000000 0.00000000 0.00000000 1.00000000 
1700000032.07411 0.193482 0.122211 -0.972382 0.045842 0.042681 0.010516 0.019845 -0.042460 0.041384 0.003336 0.000854 -0.000600 0.002030 0.241045 0.009504 0.124122 0.0000000 1 418.629359 418.629359 505.740581 286.574774 -0.020453 -0.024926 0.019510 -0.005656 -0.660094 0.642445 -0.268559 0.281810 -0.062419 0.031365 0.062150 0 1.00000000 0.00000000 0.00000000 1.00000000 0.00000000 1.00000000 1.00000000 0.00000000 0.00000000 1.00000000 0.00000000 1.00000000 0.00000000 0.00000000 0.00000000 0.00000000 0.00000000 0.00000000 0.00000000 0.00000000 0.00000000 0.00000000 0.00000000 0.00000000 1.00000000 0.00000000 0.00000000 0.00000000 1.00000000 
1700000032.10801 0.192961 0.121483 -0.972876 0.038989 0.041492 0.011891 0.019905 -0.041047 0.041332 0.004690 0.000552 -0.000672 0.002197 0.240566 0.008106 0.123594 0.0000000 1 418.629359 418.629359 505.740581 286.574774 -0.020453 -0.024926 0.019510 -0.005656 -0.660094 0.642445 -0.268559 0.281810 -0.062419 0.031365 0.062150 0 1.00000000 0.00000000 0.00000000 1.00000000 0.00000000 1.00000000 1.00000000 0.00000000 0.00000000 1.00000000 0.00000000 1.00000000 0.00000000 0.00000000 0.00000000 0.00000000 0.00000000 0.00000000 0.00000000 0.00000000 0.00000000 0.00000000 0.00000000 0.00000000 1.00000000 0.00000000 0.00000000 0.00000000 1.00000000 
1700000032.14192 0.193314 0.119649 -0.973280 0.032232 0.040169 0.013383 0.020134 -0.042377 0.042326 0.007279 0.000277 -0.000804 0.002247 0.240106 0.007371 0.123182 0.0000000 1 418.629359 418.629359 505.740581 286.574774 -0.020453 -0.024926 0.019510 -0.005656 -0.660094 0.642445 -0.268559 0.281810 -0.062419 0.031365 0.062150 0 1.00000000 0.00000000 0.00000000 1.00000000 0.00000000 1.00000000 1.00000000 0.00000000 0.00000000 1.00000000 0.00000000 1.00000000 0.00000000 0.00000000 0.00000000 0.00000000 0.00000000 0.00000000 0.00000000 0.00000000 0.00000000 0.00000000 0.00000000 0.00000000 1.00000000 0.00000000 0.00000000 0.00000000 1.00000000 
1700000032.17582 0.194316 0.117004 -0.973611 0.025162 0.038588 0.015366 0.020162 -0.050016 0.047756 0.002281 -0.000033 -0.000772 0.002081 0.240870 0.007348 0.123643 0.0000000 1 418.629359 418.629359 505.740581 286.574774 -0.020453 -0.024926 0.019510 -0.005656 -0.660094 0.642445 -0.268559 0.281810 -0.062419 0.031365 0.062150 0 1.00000000 0.00000000 0.00000000 1.00000000 0.00000000 1.00000000 1.00000000 0.00000000 0.00000000 1.00000000 0.00000000 1.00000000 0.00000000 0.00000000 0.00000000 0.00000000 0.00000000 0.00000000 0.00000000 0.00000000 0.00000000 0.00000000 0.00000000 0.00000000 1.00000000 0.00000000 0.00000000 0.00000000 1.00000000 
1700000032.20973 0.195239 0.114478 -0.973901 0.017121 0.036781 0.017178 0.020061 -0.051826 0.049683 -0.001565 -0.000273 -0.000797 0.002139 0.240533 0.007695 0.123639 0.0000000 1 418.629359 418.629359 505.740581 286.574774 -0.020453 -0.024926 0.019510 -0.005656 -0.660094 0.642445 -0.268559 0.281810 -0.062419 0.031365 0.062150 0 1.00000000 0.00000000 0.00000000 1.00000000 0.00000000 1.00000000 1.00000000 0.00000000 0.00000000 1.00000000 0.00000000 1.00000000 0.00000000 0.00000000 0.00000000 0.00000000 0.00000000 0.00000000 0.00000000 0.00000000 0.00000000 0.00000000 0.00000000 0.00000000 1.00000000 0.00000000 0.00000000 0.00000000 1.00000000 
1700000032.24363 0.195528 0.113056 -0.974116 0.009182 0.035015 0.018897 0.019722 -0.052444 0.049395 -0.006447 -0.000329 -0.000652 0.002253 0.240117 0.008112 0.123628 0.0000000 1 418.629359 418.629359 505.740581 286.574774 -0.020453 -0.024926 0.019510 -0.005656 -0.660094 0.642445 -0.268559 0.281810 -0.062419 0.031365 0.062150 0 1.00000000 0.00000000 0.00000000 1.00000000 0.00000000 1.00000000 1.00000000 0.00000000 0.00000000 1.00000000 0.00000000 1.00000000 0.00000000 0.00000000 0.00000000 0.00000000 0.00000000 0.00000000 0.00000000 0.00000000 0.00000000 0.00000000 0.00000000 0.00000000 1.00000000 0.00000000 0.00000000 0.00000000 1.00000000 
1700000032.27754 0.194791 0.111902 -0.974440 0.000906 0.033381 0.020867 0.019556 -0.049483 0.054234 -0.001048 -0.000585 -0.000438 0.002301 0.239740 0.008403 0.123415 0.0000000 1 418.629359 418.629359 505.740581 286.574774 -0.020453 -0.024926 0.019510 -0.005656 -0.660094 0.642445 -0.268559 0.281810 -0.062419 0.031365 0.062150 0 1.00000000 0.00000000 0.00000000 1.00000000 0.00000000 1.00000000 1.00000000 0.00000000 0.00000000 1.00000000 0.00000000 1.00000000 0.00000000 0.00000000 0.00000000 0.00000000 0.00000000 0.00000000 0.00000000 0.00000000 0.00000000 0.00000000 0.00000000 0.00000000 1.00000000 0.00000000 0.00000000 0.00000000 1.00000000 
1700000032.31144 -0.193935 -0.110539 0.974743 0.006791 0.032116 0.022749 0.019597 -0.041658 0.051836 0.001562 -0.000714 -0.000338 0.002261 0.239065 0.008126 0.122929 0.0000000 1 418.629359 418.629359 505.740581 286.574774 -0.020453 -0.024926 0.019510 -0.005656 -0.660094 0.642445 -0.268559 0.281810 -0.062419 0.031365 0.062150 0 1.00000000 0.00000000 0.00000000 1.00000000 0.00000000 1.00000000 1.00000000 0.00000000 0.00000000 1.00000000 0.00000000 1.00000000 0.00000000 0.00000000 0.00000000 0.00000000 0.00000000 0.00000000 0.00000000 0.00000000 0.00000000 0.00000000 0.00000000 0.00000000 1.00000000 0.00000000 0.00000000 0.00000000 1.00000000 
1700000032.34535 -0.193395 -0.109857 0.974850 0.014071 0.030824 0.024759 0.019600 -0.038118 0.053517 -0.001443 -0.000807 -0.000256 0.002245 0.238592 0.008313 0.122701 0.0000000 1 418.629359 418.629359 505.740581 286.574774 -0.020453 -0.024926 0.019510 -0.005656 -0.660094 0.642445 -0.268559 0.281810 -0.062419 0.031365 0.062150 0 1.00000000 0.00000000 0.00000000 1.00000000 0.00000000 1.00000000 1.00000000 0.00000000 0.00000000 1.00000000 0.00000000 1.00000000 0.00000000 0.00000000 0.00000000 0.00000000 0.00000000 0.00000000 0.00000000 0.00000000 0.00000000 0.00000000 0.00000000 0.00000000 1.00000000 0.00000000 0.00000000 0.00000000 1.00000000 
1700000032.37925 -0.192444 -0.109367 0.974953 0.021718 0.029618 0.026764 0.019697 -0.036720 0.054888 -0.000952 -0.000878 -0.000234 0.002307 0.237879 0.008622 0.122323 0.0000000 1 418.629359 418.629359 505.740581 286.574774 -0.020453 -0.024926 0.019510 -0.005656 -0.660094 0.642445 -0.268559 0.281810 -0.062419 0.031365 0.062150 0 1.00000000 0.00000000 0.00000000 1.00000000 0.00000000 1.00000000 1.00000000 0.00000000 0.00000000 1.00000000 0.00000000 1.00000000 0.00000000 0.00000000 0.00000000 0.00000000 0.00000000 0.00000000 0.00000000 0.00000000 0.00000000 0.00000000 0.00000000 0.00000000 1.00000000 0.00000000 0.00000000 0.00000000 1.00000000 
1700000032.41316 -0.191935 -0.108604 0.974947 0.029047 0.028763 0.028611 0.019762 -0.030063 0.053072 0.000749 -0.001033 -0.000250 0.002378 0.237213 0.008637 0.121921 0.0000000 1 418.629359 418.629359 505.740581 286.574774 -0.020453 -0.024926 0.019510 -0.005656 -0.660094 0.642445 -0.268559 0.281810 -0.062419 0.031365 0.062150 0 1.00000000 0.00000000 0.00000000 1.00000000 0.00000000 1.00000000 1.00000000 0.00000000 0.00000000 1.00000000 0.00000000 1.00000000 0.00000000 0.00000000 0.00000000 0.00000000 0.00000000 0.00000000 0.00000000 0.00000000 0.00000000 0.00000000 0.00000000 0.00000000 1.00000000 0.00000000 0.00000000 0.00000000 1.00000000 
1700000032.44706 -0.192427 -0.106655 0.974839 0.035843 0.027834 0.030438 0.019893 -0.028793 0.050878 0.002921 -0.001330 -0.000381 0.002387 0.236550 0.008630 0.121537 0.0000000 1 418.629359 418.629359 505.740581 286.574774 -0.020453 -0.024926 0.019510 -0.005656 -0.660094 0.642445 -0.268559 0.281810 -0.062419 0.031365 0.062150 0 1.00000000 0.00000000 0.00000000 1.00000000 0.00000000 1.00000000 1.00000000 0.00000000 0.00000000 1.00000000 0.00000000 1.00000000 0.00000000 0.00000000 0.00000000 0.00000000 0.00000000 0.00000000 0.00000000 0.00000000 0.00000000 0.00000000 0.00000000 0.00000000 1.00000000 0.00000000 0.00000000 0.00000000 1.00000000 
1700000032.48097 -0.193458 -0.104158 0.974652 0.042170 0.026883 0.032355 0.019876 -0.027466 0.049264 -0.001704 -0.001409 -0.000454 0.002252 0.236021 0.008634 0.121359 0.0000000 1 418.629359 418.629359 505.740581 286.574774 -0.020453 -0.024926 0.019510 -0.005656 -0.660094 0.642445 -0.268559 0.281810 -0.062419 0.031365 0.062150 0 1.00000000 0.00000000 0.00000000 1.00000000 0.00000000 1.00000000 1.00000000 0.00000000 0.00000000 1.00000000 0.00000000 1.00000000 0.00000000 0.00000000 0.00000000 0.00000000 0.00000000 0.00000000 0.00000000 0.00000000 0.00000000 0.00000000 0.00000000 0.00000000 1.00000000 0.00000000 0.00000000 0.00000000 1.00000000 
1700000032.51487 -0.194719 -0.102353 0.974282 0.048824 0.025577 0.034455 0.019344 -0.036669 0.050083 -0.016873 -0.001384 -0.000460 0.002281 0.235117 0.008283 0.121092 0.0000000 1 418.629359 418.629359 505.740581 286.574774 -0.020453 -0.024926 0.019510 -0.005656 -0.660094 0.642445 -0.268559 0.281810 -0.062419 0.031365 0.062150 0 1.00000000 0.00000000 0.00000000 1.00000000 0.00000000 1.00000000 1.00000000 0.00000000 0.00000000 1.00000000 0.00000000 1.00000000 0.00000000 0.00000000 0.00000000 0.00000000 0.00000000 0.00000000 0.00000000 0.00000000 0.00000000 0.00000000 0.00000000 0.00000000 1.00000000 0.00000000 0.00000000 0.00000000 1.00000000 
1700000032.54878 -0.195922 -0.101415 0.973712 0.056699 0.024455 0.036404 0.018762 -0.031662 0.048642 -0.019037 -0.001432 -0.000482 0.002265 0.233939 0.008506 0.120507 0.0000000 1 418.629359 418.629359 505.740581 286.574774 -0.020453 -0.024926 0.019510 -0.005656 -0.660094 0.642445 -0.268559 0.281810 -0.062419 0.031365 0.062150 0 1.00000000 0.00000000 0.00000000 1.00000000 0.00000000 1.00000000 1.00000000 0.00000000 0.00000000 1.00000000 0.00000000 1.00000000 0.00000000 0.00000000 0.00000000 0.00000000 0.00000000 0.00000000 0.00000000 0.00000000 0.00000000 0.00000000 0.00000000 0.00000000 1.00000000 0.00000000 0.00000000 0.00000000 1.00000000 
1700000032.58268 -0.196638 -0.100522 0.973255 0.063266 0.023538 0.038329 0.018295 -0.021997 0.044693 -0.016122 -0.001399 -0.000376 0.001896 0.233112 0.008900 0.120053 0.0000000 1 418.629359 418.629359 505.740581 286.574774 -0.020453 -0.024926 0.019510 -0.005656 -0.660094 0.642445 -0.268559 0.281810 -0.062419 0.031365 0.062150 0 1.00000000 0.00000000 0.00000000 1.00000000 0.00000000 1.00000000 1.00000000 0.00000000 0.00000000 1.00000000 0.00000000 1.00000000 0.00000000 0.00000000 0.00000000 0.00000000 0.00000000 0.00000000 0.00000000 0.00000000 0.00000000 0.00000000 0.00000000 0.00000000 1.00000000 0.00000000 0.00000000 0.00000000 1.00000000 
1700000032.61659 -0.196985 -0.100238 0.972732 0.070294 0.022345 0.040311 0.017674 -0.030106 0.046398 -0.021637 -0.001442 -0.000348 0.001904 0.231578 0.007755 0.119050 0.0000000 1 418.629359 418.629359 505.740581 286.574774 -0.020453 -0.024926 0.019510 -0.005656 -0.660094 0.642445 -0.268559 0.281810 -0.062419 0.031365 0.062150 0 1.00000000 0.00000000 0.00000000 1.00000000 0.00000000 1.00000000 1.00000000 0.00000000 0.00000000 1.00000000 0.00000000 1.00000000 0.00000000 0.00000000 0.00000000 0.00000000 0.00000000 0.00000000 0.00000000 0.00000000 0.00000000 0.00000000 0.00000000 0.00000000 1.00000000 0.00000000 0.00000000 0.00000000 1.00000000 
1700000032.65049 -0.196673 -0.099990 0.972199 0.078423 0.021710 0.042086 0.017243 -0.022603 0.045665 -0.017065 -0.001519 -0.000288 0.001904 0.229967 0.008411 0.118186 0.0000000 1 418.629359 418.629359 505.740581 286.574774 -0.020453 -0.024926 0.019510 -0.005656 -0.660094 0.642445 -0.268559 0.281810 -0.062419 0.031365 0.062150 0 1.00000000 0.00000000 0.00000000 1.00000000 0.00000000 1.00000000 1.00000000 0.00000000 0.00000000 1.00000000 0.00000000 1.00000000 0.00000000 0.00000000 0.00000000 0.00000000 0.00000000 0.00000000 0.00000000 0.00000000 0.00000000 0.00000000 0.00000000 0.00000000 1.00000000 0.00000000 0.00000000 0.00000000 1.00000000 
1700000032.68440 -0.197264 -0.099259 0.971615 0.084850 0.021695 0.043694 0.016885 -0.004488 0.040088 -0.012730 -0.001541 -0.000336 0.001573 0.229157 0.010800 0.118208 0.0000000 1 418.629359 418.629359 505.740581 286.574774 -0.020453 -0.024926 0.019510 -0.005656 -0.660094 0.642445 -0.268559 0.281810 -0.062419 0.031365 0.062150 0 1.00000000 0.00000000 0.00000000 1.00000000 0.00000000 1.00000000 1.00000000 0.00000000 0.00000000 1.00000000 0.00000000 1.00000000 0.00000000 0.00000000 0.00000000 0.00000000 0.00000000 0.00000000 0.00000000 0.00000000 0.00000000 0.00000000 0.00000000 0.00000000 1.00000000 0.00000000 0.00000000 0.00000000 1.00000000 
1700000032.71830 -0.199084 -0.097865 0.970946 0.089729 0.021344 0.045121 0.016692 -0.003029 0.033271 -0.008077 -0.001638 -0.000611 0.001183 0.229081 0.010508 0.118020 0.0000000 1 418.629359 418.629359 505.740581 286.574774 -0.020453 -0.024926 0.019510 -0.005656 -0.660094 0.642445 -0.268559 0.281810 -0.062419 0.031365 0.062150 0 1.00000000 0.00000000 0.00000000 1.00000000 0.00000000 1.00000000 1.00000000 0.00000000 0.00000000 1.00000000 0.00000000 1.00000000 0.00000000 0.00000000 0.00000000 0.00000000 0.00000000 0.00000000 0.00000000 0.00000000 0.00000000 0.00000000 0.00000000 0.00000000 1.00000000 0.00000000 0.00000000 0.00000000 1.00000000 
1700000032.75221 -0.200400 -0.095823 0.970426 0.094502 0.021150 0.046474 0.016607 -0.003596 0.030226 -0.003463 -0.001694 -0.000699 0.000989 0.228020 0.009602 0.117263 0.0000000 1 418.629359 418.629359 505.740581 286.574774 -0.020453 -0.024926 0.019510 -0.005656 -0.660094 0.642445 -0.268559 0.281810 -0.062419 0.031365 0.062150 0 1.00000000 0.00000000 0.00000000 1.00000000 0.00000000 1.00000000 1.00000000 0.00000000 0.00000000 1.00000000 0.00000000 1.00000000 0.00000000 0.00000000 0.00000000 0.00000000 0.00000000 0.00000000 0.00000000 0.00000000 0.00000000 0.00000000 0.00000000 0.00000000 1.00000000 0.00000000 0.00000000 0.00000000 1.00000000 
1700000032.78611 -0.201556 -0.094104 0.969966 0.098419 0.021243 0.047712 0.016477 0.000797 0.024373 -0.005363 -0.001609 -0.000742 0.000671 0.227019 0.010017 0.116991 0.0000000 1 418.629359 418.629359 505.740581 286.574774 -0.020453 -0.024926 0.019510 -0.005656 -0.660094 0.642445 -0.268559 0.281810 -0.062419 0.031365 0.062150 0 1.00000000 0.00000000 0.00000000 1.00000000 0.00000000 1.00000000 1.00000000 0.00000000 0.00000000 1.00000000 0.00000000 1.00000000 0.00000000 0.00000000 0.00000000 0.00000000 0.00000000 0.00000000 0.00000000 0.00000000 0.00000000 0.00000000 0.00000000 0.00000000 1.00000000 0.00000000 0.00000000 0.00000000 1.00000000 
1700000032.82002 -0.202923 -0.093076 0.969561 0.100550 0.021874 0.048518 0.016412 0.015397 0.013096 -0.003654 -0.001425 -0.000651 0.000210 0.227021 0.012571 0.117549 0.0000000 1 418.629359 418.629359 505.740581 286.574774 -0.020453 -0.024926 0.019510 -0.005656 -0.660094 0.642445 -0.268559 0.281810 -0.062419 0.031365 0.062150 0 1.00000000 0.00000000 0.00000000 1.00000000 0.00000000 1.00000000 1.00000000 0.00000000 0.00000000 1.00000000 0.00000000 1.00000000 0.00000000 0.00000000 0.00000000 0.00000000 0.00000000 0.00000000 0.00000000 0.00000000 0.00000000 0.00000000 0.00000000 0.00000000 1.00000000 0.00000000 0.00000000 0.00000000 1.00000000 
1700000032.85392 -0.204243 -0.092129 0.969344 0.100837 0.022455 0.048982 0.016283 0.018589 0.003579 -0.002917 -0.001288 -0.000530 -0.000012 0.226707 0.011912 0.117304 0.0000000 1 418.629359 418.629359 505.740581 286.574774 -0.020453 -0.024926 0.019510 -0.005656 -0.660094 0.642445 -0.268559 0.281810 -0.062419 0.031365 0.062150 0 1.00000000 0.00000000 0.00000000 1.00000000 0.00000000 1.00000000 1.00000000 0.00000000 0.00000000 1.00000000 0.00000000 1.00000000 0.00000000 0.00000000 0.00000000 0.00000000 0.00000000 0.00000000 0.00000000 0.00000000 0.00000000 0.00000000 0.00000000 0.00000000 1.00000000 0.00000000 0.00000000 0.00000000 1.00000000 
1700000032.88783 -0.204638 -0.091890 0.969257 0.101099 0.022657 0.049452 0.015976 0.011197 0.000653 -0.006461 -0.001208 -0.000392 -0.000170 0.225287 0.009090 0.116101 0.0000000 1 418.629359 418.629359 505.740581 286.574774 -0.020453 -0.024926 0.019510 -0.005656 -0.660094 0.642445 -0.268559 0.281810 -0.062419 0.031365 0.062150 0 1.00000000 0.00000000 0.00000000 1.00000000 0.00000000 1.00000000 1.00000000 0.00000000 0.00000000 1.00000000 0.00000000 1.00000000 0.00000000 0.00000000 0.00000000 0.00000000 0.00000000 0.00000000 0.00000000 0.00000000 0.00000000 0.00000000 0.00000000 0.00000000 1.00000000 0.00000000 0.00000000 0.00000000 1.00000000 
1700000032.92173 -0.204058 -0.092551 0.969288 0.101372 0.022793 0.049758 0.015818 0.007108 -0.000927 -0.003064 -0.001141 -0.000239 -0.000348 0.224017 0.007285 0.115037 0.0000000 1 418.629359 418.629359 505.740581 286.574774 -0.020453 -0.024926 0.019510 -0.005656 -0.660094 0.642445 -0.268559 0.281810 -0.062419 0.031365 0.062150 0 1.00000000 0.00000000 0.00000000 1.00000000 0.00000000 1.00000000 1.00000000 0.00000000 0.00000000 1.00000000 0.00000000 1.00000000 0.00000000 0.00000000 0.00000000 0.00000000 0.00000000 0.00000000 0.00000000 0.00000000 0.00000000 0.00000000 0.00000000 0.00000000 1.00000000 0.00000000 0.00000000 0.00000000 1.00000000 
1700000032.95564 -0.203091 -0.093406 0.969392 0.101535 0.023191 0.049792 0.015763 0.006524 -0.003791 -0.000172 -0.001148 -0.000172 -0.000419 0.223528 0.007931 0.114958 0.0000000 1 418.629359 418.629359 505.740581 286.574774 -0.020453 -0.024926 0.019510 -0.005656 -0.660094 0.642445 -0.268559 0.281810 -0.062419 0.031365 0.062150 0 1.00000000 0.00000000 0.00000000 1.00000000 0.00000000 1.00000000 1.00000000 0.00000000 0.00000000 1.00000000 0.00000000 1.00000000 0.00000000 0.00000000 0.00000000 0.00000000 0.00000000 0.00000000 0.00000000 0.00000000 0.00000000 0.00000000 0.00000000 0.00000000 1.00000000 0.00000000 0.00000000 0.00000000 1.00000000 
1700000032.98954 -0.203024 -0.093825 0.969379 0.101402 0.023470 0.049739 0.015828 0.004024 -0.004337 0.002438 -0.001207 -0.000247 -0.000417 0.222980 0.008326 0.114787 0.0000000 1 418.629359 418.629359 505.740581 286.574774 -0.020453 -0.024926 0.019510 -0.005656 -0.660094 0.642445 -0.268559 0.281810 -0.062419 0.031365 0.062150 0 1.00000000 0.00000000 0.00000000 1.00000000 0.00000000 1.00000000 1.00000000 0.00000000 0.00000000 1.00000000 0.00000000 1.00000000 0.00000000 0.00000000 0.00000000 0.00000000 0.00000000 0.00000000 0.00000000 0.00000000 0.00000000 0.00000000 0.00000000 0.00000000 1.00000000 0.00000000 0.00000000 0.00000000 1.00000000 
1700000033.02345 -0.203370 -0.093305 0.969327 0.101686 0.023371 0.049723 0.016022 -0.003252 -0.002326 0.005640 -0.001323 -0.000440 -0.000319 0.222204 0.007200 0.114145 0.0000000 1 418.629359 418.629359 505.740581 286.574774 -0.020453 -0.024926 0.019510 -0.005656 -0.660094 0.642445 -0.268559 0.281810 -0.062419 0.031365 0.062150 0 1.00000000 0.00000000 0.00000000 1.00000000 0.00000000 1.00000000 1.00000000 0.00000000 0.00000000 1.00000000 0.00000000 1.00000000 0.00000000 0.00000000 0.00000000 0.00000000 0.00000000 0.00000000 0.00000000 0.00000000 0.00000000 0.00000000 0.00000000 0.00000000 1.00000000 0.00000000 0.00000000 0.00000000 1.00000000 
1700000033.05735 -0.203359 -0.092369 0.969349 0.102350 0.023405 0.049873 0.016101 -0.002511 -0.000632 0.003255 -0.001347 -0.000478 -0.000361 0.221223 0.007990 0.113960 0.0000000 1 418.629359 418.629359 505.740581 286.574774 -0.020453 -0.024926 0.019510 -0.005656 -0.660094 0.642445 -0.268559 0.281810 -0.062419 0.031365 0.062150 0 1.00000000 0.00000000 0.00000000 1.00000000 0.00000000 1.00000000 1.00000000 0.00000000 0.00000000 1.00000000 0.00000000 1.00000000 0.00000000 0.00000000 0.00000000 0.00000000 0.00000000 0.00000000 0.00000000 0.00000000 0.00000000 0.00000000 0.00000000 0.00000000 1.00000000 0.00000000 0.00000000 0.00000000 1.00000000 
1700000033.09126 -0.203523 -0.092075 0.969368 0.102107 0.023601 0.050087 0.016019 0.002676 -0.000754 -0.003001 -0.001189 -0.000366 -0.000558 0.220046 0.009260 0.113787 0.0000000 1 418.629359 418.629359 505.740581 286.574774 -0.020453 -0.024926 0.019510 -0.005656 -0.660094 0.642445 -0.268559 0.281810 -0.062419 0.031365 0.062150 0 1.00000000 0.00000000 0.00000000 1.00000000 0.00000000 1.00000000 1.00000000 0.00000000 0.00000000 1.00000000 0.00000000 1.00000000 0.00000000 0.00000000 0.00000000 0.00000000 0.00000000 0.00000000 0.00000000 0.00000000 0.00000000 0.00000000 0.00000000 0.00000000 1.00000000 0.00000000 0.00000000 0.00000000 1.00000000 
1700000033.12516 -0.203679 -0.092248 0.969364 0.101683 0.023802 0.050239 0.015922 0.004382 -0.002148 -0.005107 -0.001135 -0.000283 -0.000642 0.218862 0.009442 0.113214 0.0000000 1 418.629359 418.629359 505.740581 286.574774 -0.020453 -0.024926 0.019510 -0.005656 -0.660094 0.642445 -0.268559 0.281810 -0.062419 0.031365 0.062150 0 1.00000000 0.00000000 0.00000000 1.00000000 0.00000000 1.00000000 1.00000000 0.00000000 0.00000000 1.00000000 0.00000000 1.00000000 0.00000000 0.00000000 0.00000000 0.00000000 0.00000000 0.00000000 0.00000000 0.00000000 0.00000000 0.00000000 0.00000000 0.00000000 1.00000000 0.00000000 0.00000000 0.00000000 1.00000000 
1700000033.15907 -0.203778 -0.092585 0.969389 0.100935 0.024135 0.050179 0.015843 0.009285 -0.006573 -0.004126 -0.001045 -0.000187 -0.000778 0.218394 0.009957 0.113035 0.0000000 1 418.629359 418.629359 505.740581 286.574774 -0.020453 -0.024926 0.019510 -0.005656 -0.660094 0.642445 -0.268559 0.281810 -0.062419 0.031365 0.062150 0 1.00000000 0.00000000 0.00000000 1.00000000 0.00000000 1.00000000 1.00000000 0.00000000 0.00000000 1.00000000 0.00000000 1.00000000 0.00000000 0.00000000 0.00000000 0.00000000 0.00000000 0.00000000 0.00000000 0.00000000 0.00000000 0.00000000 0.00000000 0.00000000 1.00000000 0.00000000 0.00000000 0.00000000 1.00000000 
1700000033.19297 -0.203746 -0.093009 0.969474 0.099787 0.024405 0.050072 0.015709 0.008580 -0.008866 -0.004354 -0.000995 -0.000094 -0.000842 0.217549 0.009165 0.112433 0.0000000 1 418.629359 418.629359 505.740581 286.574774 -0.020453 -0.024926 0.019510 -0.005656 -0.660094 0.642445 -0.268559 0.281810 -0.062419 0.031365 0.062150 0 1.00000000 0.00000000 0.00000000 1.00000000 0.00000000 1.00000000 1.00000000 0.00000000 0.00000000 1.00000000 0.00000000 1.00000000 0.00000000 0.00000000 0.00000000 0.00000000 0.00000000 0.00000000 0.00000000 0.00000000 0.00000000 0.00000000 0.00000000 0.00000000 1.00000000 0.00000000 0.00000000 0.00000000 1.00000000 
1700000033.22688 -0.203495 -0.093706 0.969553 0.098877 0.024705 0.049914 0.015647 0.008422 -0.010401 -0.002384 -0.000966 -0.000045 -0.000873 0.216518 0.008845 0.111820 0.0000000 1 418.629359 418.629359 505.740581 286.574774 -0.020453 -0.024926 0.019510 -0.005656 -0.660094 0.642445 -0.268559 0.281810 -0.062419 0.031365 0.062150 0 1.00000000 0.00000000 0.00000000 1.00000000 0.00000000 1.00000000 1.00000000 0.00000000 0.00000000 1.00000000 0.00000000 1.00000000 0.00000000 0.00000000 0.00000000 0.00000000 0.00000000 0.00000000 0.00000000 0.00000000 0.00000000 0.00000000 0.00000000 0.00000000 1.00000000 0.00000000 0.00000000 0.00000000 1.00000000 
1700000033.26078 -0.203348 -0.094149 0.969661 0.097684 0.025215 0.049469 0.015740 0.012535 -0.016093 0.002149 -0.001016 -0.000069 -0.000844 0.216190 0.009406 0.111721 0.0000000 1 418.629359 418.629359 505.740581 286.574774 -0.020453 -0.024926 0.019510 -0.005656 -0.660094 0.642445 -0.268559 0.281810 -0.062419 0.031365 0.062150 0 1.00000000 0.00000000 0.00000000 1.00000000 0.00000000 1.00000000 1.00000000 0.00000000 0.00000000 1.00000000 0.00000000 1.00000000 0.00000000 0.00000000 0.00000000 0.00000000 0.00000000 0.00000000 0.00000000 0.00000000 0.00000000 0.00000000 0.00000000 0.00000000 1.00000000 0.00000000 0.00000000 0.00000000 1.00000000 
1700000033.29469 -0.203248 -0.094423 0.969818 0.096065 0.025583 0.048990 0.015688 0.009670 -0.019465 -0.001254 -0.000936 0.000011 -0.000843 0.215440 0.008761 0.111305 0.0000000 1 418.629359 418.629359 505.740581 286.574774 -0.020453 -0.024926 0.019510 -0.005656 -0.660094 0.642445 -0.268559 0.281810 -0.062419 0.031365 0.062150 0 1.00000000 0.00000000 0.00000000 1.00000000 0.00000000 1.00000000 1.00000000 0.00000000 0.00000000 1.00000000 0.00000000 1.00000000 0.00000000 0.00000000 0.00000000 0.00000000 0.00000000 0.00000000 0.00000000 0.00000000 0.00000000 0.00000000 0.00000000 0.00000000 1.00000000 0.00000000 0.00000000 0.00000000 1.00000000 
1700000033.32859 -0.203100 -0.095170 0.969904 0.094763 0.025860 0.048511 0.015533 0.006302 -0.019415 -0.005235 -0.000879 0.000057 -0.000798 0.214233 0.008335 0.110684 0.0000000 1 418.629359 418.629359 505.740581 286.574774 -0.020453 -0.024926 0.019510 -0.005656 -0.660094 0.642445 -0.268559 0.281810 -0.062419 0.031365 0.062150 0 1.00000000 0.00000000 0.00000000 1.00000000 0.00000000 1.00000000 1.00000000 0.00000000 0.00000000 1.00000000 0.00000000 1.00000000 0.00000000 0.00000000 0.00000000 0.00000000 0.00000000 0.00000000 0.00000000 0.00000000 0.00000000 0.00000000 0.00000000 0.00000000 1.00000000 0.00000000 0.00000000 0.00000000 1.00000000 
1700000033.36250 -0.202952 -0.095982 0.969972 0.093552 0.026099 0.047883 0.015402 0.002945 -0.019896 -0.005606 -0.000832 0.000080 -0.000668 0.213410 0.008267 0.110253 0.0000000 1 418.629359 418.629359 505.740581 286.574774 -0.020453 -0.024926 0.019510 -0.005656 -0.660094 0.642445 -0.268559 0.281810 -0.062419 0.031365 0.062150 0 1.00000000 0.00000000 0.00000000 1.00000000 0.00000000 1.00000000 1.00000000 0.00000000 0.00000000 1.00000000 0.00000000 1.00000000 0.00000000 0.00000000 0.00000000 0.00000000 0.00000000 0.00000000 0.00000000 0.00000000 0.00000000 0.00000000 0.00000000 0.00000000 1.00000000 0.00000000 0.00000000 0.00000000 1.00000000 
1700000033.39640 -0.202963 -0.096455 0.969987 0.092880 0.026127 0.047348 0.015166 -0.003547 -0.017084 -0.007940 -0.000869 0.000064 -0.000464 0.212188 0.007846 0.109593 0.0000000 1 418.629359 418.629359 505.740581 286.574774 -0.020453 -0.024926 0.019510 -0.005656 -0.660094 0.642445 -0.268559 0.281810 -0.062419 0.031365 0.062150 0 1.00000000 0.00000000 0.00000000 1.00000000 0.00000000 1.00000000 1.00000000 0.00000000 0.00000000 1.00000000 0.00000000 1.00000000 0.00000000 0.00000000 0.00000000 0.00000000 0.00000000 0.00000000 0.00000000 0.00000000 0.00000000 0.00000000 0.00000000 0.00000000 1.00000000 0.00000000 0.00000000 0.00000000 1.00000000 
1700000033.43031 -0.202919 -0.096831 0.969978 0.092689 0.026031 0.046886 0.015005 -0.006923 -0.014149 -0.006506 -0.000853 0.000055 -0.000337 0.211122 0.007932 0.109042 0.0000000 1 418.629359 418.629359 505.740581 286.574774 -0.020453 -0.024926 0.019510 -0.005656 -0.660094 0.642445 -0.268559 0.281810 -0.062419 0.031365 0.062150 0 1.00000000 0.00000000 0.00000000 1.00000000 0.00000000 1.00000000 1.00000000 0.00000000 0.00000000 1.00000000 0.00000000 1.00000000 0.00000000 0.00000000 0.00000000 0.00000000 0.00000000 0.00000000 0.00000000 0.00000000 0.00000000 0.00000000 0.00000000 0.00000000 1.00000000 0.00000000 0.00000000 0.00000000 1.00000000 
1700000033.46421 -0.203048 -0.097138 0.969925 0.092634 0.025836 0.046530 0.014875 -0.009307 -0.010999 -0.004400 -0.000833 0.000005 -0.000235 0.210141 0.008198 0.108609 0.0000000 1 418.629359 418.629359 505.740581 286.574774 -0.020453 -0.024926 0.019510 -0.005656 -0.660094 0.642445 -0.268559 0.281810 -0.062419 0.031365 0.062150 0 1.00000000 0.00000000 0.00000000 1.00000000 0.00000000 1.00000000 1.00000000 0.00000000 0.00000000 1.00000000 0.00000000 1.00000000 0.00000000 0.00000000 0.00000000 0.00000000 0.00000000 0.00000000 0.00000000 0.00000000 0.00000000 0.00000000 0.00000000 0.00000000 1.00000000 0.00000000 0.00000000 0.00000000 1.00000000 
1700000033.49812 -0.203073 -0.096989 0.969917 0.092814 0.025626 0.046262 0.014959 -0.009095 -0.007974 0.002494 -0.000891 -0.000043 -0.000161 0.209320 0.008626 0.108225 0.0000000 1 418.629359 418.629359 505.740581 286.574774 -0.020453 -0.024926 0.019510 -0.005656 -0.660094 0.642445 -0.268559 0.281810 -0.062419 0.031365 0.062150 0 1.00000000 0.00000000 0.00000000 1.00000000 0.00000000 1.00000000 1.00000000 0.00000000 0.00000000 1.00000000 0.00000000 1.00000000 0.00000000 0.00000000 0.00000000 0.00000000 0.00000000 0.00000000 0.00000000 0.00000000 0.00000000 0.00000000 0.00000000 0.00000000 1.00000000 0.00000000 0.00000000 0.00000000 1.00000000 
1700000033.53202 -0.202905 -0.096716 0.969985 0.092758 0.025591 0.046179 0.014967 -0.005726 -0.005905 0.001120 -0.000849 0.000043 -0.000179 0.208351 0.009607 0.108060 0.0000000 1 418.629359 418.629359 505.740581 286.574774 -0.020453 -0.024926 0.019510 -0.005656 -0.660094 0.642445 -0.268559 0.281810 -0.062419 0.031365 0.062150 0 1.00000000 0.00000000 0.00000000 1.00000000 0.00000000 1.00000000 1.00000000 0.00000000 0.00000000 1.00000000 0.00000000 1.00000000 0.00000000 0.00000000 0.00000000 0.00000000 0.00000000 0.00000000 0.00000000 0.00000000 0.00000000 0.00000000 0.00000000 0.00000000 1.00000000 0.00000000 0.00000000 0.00000000 1.00000000 
1700000033.56593 -0.202834 -0.097270 0.970002 0.092162 0.025562 0.046097 0.014930 -0.000790 -0.006150 -0.001277 -0.000745 0.000165 -0.000269 0.207553 0.009929 0.107777 0.0000000 1 418.629359 418.629359 505.740581 286.574774 -0.020453 -0.024926 0.019510 -0.005656 -0.660094 0.642445 -0.268559 0.281810 -0.062419 0.031365 0.062150 0 1.00000000 0.00000000 0.00000000 1.00000000 0.00000000 1.00000000 1.00000000 0.00000000 0.00000000 1.00000000 0.00000000 1.00000000 0.00000000 0.00000000 0.00000000 0.00000000 0.00000000 0.00000000 0.00000000 0.00000000 0.00000000 0.00000000 0.00000000 0.00000000 1.00000000 0.00000000 0.00000000 0.00000000 1.00000000 
1700000033.59983 -0.202186 -0.098481 0.970150 0.090730 0.025753 0.046014 0.014801 0.005127 -0.007882 -0.003500 -0.000626 0.000385 -0.000444 0.206895 0.010316 0.107570 0.0000000 1 418.629359 418.629359 505.740581 286.574774 -0.020453 -0.024926 0.019510 -0.005656 -0.660094 0.642445 -0.268559 0.281810 -0.062419 0.031365 0.062150 0 1.00000000 0.00000000 0.00000000 1.00000000 0.00000000 1.00000000 1.00000000 0.00000000 0.00000000 1.00000000 0.00000000 1.00000000 0.00000000 0.00000000 0.00000000 0.00000000 0.00000000 0.00000000 0.00000000 0.00000000 0.00000000 0.00000000 0.00000000 0.00000000 1.00000000 0.00000000 0.00000000 0.00000000 1.00000000 
1700000033.63374 -0.201515 -0.100966 0.970244 0.088455 0.026101 0.045928 0.014413 0.009780 -0.009272 -0.010234 -0.000376 0.000717 -0.000661 0.206075 0.010562 0.107345 0.0000000 1 418.629359 418.629359 505.740581 286.574774 -0.020453 -0.024926 0.019510 -0.005656 -0.660094 0.642445 -0.268559 0.281810 -0.062419 0.031365 0.062150 0 1.00000000 0.00000000 0.00000000 1.00000000 0.00000000 1.00000000 1.00000000 0.00000000 0.00000000 1.00000000 0.00000000 1.00000000 0.00000000 0.00000000 0.00000000 0.00000000 0.00000000 0.00000000 0.00000000 0.00000000 0.00000000 0.00000000 0.00000000 0.00000000 1.00000000 0.00000000 0.00000000 0.00000000 1.00000000 
1700000033.66764 -0.200835 -0.104629 0.970244 0.085698 0.026391 0.045705 0.013842 0.010508 -0.011898 -0.015731 -0.000193 0.001055 -0.000852 0.205652 0.009815 0.107029 0.0000000 1 418.629359 418.629359 505.740581 286.574774 -0.020453 -0.024926 0.019510 -0.005656 -0.660094 0.642445 -0.268559 0.281810 -0.062419 0.031365 0.062150 0 1.00000000 0.00000000 0.00000000 1.00000000 0.00000000 1.00000000 1.00000000 0.00000000 0.00000000 1.00000000 0.00000000 1.00000000 0.00000000 0.00000000 0.00000000 0.00000000 0.00000000 0.00000000 0.00000000 0.00000000 0.00000000 0.00000000 0.00000000 0.00000000 1.00000000 0.00000000 0.00000000 0.00000000 1.00000000 
1700000033.70155 -0.200167 -0.109147 0.970154 0.082590 0.026907 0.045482 0.012958 0.013034 -0.014709 -0.023698 -0.000038 0.001438 -0.001072 0.205002 0.009848 0.106863 0.0000000 1 418.629359 418.629359 505.740581 286.574774 -0.020453 -0.024926 0.019510 -0.005656 -0.660094 0.642445 -0.268559 0.281810 -0.062419 0.031365 0.062150 0 1.00000000 0.00000000 0.00000000 1.00000000 0.00000000 1.00000000 1.00000000 0.00000000 0.00000000 1.00000000 0.00000000 1.00000000 0.00000000 0.00000000 0.00000000 0.00000000 0.00000000 0.00000000 0.00000000 0.00000000 0.00000000 0.00000000 0.00000000 0.00000000 1.00000000 0.00000000 0.00000000 0.00000000 1.00000000 
1700000033.73545 -0.199970 -0.115124 0.969795 0.079090 0.027474 0.045224 0.011787 0.013155 -0.016265 -0.034451 0.000202 0.001894 -0.001192 0.203916 0.009769 0.106441 0.0000000 1 418.629359 418.629359 505.740581 286.574774 -0.020453 -0.024926 0.019510 -0.005656 -0.660094 0.642445 -0.268559 0.281810 -0.062419 0.031365 0.062150 0 1.00000000 0.00000000 0.00000000 1.00000000 0.00000000 1.00000000 1.00000000 0.00000000 0.00000000 1.00000000 0.00000000 1.00000000 0.00000000 0.00000000 0.00000000 0.00000000 0.00000000 0.00000000 0.00000000 0.00000000 0.00000000 0.00000000 0.00000000 0.00000000 1.00000000 0.00000000 0.00000000 0.00000000 1.00000000 
1700000033.76936 -0.199747 -0.122657 0.969205 0.075481 0.027885 0.045029 0.010218 0.010197 -0.017391 -0.046400 0.000423 0.002456 -0.001362 0.202724 0.009144 0.105821 0.0000000 1 418.629359 418.629359 505.740581 286.574774 -0.020453 -0.024926 0.019510 -0.005656 -0.660094 0.642445 -0.268559 0.281810 -0.062419 0.031365 0.062150 0 1.00000000 0.00000000 0.00000000 1.00000000 0.00000000 1.00000000 1.00000000 0.00000000 0.00000000 1.00000000 0.00000000 1.00000000 0.00000000 0.00000000 0.00000000 0.00000000 0.00000000 0.00000000 0.00000000 0.00000000 0.00000000 0.00000000 0.00000000 0.00000000 1.00000000 0.00000000 0.00000000 0.00000000 1.00000000 
1700000033.80326 -0.199201 -0.131901 0.968377 0.071878 0.028197 0.044507 0.008689 0.013435 -0.020192 -0.046874 0.000566 0.002918 -0.001467 0.202010 0.008753 0.105219 0.0000000 1 418.629359 418.629359 505.740581 286.574774 -0.020453 -0.024926 0.019510 -0.005656 -0.660094 0.642445 -0.268559 0.281810 -0.062419 0.031365 0.062150 0 1.00000000 0.00000000 0.00000000 1.00000000 0.00000000 1.00000000 1.00000000 0.00000000 0.00000000 1.00000000 0.00000000 1.00000000 0.00000000 0.00000000 0.00000000 0.00000000 0.00000000 0.00000000 0.00000000 0.00000000 0.00000000 0.00000000 0.00000000 0.00000000 1.00000000 0.00000000 0.00000000 0.00000000 1.00000000 
1700000033.83717 -0.197097 -0.140860 0.967796 0.068424 0.028387 0.043843 0.007699 0.011540 -0.023240 -0.032823 0.000461 0.003158 -0.001427 0.201143 0.008442 0.104313 0.0000000 1 418.629359 418.629359 505.740581 286.574774 -0.020453 -0.024926 0.019510 -0.005656 -0.660094 0.642445 -0.268559 0.281810 -0.062419 0.031365 0.062150 0 1.00000000 0.00000000 0.00000000 1.00000000 0.00000000 1.00000000 1.00000000 0.00000000 0.00000000 1.00000000 0.00000000 1.00000000 0.00000000 0.00000000 0.00000000 0.00000000 0.00000000 0.00000000 0.00000000 0.00000000 0.00000000 0.00000000 0.00000000 0.00000000 1.00000000 0.00000000 0.00000000 0.00000000 1.00000000 
1700000033.87107 -0.194489 -0.149807 0.967211 0.065072 0.028726 0.042964 0.006839 0.012698 -0.028149 -0.028348 0.000557 0.003185 -0.001400 0.200595 0.008452 0.103933 0.0000000 1 418.629359 418.629359 505.740581 286.574774 -0.020453 -0.024926 0.019510 -0.005656 -0.660094 0.642445 -0.268559 0.281810 -0.062419 0.031365 0.062150 0 1.00000000 0.00000000 0.00000000 1.00000000 0.00000000 1.00000000 1.00000000 0.00000000 0.00000000 1.00000000 0.00000000 1.00000000 0.00000000 0.00000000 0.00000000 0.00000000 0.00000000 0.00000000 0.00000000 0.00000000 0.00000000 0.00000000 0.00000000 0.00000000 1.00000000 0.00000000 0.00000000 0.00000000 1.00000000 
1700000033.90498 -0.191992 -0.159361 0.966455 0.060892 0.029061 0.042019 0.006193 0.016372 -0.029783 -0.024427 0.000744 0.003097 -0.001385 0.199936 0.008445 0.103498 0.0000000 1 418.629359 418.629359 505.740581 286.574774 -0.020453 -0.024926 0.019510 -0.005656 -0.660094 0.642445 -0.268559 0.281810 -0.062419 0.031365 0.062150 0 1.00000000 0.00000000 0.00000000 1.00000000 0.00000000 1.00000000 1.00000000 0.00000000 0.00000000 1.00000000 0.00000000 1.00000000 0.00000000 0.00000000 0.00000000 0.00000000 0.00000000 0.00000000 0.00000000 0.00000000 0.00000000 0.00000000 0.00000000 0.00000000 1.00000000 0.00000000 0.00000000 0.00000000 1.00000000 
1700000033.93888 -0.189263 -0.168683 0.965662 0.056772 0.029709 0.040737 0.005675 0.020090 -0.034195 -0.019801 0.000751 0.002768 -0.001065 0.199637 0.008825 0.103365 0.0000000 1 418.629359 418.629359 505.740581 286.574774 -0.020453 -0.024926 0.019510 -0.005656 -0.660094 0.642445 -0.268559 0.281810 -0.062419 0.031365 0.062150 0 1.00000000 0.00000000 0.00000000 1.00000000 0.00000000 1.00000000 1.00000000 0.00000000 0.00000000 1.00000000 0.00000000 1.00000000 0.00000000 0.00000000 0.00000000 0.00000000 0.00000000 0.00000000 0.00000000 0.00000000 0.00000000 0.00000000 0.00000000 0.00000000 1.00000000 0.00000000 0.00000000 0.00000000 1.00000000 
1700000033.97279 -0.187056 -0.178095 0.964679 0.051839 0.030494 0.039435 0.005080 0.025501 -0.037669 -0.020803 0.000902 0.002470 -0.000901 0.199439 0.008401 0.103243 0.0000000 1 418.629359 418.629359 505.740581 286.574774 -0.020453 -0.024926 0.019510 -0.005656 -0.660094 0.642445 -0.268559 0.281810 -0.062419 0.031365 0.062150 0 1.00000000 0.00000000 0.00000000 1.00000000 0.00000000 1.00000000 1.00000000 0.00000000 0.00000000 1.00000000 0.00000000 1.00000000 0.00000000 0.00000000 0.00000000 0.00000000 0.00000000 0.00000000 0.00000000 0.00000000 0.00000000 0.00000000 0.00000000 0.00000000 1.00000000 0.00000000 0.00000000 0.00000000 1.00000000 
1700000034.00669 -0.184941 -0.187373 0.963645 0.045574 0.031470 0.037840 0.004441 0.033251 -0.042818 -0.020724 0.001060 0.002187 -0.000797 0.199431 0.007618 0.103134 0.0000000 1 418.629359 418.629359 505.740581 286.574774 -0.020453 -0.024926 0.019510 -0.005656 -0.660094 0.642445 -0.268559 0.281810 -0.062419 0.031365 0.062150 0 1.00000000 0.00000000 0.00000000 1.00000000 0.00000000 1.00000000 1.00000000 0.00000000 0.00000000 1.00000000 0.00000000 1.00000000 0.00000000 0.00000000 0.00000000 0.00000000 0.00000000 0.00000000 0.00000000 0.00000000 0.00000000 0.00000000 0.00000000 0.00000000 1.00000000 0.00000000 0.00000000 0.00000000 1.00000000 
1700000034.04060 -0.184478 -0.195420 0.962482 0.037518 0.032543 0.035904 0.003720 0.030631 -0.047253 -0.021942 0.001123 0.001702 -0.000468 0.199860 0.005421 0.103068 0.0000000 1 418.629359 418.629359 505.740581 286.574774 -0.020453 -0.024926 0.019510 -0.005656 -0.660094 0.642445 -0.268559 0.281810 -0.062419 0.031365 0.062150 0 1.00000000 0.00000000 0.00000000 1.00000000 0.00000000 1.00000000 1.00000000 0.00000000 0.00000000 1.00000000 0.00000000 1.00000000 0.00000000 0.00000000 0.00000000 0.00000000 0.00000000 0.00000000 0.00000000 0.00000000 0.00000000 0.00000000 0.00000000 0.00000000 1.00000000 0.00000000 0.00000000 0.00000000 1.00000000 
1700000034.07450 -0.184341 -0.203355 0.961139 0.029626 0.033334 0.034819 0.003104 0.022727 -0.038712 -0.028259 0.001281 0.001509 -0.000364 0.199491 0.005873 0.102989 0.0000000 1 418.629359 418.629359 505.740581 286.574774 -0.020453 -0.024926 0.019510 -0.005656 -0.660094 0.642445 -0.268559 0.281810 -0.062419 0.031365 0.062150 0 1.00000000 0.00000000 0.00000000 1.00000000 0.00000000 1.00000000 1.00000000 0.00000000 0.00000000 1.00000000 0.00000000 1.00000000 0.00000000 0.00000000 0.00000000 0.00000000 0.00000000 0.00000000 0.00000000 0.00000000 0.00000000 0.00000000 0.00000000 0.00000000 1.00000000 0.00000000 0.00000000 0.00000000 1.00000000 
1700000034.10841 -0.182483 -0.212881 0.959602 0.023363 0.033759 0.034353 0.002594 0.017665 -0.027859 -0.037221 0.001547 0.001264 -0.000427 0.198810 0.008558 0.103075 0.0000000 1 418.629359 418.629359 505.740581 286.574774 -0.020453 -0.024926 0.019510 -0.005656 -0.660094 0.642445 -0.268559 0.281810 -0.062419 0.031365 0.062150 0 1.00000000 0.00000000 0.00000000 1.00000000 0.00000000 1.00000000 1.00000000 0.00000000 0.00000000 1.00000000 0.00000000 1.00000000 0.00000000 0.00000000 0.00000000 0.00000000 0.00000000 0.00000000 0.00000000 0.00000000 0.00000000 0.00000000 0.00000000 0.00000000 1.00000000 0.00000000 0.00000000 0.00000000 1.00000000 
1700000034.14231 -0.178883 -0.224661 0.957705 0.018157 0.034459 0.033607 0.001687 0.021343 -0.023396 -0.035980 0.001777 0.001057 -0.000362 0.198459 0.010263 0.103151 0.0000000 1 418.629359 418.629359 505.740581 286.574774 -0.020453 -0.024926 0.019510 -0.005656 -0.660094 0.642445 -0.268559 0.281810 -0.062419 0.031365 0.062150 0 1.00000000 0.00000000 0.00000000 1.00000000 0.00000000 1.00000000 1.00000000 0.00000000 0.00000000 1.00000000 0.00000000 1.00000000 0.00000000 0.00000000 0.00000000 0.00000000 0.00000000 0.00000000 0.00000000 0.00000000 0.00000000 0.00000000 0.00000000 0.00000000 1.00000000 0.00000000 0.00000000 0.00000000 1.00000000 
1700000034.17622 -0.175133 -0.234610 0.956097 0.012874 0.035089 0.032473 0.000753 0.022585 -0.029991 -0.022588 0.001722 0.000843 -0.000260 0.197726 0.009561 0.102620 0.0000000 1 418.629359 418.629359 505.740581 286.574774 -0.020453 -0.024926 0.019510 -0.005656 -0.660094 0.642445 -0.268559 0.281810 -0.062419 0.031365 0.062150 0 1.00000000 0.00000000 0.00000000 1.00000000 0.00000000 1.00000000 1.00000000 0.00000000 0.00000000 1.00000000 0.00000000 1.00000000 0.00000000 0.00000000 0.00000000 0.00000000 0.00000000 0.00000000 0.00000000 0.00000000 0.00000000 0.00000000 0.00000000 0.00000000 1.00000000 0.00000000 0.00000000 0.00000000 1.00000000 
1700000034.21012 -0.172356 -0.242463 0.954699 0.007410 0.036140 0.030690 0.000025 0.028214 -0.038136 -0.016805 0.001720 0.000540 0.000316 0.197522 0.007495 0.102134 0.0000000 1 418.629359 418.629359 505.740581 286.574774 -0.020453 -0.024926 0.019510 -0.005656 -0.660094 0.642445 -0.268559 0.281810 -0.062419 0.031365 0.062150 0 1.00000000 0.00000000 0.00000000 1.00000000 0.00000000 1.00000000 1.00000000 0.00000000 0.00000000 1.00000000 0.00000000 1.00000000 0.00000000 0.00000000 0.00000000 0.00000000 0.00000000 0.00000000 0.00000000 0.00000000 0.00000000 0.00000000 0.00000000 0.00000000 1.00000000 0.00000000 0.00000000 0.00000000 1.00000000 
1700000034.24403 -0.171111 -0.248599 0.953372 0.001453 0.037258 0.029243 -0.000400 0.024992 -0.037285 -0.012409 0.001634 0.000246 0.000804 0.197930 0.005900 0.102032 0.0000000 1 418.629359 418.629359 505.740581 286.574774 -0.020453 -0.024926 0.019510 -0.005656 -0.660094 0.642445 -0.268559 0.281810 -0.062419 0.031365 0.062150 0 1.00000000 0.00000000 0.00000000 1.00000000 0.00000000 1.00000000 1.00000000 0.00000000 0.00000000 1.00000000 0.00000000 1.00000000 0.00000000 0.00000000 0.00000000 0.00000000 0.00000000 0.00000000 0.00000000 0.00000000 0.00000000 0.00000000 0.00000000 0.00000000 1.00000000 0.00000000 0.00000000 0.00000000 1.00000000 
1700000034.27793 0.170898 0.253230 -0.952186 0.003185 0.038193 0.028197 -0.000775 0.022147 -0.030680 -0.018727 0.001567 -0.000081 0.001193 0.199304 0.004408 0.102445 0.0000000 1 418.629359 418.629359 505.740581 286.574774 -0.020453 -0.024926 0.019510 -0.005656 -0.660094 0.642445 -0.268559 0.281810 -0.062419 0.031365 0.062150 0 1.00000000 0.00000000 0.00000000 1.00000000 0.00000000 1.00000000 1.00000000 0.00000000 0.00000000 1.00000000 0.00000000 1.00000000 0.00000000 0.00000000 0.00000000 0.00000000 0.00000000 0.00000000 0.00000000 0.00000000 0.00000000 0.00000000 0.00000000 0.00000000 1.00000000 0.00000000 0.00000000 0.00000000 1.00000000 
1700000034.31184 0.171159 0.259092 -0.950535 0.007674 0.038944 0.027478 -0.001320 0.020384 -0.022657 -0.026745 0.001724 -0.000365 0.001314 0.200596 0.004055 0.103026 0.0000000 1 418.629359 418.629359 505.740581 286.574774 -0.020453 -0.024926 0.019510 -0.005656 -0.660094 0.642445 -0.268559 0.281810 -0.062419 0.031365 0.062150 0 1.00000000 0.00000000 0.00000000 1.00000000 0.00000000 1.00000000 1.00000000 0.00000000 0.00000000 1.00000000 0.00000000 1.00000000 0.00000000 0.00000000 0.00000000 0.00000000 0.00000000 0.00000000 0.00000000 0.00000000 0.00000000 0.00000000 0.00000000 0.00000000 1.00000000 0.00000000 0.00000000 0.00000000 1.00000000 
1700000034.34574 0.171149 0.265407 -0.948751 0.011752 0.039489 0.026876 -0.002055 0.014404 -0.018348 -0.025894 0.002024 -0.000504 0.001415 0.201435 0.004476 0.103537 0.0000000 1 418.629359 418.629359 505.740581 286.574774 -0.020453 -0.024926 0.019510 -0.005656 -0.660094 0.642445 -0.268559 0.281810 -0.062419 0.031365 0.062150 0 1.00000000 0.00000000 0.00000000 1.00000000 0.00000000 1.00000000 1.00000000 0.00000000 0.00000000 1.00000000 0.00000000 1.00000000 0.00000000 0.00000000 0.00000000 0.00000000 0.00000000 0.00000000 0.00000000 0.00000000 0.00000000 0.00000000 0.00000000 0.00000000 1.00000000 0.00000000 0.00000000 0.00000000 1.00000000 
1700000034.37965 0.171001 0.271422 -0.947031 0.014871 0.040017 0.026662 -0.002499 0.013778 -0.011644 -0.025927 0.002063 -0.000611 0.001393 0.202699 0.005982 0.104379 0.0000000 1 418.629359 418.629359 505.740581 286.574774 -0.020453 -0.024926 0.019510 -0.005656 -0.660094 0.642445 -0.268559 0.281810 -0.062419 0.031365 0.062150 0 1.00000000 0.00000000 0.00000000 1.00000000 0.00000000 1.00000000 1.00000000 0.00000000 0.00000000 1.00000000 0.00000000 1.00000000 0.00000000 0.00000000 0.00000000 0.00000000 0.00000000 0.00000000 0.00000000 0.00000000 0.00000000 0.00000000 0.00000000 0.00000000 1.00000000 0.00000000 0.00000000 0.00000000 1.00000000 
1700000034.41355 0.169865 0.278753 -0.945056 0.017666 0.040461 0.026549 -0.003172 0.014154 -0.006299 -0.027108 0.002235 -0.000579 0.001422 0.203967 0.007816 0.105373 0.0000000 1 418.629359 418.629359 505.740581 286.574774 -0.020453 -0.024926 0.019510 -0.005656 -0.660094 0.642445 -0.268559 0.281810 -0.062419 0.031365 0.062150 0 1.00000000 0.00000000 0.00000000 1.00000000 0.00000000 1.00000000 1.00000000 0.00000000 0.00000000 1.00000000 0.00000000 1.00000000 0.00000000 0.00000000 0.00000000 0.00000000 0.00000000 0.00000000 0.00000000 0.00000000 0.00000000 0.00000000 0.00000000 0.00000000 1.00000000 0.00000000 0.00000000 0.00000000 1.00000000 
1700000034.44746 0.167450 0.287630 -0.942781 0.019818 0.040570 0.026294 -0.004390 0.011605 -0.004184 -0.032425 0.002583 -0.000442 0.001758 0.205481 0.008961 0.106448 0.0000000 1 418.629359 418.629359 505.740581 286.574774 -0.020453 -0.024926 0.019510 -0.005656 -0.660094 0.642445 -0.268559 0.281810 -0.062419 0.031365 0.062150 0 1.00000000 0.00000000 0.00000000 1.00000000 0.00000000 1.00000000 1.00000000 0.00000000 0.00000000 1.00000000 0.00000000 1.00000000 0.00000000 0.00000000 0.00000000 0.00000000 0.00000000 0.00000000 0.00000000 0.00000000 0.00000000 0.00000000 0.00000000 0.00000000 1.00000000 0.00000000 0.00000000 0.00000000 1.00000000 
1700000034.48136 0.163164 0.297438 -0.940451 0.021457 0.040813 0.025921 -0.005067 0.011684 -0.008492 -0.025444 0.002809 -0.000437 0.001964 0.205075 0.013933 0.107204 0.0000000 1 418.629359 418.629359 505.740581 286.574774 -0.020453 -0.024926 0.019510 -0.005656 -0.660094 0.642445 -0.268559 0.281810 -0.062419 0.031365 0.062150 0 1.00000000 0.00000000 0.00000000 1.00000000 0.00000000 1.00000000 1.00000000 0.00000000 0.00000000 1.00000000 0.00000000 1.00000000 0.00000000 0.00000000 0.00000000 0.00000000 0.00000000 0.00000000 0.00000000 0.00000000 0.00000000 0.00000000 0.00000000 0.00000000 1.00000000 0.00000000 0.00000000 0.00000000 1.00000000 
1700000034.51527 0.158271 0.306855 -0.938220 0.023094 0.041229 0.025483 -0.005956 0.013014 -0.013336 -0.022485 0.002879 -0.000456 0.002136 0.205066 0.013295 0.107062 0.0000000 1 418.629359 418.629359 505.740581 286.574774 -0.020453 -0.024926 0.019510 -0.005656 -0.660094 0.642445 -0.268559 0.281810 -0.062419 0.031365 0.062150 0 1.00000000 0.00000000 0.00000000 1.00000000 0.00000000 1.00000000 1.00000000 0.00000000 0.00000000 1.00000000 0.00000000 1.00000000 0.00000000 0.00000000 0.00000000 0.00000000 0.00000000 0.00000000 0.00000000 0.00000000 0.00000000 0.00000000 0.00000000 0.00000000 1.00000000 0.00000000 0.00000000 0.00000000 1.00000000 
1700000034.54917 0.154470 0.314564 -0.936253 0.024883 0.041496 0.024475 -0.006722 0.010697 -0.024782 -0.013788 0.002842 -0.000768 0.002279 0.203233 0.012104 0.105920 0.0000000 1 418.629359 418.629359 505.740581 286.574774 -0.020453 -0.024926 0.019510 -0.005656 -0.660094 0.642445 -0.268559 0.281810 -0.062419 0.031365 0.062150 0 1.00000000 0.00000000 0.00000000 1.00000000 0.00000000 1.00000000 1.00000000 0.00000000 0.00000000 1.00000000 0.00000000 1.00000000 0.00000000 0.00000000 0.00000000 0.00000000 0.00000000 0.00000000 0.00000000 0.00000000 0.00000000 0.00000000 0.00000000 0.00000000 1.00000000 0.00000000 0.00000000 0.00000000 1.00000000 
1700000034.58308 0.151793 0.319224 -0.935063 0.026682 0.042091 0.023734 -0.007324 0.013130 -0.025592 -0.012308 0.002575 -0.001004 0.002504 0.204065 0.007485 0.105344 0.0000000 1 418.629359 418.629359 505.740581 286.574774 -0.020453 -0.024926 0.019510 -0.005656 -0.660094 0.642445 -0.268559 0.281810 -0.062419 0.031365 0.062150 0 1.00000000 0.00000000 0.00000000 1.00000000 0.00000000 1.00000000 1.00000000 0.00000000 0.00000000 1.00000000 0.00000000 1.00000000 0.00000000 0.00000000 0.00000000 0.00000000 0.00000000 0.00000000 0.00000000 0.00000000 0.00000000 0.00000000 0.00000000 0.00000000 1.00000000 0.00000000 0.00000000 0.00000000 1.00000000 
1700000034.61698 0.150661 0.322232 -0.934164 0.028374 0.042785 0.023045 -0.007925 0.014526 -0.023804 -0.011419 0.002219 -0.001196 0.002796 0.205296 0.002699 0.104943 0.0000000 1 418.629359 418.629359 505.740581 286.574774 -0.020453 -0.024926 0.019510 -0.005656 -0.660094 0.642445 -0.268559 0.281810 -0.062419 0.031365 0.062150 0 1.00000000 0.00000000 0.00000000 1.00000000 0.00000000 1.00000000 1.00000000 0.00000000 0.00000000 1.00000000 0.00000000 1.00000000 0.00000000 0.00000000 0.00000000 0.00000000 0.00000000 0.00000000 0.00000000 0.00000000 0.00000000 0.00000000 0.00000000 0.00000000 1.00000000 0.00000000 0.00000000 0.00000000 1.00000000 
1700000034.65089 0.150431 0.323931 -0.933573 0.029681 0.043258 0.022409 -0.008307 0.011915 -0.022673 -0.008421 0.001936 -0.001337 0.002987 0.205922 0.001432 0.104986 0.0000000 1 418.629359 418.629359 505.740581 286.574774 -0.020453 -0.024926 0.019510 -0.005656 -0.660094 0.642445 -0.268559 0.281810 -0.062419 0.031365 0.062150 0 1.00000000 0.00000000 0.00000000 1.00000000 0.00000000 1.00000000 1.00000000 0.00000000 0.00000000 1.00000000 0.00000000 1.00000000 0.00000000 0.00000000 0.00000000 0.00000000 0.00000000 0.00000000 0.00000000 0.00000000 0.00000000 0.00000000 0.00000000 0.00000000 1.00000000 0.00000000 0.00000000 0.00000000 1.00000000 
1700000034.68479 0.150737 0.324446 -0.933317 0.030524 0.043686 0.021791 -0.008475 0.009445 -0.021439 -0.003719 0.001640 -0.001516 0.003207 0.206507 0.001309 0.105236 0.0000000 1 418.629359 418.629359 505.740581 286.574774 -0.020453 -0.024926 0.019510 -0.005656 -0.660094 0.642445 -0.268559 0.281810 -0.062419 0.031365 0.062150 0 1.00000000 0.00000000 0.00000000 1.00000000 0.00000000 1.00000000 1.00000000 0.00000000 0.00000000 1.00000000 0.00000000 1.00000000 0.00000000 0.00000000 0.00000000 0.00000000 0.00000000 0.00000000 0.00000000 0.00000000 0.00000000 0.00000000 0.00000000 0.00000000 1.00000000 0.00000000 0.00000000 0.00000000 1.00000000 
1700000034.71870 0.151067 0.323922 -0.933440 0.030722 0.043825 0.021240 -0.008543 0.004234 -0.019304 -0.000663 0.001448 -0.001649 0.003362 0.207351 0.001333 0.105687 0.0000000 1 418.629359 418.629359 505.740581 286.574774 -0.020453 -0.024926 0.019510 -0.005656 -0.660094 0.642445 -0.268559 0.281810 -0.062419 0.031365 0.062150 0 1.00000000 0.00000000 0.00000000 1.00000000 0.00000000 1.00000000 1.00000000 0.00000000 0.00000000 1.00000000 0.00000000 1.00000000 0.00000000 0.00000000 0.00000000 0.00000000 0.00000000 0.00000000 0.00000000 0.00000000 0.00000000 0.00000000 0.00000000 0.00000000 1.00000000 0.00000000 0.00000000 0.00000000 1.00000000 
1700000034.75260 0.151275 0.322340 -0.933955 0.030674 0.043849 0.020747 -0.008615 0.001904 -0.017639 0.002035 0.001185 -0.001733 0.003454 0.207963 0.000392 0.105823 0.0000000 1 418.629359 418.629359 505.740581 286.574774 -0.020453 -0.024926 0.019510 -0.005656 -0.660094 0.642445 -0.268559 0.281810 -0.062419 0.031365 0.062150 0 1.00000000 0.00000000 0.00000000 1.00000000 0.00000000 1.00000000 1.00000000 0.00000000 0.00000000 1.00000000 0.00000000 1.00000000 0.00000000 0.00000000 0.00000000 0.00000000 0.00000000 0.00000000 0.00000000 0.00000000 0.00000000 0.00000000 0.00000000 0.00000000 1.00000000 0.00000000 0.00000000 0.00000000 1.00000000 
1700000034.78651 0.151553 0.320085 -0.934691 0.030488 0.043804 0.020305 -0.008418 -0.002293 -0.016256 0.005443 0.000993 -0.001815 0.003506 0.208488 0.000817 0.106176 0.0000000 1 418.629359 418.629359 505.740581 286.574774 -0.020453 -0.024926 0.019510 -0.005656 -0.660094 0.642445 -0.268559 0.281810 -0.062419 0.031365 0.062150 0 1.00000000 0.00000000 0.00000000 1.00000000 0.00000000 1.00000000 1.00000000 0.00000000 0.00000000 1.00000000 0.00000000 1.00000000 0.00000000 0.00000000 0.00000000 0.00000000 0.00000000 0.00000000 0.00000000 0.00000000 0.00000000 0.00000000 0.00000000 0.00000000 1.00000000 0.00000000 0.00000000 0.00000000 1.00000000 
1700000034.82041 0.151708 0.317385 -0.935620 0.029429 0.043536 0.019845 -0.008086 -0.008256 -0.014876 0.011071 0.000841 -0.001896 0.003629 0.208791 0.002474 0.106683 0.0000000 1 418.629359 418.629359 505.740581 286.574774 -0.020453 -0.024926 0.019510 -0.005656 -0.660094 0.642445 -0.268559 0.281810 -0.062419 0.031365 0.062150 0 1.00000000 0.00000000 0.00000000 1.00000000 0.00000000 1.00000000 1.00000000 0.00000000 0.00000000 1.00000000 0.00000000 1.00000000 0.00000000 0.00000000 0.00000000 0.00000000 0.00000000 0.00000000 0.00000000 0.00000000 0.00000000 0.00000000 0.00000000 0.00000000 1.00000000 0.00000000 0.00000000 0.00000000 1.00000000 
1700000034.85432 0.151469 0.312876 -0.937241 0.027291 0.043114 0.019314 -0.007431 -0.013714 -0.015900 0.024935 0.000499 -0.001979 0.003809 0.208303 0.004568 0.106873 0.0000000 1 418.629359 418.629359 505.740581 286.574774 -0.020453 -0.024926 0.019510 -0.005656 -0.660094 0.642445 -0.268559 0.281810 -0.062419 0.031365 0.062150 0 1.00000000 0.00000000 0.00000000 1.00000000 0.00000000 1.00000000 1.00000000 0.00000000 0.00000000 1.00000000 0.00000000 1.00000000 0.00000000 0.00000000 0.00000000 0.00000000 0.00000000 0.00000000 0.00000000 0.00000000 0.00000000 0.00000000 0.00000000 0.00000000 1.00000000 0.00000000 0.00000000 0.00000000 1.00000000 
1700000034.88822 0.151208 0.305662 -0.939742 0.024325 0.042726 0.018485 -0.006613 -0.013104 -0.020113 0.038527 0.000059 -0.002157 0.004121 0.206972 0.002186 0.105707 0.0000000 1 418.629359 418.629359 505.740581 286.574774 -0.020453 -0.024926 0.019510 -0.005656 -0.660094 0.642445 -0.268559 0.281810 -0.062419 0.031365 0.062150 0 1.00000000 0.00000000 0.00000000 1.00000000 0.00000000 1.00000000 1.00000000 0.00000000 0.00000000 1.00000000 0.00000000 1.00000000 0.00000000 0.00000000 0.00000000 0.00000000 0.00000000 0.00000000 0.00000000 0.00000000 0.00000000 0.00000000 0.00000000 0.00000000 1.00000000 0.00000000 0.00000000 0.00000000 1.00000000 
1700000034.92213 0.151559 0.295198 -0.943086 0.021844 0.042403 0.017783 -0.005320 -0.012987 -0.020273 0.050025 -0.000445 -0.002220 0.004278 0.206497 -0.000954 0.104816 0.0000000 1 418.629359 418.629359 505.740581 286.574774 -0.020453 -0.024926 0.019510 -0.005656 -0.660094 0.642445 -0.268559 0.281810 -0.062419 0.031365 0.062150 0 1.00000000 0.00000000 0.00000000 1.00000000 0.00000000 1.00000000 1.00000000 0.00000000 0.00000000 1.00000000 0.00000000 1.00000000 0.00000000 0.00000000 0.00000000 0.00000000 0.00000000 0.00000000 0.00000000 0.00000000 0.00000000 0.00000000 0.00000000 0.00000000 1.00000000 0.00000000 0.00000000 0.00000000 1.00000000 
1700000034.95603 0.153492 0.282295 -0.946763 0.019727 0.042020 0.016964 -0.003715 -0.014511 -0.023065 0.057454 -0.000918 -0.002297 0.004359 0.205287 -0.003722 0.103628 0.0000000 1 418.629359 418.629359 505.740581 286.574774 -0.020453 -0.024926 0.019510 -0.005656 -0.660094 0.642445 -0.268559 0.281810 -0.062419 0.031365 0.062150 0 1.00000000 0.00000000 0.00000000 1.00000000 0.00000000 1.00000000 1.00000000 0.00000000 0.00000000 1.00000000 0.00000000 1.00000000 0.00000000 0.00000000 0.00000000 0.00000000 0.00000000 0.00000000 0.00000000 0.00000000 0.00000000 0.00000000 0.00000000 0.00000000 1.00000000 0.00000000 0.00000000 0.00000000 1.00000000 
1700000034.98994 0.156340 0.267297 -0.950682 0.017700 0.041587 0.016348 -0.001610 -0.016076 -0.021067 0.065130 -0.001381 -0.002358 0.004332 0.204778 -0.004368 0.103203 0.0000000 1 418.629359 418.629359 505.740581 286.574774 -0.020453 -0.024926 0.019510 -0.005656 -0.660094 0.642445 -0.268559 0.281810 -0.062419 0.031365 0.062150 0 1.00000000 0.00000000 0.00000000 1.00000000 0.00000000 1.00000000 1.00000000 0.00000000 0.00000000 1.00000000 0.00000000 1.00000000 0.00000000 0.00000000 0.00000000 0.00000000 0.00000000 0.00000000 0.00000000 0.00000000 0.00000000 0.00000000 0.00000000 0.00000000 1.00000000 0.00000000 0.00000000 0.00000000 1.00000000 
1700000035.02384 0.159655 0.251159 -0.954562 0.015506 0.040850 0.016190 0.000774 -0.022172 -0.012374 0.068711 -0.001818 -0.002304 0.004119 0.205101 -0.003883 0.103479 0.0000000 1 418.629359 418.629359 505.740581 286.574774 -0.020453 -0.024926 0.019510 -0.005656 -0.660094 0.642445 -0.268559 0.281810 -0.062419 0.031365 0.062150 0 1.00000000 0.00000000 0.00000000 1.00000000 0.00000000 1.00000000 1.00000000 0.00000000 0.00000000 1.00000000 0.00000000 1.00000000 0.00000000 0.00000000 0.00000000 0.00000000 0.00000000 0.00000000 0.00000000 0.00000000 0.00000000 0.00000000 0.00000000 0.00000000 1.00000000 0.00000000 0.00000000 0.00000000 1.00000000 
1700000035.05775 0.162387 0.233949 -0.958499 0.013337 0.040225 0.016239 0.003255 -0.018770 -0.005489 0.072501 -0.002149 -0.002102 0.003823 0.204854 -0.004006 0.103286 0.0000000 1 418.629359 418.629359 505.740581 286.574774 -0.020453 -0.024926 0.019510 -0.005656 -0.660094 0.642445 -0.268559 0.281810 -0.062419 0.031365 0.062150 0 1.00000000 0.00000000 0.00000000 1.00000000 0.00000000 1.00000000 1.00000000 0.00000000 0.00000000 1.00000000 0.00000000 1.00000000 0.00000000 0.00000000 0.00000000 0.00000000 0.00000000 0.00000000 0.00000000 0.00000000 0.00000000 0.00000000 0.00000000 0.00000000 1.00000000 0.00000000 0.00000000 0.00000000 1.00000000 
1700000035.09165 0.165205 0.215844 -0.962286 0.011198 0.039710 0.016363 0.005817 -0.017991 -0.002443 0.072279 -0.002503 -0.001971 0.003599 0.204317 -0.004062 0.102949 0.0000000 1 418.629359 418.629359 505.740581 286.574774 -0.020453 -0.024926 0.019510 -0.005656 -0.660094 0.642445 -0.268559 0.281810 -0.062419 0.031365 0.062150 0 1.00000000 0.00000000 0.00000000 1.00000000 0.00000000 1.00000000 1.00000000 0.00000000 0.00000000 1.00000000 0.00000000 1.00000000 0.00000000 0.00000000 0.00000000 0.00000000 0.00000000 0.00000000 0.00000000 0.00000000 0.00000000 0.00000000 0.00000000 0.00000000 1.00000000 0.00000000 0.00000000 0.00000000 1.00000000 
1700000035.12556 0.168614 0.197698 -0.965614 0.008588 0.038946 0.016778 0.008234 -0.023476 0.004583 0.065062 -0.002757 -0.001862 0.003366 0.204508 -0.003699 0.103121 0.0000000 1 418.629359 418.629359 505.740581 286.574774 -0.020453 -0.024926 0.019510 -0.005656 -0.660094 0.642445 -0.268559 0.281810 -0.062419 0.031365 0.062150 0 1.00000000 0.00000000 0.00000000 1.00000000 0.00000000 1.00000000 1.00000000 0.00000000 0.00000000 1.00000000 0.00000000 1.00000000 0.00000000 0.00000000 0.00000000 0.00000000 0.00000000 0.00000000 0.00000000 0.00000000 0.00000000 0.00000000 0.00000000 0.00000000 1.00000000 0.00000000 0.00000000 0.00000000 1.00000000 
1700000035.15946 0.172501 0.180064 -0.968393 0.005957 0.038196 0.017294 0.010323 -0.023010 0.009599 0.054111 -0.002902 -0.001756 0.003041 0.204242 -0.003683 0.102955 0.0000000 1 418.629359 418.629359 505.740581 286.574774 -0.020453 -0.024926 0.019510 -0.005656 -0.660094 0.642445 -0.268559 0.281810 -0.062419 0.031365 0.062150 0 1.00000000 0.00000000 0.00000000 1.00000000 0.00000000 1.00000000 1.00000000 0.00000000 0.00000000 1.00000000 0.00000000 1.00000000 0.00000000 0.00000000 0.00000000 0.00000000 0.00000000 0.00000000 0.00000000 0.00000000 0.00000000 0.00000000 0.00000000 0.00000000 1.00000000 0.00000000 0.00000000 0.00000000 1.00000000 
1700000035.19337 0.177041 0.162807 -0.970636 0.003937 0.037569 0.018086 0.012070 -0.022746 0.015814 0.047010 -0.003001 -0.001592 0.002649 0.204222 -0.003885 0.102863 0.0000000 1 418.629359 418.629359 505.740581 286.574774 -0.020453 -0.024926 0.019510 -0.005656 -0.660094 0.642445 -0.268559 0.281810 -0.062419 0.031365 0.062150 0 1.00000000 0.00000000 0.00000000 1.00000000 0.00000000 1.00000000 1.00000000 0.00000000 0.00000000 1.00000000 0.00000000 1.00000000 0.00000000 0.00000000 0.00000000 0.00000000 0.00000000 0.00000000 0.00000000 0.00000000 0.00000000 0.00000000 0.00000000 0.00000000 1.00000000 0.00000000 0.00000000 0.00000000 1.00000000 
1700000035.22727 0.182598 0.145322 -0.972387 0.001878 0.037074 0.019031 0.013908 -0.018149 0.021620 0.046494 -0.003107 -0.001583 0.002251 0.203873 -0.003593 0.102602 0.0000000 1 418.629359 418.629359 505.740581 286.574774 -0.020453 -0.024926 0.019510 -0.005656 -0.660094 0.642445 -0.268559 0.281810 -0.062419 0.031365 0.062150 0 1.00000000 0.00000000 0.00000000 1.00000000 0.00000000 1.00000000 1.00000000 0.00000000 0.00000000 1.00000000 0.00000000 1.00000000 0.00000000 0.00000000 0.00000000 0.00000000 0.00000000 0.00000000 0.00000000 0.00000000 0.00000000 0.00000000 0.00000000 0.00000000 1.00000000 0.00000000 0.00000000 0.00000000 1.00000000 
1700000035.26118 0.188195 0.127790 -0.973782 0.000120 0.036447 0.019851 0.015547 -0.017892 0.022905 0.049025 -0.002934 -0.001439 0.001917 0.203172 -0.003387 0.102213 0.0000000 1 418.629359 418.629359 505.740581 286.574774 -0.020453 -0.024926 0.019510 -0.005656 -0.660094 0.642445 -0.268559 0.281810 -0.062419 0.031365 0.062150 0 1.00000000 0.00000000 0.00000000 1.00000000 0.00000000 1.00000000 1.00000000 0.00000000 0.00000000 1.00000000 0.00000000 1.00000000 0.00000000 0.00000000 0.00000000 0.00000000 0.00000000 0.00000000 0.00000000 0.00000000 0.00000000 0.00000000 0.00000000 0.00000000 1.00000000 0.00000000 0.00000000 0.00000000 1.00000000 
1700000035.29508 -0.193013 -0.110162 0.974990 0.002009 0.035742 0.020883 0.017171 -0.020646 0.024476 0.048430 -0.002677 -0.001102 0.001595 0.202631 -0.003148 0.101909 0.0000000 1 418.629359 418.629359 505.740581 286.574774 -0.020453 -0.024926 0.019510 -0.005656 -0.660094 0.642445 -0.268559 0.281810 -0.062419 0.031365 0.062150 0 1.00000000 0.00000000 0.00000000 1.00000000 0.00000000 1.00000000 1.00000000 0.00000000 0.00000000 1.00000000 0.00000000 1.00000000 0.00000000 0.00000000 0.00000000 0.00000000 0.00000000 0.00000000 0.00000000 0.00000000 0.00000000 0.00000000 0.00000000 0.00000000 1.00000000 0.00000000 0.00000000 0.00000000 1.00000000 
1700000035.32899 -0.198003 -0.093212 0.975748 0.004633 0.034949 0.022168 0.018950 -0.025321 0.028534 0.046464 -0.002474 -0.001083 0.001292 0.202352 -0.002680 0.101801 0.0000000 1 418.629359 418.629359 505.740581 286.574774 -0.020453 -0.024926 0.019510 -0.005656 -0.660094 0.642445 -0.268559 0.281810 -0.062419 0.031365 0.062150 0 1.00000000 0.00000000 0.00000000 1.00000000 0.00000000 1.00000000 1.00000000 0.00000000 0.00000000 1.00000000 0.00000000 1.00000000 0.00000000 0.00000000 0.00000000 0.00000000 0.00000000 0.00000000 0.00000000 0.00000000 0.00000000 0.00000000 0.00000000 0.00000000 1.00000000 0.00000000 0.00000000 0.00000000 1.00000000 
1700000035.36289 -0.202467 -0.076943 0.976227 0.008184 0.033923 0.023509 0.020587 -0.028193 0.031421 0.044847 -0.002352 -0.001036 0.001034 0.202035 -0.002461 0.101608 0.0000000 1 418.629359 418.629359 505.740581 286.574774 -0.020453 -0.024926 0.019510 -0.005656 -0.660094 0.642445 -0.268559 0.281810 -0.062419 0.031365 0.062150 0 1.00000000 0.00000000 0.00000000 1.00000000 0.00000000 1.00000000 1.00000000 0.00000000 0.00000000 1.00000000 0.00000000 1.00000000 0.00000000 0.00000000 0.00000000 0.00000000 0.00000000 0.00000000 0.00000000 0.00000000 0.00000000 0.00000000 0.00000000 0.00000000 1.00000000 0.00000000 0.00000000 0.00000000 1.00000000 
1700000035.39680 -0.206734 -0.061492 0.976400 0.011070 0.033066 0.024598 0.021962 -0.027645 0.029139 0.039716 -0.002079 -0.000942 0.000771 0.201624 -0.002515 0.101399 0.0000000 1 418.629359 418.629359 505.740581 286.574774 -0.020453 -0.024926 0.019510 -0.005656 -0.660094 0.642445 -0.268559 0.281810 -0.062419 0.031365 0.062150 0 1.00000000 0.00000000 0.00000000 1.00000000 0.00000000 1.00000000 1.00000000 0.00000000 0.00000000 1.00000000 0.00000000 1.00000000 0.00000000 0.00000000 0.00000000 0.00000000 0.00000000 0.00000000 0.00000000 0.00000000 0.00000000 0.00000000 0.00000000 0.00000000 1.00000000 0.00000000 0.00000000 0.00000000 1.00000000 
1700000035.43070 -0.211105 -0.046521 0.976260 0.013650 0.032068 0.025769 0.023522 -0.028472 0.029257 0.039736 -0.002069 -0.001055 0.000547 0.201190 -0.002396 0.101122 0.0000000 1 418.629359 418.629359 505.740581 286.574774 -0.020453 -0.024926 0.019510 -0.005656 -0.660094 0.642445 -0.268559 0.281810 -0.062419 0.031365 0.062150 0 1.00000000 0.00000000 0.00000000 1.00000000 0.00000000 1.00000000 1.00000000 0.00000000 0.00000000 1.00000000 0.00000000 1.00000000 0.00000000 0.00000000 0.00000000 0.00000000 0.00000000 0.00000000 0.00000000 0.00000000 0.00000000 0.00000000 0.00000000 0.00000000 1.00000000 0.00000000 0.00000000 0.00000000 1.00000000 
1700000035.46461 -0.215335 -0.031563 0.975897 0.016096 0.031116 0.026811 0.024902 -0.028609 0.028725 0.038374 -0.001836 -0.001159 0.000306 0.200875 -0.002246 0.101004 0.0000000 1 418.629359 418.629359 505.740581 286.574774 -0.020453 -0.024926 0.019510 -0.005656 -0.660094 0.642445 -0.268559 0.281810 -0.062419 0.031365 0.062150 0 1.00000000 0.00000000 0.00000000 1.00000000 0.00000000 1.00000000 1.00000000 0.00000000 0.00000000 1.00000000 0.00000000 1.00000000 0.00000000 0.00000000 0.00000000 0.00000000 0.00000000 0.00000000 0.00000000 0.00000000 0.00000000 0.00000000 0.00000000 0.00000000 1.00000000 0.00000000 0.00000000 0.00000000 1.00000000 
1700000035.49851 -0.220358 -0.016121 0.975107 0.018678 0.030006 0.027408 0.026907 -0.022621 0.025550 0.038171 -0.002301 -0.001831 0.000695 0.199774 -0.001792 0.100413 0.0000000 1 418.629359 418.629359 505.740581 286.574774 -0.020453 -0.024926 0.019510 -0.005656 -0.660094 0.642445 -0.268559 0.281810 -0.062419 0.031365 0.062150 0 1.00000000 0.00000000 0.00000000 1.00000000 0.00000000 1.00000000 1.00000000 0.00000000 0.00000000 1.00000000 0.00000000 1.00000000 0.00000000 0.00000000 0.00000000 0.00000000 0.00000000 0.00000000 0.00000000 0.00000000 0.00000000 0.00000000 0.00000000 0.00000000 1.00000000 0.00000000 0.00000000 0.00000000 1.00000000 
1700000035.53242 -0.224515 -0.003035 0.974239 0.021008 0.029153 0.028391 0.027896 -0.028893 0.023266 0.023548 -0.001751 -0.001801 0.000742 0.199166 -0.001480 0.100210 0.0000000 1 418.629359 418.629359 505.740581 286.574774 -0.020453 -0.024926 0.019510 -0.005656 -0.660094 0.642445 -0.268559 0.281810 -0.062419 0.031365 0.062150 0 1.00000000 0.00000000 0.00000000 1.00000000 0.00000000 1.00000000 1.00000000 0.00000000 0.00000000 1.00000000 0.00000000 1.00000000 0.00000000 0.00000000 0.00000000 0.00000000 0.00000000 0.00000000 0.00000000 0.00000000 0.00000000 0.00000000 0.00000000 0.00000000 1.00000000 0.00000000 0.00000000 0.00000000 1.00000000 
1700000035.56632 -0.228436 0.009672 0.973247 0.022661 0.028799 0.029079 0.028821 -0.010956 0.022869 0.024147 -0.001714 -0.001804 0.000647 0.199284 -0.002202 0.099911 0.0000000 1 418.629359 418.629359 505.740581 286.574774 -0.020453 -0.024926 0.019510 -0.005656 -0.660094 0.642445 -0.268559 0.281810 -0.062419 0.031365 0.062150 0 1.00000000 0.00000000 0.00000000 1.00000000 0.00000000 1.00000000 1.00000000 0.00000000 0.00000000 1.00000000 0.00000000 1.00000000 0.00000000 0.00000000 0.00000000 0.00000000 0.00000000 0.00000000 0.00000000 0.00000000 0.00000000 0.00000000 0.00000000 0.00000000 1.00000000 0.00000000 0.00000000 0.00000000 1.00000000 
1700000035.60023 -0.231639 0.023380 0.972273 0.021960 0.028494 0.030020 0.029855 -0.011340 0.023057 0.023714 -0.001706 -0.001806 0.000364 0.199266 -0.003563 0.099391 0.0000000 1 418.629359 418.629359 505.740581 286.574774 -0.020453 -0.024926 0.019510 -0.005656 -0.660094 0.642445 -0.268559 0.281810 -0.062419 0.031365 0.062150 0 1.00000000 0.00000000 0.00000000 1.00000000 0.00000000 1.00000000 1.00000000 0.00000000 0.00000000 1.00000000 0.00000000 1.00000000 0.00000000 0.00000000 0.00000000 0.00000000 0.00000000 0.00000000 0.00000000 0.00000000 0.00000000 0.00000000 0.00000000 0.00000000 1.00000000 0.00000000 0.00000000 0.00000000 1.00000000 
1700000035.63413 -0.235206 0.037112 0.970966 0.022936 0.027570 0.031172 0.030380 -0.024967 0.024901 0.010670 -0.001918 -0.001971 0.000243 0.198415 -0.003555 0.099034 0.0000000 1 418.629359 418.629359 505.740581 286.574774 -0.020453 -0.024926 0.019510 -0.005656 -0.660094 0.642445 -0.268559 0.281810 -0.062419 0.031365 0.062150 0 1.00000000 0.00000000 0.00000000 1.00000000 0.00000000 1.00000000 1.00000000 0.00000000 0.00000000 1.00000000 0.00000000 1.00000000 0.00000000 0.00000000 0.00000000 0.00000000 0.00000000 0.00000000 0.00000000 0.00000000 0.00000000 0.00000000 0.00000000 0.00000000 1.00000000 0.00000000 0.00000000 0.00000000 1.00000000 
1700000035.66804 -0.238984 0.050806 0.969361 0.025397 0.026637 0.032103 0.031101 -0.027834 0.027325 0.007572 -0.001812 -0.002367 0.000348 0.197837 -0.004517 0.098350 0.0000000 1 418.629359 418.629359 505.740581 286.574774 -0.020453 -0.024926 0.019510 -0.005656 -0.660094 0.642445 -0.268559 0.281810 -0.062419 0.031365 0.062150 0 1.00000000 0.00000000 0.00000000 1.00000000 0.00000000 1.00000000 1.00000000 0.00000000 0.00000000 1.00000000 0.00000000 1.00000000 0.00000000 0.00000000 0.00000000 0.00000000 0.00000000 0.00000000 0.00000000 0.00000000 0.00000000 0.00000000 0.00000000 0.00000000 1.00000000 0.00000000 0.00000000 0.00000000 1.00000000 
1700000035.70194 -0.242496 0.065249 0.967552 0.027959 0.025971 0.032964 0.031227 -0.022088 0.026553 0.004363 -0.001855 -0.002199 0.000529 0.197562 -0.005045 0.097979 0.0000000 1 418.629359 418.629359 505.740581 286.574774 -0.020453 -0.024926 0.019510 -0.005656 -0.660094 0.642445 -0.268559 0.281810 -0.062419 0.031365 0.062150 0 1.00000000 0.00000000 0.00000000 1.00000000 0.00000000 1.00000000 1.00000000 0.00000000 0.00000000 1.00000000 0.00000000 1.00000000 0.00000000 0.00000000 0.00000000 0.00000000 0.00000000 0.00000000 0.00000000 0.00000000 0.00000000 0.00000000 0.00000000 0.00000000 1.00000000 0.00000000 0.00000000 0.00000000 1.00000000 
1700000035.73585 -0.246291 0.079836 0.965424 0.030403 0.025236 0.033936 0.031227 -0.023190 0.029722 -0.002443 -0.002066 -0.002148 0.000781 0.196857 -0.005613 0.097457 0.0000000 1 418.629359 418.629359 505.740581 286.574774 -0.020453 -0.024926 0.019510 -0.005656 -0.660094 0.642445 -0.268559 0.281810 -0.062419 0.031365 0.062150 0 1.00000000 0.00000000 0.00000000 1.00000000 0.00000000 1.00000000 1.00000000 0.00000000 0.00000000 1.00000000 0.00000000 1.00000000 0.00000000 0.00000000 0.00000000 0.00000000 0.00000000 0.00000000 0.00000000 0.00000000 0.00000000 0.00000000 0.00000000 0.00000000 1.00000000 0.00000000 0.00000000 0.00000000 1.00000000 
1700000035.76975 -0.250148 0.093024 0.963140 0.033672 0.024112 0.035333 0.031095 -0.028550 0.031428 -0.013671 -0.001740 -0.002371 0.000709 0.195599 -0.005719 0.096787 0.0000000 1 418.629359 418.629359 505.740581 286.574774 -0.020453 -0.024926 0.019510 -0.005656 -0.660094 0.642445 -0.268559 0.281810 -0.062419 0.031365 0.062150 0 1.00000000 0.00000000 0.00000000 1.00000000 0.00000000 1.00000000 1.00000000 0.00000000 0.00000000 1.00000000 0.00000000 1.00000000 0.00000000 0.00000000 0.00000000 0.00000000 0.00000000 0.00000000 0.00000000 0.00000000 0.00000000 0.00000000 0.00000000 0.00000000 1.00000000 0.00000000 0.00000000 0.00000000 1.00000000 
1700000035.80366 -0.253946 0.103878 0.960932 0.036492 0.023561 0.036415 0.030633 -0.014704 0.025266 -0.015513 -0.001501 -0.002505 0.000611 0.194973 -0.005149 0.096576 0.0000000 1 418.629359 418.629359 505.740581 286.574774 -0.020453 -0.024926 0.019510 -0.005656 -0.660094 0.642445 -0.268559 0.281810 -0.062419 0.031365 0.062150 0 1.00000000 0.00000000 0.00000000 1.00000000 0.00000000 1.00000000 1.00000000 0.00000000 0.00000000 1.00000000 0.00000000 1.00000000 0.00000000 0.00000000 0.00000000 0.00000000 0.00000000 0.00000000 0.00000000 0.00000000 0.00000000 0.00000000 0.00000000 0.00000000 1.00000000 0.00000000 0.00000000 0.00000000 1.00000000 
1700000035.83756 -0.257393 0.113373 0.958868 0.038312 0.022680 0.037294 0.030233 -0.016659 0.019376 -0.016767 -0.000993 -0.002952 0.000609 0.193598 -0.004034 0.096262 0.0000000 1 418.629359 418.629359 505.740581 286.574774 -0.020453 -0.024926 0.019510 -0.005656 -0.660094 0.642445 -0.268559 0.281810 -0.062419 0.031365 0.062150 0 1.00000000 0.00000000 0.00000000 1.00000000 0.00000000 1.00000000 1.00000000 0.00000000 0.00000000 1.00000000 0.00000000 1.00000000 0.00000000 0.00000000 0.00000000 0.00000000 0.00000000 0.00000000 0.00000000 0.00000000 0.00000000 0.00000000 0.00000000 0.00000000 1.00000000 0.00000000 0.00000000 0.00000000 1.00000000 
1700000035.87147 -0.260092 0.120048 0.957204 0.041245 0.021812 0.038300 0.029246 -0.016984 0.011204 -0.024615 -0.000603 -0.002948 0.000489 0.191107 -0.002030 0.095710 0.0000000 1 418.629359 418.629359 505.740581 286.574774 -0.020453 -0.024926 0.019510 -0.005656 -0.660094 0.642445 -0.268559 0.281810 -0.062419 0.031365 0.062150 0 1.00000000 0.00000000 0.00000000 1.00000000 0.00000000 1.00000000 1.00000000 0.00000000 0.00000000 1.00000000 0.00000000 1.00000000 0.00000000 0.00000000 0.00000000 0.00000000 0.00000000 0.00000000 0.00000000 0.00000000 0.00000000 0.00000000 0.00000000 0.00000000 1.00000000 0.00000000 0.00000000 0.00000000 1.00000000 
1700000035.90537 -0.260836 0.123783 0.956429 0.043437 0.021747 0.039103 0.028483 -0.004182 0.005085 -0.021375 -0.000093 -0.002710 0.000225 0.189754 -0.001535 0.095125 0.0000000 1 418.629359 418.629359 505.740581 286.574774 -0.020453 -0.024926 0.019510 -0.005656 -0.660094 0.642445 -0.268559 0.281810 -0.062419 0.031365 0.062150 0 1.00000000 0.00000000 0.00000000 1.00000000 0.00000000 1.00000000 1.00000000 0.00000000 0.00000000 1.00000000 0.00000000 1.00000000 0.00000000 0.00000000 0.00000000 0.00000000 0.00000000 0.00000000 0.00000000 0.00000000 0.00000000 0.00000000 0.00000000 0.00000000 1.00000000 0.00000000 0.00000000 0.00000000 1.00000000 
1700000035.93928 -0.260813 0.124691 0.956303 0.043735 0.021740 0.039921 0.027775 0.004197 -0.000701 -0.019410 0.000507 -0.002510 -0.000427 0.188677 -0.001464 0.094573 0.0000000 1 418.629359 418.629359 505.740581 286.574774 -0.020453 -0.024926 0.019510 -0.005656 -0.660094 0.642445 -0.268559 0.281810 -0.062419 0.031365 0.062150 0 1.00000000 0.00000000 0.00000000 1.00000000 0.00000000 1.00000000 1.00000000 0.00000000 0.00000000 1.00000000 0.00000000 1.00000000 0.00000000 0.00000000 0.00000000 0.00000000 0.00000000 0.00000000 0.00000000 0.00000000 0.00000000 0.00000000 0.00000000 0.00000000 1.00000000 0.00000000 0.00000000 0.00000000 1.00000000 
1700000035.97318 -0.260035 0.123607 0.956670 0.043432 0.022043 0.040297 0.026946 0.006121 -0.005932 -0.019317 0.000954 -0.002239 -0.000835 0.187409 0.000723 0.094614 0.0000000 1 418.629359 418.629359 505.740581 286.574774 -0.020453 -0.024926 0.019510 -0.005656 -0.660094 0.642445 -0.268559 0.281810 -0.062419 0.031365 0.062150 0 1.00000000 0.00000000 0.00000000 1.00000000 0.00000000 1.00000000 1.00000000 0.00000000 0.00000000 1.00000000 0.00000000 1.00000000 0.00000000 0.00000000 0.00000000 0.00000000 0.00000000 0.00000000 0.00000000 0.00000000 0.00000000 0.00000000 0.00000000 0.00000000 1.00000000 0.00000000 0.00000000 0.00000000 1.00000000 
1700000036.00709 -0.259770 0.121040 0.957087 0.043049 0.022278 0.040699 0.026294 0.009866 -0.008361 -0.016488 0.001315 -0.002226 -0.001296 0.186310 0.002362 0.094543 0.0000000 1 418.629359 418.629359 505.740581 286.574774 -0.020453 -0.024926 0.019510 -0.005656 -0.660094 0.642445 -0.268559 0.281810 -0.062419 0.031365 0.062150 0 1.00000000 0.00000000 0.00000000 1.00000000 0.00000000 1.00000000 1.00000000 0.00000000 0.00000000 1.00000000 0.00000000 1.00000000 0.00000000 0.00000000 0.00000000 0.00000000 0.00000000 0.00000000 0.00000000 0.00000000 0.00000000 0.00000000 0.00000000 0.00000000 1.00000000 0.00000000 0.00000000 0.00000000 1.00000000 
1700000036.04099 -0.258735 0.118263 0.957763 0.041943 0.023170 0.040477 0.026031 0.016228 -0.008388 -0.004734 0.001366 -0.001964 -0.001468 0.186695 0.002547 0.094752 0.0000000 1 418.629359 418.629359 505.740581 286.574774 -0.020453 -0.024926 0.019510 -0.005656 -0.660094 0.642445 -0.268559 0.281810 -0.062419 0.031365 0.062150 0 1.00000000 0.00000000 0.00000000 1.00000000 0.00000000 1.00000000 1.00000000 0.00000000 0.00000000 1.00000000 0.00000000 1.00000000 0.00000000 0.00000000 0.00000000 0.00000000 0.00000000 0.00000000 0.00000000 0.00000000 0.00000000 0.00000000 0.00000000 0.00000000 1.00000000 0.00000000 0.00000000 0.00000000 1.00000000 
1700000036.07490 -0.258459 0.115241 0.958269 0.040479 0.023630 0.040554 0.025289 0.009549 -0.009004 -0.011038 0.001477 -0.001759 -0.001694 0.184874 0.006549 0.095136 0.0000000 1 418.629359 418.629359 505.740581 286.574774 -0.020453 -0.024926 0.019510 -0.005656 -0.660094 0.642445 -0.268559 0.281810 -0.062419 0.031365 0.062150 0 1.00000000 0.00000000 0.00000000 1.00000000 0.00000000 1.00000000 1.00000000 0.00000000 0.00000000 1.00000000 0.00000000 1.00000000 0.00000000 0.00000000 0.00000000 0.00000000 0.00000000 0.00000000 0.00000000 0.00000000 0.00000000 0.00000000 0.00000000 0.00000000 1.00000000 0.00000000 0.00000000 0.00000000 1.00000000 
1700000036.10880 -0.257767 0.111103 0.958979 0.039655 0.023925 0.040632 0.024658 0.009817 -0.007430 -0.009252 0.001465 -0.001454 -0.001840 0.183704 0.007636 0.094947 0.0000000 1 418.629359 418.629359 505.740581 286.574774 -0.020453 -0.024926 0.019510 -0.005656 -0.660094 0.642445 -0.268559 0.281810 -0.062419 0.031365 0.062150 0 1.00000000 0.00000000 0.00000000 1.00000000 0.00000000 1.00000000 1.00000000 0.00000000 0.00000000 1.00000000 0.00000000 1.00000000 0.00000000 0.00000000 0.00000000 0.00000000 0.00000000 0.00000000 0.00000000 0.00000000 0.00000000 0.00000000 0.00000000 0.00000000 1.00000000 0.00000000 0.00000000 0.00000000 1.00000000 
1700000036.14271 -0.255807 0.105111 0.960213 0.038798 0.024072 0.040737 0.024016 0.005457 -0.008431 -0.011232 0.001707 -0.001092 -0.002079 0.182374 0.008366 0.094596 0.0000000 1 418.629359 418.629359 505.740581 286.574774 -0.020453 -0.024926 0.019510 -0.005656 -0.660094 0.642445 -0.268559 0.281810 -0.062419 0.031365 0.062150 0 1.00000000 0.00000000 0.00000000 1.00000000 0.00000000 1.00000000 1.00000000 0.00000000 0.00000000 1.00000000 0.00000000 1.00000000 0.00000000 0.00000000 0.00000000 0.00000000 0.00000000 0.00000000 0.00000000 0.00000000 0.00000000 0.00000000 0.00000000 0.00000000 1.00000000 0.00000000 0.00000000 0.00000000 1.00000000 
1700000036.17661 -0.252902 0.097245 0.961809 0.038823 0.024472 0.040578 0.023249 0.004481 -0.009706 -0.017983 0.001867 -0.000551 -0.001926 0.181131 0.009964 0.094486 0.0000000 1 418.629359 418.629359 505.740581 286.574774 -0.020453 -0.024926 0.019510 -0.005656 -0.660094 0.642445 -0.268559 0.281810 -0.062419 0.031365 0.062150 0 1.00000000 0.00000000 0.00000000 1.00000000 0.00000000 1.00000000 1.00000000 0.00000000 0.00000000 1.00000000 0.00000000 1.00000000 0.00000000 0.00000000 0.00000000 0.00000000 0.00000000 0.00000000 0.00000000 0.00000000 0.00000000 0.00000000 0.00000000 0.00000000 1.00000000 0.00000000 0.00000000 0.00000000 1.00000000 
1700000036.21052 -0.249918 0.088622 0.963412 0.039037 0.024929 0.040349 0.022735 0.005635 -0.008554 -0.015010 0.001949 -0.000133 -0.001844 0.181245 0.008718 0.094095 0.0000000 1 418.629359 418.629359 505.740581 286.574774 -0.020453 -0.024926 0.019510 -0.005656 -0.660094 0.642445 -0.268559 0.281810 -0.062419 0.031365 0.062150 0 1.00000000 0.00000000 0.00000000 1.00000000 0.00000000 1.00000000 1.00000000 0.00000000 0.00000000 1.00000000 0.00000000 1.00000000 0.00000000 0.00000000 0.00000000 0.00000000 0.00000000 0.00000000 0.00000000 0.00000000 0.00000000 0.00000000 0.00000000 0.00000000 1.00000000 0.00000000 0.00000000 0.00000000 1.00000000 
1700000036.24442 -0.247549 0.080755 0.964736 0.038498 0.025709 0.039979 0.022285 0.010742 -0.010690 -0.012341 0.002003 0.000280 -0.001836 0.181786 0.009245 0.094436 0.0000000 1 418.629359 418.629359 505.740581 286.574774 -0.020453 -0.024926 0.019510 -0.005656 -0.660094 0.642445 -0.268559 0.281810 -0.062419 0.031365 0.062150 0 1.00000000 0.00000000 0.00000000 1.00000000 0.00000000 1.00000000 1.00000000 0.00000000 0.00000000 1.00000000 0.00000000 1.00000000 0.00000000 0.00000000 0.00000000 0.00000000 0.00000000 0.00000000 0.00000000 0.00000000 0.00000000 0.00000000 0.00000000 0.00000000 1.00000000 0.00000000 0.00000000 0.00000000 1.00000000 
1700000036.27833 -0.246249 0.072727 0.965778 0.036672 0.026439 0.039519 0.021683 0.016428 -0.014809 -0.015680 0.002167 0.000625 -0.001912 0.181853 0.010371 0.094796 0.0000000 1 418.629359 418.629359 505.740581 286.574774 -0.020453 -0.024926 0.019510 -0.005656 -0.660094 0.642445 -0.268559 0.281810 -0.062419 0.031365 0.062150 0 1.00000000 0.00000000 0.00000000 1.00000000 0.00000000 1.00000000 1.00000000 0.00000000 0.00000000 1.00000000 0.00000000 1.00000000 0.00000000 0.00000000 0.00000000 0.00000000 0.00000000 0.00000000 0.00000000 0.00000000 0.00000000 0.00000000 0.00000000 0.00000000 1.00000000 0.00000000 0.00000000 0.00000000 1.00000000 
1700000036.31223 -0.244604 0.064361 0.966846 0.035149 0.026776 0.039202 0.020856 0.009726 -0.014024 -0.018040 0.002205 0.001015 -0.001718 0.180604 0.010756 0.094378 0.0000000 1 418.629359 418.629359 505.740581 286.574774 -0.020453 -0.024926 0.019510 -0.005656 -0.660094 0.642445 -0.268559 0.281810 -0.062419 0.031365 0.062150 0 1.00000000 0.00000000 0.00000000 1.00000000 0.00000000 1.00000000 1.00000000 0.00000000 0.00000000 1.00000000 0.00000000 1.00000000 0.00000000 0.00000000 0.00000000 0.00000000 0.00000000 0.00000000 0.00000000 0.00000000 0.00000000 0.00000000 0.00000000 0.00000000 1.00000000 0.00000000 0.00000000 0.00000000 1.00000000 
1700000036.34614 -0.242225 0.054060 0.968090 0.034733 0.027008 0.038958 0.019970 0.007296 -0.014468 -0.021690 0.002482 0.001428 -0.001525 0.178871 0.010862 0.093585 0.0000000 1 418.629359 418.629359 505.740581 286.574774 -0.020453 -0.024926 0.019510 -0.005656 -0.660094 0.642445 -0.268559 0.281810 -0.062419 0.031365 0.062150 0 1.00000000 0.00000000 0.00000000 1.00000000 0.00000000 1.00000000 1.00000000 0.00000000 0.00000000 1.00000000 0.00000000 1.00000000 0.00000000 0.00000000 0.00000000 0.00000000 0.00000000 0.00000000 0.00000000 0.00000000 0.00000000 0.00000000 0.00000000 0.00000000 1.00000000 0.00000000 0.00000000 0.00000000 1.00000000 
1700000036.38004 -0.239197 0.042122 0.969474 0.033635 0.027383 0.038522 0.019244 0.012546 -0.016186 -0.015079 0.002747 0.001945 -0.001551 0.178409 0.009902 0.093057 0.0000000 1 418.629359 418.629359 505.740581 286.574774 -0.020453 -0.024926 0.019510 -0.005656 -0.660094 0.642445 -0.268559 0.281810 -0.062419 0.031365 0.062150 0 1.00000000 0.00000000 0.00000000 1.00000000 0.00000000 1.00000000 1.00000000 0.00000000 0.00000000 1.00000000 0.00000000 1.00000000 0.00000000 0.00000000 0.00000000 0.00000000 0.00000000 0.00000000 0.00000000 0.00000000 0.00000000 0.00000000 0.00000000 0.00000000 1.00000000 0.00000000 0.00000000 0.00000000 1.00000000 
1700000036.41395 -0.235062 0.029772 0.970988 0.032289 0.028038 0.038108 0.018634 0.016175 -0.017407 -0.013399 0.002971 0.002487 -0.001468 0.177455 0.009577 0.092468 0.0000000 1 418.629359 418.629359 505.740581 286.574774 -0.020453 -0.024926 0.019510 -0.005656 -0.660094 0.642445 -0.268559 0.281810 -0.062419 0.031365 0.062150 0 1.00000000 0.00000000 0.00000000 1.00000000 0.00000000 1.00000000 1.00000000 0.00000000 0.00000000 1.00000000 0.00000000 1.00000000 0.00000000 0.00000000 0.00000000 0.00000000 0.00000000 0.00000000 0.00000000 0.00000000 0.00000000 0.00000000 0.00000000 0.00000000 1.00000000 0.00000000 0.00000000 0.00000000 1.00000000 
1700000036.44785 -0.230600 0.017102 0.972421 0.030482 0.028761 0.037416 0.018263 0.018376 -0.018834 -0.007630 0.003083 0.003098 -0.001372 0.177211 0.008039 0.091821 0.0000000 1 418.629359 418.629359 505.740581 286.574774 -0.020453 -0.024926 0.019510 -0.005656 -0.660094 0.642445 -0.268559 0.281810 -0.062419 0.031365 0.062150 0 1.00000000 0.00000000 0.00000000 1.00000000 0.00000000 1.00000000 1.00000000 0.00000000 0.00000000 1.00000000 0.00000000 1.00000000 0.00000000 0.00000000 0.00000000 0.00000000 0.00000000 0.00000000 0.00000000 0.00000000 0.00000000 0.00000000 0.00000000 0.00000000 1.00000000 0.00000000 0.00000000 0.00000000 1.00000000 
1700000036.48176 -0.226136 0.004373 0.973659 0.028852 0.029481 0.036802 0.017667 0.017791 -0.021615 -0.014820 0.003160 0.003498 -0.001134 0.176091 0.008547 0.091461 0.0000000 1 418.629359 418.629359 505.740581 286.574774 -0.020453 -0.024926 0.019510 -0.005656 -0.660094 0.642445 -0.268559 0.281810 -0.062419 0.031365 0.062150 0 1.00000000 0.00000000 0.00000000 1.00000000 0.00000000 1.00000000 1.00000000 0.00000000 0.00000000 1.00000000 0.00000000 1.00000000 0.00000000 0.00000000 0.00000000 0.00000000 0.00000000 0.00000000 0.00000000 0.00000000 0.00000000 0.00000000 0.00000000 0.00000000 1.00000000 0.00000000 0.00000000 0.00000000 1.00000000 
1700000036.51566 -0.222001 -0.009189 0.974635 0.026786 0.030085 0.035979 0.017024 0.019921 -0.024722 -0.015769 0.003227 0.003842 -0.001024 0.175470 0.008262 0.091094 0.0000000 1 418.629359 418.629359 505.740581 286.574774 -0.020453 -0.024926 0.019510 -0.005656 -0.660094 0.642445 -0.268559 0.281810 -0.062419 0.031365 0.062150 0 1.00000000 0.00000000 0.00000000 1.00000000 0.00000000 1.00000000 1.00000000 0.00000000 0.00000000 1.00000000 0.00000000 1.00000000 0.00000000 0.00000000 0.00000000 0.00000000 0.00000000 0.00000000 0.00000000 0.00000000 0.00000000 0.00000000 0.00000000 0.00000000 1.00000000 0.00000000 0.00000000 0.00000000 1.00000000 
1700000036.54957 -0.217404 -0.022509 0.975530 0.023891 0.030670 0.035189 0.016531 0.019578 -0.024468 -0.010895 0.003297 0.004253 -0.001007 0.174809 0.007416 0.090471 0.0000000 1 418.629359 418.629359 505.740581 286.574774 -0.020453 -0.024926 0.019510 -0.005656 -0.660094 0.642445 -0.268559 0.281810 -0.062419 0.031365 0.062150 0 1.00000000 0.00000000 0.00000000 1.00000000 0.00000000 1.00000000 1.00000000 0.00000000 0.00000000 1.00000000 0.00000000 1.00000000 0.00000000 0.00000000 0.00000000 0.00000000 0.00000000 0.00000000 0.00000000 0.00000000 0.00000000 0.00000000 0.00000000 0.00000000 1.00000000 0.00000000 0.00000000 0.00000000 1.00000000 
1700000036.58347 -0.213293 -0.034686 0.976151 0.020806 0.031302 0.034398 0.016241 0.019256 -0.023126 -0.003869 0.003170 0.004548 -0.000904 0.174298 0.006968 0.090047 0.0000000 1 418.629359 418.629359 505.740581 286.574774 -0.020453 -0.024926 0.019510 -0.005656 -0.660094 0.642445 -0.268559 0.281810 -0.062419 0.031365 0.062150 0 1.00000000 0.00000000 0.00000000 1.00000000 0.00000000 1.00000000 1.00000000 0.00000000 0.00000000 1.00000000 0.00000000 1.00000000 0.00000000 0.00000000 0.00000000 0.00000000 0.00000000 0.00000000 0.00000000 0.00000000 0.00000000 0.00000000 0.00000000 0.00000000 1.00000000 0.00000000 0.00000000 0.00000000 1.00000000 
1700000036.61738 -0.208874 -0.045453 0.976721 0.017921 0.032175 0.033762 0.016248 0.019839 -0.021451 0.002522 0.002966 0.004887 -0.000718 0.173583 0.006164 0.089383 0.0000000 1 418.629359 418.629359 505.740581 286.574774 -0.020453 -0.024926 0.019510 -0.005656 -0.660094 0.642445 -0.268559 0.281810 -0.062419 0.031365 0.062150 0 1.00000000 0.00000000 0.00000000 1.00000000 0.00000000 1.00000000 1.00000000 0.00000000 0.00000000 1.00000000 0.00000000 1.00000000 0.00000000 0.00000000 0.00000000 0.00000000 0.00000000 0.00000000 0.00000000 0.00000000 0.00000000 0.00000000 0.00000000 0.00000000 1.00000000 0.00000000 0.00000000 0.00000000 1.00000000 
1700000036.65128 -0.204930 -0.055268 0.977085 0.015944 0.031894 0.033688 0.016228 0.000723 -0.010699 0.000949 0.002614 0.004722 -0.000674 0.172378 0.005812 0.088701 0.0000000 1 418.629359 418.629359 505.740581 286.574774 -0.020453 -0.024926 0.019510 -0.005656 -0.660094 0.642445 -0.268559 0.281810 -0.062419 0.031365 0.062150 0 1.00000000 0.00000000 0.00000000 1.00000000 0.00000000 1.00000000 1.00000000 0.00000000 0.00000000 1.00000000 0.00000000 1.00000000 0.00000000 0.00000000 0.00000000 0.00000000 0.00000000 0.00000000 0.00000000 0.00000000 0.00000000 0.00000000 0.00000000 0.00000000 1.00000000 0.00000000 0.00000000 0.00000000 1.00000000 
1700000036.68518 -0.200141 -0.065221 0.977478 0.015021 0.031964 0.033619 0.016045 0.003124 -0.007181 -0.003134 0.002498 0.004962 -0.000744 0.171687 0.005830 0.088371 0.0000000 1 418.629359 418.629359 505.740581 286.574774 -0.020453 -0.024926 0.019510 -0.005656 -0.660094 0.642445 -0.268559 0.281810 -0.062419 0.031365 0.062150 0 1.00000000 0.00000000 0.00000000 1.00000000 0.00000000 1.00000000 1.00000000 0.00000000 0.00000000 1.00000000 0.00000000 1.00000000 0.00000000 0.00000000 0.00000000 0.00000000 0.00000000 0.00000000 0.00000000 0.00000000 0.00000000 0.00000000 0.00000000 0.00000000 1.00000000 0.00000000 0.00000000 0.00000000 1.00000000 
1700000036.71909 -0.195736 -0.075275 0.977680 0.012740 0.032565 0.033438 0.015655 0.017428 -0.011855 -0.008549 0.002317 0.005285 -0.000840 0.171245 0.005773 0.088182 0.0000000 1 418.629359 418.629359 505.740581 286.574774 -0.020453 -0.024926 0.019510 -0.005656 -0.660094 0.642445 -0.268559 0.281810 -0.062419 0.031365 0.062150 0 1.00000000 0.00000000 0.00000000 1.00000000 0.00000000 1.00000000 1.00000000 0.00000000 0.00000000 1.00000000 0.00000000 1.00000000 0.00000000 0.00000000 0.00000000 0.00000000 0.00000000 0.00000000 0.00000000 0.00000000 0.00000000 0.00000000 0.00000000 0.00000000 1.00000000 0.00000000 0.00000000 0.00000000 1.00000000 
1700000036.75300 -0.191521 -0.085737 0.977678 0.010726 0.032893 0.033261 0.015291 0.016685 -0.014522 -0.014810 0.002373 0.005456 -0.000797 0.170823 0.005752 0.087941 0.0000000 1 418.629359 418.629359 505.740581 286.574774 -0.020453 -0.024926 0.019510 -0.005656 -0.660094 0.642445 -0.268559 0.281810 -0.062419 0.031365 0.062150 0 1.00000000 0.00000000 0.00000000 1.00000000 0.00000000 1.00000000 1.00000000 0.00000000 0.00000000 1.00000000 0.00000000 1.00000000 0.00000000 0.00000000 0.00000000 0.00000000 0.00000000 0.00000000 0.00000000 0.00000000 0.00000000 0.00000000 0.00000000 0.00000000 1.00000000 0.00000000 0.00000000 0.00000000 1.00000000 
1700000036.78690 -0.187012 -0.096707 0.977538 0.009710 0.033338 0.032902 0.014950 0.017452 -0.012145 -0.012930 0.002250 0.005541 -0.000643 0.170349 0.005504 0.087511 0.0000000 1 418.629359 418.629359 505.740581 286.574774 -0.020453 -0.024926 0.019510 -0.005656 -0.660094 0.642445 -0.268559 0.281810 -0.062419 0.031365 0.062150 0 1.00000000 0.00000000 0.00000000 1.00000000 0.00000000 1.00000000 1.00000000 0.00000000 0.00000000 1.00000000 0.00000000 1.00000000 0.00000000 0.00000000 0.00000000 0.00000000 0.00000000 0.00000000 0.00000000 0.00000000 0.00000000 0.00000000 0.00000000 0.00000000 1.00000000 0.00000000 0.00000000 0.00000000 1.00000000 
1700000036.82080 -0.182397 -0.106978 0.977353 0.008244 0.034018 0.032456 0.014670 0.020445 -0.012595 -0.008051 0.002063 0.005851 -0.000463 0.170011 0.005503 0.087240 0.0000000 1 418.629359 418.629359 505.740581 286.574774 -0.020453 -0.024926 0.019510 -0.005656 -0.660094 0.642445 -0.268559 0.281810 -0.062419 0.031365 0.062150 0 1.00000000 0.00000000 0.00000000 1.00000000 0.00000000 1.00000000 1.00000000 0.00000000 0.00000000 1.00000000 0.00000000 1.00000000 0.00000000 0.00000000 0.00000000 0.00000000 0.00000000 0.00000000 0.00000000 0.00000000 0.00000000 0.00000000 0.00000000 0.00000000 1.00000000 0.00000000 0.00000000 0.00000000 1.00000000 
1700000036.85471 -0.178168 -0.117453 0.976946 0.006090 0.034934 0.032122 0.014258 0.029809 -0.013189 -0.008895 0.002009 0.006122 -0.000417 0.169938 0.005532 0.087224 0.0000000 1 418.629359 418.629359 505.740581 286.574774 -0.020453 -0.024926 0.019510 -0.005656 -0.660094 0.642445 -0.268559 0.281810 -0.062419 0.031365 0.062150 0 1.00000000 0.00000000 0.00000000 1.00000000 0.00000000 1.00000000 1.00000000 0.00000000 0.00000000 1.00000000 0.00000000 1.00000000 0.00000000 0.00000000 0.00000000 0.00000000 0.00000000 0.00000000 0.00000000 0.00000000 0.00000000 0.00000000 0.00000000 0.00000000 1.00000000 0.00000000 0.00000000 0.00000000 1.00000000 
1700000036.88861 -0.174146 -0.128055 0.976353 0.003245 0.035532 0.031822 0.014103 0.028035 -0.012380 -0.004264 0.002000 0.006250 -0.000468 0.169671 0.005987 0.087168 0.0000000 1 418.629359 418.629359 505.740581 286.574774 -0.020453 -0.024926 0.019510 -0.005656 -0.660094 0.642445 -0.268559 0.281810 -0.062419 0.031365 0.062150 0 1.00000000 0.00000000 0.00000000 1.00000000 0.00000000 1.00000000 1.00000000 0.00000000 0.00000000 1.00000000 0.00000000 1.00000000 0.00000000 0.00000000 0.00000000 0.00000000 0.00000000 0.00000000 0.00000000 0.00000000 0.00000000 0.00000000 0.00000000 0.00000000 1.00000000 0.00000000 0.00000000 0.00000000 1.00000000 
1700000036.92252 -0.169712 -0.139189 0.975615 0.000520 0.036205 0.031780 0.013681 0.025390 -0.008507 -0.011791 0.001960 0.006508 -0.000480 0.170007 0.006487 0.087550 0.0000000 1 418.629359 418.629359 505.740581 286.574774 -0.020453 -0.024926 0.019510 -0.005656 -0.660094 0.642445 -0.268559 0.281810 -0.062419 0.031365 0.062150 0 1.00000000 0.00000000 0.00000000 1.00000000 0.00000000 1.00000000 1.00000000 0.00000000 0.00000000 1.00000000 0.00000000 1.00000000 0.00000000 0.00000000 0.00000000 0.00000000 0.00000000 0.00000000 0.00000000 0.00000000 0.00000000 0.00000000 0.00000000 0.00000000 1.00000000 0.00000000 0.00000000 0.00000000 1.00000000 
1700000036.95642 0.165294 0.151429 -0.974546 0.002602 0.036121 0.031785 0.013229 0.015800 -0.006771 -0.013348 0.001949 0.006506 -0.000858 0.169704 0.007555 0.087626 0.0000000 1 418.629359 418.629359 505.740581 286.574774 -0.020453 -0.024926 0.019510 -0.005656 -0.660094 0.642445 -0.268559 0.281810 -0.062419 0.031365 0.062150 0 1.00000000 0.00000000 0.00000000 1.00000000 0.00000000 1.00000000 1.00000000 0.00000000 0.00000000 1.00000000 0.00000000 1.00000000 0.00000000 0.00000000 0.00000000 0.00000000 0.00000000 0.00000000 0.00000000 0.00000000 0.00000000 0.00000000 0.00000000 0.00000000 1.00000000 0.00000000 0.00000000 0.00000000 1.00000000 
1700000036.99033 0.161059 0.164288 -0.973162 0.004962 0.036363 0.031340 0.013726 0.011176 -0.009875 -0.013769 0.002410 0.005927 -0.000637 0.169545 0.007458 0.087350 0.0000000 1 418.629359 418.629359 505.740581 286.574774 -0.020453 -0.024926 0.019510 -0.005656 -0.660094 0.642445 -0.268559 0.281810 -0.062419 0.031365 0.062150 0 1.00000000 0.00000000 0.00000000 1.00000000 0.00000000 1.00000000 1.00000000 0.00000000 0.00000000 1.00000000 0.00000000 1.00000000 0.00000000 0.00000000 0.00000000 0.00000000 0.00000000 0.00000000 0.00000000 0.00000000 0.00000000 0.00000000 0.00000000 0.00000000 1.00000000 0.00000000 0.00000000 0.00000000 1.00000000 
1700000037.02423 0.157045 0.177575 -0.971464 0.007831 0.036459 0.031061 0.013372 0.009893 -0.009799 -0.015771 0.002489 0.005620 -0.000670 0.169736 0.007601 0.087483 0.0000000 1 418.629359 418.629359 505.740581 286.574774 -0.020453 -0.024926 0.019510 -0.005656 -0.660094 0.642445 -0.268559 0.281810 -0.062419 0.031365 0.062150 0 1.00000000 0.00000000 0.00000000 1.00000000 0.00000000 1.00000000 1.00000000 0.00000000 0.00000000 1.00000000 0.00000000 1.00000000 0.00000000 0.00000000 0.00000000 0.00000000 0.00000000 0.00000000 0.00000000 0.00000000 0.00000000 0.00000000 0.00000000 0.00000000 1.00000000 0.00000000 0.00000000 0.00000000 1.00000000 
1700000037.05814 0.152846 0.190597 -0.969642 0.010208 0.036707 0.030820 0.013175 0.008432 -0.009638 -0.014313 0.002500 0.005347 -0.000430 0.170002 0.008071 0.087625 0.0000000 1 418.629359 418.629359 505.740581 286.574774 -0.020453 -0.024926 0.019510 -0.005656 -0.660094 0.642445 -0.268559 0.281810 -0.062419 0.031365 0.062150 0 1.00000000 0.00000000 0.00000000 1.00000000 0.00000000 1.00000000 1.00000000 0.00000000 0.00000000 1.00000000 0.00000000 1.00000000 0.00000000 0.00000000 0.00000000 0.00000000 0.00000000 0.00000000 0.00000000 0.00000000 0.00000000 0.00000000 0.00000000 0.00000000 1.00000000 0.00000000 0.00000000 0.00000000 1.00000000 
1700000037.09204 0.149056 0.203509 -0.967586 0.011987 0.036600 0.030607 0.012953 0.002380 -0.008478 -0.010030 0.002433 0.004962 -0.000338 0.170372 0.008566 0.087905 0.0000000 1 418.629359 418.629359 505.740581 286.574774 -0.020453 -0.024926 0.019510 -0.005656 -0.660094 0.642445 -0.268559 0.281810 -0.062419 0.031365 0.062150 0 1.00000000 0.00000000 0.00000000 1.00000000 0.00000000 1.00000000 1.00000000 0.00000000 0.00000000 1.00000000 0.00000000 1.00000000 0.00000000 0.00000000 0.00000000 0.00000000 0.00000000 0.00000000 0.00000000 0.00000000 0.00000000 0.00000000 0.00000000 0.00000000 1.00000000 0.00000000 0.00000000 0.00000000 1.00000000 
1700000037.12595 0.145494 0.214984 -0.965630 0.013103 0.036504 0.030448 0.012967 -0.000624 -0.008846 -0.007889 0.002362 0.004679 -0.000189 0.170769 0.009286 0.088185 0.0000000 1 418.629359 418.629359 505.740581 286.574774 -0.020453 -0.024926 0.019510 -0.005656 -0.660094 0.642445 -0.268559 0.281810 -0.062419 0.031365 0.062150 0 1.00000000 0.00000000 0.00000000 1.00000000 0.00000000 1.00000000 1.00000000 0.00000000 0.00000000 1.00000000 0.00000000 1.00000000 0.00000000 0.00000000 0.00000000 0.00000000 0.00000000 0.00000000 0.00000000 0.00000000 0.00000000 0.00000000 0.00000000 0.00000000 1.00000000 0.00000000 0.00000000 0.00000000 1.00000000 
1700000037.15985 0.142449 0.226729 -0.963380 0.014163 0.036294 0.030106 0.012697 0.001531 -0.011102 -0.012478 0.002480 0.004324 -0.000165 0.171348 0.008942 0.088450 0.0000000 1 418.629359 418.629359 505.740581 286.574774 -0.020453 -0.024926 0.019510 -0.005656 -0.660094 0.642445 -0.268559 0.281810 -0.062419 0.031365 0.062150 0 1.00000000 0.00000000 0.00000000 1.00000000 0.00000000 1.00000000 1.00000000 0.00000000 0.00000000 1.00000000 0.00000000 1.00000000 0.00000000 0.00000000 0.00000000 0.00000000 0.00000000 0.00000000 0.00000000 0.00000000 0.00000000 0.00000000 0.00000000 0.00000000 1.00000000 0.00000000 0.00000000 0.00000000 1.00000000 
1700000037.19376 0.139454 0.237040 -0.961309 0.015772 0.036244 0.029525 0.012321 0.004357 -0.017986 -0.013625 0.002329 0.004078 -0.000022 0.171338 0.008996 0.088488 0.0000000 1 418.629359 418.629359 505.740581 286.574774 -0.020453 -0.024926 0.019510 -0.005656 -0.660094 0.642445 -0.268559 0.281810 -0.062419 0.031365 0.062150 0 1.00000000 0.00000000 0.00000000 1.00000000 0.00000000 1.00000000 1.00000000 0.00000000 0.00000000 1.00000000 0.00000000 1.00000000 0.00000000 0.00000000 0.00000000 0.00000000 0.00000000 0.00000000 0.00000000 0.00000000 0.00000000 0.00000000 0.00000000 0.00000000 1.00000000 0.00000000 0.00000000 0.00000000 1.00000000 
1700000037.22766 0.137115 0.247518 -0.958957 0.018314 0.036464 0.029086 0.011684 0.012454 -0.021845 -0.026581 0.002280 0.004010 -0.000028 0.171824 0.008756 0.088685 0.0000000 1 418.629359 418.629359 505.740581 286.574774 -0.020453 -0.024926 0.019510 -0.005656 -0.660094 0.642445 -0.268559 0.281810 -0.062419 0.031365 0.062150 0 1.00000000 0.00000000 0.00000000 1.00000000 0.00000000 1.00000000 1.00000000 0.00000000 0.00000000 1.00000000 0.00000000 1.00000000 0.00000000 0.00000000 0.00000000 0.00000000 0.00000000 0.00000000 0.00000000 0.00000000 0.00000000 0.00000000 0.00000000 0.00000000 1.00000000 0.00000000 0.00000000 0.00000000 1.00000000 
1700000037.26157 0.134170 0.258702 -0.956342 0.021936 0.036529 0.028378 0.010820 0.015597 -0.027494 -0.029047 0.002370 0.004022 -0.000172 0.171592 0.010495 0.088941 0.0000000 1 418.629359 418.629359 505.740581 286.574774 -0.020453 -0.024926 0.019510 -0.005656 -0.660094 0.642445 -0.268559 0.281810 -0.062419 0.031365 0.062150 0 1.00000000 0.00000000 0.00000000 1.00000000 0.00000000 1.00000000 1.00000000 0.00000000 0.00000000 1.00000000 0.00000000 1.00000000 0.00000000 0.00000000 0.00000000 0.00000000 0.00000000 0.00000000 0.00000000 0.00000000 0.00000000 0.00000000 0.00000000 0.00000000 1.00000000 0.00000000 0.00000000 0.00000000 1.00000000 
1700000037.29547 0.130838 0.269054 -0.953859 0.025383 0.036743 0.027555 0.009837 0.013355 -0.030191 -0.033708 0.002515 0.004065 -0.000132 0.172512 0.011541 0.089667 0.0000000 1 418.629359 418.629359 505.740581 286.574774 -0.020453 -0.024926 0.019510 -0.005656 -0.660094 0.642445 -0.268559 0.281810 -0.062419 0.031365 0.062150 0 1.00000000 0.00000000 0.00000000 1.00000000 0.00000000 1.00000000 1.00000000 0.00000000 0.00000000 1.00000000 0.00000000 1.00000000 0.00000000 0.00000000 0.00000000 0.00000000 0.00000000 0.00000000 0.00000000 0.00000000 0.00000000 0.00000000 0.00000000 0.00000000 1.00000000 0.00000000 0.00000000 0.00000000 1.00000000 
1700000037.32938 0.127893 0.279120 -0.951291 0.027940 0.036947 0.026802 0.008693 0.012328 -0.029047 -0.041551 0.002602 0.004036 -0.000050 0.173890 0.012762 0.090625 0.0000000 1 418.629359 418.629359 505.740581 286.574774 -0.020453 -0.024926 0.019510 -0.005656 -0.660094 0.642445 -0.268559 0.281810 -0.062419 0.031365 0.062150 0 1.00000000 0.00000000 0.00000000 1.00000000 0.00000000 1.00000000 1.00000000 0.00000000 0.00000000 1.00000000 0.00000000 1.00000000 0.00000000 0.00000000 0.00000000 0.00000000 0.00000000 0.00000000 0.00000000 0.00000000 0.00000000 0.00000000 0.00000000 0.00000000 1.00000000 0.00000000 0.00000000 0.00000000 1.00000000 
1700000037.36328 0.125217 0.288398 -0.948806 0.030256 0.037013 0.025681 0.007516 0.012114 -0.030720 -0.036666 0.002625 0.003743 0.000089 0.173844 0.014302 0.090938 0.0000000 1 418.629359 418.629359 505.740581 286.574774 -0.020453 -0.024926 0.019510 -0.005656 -0.660094 0.642445 -0.268559 0.281810 -0.062419 0.031365 0.062150 0 1.00000000 0.00000000 0.00000000 1.00000000 0.00000000 1.00000000 1.00000000 0.00000000 0.00000000 1.00000000 0.00000000 1.00000000 0.00000000 0.00000000 0.00000000 0.00000000 0.00000000 0.00000000 0.00000000 0.00000000 0.00000000 0.00000000 0.00000000 0.00000000 1.00000000 0.00000000 0.00000000 0.00000000 1.00000000 
1700000037.39719 0.123106 0.295233 -0.946905 0.032454 0.037192 0.024318 0.006657 0.012044 -0.036215 -0.029614 0.002769 0.003287 0.000251 0.173859 0.014072 0.090911 0.0000000 1 418.629359 418.629359 505.740581 286.574774 -0.020453 -0.024926 0.019510 -0.005656 -0.660094 0.642445 -0.268559 0.281810 -0.062419 0.031365 0.062150 0 1.00000000 0.00000000 0.00000000 1.00000000 0.00000000 1.00000000 1.00000000 0.00000000 0.00000000 1.00000000 0.00000000 1.00000000 0.00000000 0.00000000 0.00000000 0.00000000 0.00000000 0.00000000 0.00000000 0.00000000 0.00000000 0.00000000 0.00000000 0.00000000 1.00000000 0.00000000 0.00000000 0.00000000 1.00000000 
1700000037.43109 0.121783 0.300561 -0.945338 0.034176 0.037502 0.022679 0.005860 0.015847 -0.041320 -0.029445 0.003016 0.002824 0.000570 0.174357 0.014226 0.091196 0.0000000 1 418.629359 418.629359 505.740581 286.574774 -0.020453 -0.024926 0.019510 -0.005656 -0.660094 0.642445 -0.268559 0.281810 -0.062419 0.031365 0.062150 0 1.00000000 0.00000000 0.00000000 1.00000000 0.00000000 1.00000000 1.00000000 0.00000000 0.00000000 1.00000000 0.00000000 1.00000000 0.00000000 0.00000000 0.00000000 0.00000000 0.00000000 0.00000000 0.00000000 0.00000000 0.00000000 0.00000000 0.00000000 0.00000000 1.00000000 0.00000000 0.00000000 0.00000000 1.00000000 
1700000037.46500 0.120600 0.305058 -0.943961 0.036503 0.037795 0.021044 0.004900 0.017704 -0.045814 -0.022558 0.003149 0.002637 0.000818 0.174602 0.015531 0.091644 0.0000000 1 418.629359 418.629359 505.740581 286.574774 -0.020453 -0.024926 0.019510 -0.005656 -0.660094 0.642445 -0.268559 0.281810 -0.062419 0.031365 0.062150 0 1.00000000 0.00000000 0.00000000 1.00000000 0.00000000 1.00000000 1.00000000 0.00000000 0.00000000 1.00000000 0.00000000 1.00000000 0.00000000 0.00000000 0.00000000 0.00000000 0.00000000 0.00000000 0.00000000 0.00000000 0.00000000 0.00000000 0.00000000 0.00000000 1.00000000 0.00000000 0.00000000 0.00000000 1.00000000 
1700000037.49890 0.119770 0.307808 -0.943097 0.038438 0.038095 0.019400 0.004396 0.015353 -0.047588 -0.018420 0.003112 0.002275 0.001101 0.175636 0.017219 0.092533 0.0000000 1 418.629359 418.629359 505.740581 286.574774 -0.020453 -0.024926 0.019510 -0.005656 -0.660094 0.642445 -0.268559 0.281810 -0.062419 0.031365 0.062150 0 1.00000000 0.00000000 0.00000000 1.00000000 0.00000000 1.00000000 1.00000000 0.00000000 0.00000000 1.00000000 0.00000000 1.00000000 0.00000000 0.00000000 0.00000000 0.00000000 0.00000000 0.00000000 0.00000000 0.00000000 0.00000000 0.00000000 0.00000000 0.00000000 1.00000000 0.00000000 0.00000000 0.00000000 1.00000000 
1700000037.53281 0.119047 0.310856 -0.942091 0.040753 0.038469 0.018130 0.003734 0.017669 -0.041713 -0.022517 0.003267 0.002164 0.001115 0.178048 0.017519 0.093839 0.0000000 1 418.629359 418.629359 505.740581 286.574774 -0.020453 -0.024926 0.019510 -0.005656 -0.660094 0.642445 -0.268559 0.281810 -0.062419 0.031365 0.062150 0 1.00000000 0.00000000 0.00000000 1.00000000 0.00000000 1.00000000 1.00000000 0.00000000 0.00000000 1.00000000 0.00000000 1.00000000 0.00000000 0.00000000 0.00000000 0.00000000 0.00000000 0.00000000 0.00000000 0.00000000 0.00000000 0.00000000 0.00000000 0.00000000 1.00000000 0.00000000 0.00000000 0.00000000 1.00000000 
1700000037.56671 0.118310 0.314025 -0.941020 0.043277 0.038708 0.016818 0.003181 0.013515 -0.040125 -0.016302 0.003427 0.001989 0.001225 0.179386 0.019452 0.094950 0.0000000 1 418.629359 418.629359 505.740581 286.574774 -0.020453 -0.024926 0.019510 -0.005656 -0.660094 0.642445 -0.268559 0.281810 -0.062419 0.031365 0.062150 0 1.00000000 0.00000000 0.00000000 1.00000000 0.00000000 1.00000000 1.00000000 0.00000000 0.00000000 1.00000000 0.00000000 1.00000000 0.00000000 0.00000000 0.00000000 0.00000000 0.00000000 0.00000000 0.00000000 0.00000000 0.00000000 0.00000000 0.00000000 0.00000000 1.00000000 0.00000000 0.00000000 0.00000000 1.00000000 
1700000037.60062 0.117397 0.316487 -0.940230 0.044958 0.038941 0.015615 0.002666 0.011400 -0.034998 -0.014731 0.003494 0.001806 0.001409 0.181348 0.020107 0.096116 0.0000000 1 418.629359 418.629359 505.740581 286.574774 -0.020453 -0.024926 0.019510 -0.005656 -0.660094 0.642445 -0.268559 0.281810 -0.062419 0.031365 0.062150 0 1.00000000 0.00000000 0.00000000 1.00000000 0.00000000 1.00000000 1.00000000 0.00000000 0.00000000 1.00000000 0.00000000 1.00000000 0.00000000 0.00000000 0.00000000 0.00000000 0.00000000 0.00000000 0.00000000 0.00000000 0.00000000 0.00000000 0.00000000 0.00000000 1.00000000 0.00000000 0.00000000 0.00000000 1.00000000 
1700000037.63452 0.116155 0.318804 -0.939536 0.046307 0.038936 0.014508 0.002228 0.007397 -0.031143 -0.010877 0.003575 0.001686 0.001533 0.182644 0.021798 0.097195 0.0000000 1 418.629359 418.629359 505.740581 286.574774 -0.020453 -0.024926 0.019510 -0.005656 -0.660094 0.642445 -0.268559 0.281810 -0.062419 0.031365 0.062150 0 1.00000000 0.00000000 0.00000000 1.00000000 0.00000000 1.00000000 1.00000000 0.00000000 0.00000000 1.00000000 0.00000000 1.00000000 0.00000000 0.00000000 0.00000000 0.00000000 0.00000000 0.00000000 0.00000000 0.00000000 0.00000000 0.00000000 0.00000000 0.00000000 1.00000000 0.00000000 0.00000000 0.00000000 1.00000000 
1700000037.66843 0.115080 0.320355 -0.939100 0.047112 0.039075 0.013602 0.001865 0.006619 -0.025479 -0.008823 0.003506 0.001532 0.001720 0.184270 0.021759 0.098048 0.0000000 1 418.629359 418.629359 505.740581 286.574774 -0.020453 -0.024926 0.019510 -0.005656 -0.660094 0.642445 -0.268559 0.281810 -0.062419 0.031365 0.062150 0 1.00000000 0.00000000 0.00000000 1.00000000 0.00000000 1.00000000 1.00000000 0.00000000 0.00000000 1.00000000 0.00000000 1.00000000 0.00000000 0.00000000 0.00000000 0.00000000 0.00000000 0.00000000 0.00000000 0.00000000 0.00000000 0.00000000 0.00000000 0.00000000 1.00000000 0.00000000 0.00000000 0.00000000 1.00000000 
1700000037.70233 0.114399 0.321065 -0.938928 0.047383 0.039149 0.012712 0.001503 0.005636 -0.021620 -0.006025 0.003416 0.001327 0.001945 0.185041 0.021781 0.098499 0.0000000 1 418.629359 418.629359 505.740581 286.574774 -0.020453 -0.024926 0.019510 -0.005656 -0.660094 0.642445 -0.268559 0.281810 -0.062419 0.031365 0.062150 0 1.00000000 0.00000000 0.00000000 1.00000000 0.00000000 1.00000000 1.00000000 0.00000000 0.00000000 1.00000000 0.00000000 1.00000000 0.00000000 0.00000000 0.00000000 0.00000000 0.00000000 0.00000000 0.00000000 0.00000000 0.00000000 0.00000000 0.00000000 0.00000000 1.00000000 0.00000000 0.00000000 0.00000000 1.00000000 
1700000037.73624 0.114287 0.320418 -0.939178 0.047058 0.039180 0.011985 0.001214 0.002209 -0.016525 -0.003561 0.003226 0.001161 0.002259 0.186128 0.021783 0.099114 0.0000000 1 418.629359 418.629359 505.740581 286.574774 -0.020453 -0.024926 0.019510 -0.005656 -0.660094 0.642445 -0.268559 0.281810 -0.062419 0.031365 0.062150 0 1.00000000 0.00000000 0.00000000 1.00000000 0.00000000 1.00000000 1.00000000 0.00000000 0.00000000 1.00000000 0.00000000 1.00000000 0.00000000 0.00000000 0.00000000 0.00000000 0.00000000 0.00000000 0.00000000 0.00000000 0.00000000 0.00000000 0.00000000 0.00000000 1.00000000 0.00000000 0.00000000 0.00000000 1.00000000 
1700000037.77014 0.114578 0.318470 -0.939866 0.045828 0.039055 0.011552 0.000929 -0.002358 -0.008127 -0.000939 0.002954 0.001090 0.002663 0.187538 0.022049 0.099971 0.0000000 1 418.629359 418.629359 505.740581 286.574774 -0.020453 -0.024926 0.019510 -0.005656 -0.660094 0.642445 -0.268559 0.281810 -0.062419 0.031365 0.062150 0 1.00000000 0.00000000 0.00000000 1.00000000 0.00000000 1.00000000 1.00000000 0.00000000 0.00000000 1.00000000 0.00000000 1.00000000 0.00000000 0.00000000 0.00000000 0.00000000 0.00000000 0.00000000 0.00000000 0.00000000 0.00000000 0.00000000 0.00000000 0.00000000 1.00000000 0.00000000 0.00000000 0.00000000 1.00000000 
1700000037.80405 0.115524 0.315191 -0.940929 0.044278 0.038789 0.011333 0.000776 -0.006686 -0.002390 0.000990 0.002717 0.001045 0.002968 0.188514 0.022246 0.100597 0.0000000 1 418.629359 418.629359 505.740581 286.574774 -0.020453 -0.024926 0.019510 -0.005656 -0.660094 0.642445 -0.268559 0.281810 -0.062419 0.031365 0.062150 0 1.00000000 0.00000000 0.00000000 1.00000000 0.00000000 1.00000000 1.00000000 0.00000000 0.00000000 1.00000000 0.00000000 1.00000000 0.00000000 0.00000000 0.00000000 0.00000000 0.00000000 0.00000000 0.00000000 0.00000000 0.00000000 0.00000000 0.00000000 0.00000000 1.00000000 0.00000000 0.00000000 0.00000000 1.00000000 
1700000037.83795 0.116944 0.311210 -0.942187 0.041917 0.038371 0.011400 0.000872 -0.011681 0.003529 0.003646 0.002469 0.000985 0.003269 0.189537 0.024135 0.101519 0.0000000 1 418.629359 418.629359 505.740581 286.574774 -0.020453 -0.024926 0.019510 -0.005656 -0.660094 0.642445 -0.268559 0.281810 -0.062419 0.031365 0.062150 0 1.00000000 0.00000000 0.00000000 1.00000000 0.00000000 1.00000000 1.00000000 0.00000000 0.00000000 1.00000000 0.00000000 1.00000000 0.00000000 0.00000000 0.00000000 0.00000000 0.00000000 0.00000000 0.00000000 0.00000000 0.00000000 0.00000000 0.00000000 0.00000000 1.00000000 0.00000000 0.00000000 0.00000000 1.00000000 
1700000037.87186 0.118385 0.306372 -0.943730 0.038657 0.037740 0.011489 0.001041 -0.013576 0.005721 0.010637 0.002195 0.000952 0.003517 0.189467 0.025853 0.101899 0.0000000 1 418.629359 418.629359 505.740581 286.574774 -0.020453 -0.024926 0.019510 -0.005656 -0.660094 0.642445 -0.268559 0.281810 -0.062419 0.031365 0.062150 0 1.00000000 0.00000000 0.00000000 1.00000000 0.00000000 1.00000000 1.00000000 0.00000000 0.00000000 1.00000000 0.00000000 1.00000000 0.00000000 0.00000000 0.00000000 0.00000000 0.00000000 0.00000000 0.00000000 0.00000000 0.00000000 0.00000000 0.00000000 0.00000000 1.00000000 0.00000000 0.00000000 0.00000000 1.00000000 
1700000037.90576 0.120149 0.299662 -0.945781 0.035581 0.037361 0.011517 0.001407 -0.007786 0.004339 0.018620 0.001845 0.000874 0.003757 0.188806 0.025835 0.101603 0.0000000 1 418.629359 418.629359 505.740581 286.574774 -0.020453 -0.024926 0.019510 -0.005656 -0.660094 0.642445 -0.268559 0.281810 -0.062419 0.031365 0.062150 0 1.00000000 0.00000000 0.00000000 1.00000000 0.00000000 1.00000000 1.00000000 0.00000000 0.00000000 1.00000000 0.00000000 1.00000000 0.00000000 0.00000000 0.00000000 0.00000000 0.00000000 0.00000000 0.00000000 0.00000000 0.00000000 0.00000000 0.00000000 0.00000000 1.00000000 0.00000000 0.00000000 0.00000000 1.00000000 
1700000037.93967 0.122669 0.291299 -0.948172 0.032650 0.037012 0.011622 0.002068 -0.005233 0.003852 0.025218 0.001510 0.000772 0.003996 0.188770 0.026364 0.101756 0.0000000 1 418.629359 418.629359 505.740581 286.574774 -0.020453 -0.024926 0.019510 -0.005656 -0.660094 0.642445 -0.268559 0.281810 -0.062419 0.031365 0.062150 0 1.00000000 0.00000000 0.00000000 1.00000000 0.00000000 1.00000000 1.00000000 0.00000000 0.00000000 1.00000000 0.00000000 1.00000000 0.00000000 0.00000000 0.00000000 0.00000000 0.00000000 0.00000000 0.00000000 0.00000000 0.00000000 0.00000000 0.00000000 0.00000000 1.00000000 0.00000000 0.00000000 0.00000000 1.00000000 
1700000037.97357 0.125434 0.281469 -0.950866 0.029926 0.036739 0.011748 0.003007 -0.000409 0.003593 0.030350 0.001184 0.000647 0.004134 0.188533 0.027262 0.101870 0.0000000 1 418.629359 418.629359 505.740581 286.574774 -0.020453 -0.024926 0.019510 -0.005656 -0.660094 0.642445 -0.268559 0.281810 -0.062419 0.031365 0.062150 0 1.00000000 0.00000000 0.00000000 1.00000000 0.00000000 1.00000000 1.00000000 0.00000000 0.00000000 1.00000000 0.00000000 1.00000000 0.00000000 0.00000000 0.00000000 0.00000000 0.00000000 0.00000000 0.00000000 0.00000000 0.00000000 0.00000000 0.00000000 0.00000000 1.00000000 0.00000000 0.00000000 0.00000000 1.00000000 
1700000038.00748 0.128083 0.270542 -0.953749 0.027663 0.036521 0.011985 0.004198 0.001393 0.004246 0.035161 0.000810 0.000546 0.004259 0.188551 0.028731 0.102221 0.0000000 1 418.629359 418.629359 505.740581 286.574774 -0.020453 -0.024926 0.019510 -0.005656 -0.660094 0.642445 -0.268559 0.281810 -0.062419 0.031365 0.062150 0 1.00000000 0.00000000 0.00000000 1.00000000 0.00000000 1.00000000 1.00000000 0.00000000 0.00000000 1.00000000 0.00000000 1.00000000 0.00000000 0.00000000 0.00000000 0.00000000 0.00000000 0.00000000 0.00000000 0.00000000 0.00000000 0.00000000 0.00000000 0.00000000 1.00000000 0.00000000 0.00000000 0.00000000 1.00000000 
1700000038.04138 0.130657 0.259250 -0.956593 0.025478 0.036248 0.012415 0.005689 0.000398 0.006993 0.038113 0.000675 0.000383 0.004216 0.188977 0.030695 0.102842 0.0000000 1 418.629359 418.629359 505.740581 286.574774 -0.020453 -0.024926 0.019510 -0.005656 -0.660094 0.642445 -0.268559 0.281810 -0.062419 0.031365 0.062150 0 1.00000000 0.00000000 0.00000000 1.00000000 0.00000000 1.00000000 1.00000000 0.00000000 0.00000000 1.00000000 0.00000000 1.00000000 0.00000000 0.00000000 0.00000000 0.00000000 0.00000000 0.00000000 0.00000000 0.00000000 0.00000000 0.00000000 0.00000000 0.00000000 1.00000000 0.00000000 0.00000000 0.00000000 1.00000000 
1700000038.07529 0.133388 0.247729 -0.959323 0.023155 0.035914 0.012823 0.007206 -0.001380 0.007481 0.040490 0.000512 0.000102 0.004142 0.189052 0.031798 0.103128 0.0000000 1 418.629359 418.629359 505.740581 286.574774 -0.020453 -0.024926 0.019510 -0.005656 -0.660094 0.642445 -0.268559 0.281810 -0.062419 0.031365 0.062150 0 1.00000000 0.00000000 0.00000000 1.00000000 0.00000000 1.00000000 1.00000000 0.00000000 0.00000000 1.00000000 0.00000000 1.00000000 0.00000000 0.00000000 0.00000000 0.00000000 0.00000000 0.00000000 0.00000000 0.00000000 0.00000000 0.00000000 0.00000000 0.00000000 1.00000000 0.00000000 0.00000000 0.00000000 1.00000000 
1700000038.10919 0.136607 0.235325 -0.962054 0.020330 0.035698 0.013359 0.008666 -0.002732 0.008875 0.039748 0.000251 -0.000226 0.004161 0.189841 0.031630 0.103513 0.0000000 1 418.629359 418.629359 505.740581 286.574774 -0.020453 -0.024926 0.019510 -0.005656 -0.660094 0.642445 -0.268559 0.281810 -0.062419 0.031365 0.062150 0 1.00000000 0.00000000 0.00000000 1.00000000 0.00000000 1.00000000 1.00000000 0.00000000 0.00000000 1.00000000 0.00000000 1.00000000 0.00000000 0.00000000 0.00000000 0.00000000 0.00000000 0.00000000 0.00000000 0.00000000 0.00000000 0.00000000 0.00000000 0.00000000 1.00000000 0.00000000 0.00000000 0.00000000 1.00000000 
1700000038.14310 0.140619 0.221835 -0.964724 0.017952 0.035599 0.014151 0.009681 0.001861 0.012914 0.033184 -0.000015 -0.000148 0.003997 0.191119 0.030127 0.103962 0.0000000 1 418.629359 418.629359 505.740581 286.574774 -0.020453 -0.024926 0.019510 -0.005656 -0.660094 0.642445 -0.268559 0.281810 -0.062419 0.031365 0.062150 0 1.00000000 0.00000000 0.00000000 1.00000000 0.00000000 1.00000000 1.00000000 0.00000000 0.00000000 1.00000000 0.00000000 1.00000000 0.00000000 0.00000000 0.00000000 0.00000000 0.00000000 0.00000000 0.00000000 0.00000000 0.00000000 0.00000000 0.00000000 0.00000000 1.00000000 0.00000000 0.00000000 0.00000000 1.00000000 
1700000038.17700 0.145743 0.207593 -0.967155 0.016618 0.035661 0.015011 0.010656 0.007121 0.012908 0.027217 -0.000329 -0.000087 0.003641 0.191382 0.029338 0.103986 0.0000000 1 418.629359 418.629359 505.740581 286.574774 -0.020453 -0.024926 0.019510 -0.005656 -0.660094 0.642445 -0.268559 0.281810 -0.062419 0.031365 0.062150 0 1.00000000 0.00000000 0.00000000 1.00000000 0.00000000 1.00000000 1.00000000 0.00000000 0.00000000 1.00000000 0.00000000 1.00000000 0.00000000 0.00000000 0.00000000 0.00000000 0.00000000 0.00000000 0.00000000 0.00000000 0.00000000 0.00000000 0.00000000 0.00000000 1.00000000 0.00000000 0.00000000 0.00000000 1.00000000 
1700000038.21091 0.151080 0.193960 -0.969184 0.015391 0.035644 0.015859 0.011713 0.006758 0.013314 0.024488 -0.000371 -0.000004 0.003352 0.191380 0.030387 0.104166 0.0000000 1 418.629359 418.629359 505.740581 286.574774 -0.020453 -0.024926 0.019510 -0.005656 -0.660094 0.642445 -0.268559 0.281810 -0.062419 0.031365 0.062150 0 1.00000000 0.00000000 0.00000000 1.00000000 0.00000000 1.00000000 1.00000000 0.00000000 0.00000000 1.00000000 0.00000000 1.00000000 0.00000000 0.00000000 0.00000000 0.00000000 0.00000000 0.00000000 0.00000000 0.00000000 0.00000000 0.00000000 0.00000000 0.00000000 1.00000000 0.00000000 0.00000000 0.00000000 1.00000000 
1700000038.24481 0.156137 0.180967 -0.970921 0.013576 0.035470 0.016866 0.012803 0.004791 0.015835 0.023151 -0.000417 0.000006 0.003050 0.191392 0.031808 0.104379 0.0000000 1 418.629359 418.629359 505.740581 286.574774 -0.020453 -0.024926 0.019510 -0.005656 -0.660094 0.642445 -0.268559 0.281810 -0.062419 0.031365 0.062150 0 1.00000000 0.00000000 0.00000000 1.00000000 0.00000000 1.00000000 1.00000000 0.00000000 0.00000000 1.00000000 0.00000000 1.00000000 0.00000000 0.00000000 0.00000000 0.00000000 0.00000000 0.00000000 0.00000000 0.00000000 0.00000000 0.00000000 0.00000000 0.00000000 1.00000000 0.00000000 0.00000000 0.00000000 1.00000000 
1700000038.27872 0.160573 0.168547 -0.972461 0.011340 0.035317 0.017818 0.013772 0.006587 0.017948 0.025295 -0.000503 -0.000005 0.002759 0.191075 0.032678 0.104339 0.0000000 1 418.629359 418.629359 505.740581 286.574774 -0.020453 -0.024926 0.019510 -0.005656 -0.660094 0.642445 -0.268559 0.281810 -0.062419 0.031365 0.062150 0 1.00000000 0.00000000 0.00000000 1.00000000 0.00000000 1.00000000 1.00000000 0.00000000 0.00000000 1.00000000 0.00000000 1.00000000 0.00000000 0.00000000 0.00000000 0.00000000 0.00000000 0.00000000 0.00000000 0.00000000 0.00000000 0.00000000 0.00000000 0.00000000 1.00000000 0.00000000 0.00000000 0.00000000 1.00000000 
1700000038.31262 0.164669 0.155638 -0.973948 0.009248 0.035398 0.018641 0.014617 0.008196 0.017586 0.026850 -0.000551 0.000052 0.002536 0.190933 0.032677 0.104300 0.0000000 1 418.629359 418.629359 505.740581 286.574774 -0.020453 -0.024926 0.019510 -0.005656 -0.660094 0.642445 -0.268559 0.281810 -0.062419 0.031365 0.062150 0 1.00000000 0.00000000 0.00000000 1.00000000 0.00000000 1.00000000 1.00000000 0.00000000 0.00000000 1.00000000 0.00000000 1.00000000 0.00000000 0.00000000 0.00000000 0.00000000 0.00000000 0.00000000 0.00000000 0.00000000 0.00000000 0.00000000 0.00000000 0.00000000 1.00000000 0.00000000 0.00000000 0.00000000 1.00000000 
1700000038.34653 0.169669 0.141844 -0.975210 0.007658 0.035710 0.019256 0.015569 0.014223 0.014919 0.028261 -0.000616 0.000022 0.002331 0.190395 0.032295 0.103940 0.0000000 1 418.629359 418.629359 505.740581 286.574774 -0.020453 -0.024926 0.019510 -0.005656 -0.660094 0.642445 -0.268559 0.281810 -0.062419 0.031365 0.062150 0 1.00000000 0.00000000 0.00000000 1.00000000 0.00000000 1.00000000 1.00000000 0.00000000 0.00000000 1.00000000 0.00000000 1.00000000 0.00000000 0.00000000 0.00000000 0.00000000 0.00000000 0.00000000 0.00000000 0.00000000 0.00000000 0.00000000 0.00000000 0.00000000 1.00000000 0.00000000 0.00000000 0.00000000 1.00000000 
1700000038.38043 0.175299 0.127021 -0.976258 0.007489 0.036107 0.019682 0.016723 0.017208 0.010864 0.033373 -0.000665 -0.000061 0.002123 0.189612 0.032086 0.103463 0.0000000 1 418.629359 418.629359 505.740581 286.574774 -0.020453 -0.024926 0.019510 -0.005656 -0.660094 0.642445 -0.268559 0.281810 -0.062419 0.031365 0.062150 0 1.00000000 0.00000000 0.00000000 1.00000000 0.00000000 1.00000000 1.00000000 0.00000000 0.00000000 1.00000000 0.00000000 1.00000000 0.00000000 0.00000000 0.00000000 0.00000000 0.00000000 0.00000000 0.00000000 0.00000000 0.00000000 0.00000000 0.00000000 0.00000000 1.00000000 0.00000000 0.00000000 0.00000000 1.00000000 
1700000038.41434 0.181605 0.111254 -0.977034 0.006874 0.036217 0.019959 0.018044 0.011709 0.008138 0.033067 -0.000890 -0.000475 0.002328 0.188740 0.032111 0.102996 0.0000000 1 418.629359 418.629359 505.740581 286.574774 -0.020453 -0.024926 0.019510 -0.005656 -0.660094 0.642445 -0.268559 0.281810 -0.062419 0.031365 0.062150 0 1.00000000 0.00000000 0.00000000 1.00000000 0.00000000 1.00000000 1.00000000 0.00000000 0.00000000 1.00000000 0.00000000 1.00000000 0.00000000 0.00000000 0.00000000 0.00000000 0.00000000 0.00000000 0.00000000 0.00000000 0.00000000 0.00000000 0.00000000 0.00000000 1.00000000 0.00000000 0.00000000 0.00000000 1.00000000 
1700000038.44824 0.188137 0.096045 -0.977416 0.006123 0.036257 0.020612 0.019031 0.006127 0.009531 0.025021 -0.000884 -0.000635 0.002256 0.188633 0.032239 0.103008 0.0000000 1 418.629359 418.629359 505.740581 286.574774 -0.020453 -0.024926 0.019510 -0.005656 -0.660094 0.642445 -0.268559 0.281810 -0.062419 0.031365 0.062150 0 1.00000000 0.00000000 0.00000000 1.00000000 0.00000000 1.00000000 1.00000000 0.00000000 0.00000000 1.00000000 0.00000000 1.00000000 0.00000000 0.00000000 0.00000000 0.00000000 0.00000000 0.00000000 0.00000000 0.00000000 0.00000000 0.00000000 0.00000000 0.00000000 1.00000000 0.00000000 0.00000000 0.00000000 1.00000000 
1700000038.48215 0.194226 0.081475 -0.977555 0.004991 0.036183 0.021304 0.019981 0.004507 0.011517 0.020436 -0.000838 -0.000793 0.002219 0.188238 0.032273 0.102707 0.0000000 1 418.629359 418.629359 505.740581 286.574774 -0.020453 -0.024926 0.019510 -0.005656 -0.660094 0.642445 -0.268559 0.281810 -0.062419 0.031365 0.062150 0 1.00000000 0.00000000 0.00000000 1.00000000 0.00000000 1.00000000 1.00000000 0.00000000 0.00000000 1.00000000 0.00000000 1.00000000 0.00000000 0.00000000 0.00000000 0.00000000 0.00000000 0.00000000 0.00000000 0.00000000 0.00000000 0.00000000 0.00000000 0.00000000 1.00000000 0.00000000 0.00000000 0.00000000 1.00000000 
1700000038.51605 0.199702 0.067768 -0.977503 0.003724 0.035884 0.021978 0.020797 -0.000121 0.010746 0.014893 -0.000801 -0.001045 0.002172 0.187644 0.032277 0.102333 0.0000000 1 418.629359 418.629359 505.740581 286.574774 -0.020453 -0.024926 0.019510 -0.005656 -0.660094 0.642445 -0.268559 0.281810 -0.062419 0.031365 0.062150 0 1.00000000 0.00000000 0.00000000 1.00000000 0.00000000 1.00000000 1.00000000 0.00000000 0.00000000 1.00000000 0.00000000 1.00000000 0.00000000 0.00000000 0.00000000 0.00000000 0.00000000 0.00000000 0.00000000 0.00000000 0.00000000 0.00000000 0.00000000 0.00000000 1.00000000 0.00000000 0.00000000 0.00000000 1.00000000 
1700000038.54996 0.204709 0.055079 -0.977268 0.002790 0.035777 0.022648 0.021344 0.001744 0.009805 0.008965 -0.000722 -0.001160 0.001977 0.187210 0.032079 0.102009 0.0000000 1 418.629359 418.629359 505.740581 286.574774 -0.020453 -0.024926 0.019510 -0.005656 -0.660094 0.642445 -0.268559 0.281810 -0.062419 0.031365 0.062150 0 1.00000000 0.00000000 0.00000000 1.00000000 0.00000000 1.00000000 1.00000000 0.00000000 0.00000000 1.00000000 0.00000000 1.00000000 0.00000000 0.00000000 0.00000000 0.00000000 0.00000000 0.00000000 0.00000000 0.00000000 0.00000000 0.00000000 0.00000000 0.00000000 1.00000000 0.00000000 0.00000000 0.00000000 1.00000000 
1700000038.58386 0.209504 0.043155 -0.976852 0.002454 0.035644 0.023361 0.021631 -0.000189 0.009848 0.002846 -0.000717 -0.001261 0.001764 0.186792 0.032048 0.101779 0.0000000 1 418.629359 418.629359 505.740581 286.574774 -0.020453 -0.024926 0.019510 -0.005656 -0.660094 0.642445 -0.268559 0.281810 -0.062419 0.031365 0.062150 0 1.00000000 0.00000000 0.00000000 1.00000000 0.00000000 1.00000000 1.00000000 0.00000000 0.00000000 1.00000000 0.00000000 1.00000000 0.00000000 0.00000000 0.00000000 0.00000000 0.00000000 0.00000000 0.00000000 0.00000000 0.00000000 0.00000000 0.00000000 0.00000000 1.00000000 0.00000000 0.00000000 0.00000000 1.00000000 
1700000038.61777 0.214357 0.031585 -0.976242 0.002155 0.035412 0.023912 0.022073 0.000451 0.009897 0.008055 -0.000708 -0.001453 0.001625 0.186297 0.031373 0.101198 0.0000000 1 418.629359 418.629359 505.740581 286.574774 -0.020453 -0.024926 0.019510 -0.005656 -0.660094 0.642445 -0.268559 0.281810 -0.062419 0.031365 0.062150 0 1.00000000 0.00000000 0.00000000 1.00000000 0.00000000 1.00000000 1.00000000 0.00000000 0.00000000 1.00000000 0.00000000 1.00000000 0.00000000 0.00000000 0.00000000 0.00000000 0.00000000 0.00000000 0.00000000 0.00000000 0.00000000 0.00000000 0.00000000 0.00000000 1.00000000 0.00000000 0.00000000 0.00000000 1.00000000 
1700000038.65167 0.219125 0.019170 -0.975505 0.002392 0.035514 0.024442 0.022559 0.002816 0.010279 0.012911 -0.000792 -0.001598 0.001584 0.185750 0.031114 0.100779 0.0000000 1 418.629359 418.629359 505.740581 286.574774 -0.020453 -0.024926 0.019510 -0.005656 -0.660094 0.642445 -0.268559 0.281810 -0.062419 0.031365 0.062150 0 1.00000000 0.00000000 0.00000000 1.00000000 0.00000000 1.00000000 1.00000000 0.00000000 0.00000000 1.00000000 0.00000000 1.00000000 0.00000000 0.00000000 0.00000000 0.00000000 0.00000000 0.00000000 0.00000000 0.00000000 0.00000000 0.00000000 0.00000000 0.00000000 1.00000000 0.00000000 0.00000000 0.00000000 1.00000000 
1700000038.68558 0.224122 0.007073 -0.974531 0.002870 0.035608 0.024928 0.022811 0.004334 0.008184 0.007293 -0.000807 -0.001516 0.001608 0.185086 0.031197 0.100486 0.0000000 1 418.629359 418.629359 505.740581 286.574774 -0.020453 -0.024926 0.019510 -0.005656 -0.660094 0.642445 -0.268559 0.281810 -0.062419 0.031365 0.062150 0 1.00000000 0.00000000 0.00000000 1.00000000 0.00000000 1.00000000 1.00000000 0.00000000 0.00000000 1.00000000 0.00000000 1.00000000 0.00000000 0.00000000 0.00000000 0.00000000 0.00000000 0.00000000 0.00000000 0.00000000 0.00000000 0.00000000 0.00000000 0.00000000 1.00000000 0.00000000 0.00000000 0.00000000 1.00000000 
1700000038.71948 0.228554 -0.004496 -0.973514 0.003613 0.035710 0.025400 0.023101 0.009008 0.006367 0.006428 -0.000781 -0.001485 0.001556 0.184557 0.031031 0.100143 0.0000000 1 418.629359 418.629359 505.740581 286.574774 -0.020453 -0.024926 0.019510 -0.005656 -0.660094 0.642445 -0.268559 0.281810 -0.062419 0.031365 0.062150 0 1.00000000 0.00000000 0.00000000 1.00000000 0.00000000 1.00000000 1.00000000 0.00000000 0.00000000 1.00000000 0.00000000 1.00000000 0.00000000 0.00000000 0.00000000 0.00000000 0.00000000 0.00000000 0.00000000 0.00000000 0.00000000 0.00000000 0.00000000 0.00000000 1.00000000 0.00000000 0.00000000 0.00000000 1.00000000 
1700000038.75339 0.232592 -0.015332 -0.972444 0.004237 0.035408 0.025761 0.023243 0.001158 -0.000039 -0.000507 -0.000628 -0.001445 0.001522 0.183699 0.030988 0.099709 0.0000000 1 418.629359 418.629359 505.740581 286.574774 -0.020453 -0.024926 0.019510 -0.005656 -0.660094 0.642445 -0.268559 0.281810 -0.062419 0.031365 0.062150 0 1.00000000 0.00000000 0.00000000 1.00000000 0.00000000 1.00000000 1.00000000 0.00000000 0.00000000 1.00000000 0.00000000 1.00000000 0.00000000 0.00000000 0.00000000 0.00000000 0.00000000 0.00000000 0.00000000 0.00000000 0.00000000 0.00000000 0.00000000 0.00000000 1.00000000 0.00000000 0.00000000 0.00000000 1.00000000 
1700000038.78729 0.236077 -0.023967 -0.971430 0.004230 0.034808 0.026528 0.022775 -0.003126 -0.003939 -0.015849 -0.000400 -0.001433 0.001149 0.182781 0.032029 0.099623 0.0000000 1 418.629359 418.629359 505.740581 286.574774 -0.020453 -0.024926 0.019510 -0.005656 -0.660094 0.642445 -0.268559 0.281810 -0.062419 0.031365 0.062150 0 1.00000000 0.00000000 0.00000000 1.00000000 0.00000000 1.00000000 1.00000000 0.00000000 0.00000000 1.00000000 0.00000000 1.00000000 0.00000000 0.00000000 0.00000000 0.00000000 0.00000000 0.00000000 0.00000000 0.00000000 0.00000000 0.00000000 0.00000000 0.00000000 1.00000000 0.00000000 0.00000000 0.00000000 1.00000000 
1700000038.82120 0.238742 -0.031179 -0.970569 0.005064 0.035503 0.026579 0.022899 0.020054 -0.009203 -0.000770 -0.000253 -0.001367 0.000917 0.182913 0.030297 0.098932 0.0000000 1 418.629359 418.629359 505.740581 286.574774 -0.020453 -0.024926 0.019510 -0.005656 -0.660094 0.642445 -0.268559 0.281810 -0.062419 0.031365 0.062150 0 1.00000000 0.00000000 0.00000000 1.00000000 0.00000000 1.00000000 1.00000000 0.00000000 0.00000000 1.00000000 0.00000000 1.00000000 0.00000000 0.00000000 0.00000000 0.00000000 0.00000000 0.00000000 0.00000000 0.00000000 0.00000000 0.00000000 0.00000000 0.00000000 1.00000000 0.00000000 0.00000000 0.00000000 1.00000000 
1700000038.85510 0.241693 -0.039104 -0.969536 0.007398 0.035879 0.026312 0.023179 0.013190 -0.015320 0.002985 -0.000041 -0.001433 0.000842 0.182461 0.029651 0.098444 0.0000000 1 418.629359 418.629359 505.740581 286.574774 -0.020453 -0.024926 0.019510 -0.005656 -0.660094 0.642445 -0.268559 0.281810 -0.062419 0.031365 0.062150 0 1.00000000 0.00000000 0.00000000 1.00000000 0.00000000 1.00000000 1.00000000 0.00000000 0.00000000 1.00000000 0.00000000 1.00000000 0.00000000 0.00000000 0.00000000 0.00000000 0.00000000 0.00000000 0.00000000 0.00000000 0.00000000 0.00000000 0.00000000 0.00000000 1.00000000 0.00000000 0.00000000 0.00000000 1.00000000 
1700000038.88901 0.244844 -0.046711 -0.968410 0.007123 0.035365 0.026455 0.022895 -0.007190 -0.008456 -0.009234 -0.000117 -0.001559 0.001061 0.181213 0.030960 0.098288 0.0000000 1 418.629359 418.629359 505.740581 286.574774 -0.020453 -0.024926 0.019510 -0.005656 -0.660094 0.642445 -0.268559 0.281810 -0.062419 0.031365 0.062150 0 1.00000000 0.00000000 0.00000000 1.00000000 0.00000000 1.00000000 1.00000000 0.00000000 0.00000000 1.00000000 0.00000000 1.00000000 0.00000000 0.00000000 0.00000000 0.00000000 0.00000000 0.00000000 0.00000000 0.00000000 0.00000000 0.00000000 0.00000000 0.00000000 1.00000000 0.00000000 0.00000000 0.00000000 1.00000000 
1700000038.92291 0.247558 -0.054263 -0.967333 0.006061 0.035488 0.026323 0.023360 0.001006 -0.003048 0.006706 -0.000144 -0.001756 0.001148 0.181410 0.028790 0.097528 0.0000000 1 418.629359 418.629359 505.740581 286.574774 -0.020453 -0.024926 0.019510 -0.005656 -0.660094 0.642445 -0.268559 0.281810 -0.062419 0.031365 0.062150 0 1.00000000 0.00000000 0.00000000 1.00000000 0.00000000 1.00000000 1.00000000 0.00000000 0.00000000 1.00000000 0.00000000 1.00000000 0.00000000 0.00000000 0.00000000 0.00000000 0.00000000 0.00000000 0.00000000 0.00000000 0.00000000 0.00000000 0.00000000 0.00000000 1.00000000 0.00000000 0.00000000 0.00000000 1.00000000 
1700000038.95682 0.251310 -0.063352 -0.965809 0.006566 0.035327 0.026355 0.023785 -0.001954 -0.004306 0.006603 -0.000184 -0.002140 0.001157 0.180902 0.029183 0.097406 0.0000000 1 418.629359 418.629359 505.740581 286.574774 -0.020453 -0.024926 0.019510 -0.005656 -0.660094 0.642445 -0.268559 0.281810 -0.062419 0.031365 0.062150 0 1.00000000 0.00000000 0.00000000 1.00000000 0.00000000 1.00000000 1.00000000 0.00000000 0.00000000 1.00000000 0.00000000 1.00000000 0.00000000 0.00000000 0.00000000 0.00000000 0.00000000 0.00000000 0.00000000 0.00000000 0.00000000 0.00000000 0.00000000 0.00000000 1.00000000 0.00000000 0.00000000 0.00000000 1.00000000 
1700000038.99072 0.254566 -0.070787 -0.964444 0.005714 0.034635 0.026566 0.023468 -0.008158 -0.006660 -0.010897 -0.000016 -0.002266 0.001248 0.179369 0.031232 0.097372 0.0000000 1 418.629359 418.629359 505.740581 286.574774 -0.020453 -0.024926 0.019510 -0.005656 -0.660094 0.642445 -0.268559 0.281810 -0.062419 0.031365 0.062150 0 1.00000000 0.00000000 0.00000000 1.00000000 0.00000000 1.00000000 1.00000000 0.00000000 0.00000000 1.00000000 0.00000000 1.00000000 0.00000000 0.00000000 0.00000000 0.00000000 0.00000000 0.00000000 0.00000000 0.00000000 0.00000000 0.00000000 0.00000000 0.00000000 1.00000000 0.00000000 0.00000000 0.00000000 1.00000000 
1700000039.02463 0.256297 -0.075294 -0.963652 0.004271 0.034423 0.026736 0.023169 0.000171 -0.005250 -0.013709 0.000347 -0.002329 0.001173 0.178619 0.031366 0.096984 0.0000000 1 418.629359 418.629359 505.740581 286.574774 -0.020453 -0.024926 0.019510 -0.005656 -0.660094 0.642445 -0.268559 0.281810 -0.062419 0.031365 0.062150 0 1.00000000 0.00000000 0.00000000 1.00000000 0.00000000 1.00000000 1.00000000 0.00000000 0.00000000 1.00000000 0.00000000 1.00000000 0.00000000 0.00000000 0.00000000 0.00000000 0.00000000 0.00000000 0.00000000 0.00000000 0.00000000 0.00000000 0.00000000 0.00000000 1.00000000 0.00000000 0.00000000 0.00000000 1.00000000 
1700000039.05853 0.257595 -0.079430 -0.962974 0.003973 0.034605 0.026782 0.023163 0.002990 -0.002016 -0.005566 0.000517 -0.002334 0.001210 0.178407 0.030445 0.096509 0.0000000 1 418.629359 418.629359 505.740581 286.574774 -0.020453 -0.024926 0.019510 -0.005656 -0.660094 0.642445 -0.268559 0.281810 -0.062419 0.031365 0.062150 0 1.00000000 0.00000000 0.00000000 1.00000000 0.00000000 1.00000000 1.00000000 0.00000000 0.00000000 1.00000000 0.00000000 1.00000000 0.00000000 0.00000000 0.00000000 0.00000000 0.00000000 0.00000000 0.00000000 0.00000000 0.00000000 0.00000000 0.00000000 0.00000000 1.00000000 0.00000000 0.00000000 0.00000000 1.00000000 
1700000039.09244 0.259367 -0.083227 -0.962180 0.003375 0.034383 0.026915 0.022989 -0.001145 -0.001724 -0.007594 0.000697 -0.002468 0.001238 0.177603 0.030804 0.096215 0.0000000 1 418.629359 418.629359 505.740581 286.574774 -0.020453 -0.024926 0.019510 -0.005656 -0.660094 0.642445 -0.268559 0.281810 -0.062419 0.031365 0.062150 0 1.00000000 0.00000000 0.00000000 1.00000000 0.00000000 1.00000000 1.00000000 0.00000000 0.00000000 1.00000000 0.00000000 1.00000000 0.00000000 0.00000000 0.00000000 0.00000000 0.00000000 0.00000000 0.00000000 0.00000000 0.00000000 0.00000000 0.00000000 0.00000000 1.00000000 0.00000000 0.00000000 0.00000000 1.00000000 
1700000039.12634 0.260628 -0.086681 -0.961537 0.002595 0.034306 0.027059 0.022913 -0.001732 -0.000008 -0.004454 0.000843 -0.002529 0.001296 0.177015 0.030868 0.095917 0.0000000 1 418.629359 418.629359 505.740581 286.574774 -0.020453 -0.024926 0.019510 -0.005656 -0.660094 0.642445 -0.268559 0.281810 -0.062419 0.031365 0.062150 0 1.00000000 0.00000000 0.00000000 1.00000000 0.00000000 1.00000000 1.00000000 0.00000000 0.00000000 1.00000000 0.00000000 1.00000000 0.00000000 0.00000000 0.00000000 0.00000000 0.00000000 0.00000000 0.00000000 0.00000000 0.00000000 0.00000000 0.00000000 0.00000000 1.00000000 0.00000000 0.00000000 0.00000000 1.00000000 
1700000039.16025 0.261819 -0.089205 -0.960984 0.001952 0.034047 0.027280 0.022772 -0.003140 0.000325 -0.004410 0.000976 -0.002613 0.001297 0.176223 0.031192 0.095615 0.0000000 1 418.629359 418.629359 505.740581 286.574774 -0.020453 -0.024926 0.019510 -0.005656 -0.660094 0.642445 -0.268559 0.281810 -0.062419 0.031365 0.062150 0 1.00000000 0.00000000 0.00000000 1.00000000 0.00000000 1.00000000 1.00000000 0.00000000 0.00000000 1.00000000 0.00000000 1.00000000 0.00000000 0.00000000 0.00000000 0.00000000 0.00000000 0.00000000 0.00000000 0.00000000 0.00000000 0.00000000 0.00000000 0.00000000 1.00000000 0.00000000 0.00000000 0.00000000 1.00000000 
1700000039.19415 0.261850 -0.090958 -0.960813 0.000259 0.034228 0.027086 0.022876 -0.009126 0.000224 -0.002919 0.001158 -0.002324 0.001905 0.175200 0.031305 0.095122 0.0000000 1 418.629359 418.629359 505.740581 286.574774 -0.020453 -0.024926 0.019510 -0.005656 -0.660094 0.642445 -0.268559 0.281810 -0.062419 0.031365 0.062150 0 1.00000000 0.00000000 0.00000000 1.00000000 0.00000000 1.00000000 1.00000000 0.00000000 0.00000000 1.00000000 0.00000000 1.00000000 0.00000000 0.00000000 0.00000000 0.00000000 0.00000000 0.00000000 0.00000000 0.00000000 0.00000000 0.00000000 0.00000000 0.00000000 1.00000000 0.00000000 0.00000000 0.00000000 1.00000000 
1700000039.22806 -0.262345 0.092212 0.960557 0.001377 0.033913 0.027402 0.022680 -0.008168 -0.000292 -0.004008 0.001246 -0.002362 0.001913 0.174255 0.032094 0.094879 0.0000000 1 418.629359 418.629359 505.740581 286.574774 -0.020453 -0.024926 0.019510 -0.005656 -0.660094 0.642445 -0.268559 0.281810 -0.062419 0.031365 0.062150 0 1.00000000 0.00000000 0.00000000 1.00000000 0.00000000 1.00000000 1.00000000 0.00000000 0.00000000 1.00000000 0.00000000 1.00000000 0.00000000 0.00000000 0.00000000 0.00000000 0.00000000 0.00000000 0.00000000 0.00000000 0.00000000 0.00000000 0.00000000 0.00000000 1.00000000 0.00000000 0.00000000 0.00000000 1.00000000 
1700000039.26196 -0.262514 0.093632 0.960372 0.002276 0.033917 0.027562 0.022787 -0.002474 -0.001487 0.004315 0.001222 -0.002367 0.001880 0.174019 0.031795 0.094620 0.0000000 1 418.629359 418.629359 505.740581 286.574774 -0.020453 -0.024926 0.019510 -0.005656 -0.660094 0.642445 -0.268559 0.281810 -0.062419 0.031365 0.062150 0 1.00000000 0.00000000 0.00000000 1.00000000 0.00000000 1.00000000 1.00000000 0.00000000 0.00000000 1.00000000 0.00000000 1.00000000 0.00000000 0.00000000 0.00000000 0.00000000 0.00000000 0.00000000 0.00000000 0.00000000 0.00000000 0.00000000 0.00000000 0.00000000 1.00000000 0.00000000 0.00000000 0.00000000 1.00000000 
1700000039.29587 -0.262951 0.094213 0.960194 0.002666 0.033765 0.027809 0.022505 -0.003173 -0.007021 -0.002851 0.001394 -0.002239 0.001761 0.172651 0.033458 0.094490 0.0000000 1 418.629359 418.629359 505.740581 286.574774 -0.020453 -0.024926 0.019510 -0.005656 -0.660094 0.642445 -0.268559 0.281810 -0.062419 0.031365 0.062150 0 1.00000000 0.00000000 0.00000000 1.00000000 0.00000000 1.00000000 1.00000000 0.00000000 0.00000000 1.00000000 0.00000000 1.00000000 0.00000000 0.00000000 0.00000000 0.00000000 0.00000000 0.00000000 0.00000000 0.00000000 0.00000000 0.00000000 0.00000000 0.00000000 1.00000000 0.00000000 0.00000000 0.00000000 1.00000000 
1700000039.32977 -0.262655 0.092486 0.960442 0.003291 0.033565 0.028031 0.022028 0.001750 -0.009222 -0.005796 0.001596 -0.002071 0.001546 0.171237 0.034518 0.094137 0.0000000 1 418.629359 418.629359 505.740581 286.574774 -0.020453 -0.024926 0.019510 -0.005656 -0.660094 0.642445 -0.268559 0.281810 -0.062419 0.031365 0.062150 0 1.00000000 0.00000000 0.00000000 1.00000000 0.00000000 1.00000000 1.00000000 0.00000000 0.00000000 1.00000000 0.00000000 1.00000000 0.00000000 0.00000000 0.00000000 0.00000000 0.00000000 0.00000000 0.00000000 0.00000000 0.00000000 0.00000000 0.00000000 0.00000000 1.00000000 0.00000000 0.00000000 0.00000000 1.00000000 
1700000039.36368 -0.261318 0.088764 0.961158 0.003160 0.033718 0.028133 0.021751 0.008770 -0.010273 -0.000683 0.001929 -0.001806 0.001225 0.170393 0.034730 0.093766 0.0000000 1 418.629359 418.629359 505.740581 286.574774 -0.020453 -0.024926 0.019510 -0.005656 -0.660094 0.642445 -0.268559 0.281810 -0.062419 0.031365 0.062150 0 1.00000000 0.00000000 0.00000000 1.00000000 0.00000000 1.00000000 1.00000000 0.00000000 0.00000000 1.00000000 0.00000000 1.00000000 0.00000000 0.00000000 0.00000000 0.00000000 0.00000000 0.00000000 0.00000000 0.00000000 0.00000000 0.00000000 0.00000000 0.00000000 1.00000000 0.00000000 0.00000000 0.00000000 1.00000000 
1700000039.39758 -0.259154 0.083043 0.962257 0.002260 0.033929 0.028349 0.021494 0.014184 -0.007375 0.000553 0.002146 -0.001550 0.000882 0.169404 0.034827 0.093295 0.0000000 1 418.629359 418.629359 505.740581 286.574774 -0.020453 -0.024926 0.019510 -0.005656 -0.660094 0.642445 -0.268559 0.281810 -0.062419 0.031365 0.062150 0 1.00000000 0.00000000 0.00000000 1.00000000 0.00000000 1.00000000 1.00000000 0.00000000 0.00000000 1.00000000 0.00000000 1.00000000 0.00000000 0.00000000 0.00000000 0.00000000 0.00000000 0.00000000 0.00000000 0.00000000 0.00000000 0.00000000 0.00000000 0.00000000 1.00000000 0.00000000 0.00000000 0.00000000 1.00000000 
1700000039.43149 -0.256029 0.076390 0.963645 0.001160 0.034180 0.028528 0.021430 0.010854 -0.002672 0.003218 0.002255 -0.001345 0.000541 0.168934 0.034424 0.092929 0.0000000 1 418.629359 418.629359 505.740581 286.574774 -0.020453 -0.024926 0.019510 -0.005656 -0.660094 0.642445 -0.268559 0.281810 -0.062419 0.031365 0.062150 0 1.00000000 0.00000000 0.00000000 1.00000000 0.00000000 1.00000000 1.00000000 0.00000000 0.00000000 1.00000000 0.00000000 1.00000000 0.00000000 0.00000000 0.00000000 0.00000000 0.00000000 0.00000000 0.00000000 0.00000000 0.00000000 0.00000000 0.00000000 0.00000000 1.00000000 0.00000000 0.00000000 0.00000000 1.00000000 
1700000039.46539 -0.253565 0.069469 0.964821 0.000503 0.034509 0.028790 0.021009 0.004432 0.001593 -0.006533 0.002351 -0.001015 0.000349 0.168030 0.035998 0.093013 0.0000000 1 418.629359 418.629359 505.740581 286.574774 -0.020453 -0.024926 0.019510 -0.005656 -0.660094 0.642445 -0.268559 0.281810 -0.062419 0.031365 0.062150 0 1.00000000 0.00000000 0.00000000 1.00000000 0.00000000 1.00000000 1.00000000 0.00000000 0.00000000 1.00000000 0.00000000 1.00000000 0.00000000 0.00000000 0.00000000 0.00000000 0.00000000 0.00000000 0.00000000 0.00000000 0.00000000 0.00000000 0.00000000 0.00000000 1.00000000 0.00000000 0.00000000 0.00000000 1.00000000 
1700000039.49930 -0.252047 0.062206 0.965713 0.000642 0.034461 0.029291 0.020399 0.002752 0.007960 -0.014824 0.002347 -0.000846 0.000088 0.167373 0.036414 0.092820 0.0000000 1 418.629359 418.629359 505.740581 286.574774 -0.020453 -0.024926 0.019510 -0.005656 -0.660094 0.642445 -0.268559 0.281810 -0.062419 0.031365 0.062150 0 1.00000000 0.00000000 0.00000000 1.00000000 0.00000000 1.00000000 1.00000000 0.00000000 0.00000000 1.00000000 0.00000000 1.00000000 0.00000000 0.00000000 0.00000000 0.00000000 0.00000000 0.00000000 0.00000000 0.00000000 0.00000000 0.00000000 0.00000000 0.00000000 1.00000000 0.00000000 0.00000000 0.00000000 1.00000000 
1700000039.53320 -0.250092 0.055108 0.966652 0.000573 0.034619 0.029833 0.019959 0.006266 0.010982 -0.012642 0.002297 -0.000684 -0.000161 0.167455 0.035712 0.092592 0.0000000 1 418.629359 418.629359 505.740581 286.574774 -0.020453 -0.024926 0.019510 -0.005656 -0.660094 0.642445 -0.268559 0.281810 -0.062419 0.031365 0.062150 0 1.00000000 0.00000000 0.00000000 1.00000000 0.00000000 1.00000000 1.00000000 0.00000000 0.00000000 1.00000000 0.00000000 1.00000000 0.00000000 0.00000000 0.00000000 0.00000000 0.00000000 0.00000000 0.00000000 0.00000000 0.00000000 0.00000000 0.00000000 0.00000000 1.00000000 0.00000000 0.00000000 0.00000000 1.00000000 
1700000039.56711 -0.248224 0.047762 0.967524 0.000194 0.034616 0.030593 0.019232 0.006206 0.011256 -0.017844 0.002261 -0.000568 -0.000586 0.167058 0.035902 0.092455 0.0000000 1 418.629359 418.629359 505.740581 286.574774 -0.020453 -0.024926 0.019510 -0.005656 -0.660094 0.642445 -0.268559 0.281810 -0.062419 0.031365 0.062150 0 1.00000000 0.00000000 0.00000000 1.00000000 0.00000000 1.00000000 1.00000000 0.00000000 0.00000000 1.00000000 0.00000000 1.00000000 0.00000000 0.00000000 0.00000000 0.00000000 0.00000000 0.00000000 0.00000000 0.00000000 0.00000000 0.00000000 0.00000000 0.00000000 1.00000000 0.00000000 0.00000000 0.00000000 1.00000000 
1700000039.60101 0.245847 -0.039680 -0.968496 0.000114 0.034846 0.031300 0.018673 0.009506 0.012425 -0.016236 0.002209 -0.000426 -0.000895 0.167068 0.035035 0.092115 0.0000000 1 418.629359 418.629359 505.740581 286.574774 -0.020453 -0.024926 0.019510 -0.005656 -0.660094 0.642445 -0.268559 0.281810 -0.062419 0.031365 0.062150 0 1.00000000 0.00000000 0.00000000 1.00000000 0.00000000 1.00000000 1.00000000 0.00000000 0.00000000 1.00000000 0.00000000 1.00000000 0.00000000 0.00000000 0.00000000 0.00000000 0.00000000 0.00000000 0.00000000 0.00000000 0.00000000 0.00000000 0.00000000 0.00000000 1.00000000 0.00000000 0.00000000 0.00000000 1.00000000 
1700000039.63492 0.243680 -0.031556 -0.969342 0.000547 0.035130 0.031950 0.017750 0.005791 0.009934 -0.023809 0.002120 -0.000174 -0.001134 0.166728 0.035604 0.092137 0.0000000 1 418.629359 418.629359 505.740581 286.574774 -0.020453 -0.024926 0.019510 -0.005656 -0.660094 0.642445 -0.268559 0.281810 -0.062419 0.031365 0.062150 0 1.00000000 0.00000000 0.00000000 1.00000000 0.00000000 1.00000000 1.00000000 0.00000000 0.00000000 1.00000000 0.00000000 1.00000000 0.00000000 0.00000000 0.00000000 0.00000000 0.00000000 0.00000000 0.00000000 0.00000000 0.00000000 0.00000000 0.00000000 0.00000000 1.00000000 0.00000000 0.00000000 0.00000000 1.00000000 
1700000039.66882 0.241833 -0.022407 -0.970059 0.000644 0.035184 0.032644 0.016699 0.006314 0.009755 -0.029516 0.002156 0.000041 -0.001425 0.166438 0.035536 0.091933 0.0000000 1 418.629359 418.629359 505.740581 286.574774 -0.020453 -0.024926 0.019510 -0.005656 -0.660094 0.642445 -0.268559 0.281810 -0.062419 0.031365 0.062150 0 1.00000000 0.00000000 0.00000000 1.00000000 0.00000000 1.00000000 1.00000000 0.00000000 0.00000000 1.00000000 0.00000000 1.00000000 0.00000000 0.00000000 0.00000000 0.00000000 0.00000000 0.00000000 0.00000000 0.00000000 0.00000000 0.00000000 0.00000000 0.00000000 1.00000000 0.00000000 0.00000000 0.00000000 1.00000000 
1700000039.70273 0.239415 -0.012679 -0.970834 0.000929 0.035518 0.033143 0.015857 0.011575 0.008439 -0.024957 0.002135 0.000254 -0.001597 0.166590 0.034817 0.091693 0.0000000 1 418.629359 418.629359 505.740581 286.574774 -0.020453 -0.024926 0.019510 -0.005656 -0.660094 0.642445 -0.268559 0.281810 -0.062419 0.031365 0.062150 0 1.00000000 0.00000000 0.00000000 1.00000000 0.00000000 1.00000000 1.00000000 0.00000000 0.00000000 1.00000000 0.00000000 1.00000000 0.00000000 0.00000000 0.00000000 0.00000000 0.00000000 0.00000000 0.00000000 0.00000000 0.00000000 0.00000000 0.00000000 0.00000000 1.00000000 0.00000000 0.00000000 0.00000000 1.00000000 
1700000039.73663 0.236567 -0.002419 -0.971611 0.001438 0.035904 0.033757 0.014728 0.013748 0.006471 -0.029166 0.002116 0.000563 -0.001819 0.166354 0.035133 0.091658 0.0000000 1 418.629359 418.629359 505.740581 286.574774 -0.020453 -0.024926 0.019510 -0.005656 -0.660094 0.642445 -0.268559 0.281810 -0.062419 0.031365 0.062150 0 1.00000000 0.00000000 0.00000000 1.00000000 0.00000000 1.00000000 1.00000000 0.00000000 0.00000000 1.00000000 0.00000000 1.00000000 0.00000000 0.00000000 0.00000000 0.00000000 0.00000000 0.00000000 0.00000000 0.00000000 0.00000000 0.00000000 0.00000000 0.00000000 1.00000000 0.00000000 0.00000000 0.00000000 1.00000000 
1700000039.77054 0.233494 0.009199 -0.972312 0.002284 0.036486 0.034196 0.013558 0.018055 0.005113 -0.029340 0.002107 0.000910 -0.001973 0.166293 0.035262 0.091640 0.0000000 1 418.629359 418.629359 505.740581 286.574774 -0.020453 -0.024926 0.019510 -0.005656 -0.660094 0.642445 -0.268559 0.281810 -0.062419 0.031365 0.062150 0 1.00000000 0.00000000 0.00000000 1.00000000 0.00000000 1.00000000 1.00000000 0.00000000 0.00000000 1.00000000 0.00000000 1.00000000 0.00000000 0.00000000 0.00000000 0.00000000 0.00000000 0.00000000 0.00000000 0.00000000 0.00000000 0.00000000 0.00000000 0.00000000 1.00000000 0.00000000 0.00000000 0.00000000 1.00000000 
1700000039.80444 0.229907 0.022100 -0.972957 0.003127 0.036917 0.034660 0.012300 0.016638 0.003080 -0.031989 0.002177 0.001349 -0.002082 0.166116 0.035528 0.091609 0.0000000 1 418.629359 418.629359 505.740581 286.574774 -0.020453 -0.024926 0.019510 -0.005656 -0.660094 0.642445 -0.268559 0.281810 -0.062419 0.031365 0.062150 0 1.00000000 0.00000000 0.00000000 1.00000000 0.00000000 1.00000000 1.00000000 0.00000000 0.00000000 1.00000000 0.00000000 1.00000000 0.00000000 0.00000000 0.00000000 0.00000000 0.00000000 0.00000000 0.00000000 0.00000000 0.00000000 0.00000000 0.00000000 0.00000000 1.00000000 0.00000000 0.00000000 0.00000000 1.00000000 
1700000039.83835 0.225633 0.036858 -0.973506 0.004253 0.037514 0.034849 0.011329 0.023426 0.001195 -0.026985 0.002338 0.001667 -0.002174 0.166213 0.035225 0.091470 0.0000000 1 418.629359 418.629359 505.740581 286.574774 -0.020453 -0.024926 0.019510 -0.005656 -0.660094 0.642445 -0.268559 0.281810 -0.062419 0.031365 0.062150 0 1.00000000 0.00000000 0.00000000 1.00000000 0.00000000 1.00000000 1.00000000 0.00000000 0.00000000 1.00000000 0.00000000 1.00000000 0.00000000 0.00000000 0.00000000 0.00000000 0.00000000 0.00000000 0.00000000 0.00000000 0.00000000 0.00000000 0.00000000 0.00000000 1.00000000 0.00000000 0.00000000 0.00000000 1.00000000 
1700000039.87225 0.220673 0.051611 -0.973962 0.006203 0.038007 0.034937 0.010659 0.016689 0.002064 -0.019603 0.002416 0.001886 -0.002161 0.166241 0.034878 0.091270 0.0000000 1 418.629359 418.629359 505.740581 286.574774 -0.020453 -0.024926 0.019510 -0.005656 -0.660094 0.642445 -0.268559 0.281810 -0.062419 0.031365 0.062150 0 1.00000000 0.00000000 0.00000000 1.00000000 0.00000000 1.00000000 1.00000000 0.00000000 0.00000000 1.00000000 0.00000000 1.00000000 0.00000000 0.00000000 0.00000000 0.00000000 0.00000000 0.00000000 0.00000000 0.00000000 0.00000000 0.00000000 0.00000000 0.00000000 1.00000000 0.00000000 0.00000000 0.00000000 1.00000000 
1700000039.90616 0.215743 0.066184 -0.974176 0.007525 0.038352 0.034992 0.010070 0.010373 0.003469 -0.016828 0.002409 0.001994 -0.002007 0.166165 0.034860 0.091181 0.0000000 1 418.629359 418.629359 505.740581 286.574774 -0.020453 -0.024926 0.019510 -0.005656 -0.660094 0.642445 -0.268559 0.281810 -0.062419 0.031365 0.062150 0 1.00000000 0.00000000 0.00000000 1.00000000 0.00000000 1.00000000 1.00000000 0.00000000 0.00000000 1.00000000 0.00000000 1.00000000 0.00000000 0.00000000 0.00000000 0.00000000 0.00000000 0.00000000 0.00000000 0.00000000 0.00000000 0.00000000 0.00000000 0.00000000 1.00000000 0.00000000 0.00000000 0.00000000 1.00000000 
1700000039.94006 0.210798 0.079382 -0.974264 0.008561 0.039126 0.034817 0.009440 0.006190 0.002883 -0.012490 0.002051 0.002260 -0.001509 0.166098 0.034993 0.091190 0.0000000 1 418.629359 418.629359 505.740581 286.574774 -0.020453 -0.024926 0.019510 -0.005656 -0.660094 0.642445 -0.268559 0.281810 -0.062419 0.031365 0.062150 0 1.00000000 0.00000000 0.00000000 1.00000000 0.00000000 1.00000000 1.00000000 0.00000000 0.00000000 1.00000000 0.00000000 1.00000000 0.00000000 0.00000000 0.00000000 0.00000000 0.00000000 0.00000000 0.00000000 0.00000000 0.00000000 0.00000000 0.00000000 0.00000000 1.00000000 0.00000000 0.00000000 0.00000000 1.00000000 
1700000039.97397 0.207317 0.091313 -0.973946 0.010575 0.039498 0.034625 0.009287 0.011825 -0.002536 -0.006928 0.002123 0.002398 -0.001358 0.165866 0.034568 0.090873 0.0000000 1 418.629359 418.629359 505.740581 286.574774 -0.020453 -0.024926 0.019510 -0.005656 -0.660094 0.642445 -0.268559 0.281810 -0.062419 0.031365 0.062150 0 1.00000000 0.00000000 0.00000000 1.00000000 0.00000000 1.00000000 1.00000000 0.00000000 0.00000000 1.00000000 0.00000000 1.00000000 0.00000000 0.00000000 0.00000000 0.00000000 0.00000000 0.00000000 0.00000000 0.00000000 0.00000000 0.00000000 0.00000000 0.00000000 1.00000000 0.00000000 0.00000000 0.00000000 1.00000000 
1700000040.00787 0.204236 0.102361 -0.973467 0.013136 0.039538 0.034269 0.008849 0.003516 -0.011854 -0.013367 0.002072 0.002398 -0.001127 0.165668 0.034887 0.090933 0.0000000 1 418.629359 418.629359 505.740581 286.574774 -0.020453 -0.024926 0.019510 -0.005656 -0.660094 0.642445 -0.268559 0.281810 -0.062419 0.031365 0.062150 0 1.00000000 0.00000000 0.00000000 1.00000000 0.00000000 1.00000000 1.00000000 0.00000000 0.00000000 1.00000000 0.00000000 1.00000000 0.00000000 0.00000000 0.00000000 0.00000000 0.00000000 0.00000000 0.00000000 0.00000000 0.00000000 0.00000000 0.00000000 0.00000000 1.00000000 0.00000000 0.00000000 0.00000000 1.00000000 
1700000040.04178 0.200216 0.113735 -0.973033 0.013621 0.039099 0.034452 0.008164 -0.004877 -0.010244 -0.025394 0.002017 0.002388 -0.001113 0.165790 0.035197 0.091095 0.0000000 1 418.629359 418.629359 505.740581 286.574774 -0.020453 -0.024926 0.019510 -0.005656 -0.660094 0.642445 -0.268559 0.281810 -0.062419 0.031365 0.062150 0 1.00000000 0.00000000 0.00000000 1.00000000 0.00000000 1.00000000 1.00000000 0.00000000 0.00000000 1.00000000 0.00000000 1.00000000 0.00000000 0.00000000 0.00000000 0.00000000 0.00000000 0.00000000 0.00000000 0.00000000 0.00000000 0.00000000 0.00000000 0.00000000 1.00000000 0.00000000 0.00000000 0.00000000 1.00000000 
1700000040.07568 0.195558 0.126338 -0.972414 0.014410 0.038824 0.034196 0.007566 0.000096 -0.010412 -0.021476 0.002123 0.002452 -0.001090 0.165720 0.035322 0.090921 0.0000000 1 418.629359 418.629359 505.740581 286.574774 -0.020453 -0.024926 0.019510 -0.005656 -0.660094 0.642445 -0.268559 0.281810 -0.062419 0.031365 0.062150 0 1.00000000 0.00000000 0.00000000 1.00000000 0.00000000 1.00000000 1.00000000 0.00000000 0.00000000 1.00000000 0.00000000 1.00000000 0.00000000 0.00000000 0.00000000 0.00000000 0.00000000 0.00000000 0.00000000 0.00000000 0.00000000 0.00000000 0.00000000 0.00000000 1.00000000 0.00000000 0.00000000 0.00000000 1.00000000 
1700000040.10959 0.190731 0.137997 -0.971776 0.015180 0.038755 0.033905 0.006771 -0.001694 -0.015294 -0.027102 0.002105 0.002653 -0.000948 0.165940 0.035551 0.091049 0.0000000 1 418.629359 418.629359 505.740581 286.574774 -0.020453 -0.024926 0.019510 -0.005656 -0.660094 0.642445 -0.268559 0.281810 -0.062419 0.031365 0.062150 0 1.00000000 0.00000000 0.00000000 1.00000000 0.00000000 1.00000000 1.00000000 0.00000000 0.00000000 1.00000000 0.00000000 1.00000000 0.00000000 0.00000000 0.00000000 0.00000000 0.00000000 0.00000000 0.00000000 0.00000000 0.00000000 0.00000000 0.00000000 0.00000000 1.00000000 0.00000000 0.00000000 0.00000000 1.00000000 
1700000040.14349 0.186545 0.150433 -0.970733 0.015756 0.039327 0.033345 0.005812 0.011372 -0.017314 -0.031036 0.002062 0.002870 -0.000563 0.166169 0.035241 0.091003 0.0000000 1 418.629359 418.629359 505.740581 286.574774 -0.020453 -0.024926 0.019510 -0.005656 -0.660094 0.642445 -0.268559 0.281810 -0.062419 0.031365 0.062150 0 1.00000000 0.00000000 0.00000000 1.00000000 0.00000000 1.00000000 1.00000000 0.00000000 0.00000000 1.00000000 0.00000000 1.00000000 0.00000000 0.00000000 0.00000000 0.00000000 0.00000000 0.00000000 0.00000000 0.00000000 0.00000000 0.00000000 0.00000000 0.00000000 1.00000000 0.00000000 0.00000000 0.00000000 1.00000000 
1700000040.17740 0.182911 0.161361 -0.969638 0.017569 0.039862 0.032328 0.005397 0.015181 -0.024043 -0.015440 0.001931 0.002765 -0.000201 0.165617 0.035401 0.090547 0.0000000 1 418.629359 418.629359 505.740581 286.574774 -0.020453 -0.024926 0.019510 -0.005656 -0.660094 0.642445 -0.268559 0.281810 -0.062419 0.031365 0.062150 0 1.00000000 0.00000000 0.00000000 1.00000000 0.00000000 1.00000000 1.00000000 0.00000000 0.00000000 1.00000000 0.00000000 1.00000000 0.00000000 0.00000000 0.00000000 0.00000000 0.00000000 0.00000000 0.00000000 0.00000000 0.00000000 0.00000000 0.00000000 0.00000000 1.00000000 0.00000000 0.00000000 0.00000000 1.00000000 
1700000040.21130 0.180638 0.169637 -0.968609 0.019736 0.039989 0.031509 0.004979 0.009820 -0.027422 -0.016136 0.001856 0.002622 -0.000110 0.165692 0.035658 0.090644 0.0000000 1 418.629359 418.629359 505.740581 286.574774 -0.020453 -0.024926 0.019510 -0.005656 -0.660094 0.642445 -0.268559 0.281810 -0.062419 0.031365 0.062150 0 1.00000000 0.00000000 0.00000000 1.00000000 0.00000000 1.00000000 1.00000000 0.00000000 0.00000000 1.00000000 0.00000000 1.00000000 0.00000000 0.00000000 0.00000000 0.00000000 0.00000000 0.00000000 0.00000000 0.00000000 0.00000000 0.00000000 0.00000000 0.00000000 1.00000000 0.00000000 0.00000000 0.00000000 1.00000000 
1700000040.24521 0.178914 0.177447 -0.967498 0.021226 0.040642 0.030126 0.004498 0.012262 -0.030832 -0.017456 0.001918 0.002561 0.000563 0.165910 0.035439 0.090754 0.0000000 1 418.629359 418.629359 505.740581 286.574774 -0.020453 -0.024926 0.019510 -0.005656 -0.660094 0.642445 -0.268559 0.281810 -0.062419 0.031365 0.062150 0 1.00000000 0.00000000 0.00000000 1.00000000 0.00000000 1.00000000 1.00000000 0.00000000 0.00000000 1.00000000 0.00000000 1.00000000 0.00000000 0.00000000 0.00000000 0.00000000 0.00000000 0.00000000 0.00000000 0.00000000 0.00000000 0.00000000 0.00000000 0.00000000 1.00000000 0.00000000 0.00000000 0.00000000 1.00000000 
1700000040.27911 0.177480 0.183180 -0.966659 0.022727 0.040771 0.029224 0.004029 0.006858 -0.029778 -0.015934 0.001734 0.002386 0.000803 0.166442 0.035799 0.091107 0.0000000 1 418.629359 418.629359 505.740581 286.574774 -0.020453 -0.024926 0.019510 -0.005656 -0.660094 0.642445 -0.268559 0.281810 -0.062419 0.031365 0.062150 0 1.00000000 0.00000000 0.00000000 1.00000000 0.00000000 1.00000000 1.00000000 0.00000000 0.00000000 1.00000000 0.00000000 1.00000000 0.00000000 0.00000000 0.00000000 0.00000000 0.00000000 0.00000000 0.00000000 0.00000000 0.00000000 0.00000000 0.00000000 0.00000000 1.00000000 0.00000000 0.00000000 0.00000000 1.00000000 
1700000040.31302 0.176734 0.189075 -0.965646 0.023326 0.040468 0.028972 0.003113 -0.000238 -0.022497 -0.030212 0.001562 0.002319 0.000648 0.167901 0.036314 0.091997 0.0000000 1 418.629359 418.629359 505.740581 286.574774 -0.020453 -0.024926 0.019510 -0.005656 -0.660094 0.642445 -0.268559 0.281810 -0.062419 0.031365 0.062150 0 1.00000000 0.00000000 0.00000000 1.00000000 0.00000000 1.00000000 1.00000000 0.00000000 0.00000000 1.00000000 0.00000000 1.00000000 0.00000000 0.00000000 0.00000000 0.00000000 0.00000000 0.00000000 0.00000000 0.00000000 0.00000000 0.00000000 0.00000000 0.00000000 1.00000000 0.00000000 0.00000000 0.00000000 1.00000000 
1700000040.34692 0.175211 0.197129 -0.964309 0.023455 0.040317 0.028286 0.002385 0.001728 -0.020489 -0.033840 0.001792 0.002232 0.000836 0.168669 0.037301 0.092489 0.0000000 1 418.629359 418.629359 505.740581 286.574774 -0.020453 -0.024926 0.019510 -0.005656 -0.660094 0.642445 -0.268559 0.281810 -0.062419 0.031365 0.062150 0 1.00000000 0.00000000 0.00000000 1.00000000 0.00000000 1.00000000 1.00000000 0.00000000 0.00000000 1.00000000 0.00000000 1.00000000 0.00000000 0.00000000 0.00000000 0.00000000 0.00000000 0.00000000 0.00000000 0.00000000 0.00000000 0.00000000 0.00000000 0.00000000 1.00000000 0.00000000 0.00000000 0.00000000 1.00000000 
1700000040.38083 0.172320 0.206648 -0.962827 0.023800 0.040014 0.027960 0.001256 0.004345 -0.018016 -0.042891 0.002002 0.002266 0.000745 0.169944 0.038680 0.093343 0.0000000 1 418.629359 418.629359 505.740581 286.574774 -0.020453 -0.024926 0.019510 -0.005656 -0.660094 0.642445 -0.268559 0.281810 -0.062419 0.031365 0.062150 0 1.00000000 0.00000000 0.00000000 1.00000000 0.00000000 1.00000000 1.00000000 0.00000000 0.00000000 1.00000000 0.00000000 1.00000000 0.00000000 0.00000000 0.00000000 0.00000000 0.00000000 0.00000000 0.00000000 0.00000000 0.00000000 0.00000000 0.00000000 0.00000000 1.00000000 0.00000000 0.00000000 0.00000000 1.00000000 
1700000040.41473 0.168280 0.218884 -0.960806 0.024993 0.039988 0.027188 0.000264 0.013793 -0.021544 -0.044256 0.002483 0.002013 0.000760 0.170220 0.039997 0.093601 0.0000000 1 418.629359 418.629359 505.740581 286.574774 -0.020453 -0.024926 0.019510 -0.005656 -0.660094 0.642445 -0.268559 0.281810 -0.062419 0.031365 0.062150 0 1.00000000 0.00000000 0.00000000 1.00000000 0.00000000 1.00000000 1.00000000 0.00000000 0.00000000 1.00000000 0.00000000 1.00000000 0.00000000 0.00000000 0.00000000 0.00000000 0.00000000 0.00000000 0.00000000 0.00000000 0.00000000 0.00000000 0.00000000 0.00000000 1.00000000 0.00000000 0.00000000 0.00000000 1.00000000 
1700000040.44864 0.163481 0.231057 -0.958723 0.027138 0.040301 0.026323 -0.001100 0.019163 -0.025458 -0.043341 0.002635 0.001870 0.000791 0.170351 0.040520 0.093744 0.0000000 1 418.629359 418.629359 505.740581 286.574774 -0.020453 -0.024926 0.019510 -0.005656 -0.660094 0.642445 -0.268559 0.281810 -0.062419 0.031365 0.062150 0 1.00000000 0.00000000 0.00000000 1.00000000 0.00000000 1.00000000 1.00000000 0.00000000 0.00000000 1.00000000 0.00000000 1.00000000 0.00000000 0.00000000 0.00000000 0.00000000 0.00000000 0.00000000 0.00000000 0.00000000 0.00000000 0.00000000 0.00000000 0.00000000 1.00000000 0.00000000 0.00000000 0.00000000 1.00000000 
1700000040.48254 0.159339 0.241886 -0.956672 0.029697 0.040814 0.025310 -0.002475 0.021393 -0.027896 -0.039877 0.002666 0.001689 0.000907 0.170443 0.040597 0.093811 0.0000000 1 418.629359 418.629359 505.740581 286.574774 -0.020453 -0.024926 0.019510 -0.005656 -0.660094 0.642445 -0.268559 0.281810 -0.062419 0.031365 0.062150 0 1.00000000 0.00000000 0.00000000 1.00000000 0.00000000 1.00000000 1.00000000 0.00000000 0.00000000 1.00000000 0.00000000 1.00000000 0.00000000 0.00000000 0.00000000 0.00000000 0.00000000 0.00000000 0.00000000 0.00000000 0.00000000 0.00000000 0.00000000 0.00000000 1.00000000 0.00000000 0.00000000 0.00000000 1.00000000 
1700000040.51645 0.156213 0.250552 -0.954874 0.032206 0.041561 0.024102 -0.003877 0.023298 -0.031025 -0.033365 0.002520 0.001524 0.001144 0.170156 0.039726 0.093553 0.0000000 1 418.629359 418.629359 505.740581 286.574774 -0.020453 -0.024926 0.019510 -0.005656 -0.660094 0.642445 -0.268559 0.281810 -0.062419 0.031365 0.062150 0 1.00000000 0.00000000 0.00000000 1.00000000 0.00000000 1.00000000 1.00000000 0.00000000 0.00000000 1.00000000 0.00000000 1.00000000 0.00000000 0.00000000 0.00000000 0.00000000 0.00000000 0.00000000 0.00000000 0.00000000 0.00000000 0.00000000 0.00000000 0.00000000 1.00000000 0.00000000 0.00000000 0.00000000 1.00000000 
1700000040.55035 0.154449 0.255253 -0.953837 0.034439 0.042076 0.022879 -0.004841 0.016049 -0.030729 -0.015439 0.002371 0.001407 0.001388 0.170028 0.039532 0.093513 0.0000000 1 418.629359 418.629359 505.740581 286.574774 -0.020453 -0.024926 0.019510 -0.005656 -0.660094 0.642445 -0.268559 0.281810 -0.062419 0.031365 0.062150 0 1.00000000 0.00000000 0.00000000 1.00000000 0.00000000 1.00000000 1.00000000 0.00000000 0.00000000 1.00000000 0.00000000 1.00000000 0.00000000 0.00000000 0.00000000 0.00000000 0.00000000 0.00000000 0.00000000 0.00000000 0.00000000 0.00000000 0.00000000 0.00000000 1.00000000 0.00000000 0.00000000 0.00000000 1.00000000 
1700000040.58426 0.154100 0.255739 -0.953740 0.035071 0.042680 0.021672 -0.005341 0.012262 -0.027700 -0.004954 0.002151 0.001203 0.001884 0.170630 0.038160 0.093631 0.0000000 1 418.629359 418.629359 505.740581 286.574774 -0.020453 -0.024926 0.019510 -0.005656 -0.660094 0.642445 -0.268559 0.281810 -0.062419 0.031365 0.062150 0 1.00000000 0.00000000 0.00000000 1.00000000 0.00000000 1.00000000 1.00000000 0.00000000 0.00000000 1.00000000 0.00000000 1.00000000 0.00000000 0.00000000 0.00000000 0.00000000 0.00000000 0.00000000 0.00000000 0.00000000 0.00000000 0.00000000 0.00000000 0.00000000 1.00000000 0.00000000 0.00000000 0.00000000 1.00000000 
1700000040.61816 0.154962 0.253659 -0.954157 0.035057 0.042882 0.020527 -0.005617 0.005575 -0.024658 0.000607 0.001878 0.001040 0.002296 0.171036 0.037816 0.093873 0.0000000 1 418.629359 418.629359 505.740581 286.574774 -0.020453 -0.024926 0.019510 -0.005656 -0.660094 0.642445 -0.268559 0.281810 -0.062419 0.031365 0.062150 0 1.00000000 0.00000000 0.00000000 1.00000000 0.00000000 1.00000000 1.00000000 0.00000000 0.00000000 1.00000000 0.00000000 1.00000000 0.00000000 0.00000000 0.00000000 0.00000000 0.00000000 0.00000000 0.00000000 0.00000000 0.00000000 0.00000000 0.00000000 0.00000000 1.00000000 0.00000000 0.00000000 0.00000000 1.00000000 
1700000040.65207 0.156277 0.249994 -0.954939 0.034233 0.042678 0.019894 -0.005562 -0.003080 -0.018337 0.004824 0.001728 0.000988 0.002499 0.172150 0.038733 0.094667 0.0000000 1 418.629359 418.629359 505.740581 286.574774 -0.020453 -0.024926 0.019510 -0.005656 -0.660094 0.642445 -0.268559 0.281810 -0.062419 0.031365 0.062150 0 1.00000000 0.00000000 0.00000000 1.00000000 0.00000000 1.00000000 1.00000000 0.00000000 0.00000000 1.00000000 0.00000000 1.00000000 0.00000000 0.00000000 0.00000000 0.00000000 0.00000000 0.00000000 0.00000000 0.00000000 0.00000000 0.00000000 0.00000000 0.00000000 1.00000000 0.00000000 0.00000000 0.00000000 1.00000000 
1700000040.68597 0.157508 0.245154 -0.956047 0.032639 0.042307 0.019344 -0.005310 -0.006268 -0.014457 0.010511 0.001618 0.000943 0.002657 0.172781 0.039725 0.095211 0.0000000 1 418.629359 418.629359 505.740581 286.574774 -0.020453 -0.024926 0.019510 -0.005656 -0.660094 0.642445 -0.268559 0.281810 -0.062419 0.031365 0.062150 0 1.00000000 0.00000000 0.00000000 1.00000000 0.00000000 1.00000000 1.00000000 0.00000000 0.00000000 1.00000000 0.00000000 1.00000000 0.00000000 0.00000000 0.00000000 0.00000000 0.00000000 0.00000000 0.00000000 0.00000000 0.00000000 0.00000000 0.00000000 0.00000000 1.00000000 0.00000000 0.00000000 0.00000000 1.00000000 
1700000040.71988 0.159069 0.239216 -0.957362 0.030493 0.041988 0.018556 -0.004914 -0.006481 -0.012613 0.012601 0.001529 0.000647 0.003108 0.173433 0.040147 0.095638 0.0000000 1 418.629359 418.629359 505.740581 286.574774 -0.020453 -0.024926 0.019510 -0.005656 -0.660094 0.642445 -0.268559 0.281810 -0.062419 0.031365 0.062150 0 1.00000000 0.00000000 0.00000000 1.00000000 0.00000000 1.00000000 1.00000000 0.00000000 0.00000000 1.00000000 0.00000000 1.00000000 0.00000000 0.00000000 0.00000000 0.00000000 0.00000000 0.00000000 0.00000000 0.00000000 0.00000000 0.00000000 0.00000000 0.00000000 1.00000000 0.00000000 0.00000000 0.00000000 1.00000000 
1700000040.75378 0.161356 0.232594 -0.958656 0.029026 0.041700 0.018352 -0.004602 -0.003481 -0.009169 0.011052 0.001337 0.000562 0.003076 0.174177 0.039788 0.096006 0.0000000 1 418.629359 418.629359 505.740581 286.574774 -0.020453 -0.024926 0.019510 -0.005656 -0.660094 0.642445 -0.268559 0.281810 -0.062419 0.031365 0.062150 0 1.00000000 0.00000000 0.00000000 1.00000000 0.00000000 1.00000000 1.00000000 0.00000000 0.00000000 1.00000000 0.00000000 1.00000000 0.00000000 0.00000000 0.00000000 0.00000000 0.00000000 0.00000000 0.00000000 0.00000000 0.00000000 0.00000000 0.00000000 0.00000000 1.00000000 0.00000000 0.00000000 0.00000000 1.00000000 
1700000040.78769 0.163767 0.225837 -0.959882 0.028366 0.041252 0.018275 -0.004047 -0.002592 -0.005852 0.015596 0.001268 0.000488 0.002893 0.174635 0.040764 0.096446 0.0000000 1 418.629359 418.629359 505.740581 286.574774 -0.020453 -0.024926 0.019510 -0.005656 -0.660094 0.642445 -0.268559 0.281810 -0.062419 0.031365 0.062150 0 1.00000000 0.00000000 0.00000000 1.00000000 0.00000000 1.00000000 1.00000000 0.00000000 0.00000000 1.00000000 0.00000000 1.00000000 0.00000000 0.00000000 0.00000000 0.00000000 0.00000000 0.00000000 0.00000000 0.00000000 0.00000000 0.00000000 0.00000000 0.00000000 1.00000000 0.00000000 0.00000000 0.00000000 1.00000000 
1700000040.82159 0.165442 0.218728 -0.961249 0.028058 0.040857 0.018255 -0.003257 -0.001843 -0.003183 0.022730 0.001205 0.000353 0.002698 0.174766 0.041633 0.096679 0.0000000 1 418.629359 418.629359 505.740581 286.574774 -0.020453 -0.024926 0.019510 -0.005656 -0.660094 0.642445 -0.268559 0.281810 -0.062419 0.031365 0.062150 0 1.00000000 0.00000000 0.00000000 1.00000000 0.00000000 1.00000000 1.00000000 0.00000000 0.00000000 1.00000000 0.00000000 1.00000000 0.00000000 0.00000000 0.00000000 0.00000000 0.00000000 0.00000000 0.00000000 0.00000000 0.00000000 0.00000000 0.00000000 0.00000000 1.00000000 0.00000000 0.00000000 0.00000000 1.00000000 
1700000040.85550 0.166912 0.210605 -0.962810 0.027992 0.040534 0.018335 -0.002262 -0.004747 -0.002198 0.029531 0.000963 0.000189 0.002505 0.174871 0.041942 0.096800 0.0000000 1 418.629359 418.629359 505.740581 286.574774 -0.020453 -0.024926 0.019510 -0.005656 -0.660094 0.642445 -0.268559 0.281810 -0.062419 0.031365 0.062150 0 1.00000000 0.00000000 0.00000000 1.00000000 0.00000000 1.00000000 1.00000000 0.00000000 0.00000000 1.00000000 0.00000000 1.00000000 0.00000000 0.00000000 0.00000000 0.00000000 0.00000000 0.00000000 0.00000000 0.00000000 0.00000000 0.00000000 0.00000000 0.00000000 1.00000000 0.00000000 0.00000000 0.00000000 1.00000000 
1700000040.88940 0.169201 0.201732 -0.964323 0.027482 0.040095 0.018731 -0.001310 -0.008335 0.004080 0.029471 0.000700 0.000059 0.002311 0.175913 0.041519 0.097329 0.0000000 1 418.629359 418.629359 505.740581 286.574774 -0.020453 -0.024926 0.019510 -0.005656 -0.660094 0.642445 -0.268559 0.281810 -0.062419 0.031365 0.062150 0 1.00000000 0.00000000 0.00000000 1.00000000 0.00000000 1.00000000 1.00000000 0.00000000 0.00000000 1.00000000 0.00000000 1.00000000 0.00000000 0.00000000 0.00000000 0.00000000 0.00000000 0.00000000 0.00000000 0.00000000 0.00000000 0.00000000 0.00000000 0.00000000 1.00000000 0.00000000 0.00000000 0.00000000 1.00000000 
1700000040.92331 0.171887 0.191712 -0.965912 0.026734 0.039555 0.019125 -0.000222 -0.013385 0.006001 0.033172 0.000380 -0.000066 0.002117 0.176168 0.041314 0.097447 0.0000000 1 418.629359 418.629359 505.740581 286.574774 -0.020453 -0.024926 0.019510 -0.005656 -0.660094 0.642445 -0.268559 0.281810 -0.062419 0.031365 0.062150 0 1.00000000 0.00000000 0.00000000 1.00000000 0.00000000 1.00000000 1.00000000 0.00000000 0.00000000 1.00000000 0.00000000 1.00000000 0.00000000 0.00000000 0.00000000 0.00000000 0.00000000 0.00000000 0.00000000 0.00000000 0.00000000 0.00000000 0.00000000 0.00000000 1.00000000 0.00000000 0.00000000 0.00000000 1.00000000 
1700000040.95721 0.175228 0.180423 -0.967530 0.025073 0.038794 0.019583 0.001069 -0.019625 0.005872 0.037607 0.000027 -0.000279 0.002003 0.176399 0.041214 0.097551 0.0000000 1 418.629359 418.629359 505.740581 286.574774 -0.020453 -0.024926 0.019510 -0.005656 -0.660094 0.642445 -0.268559 0.281810 -0.062419 0.031365 0.062150 0 1.00000000 0.00000000 0.00000000 1.00000000 0.00000000 1.00000000 1.00000000 0.00000000 0.00000000 1.00000000 0.00000000 1.00000000 0.00000000 0.00000000 0.00000000 0.00000000 0.00000000 0.00000000 0.00000000 0.00000000 0.00000000 0.00000000 0.00000000 0.00000000 1.00000000 0.00000000 0.00000000 0.00000000 1.00000000 
1700000040.99112 0.178784 0.168132 -0.969154 0.022568 0.037960 0.020077 0.002590 -0.020277 0.005585 0.044602 -0.000291 -0.000425 0.001856 0.176659 0.041220 0.097643 0.0000000 1 418.629359 418.629359 505.740581 286.574774 -0.020453 -0.024926 0.019510 -0.005656 -0.660094 0.642445 -0.268559 0.281810 -0.062419 0.031365 0.062150 0 1.00000000 0.00000000 0.00000000 1.00000000 0.00000000 1.00000000 1.00000000 0.00000000 0.00000000 1.00000000 0.00000000 1.00000000 0.00000000 0.00000000 0.00000000 0.00000000 0.00000000 0.00000000 0.00000000 0.00000000 0.00000000 0.00000000 0.00000000 0.00000000 1.00000000 0.00000000 0.00000000 0.00000000 1.00000000 
1700000041.02502 0.182485 0.155316 -0.970652 0.020281 0.036951 0.020572 0.004286 -0.021068 0.005575 0.047580 -0.000581 -0.000699 0.001597 0.176920 0.041181 0.097774 0.0000000 1 418.629359 418.629359 505.740581 286.574774 -0.020453 -0.024926 0.019510 -0.005656 -0.660094 0.642445 -0.268559 0.281810 -0.062419 0.031365 0.062150 0 1.00000000 0.00000000 0.00000000 1.00000000 0.00000000 1.00000000 1.00000000 0.00000000 0.00000000 1.00000000 0.00000000 1.00000000 0.00000000 0.00000000 0.00000000 0.00000000 0.00000000 0.00000000 0.00000000 0.00000000 0.00000000 0.00000000 0.00000000 0.00000000 1.00000000 0.00000000 0.00000000 0.00000000 1.00000000 
1700000041.05893 0.185965 0.142464 -0.972013 0.017677 0.035995 0.021351 0.006089 -0.022990 0.009212 0.048598 -0.000812 -0.000878 0.001350 0.177723 0.041326 0.098178 0.0000000 1 418.629359 418.629359 505.740581 286.574774 -0.020453 -0.024926 0.019510 -0.005656 -0.660094 0.642445 -0.268559 0.281810 -0.062419 0.031365 0.062150 0 1.00000000 0.00000000 0.00000000 1.00000000 0.00000000 1.00000000 1.00000000 0.00000000 0.00000000 1.00000000 0.00000000 1.00000000 0.00000000 0.00000000 0.00000000 0.00000000 0.00000000 0.00000000 0.00000000 0.00000000 0.00000000 0.00000000 0.00000000 0.00000000 1.00000000 0.00000000 0.00000000 0.00000000 1.00000000 
1700000041.09283 0.189652 0.129835 -0.973107 0.015428 0.035135 0.021869 0.007903 -0.017207 0.008777 0.052331 -0.001004 -0.001083 0.001067 0.177827 0.041059 0.098167 0.0000000 1 418.629359 418.629359 505.740581 286.574774 -0.020453 -0.024926 0.019510 -0.005656 -0.660094 0.642445 -0.268559 0.281810 -0.062419 0.031365 0.062150 0 1.00000000 0.00000000 0.00000000 1.00000000 0.00000000 1.00000000 1.00000000 0.00000000 0.00000000 1.00000000 0.00000000 1.00000000 0.00000000 0.00000000 0.00000000 0.00000000 0.00000000 0.00000000 0.00000000 0.00000000 0.00000000 0.00000000 0.00000000 0.00000000 1.00000000 0.00000000 0.00000000 0.00000000 1.00000000 
1700000041.12674 0.193169 0.116705 -0.974091 0.014541 0.034596 0.022239 0.009836 -0.011223 0.005987 0.054582 -0.001183 -0.001310 0.000879 0.177762 0.040710 0.098068 0.0000000 1 418.629359 418.629359 505.740581 286.574774 -0.020453 -0.024926 0.019510 -0.005656 -0.660094 0.642445 -0.268559 0.281810 -0.062419 0.031365 0.062150 0 1.00000000 0.00000000 0.00000000 1.00000000 0.00000000 1.00000000 1.00000000 0.00000000 0.00000000 1.00000000 0.00000000 1.00000000 0.00000000 0.00000000 0.00000000 0.00000000 0.00000000 0.00000000 0.00000000 0.00000000 0.00000000 0.00000000 0.00000000 0.00000000 1.00000000 0.00000000 0.00000000 0.00000000 1.00000000 
1700000041.16064 0.197006 0.103497 -0.974818 0.014401 0.034048 0.022516 0.011804 -0.008735 0.001538 0.054033 -0.001433 -0.001577 0.000685 0.177674 0.040590 0.097998 0.0000000 1 418.629359 418.629359 505.740581 286.574774 -0.020453 -0.024926 0.019510 -0.005656 -0.660094 0.642445 -0.268559 0.281810 -0.062419 0.031365 0.062150 0 1.00000000 0.00000000 0.00000000 1.00000000 0.00000000 1.00000000 1.00000000 0.00000000 0.00000000 1.00000000 0.00000000 1.00000000 0.00000000 0.00000000 0.00000000 0.00000000 0.00000000 0.00000000 0.00000000 0.00000000 0.00000000 0.00000000 0.00000000 0.00000000 1.00000000 0.00000000 0.00000000 0.00000000 1.00000000 
1700000041.19455 0.199995 0.090948 -0.975456 0.014675 0.033658 0.022771 0.013676 -0.007146 -0.000274 0.052865 -0.001394 -0.001580 0.000528 0.177819 0.040517 0.098019 0.0000000 1 418.629359 418.629359 505.740581 286.574774 -0.020453 -0.024926 0.019510 -0.005656 -0.660094 0.642445 -0.268559 0.281810 -0.062419 0.031365 0.062150 0 1.00000000 0.00000000 0.00000000 1.00000000 0.00000000 1.00000000 1.00000000 0.00000000 0.00000000 1.00000000 0.00000000 1.00000000 0.00000000 0.00000000 0.00000000 0.00000000 0.00000000 0.00000000 0.00000000 0.00000000 0.00000000 0.00000000 0.00000000 0.00000000 1.00000000 0.00000000 0.00000000 0.00000000 1.00000000 
1700000041.22845 0.203032 0.078535 -0.975905 0.014817 0.033136 0.023032 0.015571 -0.011691 -0.000522 0.052080 -0.001521 -0.001767 0.000455 0.177945 0.040553 0.098061 0.0000000 1 418.629359 418.629359 505.740581 286.574774 -0.020453 -0.024926 0.019510 -0.005656 -0.660094 0.642445 -0.268559 0.281810 -0.062419 0.031365 0.062150 0 1.00000000 0.00000000 0.00000000 1.00000000 0.00000000 1.00000000 1.00000000 0.00000000 0.00000000 1.00000000 0.00000000 1.00000000 0.00000000 0.00000000 0.00000000 0.00000000 0.00000000 0.00000000 0.00000000 0.00000000 0.00000000 0.00000000 0.00000000 0.00000000 1.00000000 0.00000000 0.00000000 0.00000000 1.00000000 
1700000041.26236 0.205976 0.066907 -0.976167 0.013951 0.032361 0.023132 0.017565 -0.015861 -0.004460 0.046309 -0.001385 -0.002190 0.000497 0.177887 0.041009 0.098114 0.0000000 1 418.629359 418.629359 505.740581 286.574774 -0.020453 -0.024926 0.019510 -0.005656 -0.660094 0.642445 -0.268559 0.281810 -0.062419 0.031365 0.062150 0 1.00000000 0.00000000 0.00000000 1.00000000 0.00000000 1.00000000 1.00000000 0.00000000 0.00000000 1.00000000 0.00000000 1.00000000 0.00000000 0.00000000 0.00000000 0.00000000 0.00000000 0.00000000 0.00000000 0.00000000 0.00000000 0.00000000 0.00000000 0.00000000 1.00000000 0.00000000 0.00000000 0.00000000 1.00000000 
1700000041.29626 0.207583 0.057287 -0.976459 0.012454 0.031434 0.023581 0.018929 -0.022093 -0.008272 0.029888 -0.001166 -0.002215 0.000416 0.178303 0.041504 0.098411 0.0000000 1 418.629359 418.629359 505.740581 286.574774 -0.020453 -0.024926 0.019510 -0.005656 -0.660094 0.642445 -0.268559 0.281810 -0.062419 0.031365 0.062150 0 1.00000000 0.00000000 0.00000000 1.00000000 0.00000000 1.00000000 1.00000000 0.00000000 0.00000000 1.00000000 0.00000000 1.00000000 0.00000000 0.00000000 0.00000000 0.00000000 0.00000000 0.00000000 0.00000000 0.00000000 0.00000000 0.00000000 0.00000000 0.00000000 1.00000000 0.00000000 0.00000000 0.00000000 1.00000000 
1700000041.33017 0.207763 0.051265 -0.976777 0.010610 0.030318 0.024086 0.019714 -0.018444 -0.010762 0.017226 -0.000989 -0.002178 0.000065 0.178770 0.041649 0.098578 0.0000000 1 418.629359 418.629359 505.740581 286.574774 -0.020453 -0.024926 0.019510 -0.005656 -0.660094 0.642445 -0.268559 0.281810 -0.062419 0.031365 0.062150 0 1.00000000 0.00000000 0.00000000 1.00000000 0.00000000 1.00000000 1.00000000 0.00000000 0.00000000 1.00000000 0.00000000 1.00000000 0.00000000 0.00000000 0.00000000 0.00000000 0.00000000 0.00000000 0.00000000 0.00000000 0.00000000 0.00000000 0.00000000 0.00000000 1.00000000 0.00000000 0.00000000 0.00000000 1.00000000 
1700000041.36407 0.206359 0.047134 -0.977294 0.009558 0.029967 0.023957 0.020309 -0.007139 -0.018629 0.016139 -0.000927 -0.001962 -0.000209 0.178776 0.041391 0.098426 0.0000000 1 418.629359 418.629359 505.740581 286.574774 -0.020453 -0.024926 0.019510 -0.005656 -0.660094 0.642445 -0.268559 0.281810 -0.062419 0.031365 0.062150 0 1.00000000 0.00000000 0.00000000 1.00000000 0.00000000 1.00000000 1.00000000 0.00000000 0.00000000 1.00000000 0.00000000 1.00000000 0.00000000 0.00000000 0.00000000 0.00000000 0.00000000 0.00000000 0.00000000 0.00000000 0.00000000 0.00000000 0.00000000 0.00000000 1.00000000 0.00000000 0.00000000 0.00000000 1.00000000 
1700000041.39798 0.205291 0.044392 -0.977645 0.009803 0.030178 0.023579 0.020621 0.005277 -0.025120 0.008153 -0.000767 -0.001699 -0.000387 0.178925 0.041392 0.098487 0.0000000 1 418.629359 418.629359 505.740581 286.574774 -0.020453 -0.024926 0.019510 -0.005656 -0.660094 0.642445 -0.268559 0.281810 -0.062419 0.031365 0.062150 0 1.00000000 0.00000000 0.00000000 1.00000000 0.00000000 1.00000000 1.00000000 0.00000000 0.00000000 1.00000000 0.00000000 1.00000000 0.00000000 0.00000000 0.00000000 0.00000000 0.00000000 0.00000000 0.00000000 0.00000000 0.00000000 0.00000000 0.00000000 0.00000000 1.00000000 0.00000000 0.00000000 0.00000000 1.00000000 
1700000041.43188 0.204326 0.043060 -0.977893 0.011066 0.030650 0.022656 0.020740 0.015376 -0.031324 0.005404 -0.000698 -0.001428 -0.000494 0.178813 0.041243 0.098386 0.0000000 1 418.629359 418.629359 505.740581 286.574774 -0.020453 -0.024926 0.019510 -0.005656 -0.660094 0.642445 -0.268559 0.281810 -0.062419 0.031365 0.062150 0 1.00000000 0.00000000 0.00000000 1.00000000 0.00000000 1.00000000 1.00000000 0.00000000 0.00000000 1.00000000 0.00000000 1.00000000 0.00000000 0.00000000 0.00000000 0.00000000 0.00000000 0.00000000 0.00000000 0.00000000 0.00000000 0.00000000 0.00000000 0.00000000 1.00000000 0.00000000 0.00000000 0.00000000 1.00000000 
1700000041.46579 0.203451 0.041544 -0.978115 0.013157 0.031247 0.021793 0.020872 0.017184 -0.031869 0.006906 -0.000684 -0.001154 -0.000583 0.178827 0.041220 0.098369 0.0000000 1 418.629359 418.629359 505.740581 286.574774 -0.020453 -0.024926 0.019510 -0.005656 -0.660094 0.642445 -0.268559 0.281810 -0.062419 0.031365 0.062150 0 1.00000000 0.00000000 0.00000000 1.00000000 0.00000000 1.00000000 1.00000000 0.00000000 0.00000000 1.00000000 0.00000000 1.00000000 0.00000000 0.00000000 0.00000000 0.00000000 0.00000000 0.00000000 0.00000000 0.00000000 0.00000000 0.00000000 0.00000000 0.00000000 1.00000000 0.00000000 0.00000000 0.00000000 1.00000000 
1700000041.49969 0.203065 0.040426 -0.978219 0.014738 0.031575 0.021062 0.020981 0.014454 -0.027011 0.006022 -0.000635 -0.000979 -0.000674 0.178884 0.041356 0.098421 0.0000000 1 418.629359 418.629359 505.740581 286.574774 -0.020453 -0.024926 0.019510 -0.005656 -0.660094 0.642445 -0.268559 0.281810 -0.062419 0.031365 0.062150 0 1.00000000 0.00000000 0.00000000 1.00000000 0.00000000 1.00000000 1.00000000 0.00000000 0.00000000 1.00000000 0.00000000 1.00000000 0.00000000 0.00000000 0.00000000 0.00000000 0.00000000 0.00000000 0.00000000 0.00000000 0.00000000 0.00000000 0.00000000 0.00000000 1.00000000 0.00000000 0.00000000 0.00000000 1.00000000 
1700000041.53360 0.202869 0.039076 -0.978297 0.015873 0.031902 0.020445 0.021148 0.014297 -0.019752 0.008116 -0.000674 -0.000872 -0.000724 0.178849 0.041434 0.098420 0.0000000 1 418.629359 418.629359 505.740581 286.574774 -0.020453 -0.024926 0.019510 -0.005656 -0.660094 0.642445 -0.268559 0.281810 -0.062419 0.031365 0.062150 0 1.00000000 0.00000000 0.00000000 1.00000000 0.00000000 1.00000000 1.00000000 0.00000000 0.00000000 1.00000000 0.00000000 1.00000000 0.00000000 0.00000000 0.00000000 0.00000000 0.00000000 0.00000000 0.00000000 0.00000000 0.00000000 0.00000000 0.00000000 0.00000000 1.00000000 0.00000000 0.00000000 0.00000000 1.00000000 
1700000041.56750 0.202617 0.037827 -0.978381 0.016920 0.032282 0.020045 0.021279 0.014701 -0.014752 0.004967 -0.000632 -0.000769 -0.000811 0.178860 0.041573 0.098475 0.0000000 1 418.629359 418.629359 505.740581 286.574774 -0.020453 -0.024926 0.019510 -0.005656 -0.660094 0.642445 -0.268559 0.281810 -0.062419 0.031365 0.062150 0 1.00000000 0.00000000 0.00000000 1.00000000 0.00000000 1.00000000 1.00000000 0.00000000 0.00000000 1.00000000 0.00000000 1.00000000 0.00000000 0.00000000 0.00000000 0.00000000 0.00000000 0.00000000 0.00000000 0.00000000 0.00000000 0.00000000 0.00000000 0.00000000 1.00000000 0.00000000 0.00000000 0.00000000 1.00000000 
1700000041.60141 0.202264 0.037325 -0.978451 0.018161 0.032668 0.019724 0.021374 0.014294 -0.010410 0.003154 -0.000599 -0.000703 -0.000921 0.178810 0.041574 0.098440 0.0000000 1 418.629359 418.629359 505.740581 286.574774 -0.020453 -0.024926 0.019510 -0.005656 -0.660094 0.642445 -0.268559 0.281810 -0.062419 0.031365 0.062150 0 1.00000000 0.00000000 0.00000000 1.00000000 0.00000000 1.00000000 1.00000000 0.00000000 0.00000000 1.00000000 0.00000000 1.00000000 0.00000000 0.00000000 0.00000000 0.00000000 0.00000000 0.00000000 0.00000000 0.00000000 0.00000000 0.00000000 0.00000000 0.00000000 1.00000000 0.00000000 0.00000000 0.00000000 1.00000000 
1700000041.63531 0.202055 0.036731 -0.978501 0.018964 0.033077 0.019632 0.021332 0.009079 -0.004828 -0.001545 -0.000667 -0.000644 -0.000933 0.178862 0.041691 0.098505 0.0000000 1 418.629359 418.629359 505.740581 286.574774 -0.020453 -0.024926 0.019510 -0.005656 -0.660094 0.642445 -0.268559 0.281810 -0.062419 0.031365 0.062150 0 1.00000000 0.00000000 0.00000000 1.00000000 0.00000000 1.00000000 1.00000000 0.00000000 0.00000000 1.00000000 0.00000000 1.00000000 0.00000000 0.00000000 0.00000000 0.00000000 0.00000000 0.00000000 0.00000000 0.00000000 0.00000000 0.00000000 0.00000000 0.00000000 1.00000000 0.00000000 0.00000000 0.00000000 1.00000000 
1700000041.66922 0.202182 0.036071 -0.978494 0.019245 0.033214 0.019684 0.021126 0.005761 -0.000517 -0.005949 -0.000746 -0.000578 -0.001061 0.178834 0.041771 0.098511 0.0000000 1 418.629359 418.629359 505.740581 286.574774 -0.020453 -0.024926 0.019510 -0.005656 -0.660094 0.642445 -0.268559 0.281810 -0.062419 0.031365 0.062150 0 1.00000000 0.00000000 0.00000000 1.00000000 0.00000000 1.00000000 1.00000000 0.00000000 0.00000000 1.00000000 0.00000000 1.00000000 0.00000000 0.00000000 0.00000000 0.00000000 0.00000000 0.00000000 0.00000000 0.00000000 0.00000000 0.00000000 0.00000000 0.00000000 1.00000000 0.00000000 0.00000000 0.00000000 1.00000000 
1700000041.70312 0.202246 0.035675 -0.978491 0.019492 0.033321 0.019819 0.020948 0.003588 0.001830 -0.006030 -0.000750 -0.000527 -0.001150 0.178806 0.041601 0.098400 0.0000000 1 418.629359 418.629359 505.740581 286.574774 -0.020453 -0.024926 0.019510 -0.005656 -0.660094 0.642445 -0.268559 0.281810 -0.062419 0.031365 0.062150 0 1.00000000 0.00000000 0.00000000 1.00000000 0.00000000 1.00000000 1.00000000 0.00000000 0.00000000 1.00000000 0.00000000 1.00000000 0.00000000 0.00000000 0.00000000 0.00000000 0.00000000 0.00000000 0.00000000 0.00000000 0.00000000 0.00000000 0.00000000 0.00000000 1.00000000 0.00000000 0.00000000 0.00000000 1.00000000 
1700000041.73703 0.202371 0.035317 -0.978471 0.019832 0.033388 0.019978 0.020830 0.002858 0.003587 -0.003230 -0.000745 -0.000521 -0.001233 0.178771 0.041432 0.098300 0.0000000 1 418.629359 418.629359 505.740581 286.574774 -0.020453 -0.024926 0.019510 -0.005656 -0.660094 0.642445 -0.268559 0.281810 -0.062419 0.031365 0.062150 0 1.00000000 0.00000000 0.00000000 1.00000000 0.00000000 1.00000000 1.00000000 0.00000000 0.00000000 1.00000000 0.00000000 1.00000000 0.00000000 0.00000000 0.00000000 0.00000000 0.00000000 0.00000000 0.00000000 0.00000000 0.00000000 0.00000000 0.00000000 0.00000000 1.00000000 0.00000000 0.00000000 0.00000000 1.00000000 
1700000041.77093 0.202305 0.034854 -0.978508 0.019515 0.033307 0.020300 0.020828 0.001199 0.006255 0.000591 -0.000792 -0.000536 -0.001255 0.178788 0.041347 0.098236 0.0000000 1 418.629359 418.629359 505.740581 286.574774 -0.020453 -0.024926 0.019510 -0.005656 -0.660094 0.642445 -0.268559 0.281810 -0.062419 0.031365 0.062150 0 1.00000000 0.00000000 0.00000000 1.00000000 0.00000000 1.00000000 1.00000000 0.00000000 0.00000000 1.00000000 0.00000000 1.00000000 0.00000000 0.00000000 0.00000000 0.00000000 0.00000000 0.00000000 0.00000000 0.00000000 0.00000000 0.00000000 0.00000000 0.00000000 1.00000000 0.00000000 0.00000000 0.00000000 1.00000000 
1700000041.80484 0.202011 0.034296 -0.978597 0.019069 0.033419 0.020617 0.020963 0.004404 0.007851 0.005007 -0.000824 -0.000556 -0.001267 0.178793 0.041222 0.098179 0.0000000 1 418.629359 418.629359 505.740581 286.574774 -0.020453 -0.024926 0.019510 -0.005656 -0.660094 0.642445 -0.268559 0.281810 -0.062419 0.031365 0.062150 0 1.00000000 0.00000000 0.00000000 1.00000000 0.00000000 1.00000000 1.00000000 0.00000000 0.00000000 1.00000000 0.00000000 1.00000000 0.00000000 0.00000000 0.00000000 0.00000000 0.00000000 0.00000000 0.00000000 0.00000000 0.00000000 0.00000000 0.00000000 0.00000000 1.00000000 0.00000000 0.00000000 0.00000000 1.00000000 
1700000041.83874 0.202154 0.033958 -0.978578 0.019145 0.033266 0.020993 0.021100 0.001636 0.007805 0.004014 -0.000731 -0.000650 -0.001450 0.178866 0.041350 0.098282 0.0000000 1 418.629359 418.629359 505.740581 286.574774 -0.020453 -0.024926 0.019510 -0.005656 -0.660094 0.642445 -0.268559 0.281810 -0.062419 0.031365 0.062150 0 1.00000000 0.00000000 0.00000000 1.00000000 0.00000000 1.00000000 1.00000000 0.00000000 0.00000000 1.00000000 0.00000000 1.00000000 0.00000000 0.00000000 0.00000000 0.00000000 0.00000000 0.00000000 0.00000000 0.00000000 0.00000000 0.00000000 0.00000000 0.00000000 1.00000000 0.00000000 0.00000000 0.00000000 1.00000000 
1700000041.87265 0.201934 0.033845 -0.978634 0.018769 0.033360 0.021459 0.021151 0.005740 0.010710 0.003719 -0.000782 -0.000671 -0.001447 0.179011 0.041544 0.098428 0.0000000 1 418.629359 418.629359 505.740581 286.574774 -0.020453 -0.024926 0.019510 -0.005656 -0.660094 0.642445 -0.268559 0.281810 -0.062419 0.031365 0.062150 0 1.00000000 0.00000000 0.00000000 1.00000000 0.00000000 1.00000000 1.00000000 0.00000000 0.00000000 1.00000000 0.00000000 1.00000000 0.00000000 0.00000000 0.00000000 0.00000000 0.00000000 0.00000000 0.00000000 0.00000000 0.00000000 0.00000000 0.00000000 0.00000000 1.00000000 0.00000000 0.00000000 0.00000000 1.00000000 
1700000041.90655 0.201237 0.033965 -0.978779 0.018460 0.033663 0.021924 0.021283 0.009577 0.011236 0.004751 -0.000795 -0.000596 -0.001418 0.179087 0.041489 0.098429 0.0000000 1 418.629359 418.629359 505.740581 286.574774 -0.020453 -0.024926 0.019510 -0.005656 -0.660094 0.642445 -0.268559 0.281810 -0.062419 0.031365 0.062150 0 1.00000000 0.00000000 0.00000000 1.00000000 0.00000000 1.00000000 1.00000000 0.00000000 0.00000000 1.00000000 0.00000000 1.00000000 0.00000000 0.00000000 0.00000000 0.00000000 0.00000000 0.00000000 0.00000000 0.00000000 0.00000000 0.00000000 0.00000000 0.00000000 1.00000000 0.00000000 0.00000000 0.00000000 1.00000000 
1700000041.94046 0.200602 0.034599 -0.978894 0.018123 0.033852 0.022377 0.021336 0.009185 0.009813 0.001135 -0.000767 -0.000549 -0.001407 0.179188 0.041622 0.098518 0.0000000 1 418.629359 418.629359 505.740581 286.574774 -0.020453 -0.024926 0.019510 -0.005656 -0.660094 0.642445 -0.268559 0.281810 -0.062419 0.031365 0.062150 0 1.00000000 0.00000000 0.00000000 1.00000000 0.00000000 1.00000000 1.00000000 0.00000000 0.00000000 1.00000000 0.00000000 1.00000000 0.00000000 0.00000000 0.00000000 0.00000000 0.00000000 0.00000000 0.00000000 0.00000000 0.00000000 0.00000000 0.00000000 0.00000000 1.00000000 0.00000000 0.00000000 0.00000000 1.00000000 
1700000041.97436 0.199904 0.035774 -0.978993 0.018224 0.034199 0.022704 0.021273 0.012890 0.008403 -0.001398 -0.000717 -0.000460 -0.001431 0.179224 0.041638 0.098543 0.0000000 1 418.629359 418.629359 505.740581 286.574774 -0.020453 -0.024926 0.019510 -0.005656 -0.660094 0.642445 -0.268559 0.281810 -0.062419 0.031365 0.062150 0 1.00000000 0.00000000 0.00000000 1.00000000 0.00000000 1.00000000 1.00000000 0.00000000 0.00000000 1.00000000 0.00000000 1.00000000 0.00000000 0.00000000 0.00000000 0.00000000 0.00000000 0.00000000 0.00000000 0.00000000 0.00000000 0.00000000 0.00000000 0.00000000 1.00000000 0.00000000 0.00000000 0.00000000 1.00000000 
1700000042.00827 0.199253 0.037253 -0.979062 0.018638 0.034608 0.023009 0.021149 0.012964 0.006258 -0.003875 -0.000652 -0.000370 -0.001394 0.179275 0.041671 0.098566 0.0000000 1 418.629359 418.629359 505.740581 286.574774 -0.020453 -0.024926 0.019510 -0.005656 -0.660094 0.642445 -0.268559 0.281810 -0.062419 0.031365 0.062150 0 1.00000000 0.00000000 0.00000000 1.00000000 0.00000000 1.00000000 1.00000000 0.00000000 0.00000000 1.00000000 0.00000000 1.00000000 0.00000000 0.00000000 0.00000000 0.00000000 0.00000000 0.00000000 0.00000000 0.00000000 0.00000000 0.00000000 0.00000000 0.00000000 1.00000000 0.00000000 0.00000000 0.00000000 1.00000000 
1700000042.04217 0.198773 0.038520 -0.979110 0.018697 0.035056 0.023132 0.021018 0.014735 0.005322 -0.002115 -0.000678 -0.000320 -0.001247 0.179280 0.041648 0.098557 0.0000000 1 418.629359 418.629359 505.740581 286.574774 -0.020453 -0.024926 0.019510 -0.005656 -0.660094 0.642445 -0.268559 0.281810 -0.062419 0.031365 0.062150 0 1.00000000 0.00000000 0.00000000 1.00000000 0.00000000 1.00000000 1.00000000 0.00000000 0.00000000 1.00000000 0.00000000 1.00000000 0.00000000 0.00000000 0.00000000 0.00000000 0.00000000 0.00000000 0.00000000 0.00000000 0.00000000 0.00000000 0.00000000 0.00000000 1.00000000 0.00000000 0.00000000 0.00000000 1.00000000 
1700000042.07608 0.198643 0.038535 -0.979128 0.019098 0.035584 0.023183 0.021112 0.016293 0.003802 0.002975 -0.000729 -0.000301 -0.001133 0.179178 0.041415 0.098410 0.0000000 1 418.629359 418.629359 505.740581 286.574774 -0.020453 -0.024926 0.019510 -0.005656 -0.660094 0.642445 -0.268559 0.281810 -0.062419 0.031365 0.062150 0 1.00000000 0.00000000 0.00000000 1.00000000 0.00000000 1.00000000 1.00000000 0.00000000 0.00000000 1.00000000 0.00000000 1.00000000 0.00000000 0.00000000 0.00000000 0.00000000 0.00000000 0.00000000 0.00000000 0.00000000 0.00000000 0.00000000 0.00000000 0.00000000 1.00000000 0.00000000 0.00000000 0.00000000 1.00000000 
1700000042.10998 0.199010 0.038027 -0.979057 0.019917 0.036069 0.023317 0.021214 0.015270 0.002237 0.000801 -0.000689 -0.000311 -0.001014 0.179233 0.041481 0.098444 0.0000000 1 418.629359 418.629359 505.740581 286.574774 -0.020453 -0.024926 0.019510 -0.005656 -0.660094 0.642445 -0.268559 0.281810 -0.062419 0.031365 0.062150 0 1.00000000 0.00000000 0.00000000 1.00000000 0.00000000 1.00000000 1.00000000 0.00000000 0.00000000 1.00000000 0.00000000 1.00000000 0.00000000 0.00000000 0.00000000 0.00000000 0.00000000 0.00000000 0.00000000 0.00000000 0.00000000 0.00000000 0.00000000 0.00000000 1.00000000 0.00000000 0.00000000 0.00000000 1.00000000 
1700000042.14389 0.199385 0.038180 -0.978971 0.020107 0.036182 0.023547 0.021124 0.008273 0.000132 -0.004238 -0.000611 -0.000349 -0.001027 0.179407 0.041726 0.098589 0.0000000 1 418.629359 418.629359 505.740581 286.574774 -0.020453 -0.024926 0.019510 -0.005656 -0.660094 0.642445 -0.268559 0.281810 -0.062419 0.031365 0.062150 0 1.00000000 0.00000000 0.00000000 1.00000000 0.00000000 1.00000000 1.00000000 0.00000000 0.00000000 1.00000000 0.00000000 1.00000000 0.00000000 0.00000000 0.00000000 0.00000000 0.00000000 0.00000000 0.00000000 0.00000000 0.00000000 0.00000000 0.00000000 0.00000000 1.00000000 0.00000000 0.00000000 0.00000000 1.00000000 
1700000042.17779 0.199450 0.038133 -0.978961 0.020041 0.036345 0.023581 0.021038 0.009060 -0.002025 -0.001577 -0.000580 -0.000356 -0.001059 0.179456 0.041725 0.098599 0.0000000 1 418.629359 418.629359 505.740581 286.574774 -0.020453 -0.024926 0.019510 -0.005656 -0.660094 0.642445 -0.268559 0.281810 -0.062419 0.031365 0.062150 0 1.00000000 0.00000000 0.00000000 1.00000000 0.00000000 1.00000000 1.00000000 0.00000000 0.00000000 1.00000000 0.00000000 1.00000000 0.00000000 0.00000000 0.00000000 0.00000000 0.00000000 0.00000000 0.00000000 0.00000000 0.00000000 0.00000000 0.00000000 0.00000000 1.00000000 0.00000000 0.00000000 0.00000000 1.00000000 
1700000042.21170 0.199722 0.037994 -0.978899 0.020611 0.036642 0.023547 0.020972 0.012129 -0.005860 -0.002319 -0.000489 -0.000389 -0.001107 0.179598 0.041812 0.098702 0.0000000 1 418.629359 418.629359 505.740581 286.574774 -0.020453 -0.024926 0.019510 -0.005656 -0.660094 0.642445 -0.268559 0.281810 -0.062419 0.031365 0.062150 0 1.00000000 0.00000000 0.00000000 1.00000000 0.00000000 1.00000000 1.00000000 0.00000000 0.00000000 1.00000000 0.00000000 1.00000000 0.00000000 0.00000000 0.00000000 0.00000000 0.00000000 0.00000000 0.00000000 0.00000000 0.00000000 0.00000000 0.00000000 0.00000000 1.00000000 0.00000000 0.00000000 0.00000000 1.00000000 
1700000042.24560 0.199833 0.038121 -0.978859 0.021206 0.036888 0.023540 0.020926 0.012192 -0.007587 -0.002800 -0.000481 -0.000466 -0.001185 0.179800 0.041879 0.098789 0.0000000 1 418.629359 418.629359 505.740581 286.574774 -0.020453 -0.024926 0.019510 -0.005656 -0.660094 0.642445 -0.268559 0.281810 -0.062419 0.031365 0.062150 0 1.00000000 0.00000000 0.00000000 1.00000000 0.00000000 1.00000000 1.00000000 0.00000000 0.00000000 1.00000000 0.00000000 1.00000000 0.00000000 0.00000000 0.00000000 0.00000000 0.00000000 0.00000000 0.00000000 0.00000000 0.00000000 0.00000000 0.00000000 0.00000000 1.00000000 0.00000000 0.00000000 0.00000000 1.00000000 
1700000042.27951 0.199568 0.038390 -0.978890 0.021738 0.037322 0.023435 0.020916 0.015299 -0.007107 -0.002136 -0.000472 -0.000502 -0.001149 0.179950 0.041822 0.098806 0.0000000 1 418.629359 418.629359 505.740581 286.574774 -0.020453 -0.024926 0.019510 -0.005656 -0.660094 0.642445 -0.268559 0.281810 -0.062419 0.031365 0.062150 0 1.00000000 0.00000000 0.00000000 1.00000000 0.00000000 1.00000000 1.00000000 0.00000000 0.00000000 1.00000000 0.00000000 1.00000000 0.00000000 0.00000000 0.00000000 0.00000000 0.00000000 0.00000000 0.00000000 0.00000000 0.00000000 0.00000000 0.00000000 0.00000000 1.00000000 0.00000000 0.00000000 0.00000000 1.00000000 
1700000042.31341 0.198990 0.039451 -0.978948 0.022513 0.037788 0.023404 0.020843 0.015171 -0.007160 -0.005366 -0.000381 -0.000493 -0.001133 0.180154 0.041829 0.098854 0.0000000 1 418.629359 418.629359 505.740581 286.574774 -0.020453 -0.024926 0.019510 -0.005656 -0.660094 0.642445 -0.268559 0.281810 -0.062419 0.031365 0.062150 0 1.00000000 0.00000000 0.00000000 1.00000000 0.00000000 1.00000000 1.00000000 0.00000000 0.00000000 1.00000000 0.00000000 1.00000000 0.00000000 0.00000000 0.00000000 0.00000000 0.00000000 0.00000000 0.00000000 0.00000000 0.00000000 0.00000000 0.00000000 0.00000000 1.00000000 0.00000000 0.00000000 0.00000000 1.00000000 
1700000042.34732 0.198138 0.041356 -0.979036 0.022778 0.038112 0.023250 0.020579 0.011471 -0.008070 -0.009807 -0.000297 -0.000483 -0.001068 0.180310 0.041970 0.098953 0.0000000 1 418.629359 418.629359 505.740581 286.574774 -0.020453 -0.024926 0.019510 -0.005656 -0.660094 0.642445 -0.268559 0.281810 -0.062419 0.031365 0.062150 0 1.00000000 0.00000000 0.00000000 1.00000000 0.00000000 1.00000000 1.00000000 0.00000000 0.00000000 1.00000000 0.00000000 1.00000000 0.00000000 0.00000000 0.00000000 0.00000000 0.00000000 0.00000000 0.00000000 0.00000000 0.00000000 0.00000000 0.00000000 0.00000000 1.00000000 0.00000000 0.00000000 0.00000000 1.00000000 
1700000042.38122 0.197362 0.043257 -0.979104 0.023068 0.038418 0.022988 0.020314 0.009316 -0.007192 -0.008354 -0.000244 -0.000503 -0.001031 0.180341 0.041896 0.098920 0.0000000 1 418.629359 418.629359 505.740581 286.574774 -0.020453 -0.024926 0.019510 -0.005656 -0.660094 0.642445 -0.268559 0.281810 -0.062419 0.031365 0.062150 0 1.00000000 0.00000000 0.00000000 1.00000000 0.00000000 1.00000000 1.00000000 0.00000000 0.00000000 1.00000000 0.00000000 1.00000000 0.00000000 0.00000000 0.00000000 0.00000000 0.00000000 0.00000000 0.00000000 0.00000000 0.00000000 0.00000000 0.00000000 0.00000000 1.00000000 0.00000000 0.00000000 0.00000000 1.00000000 
1700000042.41513 0.197433 0.044069 -0.979040 0.023635 0.038683 0.022726 0.020021 0.006685 -0.006581 -0.006792 -0.000267 -0.000563 -0.001021 0.180407 0.041992 0.099020 0.0000000 1 418.629359 418.629359 505.740581 286.574774 -0.020453 -0.024926 0.019510 -0.005656 -0.660094 0.642445 -0.268559 0.281810 -0.062419 0.031365 0.062150 0 1.00000000 0.00000000 0.00000000 1.00000000 0.00000000 1.00000000 1.00000000 0.00000000 0.00000000 1.00000000 0.00000000 1.00000000 0.00000000 0.00000000 0.00000000 0.00000000 0.00000000 0.00000000 0.00000000 0.00000000 0.00000000 0.00000000 0.00000000 0.00000000 1.00000000 0.00000000 0.00000000 0.00000000 1.00000000 
1700000042.44903 0.197997 0.043945 -0.978918 0.024217 0.038893 0.022563 0.019946 0.006779 -0.004263 -0.002499 -0.000320 -0.000642 -0.000995 0.180438 0.041880 0.098977 0.0000000 1 418.629359 418.629359 505.740581 286.574774 -0.020453 -0.024926 0.019510 -0.005656 -0.660094 0.642445 -0.268559 0.281810 -0.062419 0.031365 0.062150 0 1.00000000 0.00000000 0.00000000 1.00000000 0.00000000 1.00000000 1.00000000 0.00000000 0.00000000 1.00000000 0.00000000 1.00000000 0.00000000 0.00000000 0.00000000 0.00000000 0.00000000 0.00000000 0.00000000 0.00000000 0.00000000 0.00000000 0.00000000 0.00000000 1.00000000 0.00000000 0.00000000 0.00000000 1.00000000 
1700000042.48294 0.198530 0.043691 -0.978806 0.024826 0.039008 0.022532 0.019957 0.005465 -0.001928 -0.000748 -0.000275 -0.000736 -0.000993 0.180551 0.041911 0.099023 0.0000000 1 418.629359 418.629359 505.740581 286.574774 -0.020453 -0.024926 0.019510 -0.005656 -0.660094 0.642445 -0.268559 0.281810 -0.062419 0.031365 0.062150 0 1.00000000 0.00000000 0.00000000 1.00000000 0.00000000 1.00000000 1.00000000 0.00000000 0.00000000 1.00000000 0.00000000 1.00000000 0.00000000 0.00000000 0.00000000 0.00000000 0.00000000 0.00000000 0.00000000 0.00000000 0.00000000 0.00000000 0.00000000 0.00000000 1.00000000 0.00000000 0.00000000 0.00000000 1.00000000 
1700000042.51684 0.198637 0.043796 -0.978770 0.025207 0.038997 0.022660 0.019960 0.001165 -0.000028 -0.000816 -0.000257 -0.000804 -0.001035 0.180707 0.042028 0.099115 0.0000000 1 418.629359 418.629359 505.740581 286.574774 -0.020453 -0.024926 0.019510 -0.005656 -0.660094 0.642445 -0.268559 0.281810 -0.062419 0.031365 0.062150 0 1.00000000 0.00000000 0.00000000 1.00000000 0.00000000 1.00000000 1.00000000 0.00000000 0.00000000 1.00000000 0.00000000 1.00000000 0.00000000 0.00000000 0.00000000 0.00000000 0.00000000 0.00000000 0.00000000 0.00000000 0.00000000 0.00000000 0.00000000 0.00000000 1.00000000 0.00000000 0.00000000 0.00000000 1.00000000 
1700000042.55075 0.198537 0.044252 -0.978776 0.024945 0.038879 0.022771 0.019940 -0.002063 0.001513 -0.000885 -0.000258 -0.000863 -0.001015 0.180863 0.042121 0.099209 0.0000000 1 418.629359 418.629359 505.740581 286.574774 -0.020453 -0.024926 0.019510 -0.005656 -0.660094 0.642445 -0.268559 0.281810 -0.062419 0.031365 0.062150 0 1.00000000 0.00000000 0.00000000 1.00000000 0.00000000 1.00000000 1.00000000 0.00000000 0.00000000 1.00000000 0.00000000 1.00000000 0.00000000 0.00000000 0.00000000 0.00000000 0.00000000 0.00000000 0.00000000 0.00000000 0.00000000 0.00000000 0.00000000 0.00000000 1.00000000 0.00000000 0.00000000 0.00000000 1.00000000 
1700000042.58465 0.198403 0.044319 -0.978799 0.024975 0.038934 0.022813 0.020037 0.000578 0.002686 0.004153 -0.000305 -0.000887 -0.000965 0.180875 0.041961 0.099158 0.0000000 1 418.629359 418.629359 505.740581 286.574774 -0.020453 -0.024926 0.019510 -0.005656 -0.660094 0.642445 -0.268559 0.281810 -0.062419 0.031365 0.062150 0 1.00000000 0.00000000 0.00000000 1.00000000 0.00000000 1.00000000 1.00000000 0.00000000 0.00000000 1.00000000 0.00000000 1.00000000 0.00000000 0.00000000 0.00000000 0.00000000 0.00000000 0.00000000 0.00000000 0.00000000 0.00000000 0.00000000 0.00000000 0.00000000 1.00000000 0.00000000 0.00000000 0.00000000 1.00000000 
1700000042.61856 0.198437 0.044185 -0.978792 0.025228 0.038925 0.022961 0.020153 -0.000078 0.002397 0.003308 -0.000305 -0.000911 -0.000903 0.181001 0.042078 0.099264 0.0000000 1 418.629359 418.629359 505.740581 286.574774 -0.020453 -0.024926 0.019510 -0.005656 -0.660094 0.642445 -0.268559 0.281810 -0.062419 0.031365 0.062150 0 1.00000000 0.00000000 0.00000000 1.00000000 0.00000000 1.00000000 1.00000000 0.00000000 0.00000000 1.00000000 0.00000000 1.00000000 0.00000000 0.00000000 0.00000000 0.00000000 0.00000000 0.00000000 0.00000000 0.00000000 0.00000000 0.00000000 0.00000000 0.00000000 1.00000000 0.00000000 0.00000000 0.00000000 1.00000000 
1700000042.65246 0.198219 0.044509 -0.978824 0.025146 0.038870 0.023190 0.020286 0.000729 0.004167 0.003042 -0.000273 -0.000896 -0.000861 0.181152 0.042088 0.099303 0.0000000 1 418.629359 418.629359 505.740581 286.574774 -0.020453 -0.024926 0.019510 -0.005656 -0.660094 0.642445 -0.268559 0.281810 -0.062419 0.031365 0.062150 0 1.00000000 0.00000000 0.00000000 1.00000000 0.00000000 1.00000000 1.00000000 0.00000000 0.00000000 1.00000000 0.00000000 1.00000000 0.00000000 0.00000000 0.00000000 0.00000000 0.00000000 0.00000000 0.00000000 0.00000000 0.00000000 0.00000000 0.00000000 0.00000000 1.00000000 0.00000000 0.00000000 0.00000000 1.00000000 
1700000042.68637 0.197831 0.045366 -0.978862 0.025165 0.038772 0.023472 0.020367 0.000716 0.006282 0.002043 -0.000200 -0.000897 -0.000845 0.181310 0.042230 0.099406 0.0000000 1 418.629359 418.629359 505.740581 286.574774 -0.020453 -0.024926 0.019510 -0.005656 -0.660094 0.642445 -0.268559 0.281810 -0.062419 0.031365 0.062150 0 1.00000000 0.00000000 0.00000000 1.00000000 0.00000000 1.00000000 1.00000000 0.00000000 0.00000000 1.00000000 0.00000000 1.00000000 0.00000000 0.00000000 0.00000000 0.00000000 0.00000000 0.00000000 0.00000000 0.00000000 0.00000000 0.00000000 0.00000000 0.00000000 1.00000000 0.00000000 0.00000000 0.00000000 1.00000000 
1700000042.72027 0.197032 0.046100 -0.978991 0.025084 0.038815 0.023701 0.020432 0.001174 0.008261 0.002711 -0.000244 -0.000858 -0.000797 0.181321 0.042222 0.099408 0.0000000 1 418.629359 418.629359 505.740581 286.574774 -0.020453 -0.024926 0.019510 -0.005656 -0.660094 0.642445 -0.268559 0.281810 -0.062419 0.031365 0.062150 0 1.00000000 0.00000000 0.00000000 1.00000000 0.00000000 1.00000000 1.00000000 0.00000000 0.00000000 1.00000000 0.00000000 1.00000000 0.00000000 0.00000000 0.00000000 0.00000000 0.00000000 0.00000000 0.00000000 0.00000000 0.00000000 0.00000000 0.00000000 0.00000000 1.00000000 0.00000000 0.00000000 0.00000000 1.00000000 
1700000042.75418 0.196883 0.046269 -0.979009 0.025259 0.038803 0.023972 0.020456 -0.002786 0.007294 -0.000100 -0.000238 -0.000863 -0.000788 0.181387 0.042287 0.099480 0.0000000 1 418.629359 418.629359 505.740581 286.574774 -0.020453 -0.024926 0.019510 -0.005656 -0.660094 0.642445 -0.268559 0.281810 -0.062419 0.031365 0.062150 0 1.00000000 0.00000000 0.00000000 1.00000000 0.00000000 1.00000000 1.00000000 0.00000000 0.00000000 1.00000000 0.00000000 1.00000000 0.00000000 0.00000000 0.00000000 0.00000000 0.00000000 0.00000000 0.00000000 0.00000000 0.00000000 0.00000000 0.00000000 0.00000000 1.00000000 0.00000000 0.00000000 0.00000000 1.00000000 
1700000042.78808 0.197202 0.046358 -0.978938 0.025346 0.038666 0.024253 0.020338 -0.005651 0.006113 -0.004539 -0.000231 -0.000817 -0.000765 0.181488 0.042340 0.099544 0.0000000 1 418.629359 418.629359 505.740581 286.574774 -0.020453 -0.024926 0.019510 -0.005656 -0.660094 0.642445 -0.268559 0.281810 -0.062419 0.031365 0.062150 0 1.00000000 0.00000000 0.00000000 1.00000000 0.00000000 1.00000000 1.00000000 0.00000000 0.00000000 1.00000000 0.00000000 1.00000000 0.00000000 0.00000000 0.00000000 0.00000000 0.00000000 0.00000000 0.00000000 0.00000000 0.00000000 0.00000000 0.00000000 0.00000000 1.00000000 0.00000000 0.00000000 0.00000000 1.00000000 
1700000042.82199 0.197271 0.046759 -0.978909 0.025195 0.038374 0.024637 0.020182 -0.008725 0.006796 -0.005959 -0.000209 -0.000780 -0.000738 0.181665 0.042362 0.099592 0.0000000 1 418.629359 418.629359 505.740581 286.574774 -0.020453 -0.024926 0.019510 -0.005656 -0.660094 0.642445 -0.268559 0.281810 -0.062419 0.031365 0.062150 0 1.00000000 0.00000000 0.00000000 1.00000000 0.00000000 1.00000000 1.00000000 0.00000000 0.00000000 1.00000000 0.00000000 1.00000000 0.00000000 0.00000000 0.00000000 0.00000000 0.00000000 0.00000000 0.00000000 0.00000000 0.00000000 0.00000000 0.00000000 0.00000000 1.00000000 0.00000000 0.00000000 0.00000000 1.00000000 
1700000042.85589 0.197173 0.047302 -0.978916 0.024691 0.038011 0.024932 0.020104 -0.009888 0.008936 -0.001068 -0.000227 -0.000761 -0.000651 0.181708 0.042263 0.099539 0.0000000 1 418.629359 418.629359 505.740581 286.574774 -0.020453 -0.024926 0.019510 -0.005656 -0.660094 0.642445 -0.268559 0.281810 -0.062419 0.031365 0.062150 0 1.00000000 0.00000000 0.00000000 1.00000000 0.00000000 1.00000000 1.00000000 0.00000000 0.00000000 1.00000000 0.00000000 1.00000000 0.00000000 0.00000000 0.00000000 0.00000000 0.00000000 0.00000000 0.00000000 0.00000000 0.00000000 0.00000000 0.00000000 0.00000000 1.00000000 0.00000000 0.00000000 0.00000000 1.00000000 
1700000042.88980 0.197024 0.047304 -0.978961 0.024051 0.037748 0.025355 0.020227 -0.008094 0.011827 0.004426 -0.000252 -0.000729 -0.000546 0.181797 0.042117 0.099490 0.0000000 1 418.629359 418.629359 505.740581 286.574774 -0.020453 -0.024926 0.019510 -0.005656 -0.660094 0.642445 -0.268559 0.281810 -0.062419 0.031365 0.062150 0 1.00000000 0.00000000 0.00000000 1.00000000 0.00000000 1.00000000 1.00000000 0.00000000 0.00000000 1.00000000 0.00000000 1.00000000 0.00000000 0.00000000 0.00000000 0.00000000 0.00000000 0.00000000 0.00000000 0.00000000 0.00000000 0.00000000 0.00000000 0.00000000 1.00000000 0.00000000 0.00000000 0.00000000 1.00000000 
1700000042.92370 0.196661 0.047482 -0.979038 0.023557 0.037314 0.025791 0.020429 -0.008482 0.013420 0.008970 -0.000273 -0.000715 -0.000554 0.181800 0.042205 0.099512 0.0000000 1 418.629359 418.629359 505.740581 286.574774 -0.020453 -0.024926 0.019510 -0.005656 -0.660094 0.642445 -0.268559 0.281810 -0.062419 0.031365 0.062150 0 1.00000000 0.00000000 0.00000000 1.00000000 0.00000000 1.00000000 1.00000000 0.00000000 0.00000000 1.00000000 0.00000000 1.00000000 0.00000000 0.00000000 0.00000000 0.00000000 0.00000000 0.00000000 0.00000000 0.00000000 0.00000000 0.00000000 0.00000000 0.00000000 1.00000000 0.00000000 0.00000000 0.00000000 1.00000000 
1700000042.95761 0.196054 0.047007 -0.979200 0.022834 0.036704 0.026355 0.020812 -0.017258 0.014724 0.014469 -0.000369 -0.000743 -0.000588 0.181869 0.042371 0.099600 0.0000000 1 418.629359 418.629359 505.740581 286.574774 -0.020453 -0.024926 0.019510 -0.005656 -0.660094 0.642445 -0.268559 0.281810 -0.062419 0.031365 0.062150 0 1.00000000 0.00000000 0.00000000 1.00000000 0.00000000 1.00000000 1.00000000 0.00000000 0.00000000 1.00000000 0.00000000 1.00000000 0.00000000 0.00000000 0.00000000 0.00000000 0.00000000 0.00000000 0.00000000 0.00000000 0.00000000 0.00000000 0.00000000 0.00000000 1.00000000 0.00000000 0.00000000 0.00000000 1.00000000 
1700000042.99151 0.195724 0.045998 -0.979340 0.021659 0.036080 0.026973 0.021243 -0.017297 0.016213 0.014824 -0.000507 -0.000781 -0.000586 0.182003 0.042496 0.099730 0.0000000 1 418.629359 418.629359 505.740581 286.574774 -0.020453 -0.024926 0.019510 -0.005656 -0.660094 0.642445 -0.268559 0.281810 -0.062419 0.031365 0.062150 0 1.00000000 0.00000000 0.00000000 1.00000000 0.00000000 1.00000000 1.00000000 0.00000000 0.00000000 1.00000000 0.00000000 1.00000000 0.00000000 0.00000000 0.00000000 0.00000000 0.00000000 0.00000000 0.00000000 0.00000000 0.00000000 0.00000000 0.00000000 0.00000000 1.00000000 0.00000000 0.00000000 0.00000000 1.00000000 
1700000043.02542 0.194677 0.044904 -0.979608 0.021264 0.035516 0.027568 0.021804 -0.014202 0.014918 0.016223 -0.000554 -0.000734 -0.000661 0.181981 0.042382 0.099659 0.0000000 1 418.629359 418.629359 505.740581 286.574774 -0.020453 -0.024926 0.019510 -0.005656 -0.660094 0.642445 -0.268559 0.281810 -0.062419 0.031365 0.062150 0 1.00000000 0.00000000 0.00000000 1.00000000 0.00000000 1.00000000 1.00000000 0.00000000 0.00000000 1.00000000 0.00000000 1.00000000 0.00000000 0.00000000 0.00000000 0.00000000 0.00000000 0.00000000 0.00000000 0.00000000 0.00000000 0.00000000 0.00000000 0.00000000 1.00000000 0.00000000 0.00000000 0.00000000 1.00000000 
1700000043.05932 0.193510 0.044151 -0.979884 0.020768 0.035108 0.028125 0.022235 -0.011619 0.013500 0.010720 -0.000645 -0.000691 -0.000616 0.182058 0.042357 0.099682 0.0000000 1 418.629359 418.629359 505.740581 286.574774 -0.020453 -0.024926 0.019510 -0.005656 -0.660094 0.642445 -0.268559 0.281810 -0.062419 0.031365 0.062150 0 1.00000000 0.00000000 0.00000000 1.00000000 0.00000000 1.00000000 1.00000000 0.00000000 0.00000000 1.00000000 0.00000000 1.00000000 0.00000000 0.00000000 0.00000000 0.00000000 0.00000000 0.00000000 0.00000000 0.00000000 0.00000000 0.00000000 0.00000000 0.00000000 1.00000000 0.00000000 0.00000000 0.00000000 1.00000000 
1700000043.09323 0.192457 0.043563 -0.980124 0.020477 0.034668 0.028601 0.022459 -0.013109 0.010475 0.003471 -0.000691 -0.000643 -0.000616 0.182117 0.042367 0.099708 0.0000000 1 418.629359 418.629359 505.740581 286.574774 -0.020453 -0.024926 0.019510 -0.005656 -0.660094 0.642445 -0.268559 0.281810 -0.062419 0.031365 0.062150 0 1.00000000 0.00000000 0.00000000 1.00000000 0.00000000 1.00000000 1.00000000 0.00000000 0.00000000 1.00000000 0.00000000 1.00000000 0.00000000 0.00000000 0.00000000 0.00000000 0.00000000 0.00000000 0.00000000 0.00000000 0.00000000 0.00000000 0.00000000 0.00000000 1.00000000 0.00000000 0.00000000 0.00000000 1.00000000 
1700000043.12713 0.191793 0.043653 -0.980265 0.019765 0.034233 0.029171 0.022283 -0.015064 0.010105 -0.009622 -0.000667 -0.000523 -0.000535 0.182364 0.042496 0.099845 0.0000000 1 418.629359 418.629359 505.740581 286.574774 -0.020453 -0.024926 0.019510 -0.005656 -0.660094 0.642445 -0.268559 0.281810 -0.062419 0.031365 0.062150 0 1.00000000 0.00000000 0.00000000 1.00000000 0.00000000 1.00000000 1.00000000 0.00000000 0.00000000 1.00000000 0.00000000 1.00000000 0.00000000 0.00000000 0.00000000 0.00000000 0.00000000 0.00000000 0.00000000 0.00000000 0.00000000 0.00000000 0.00000000 0.00000000 1.00000000 0.00000000 0.00000000 0.00000000 1.00000000 
1700000043.16104 0.191143 0.043878 -0.980400 0.018824 0.033868 0.029469 0.021915 -0.013020 0.007520 -0.012991 -0.000724 -0.000374 -0.000449 0.182292 0.042268 0.099688 0.0000000 1 418.629359 418.629359 505.740581 286.574774 -0.020453 -0.024926 0.019510 -0.005656 -0.660094 0.642445 -0.268559 0.281810 -0.062419 0.031365 0.062150 0 1.00000000 0.00000000 0.00000000 1.00000000 0.00000000 1.00000000 1.00000000 0.00000000 0.00000000 1.00000000 0.00000000 1.00000000 0.00000000 0.00000000 0.00000000 0.00000000 0.00000000 0.00000000 0.00000000 0.00000000 0.00000000 0.00000000 0.00000000 0.00000000 1.00000000 0.00000000 0.00000000 0.00000000 1.00000000 
1700000043.19494 0.191691 0.043672 -0.980311 0.018364 0.033508 0.029653 0.021396 -0.011196 0.004341 -0.019328 -0.000680 -0.000296 -0.000387 0.182300 0.042123 0.099616 0.0000000 1 418.629359 418.629359 505.740581 286.574774 -0.020453 -0.024926 0.019510 -0.005656 -0.660094 0.642445 -0.268559 0.281810 -0.062419 0.031365 0.062150 0 1.00000000 0.00000000 0.00000000 1.00000000 0.00000000 1.00000000 1.00000000 0.00000000 0.00000000 1.00000000 0.00000000 1.00000000 0.00000000 0.00000000 0.00000000 0.00000000 0.00000000 0.00000000 0.00000000 0.00000000 0.00000000 0.00000000 0.00000000 0.00000000 1.00000000 0.00000000 0.00000000 0.00000000 1.00000000 
1700000043.22885 0.192395 0.043826 -0.980167 0.018329 0.033082 0.029820 0.020850 -0.009938 0.001910 -0.021947 -0.000509 -0.000229 -0.000328 0.182242 0.041828 0.099397 0.0000000 1 418.629359 418.629359 505.740581 286.574774 -0.020453 -0.024926 0.019510 -0.005656 -0.660094 0.642445 -0.268559 0.281810 -0.062419 0.031365 0.062150 0 1.00000000 0.00000000 0.00000000 1.00000000 0.00000000 1.00000000 1.00000000 0.00000000 0.00000000 1.00000000 0.00000000 1.00000000 0.00000000 0.00000000 0.00000000 0.00000000 0.00000000 0.00000000 0.00000000 0.00000000 0.00000000 0.00000000 0.00000000 0.00000000 1.00000000 0.00000000 0.00000000 0.00000000 1.00000000 
1700000043.26275 0.192954 0.044574 -0.980035 0.017714 0.032581 0.030051 0.020102 -0.010544 0.002234 -0.024800 -0.000416 -0.000235 -0.000270 0.182372 0.041879 0.099417 0.0000000 1 418.629359 418.629359 505.740581 286.574774 -0.020453 -0.024926 0.019510 -0.005656 -0.660094 0.642445 -0.268559 0.281810 -0.062419 0.031365 0.062150 0 1.00000000 0.00000000 0.00000000 1.00000000 0.00000000 1.00000000 1.00000000 0.00000000 0.00000000 1.00000000 0.00000000 1.00000000 0.00000000 0.00000000 0.00000000 0.00000000 0.00000000 0.00000000 0.00000000 0.00000000 0.00000000 0.00000000 0.00000000 0.00000000 1.00000000 0.00000000 0.00000000 0.00000000 1.00000000 
1700000043.29666 0.193637 0.045094 -0.979891 0.016878 0.032327 0.030166 0.019267 -0.007742 0.000359 -0.024321 -0.000354 -0.000219 -0.000232 0.182467 0.041907 0.099458 0.0000000 1 418.629359 418.629359 505.740581 286.574774 -0.020453 -0.024926 0.019510 -0.005656 -0.660094 0.642445 -0.268559 0.281810 -0.062419 0.031365 0.062150 0 1.00000000 0.00000000 0.00000000 1.00000000 0.00000000 1.00000000 1.00000000 0.00000000 0.00000000 1.00000000 0.00000000 1.00000000 0.00000000 0.00000000 0.00000000 0.00000000 0.00000000 0.00000000 0.00000000 0.00000000 0.00000000 0.00000000 0.00000000 0.00000000 1.00000000 0.00000000 0.00000000 0.00000000 1.00000000 
1700000043.33056 0.195088 0.045629 -0.979585 0.016510 0.032102 0.030144 0.018556 -0.000991 -0.002115 -0.018764 -0.000282 -0.000249 -0.000207 0.182525 0.041904 0.099468 0.0000000 1 418.629359 418.629359 505.740581 286.574774 -0.020453 -0.024926 0.019510 -0.005656 -0.660094 0.642445 -0.268559 0.281810 -0.062419 0.031365 0.062150 0 1.00000000 0.00000000 0.00000000 1.00000000 0.00000000 1.00000000 1.00000000 0.00000000 0.00000000 1.00000000 0.00000000 1.00000000 0.00000000 0.00000000 0.00000000 0.00000000 0.00000000 0.00000000 0.00000000 0.00000000 0.00000000 0.00000000 0.00000000 0.00000000 1.00000000 0.00000000 0.00000000 0.00000000 1.00000000 
1700000043.36447 0.196129 0.046331 -0.979343 0.016565 0.031846 0.030240 0.018078 0.000679 -0.004047 -0.013937 -0.000153 -0.000306 -0.000274 0.182678 0.042003 0.099527 0.0000000 1 418.629359 418.629359 505.740581 286.574774 -0.020453 -0.024926 0.019510 -0.005656 -0.660094 0.642445 -0.268559 0.281810 -0.062419 0.031365 0.062150 0 1.00000000 0.00000000 0.00000000 1.00000000 0.00000000 1.00000000 1.00000000 0.00000000 0.00000000 1.00000000 0.00000000 1.00000000 0.00000000 0.00000000 0.00000000 0.00000000 0.00000000 0.00000000 0.00000000 0.00000000 0.00000000 0.00000000 0.00000000 0.00000000 1.00000000 0.00000000 0.00000000 0.00000000 1.00000000 
1700000043.39837 0.196601 0.047755 -0.979178 0.016676 0.031766 0.030129 0.017674 0.005434 -0.006835 -0.008866 -0.000060 -0.000367 -0.000337 0.182789 0.042135 0.099621 0.0000000 1 418.629359 418.629359 505.740581 286.574774 -0.020453 -0.024926 0.019510 -0.005656 -0.660094 0.642445 -0.268559 0.281810 -0.062419 0.031365 0.062150 0 1.00000000 0.00000000 0.00000000 1.00000000 0.00000000 1.00000000 1.00000000 0.00000000 0.00000000 1.00000000 0.00000000 1.00000000 0.00000000 0.00000000 0.00000000 0.00000000 0.00000000 0.00000000 0.00000000 0.00000000 0.00000000 0.00000000 0.00000000 0.00000000 1.00000000 0.00000000 0.00000000 0.00000000 1.00000000 
1700000043.43228 0.196553 0.049177 -0.979107 0.017292 0.031842 0.029945 0.017541 0.006090 -0.007616 -0.000707 -0.000013 -0.000428 -0.000364 0.182868 0.042175 0.099659 0.0000000 1 418.629359 418.629359 505.740581 286.574774 -0.020453 -0.024926 0.019510 -0.005656 -0.660094 0.642445 -0.268559 0.281810 -0.062419 0.031365 0.062150 0 1.00000000 0.00000000 0.00000000 1.00000000 0.00000000 1.00000000 1.00000000 0.00000000 0.00000000 1.00000000 0.00000000 1.00000000 0.00000000 0.00000000 0.00000000 0.00000000 0.00000000 0.00000000 0.00000000 0.00000000 0.00000000 0.00000000 0.00000000 0.00000000 1.00000000 0.00000000 0.00000000 0.00000000 1.00000000 
1700000043.46618 0.196417 0.050038 -0.979081 0.017825 0.031869 0.029746 0.017709 0.002765 -0.005287 0.008680 -0.000066 -0.000568 -0.000300 0.182968 0.042256 0.099732 0.0000000 1 418.629359 418.629359 505.740581 286.574774 -0.020453 -0.024926 0.019510 -0.005656 -0.660094 0.642445 -0.268559 0.281810 -0.062419 0.031365 0.062150 0 1.00000000 0.00000000 0.00000000 1.00000000 0.00000000 1.00000000 1.00000000 0.00000000 0.00000000 1.00000000 0.00000000 1.00000000 0.00000000 0.00000000 0.00000000 0.00000000 0.00000000 0.00000000 0.00000000 0.00000000 0.00000000 0.00000000 0.00000000 0.00000000 1.00000000 0.00000000 0.00000000 0.00000000 1.00000000 
1700000043.50009 0.196138 0.049839 -0.979152 0.017526 0.031769 0.029746 0.018060 -0.003734 -0.001847 0.013222 -0.000222 -0.000684 -0.000154 0.183146 0.042508 0.099918 0.0000000 1 418.629359 418.629359 505.740581 286.574774 -0.020453 -0.024926 0.019510 -0.005656 -0.660094 0.642445 -0.268559 0.281810 -0.062419 0.031365 0.062150 0 1.00000000 0.00000000 0.00000000 1.00000000 0.00000000 1.00000000 1.00000000 0.00000000 0.00000000 1.00000000 0.00000000 1.00000000 0.00000000 0.00000000 0.00000000 0.00000000 0.00000000 0.00000000 0.00000000 0.00000000 0.00000000 0.00000000 0.00000000 0.00000000 1.00000000 0.00000000 0.00000000 0.00000000 1.00000000 
1700000043.53399 0.195948 0.049630 -0.979215 0.016719 0.031532 0.029712 0.018439 -0.003734 -0.000265 0.012778 -0.000259 -0.000751 -0.000092 0.183264 0.042713 0.100073 0.0000000 1 418.629359 418.629359 505.740581 286.574774 -0.020453 -0.024926 0.019510 -0.005656 -0.660094 0.642445 -0.268559 0.281810 -0.062419 0.031365 0.062150 0 1.00000000 0.00000000 0.00000000 1.00000000 0.00000000 1.00000000 1.00000000 0.00000000 0.00000000 1.00000000 0.00000000 1.00000000 0.00000000 0.00000000 0.00000000 0.00000000 0.00000000 0.00000000 0.00000000 0.00000000 0.00000000 0.00000000 0.00000000 0.00000000 1.00000000 0.00000000 0.00000000 0.00000000 1.00000000 
1700000043.56790 0.195291 0.049421 -0.979362 0.016406 0.031371 0.029690 0.018831 -0.003631 -0.000771 0.012659 -0.000300 -0.000725 -0.000056 0.183304 0.042796 0.100131 0.0000000 1 418.629359 418.629359 505.740581 286.574774 -0.020453 -0.024926 0.019510 -0.005656 -0.660094 0.642445 -0.268559 0.281810 -0.062419 0.031365 0.062150 0 1.00000000 0.00000000 0.00000000 1.00000000 0.00000000 1.00000000 1.00000000 0.00000000 0.00000000 1.00000000 0.00000000 1.00000000 0.00000000 0.00000000 0.00000000 0.00000000 0.00000000 0.00000000 0.00000000 0.00000000 0.00000000 0.00000000 0.00000000 0.00000000 1.00000000 0.00000000 0.00000000 0.00000000 1.00000000 
1700000043.60180 0.194689 0.049121 -0.979502 0.016081 0.031238 0.029675 0.019097 -0.006179 -0.002053 0.008571 -0.000381 -0.000678 0.000007 0.183419 0.042962 0.100264 0.0000000 1 418.629359 418.629359 505.740581 286.574774 -0.020453 -0.024926 0.019510 -0.005656 -0.660094 0.642445 -0.268559 0.281810 -0.062419 0.031365 0.062150 0 1.00000000 0.00000000 0.00000000 1.00000000 0.00000000 1.00000000 1.00000000 0.00000000 0.00000000 1.00000000 0.00000000 1.00000000 0.00000000 0.00000000 0.00000000 0.00000000 0.00000000 0.00000000 0.00000000 0.00000000 0.00000000 0.00000000 0.00000000 0.00000000 1.00000000 0.00000000 0.00000000 0.00000000 1.00000000 
1700000043.63571 0.194350 0.048677 -0.979597 0.015771 0.031030 0.029726 0.019286 -0.007748 -0.002452 0.005482 -0.000425 -0.000608 0.000050 0.183528 0.043047 0.100337 0.0000000 1 418.629359 418.629359 505.740581 286.574774 -0.020453 -0.024926 0.019510 -0.005656 -0.660094 0.642445 -0.268559 0.281810 -0.062419 0.031365 0.062150 0 1.00000000 0.00000000 0.00000000 1.00000000 0.00000000 1.00000000 1.00000000 0.00000000 0.00000000 1.00000000 0.00000000 1.00000000 0.00000000 0.00000000 0.00000000 0.00000000 0.00000000 0.00000000 0.00000000 0.00000000 0.00000000 0.00000000 0.00000000 0.00000000 1.00000000 0.00000000 0.00000000 0.00000000 1.00000000 
1700000043.66961 0.194085 0.048654 -0.979656 0.015450 0.030761 0.029778 0.019398 -0.006549 -0.003398 0.005470 -0.000416 -0.000530 0.000033 0.183657 0.043135 0.100412 0.0000000 1 418.629359 418.629359 505.740581 286.574774 -0.020453 -0.024926 0.019510 -0.005656 -0.660094 0.642445 -0.268559 0.281810 -0.062419 0.031365 0.062150 0 1.00000000 0.00000000 0.00000000 1.00000000 0.00000000 1.00000000 1.00000000 0.00000000 0.00000000 1.00000000 0.00000000 1.00000000 0.00000000 0.00000000 0.00000000 0.00000000 0.00000000 0.00000000 0.00000000 0.00000000 0.00000000 0.00000000 0.00000000 0.00000000 1.00000000 0.00000000 0.00000000 0.00000000 1.00000000 
1700000043.70352 0.193465 0.048902 -0.979766 0.015453 0.030561 0.029726 0.019701 -0.001690 -0.004207 0.014329 -0.000480 -0.000438 0.000000 0.183649 0.043126 0.100376 0.0000000 1 418.629359 418.629359 505.740581 286.574774 -0.020453 -0.024926 0.019510 -0.005656 -0.660094 0.642445 -0.268559 0.281810 -0.062419 0.031365 0.062150 0 1.00000000 0.00000000 0.00000000 1.00000000 0.00000000 1.00000000 1.00000000 0.00000000 0.00000000 1.00000000 0.00000000 1.00000000 0.00000000 0.00000000 0.00000000 0.00000000 0.00000000 0.00000000 0.00000000 0.00000000 0.00000000 0.00000000 0.00000000 0.00000000 1.00000000 0.00000000 0.00000000 0.00000000 1.00000000 
1700000043.73742 0.192188 0.049114 -0.980003 0.015674 0.030488 0.029751 0.020392 0.002348 -0.000916 0.024134 -0.000574 -0.000385 0.000007 0.183632 0.043048 0.100297 0.0000000 1 418.629359 418.629359 505.740581 286.574774 -0.020453 -0.024926 0.019510 -0.005656 -0.660094 0.642445 -0.268559 0.281810 -0.062419 0.031365 0.062150 0 1.00000000 0.00000000 0.00000000 1.00000000 0.00000000 1.00000000 1.00000000 0.00000000 0.00000000 1.00000000 0.00000000 1.00000000 0.00000000 0.00000000 0.00000000 0.00000000 0.00000000 0.00000000 0.00000000 0.00000000 0.00000000 0.00000000 0.00000000 0.00000000 1.00000000 0.00000000 0.00000000 0.00000000 1.00000000 
1700000043.77133 0.190656 0.049069 -0.980300 0.015966 0.030434 0.029865 0.021308 0.001983 0.003648 0.031498 -0.000625 -0.000337 -0.000037 0.183638 0.043121 0.100309 0.0000000 1 418.629359 418.629359 505.740581 286.574774 -0.020453 -0.024926 0.019510 -0.005656 -0.660094 0.642445 -0.268559 0.281810 -0.062419 0.031365 0.062150 0 1.00000000 0.00000000 0.00000000 1.00000000 0.00000000 1.00000000 1.00000000 0.00000000 0.00000000 1.00000000 0.00000000 1.00000000 0.00000000 0.00000000 0.00000000 0.00000000 0.00000000 0.00000000 0.00000000 0.00000000 0.00000000 0.00000000 0.00000000 0.00000000 1.00000000 0.00000000 0.00000000 0.00000000 1.00000000 
1700000043.80523 0.188973 0.048440 -0.980665 0.015467 0.030254 0.030190 0.022363 -0.001731 0.010607 0.035004 -0.000763 -0.000291 0.000000 0.183668 0.043348 0.100400 0.0000000 1 418.629359 418.629359 505.740581 286.574774 -0.020453 -0.024926 0.019510 -0.005656 -0.660094 0.642445 -0.268559 0.281810 -0.062419 0.031365 0.062150 0 1.00000000 0.00000000 0.00000000 1.00000000 0.00000000 1.00000000 1.00000000 0.00000000 0.00000000 1.00000000 0.00000000 1.00000000 0.00000000 0.00000000 0.00000000 0.00000000 0.00000000 0.00000000 0.00000000 0.00000000 0.00000000 0.00000000 0.00000000 0.00000000 1.00000000 0.00000000 0.00000000 0.00000000 1.00000000 
1700000043.83914 0.187224 0.047272 -0.981074 0.014378 0.030016 0.030698 0.023385 -0.005983 0.016359 0.031776 -0.000930 -0.000261 -0.000003 0.183720 0.043590 0.100535 0.0000000 1 418.629359 418.629359 505.740581 286.574774 -0.020453 -0.024926 0.019510 -0.005656 -0.660094 0.642445 -0.268559 0.281810 -0.062419 0.031365 0.062150 0 1.00000000 0.00000000 0.00000000 1.00000000 0.00000000 1.00000000 1.00000000 0.00000000 0.00000000 1.00000000 0.00000000 1.00000000 0.00000000 0.00000000 0.00000000 0.00000000 0.00000000 0.00000000 0.00000000 0.00000000 0.00000000 0.00000000 0.00000000 0.00000000 1.00000000 0.00000000 0.00000000 0.00000000 1.00000000 
1700000043.87304 0.186120 0.045690 -0.981380 0.012845 0.029684 0.031334 0.024222 -0.012293 0.019951 0.023207 -0.001058 -0.000242 0.000067 0.183766 0.043787 0.100651 0.0000000 1 418.629359 418.629359 505.740581 286.574774 -0.020453 -0.024926 0.019510 -0.005656 -0.660094 0.642445 -0.268559 0.281810 -0.062419 0.031365 0.062150 0 1.00000000 0.00000000 0.00000000 1.00000000 0.00000000 1.00000000 1.00000000 0.00000000 0.00000000 1.00000000 0.00000000 1.00000000 0.00000000 0.00000000 0.00000000 0.00000000 0.00000000 0.00000000 0.00000000 0.00000000 0.00000000 0.00000000 0.00000000 0.00000000 1.00000000 0.00000000 0.00000000 0.00000000 1.00000000 
1700000043.90695 0.185579 0.043799 -0.981595 0.010663 0.029296 0.032121 0.024744 -0.014401 0.021580 0.012259 -0.001218 -0.000192 0.000135 0.183827 0.043914 0.100730 0.0000000 1 418.629359 418.629359 505.740581 286.574774 -0.020453 -0.024926 0.019510 -0.005656 -0.660094 0.642445 -0.268559 0.281810 -0.062419 0.031365 0.062150 0 1.00000000 0.00000000 0.00000000 1.00000000 0.00000000 1.00000000 1.00000000 0.00000000 0.00000000 1.00000000 0.00000000 1.00000000 0.00000000 0.00000000 0.00000000 0.00000000 0.00000000 0.00000000 0.00000000 0.00000000 0.00000000 0.00000000 0.00000000 0.00000000 1.00000000 0.00000000 0.00000000 0.00000000 1.00000000 
1700000043.94085 0.185665 0.042397 -0.981659 0.008771 0.028899 0.032873 0.024990 -0.013202 0.019521 0.004430 -0.001202 -0.000105 0.000130 0.183809 0.043911 0.100705 0.0000000 1 418.629359 418.629359 505.740581 286.574774 -0.020453 -0.024926 0.019510 -0.005656 -0.660094 0.642445 -0.268559 0.281810 -0.062419 0.031365 0.062150 0 1.00000000 0.00000000 0.00000000 1.00000000 0.00000000 1.00000000 1.00000000 0.00000000 0.00000000 1.00000000 0.00000000 1.00000000 0.00000000 0.00000000 0.00000000 0.00000000 0.00000000 0.00000000 0.00000000 0.00000000 0.00000000 0.00000000 0.00000000 0.00000000 1.00000000 0.00000000 0.00000000 0.00000000 1.00000000 
1700000043.97476 0.185768 0.041817 -0.981679 0.006956 0.028431 0.033626 0.025118 -0.010462 0.014946 0.001834 -0.001145 0.000022 0.000040 0.183682 0.043802 0.100553 0.0000000 1 418.629359 418.629359 505.740581 286.574774 -0.020453 -0.024926 0.019510 -0.005656 -0.660094 0.642445 -0.268559 0.281810 -0.062419 0.031365 0.062150 0 1.00000000 0.00000000 0.00000000 1.00000000 0.00000000 1.00000000 1.00000000 0.00000000 0.00000000 1.00000000 0.00000000 1.00000000 0.00000000 0.00000000 0.00000000 0.00000000 0.00000000 0.00000000 0.00000000 0.00000000 0.00000000 0.00000000 0.00000000 0.00000000 1.00000000 0.00000000 0.00000000 0.00000000 1.00000000 
1700000044.00866 0.185458 0.041858 -0.981746 0.005388 0.028131 0.034196 0.025285 -0.003194 0.010577 0.004921 -0.001166 0.000079 -0.000029 0.183522 0.043611 0.100359 0.0000000 1 418.629359 418.629359 505.740581 286.574774 -0.020453 -0.024926 0.019510 -0.005656 -0.660094 0.642445 -0.268559 0.281810 -0.062419 0.031365 0.062150 0 1.00000000 0.00000000 0.00000000 1.00000000 0.00000000 1.00000000 1.00000000 0.00000000 0.00000000 1.00000000 0.00000000 1.00000000 0.00000000 0.00000000 0.00000000 0.00000000 0.00000000 0.00000000 0.00000000 0.00000000 0.00000000 0.00000000 0.00000000 0.00000000 1.00000000 0.00000000 0.00000000 0.00000000 1.00000000 
1700000044.04257 0.184832 0.042024 -0.981862 0.004348 0.028042 0.034562 0.025558 0.000061 0.004407 0.007242 -0.001164 0.000160 -0.000082 0.183359 0.043405 0.100163 0.0000000 1 418.629359 418.629359 505.740581 286.574774 -0.020453 -0.024926 0.019510 -0.005656 -0.660094 0.642445 -0.268559 0.281810 -0.062419 0.031365 0.062150 0 1.00000000 0.00000000 0.00000000 1.00000000 0.00000000 1.00000000 1.00000000 0.00000000 0.00000000 1.00000000 0.00000000 1.00000000 0.00000000 0.00000000 0.00000000 0.00000000 0.00000000 0.00000000 0.00000000 0.00000000 0.00000000 0.00000000 0.00000000 0.00000000 1.00000000 0.00000000 0.00000000 0.00000000 1.00000000 
1700000044.07647 0.184312 0.042293 -0.981951 0.003412 0.028051 0.034704 0.025807 0.002367 -0.000419 0.008071 -0.001192 0.000216 -0.000066 0.183284 0.043346 0.100084 0.0000000 1 418.629359 418.629359 505.740581 286.574774 -0.020453 -0.024926 0.019510 -0.005656 -0.660094 0.642445 -0.268559 0.281810 -0.062419 0.031365 0.062150 0 1.00000000 0.00000000 0.00000000 1.00000000 0.00000000 1.00000000 1.00000000 0.00000000 0.00000000 1.00000000 0.00000000 1.00000000 0.00000000 0.00000000 0.00000000 0.00000000 0.00000000 0.00000000 0.00000000 0.00000000 0.00000000 0.00000000 0.00000000 0.00000000 1.00000000 0.00000000 0.00000000 0.00000000 1.00000000 
1700000044.11037 0.183781 0.042043 -0.982064 0.002663 0.028175 0.034636 0.026149 0.004066 -0.004645 0.011864 -0.001281 0.000296 -0.000006 0.183175 0.043261 0.099981 0.0000000 1 418.629359 418.629359 505.740581 286.574774 -0.020453 -0.024926 0.019510 -0.005656 -0.660094 0.642445 -0.268559 0.281810 -0.062419 0.031365 0.062150 0 1.00000000 0.00000000 0.00000000 1.00000000 0.00000000 1.00000000 1.00000000 0.00000000 0.00000000 1.00000000 0.00000000 1.00000000 0.00000000 0.00000000 0.00000000 0.00000000 0.00000000 0.00000000 0.00000000 0.00000000 0.00000000 0.00000000 0.00000000 0.00000000 1.00000000 0.00000000 0.00000000 0.00000000 1.00000000 
1700000044.14428 0.183495 0.041346 -0.982149 0.001941 0.028219 0.034527 0.026583 0.003293 -0.005749 0.013465 -0.001372 0.000317 0.000071 0.183077 0.043247 0.099911 0.0000000 1 418.629359 418.629359 505.740581 286.574774 -0.020453 -0.024926 0.019510 -0.005656 -0.660094 0.642445 -0.268559 0.281810 -0.062419 0.031365 0.062150 0 1.00000000 0.00000000 0.00000000 1.00000000 0.00000000 1.00000000 1.00000000 0.00000000 0.00000000 1.00000000 0.00000000 1.00000000 0.00000000 0.00000000 0.00000000 0.00000000 0.00000000 0.00000000 0.00000000 0.00000000 0.00000000 0.00000000 0.00000000 0.00000000 1.00000000 0.00000000 0.00000000 0.00000000 1.00000000 
1700000044.17818 0.182988 0.040134 -0.982295 0.000929 0.028061 0.034497 0.026959 -0.003414 -0.005603 0.013536 -0.001466 0.000412 0.000055 0.183033 0.043367 0.099933 0.0000000 1 418.629359 418.629359 505.740581 286.574774 -0.020453 -0.024926 0.019510 -0.005656 -0.660094 0.642445 -0.268559 0.281810 -0.062419 0.031365 0.062150 0 1.00000000 0.00000000 0.00000000 1.00000000 0.00000000 1.00000000 1.00000000 0.00000000 0.00000000 1.00000000 0.00000000 1.00000000 0.00000000 0.00000000 0.00000000 0.00000000 0.00000000 0.00000000 0.00000000 0.00000000 0.00000000 0.00000000 0.00000000 0.00000000 1.00000000 0.00000000 0.00000000 0.00000000 1.00000000 
1700000044.21209 -0.182719 -0.038889 0.982396 0.000439 0.027864 0.034451 0.027360 -0.003090 -0.004792 0.012504 -0.001458 0.000519 0.000029 0.182944 0.043391 0.099885 0.0000000 1 418.629359 418.629359 505.740581 286.574774 -0.020453 -0.024926 0.019510 -0.005656 -0.660094 0.642445 -0.268559 0.281810 -0.062419 0.031365 0.062150 0 1.00000000 0.00000000 0.00000000 1.00000000 0.00000000 1.00000000 1.00000000 0.00000000 0.00000000 1.00000000 0.00000000 1.00000000 0.00000000 0.00000000 0.00000000 0.00000000 0.00000000 0.00000000 0.00000000 0.00000000 0.00000000 0.00000000 0.00000000 0.00000000 1.00000000 0.00000000 0.00000000 0.00000000 1.00000000 
1700000044.24599 -0.182274 -0.037721 0.982523 0.001338 0.027754 0.034280 0.027818 0.000575 -0.006590 0.014640 -0.001445 0.000560 -0.000006 0.182875 0.043330 0.099818 0.0000000 1 418.629359 418.629359 505.740581 286.574774 -0.020453 -0.024926 0.019510 -0.005656 -0.660094 0.642445 -0.268559 0.281810 -0.062419 0.031365 0.062150 0 1.00000000 0.00000000 0.00000000 1.00000000 0.00000000 1.00000000 1.00000000 0.00000000 0.00000000 1.00000000 0.00000000 1.00000000 0.00000000 0.00000000 0.00000000 0.00000000 0.00000000 0.00000000 0.00000000 0.00000000 0.00000000 0.00000000 0.00000000 0.00000000 1.00000000 0.00000000 0.00000000 0.00000000 1.00000000 
1700000044.27990 -0.181707 -0.036018 0.982691 0.001732 0.027832 0.034014 0.028415 0.004000 -0.009659 0.017704 -0.001518 0.000614 -0.000061 0.182774 0.043188 0.099700 0.0000000 1 418.629359 418.629359 505.740581 286.574774 -0.020453 -0.024926 0.019510 -0.005656 -0.660094 0.642445 -0.268559 0.281810 -0.062419 0.031365 0.062150 0 1.00000000 0.00000000 0.00000000 1.00000000 0.00000000 1.00000000 1.00000000 0.00000000 0.00000000 1.00000000 0.00000000 1.00000000 0.00000000 0.00000000 0.00000000 0.00000000 0.00000000 0.00000000 0.00000000 0.00000000 0.00000000 0.00000000 0.00000000 0.00000000 1.00000000 0.00000000 0.00000000 0.00000000 1.00000000 
1700000044.31380 -0.181289 -0.034668 0.982817 0.001599 0.027870 0.033862 0.028759 0.004946 -0.011525 0.008705 -0.001477 0.000683 -0.000191 0.182824 0.043383 0.099811 0.0000000 1 418.629359 418.629359 505.740581 286.574774 -0.020453 -0.024926 0.019510 -0.005656 -0.660094 0.642445 -0.268559 0.281810 -0.062419 0.031365 0.062150 0 1.00000000 0.00000000 0.00000000 1.00000000 0.00000000 1.00000000 1.00000000 0.00000000 0.00000000 1.00000000 0.00000000 1.00000000 0.00000000 0.00000000 0.00000000 0.00000000 0.00000000 0.00000000 0.00000000 0.00000000 0.00000000 0.00000000 0.00000000 0.00000000 1.00000000 0.00000000 0.00000000 0.00000000 1.00000000 
1700000044.34771 -0.180362 -0.034419 0.982996 0.001755 0.027978 0.033657 0.028850 0.005463 -0.010519 0.002604 -0.001461 0.000813 -0.000222 0.182749 0.043457 0.099796 0.0000000 1 418.629359 418.629359 505.740581 286.574774 -0.020453 -0.024926 0.019510 -0.005656 -0.660094 0.642445 -0.268559 0.281810 -0.062419 0.031365 0.062150 0 1.00000000 0.00000000 0.00000000 1.00000000 0.00000000 1.00000000 1.00000000 0.00000000 0.00000000 1.00000000 0.00000000 1.00000000 0.00000000 0.00000000 0.00000000 0.00000000 0.00000000 0.00000000 0.00000000 0.00000000 0.00000000 0.00000000 0.00000000 0.00000000 1.00000000 0.00000000 0.00000000 0.00000000 1.00000000 
1700000044.38161 -0.179722 -0.034241 0.983120 0.001869 0.028208 0.033315 0.028842 0.006679 -0.010399 0.000242 -0.001479 0.000925 -0.000212 0.182709 0.043515 0.099793 0.0000000 1 418.629359 418.629359 505.740581 286.574774 -0.020453 -0.024926 0.019510 -0.005656 -0.660094 0.642445 -0.268559 0.281810 -0.062419 0.031365 0.062150 0 1.00000000 0.00000000 0.00000000 1.00000000 0.00000000 1.00000000 1.00000000 0.00000000 0.00000000 1.00000000 0.00000000 1.00000000 0.00000000 0.00000000 0.00000000 0.00000000 0.00000000 0.00000000 0.00000000 0.00000000 0.00000000 0.00000000 0.00000000 0.00000000 1.00000000 0.00000000 0.00000000 0.00000000 1.00000000 
1700000044.41552 -0.179505 -0.034003 0.983167 0.001937 0.028412 0.032977 0.028908 0.006491 -0.010327 0.000263 -0.001464 0.001018 -0.000160 0.182485 0.043326 0.099584 0.0000000 1 418.629359 418.629359 505.740581 286.574774 -0.020453 -0.024926 0.019510 -0.005656 -0.660094 0.642445 -0.268559 0.281810 -0.062419 0.031365 0.062150 0 1.00000000 0.00000000 0.00000000 1.00000000 0.00000000 1.00000000 1.00000000 0.00000000 0.00000000 1.00000000 0.00000000 1.00000000 0.00000000 0.00000000 0.00000000 0.00000000 0.00000000 0.00000000 0.00000000 0.00000000 0.00000000 0.00000000 0.00000000 0.00000000 1.00000000 0.00000000 0.00000000 0.00000000 1.00000000 
1700000044.44942 -0.179454 -0.033595 0.983191 0.002024 0.028549 0.032642 0.028974 0.005764 -0.009221 0.000757 -0.001431 0.001062 -0.000138 0.182315 0.043215 0.099442 0.0000000 1 418.629359 418.629359 505.740581 286.574774 -0.020453 -0.024926 0.019510 -0.005656 -0.660094 0.642445 -0.268559 0.281810 -0.062419 0.031365 0.062150 0 1.00000000 0.00000000 0.00000000 1.00000000 0.00000000 1.00000000 1.00000000 0.00000000 0.00000000 1.00000000 0.00000000 1.00000000 0.00000000 0.00000000 0.00000000 0.00000000 0.00000000 0.00000000 0.00000000 0.00000000 0.00000000 0.00000000 0.00000000 0.00000000 1.00000000 0.00000000 0.00000000 0.00000000 1.00000000 
1700000044.48333 -0.179423 -0.033277 0.983207 0.001916 0.028657 0.032376 0.029008 0.005946 -0.008965 -0.000003 -0.001393 0.001106 -0.000147 0.182158 0.043143 0.099326 0.0000000 1 418.629359 418.629359 505.740581 286.574774 -0.020453 -0.024926 0.019510 -0.005656 -0.660094 0.642445 -0.268559 0.281810 -0.062419 0.031365 0.062150 0 1.00000000 0.00000000 0.00000000 1.00000000 0.00000000 1.00000000 1.00000000 0.00000000 0.00000000 1.00000000 0.00000000 1.00000000 0.00000000 0.00000000 0.00000000 0.00000000 0.00000000 0.00000000 0.00000000 0.00000000 0.00000000 0.00000000 0.00000000 0.00000000 1.00000000 0.00000000 0.00000000 0.00000000 1.00000000 
1700000044.51723 -0.179218 -0.033184 0.983248 0.001824 0.028744 0.032157 0.029036 0.004534 -0.008299 0.000513 -0.001400 0.001130 -0.000143 0.181998 0.043087 0.099215 0.0000000 1 418.629359 418.629359 505.740581 286.574774 -0.020453 -0.024926 0.019510 -0.005656 -0.660094 0.642445 -0.268559 0.281810 -0.062419 0.031365 0.062150 0 1.00000000 0.00000000 0.00000000 1.00000000 0.00000000 1.00000000 1.00000000 0.00000000 0.00000000 1.00000000 0.00000000 1.00000000 0.00000000 0.00000000 0.00000000 0.00000000 0.00000000 0.00000000 0.00000000 0.00000000 0.00000000 0.00000000 0.00000000 0.00000000 1.00000000 0.00000000 0.00000000 0.00000000 1.00000000 
1700000044.55114 -0.179224 -0.033407 0.983239 0.001812 0.028792 0.031908 0.029015 0.003195 -0.007912 0.000385 -0.001340 0.001169 -0.000122 0.181917 0.043160 0.099198 0.0000000 1 418.629359 418.629359 505.740581 286.574774 -0.020453 -0.024926 0.019510 -0.005656 -0.660094 0.642445 -0.268559 0.281810 -0.062419 0.031365 0.062150 0 1.00000000 0.00000000 0.00000000 1.00000000 0.00000000 1.00000000 1.00000000 0.00000000 0.00000000 1.00000000 0.00000000 1.00000000 0.00000000 0.00000000 0.00000000 0.00000000 0.00000000 0.00000000 0.00000000 0.00000000 0.00000000 0.00000000 0.00000000 0.00000000 1.00000000 0.00000000 0.00000000 0.00000000 1.00000000 
1700000044.58504 -0.179086 -0.033465 0.983263 0.001408 0.028794 0.031658 0.029257 0.004524 -0.007637 0.006532 -0.001299 0.001164 -0.000146 0.181656 0.042874 0.098941 0.0000000 1 418.629359 418.629359 505.740581 286.574774 -0.020453 -0.024926 0.019510 -0.005656 -0.660094 0.642445 -0.268559 0.281810 -0.062419 0.031365 0.062150 0 1.00000000 0.00000000 0.00000000 1.00000000 0.00000000 1.00000000 1.00000000 0.00000000 0.00000000 1.00000000 0.00000000 1.00000000 0.00000000 0.00000000 0.00000000 0.00000000 0.00000000 0.00000000 0.00000000 0.00000000 0.00000000 0.00000000 0.00000000 0.00000000 1.00000000 0.00000000 0.00000000 0.00000000 1.00000000 
1700000044.61895 -0.178403 -0.033552 0.983385 0.000932 0.028840 0.031411 0.029480 0.004652 -0.007798 0.007695 -0.001298 0.001195 -0.000157 0.181577 0.042897 0.098915 0.0000000 1 418.629359 418.629359 505.740581 286.574774 -0.020453 -0.024926 0.019510 -0.005656 -0.660094 0.642445 -0.268559 0.281810 -0.062419 0.031365 0.062150 0 1.00000000 0.00000000 0.00000000 1.00000000 0.00000000 1.00000000 1.00000000 0.00000000 0.00000000 1.00000000 0.00000000 1.00000000 0.00000000 0.00000000 0.00000000 0.00000000 0.00000000 0.00000000 0.00000000 0.00000000 0.00000000 0.00000000 0.00000000 0.00000000 1.00000000 0.00000000 0.00000000 0.00000000 1.00000000 
1700000044.65285 -0.177434 -0.033583 0.983559 0.000779 0.028891 0.031184 0.029640 0.001438 -0.006118 0.005598 -0.001398 0.001203 -0.000056 0.181583 0.043089 0.098997 0.0000000 1 418.629359 418.629359 505.740581 286.574774 -0.020453 -0.024926 0.019510 -0.005656 -0.660094 0.642445 -0.268559 0.281810 -0.062419 0.031365 0.062150 0 1.00000000 0.00000000 0.00000000 1.00000000 0.00000000 1.00000000 1.00000000 0.00000000 0.00000000 1.00000000 0.00000000 1.00000000 0.00000000 0.00000000 0.00000000 0.00000000 0.00000000 0.00000000 0.00000000 0.00000000 0.00000000 0.00000000 0.00000000 0.00000000 1.00000000 0.00000000 0.00000000 0.00000000 1.00000000 
1700000044.68676 -0.176967 -0.033258 0.983654 0.000986 0.028790 0.031034 0.029705 -0.003246 -0.004926 0.001588 -0.001503 0.001175 0.000018 0.181595 0.043296 0.099083 0.0000000 1 418.629359 418.629359 505.740581 286.574774 -0.020453 -0.024926 0.019510 -0.005656 -0.660094 0.642445 -0.268559 0.281810 -0.062419 0.031365 0.062150 0 1.00000000 0.00000000 0.00000000 1.00000000 0.00000000 1.00000000 1.00000000 0.00000000 0.00000000 1.00000000 0.00000000 1.00000000 0.00000000 0.00000000 0.00000000 0.00000000 0.00000000 0.00000000 0.00000000 0.00000000 0.00000000 0.00000000 0.00000000 0.00000000 1.00000000 0.00000000 0.00000000 0.00000000 1.00000000 
1700000044.72066 -0.176923 -0.032481 0.983688 0.001250 0.028642 0.030786 0.029823 -0.001867 -0.006230 0.001650 -0.001577 0.001148 0.000064 0.181454 0.043194 0.098961 0.0000000 1 418.629359 418.629359 505.740581 286.574774 -0.020453 -0.024926 0.019510 -0.005656 -0.660094 0.642445 -0.268559 0.281810 -0.062419 0.031365 0.062150 0 1.00000000 0.00000000 0.00000000 1.00000000 0.00000000 1.00000000 1.00000000 0.00000000 0.00000000 1.00000000 0.00000000 1.00000000 0.00000000 0.00000000 0.00000000 0.00000000 0.00000000 0.00000000 0.00000000 0.00000000 0.00000000 0.00000000 0.00000000 0.00000000 1.00000000 0.00000000 0.00000000 0.00000000 1.00000000 
1700000044.75457 -0.176861 -0.031503 0.983731 0.001405 0.028485 0.030640 0.029962 -0.000880 -0.007523 0.001785 -0.001595 0.001156 0.000065 0.181212 0.043046 0.098760 0.0000000 1 418.629359 418.629359 505.740581 286.574774 -0.020453 -0.024926 0.019510 -0.005656 -0.660094 0.642445 -0.268559 0.281810 -0.062419 0.031365 0.062150 0 1.00000000 0.00000000 0.00000000 1.00000000 0.00000000 1.00000000 1.00000000 0.00000000 0.00000000 1.00000000 0.00000000 1.00000000 0.00000000 0.00000000 0.00000000 0.00000000 0.00000000 0.00000000 0.00000000 0.00000000 0.00000000 0.00000000 0.00000000 0.00000000 1.00000000 0.00000000 0.00000000 0.00000000 1.00000000 
1700000044.78847 -0.176556 -0.031103 0.983798 0.001567 0.028425 0.030481 0.029874 0.001501 -0.009723 -0.003368 -0.001520 0.001226 0.000068 0.181142 0.043224 0.098784 0.0000000 1 418.629359 418.629359 505.740581 286.574774 -0.020453 -0.024926 0.019510 -0.005656 -0.660094 0.642445 -0.268559 0.281810 -0.062419 0.031365 0.062150 0 1.00000000 0.00000000 0.00000000 1.00000000 0.00000000 1.00000000 1.00000000 0.00000000 0.00000000 1.00000000 0.00000000 1.00000000 0.00000000 0.00000000 0.00000000 0.00000000 0.00000000 0.00000000 0.00000000 0.00000000 0.00000000 0.00000000 0.00000000 0.00000000 1.00000000 0.00000000 0.00000000 0.00000000 1.00000000 
1700000044.82238 -0.176368 -0.031291 0.983826 0.001569 0.028419 0.030138 0.029838 0.002910 -0.012161 -0.003029 -0.001445 0.001229 0.000068 0.180907 0.043080 0.098589 0.0000000 1 418.629359 418.629359 505.740581 286.574774 -0.020453 -0.024926 0.019510 -0.005656 -0.660094 0.642445 -0.268559 0.281810 -0.062419 0.031365 0.062150 0 1.00000000 0.00000000 0.00000000 1.00000000 0.00000000 1.00000000 1.00000000 0.00000000 0.00000000 1.00000000 0.00000000 1.00000000 0.00000000 0.00000000 0.00000000 0.00000000 0.00000000 0.00000000 0.00000000 0.00000000 0.00000000 0.00000000 0.00000000 0.00000000 1.00000000 0.00000000 0.00000000 0.00000000 1.00000000 
1700000044.85628 -0.176389 -0.031182 0.983825 0.001582 0.028348 0.029711 0.029805 0.000702 -0.014050 -0.001425 -0.001450 0.001216 0.000103 0.180747 0.043039 0.098486 0.0000000 1 418.629359 418.629359 505.740581 286.574774 -0.020453 -0.024926 0.019510 -0.005656 -0.660094 0.642445 -0.268559 0.281810 -0.062419 0.031365 0.062150 0 1.00000000 0.00000000 0.00000000 1.00000000 0.00000000 1.00000000 1.00000000 0.00000000 0.00000000 1.00000000 0.00000000 1.00000000 0.00000000 0.00000000 0.00000000 0.00000000 0.00000000 0.00000000 0.00000000 0.00000000 0.00000000 0.00000000 0.00000000 0.00000000 1.00000000 0.00000000 0.00000000 0.00000000 1.00000000 
1700000044.89019 -0.176456 -0.030724 0.983828 0.001623 0.028296 0.029262 0.029895 0.002120 -0.013715 0.002835 -0.001452 0.001218 0.000099 0.180525 0.042889 0.098301 0.0000000 1 418.629359 418.629359 505.740581 286.574774 -0.020453 -0.024926 0.019510 -0.005656 -0.660094 0.642445 -0.268559 0.281810 -0.062419 0.031365 0.062150 0 1.00000000 0.00000000 0.00000000 1.00000000 0.00000000 1.00000000 1.00000000 0.00000000 0.00000000 1.00000000 0.00000000 1.00000000 0.00000000 0.00000000 0.00000000 0.00000000 0.00000000 0.00000000 0.00000000 0.00000000 0.00000000 0.00000000 0.00000000 0.00000000 1.00000000 0.00000000 0.00000000 0.00000000 1.00000000 
1700000044.92409 -0.176422 -0.029997 0.983856 0.001525 0.028279 0.028845 0.030176 0.004734 -0.013210 0.007907 -0.001441 0.001200 0.000107 0.180279 0.042721 0.098098 0.0000000 1 418.629359 418.629359 505.740581 286.574774 -0.020453 -0.024926 0.019510 -0.005656 -0.660094 0.642445 -0.268559 0.281810 -0.062419 0.031365 0.062150 0 1.00000000 0.00000000 0.00000000 1.00000000 0.00000000 1.00000000 1.00000000 0.00000000 0.00000000 1.00000000 0.00000000 1.00000000 0.00000000 0.00000000 0.00000000 0.00000000 0.00000000 0.00000000 0.00000000 0.00000000 0.00000000 0.00000000 0.00000000 0.00000000 1.00000000 0.00000000 0.00000000 0.00000000 1.00000000 
1700000044.95800 -0.176132 -0.029477 0.983924 0.001254 0.028343 0.028526 0.030367 0.005935 -0.012072 0.005965 -0.001406 0.001205 0.000080 0.180242 0.042901 0.098148 0.0000000 1 418.629359 418.629359 505.740581 286.574774 -0.020453 -0.024926 0.019510 -0.005656 -0.660094 0.642445 -0.268559 0.281810 -0.062419 0.031365 0.062150 0 1.00000000 0.00000000 0.00000000 1.00000000 0.00000000 1.00000000 1.00000000 0.00000000 0.00000000 1.00000000 0.00000000 1.00000000 0.00000000 0.00000000 0.00000000 0.00000000 0.00000000 0.00000000 0.00000000 0.00000000 0.00000000 0.00000000 0.00000000 0.00000000 1.00000000 0.00000000 0.00000000 0.00000000 1.00000000 
1700000045.02581 -0.175671 -0.029038 0.984020 0.001340 0.028402 0.028383 0.030282 0.005977 -0.000154 -0.001602 -0.001251 0.001100 0.000032 0.180359 0.043529 0.098463 0.0000000 1 418.629359 418.629359 505.740581 286.574774 -0.020453 -0.024926 0.019510 -0.005656 -0.660094 0.642445 -0.268559 0.281810 -0.062419 0.031365 0.062150 0 1.00000000 0.00000000 0.00000000 1.00000000 0.00000000 1.00000000 1.00000000 0.00000000 0.00000000 1.00000000 0.00000000 1.00000000 0.00000000 0.00000000 0.00000000 0.00000000 0.00000000 0.00000000 0.00000000 0.00000000 0.00000000 0.00000000 0.00000000 0.00000000 1.00000000 0.00000000 0.00000000 0.00000000 1.00000000 
