# timestamp(s) q p v bg ba cam_imu_dt num_cam cam0_k cam0_d cam0_rot cam0_trans ... imu_model dw da tg wtoI atoI etc
1700000005.22137 -0.146543 -0.110640 0.981723 0.050034 0.004326 0.024388 0.042947 -0.001636 -0.051265 0.020937 0.008008 -0.000057 -0.010379 -0.002675 -0.001455 0.004677 0.0000000 1 418.629359 418.629359 505.740581 286.574774 -0.020453 -0.024926 0.019510 -0.005656 -0.660094 0.642445 -0.268559 0.281810 -0.062419 0.031365 0.062150 0 1.00000000 0.00000000 0.00000000 1.00000000 0.00000000 1.00000000 1.00000000 0.00000000 0.00000000 1.00000000 0.00000000 1.00000000 0.00000000 0.00000000 0.00000000 0.00000000 0.00000000 0.00000000 0.00000000 0.00000000 0.00000000 0.00000000 0.00000000 0.00000000 1.00000000 0.00000000 0.00000000 0.00000000 1.00000000 
1700000005.25527 -0.140894 -0.110259 0.982677 0.048359 0.017660 0.054999 0.041250 0.018255 0.002513 0.010996 0.005987 0.000807 -0.011320 -0.002916 -0.001281 0.005487 0.0000000 1 418.629359 418.629359 505.740581 286.574774 -0.020453 -0.024926 0.019510 -0.005656 -0.660094 0.642445 -0.268559 0.281810 -0.062419 0.031365 0.062150 0 1.00000000 0.00000000 0.00000000 1.00000000 0.00000000 1.00000000 1.00000000 0.00000000 0.00000000 1.00000000 0.00000000 1.00000000 0.00000000 0.00000000 0.00000000 0.00000000 0.00000000 0.00000000 0.00000000 0.00000000 0.00000000 0.00000000 0.00000000 0.00000000 1.00000000 0.00000000 0.00000000 0.00000000 1.00000000 
1700000005.28918 -0.137149 -0.112913 0.982957 0.047279 0.018194 0.055010 0.041356 0.013675 -0.000642 -0.005502 0.005987 0.000807 -0.011320 -0.002916 -0.001281 0.005487 0.0000000 1 418.629359 418.629359 505.740581 286.574774 -0.020453 -0.024926 0.019510 -0.005656 -0.660094 0.642445 -0.268559 0.281810 -0.062419 0.031365 0.062150 0 1.00000000 0.00000000 0.00000000 1.00000000 0.00000000 1.00000000 1.00000000 0.00000000 0.00000000 1.00000000 0.00000000 1.00000000 0.00000000 0.00000000 0.00000000 0.00000000 0.00000000 0.00000000 0.00000000 0.00000000 0.00000000 0.00000000 0.00000000 0.00000000 1.00000000 0.00000000 0.00000000 0.00000000 1.00000000 
1700000005.32308 -0.135695 -0.115624 0.982990 0.044152 0.018607 0.055031 0.040959 0.009111 0.001003 -0.017028 0.005987 0.000807 -0.011320 -0.002916 -0.001281 0.005487 0.0000000 1 418.629359 418.629359 505.740581 286.574774 -0.020453 -0.024926 0.019510 -0.005656 -0.660094 0.642445 -0.268559 0.281810 -0.062419 0.031365 0.062150 0 1.00000000 0.00000000 0.00000000 1.00000000 0.00000000 1.00000000 1.00000000 0.00000000 0.00000000 1.00000000 0.00000000 1.00000000 0.00000000 0.00000000 0.00000000 0.00000000 0.00000000 0.00000000 0.00000000 0.00000000 0.00000000 0.00000000 0.00000000 0.00000000 1.00000000 0.00000000 0.00000000 0.00000000 1.00000000 
1700000005.35699 -0.136331 -0.117435 0.982816 0.041171 0.018724 0.055056 0.040116 -0.001337 0.001398 -0.031703 0.005987 0.000807 -0.011320 -0.002916 -0.001281 0.005487 0.0000000 1 418.629359 418.629359 505.740581 286.574774 -0.020453 -0.024926 0.019510 -0.005656 -0.660094 0.642445 -0.268559 0.281810 -0.062419 0.031365 0.062150 0 1.00000000 0.00000000 0.00000000 1.00000000 0.00000000 1.00000000 1.00000000 0.00000000 0.00000000 1.00000000 0.00000000 1.00000000 0.00000000 0.00000000 0.00000000 0.00000000 0.00000000 0.00000000 0.00000000 0.00000000 0.00000000 0.00000000 0.00000000 0.00000000 1.00000000 0.00000000 0.00000000 0.00000000 1.00000000 
1700000005.39089 -0.138205 -0.118684 0.982486 0.039172 0.018597 0.055209 0.038970 -0.005916 0.008172 -0.034022 0.005987 0.000807 -0.011320 -0.002916 -0.001281 0.005487 0.0000000 1 418.629359 418.629359 505.740581 286.574774 -0.020453 -0.024926 0.019510 -0.005656 -0.660094 0.642445 -0.268559 0.281810 -0.062419 0.031365 0.062150 0 1.00000000 0.00000000 0.00000000 1.00000000 0.00000000 1.00000000 1.00000000 0.00000000 0.00000000 1.00000000 0.00000000 1.00000000 0.00000000 0.00000000 0.00000000 0.00000000 0.00000000 0.00000000 0.00000000 0.00000000 0.00000000 0.00000000 0.00000000 0.00000000 1.00000000 0.00000000 0.00000000 0.00000000 1.00000000 
1700000005.42480 -0.140048 -0.119048 0.982216 0.038283 0.018240 0.055553 0.037744 -0.016527 0.010892 -0.040506 0.005987 0.000807 -0.011320 -0.002916 -0.001281 0.005487 0.0000000 1 418.629359 418.629359 505.740581 286.574774 -0.020453 -0.024926 0.019510 -0.005656 -0.660094 0.642445 -0.268559 0.281810 -0.062419 0.031365 0.062150 0 1.00000000 0.00000000 0.00000000 1.00000000 0.00000000 1.00000000 1.00000000 0.00000000 0.00000000 1.00000000 0.00000000 1.00000000 0.00000000 0.00000000 0.00000000 0.00000000 0.00000000 0.00000000 0.00000000 0.00000000 0.00000000 0.00000000 0.00000000 0.00000000 1.00000000 0.00000000 0.00000000 0.00000000 1.00000000 
1700000005.45870 -0.142648 -0.120690 0.981627 0.038653 0.017512 0.055999 0.036282 -0.024569 0.017429 -0.042278 0.005987 0.000807 -0.011320 -0.002916 -0.001281 0.005487 0.0000000 1 418.629359 418.629359 505.740581 286.574774 -0.020453 -0.024926 0.019510 -0.005656 -0.660094 0.642445 -0.268559 0.281810 -0.062419 0.031365 0.062150 0 1.00000000 0.00000000 0.00000000 1.00000000 0.00000000 1.00000000 1.00000000 0.00000000 0.00000000 1.00000000 0.00000000 1.00000000 0.00000000 0.00000000 0.00000000 0.00000000 0.00000000 0.00000000 0.00000000 0.00000000 0.00000000 0.00000000 0.00000000 0.00000000 1.00000000 0.00000000 0.00000000 0.00000000 1.00000000 
1700000005.49261 -0.145420 -0.121097 0.981142 0.039353 0.016523 0.056715 0.034927 -0.036283 0.022722 -0.040230 0.005987 0.000807 -0.011320 -0.002916 -0.001281 0.005487 0.0000000 1 418.629359 418.629359 505.740581 286.574774 -0.020453 -0.024926 0.019510 -0.005656 -0.660094 0.642445 -0.268559 0.281810 -0.062419 0.031365 0.062150 0 1.00000000 0.00000000 0.00000000 1.00000000 0.00000000 1.00000000 1.00000000 0.00000000 0.00000000 1.00000000 0.00000000 1.00000000 0.00000000 0.00000000 0.00000000 0.00000000 0.00000000 0.00000000 0.00000000 0.00000000 0.00000000 0.00000000 0.00000000 0.00000000 1.00000000 0.00000000 0.00000000 0.00000000 1.00000000 
1700000005.52651 -0.149876 -0.121415 0.980387 0.040467 0.015071 0.057534 0.033488 -0.045997 0.027739 -0.042696 0.005987 0.000807 -0.011320 -0.002916 -0.001281 0.005487 0.0000000 1 418.629359 418.629359 505.740581 286.574774 -0.020453 -0.024926 0.019510 -0.005656 -0.660094 0.642445 -0.268559 0.281810 -0.062419 0.031365 0.062150 0 1.00000000 0.00000000 0.00000000 1.00000000 0.00000000 1.00000000 1.00000000 0.00000000 0.00000000 1.00000000 0.00000000 1.00000000 0.00000000 0.00000000 0.00000000 0.00000000 0.00000000 0.00000000 0.00000000 0.00000000 0.00000000 0.00000000 0.00000000 0.00000000 1.00000000 0.00000000 0.00000000 0.00000000 1.00000000 
1700000005.56042 -0.155060 -0.120768 0.979654 0.040606 0.013375 0.058566 0.032017 -0.059168 0.029188 -0.049274 0.005987 0.000807 -0.011320 -0.002916 -0.001281 0.005487 0.0000000 1 418.629359 418.629359 505.740581 286.574774 -0.020453 -0.024926 0.019510 -0.005656 -0.660094 0.642445 -0.268559 0.281810 -0.062419 0.031365 0.062150 0 1.00000000 0.00000000 0.00000000 1.00000000 0.00000000 1.00000000 1.00000000 0.00000000 0.00000000 1.00000000 0.00000000 1.00000000 0.00000000 0.00000000 0.00000000 0.00000000 0.00000000 0.00000000 0.00000000 0.00000000 0.00000000 0.00000000 0.00000000 0.00000000 1.00000000 0.00000000 0.00000000 0.00000000 1.00000000 
1700000005.59432 -0.162247 -0.121982 0.978289 0.041793 0.011111 0.059554 0.030073 -0.069045 0.033312 -0.059955 0.005987 0.000807 -0.011320 -0.002916 -0.001281 0.005487 0.0000000 1 418.629359 418.629359 505.740581 286.574774 -0.020453 -0.024926 0.019510 -0.005656 -0.660094 0.642445 -0.268559 0.281810 -0.062419 0.031365 0.062150 0 1.00000000 0.00000000 0.00000000 1.00000000 0.00000000 1.00000000 1.00000000 0.00000000 0.00000000 1.00000000 0.00000000 1.00000000 0.00000000 0.00000000 0.00000000 0.00000000 0.00000000 0.00000000 0.00000000 0.00000000 0.00000000 0.00000000 0.00000000 0.00000000 1.00000000 0.00000000 0.00000000 0.00000000 1.00000000 
1700000005.62823 -0.169696 -0.121479 0.977099 0.041513 0.008841 0.060956 0.028262 -0.067929 0.047067 -0.047494 0.005987 0.000807 -0.011320 -0.002916 -0.001281 0.005487 0.0000000 1 418.629359 418.629359 505.740581 286.574774 -0.020453 -0.024926 0.019510 -0.005656 -0.660094 0.642445 -0.268559 0.281810 -0.062419 0.031365 0.062150 0 1.00000000 0.00000000 0.00000000 1.00000000 0.00000000 1.00000000 1.00000000 0.00000000 0.00000000 1.00000000 0.00000000 1.00000000 0.00000000 0.00000000 0.00000000 0.00000000 0.00000000 0.00000000 0.00000000 0.00000000 0.00000000 0.00000000 0.00000000 0.00000000 1.00000000 0.00000000 0.00000000 0.00000000 1.00000000 
1700000005.66213 -0.173230 -0.120420 0.976394 0.046312 0.021554 0.039981 0.016651 -0.020954 0.019335 -0.088835 0.005407 0.006981 -0.005576 -0.004310 -0.002490 0.009725 0.0000000 1 418.629359 418.629359 505.740581 286.574774 -0.020453 -0.024926 0.019510 -0.005656 -0.660094 0.642445 -0.268559 0.281810 -0.062419 0.031365 0.062150 0 1.00000000 0.00000000 0.00000000 1.00000000 0.00000000 1.00000000 1.00000000 0.00000000 0.00000000 1.00000000 0.00000000 1.00000000 0.00000000 0.00000000 0.00000000 0.00000000 0.00000000 0.00000000 0.00000000 0.00000000 0.00000000 0.00000000 0.00000000 0.00000000 1.00000000 0.00000000 0.00000000 0.00000000 1.00000000 
1700000005.69604 -0.183109 -0.121067 0.974376 0.049045 0.021392 0.041625 0.015119 -0.010461 0.026236 -0.084229 0.005501 0.007571 -0.004442 -0.004284 -0.002441 0.009641 0.0000000 1 418.629359 418.629359 505.740581 286.574774 -0.020453 -0.024926 0.019510 -0.005656 -0.660094 0.642445 -0.268559 0.281810 -0.062419 0.031365 0.062150 0 1.00000000 0.00000000 0.00000000 1.00000000 0.00000000 1.00000000 1.00000000 0.00000000 0.00000000 1.00000000 0.00000000 1.00000000 0.00000000 0.00000000 0.00000000 0.00000000 0.00000000 0.00000000 0.00000000 0.00000000 0.00000000 0.00000000 0.00000000 0.00000000 1.00000000 0.00000000 0.00000000 0.00000000 1.00000000 
1700000005.72994 -0.192596 -0.119506 0.972646 0.050845 0.020996 0.042543 0.012337 -0.015047 0.026221 -0.083006 0.005501 0.007571 -0.004442 -0.004284 -0.002441 0.009641 0.0000000 1 418.629359 418.629359 505.740581 286.574774 -0.020453 -0.024926 0.019510 -0.005656 -0.660094 0.642445 -0.268559 0.281810 -0.062419 0.031365 0.062150 0 1.00000000 0.00000000 0.00000000 1.00000000 0.00000000 1.00000000 1.00000000 0.00000000 0.00000000 1.00000000 0.00000000 1.00000000 0.00000000 0.00000000 0.00000000 0.00000000 0.00000000 0.00000000 0.00000000 0.00000000 0.00000000 0.00000000 0.00000000 0.00000000 1.00000000 0.00000000 0.00000000 0.00000000 1.00000000 
1700000005.76385 -0.203631 -0.118662 0.970390 0.052887 0.020481 0.043483 0.009599 -0.012222 0.031280 -0.073505 0.005501 0.007571 -0.004442 -0.004284 -0.002441 0.009641 0.0000000 1 418.629359 418.629359 505.740581 286.574774 -0.020453 -0.024926 0.019510 -0.005656 -0.660094 0.642445 -0.268559 0.281810 -0.062419 0.031365 0.062150 0 1.00000000 0.00000000 0.00000000 1.00000000 0.00000000 1.00000000 1.00000000 0.00000000 0.00000000 1.00000000 0.00000000 1.00000000 0.00000000 0.00000000 0.00000000 0.00000000 0.00000000 0.00000000 0.00000000 0.00000000 0.00000000 0.00000000 0.00000000 0.00000000 1.00000000 0.00000000 0.00000000 0.00000000 1.00000000 
1700000005.79775 -0.212767 -0.115031 0.968813 0.053853 0.020244 0.044692 0.007420 -0.006751 0.035709 -0.059866 0.005501 0.007571 -0.004442 -0.004284 -0.002441 0.009641 0.0000000 1 418.629359 418.629359 505.740581 286.574774 -0.020453 -0.024926 0.019510 -0.005656 -0.660094 0.642445 -0.268559 0.281810 -0.062419 0.031365 0.062150 0 1.00000000 0.00000000 0.00000000 1.00000000 0.00000000 1.00000000 1.00000000 0.00000000 0.00000000 1.00000000 0.00000000 1.00000000 0.00000000 0.00000000 0.00000000 0.00000000 0.00000000 0.00000000 0.00000000 0.00000000 0.00000000 0.00000000 0.00000000 0.00000000 1.00000000 0.00000000 0.00000000 0.00000000 1.00000000 
1700000005.83166 -0.221314 -0.112882 0.967003 0.056419 0.019956 0.045772 0.005303 -0.005662 0.030473 -0.062915 0.005501 0.007571 -0.004442 -0.004284 -0.002441 0.009641 0.0000000 1 418.629359 418.629359 505.740581 286.574774 -0.020453 -0.024926 0.019510 -0.005656 -0.660094 0.642445 -0.268559 0.281810 -0.062419 0.031365 0.062150 0 1.00000000 0.00000000 0.00000000 1.00000000 0.00000000 1.00000000 1.00000000 0.00000000 0.00000000 1.00000000 0.00000000 1.00000000 0.00000000 0.00000000 0.00000000 0.00000000 0.00000000 0.00000000 0.00000000 0.00000000 0.00000000 0.00000000 0.00000000 0.00000000 1.00000000 0.00000000 0.00000000 0.00000000 1.00000000 
1700000005.86556 -0.228295 -0.111848 0.965425 0.057670 0.020084 0.046895 0.003396 0.012916 0.034831 -0.048267 0.005501 0.007571 -0.004442 -0.004284 -0.002441 0.009641 0.0000000 1 418.629359 418.629359 505.740581 286.574774 -0.020453 -0.024926 0.019510 -0.005656 -0.660094 0.642445 -0.268559 0.281810 -0.062419 0.031365 0.062150 0 1.00000000 0.00000000 0.00000000 1.00000000 0.00000000 1.00000000 1.00000000 0.00000000 0.00000000 1.00000000 0.00000000 1.00000000 0.00000000 0.00000000 0.00000000 0.00000000 0.00000000 0.00000000 0.00000000 0.00000000 0.00000000 0.00000000 0.00000000 0.00000000 1.00000000 0.00000000 0.00000000 0.00000000 1.00000000 
1700000005.89947 -0.232928 -0.110374 0.964479 0.057808 0.020632 0.047975 0.001885 0.018347 0.028040 -0.042168 0.005501 0.007571 -0.004442 -0.004284 -0.002441 0.009641 0.0000000 1 418.629359 418.629359 505.740581 286.574774 -0.020453 -0.024926 0.019510 -0.005656 -0.660094 0.642445 -0.268559 0.281810 -0.062419 0.031365 0.062150 0 1.00000000 0.00000000 0.00000000 1.00000000 0.00000000 1.00000000 1.00000000 0.00000000 0.00000000 1.00000000 0.00000000 1.00000000 0.00000000 0.00000000 0.00000000 0.00000000 0.00000000 0.00000000 0.00000000 0.00000000 0.00000000 0.00000000 0.00000000 0.00000000 1.00000000 0.00000000 0.00000000 0.00000000 1.00000000 
1700000005.93337 -0.239620 -0.108521 0.962831 0.061335 0.021737 0.047619 0.004712 -0.008043 0.029149 -0.023909 0.002511 0.002674 -0.002857 -0.002946 -0.001957 0.007007 0.0000000 1 418.629359 418.629359 505.740581 286.574774 -0.020453 -0.024926 0.019510 -0.005656 -0.660094 0.642445 -0.268559 0.281810 -0.062419 0.031365 0.062150 0 1.00000000 0.00000000 0.00000000 1.00000000 0.00000000 1.00000000 1.00000000 0.00000000 0.00000000 1.00000000 0.00000000 1.00000000 0.00000000 0.00000000 0.00000000 0.00000000 0.00000000 0.00000000 0.00000000 0.00000000 0.00000000 0.00000000 0.00000000 0.00000000 1.00000000 0.00000000 0.00000000 0.00000000 1.00000000 
1700000005.96728 -0.243017 -0.108711 0.961678 0.065570 0.022400 0.047742 0.004101 -0.015974 0.021460 -0.023129 0.001663 0.000550 -0.000344 -0.002914 -0.001986 0.007105 0.0000000 1 418.629359 418.629359 505.740581 286.574774 -0.020453 -0.024926 0.019510 -0.005656 -0.660094 0.642445 -0.268559 0.281810 -0.062419 0.031365 0.062150 0 1.00000000 0.00000000 0.00000000 1.00000000 0.00000000 1.00000000 1.00000000 0.00000000 0.00000000 1.00000000 0.00000000 1.00000000 0.00000000 0.00000000 0.00000000 0.00000000 0.00000000 0.00000000 0.00000000 0.00000000 0.00000000 0.00000000 0.00000000 0.00000000 1.00000000 0.00000000 0.00000000 0.00000000 1.00000000 
1700000006.00118 -0.244777 -0.110836 0.961047 0.064712 0.020661 0.049535 0.002836 -0.013048 0.015620 -0.017892 0.003072 0.001917 -0.001339 -0.002898 -0.001950 0.006986 0.0000000 1 418.629359 418.629359 505.740581 286.574774 -0.020453 -0.024926 0.019510 -0.005656 -0.660094 0.642445 -0.268559 0.281810 -0.062419 0.031365 0.062150 0 1.00000000 0.00000000 0.00000000 1.00000000 0.00000000 1.00000000 1.00000000 0.00000000 0.00000000 1.00000000 0.00000000 1.00000000 0.00000000 0.00000000 0.00000000 0.00000000 0.00000000 0.00000000 0.00000000 0.00000000 0.00000000 0.00000000 0.00000000 0.00000000 1.00000000 0.00000000 0.00000000 0.00000000 1.00000000 
1700000006.03509 -0.246705 -0.111551 0.960523 0.063943 0.019975 0.049727 0.002008 -0.005020 0.010460 -0.015859 0.002738 0.002504 -0.001812 -0.002930 -0.001924 0.006966 0.0000000 1 418.629359 418.629359 505.740581 286.574774 -0.020453 -0.024926 0.019510 -0.005656 -0.660094 0.642445 -0.268559 0.281810 -0.062419 0.031365 0.062150 0 1.00000000 0.00000000 0.00000000 1.00000000 0.00000000 1.00000000 1.00000000 0.00000000 0.00000000 1.00000000 0.00000000 1.00000000 0.00000000 0.00000000 0.00000000 0.00000000 0.00000000 0.00000000 0.00000000 0.00000000 0.00000000 0.00000000 0.00000000 0.00000000 1.00000000 0.00000000 0.00000000 0.00000000 1.00000000 
1700000006.06899 -0.247827 -0.113875 0.959877 0.065199 0.018981 0.052272 0.002253 -0.003119 0.001074 -0.001801 0.004452 0.003744 0.000489 -0.002468 -0.001558 0.005772 0.0000000 1 418.629359 418.629359 505.740581 286.574774 -0.020453 -0.024926 0.019510 -0.005656 -0.660094 0.642445 -0.268559 0.281810 -0.062419 0.031365 0.062150 0 1.00000000 0.00000000 0.00000000 1.00000000 0.00000000 1.00000000 1.00000000 0.00000000 0.00000000 1.00000000 0.00000000 1.00000000 0.00000000 0.00000000 0.00000000 0.00000000 0.00000000 0.00000000 0.00000000 0.00000000 0.00000000 0.00000000 0.00000000 0.00000000 1.00000000 0.00000000 0.00000000 0.00000000 1.00000000 
1700000006.10290 -0.248830 -0.114826 0.959505 0.065188 0.019346 0.053057 0.002926 -0.002147 -0.004113 0.005121 0.005375 0.002943 0.001137 -0.002255 -0.001410 0.005363 0.0000000 1 418.629359 418.629359 505.740581 286.574774 -0.020453 -0.024926 0.019510 -0.005656 -0.660094 0.642445 -0.268559 0.281810 -0.062419 0.031365 0.062150 0 1.00000000 0.00000000 0.00000000 1.00000000 0.00000000 1.00000000 1.00000000 0.00000000 0.00000000 1.00000000 0.00000000 1.00000000 0.00000000 0.00000000 0.00000000 0.00000000 0.00000000 0.00000000 0.00000000 0.00000000 0.00000000 0.00000000 0.00000000 0.00000000 1.00000000 0.00000000 0.00000000 0.00000000 1.00000000 
1700000006.13680 -0.249397 -0.115706 0.959345 0.063803 0.019255 0.052733 0.002937 0.003275 -0.006207 0.000589 0.005422 0.002940 0.000374 -0.002418 -0.001497 0.005566 0.0000000 1 418.629359 418.629359 505.740581 286.574774 -0.020453 -0.024926 0.019510 -0.005656 -0.660094 0.642445 -0.268559 0.281810 -0.062419 0.031365 0.062150 0 1.00000000 0.00000000 0.00000000 1.00000000 0.00000000 1.00000000 1.00000000 0.00000000 0.00000000 1.00000000 0.00000000 1.00000000 0.00000000 0.00000000 0.00000000 0.00000000 0.00000000 0.00000000 0.00000000 0.00000000 0.00000000 0.00000000 0.00000000 0.00000000 1.00000000 0.00000000 0.00000000 0.00000000 1.00000000 
1700000006.17071 -0.249751 -0.116785 0.959219 0.062336 0.019464 0.052078 0.002966 0.004681 -0.006280 0.000272 0.005244 0.002669 -0.000325 -0.002333 -0.001533 0.005400 0.0000000 1 418.629359 418.629359 505.740581 286.574774 -0.020453 -0.024926 0.019510 -0.005656 -0.660094 0.642445 -0.268559 0.281810 -0.062419 0.031365 0.062150 0 1.00000000 0.00000000 0.00000000 1.00000000 0.00000000 1.00000000 1.00000000 0.00000000 0.00000000 1.00000000 0.00000000 1.00000000 0.00000000 0.00000000 0.00000000 0.00000000 0.00000000 0.00000000 0.00000000 0.00000000 0.00000000 0.00000000 0.00000000 0.00000000 1.00000000 0.00000000 0.00000000 0.00000000 1.00000000 
1700000006.20461 -0.249406 -0.117964 0.959176 0.062156 0.019839 0.051732 0.003069 0.005854 -0.006181 0.000360 0.005109 0.002484 -0.000055 -0.002274 -0.001487 0.005238 0.0000000 1 418.629359 418.629359 505.740581 286.574774 -0.020453 -0.024926 0.019510 -0.005656 -0.660094 0.642445 -0.268559 0.281810 -0.062419 0.031365 0.062150 0 1.00000000 0.00000000 0.00000000 1.00000000 0.00000000 1.00000000 1.00000000 0.00000000 0.00000000 1.00000000 0.00000000 1.00000000 0.00000000 0.00000000 0.00000000 0.00000000 0.00000000 0.00000000 0.00000000 0.00000000 0.00000000 0.00000000 0.00000000 0.00000000 1.00000000 0.00000000 0.00000000 0.00000000 1.00000000 
1700000006.23852 -0.249238 -0.119009 0.959100 0.062008 0.020160 0.051437 0.003102 0.003573 -0.005016 -0.001274 0.004988 0.002359 0.000225 -0.002279 -0.001473 0.005199 0.0000000 1 418.629359 418.629359 505.740581 286.574774 -0.020453 -0.024926 0.019510 -0.005656 -0.660094 0.642445 -0.268559 0.281810 -0.062419 0.031365 0.062150 0 1.00000000 0.00000000 0.00000000 1.00000000 0.00000000 1.00000000 1.00000000 0.00000000 0.00000000 1.00000000 0.00000000 1.00000000 0.00000000 0.00000000 0.00000000 0.00000000 0.00000000 0.00000000 0.00000000 0.00000000 0.00000000 0.00000000 0.00000000 0.00000000 1.00000000 0.00000000 0.00000000 0.00000000 1.00000000 
1700000006.27242 -0.249781 -0.119935 0.958829 0.062224 0.020533 0.051192 0.003168 0.000033 -0.002921 -0.002736 0.004958 0.001867 0.000455 -0.002293 -0.001477 0.005233 0.0000000 1 418.629359 418.629359 505.740581 286.574774 -0.020453 -0.024926 0.019510 -0.005656 -0.660094 0.642445 -0.268559 0.281810 -0.062419 0.031365 0.062150 0 1.00000000 0.00000000 0.00000000 1.00000000 0.00000000 1.00000000 1.00000000 0.00000000 0.00000000 1.00000000 0.00000000 1.00000000 0.00000000 0.00000000 0.00000000 0.00000000 0.00000000 0.00000000 0.00000000 0.00000000 0.00000000 0.00000000 0.00000000 0.00000000 1.00000000 0.00000000 0.00000000 0.00000000 1.00000000 
1700000006.30633 -0.250183 -0.120027 0.958686 0.062627 0.020788 0.050890 0.003242 -0.003014 -0.001146 -0.000284 0.004745 0.001496 0.000710 -0.002227 -0.001445 0.005135 0.0000000 1 418.629359 418.629359 505.740581 286.574774 -0.020453 -0.024926 0.019510 -0.005656 -0.660094 0.642445 -0.268559 0.281810 -0.062419 0.031365 0.062150 0 1.00000000 0.00000000 0.00000000 1.00000000 0.00000000 1.00000000 1.00000000 0.00000000 0.00000000 1.00000000 0.00000000 1.00000000 0.00000000 0.00000000 0.00000000 0.00000000 0.00000000 0.00000000 0.00000000 0.00000000 0.00000000 0.00000000 0.00000000 0.00000000 1.00000000 0.00000000 0.00000000 0.00000000 1.00000000 
1700000006.34023 -0.250669 -0.120047 0.958523 0.063144 0.020802 0.050659 0.003125 -0.005232 0.001730 -0.002725 0.004525 0.001323 0.000732 -0.002386 -0.001514 0.005345 0.0000000 1 418.629359 418.629359 505.740581 286.574774 -0.020453 -0.024926 0.019510 -0.005656 -0.660094 0.642445 -0.268559 0.281810 -0.062419 0.031365 0.062150 0 1.00000000 0.00000000 0.00000000 1.00000000 0.00000000 1.00000000 1.00000000 0.00000000 0.00000000 1.00000000 0.00000000 1.00000000 0.00000000 0.00000000 0.00000000 0.00000000 0.00000000 0.00000000 0.00000000 0.00000000 0.00000000 0.00000000 0.00000000 0.00000000 1.00000000 0.00000000 0.00000000 0.00000000 1.00000000 
1700000006.37414 -0.251116 -0.120403 0.958305 0.063998 0.020881 0.050634 0.003309 -0.005375 0.003260 0.003119 0.004480 0.000898 0.000886 -0.002297 -0.001459 0.005198 0.0000000 1 418.629359 418.629359 505.740581 286.574774 -0.020453 -0.024926 0.019510 -0.005656 -0.660094 0.642445 -0.268559 0.281810 -0.062419 0.031365 0.062150 0 1.00000000 0.00000000 0.00000000 1.00000000 0.00000000 1.00000000 1.00000000 0.00000000 0.00000000 1.00000000 0.00000000 1.00000000 0.00000000 0.00000000 0.00000000 0.00000000 0.00000000 0.00000000 0.00000000 0.00000000 0.00000000 0.00000000 0.00000000 0.00000000 1.00000000 0.00000000 0.00000000 0.00000000 1.00000000 
1700000006.40804 -0.250782 -0.120465 0.958331 0.064786 0.020968 0.050725 0.004018 -0.004231 0.001622 0.015463 0.004598 0.000383 0.001063 -0.001956 -0.001279 0.004696 0.0000000 1 418.629359 418.629359 505.740581 286.574774 -0.020453 -0.024926 0.019510 -0.005656 -0.660094 0.642445 -0.268559 0.281810 -0.062419 0.031365 0.062150 0 1.00000000 0.00000000 0.00000000 1.00000000 0.00000000 1.00000000 1.00000000 0.00000000 0.00000000 1.00000000 0.00000000 1.00000000 0.00000000 0.00000000 0.00000000 0.00000000 0.00000000 0.00000000 0.00000000 0.00000000 0.00000000 0.00000000 0.00000000 0.00000000 1.00000000 0.00000000 0.00000000 0.00000000 1.00000000 
1700000006.44195 -0.249519 -0.119866 0.958679 0.065628 0.021186 0.050610 0.004989 -0.002936 -0.000627 0.024558 0.004505 -0.000031 0.001544 -0.001724 -0.001130 0.004338 0.0000000 1 418.629359 418.629359 505.740581 286.574774 -0.020453 -0.024926 0.019510 -0.005656 -0.660094 0.642445 -0.268559 0.281810 -0.062419 0.031365 0.062150 0 1.00000000 0.00000000 0.00000000 1.00000000 0.00000000 1.00000000 1.00000000 0.00000000 0.00000000 1.00000000 0.00000000 1.00000000 0.00000000 0.00000000 0.00000000 0.00000000 0.00000000 0.00000000 0.00000000 0.00000000 0.00000000 0.00000000 0.00000000 0.00000000 1.00000000 0.00000000 0.00000000 0.00000000 1.00000000 
1700000006.47585 -0.247863 -0.118839 0.959206 0.066076 0.021427 0.050488 0.006429 -0.001814 -0.004030 0.035892 0.004568 -0.000599 0.001938 -0.001393 -0.000937 0.003883 0.0000000 1 418.629359 418.629359 505.740581 286.574774 -0.020453 -0.024926 0.019510 -0.005656 -0.660094 0.642445 -0.268559 0.281810 -0.062419 0.031365 0.062150 0 1.00000000 0.00000000 0.00000000 1.00000000 0.00000000 1.00000000 1.00000000 0.00000000 0.00000000 1.00000000 0.00000000 1.00000000 0.00000000 0.00000000 0.00000000 0.00000000 0.00000000 0.00000000 0.00000000 0.00000000 0.00000000 0.00000000 0.00000000 0.00000000 1.00000000 0.00000000 0.00000000 0.00000000 1.00000000 
1700000006.50976 -0.245710 -0.116547 0.960059 0.065806 0.021614 0.050168 0.008043 -0.001291 -0.007968 0.043961 0.004473 -0.000997 0.002153 -0.001227 -0.000846 0.003676 0.0000000 1 418.629359 418.629359 505.740581 286.574774 -0.020453 -0.024926 0.019510 -0.005656 -0.660094 0.642445 -0.268559 0.281810 -0.062419 0.031365 0.062150 0 1.00000000 0.00000000 0.00000000 1.00000000 0.00000000 1.00000000 1.00000000 0.00000000 0.00000000 1.00000000 0.00000000 1.00000000 0.00000000 0.00000000 0.00000000 0.00000000 0.00000000 0.00000000 0.00000000 0.00000000 0.00000000 0.00000000 0.00000000 0.00000000 1.00000000 0.00000000 0.00000000 0.00000000 1.00000000 
1700000006.54366 -0.243350 -0.114116 0.960974 0.065474 0.021693 0.049676 0.009328 -0.003130 -0.005950 0.040976 0.004142 -0.001160 0.002117 -0.001492 -0.000974 0.004035 0.0000000 1 418.629359 418.629359 505.740581 286.574774 -0.020453 -0.024926 0.019510 -0.005656 -0.660094 0.642445 -0.268559 0.281810 -0.062419 0.031365 0.062150 0 1.00000000 0.00000000 0.00000000 1.00000000 0.00000000 1.00000000 1.00000000 0.00000000 0.00000000 1.00000000 0.00000000 1.00000000 0.00000000 0.00000000 0.00000000 0.00000000 0.00000000 0.00000000 0.00000000 0.00000000 0.00000000 0.00000000 0.00000000 0.00000000 1.00000000 0.00000000 0.00000000 0.00000000 1.00000000 
1700000006.57757 -0.240481 -0.112387 0.961901 0.065452 0.021612 0.049277 0.010629 -0.002815 -0.005676 0.041527 0.003831 -0.001175 0.001950 -0.001542 -0.001021 0.004083 0.0000000 1 418.629359 418.629359 505.740581 286.574774 -0.020453 -0.024926 0.019510 -0.005656 -0.660094 0.642445 -0.268559 0.281810 -0.062419 0.031365 0.062150 0 1.00000000 0.00000000 0.00000000 1.00000000 0.00000000 1.00000000 1.00000000 0.00000000 0.00000000 1.00000000 0.00000000 1.00000000 0.00000000 0.00000000 0.00000000 0.00000000 0.00000000 0.00000000 0.00000000 0.00000000 0.00000000 0.00000000 0.00000000 0.00000000 1.00000000 0.00000000 0.00000000 0.00000000 1.00000000 
1700000006.61147 -0.237089 -0.111019 0.962945 0.064805 0.021508 0.049014 0.012041 -0.000761 -0.006097 0.043084 0.003702 -0.001186 0.001667 -0.001505 -0.001007 0.004015 0.0000000 1 418.629359 418.629359 505.740581 286.574774 -0.020453 -0.024926 0.019510 -0.005656 -0.660094 0.642445 -0.268559 0.281810 -0.062419 0.031365 0.062150 0 1.00000000 0.00000000 0.00000000 1.00000000 0.00000000 1.00000000 1.00000000 0.00000000 0.00000000 1.00000000 0.00000000 1.00000000 0.00000000 0.00000000 0.00000000 0.00000000 0.00000000 0.00000000 0.00000000 0.00000000 0.00000000 0.00000000 0.00000000 0.00000000 1.00000000 0.00000000 0.00000000 0.00000000 1.00000000 
1700000006.64538 -0.233340 -0.109450 0.964126 0.063522 0.021388 0.048796 0.014021 -0.001787 -0.008837 0.053197 0.003771 -0.001517 0.001284 -0.001164 -0.000896 0.003530 0.0000000 1 418.629359 418.629359 505.740581 286.574774 -0.020453 -0.024926 0.019510 -0.005656 -0.660094 0.642445 -0.268559 0.281810 -0.062419 0.031365 0.062150 0 1.00000000 0.00000000 0.00000000 1.00000000 0.00000000 1.00000000 1.00000000 0.00000000 0.00000000 1.00000000 0.00000000 1.00000000 0.00000000 0.00000000 0.00000000 0.00000000 0.00000000 0.00000000 0.00000000 0.00000000 0.00000000 0.00000000 0.00000000 0.00000000 1.00000000 0.00000000 0.00000000 0.00000000 1.00000000 
1700000006.67928 -0.228096 -0.106842 0.965720 0.062786 0.021346 0.048401 0.015595 -0.003272 -0.007568 0.051141 0.003456 -0.001275 0.001252 -0.001244 -0.000932 0.003562 0.0000000 1 418.629359 418.629359 505.740581 286.574774 -0.020453 -0.024926 0.019510 -0.005656 -0.660094 0.642445 -0.268559 0.281810 -0.062419 0.031365 0.062150 0 1.00000000 0.00000000 0.00000000 1.00000000 0.00000000 1.00000000 1.00000000 0.00000000 0.00000000 1.00000000 0.00000000 1.00000000 0.00000000 0.00000000 0.00000000 0.00000000 0.00000000 0.00000000 0.00000000 0.00000000 0.00000000 0.00000000 0.00000000 0.00000000 1.00000000 0.00000000 0.00000000 0.00000000 1.00000000 
1700000006.71319 -0.223517 -0.105743 0.966916 0.062715 0.021034 0.048167 0.016881 -0.009959 -0.003473 0.044496 0.003293 -0.001124 0.000983 -0.001525 -0.001100 0.003970 0.0000000 1 418.629359 418.629359 505.740581 286.574774 -0.020453 -0.024926 0.019510 -0.005656 -0.660094 0.642445 -0.268559 0.281810 -0.062419 0.031365 0.062150 0 1.00000000 0.00000000 0.00000000 1.00000000 0.00000000 1.00000000 1.00000000 0.00000000 0.00000000 1.00000000 0.00000000 1.00000000 0.00000000 0.00000000 0.00000000 0.00000000 0.00000000 0.00000000 0.00000000 0.00000000 0.00000000 0.00000000 0.00000000 0.00000000 1.00000000 0.00000000 0.00000000 0.00000000 1.00000000 
1700000006.74709 -0.218744 -0.104637 0.967988 0.064820 0.020797 0.047691 0.018373 -0.014541 0.002498 0.052602 0.002685 -0.001185 0.001297 -0.001505 -0.001141 0.003830 0.0000000 1 418.629359 418.629359 505.740581 286.574774 -0.020453 -0.024926 0.019510 -0.005656 -0.660094 0.642445 -0.268559 0.281810 -0.062419 0.031365 0.062150 0 1.00000000 0.00000000 0.00000000 1.00000000 0.00000000 1.00000000 1.00000000 0.00000000 0.00000000 1.00000000 0.00000000 1.00000000 0.00000000 0.00000000 0.00000000 0.00000000 0.00000000 0.00000000 0.00000000 0.00000000 0.00000000 0.00000000 0.00000000 0.00000000 1.00000000 0.00000000 0.00000000 0.00000000 1.00000000 
1700000006.78100 -0.212729 -0.102353 0.969384 0.067563 0.020517 0.047522 0.020673 -0.012779 0.004055 0.067942 0.002334 -0.001225 0.001575 -0.001121 -0.000947 0.003048 0.0000000 1 418.629359 418.629359 505.740581 286.574774 -0.020453 -0.024926 0.019510 -0.005656 -0.660094 0.642445 -0.268559 0.281810 -0.062419 0.031365 0.062150 0 1.00000000 0.00000000 0.00000000 1.00000000 0.00000000 1.00000000 1.00000000 0.00000000 0.00000000 1.00000000 0.00000000 1.00000000 0.00000000 0.00000000 0.00000000 0.00000000 0.00000000 0.00000000 0.00000000 0.00000000 0.00000000 0.00000000 0.00000000 0.00000000 1.00000000 0.00000000 0.00000000 0.00000000 1.00000000 
1700000006.81490 -0.207012 -0.099913 0.970754 0.069285 0.020411 0.047557 0.022911 -0.002794 -0.000218 0.069273 0.002253 -0.001000 0.001733 -0.001138 -0.000870 0.003084 0.0000000 1 418.629359 418.629359 505.740581 286.574774 -0.020453 -0.024926 0.019510 -0.005656 -0.660094 0.642445 -0.268559 0.281810 -0.062419 0.031365 0.062150 0 1.00000000 0.00000000 0.00000000 1.00000000 0.00000000 1.00000000 1.00000000 0.00000000 0.00000000 1.00000000 0.00000000 1.00000000 0.00000000 0.00000000 0.00000000 0.00000000 0.00000000 0.00000000 0.00000000 0.00000000 0.00000000 0.00000000 0.00000000 0.00000000 1.00000000 0.00000000 0.00000000 0.00000000 1.00000000 
1700000006.84881 -0.201433 -0.097521 0.972207 0.068762 0.020393 0.047504 0.025181 0.006034 -0.007615 0.069922 0.002299 -0.000588 0.001635 -0.001147 -0.000849 0.003105 0.0000000 1 418.629359 418.629359 505.740581 286.574774 -0.020453 -0.024926 0.019510 -0.005656 -0.660094 0.642445 -0.268559 0.281810 -0.062419 0.031365 0.062150 0 1.00000000 0.00000000 0.00000000 1.00000000 0.00000000 1.00000000 1.00000000 0.00000000 0.00000000 1.00000000 0.00000000 1.00000000 0.00000000 0.00000000 0.00000000 0.00000000 0.00000000 0.00000000 0.00000000 0.00000000 0.00000000 0.00000000 0.00000000 0.00000000 1.00000000 0.00000000 0.00000000 0.00000000 1.00000000 
1700000006.88271 -0.196675 -0.096279 0.973339 0.068265 0.020425 0.047472 0.026528 -0.007827 -0.007091 0.037665 0.002201 -0.000443 0.001258 -0.001797 -0.001128 0.004335 0.0000000 1 418.629359 418.629359 505.740581 286.574774 -0.020453 -0.024926 0.019510 -0.005656 -0.660094 0.642445 -0.268559 0.281810 -0.062419 0.031365 0.062150 0 1.00000000 0.00000000 0.00000000 1.00000000 0.00000000 1.00000000 1.00000000 0.00000000 0.00000000 1.00000000 0.00000000 1.00000000 0.00000000 0.00000000 0.00000000 0.00000000 0.00000000 0.00000000 0.00000000 0.00000000 0.00000000 0.00000000 0.00000000 0.00000000 1.00000000 0.00000000 0.00000000 0.00000000 1.00000000 
1700000006.91662 -0.193179 -0.099442 0.973658 0.069167 0.019796 0.047613 0.026808 -0.004235 -0.002695 0.021260 0.002408 0.000222 0.000754 -0.002231 -0.001357 0.005204 0.0000000 1 418.629359 418.629359 505.740581 286.574774 -0.020453 -0.024926 0.019510 -0.005656 -0.660094 0.642445 -0.268559 0.281810 -0.062419 0.031365 0.062150 0 1.00000000 0.00000000 0.00000000 1.00000000 0.00000000 1.00000000 1.00000000 0.00000000 0.00000000 1.00000000 0.00000000 1.00000000 0.00000000 0.00000000 0.00000000 0.00000000 0.00000000 0.00000000 0.00000000 0.00000000 0.00000000 0.00000000 0.00000000 0.00000000 1.00000000 0.00000000 0.00000000 0.00000000 1.00000000 
1700000006.95052 -0.188568 -0.100350 0.974457 0.069324 0.019629 0.047392 0.027993 -0.002713 -0.005256 0.035647 0.002327 0.000602 0.000869 -0.001923 -0.001243 0.004423 0.0000000 1 418.629359 418.629359 505.740581 286.574774 -0.020453 -0.024926 0.019510 -0.005656 -0.660094 0.642445 -0.268559 0.281810 -0.062419 0.031365 0.062150 0 1.00000000 0.00000000 0.00000000 1.00000000 0.00000000 1.00000000 1.00000000 0.00000000 0.00000000 1.00000000 0.00000000 1.00000000 0.00000000 0.00000000 0.00000000 0.00000000 0.00000000 0.00000000 0.00000000 0.00000000 0.00000000 0.00000000 0.00000000 0.00000000 1.00000000 0.00000000 0.00000000 0.00000000 1.00000000 
1700000006.98443 -0.185378 -0.101321 0.974927 0.069901 0.019486 0.047428 0.028530 -0.007053 -0.004147 0.017951 0.002484 0.000806 0.000857 -0.002281 -0.001397 0.005292 0.0000000 1 418.629359 418.629359 505.740581 286.574774 -0.020453 -0.024926 0.019510 -0.005656 -0.660094 0.642445 -0.268559 0.281810 -0.062419 0.031365 0.062150 0 1.00000000 0.00000000 0.00000000 1.00000000 0.00000000 1.00000000 1.00000000 0.00000000 0.00000000 1.00000000 0.00000000 1.00000000 0.00000000 0.00000000 0.00000000 0.00000000 0.00000000 0.00000000 0.00000000 0.00000000 0.00000000 0.00000000 0.00000000 0.00000000 1.00000000 0.00000000 0.00000000 0.00000000 1.00000000 
1700000007.01833 -0.183672 -0.102986 0.974979 0.071239 0.019486 0.047152 0.029197 -0.001627 -0.003487 0.018748 0.002459 0.000769 0.001132 -0.002176 -0.001305 0.005019 0.0000000 1 418.629359 418.629359 505.740581 286.574774 -0.020453 -0.024926 0.019510 -0.005656 -0.660094 0.642445 -0.268559 0.281810 -0.062419 0.031365 0.062150 0 1.00000000 0.00000000 0.00000000 1.00000000 0.00000000 1.00000000 1.00000000 0.00000000 0.00000000 1.00000000 0.00000000 1.00000000 0.00000000 0.00000000 0.00000000 0.00000000 0.00000000 0.00000000 0.00000000 0.00000000 0.00000000 0.00000000 0.00000000 0.00000000 1.00000000 0.00000000 0.00000000 0.00000000 1.00000000 
1700000007.05224 -0.182720 -0.102724 0.975128 0.072014 0.019789 0.046555 0.030665 0.003168 -0.007266 0.039363 0.002364 0.000250 0.001653 -0.001821 -0.001087 0.004194 0.0000000 1 418.629359 418.629359 505.740581 286.574774 -0.020453 -0.024926 0.019510 -0.005656 -0.660094 0.642445 -0.268559 0.281810 -0.062419 0.031365 0.062150 0 1.00000000 0.00000000 0.00000000 1.00000000 0.00000000 1.00000000 1.00000000 0.00000000 0.00000000 1.00000000 0.00000000 1.00000000 0.00000000 0.00000000 0.00000000 0.00000000 0.00000000 0.00000000 0.00000000 0.00000000 0.00000000 0.00000000 0.00000000 0.00000000 1.00000000 0.00000000 0.00000000 0.00000000 1.00000000 
1700000007.08614 -0.181353 -0.099186 0.975734 0.072230 0.020127 0.045856 0.032768 0.004181 -0.009809 0.060597 0.002062 -0.000147 0.002122 -0.001586 -0.000957 0.003595 0.0000000 1 418.629359 418.629359 505.740581 286.574774 -0.020453 -0.024926 0.019510 -0.005656 -0.660094 0.642445 -0.268559 0.281810 -0.062419 0.031365 0.062150 0 1.00000000 0.00000000 0.00000000 1.00000000 0.00000000 1.00000000 1.00000000 0.00000000 0.00000000 1.00000000 0.00000000 1.00000000 0.00000000 0.00000000 0.00000000 0.00000000 0.00000000 0.00000000 0.00000000 0.00000000 0.00000000 0.00000000 0.00000000 0.00000000 1.00000000 0.00000000 0.00000000 0.00000000 1.00000000 
1700000007.12005 -0.180040 -0.095241 0.976415 0.071618 0.020304 0.045939 0.034068 0.000959 -0.004218 0.041558 0.002058 -0.000135 0.001807 -0.002148 -0.001285 0.005183 0.0000000 1 418.629359 418.629359 505.740581 286.574774 -0.020453 -0.024926 0.019510 -0.005656 -0.660094 0.642445 -0.268559 0.281810 -0.062419 0.031365 0.062150 0 1.00000000 0.00000000 0.00000000 1.00000000 0.00000000 1.00000000 1.00000000 0.00000000 0.00000000 1.00000000 0.00000000 1.00000000 0.00000000 0.00000000 0.00000000 0.00000000 0.00000000 0.00000000 0.00000000 0.00000000 0.00000000 0.00000000 0.00000000 0.00000000 1.00000000 0.00000000 0.00000000 0.00000000 1.00000000 
1700000007.15395 -0.179580 -0.094191 0.976592 0.071743 0.020299 0.045850 0.035126 0.005504 -0.003826 0.035667 0.002141 -0.000064 0.001790 -0.002333 -0.001400 0.005682 0.0000000 1 418.629359 418.629359 505.740581 286.574774 -0.020453 -0.024926 0.019510 -0.005656 -0.660094 0.642445 -0.268559 0.281810 -0.062419 0.031365 0.062150 0 1.00000000 0.00000000 0.00000000 1.00000000 0.00000000 1.00000000 1.00000000 0.00000000 0.00000000 1.00000000 0.00000000 1.00000000 0.00000000 0.00000000 0.00000000 0.00000000 0.00000000 0.00000000 0.00000000 0.00000000 0.00000000 0.00000000 0.00000000 0.00000000 1.00000000 0.00000000 0.00000000 0.00000000 1.00000000 
1700000007.18786 -0.177912 -0.092911 0.977040 0.071470 0.020080 0.046131 0.035739 -0.006467 -0.001309 0.021141 0.002125 0.000188 0.001477 -0.002659 -0.001621 0.006450 0.0000000 1 418.629359 418.629359 505.740581 286.574774 -0.020453 -0.024926 0.019510 -0.005656 -0.660094 0.642445 -0.268559 0.281810 -0.062419 0.031365 0.062150 0 1.00000000 0.00000000 0.00000000 1.00000000 0.00000000 1.00000000 1.00000000 0.00000000 0.00000000 1.00000000 0.00000000 1.00000000 0.00000000 0.00000000 0.00000000 0.00000000 0.00000000 0.00000000 0.00000000 0.00000000 0.00000000 0.00000000 0.00000000 0.00000000 1.00000000 0.00000000 0.00000000 0.00000000 1.00000000 
1700000007.22176 -0.176799 -0.093952 0.977089 0.072199 0.019880 0.046137 0.036233 0.000167 -0.003020 0.014427 0.002278 0.000420 0.001368 -0.002631 -0.001567 0.006299 0.0000000 1 418.629359 418.629359 505.740581 286.574774 -0.020453 -0.024926 0.019510 -0.005656 -0.660094 0.642445 -0.268559 0.281810 -0.062419 0.031365 0.062150 0 1.00000000 0.00000000 0.00000000 1.00000000 0.00000000 1.00000000 1.00000000 0.00000000 0.00000000 1.00000000 0.00000000 1.00000000 0.00000000 0.00000000 0.00000000 0.00000000 0.00000000 0.00000000 0.00000000 0.00000000 0.00000000 0.00000000 0.00000000 0.00000000 1.00000000 0.00000000 0.00000000 0.00000000 1.00000000 
1700000007.25567 -0.174688 -0.093715 0.977540 0.071532 0.020040 0.045866 0.037107 0.006349 -0.006227 0.023575 0.002207 0.000682 0.001409 -0.002373 -0.001432 0.005497 0.0000000 1 418.629359 418.629359 505.740581 286.574774 -0.020453 -0.024926 0.019510 -0.005656 -0.660094 0.642445 -0.268559 0.281810 -0.062419 0.031365 0.062150 0 1.00000000 0.00000000 0.00000000 1.00000000 0.00000000 1.00000000 1.00000000 0.00000000 0.00000000 1.00000000 0.00000000 1.00000000 0.00000000 0.00000000 0.00000000 0.00000000 0.00000000 0.00000000 0.00000000 0.00000000 0.00000000 0.00000000 0.00000000 0.00000000 1.00000000 0.00000000 0.00000000 0.00000000 1.00000000 
1700000007.28957 -0.173705 -0.093700 0.977790 0.070526 0.020122 0.045958 0.037247 0.002153 -0.006110 0.002719 0.002337 0.000878 0.001061 -0.002632 -0.001563 0.006283 0.0000000 1 418.629359 418.629359 505.740581 286.574774 -0.020453 -0.024926 0.019510 -0.005656 -0.660094 0.642445 -0.268559 0.281810 -0.062419 0.031365 0.062150 0 1.00000000 0.00000000 0.00000000 1.00000000 0.00000000 1.00000000 1.00000000 0.00000000 0.00000000 1.00000000 0.00000000 1.00000000 0.00000000 0.00000000 0.00000000 0.00000000 0.00000000 0.00000000 0.00000000 0.00000000 0.00000000 0.00000000 0.00000000 0.00000000 1.00000000 0.00000000 0.00000000 0.00000000 1.00000000 
1700000007.32347 -0.173906 -0.094641 0.977700 0.070011 0.020187 0.045721 0.037304 0.003684 -0.005570 0.000255 0.002357 0.000864 0.001113 -0.002617 -0.001573 0.006254 0.0000000 1 418.629359 418.629359 505.740581 286.574774 -0.020453 -0.024926 0.019510 -0.005656 -0.660094 0.642445 -0.268559 0.281810 -0.062419 0.031365 0.062150 0 1.00000000 0.00000000 0.00000000 1.00000000 0.00000000 1.00000000 1.00000000 0.00000000 0.00000000 1.00000000 0.00000000 1.00000000 0.00000000 0.00000000 0.00000000 0.00000000 0.00000000 0.00000000 0.00000000 0.00000000 0.00000000 0.00000000 0.00000000 0.00000000 1.00000000 0.00000000 0.00000000 0.00000000 1.00000000 
1700000007.35738 -0.173915 -0.094641 0.977720 0.069711 0.020240 0.045757 0.037147 -0.000856 -0.001827 -0.005779 0.002271 0.000865 0.001053 -0.002707 -0.001635 0.006493 0.0000000 1 418.629359 418.629359 505.740581 286.574774 -0.020453 -0.024926 0.019510 -0.005656 -0.660094 0.642445 -0.268559 0.281810 -0.062419 0.031365 0.062150 0 1.00000000 0.00000000 0.00000000 1.00000000 0.00000000 1.00000000 1.00000000 0.00000000 0.00000000 1.00000000 0.00000000 1.00000000 0.00000000 0.00000000 0.00000000 0.00000000 0.00000000 0.00000000 0.00000000 0.00000000 0.00000000 0.00000000 0.00000000 0.00000000 1.00000000 0.00000000 0.00000000 0.00000000 1.00000000 
1700000007.39128 -0.174882 -0.095869 0.977441 0.069528 0.020239 0.046026 0.036325 0.000821 -0.000475 -0.024247 0.002388 0.001017 0.000704 -0.002899 -0.001738 0.007155 0.0000000 1 418.629359 418.629359 505.740581 286.574774 -0.020453 -0.024926 0.019510 -0.005656 -0.660094 0.642445 -0.268559 0.281810 -0.062419 0.031365 0.062150 0 1.00000000 0.00000000 0.00000000 1.00000000 0.00000000 1.00000000 1.00000000 0.00000000 0.00000000 1.00000000 0.00000000 1.00000000 0.00000000 0.00000000 0.00000000 0.00000000 0.00000000 0.00000000 0.00000000 0.00000000 0.00000000 0.00000000 0.00000000 0.00000000 1.00000000 0.00000000 0.00000000 0.00000000 1.00000000 
1700000007.42519 -0.177260 -0.097994 0.976845 0.068925 0.020193 0.046194 0.035148 0.000548 -0.000332 -0.034418 0.002488 0.001100 0.000417 -0.002988 -0.001809 0.007498 0.0000000 1 418.629359 418.629359 505.740581 286.574774 -0.020453 -0.024926 0.019510 -0.005656 -0.660094 0.642445 -0.268559 0.281810 -0.062419 0.031365 0.062150 0 1.00000000 0.00000000 0.00000000 1.00000000 0.00000000 1.00000000 1.00000000 0.00000000 0.00000000 1.00000000 0.00000000 1.00000000 0.00000000 0.00000000 0.00000000 0.00000000 0.00000000 0.00000000 0.00000000 0.00000000 0.00000000 0.00000000 0.00000000 0.00000000 1.00000000 0.00000000 0.00000000 0.00000000 1.00000000 
1700000007.45910 -0.180958 -0.099932 0.976020 0.068213 0.019998 0.046642 0.033484 -0.005916 0.003172 -0.048747 0.002492 0.001110 -0.000112 -0.003151 -0.001932 0.008092 0.0000000 1 418.629359 418.629359 505.740581 286.574774 -0.020453 -0.024926 0.019510 -0.005656 -0.660094 0.642445 -0.268559 0.281810 -0.062419 0.031365 0.062150 0 1.00000000 0.00000000 0.00000000 1.00000000 0.00000000 1.00000000 1.00000000 0.00000000 0.00000000 1.00000000 0.00000000 1.00000000 0.00000000 0.00000000 0.00000000 0.00000000 0.00000000 0.00000000 0.00000000 0.00000000 0.00000000 0.00000000 0.00000000 0.00000000 1.00000000 0.00000000 0.00000000 0.00000000 1.00000000 
1700000007.49300 -0.187080 -0.102530 0.974622 0.067828 0.019956 0.046749 0.031902 -0.002272 0.003978 -0.049779 0.002413 0.000753 -0.000541 -0.003040 -0.001875 0.008024 0.0000000 1 418.629359 418.629359 505.740581 286.574774 -0.020453 -0.024926 0.019510 -0.005656 -0.660094 0.642445 -0.268559 0.281810 -0.062419 0.031365 0.062150 0 1.00000000 0.00000000 0.00000000 1.00000000 0.00000000 1.00000000 1.00000000 0.00000000 0.00000000 1.00000000 0.00000000 1.00000000 0.00000000 0.00000000 0.00000000 0.00000000 0.00000000 0.00000000 0.00000000 0.00000000 0.00000000 0.00000000 0.00000000 0.00000000 1.00000000 0.00000000 0.00000000 0.00000000 1.00000000 
1700000007.52690 -0.193848 -0.103106 0.973314 0.066729 0.019777 0.047007 0.030154 -0.008998 0.005394 -0.053415 0.002230 0.000600 -0.000836 -0.003077 -0.001942 0.008288 0.0000000 1 418.629359 418.629359 505.740581 286.574774 -0.020453 -0.024926 0.019510 -0.005656 -0.660094 0.642445 -0.268559 0.281810 -0.062419 0.031365 0.062150 0 1.00000000 0.00000000 0.00000000 1.00000000 0.00000000 1.00000000 1.00000000 0.00000000 0.00000000 1.00000000 0.00000000 1.00000000 0.00000000 0.00000000 0.00000000 0.00000000 0.00000000 0.00000000 0.00000000 0.00000000 0.00000000 0.00000000 0.00000000 0.00000000 1.00000000 0.00000000 0.00000000 0.00000000 1.00000000 
1700000007.56081 -0.202168 -0.104668 0.971467 0.066518 0.019517 0.047453 0.028082 -0.007910 0.011399 -0.064904 0.002293 0.000225 -0.001081 -0.003210 -0.002005 0.008774 0.0000000 1 418.629359 418.629359 505.740581 286.574774 -0.020453 -0.024926 0.019510 -0.005656 -0.660094 0.642445 -0.268559 0.281810 -0.062419 0.031365 0.062150 0 1.00000000 0.00000000 0.00000000 1.00000000 0.00000000 1.00000000 1.00000000 0.00000000 0.00000000 1.00000000 0.00000000 1.00000000 0.00000000 0.00000000 0.00000000 0.00000000 0.00000000 0.00000000 0.00000000 0.00000000 0.00000000 0.00000000 0.00000000 0.00000000 1.00000000 0.00000000 0.00000000 0.00000000 1.00000000 
1700000007.59471 -0.209720 -0.105038 0.969895 0.065477 0.019346 0.047604 0.026487 -0.003613 0.013753 -0.051225 0.002005 -0.000007 -0.001168 -0.002854 -0.001841 0.008023 0.0000000 1 418.629359 418.629359 505.740581 286.574774 -0.020453 -0.024926 0.019510 -0.005656 -0.660094 0.642445 -0.268559 0.281810 -0.062419 0.031365 0.062150 0 1.00000000 0.00000000 0.00000000 1.00000000 0.00000000 1.00000000 1.00000000 0.00000000 0.00000000 1.00000000 0.00000000 1.00000000 0.00000000 0.00000000 0.00000000 0.00000000 0.00000000 0.00000000 0.00000000 0.00000000 0.00000000 0.00000000 0.00000000 0.00000000 1.00000000 0.00000000 0.00000000 0.00000000 1.00000000 
1700000007.62862 -0.216789 -0.104899 0.968394 0.064900 0.019059 0.048214 0.024644 -0.012291 0.016032 -0.058466 0.002043 -0.000200 -0.001177 -0.002974 -0.001892 0.008315 0.0000000 1 418.629359 418.629359 505.740581 286.574774 -0.020453 -0.024926 0.019510 -0.005656 -0.660094 0.642445 -0.268559 0.281810 -0.062419 0.031365 0.062150 0 1.00000000 0.00000000 0.00000000 1.00000000 0.00000000 1.00000000 1.00000000 0.00000000 0.00000000 1.00000000 0.00000000 1.00000000 0.00000000 0.00000000 0.00000000 0.00000000 0.00000000 0.00000000 0.00000000 0.00000000 0.00000000 0.00000000 0.00000000 0.00000000 1.00000000 0.00000000 0.00000000 0.00000000 1.00000000 
1700000007.66252 -0.224138 -0.104797 0.966779 0.064169 0.018799 0.048617 0.023053 -0.007095 0.016748 -0.048868 0.001972 -0.000411 -0.001218 -0.002757 -0.001763 0.007927 0.0000000 1 418.629359 418.629359 505.740581 286.574774 -0.020453 -0.024926 0.019510 -0.005656 -0.660094 0.642445 -0.268559 0.281810 -0.062419 0.031365 0.062150 0 1.00000000 0.00000000 0.00000000 1.00000000 0.00000000 1.00000000 1.00000000 0.00000000 0.00000000 1.00000000 0.00000000 1.00000000 0.00000000 0.00000000 0.00000000 0.00000000 0.00000000 0.00000000 0.00000000 0.00000000 0.00000000 0.00000000 0.00000000 0.00000000 1.00000000 0.00000000 0.00000000 0.00000000 1.00000000 
1700000007.69643 -0.231212 -0.103839 0.965298 0.062920 0.018477 0.049289 0.021240 -0.013286 0.016652 -0.055429 0.002031 -0.000442 -0.001172 -0.002971 -0.001857 0.008349 0.0000000 1 418.629359 418.629359 505.740581 286.574774 -0.020453 -0.024926 0.019510 -0.005656 -0.660094 0.642445 -0.268559 0.281810 -0.062419 0.031365 0.062150 0 1.00000000 0.00000000 0.00000000 1.00000000 0.00000000 1.00000000 1.00000000 0.00000000 0.00000000 1.00000000 0.00000000 1.00000000 0.00000000 0.00000000 0.00000000 0.00000000 0.00000000 0.00000000 0.00000000 0.00000000 0.00000000 0.00000000 0.00000000 0.00000000 1.00000000 0.00000000 0.00000000 0.00000000 1.00000000 
1700000007.73033 -0.238505 -0.104043 0.963463 0.063469 0.018044 0.049758 0.019470 -0.011824 0.018810 -0.052857 0.001974 -0.000561 -0.000898 -0.002894 -0.001798 0.008175 0.0000000 1 418.629359 418.629359 505.740581 286.574774 -0.020453 -0.024926 0.019510 -0.005656 -0.660094 0.642445 -0.268559 0.281810 -0.062419 0.031365 0.062150 0 1.00000000 0.00000000 0.00000000 1.00000000 0.00000000 1.00000000 1.00000000 0.00000000 0.00000000 1.00000000 0.00000000 1.00000000 0.00000000 0.00000000 0.00000000 0.00000000 0.00000000 0.00000000 0.00000000 0.00000000 0.00000000 0.00000000 0.00000000 0.00000000 1.00000000 0.00000000 0.00000000 0.00000000 1.00000000 
1700000007.76424 -0.243902 -0.102897 0.962220 0.063690 0.017718 0.050347 0.018012 -0.008848 0.017602 -0.043804 0.001873 -0.000500 -0.000791 -0.002626 -0.001669 0.007684 0.0000000 1 418.629359 418.629359 505.740581 286.574774 -0.020453 -0.024926 0.019510 -0.005656 -0.660094 0.642445 -0.268559 0.281810 -0.062419 0.031365 0.062150 0 1.00000000 0.00000000 0.00000000 1.00000000 0.00000000 1.00000000 1.00000000 0.00000000 0.00000000 1.00000000 0.00000000 1.00000000 0.00000000 0.00000000 0.00000000 0.00000000 0.00000000 0.00000000 0.00000000 0.00000000 0.00000000 0.00000000 0.00000000 0.00000000 1.00000000 0.00000000 0.00000000 0.00000000 1.00000000 
1700000007.79814 -0.249582 -0.102022 0.960857 0.063678 0.017533 0.050852 0.016644 -0.004721 0.015131 -0.038578 0.001875 -0.000547 -0.000692 -0.002616 -0.001637 0.007669 0.0000000 1 418.629359 418.629359 505.740581 286.574774 -0.020453 -0.024926 0.019510 -0.005656 -0.660094 0.642445 -0.268559 0.281810 -0.062419 0.031365 0.062150 0 1.00000000 0.00000000 0.00000000 1.00000000 0.00000000 1.00000000 1.00000000 0.00000000 0.00000000 1.00000000 0.00000000 1.00000000 0.00000000 0.00000000 0.00000000 0.00000000 0.00000000 0.00000000 0.00000000 0.00000000 0.00000000 0.00000000 0.00000000 0.00000000 1.00000000 0.00000000 0.00000000 0.00000000 1.00000000 
1700000007.83205 -0.254511 -0.100502 0.959699 0.064035 0.017314 0.051256 0.015448 -0.007731 0.013456 -0.035541 0.001795 -0.000507 -0.000389 -0.002548 -0.001618 0.007517 0.0000000 1 418.629359 418.629359 505.740581 286.574774 -0.020453 -0.024926 0.019510 -0.005656 -0.660094 0.642445 -0.268559 0.281810 -0.062419 0.031365 0.062150 0 1.00000000 0.00000000 0.00000000 1.00000000 0.00000000 1.00000000 1.00000000 0.00000000 0.00000000 1.00000000 0.00000000 1.00000000 0.00000000 0.00000000 0.00000000 0.00000000 0.00000000 0.00000000 0.00000000 0.00000000 0.00000000 0.00000000 0.00000000 0.00000000 1.00000000 0.00000000 0.00000000 0.00000000 1.00000000 
1700000007.86595 -0.258934 -0.100238 0.958510 0.064534 0.016874 0.051994 0.013917 -0.009964 0.011423 -0.046972 0.002003 -0.000297 -0.000465 -0.002775 -0.001699 0.007772 0.0000000 1 418.629359 418.629359 505.740581 286.574774 -0.020453 -0.024926 0.019510 -0.005656 -0.660094 0.642445 -0.268559 0.281810 -0.062419 0.031365 0.062150 0 1.00000000 0.00000000 0.00000000 1.00000000 0.00000000 1.00000000 1.00000000 0.00000000 0.00000000 1.00000000 0.00000000 1.00000000 0.00000000 0.00000000 0.00000000 0.00000000 0.00000000 0.00000000 0.00000000 0.00000000 0.00000000 0.00000000 0.00000000 0.00000000 1.00000000 0.00000000 0.00000000 0.00000000 1.00000000 
1700000007.89986 -0.262810 -0.101720 0.957266 0.065013 0.016478 0.052671 0.011851 -0.008148 0.009705 -0.059340 0.002168 0.000106 -0.000493 -0.003069 -0.001823 0.008084 0.0000000 1 418.629359 418.629359 505.740581 286.574774 -0.020453 -0.024926 0.019510 -0.005656 -0.660094 0.642445 -0.268559 0.281810 -0.062419 0.031365 0.062150 0 1.00000000 0.00000000 0.00000000 1.00000000 0.00000000 1.00000000 1.00000000 0.00000000 0.00000000 1.00000000 0.00000000 1.00000000 0.00000000 0.00000000 0.00000000 0.00000000 0.00000000 0.00000000 0.00000000 0.00000000 0.00000000 0.00000000 0.00000000 0.00000000 1.00000000 0.00000000 0.00000000 0.00000000 1.00000000 
1700000007.93376 -0.266073 -0.104689 0.955973 0.066043 0.016123 0.053309 0.009631 -0.007749 0.008412 -0.067117 0.002324 0.000438 -0.000539 -0.003067 -0.001811 0.007956 0.0000000 1 418.629359 418.629359 505.740581 286.574774 -0.020453 -0.024926 0.019510 -0.005656 -0.660094 0.642445 -0.268559 0.281810 -0.062419 0.031365 0.062150 0 1.00000000 0.00000000 0.00000000 1.00000000 0.00000000 1.00000000 1.00000000 0.00000000 0.00000000 1.00000000 0.00000000 1.00000000 0.00000000 0.00000000 0.00000000 0.00000000 0.00000000 0.00000000 0.00000000 0.00000000 0.00000000 0.00000000 0.00000000 0.00000000 1.00000000 0.00000000 0.00000000 0.00000000 1.00000000 
1700000007.96767 -0.269898 -0.107219 0.954562 0.066864 0.016135 0.053431 0.008061 0.004871 0.006616 -0.047449 0.002236 0.000378 -0.000473 -0.002310 -0.001522 0.007001 0.0000000 1 418.629359 418.629359 505.740581 286.574774 -0.020453 -0.024926 0.019510 -0.005656 -0.660094 0.642445 -0.268559 0.281810 -0.062419 0.031365 0.062150 0 1.00000000 0.00000000 0.00000000 1.00000000 0.00000000 1.00000000 1.00000000 0.00000000 0.00000000 1.00000000 0.00000000 1.00000000 0.00000000 0.00000000 0.00000000 0.00000000 0.00000000 0.00000000 0.00000000 0.00000000 0.00000000 0.00000000 0.00000000 0.00000000 1.00000000 0.00000000 0.00000000 0.00000000 1.00000000 
1700000008.00157 -0.272605 -0.107442 0.953782 0.066653 0.016371 0.053450 0.006992 0.007231 0.001800 -0.032908 0.002074 0.000341 -0.000401 -0.001781 -0.001348 0.006332 0.0000000 1 418.629359 418.629359 505.740581 286.574774 -0.020453 -0.024926 0.019510 -0.005656 -0.660094 0.642445 -0.268559 0.281810 -0.062419 0.031365 0.062150 0 1.00000000 0.00000000 0.00000000 1.00000000 0.00000000 1.00000000 1.00000000 0.00000000 0.00000000 1.00000000 0.00000000 1.00000000 0.00000000 0.00000000 0.00000000 0.00000000 0.00000000 0.00000000 0.00000000 0.00000000 0.00000000 0.00000000 0.00000000 0.00000000 1.00000000 0.00000000 0.00000000 0.00000000 1.00000000 
1700000008.03548 -0.275543 -0.107957 0.952873 0.066739 0.016529 0.053532 0.005653 0.003635 -0.000797 -0.037440 0.002075 0.000363 -0.000309 -0.002059 -0.001466 0.006637 0.0000000 1 418.629359 418.629359 505.740581 286.574774 -0.020453 -0.024926 0.019510 -0.005656 -0.660094 0.642445 -0.268559 0.281810 -0.062419 0.031365 0.062150 0 1.00000000 0.00000000 0.00000000 1.00000000 0.00000000 1.00000000 1.00000000 0.00000000 0.00000000 1.00000000 0.00000000 1.00000000 0.00000000 0.00000000 0.00000000 0.00000000 0.00000000 0.00000000 0.00000000 0.00000000 0.00000000 0.00000000 0.00000000 0.00000000 1.00000000 0.00000000 0.00000000 0.00000000 1.00000000 
1700000008.06938 -0.278462 -0.109039 0.951811 0.068012 0.016586 0.053478 0.004424 0.002722 -0.002204 -0.034737 0.001982 0.000304 -0.000135 -0.002038 -0.001490 0.006571 0.0000000 1 418.629359 418.629359 505.740581 286.574774 -0.020453 -0.024926 0.019510 -0.005656 -0.660094 0.642445 -0.268559 0.281810 -0.062419 0.031365 0.062150 0 1.00000000 0.00000000 0.00000000 1.00000000 0.00000000 1.00000000 1.00000000 0.00000000 0.00000000 1.00000000 0.00000000 1.00000000 0.00000000 0.00000000 0.00000000 0.00000000 0.00000000 0.00000000 0.00000000 0.00000000 0.00000000 0.00000000 0.00000000 0.00000000 1.00000000 0.00000000 0.00000000 0.00000000 1.00000000 
1700000008.10329 -0.279916 -0.109130 0.951319 0.068773 0.016964 0.053180 0.003978 0.012512 -0.004475 -0.012256 0.001806 0.000045 0.000014 -0.001364 -0.001223 0.005809 0.0000000 1 418.629359 418.629359 505.740581 286.574774 -0.020453 -0.024926 0.019510 -0.005656 -0.660094 0.642445 -0.268559 0.281810 -0.062419 0.031365 0.062150 0 1.00000000 0.00000000 0.00000000 1.00000000 0.00000000 1.00000000 1.00000000 0.00000000 0.00000000 1.00000000 0.00000000 1.00000000 0.00000000 0.00000000 0.00000000 0.00000000 0.00000000 0.00000000 0.00000000 0.00000000 0.00000000 0.00000000 0.00000000 0.00000000 1.00000000 0.00000000 0.00000000 0.00000000 1.00000000 
1700000008.13719 -0.280210 -0.108485 0.951327 0.068481 0.017332 0.052942 0.003770 0.009458 -0.007772 -0.005150 0.001766 -0.000008 0.000105 -0.001254 -0.001199 0.005666 0.0000000 1 418.629359 418.629359 505.740581 286.574774 -0.020453 -0.024926 0.019510 -0.005656 -0.660094 0.642445 -0.268559 0.281810 -0.062419 0.031365 0.062150 0 1.00000000 0.00000000 0.00000000 1.00000000 0.00000000 1.00000000 1.00000000 0.00000000 0.00000000 1.00000000 0.00000000 1.00000000 0.00000000 0.00000000 0.00000000 0.00000000 0.00000000 0.00000000 0.00000000 0.00000000 0.00000000 0.00000000 0.00000000 0.00000000 1.00000000 0.00000000 0.00000000 0.00000000 1.00000000 
1700000008.17110 -0.280550 -0.108267 0.951256 0.068419 0.017559 0.052670 0.003602 0.005460 -0.007453 -0.003150 0.001741 -0.000093 0.000193 -0.001305 -0.001222 0.005689 0.0000000 1 418.629359 418.629359 505.740581 286.574774 -0.020453 -0.024926 0.019510 -0.005656 -0.660094 0.642445 -0.268559 0.281810 -0.062419 0.031365 0.062150 0 1.00000000 0.00000000 0.00000000 1.00000000 0.00000000 1.00000000 1.00000000 0.00000000 0.00000000 1.00000000 0.00000000 1.00000000 0.00000000 0.00000000 0.00000000 0.00000000 0.00000000 0.00000000 0.00000000 0.00000000 0.00000000 0.00000000 0.00000000 0.00000000 1.00000000 0.00000000 0.00000000 0.00000000 1.00000000 
1700000008.20500 -0.280372 -0.107884 0.951359 0.068324 0.017656 0.052439 0.003443 0.000118 -0.005979 -0.001494 0.001705 -0.000067 0.000304 -0.001466 -0.001296 0.005840 0.0000000 1 418.629359 418.629359 505.740581 286.574774 -0.020453 -0.024926 0.019510 -0.005656 -0.660094 0.642445 -0.268559 0.281810 -0.062419 0.031365 0.062150 0 1.00000000 0.00000000 0.00000000 1.00000000 0.00000000 1.00000000 1.00000000 0.00000000 0.00000000 1.00000000 0.00000000 1.00000000 0.00000000 0.00000000 0.00000000 0.00000000 0.00000000 0.00000000 0.00000000 0.00000000 0.00000000 0.00000000 0.00000000 0.00000000 1.00000000 0.00000000 0.00000000 0.00000000 1.00000000 
1700000008.23891 -0.279946 -0.107921 0.951450 0.068740 0.017583 0.052279 0.003303 -0.005834 -0.004148 -0.001910 0.001698 -0.000041 0.000469 -0.001639 -0.001359 0.005994 0.0000000 1 418.629359 418.629359 505.740581 286.574774 -0.020453 -0.024926 0.019510 -0.005656 -0.660094 0.642445 -0.268559 0.281810 -0.062419 0.031365 0.062150 0 1.00000000 0.00000000 0.00000000 1.00000000 0.00000000 1.00000000 1.00000000 0.00000000 0.00000000 1.00000000 0.00000000 1.00000000 0.00000000 0.00000000 0.00000000 0.00000000 0.00000000 0.00000000 0.00000000 0.00000000 0.00000000 0.00000000 0.00000000 0.00000000 1.00000000 0.00000000 0.00000000 0.00000000 1.00000000 
1700000008.27281 -0.279166 -0.108007 0.951628 0.069323 0.017377 0.052183 0.003354 -0.010156 -0.001108 0.002467 0.001646 -0.000025 0.000615 -0.001548 -0.001313 0.005865 0.0000000 1 418.629359 418.629359 505.740581 286.574774 -0.020453 -0.024926 0.019510 -0.005656 -0.660094 0.642445 -0.268559 0.281810 -0.062419 0.031365 0.062150 0 1.00000000 0.00000000 0.00000000 1.00000000 0.00000000 1.00000000 1.00000000 0.00000000 0.00000000 1.00000000 0.00000000 1.00000000 0.00000000 0.00000000 0.00000000 0.00000000 0.00000000 0.00000000 0.00000000 0.00000000 0.00000000 0.00000000 0.00000000 0.00000000 1.00000000 0.00000000 0.00000000 0.00000000 1.00000000 
1700000008.30672 -0.278580 -0.107659 0.951789 0.070005 0.017090 0.052128 0.003577 -0.013681 0.001178 0.006697 0.001551 -0.000113 0.000787 -0.001460 -0.001264 0.005761 0.0000000 1 418.629359 418.629359 505.740581 286.574774 -0.020453 -0.024926 0.019510 -0.005656 -0.660094 0.642445 -0.268559 0.281810 -0.062419 0.031365 0.062150 0 1.00000000 0.00000000 0.00000000 1.00000000 0.00000000 1.00000000 1.00000000 0.00000000 0.00000000 1.00000000 0.00000000 1.00000000 0.00000000 0.00000000 0.00000000 0.00000000 0.00000000 0.00000000 0.00000000 0.00000000 0.00000000 0.00000000 0.00000000 0.00000000 1.00000000 0.00000000 0.00000000 0.00000000 1.00000000 
1700000008.34062 -0.278034 -0.106857 0.951979 0.070817 0.016703 0.052194 0.003912 -0.014251 0.003324 0.010604 0.001498 -0.000182 0.000942 -0.001451 -0.001245 0.005736 0.0000000 1 418.629359 418.629359 505.740581 286.574774 -0.020453 -0.024926 0.019510 -0.005656 -0.660094 0.642445 -0.268559 0.281810 -0.062419 0.031365 0.062150 0 1.00000000 0.00000000 0.00000000 1.00000000 0.00000000 1.00000000 1.00000000 0.00000000 0.00000000 1.00000000 0.00000000 1.00000000 0.00000000 0.00000000 0.00000000 0.00000000 0.00000000 0.00000000 0.00000000 0.00000000 0.00000000 0.00000000 0.00000000 0.00000000 1.00000000 0.00000000 0.00000000 0.00000000 1.00000000 
1700000008.37453 -0.277152 -0.105972 0.952283 0.071504 0.016327 0.052415 0.004411 -0.011086 0.005505 0.014831 0.001456 -0.000232 0.000995 -0.001376 -0.001192 0.005613 0.0000000 1 418.629359 418.629359 505.740581 286.574774 -0.020453 -0.024926 0.019510 -0.005656 -0.660094 0.642445 -0.268559 0.281810 -0.062419 0.031365 0.062150 0 1.00000000 0.00000000 0.00000000 1.00000000 0.00000000 1.00000000 1.00000000 0.00000000 0.00000000 1.00000000 0.00000000 1.00000000 0.00000000 0.00000000 0.00000000 0.00000000 0.00000000 0.00000000 0.00000000 0.00000000 0.00000000 0.00000000 0.00000000 0.00000000 1.00000000 0.00000000 0.00000000 0.00000000 1.00000000 
1700000008.40843 -0.275512 -0.105119 0.952866 0.071337 0.016088 0.052796 0.004995 -0.002129 0.006548 0.019665 0.001413 -0.000087 0.000819 -0.001309 -0.001148 0.005496 0.0000000 1 418.629359 418.629359 505.740581 286.574774 -0.020453 -0.024926 0.019510 -0.005656 -0.660094 0.642445 -0.268559 0.281810 -0.062419 0.031365 0.062150 0 1.00000000 0.00000000 0.00000000 1.00000000 0.00000000 1.00000000 1.00000000 0.00000000 0.00000000 1.00000000 0.00000000 1.00000000 0.00000000 0.00000000 0.00000000 0.00000000 0.00000000 0.00000000 0.00000000 0.00000000 0.00000000 0.00000000 0.00000000 0.00000000 1.00000000 0.00000000 0.00000000 0.00000000 1.00000000 
1700000008.44234 -0.273102 -0.105378 0.953577 0.070721 0.015933 0.053246 0.005231 0.000194 0.005526 0.010188 0.001491 0.000288 0.000709 -0.001687 -0.001308 0.005849 0.0000000 1 418.629359 418.629359 505.740581 286.574774 -0.020453 -0.024926 0.019510 -0.005656 -0.660094 0.642445 -0.268559 0.281810 -0.062419 0.031365 0.062150 0 1.00000000 0.00000000 0.00000000 1.00000000 0.00000000 1.00000000 1.00000000 0.00000000 0.00000000 1.00000000 0.00000000 1.00000000 0.00000000 0.00000000 0.00000000 0.00000000 0.00000000 0.00000000 0.00000000 0.00000000 0.00000000 0.00000000 0.00000000 0.00000000 1.00000000 0.00000000 0.00000000 0.00000000 1.00000000 
1700000008.47624 -0.269970 -0.106939 0.954308 0.070551 0.015787 0.053575 0.005344 0.001777 0.004075 0.005143 0.001473 0.000662 0.000607 -0.001710 -0.001364 0.005789 0.0000000 1 418.629359 418.629359 505.740581 286.574774 -0.020453 -0.024926 0.019510 -0.005656 -0.660094 0.642445 -0.268559 0.281810 -0.062419 0.031365 0.062150 0 1.00000000 0.00000000 0.00000000 1.00000000 0.00000000 1.00000000 1.00000000 0.00000000 0.00000000 1.00000000 0.00000000 1.00000000 0.00000000 0.00000000 0.00000000 0.00000000 0.00000000 0.00000000 0.00000000 0.00000000 0.00000000 0.00000000 0.00000000 0.00000000 1.00000000 0.00000000 0.00000000 0.00000000 1.00000000 
1700000008.51015 -0.266375 -0.108893 0.955113 0.070325 0.015786 0.053725 0.005682 0.003610 0.001191 0.010616 0.001433 0.000859 0.000499 -0.001397 -0.001269 0.005385 0.0000000 1 418.629359 418.629359 505.740581 286.574774 -0.020453 -0.024926 0.019510 -0.005656 -0.660094 0.642445 -0.268559 0.281810 -0.062419 0.031365 0.062150 0 1.00000000 0.00000000 0.00000000 1.00000000 0.00000000 1.00000000 1.00000000 0.00000000 0.00000000 1.00000000 0.00000000 1.00000000 0.00000000 0.00000000 0.00000000 0.00000000 0.00000000 0.00000000 0.00000000 0.00000000 0.00000000 0.00000000 0.00000000 0.00000000 1.00000000 0.00000000 0.00000000 0.00000000 1.00000000 
1700000008.54405 -0.263106 -0.110243 0.955884 0.070051 0.015889 0.053573 0.006475 0.003358 -0.003137 0.022306 0.001316 0.000754 0.000510 -0.000952 -0.001110 0.004850 0.0000000 1 418.629359 418.629359 505.740581 286.574774 -0.020453 -0.024926 0.019510 -0.005656 -0.660094 0.642445 -0.268559 0.281810 -0.062419 0.031365 0.062150 0 1.00000000 0.00000000 0.00000000 1.00000000 0.00000000 1.00000000 1.00000000 0.00000000 0.00000000 1.00000000 0.00000000 1.00000000 0.00000000 0.00000000 0.00000000 0.00000000 0.00000000 0.00000000 0.00000000 0.00000000 0.00000000 0.00000000 0.00000000 0.00000000 1.00000000 0.00000000 0.00000000 0.00000000 1.00000000 
1700000008.57796 -0.260114 -0.110305 0.956706 0.069908 0.016001 0.053264 0.007567 0.000006 -0.006464 0.030721 0.001182 0.000511 0.000605 -0.000706 -0.001016 0.004567 0.0000000 1 418.629359 418.629359 505.740581 286.574774 -0.020453 -0.024926 0.019510 -0.005656 -0.660094 0.642445 -0.268559 0.281810 -0.062419 0.031365 0.062150 0 1.00000000 0.00000000 0.00000000 1.00000000 0.00000000 1.00000000 1.00000000 0.00000000 0.00000000 1.00000000 0.00000000 1.00000000 0.00000000 0.00000000 0.00000000 0.00000000 0.00000000 0.00000000 0.00000000 0.00000000 0.00000000 0.00000000 0.00000000 0.00000000 1.00000000 0.00000000 0.00000000 0.00000000 1.00000000 
1700000008.61186 -0.257542 -0.109459 0.957489 0.070037 0.016049 0.052878 0.008730 -0.001322 -0.008830 0.034933 0.001067 0.000200 0.000748 -0.000729 -0.001025 0.004638 0.0000000 1 418.629359 418.629359 505.740581 286.574774 -0.020453 -0.024926 0.019510 -0.005656 -0.660094 0.642445 -0.268559 0.281810 -0.062419 0.031365 0.062150 0 1.00000000 0.00000000 0.00000000 1.00000000 0.00000000 1.00000000 1.00000000 0.00000000 0.00000000 1.00000000 0.00000000 1.00000000 0.00000000 0.00000000 0.00000000 0.00000000 0.00000000 0.00000000 0.00000000 0.00000000 0.00000000 0.00000000 0.00000000 0.00000000 1.00000000 0.00000000 0.00000000 0.00000000 1.00000000 
1700000008.64577 -0.254289 -0.107990 0.958515 0.070167 0.015995 0.052521 0.010086 -0.000788 -0.009627 0.042173 0.000948 0.000010 0.000844 -0.000717 -0.001038 0.004628 0.0000000 1 418.629359 418.629359 505.740581 286.574774 -0.020453 -0.024926 0.019510 -0.005656 -0.660094 0.642445 -0.268559 0.281810 -0.062419 0.031365 0.062150 0 1.00000000 0.00000000 0.00000000 1.00000000 0.00000000 1.00000000 1.00000000 0.00000000 0.00000000 1.00000000 0.00000000 1.00000000 0.00000000 0.00000000 0.00000000 0.00000000 0.00000000 0.00000000 0.00000000 0.00000000 0.00000000 0.00000000 0.00000000 0.00000000 1.00000000 0.00000000 0.00000000 0.00000000 1.00000000 
1700000008.67967 -0.249677 -0.106685 0.959881 0.070055 0.016007 0.052350 0.011389 0.001445 -0.009058 0.042146 0.000882 0.000103 0.000813 -0.000888 -0.001109 0.004826 0.0000000 1 418.629359 418.629359 505.740581 286.574774 -0.020453 -0.024926 0.019510 -0.005656 -0.660094 0.642445 -0.268559 0.281810 -0.062419 0.031365 0.062150 0 1.00000000 0.00000000 0.00000000 1.00000000 0.00000000 1.00000000 1.00000000 0.00000000 0.00000000 1.00000000 0.00000000 1.00000000 0.00000000 0.00000000 0.00000000 0.00000000 0.00000000 0.00000000 0.00000000 0.00000000 0.00000000 0.00000000 0.00000000 0.00000000 1.00000000 0.00000000 0.00000000 0.00000000 1.00000000 
1700000008.71358 -0.244563 -0.106231 0.961285 0.069538 0.015960 0.052201 0.013039 0.002879 -0.009625 0.048906 0.000930 0.000154 0.000674 -0.000715 -0.001034 0.004530 0.0000000 1 418.629359 418.629359 505.740581 286.574774 -0.020453 -0.024926 0.019510 -0.005656 -0.660094 0.642445 -0.268559 0.281810 -0.062419 0.031365 0.062150 0 1.00000000 0.00000000 0.00000000 1.00000000 0.00000000 1.00000000 1.00000000 0.00000000 0.00000000 1.00000000 0.00000000 1.00000000 0.00000000 0.00000000 0.00000000 0.00000000 0.00000000 0.00000000 0.00000000 0.00000000 0.00000000 0.00000000 0.00000000 0.00000000 1.00000000 0.00000000 0.00000000 0.00000000 1.00000000 
1700000008.74748 -0.238557 -0.105746 0.962957 0.067985 0.016191 0.052130 0.014842 0.009464 -0.009796 0.052856 0.000969 0.000294 0.000342 -0.000584 -0.000941 0.004304 0.0000000 1 418.629359 418.629359 505.740581 286.574774 -0.020453 -0.024926 0.019510 -0.005656 -0.660094 0.642445 -0.268559 0.281810 -0.062419 0.031365 0.062150 0 1.00000000 0.00000000 0.00000000 1.00000000 0.00000000 1.00000000 1.00000000 0.00000000 0.00000000 1.00000000 0.00000000 1.00000000 0.00000000 0.00000000 0.00000000 0.00000000 0.00000000 0.00000000 0.00000000 0.00000000 0.00000000 0.00000000 0.00000000 0.00000000 1.00000000 0.00000000 0.00000000 0.00000000 1.00000000 
1700000008.78139 -0.233291 -0.106061 0.964371 0.065686 0.016524 0.051957 0.016450 0.011109 -0.011222 0.048591 0.001034 0.000397 0.000061 -0.000686 -0.000969 0.004467 0.0000000 1 418.629359 418.629359 505.740581 286.574774 -0.020453 -0.024926 0.019510 -0.005656 -0.660094 0.642445 -0.268559 0.281810 -0.062419 0.031365 0.062150 0 1.00000000 0.00000000 0.00000000 1.00000000 0.00000000 1.00000000 1.00000000 0.00000000 0.00000000 1.00000000 0.00000000 1.00000000 0.00000000 0.00000000 0.00000000 0.00000000 0.00000000 0.00000000 0.00000000 0.00000000 0.00000000 0.00000000 0.00000000 0.00000000 1.00000000 0.00000000 0.00000000 0.00000000 1.00000000 
1700000008.81529 -0.228313 -0.106608 0.965625 0.063844 0.016555 0.051322 0.017984 0.005020 -0.015909 0.049887 0.001018 0.000422 0.000100 -0.000824 -0.001087 0.004730 0.0000000 1 418.629359 418.629359 505.740581 286.574774 -0.020453 -0.024926 0.019510 -0.005656 -0.660094 0.642445 -0.268559 0.281810 -0.062419 0.031365 0.062150 0 1.00000000 0.00000000 0.00000000 1.00000000 0.00000000 1.00000000 1.00000000 0.00000000 0.00000000 1.00000000 0.00000000 1.00000000 0.00000000 0.00000000 0.00000000 0.00000000 0.00000000 0.00000000 0.00000000 0.00000000 0.00000000 0.00000000 0.00000000 0.00000000 1.00000000 0.00000000 0.00000000 0.00000000 1.00000000 
1700000008.84920 -0.221754 -0.106653 0.967135 0.064030 0.016187 0.050484 0.019825 -0.008551 -0.018021 0.058081 0.000823 0.000423 0.000521 -0.000833 -0.001137 0.004678 0.0000000 1 418.629359 418.629359 505.740581 286.574774 -0.020453 -0.024926 0.019510 -0.005656 -0.660094 0.642445 -0.268559 0.281810 -0.062419 0.031365 0.062150 0 1.00000000 0.00000000 0.00000000 1.00000000 0.00000000 1.00000000 1.00000000 0.00000000 0.00000000 1.00000000 0.00000000 1.00000000 0.00000000 0.00000000 0.00000000 0.00000000 0.00000000 0.00000000 0.00000000 0.00000000 0.00000000 0.00000000 0.00000000 0.00000000 1.00000000 0.00000000 0.00000000 0.00000000 1.00000000 
1700000008.88310 -0.213536 -0.106217 0.968952 0.065202 0.016064 0.050075 0.021996 -0.008060 -0.013798 0.065249 0.000738 0.000529 0.000631 -0.000746 -0.001081 0.004481 0.0000000 1 418.629359 418.629359 505.740581 286.574774 -0.020453 -0.024926 0.019510 -0.005656 -0.660094 0.642445 -0.268559 0.281810 -0.062419 0.031365 0.062150 0 1.00000000 0.00000000 0.00000000 1.00000000 0.00000000 1.00000000 1.00000000 0.00000000 0.00000000 1.00000000 0.00000000 1.00000000 0.00000000 0.00000000 0.00000000 0.00000000 0.00000000 0.00000000 0.00000000 0.00000000 0.00000000 0.00000000 0.00000000 0.00000000 1.00000000 0.00000000 0.00000000 0.00000000 1.00000000 
1700000008.91701 -0.206653 -0.105850 0.970414 0.066230 0.016145 0.049752 0.024240 -0.005879 -0.011201 0.065399 0.000632 0.000462 0.000693 -0.000698 -0.001038 0.004377 0.0000000 1 418.629359 418.629359 505.740581 286.574774 -0.020453 -0.024926 0.019510 -0.005656 -0.660094 0.642445 -0.268559 0.281810 -0.062419 0.031365 0.062150 0 1.00000000 0.00000000 0.00000000 1.00000000 0.00000000 1.00000000 1.00000000 0.00000000 0.00000000 1.00000000 0.00000000 1.00000000 0.00000000 0.00000000 0.00000000 0.00000000 0.00000000 0.00000000 0.00000000 0.00000000 0.00000000 0.00000000 0.00000000 0.00000000 1.00000000 0.00000000 0.00000000 0.00000000 1.00000000 
1700000008.95091 -0.201043 -0.104706 0.971663 0.067000 0.016179 0.049469 0.026416 -0.004445 -0.009860 0.065413 0.000460 0.000368 0.000677 -0.000705 -0.001035 0.004395 0.0000000 1 418.629359 418.629359 505.740581 286.574774 -0.020453 -0.024926 0.019510 -0.005656 -0.660094 0.642445 -0.268559 0.281810 -0.062419 0.031365 0.062150 0 1.00000000 0.00000000 0.00000000 1.00000000 0.00000000 1.00000000 1.00000000 0.00000000 0.00000000 1.00000000 0.00000000 1.00000000 0.00000000 0.00000000 0.00000000 0.00000000 0.00000000 0.00000000 0.00000000 0.00000000 0.00000000 0.00000000 0.00000000 0.00000000 1.00000000 0.00000000 0.00000000 0.00000000 1.00000000 
1700000008.98482 -0.196004 -0.103227 0.972796 0.067780 0.016266 0.049333 0.028503 -0.002095 -0.007425 0.062767 0.000276 0.000265 0.000607 -0.000735 -0.001046 0.004477 0.0000000 1 418.629359 418.629359 505.740581 286.574774 -0.020453 -0.024926 0.019510 -0.005656 -0.660094 0.642445 -0.268559 0.281810 -0.062419 0.031365 0.062150 0 1.00000000 0.00000000 0.00000000 1.00000000 0.00000000 1.00000000 1.00000000 0.00000000 0.00000000 1.00000000 0.00000000 1.00000000 0.00000000 0.00000000 0.00000000 0.00000000 0.00000000 0.00000000 0.00000000 0.00000000 0.00000000 0.00000000 0.00000000 0.00000000 1.00000000 0.00000000 0.00000000 0.00000000 1.00000000 
1700000009.01872 -0.191976 -0.102059 0.973753 0.067340 0.016552 0.049435 0.030198 0.005058 -0.005746 0.052589 0.000269 0.000343 0.000238 -0.000877 -0.001132 0.004922 0.0000000 1 418.629359 418.629359 505.740581 286.574774 -0.020453 -0.024926 0.019510 -0.005656 -0.660094 0.642445 -0.268559 0.281810 -0.062419 0.031365 0.062150 0 1.00000000 0.00000000 0.00000000 1.00000000 0.00000000 1.00000000 1.00000000 0.00000000 0.00000000 1.00000000 0.00000000 1.00000000 0.00000000 0.00000000 0.00000000 0.00000000 0.00000000 0.00000000 0.00000000 0.00000000 0.00000000 0.00000000 0.00000000 0.00000000 1.00000000 0.00000000 0.00000000 0.00000000 1.00000000 
1700000009.05263 -0.189499 -0.101790 0.974334 0.066348 0.016730 0.049269 0.031400 0.005222 -0.008456 0.038784 0.000251 0.000387 0.000050 -0.001098 -0.001286 0.005592 0.0000000 1 418.629359 418.629359 505.740581 286.574774 -0.020453 -0.024926 0.019510 -0.005656 -0.660094 0.642445 -0.268559 0.281810 -0.062419 0.031365 0.062150 0 1.00000000 0.00000000 0.00000000 1.00000000 0.00000000 1.00000000 1.00000000 0.00000000 0.00000000 1.00000000 0.00000000 1.00000000 0.00000000 0.00000000 0.00000000 0.00000000 0.00000000 0.00000000 0.00000000 0.00000000 0.00000000 0.00000000 0.00000000 0.00000000 1.00000000 0.00000000 0.00000000 0.00000000 1.00000000 
1700000009.08653 -0.187025 -0.101889 0.974856 0.065547 0.016539 0.049020 0.032287 -0.002430 -0.010415 0.028162 0.000235 0.000517 -0.000081 -0.001260 -0.001411 0.006036 0.0000000 1 418.629359 418.629359 505.740581 286.574774 -0.020453 -0.024926 0.019510 -0.005656 -0.660094 0.642445 -0.268559 0.281810 -0.062419 0.031365 0.062150 0 1.00000000 0.00000000 0.00000000 1.00000000 0.00000000 1.00000000 1.00000000 0.00000000 0.00000000 1.00000000 0.00000000 1.00000000 0.00000000 0.00000000 0.00000000 0.00000000 0.00000000 0.00000000 0.00000000 0.00000000 0.00000000 0.00000000 0.00000000 0.00000000 1.00000000 0.00000000 0.00000000 0.00000000 1.00000000 
1700000009.12044 -0.184727 -0.102624 0.975242 0.065168 0.016378 0.048677 0.033051 -0.002412 -0.011815 0.021600 0.000235 0.000570 -0.000252 -0.001286 -0.001436 0.006123 0.0000000 1 418.629359 418.629359 505.740581 286.574774 -0.020453 -0.024926 0.019510 -0.005656 -0.660094 0.642445 -0.268559 0.281810 -0.062419 0.031365 0.062150 0 1.00000000 0.00000000 0.00000000 1.00000000 0.00000000 1.00000000 1.00000000 0.00000000 0.00000000 1.00000000 0.00000000 1.00000000 0.00000000 0.00000000 0.00000000 0.00000000 0.00000000 0.00000000 0.00000000 0.00000000 0.00000000 0.00000000 0.00000000 0.00000000 1.00000000 0.00000000 0.00000000 0.00000000 1.00000000 
1700000009.15434 -0.182883 -0.103254 0.975581 0.064298 0.016261 0.048262 0.033541 -0.004416 -0.013598 0.014368 0.000223 0.000647 -0.000391 -0.001340 -0.001486 0.006316 0.0000000 1 418.629359 418.629359 505.740581 286.574774 -0.020453 -0.024926 0.019510 -0.005656 -0.660094 0.642445 -0.268559 0.281810 -0.062419 0.031365 0.062150 0 1.00000000 0.00000000 0.00000000 1.00000000 0.00000000 1.00000000 1.00000000 0.00000000 0.00000000 1.00000000 0.00000000 1.00000000 0.00000000 0.00000000 0.00000000 0.00000000 0.00000000 0.00000000 0.00000000 0.00000000 0.00000000 0.00000000 0.00000000 0.00000000 1.00000000 0.00000000 0.00000000 0.00000000 1.00000000 
1700000009.18825 -0.182394 -0.104224 0.975575 0.064211 0.015804 0.047897 0.033854 -0.009050 -0.011628 0.005833 0.000294 0.000475 -0.000462 -0.001405 -0.001537 0.006609 0.0000000 1 418.629359 418.629359 505.740581 286.574774 -0.020453 -0.024926 0.019510 -0.005656 -0.660094 0.642445 -0.268559 0.281810 -0.062419 0.031365 0.062150 0 1.00000000 0.00000000 0.00000000 1.00000000 0.00000000 1.00000000 1.00000000 0.00000000 0.00000000 1.00000000 0.00000000 1.00000000 0.00000000 0.00000000 0.00000000 0.00000000 0.00000000 0.00000000 0.00000000 0.00000000 0.00000000 0.00000000 0.00000000 0.00000000 1.00000000 0.00000000 0.00000000 0.00000000 1.00000000 
1700000009.22215 -0.181795 -0.104610 0.975662 0.063961 0.015616 0.047322 0.034496 0.000087 -0.011308 0.014300 0.000293 0.000305 -0.000617 -0.001240 -0.001410 0.006042 0.0000000 1 418.629359 418.629359 505.740581 286.574774 -0.020453 -0.024926 0.019510 -0.005656 -0.660094 0.642445 -0.268559 0.281810 -0.062419 0.031365 0.062150 0 1.00000000 0.00000000 0.00000000 1.00000000 0.00000000 1.00000000 1.00000000 0.00000000 0.00000000 1.00000000 0.00000000 1.00000000 0.00000000 0.00000000 0.00000000 0.00000000 0.00000000 0.00000000 0.00000000 0.00000000 0.00000000 0.00000000 0.00000000 0.00000000 1.00000000 0.00000000 0.00000000 0.00000000 1.00000000 
1700000009.25606 -0.181586 -0.103844 0.975838 0.063110 0.015600 0.046956 0.034809 -0.004233 -0.011970 0.007594 0.000244 0.000240 -0.000659 -0.001299 -0.001468 0.006302 0.0000000 1 418.629359 418.629359 505.740581 286.574774 -0.020453 -0.024926 0.019510 -0.005656 -0.660094 0.642445 -0.268559 0.281810 -0.062419 0.031365 0.062150 0 1.00000000 0.00000000 0.00000000 1.00000000 0.00000000 1.00000000 1.00000000 0.00000000 0.00000000 1.00000000 0.00000000 1.00000000 0.00000000 0.00000000 0.00000000 0.00000000 0.00000000 0.00000000 0.00000000 0.00000000 0.00000000 0.00000000 0.00000000 0.00000000 1.00000000 0.00000000 0.00000000 0.00000000 1.00000000 
1700000009.28996 -0.182447 -0.103790 0.975672 0.063279 0.015332 0.046733 0.034720 -0.008358 -0.007987 -0.003174 0.000254 0.000148 -0.000618 -0.001396 -0.001550 0.006694 0.0000000 1 418.629359 418.629359 505.740581 286.574774 -0.020453 -0.024926 0.019510 -0.005656 -0.660094 0.642445 -0.268559 0.281810 -0.062419 0.031365 0.062150 0 1.00000000 0.00000000 0.00000000 1.00000000 0.00000000 1.00000000 1.00000000 0.00000000 0.00000000 1.00000000 0.00000000 1.00000000 0.00000000 0.00000000 0.00000000 0.00000000 0.00000000 0.00000000 0.00000000 0.00000000 0.00000000 0.00000000 0.00000000 0.00000000 1.00000000 0.00000000 0.00000000 0.00000000 1.00000000 
1700000009.32387 -0.182946 -0.103605 0.975589 0.063422 0.015119 0.046548 0.034670 -0.005290 -0.005566 -0.002538 0.000229 0.000138 -0.000668 -0.001362 -0.001525 0.006574 0.0000000 1 418.629359 418.629359 505.740581 286.574774 -0.020453 -0.024926 0.019510 -0.005656 -0.660094 0.642445 -0.268559 0.281810 -0.062419 0.031365 0.062150 0 1.00000000 0.00000000 0.00000000 1.00000000 0.00000000 1.00000000 1.00000000 0.00000000 0.00000000 1.00000000 0.00000000 1.00000000 0.00000000 0.00000000 0.00000000 0.00000000 0.00000000 0.00000000 0.00000000 0.00000000 0.00000000 0.00000000 0.00000000 0.00000000 1.00000000 0.00000000 0.00000000 0.00000000 1.00000000 
1700000009.35777 -0.183489 -0.103692 0.975495 0.063157 0.014984 0.046478 0.034334 -0.005751 -0.004982 -0.011098 0.000263 0.000173 -0.000745 -0.001412 -0.001577 0.006792 0.0000000 1 418.629359 418.629359 505.740581 286.574774 -0.020453 -0.024926 0.019510 -0.005656 -0.660094 0.642445 -0.268559 0.281810 -0.062419 0.031365 0.062150 0 1.00000000 0.00000000 0.00000000 1.00000000 0.00000000 1.00000000 1.00000000 0.00000000 0.00000000 1.00000000 0.00000000 1.00000000 0.00000000 0.00000000 0.00000000 0.00000000 0.00000000 0.00000000 0.00000000 0.00000000 0.00000000 0.00000000 0.00000000 0.00000000 1.00000000 0.00000000 0.00000000 0.00000000 1.00000000 
1700000009.39168 -0.184521 -0.104463 0.975224 0.063062 0.014769 0.046375 0.033726 -0.006757 -0.004284 -0.018099 0.000315 0.000240 -0.000766 -0.001455 -0.001615 0.006947 0.0000000 1 418.629359 418.629359 505.740581 286.574774 -0.020453 -0.024926 0.019510 -0.005656 -0.660094 0.642445 -0.268559 0.281810 -0.062419 0.031365 0.062150 0 1.00000000 0.00000000 0.00000000 1.00000000 0.00000000 1.00000000 1.00000000 0.00000000 0.00000000 1.00000000 0.00000000 1.00000000 0.00000000 0.00000000 0.00000000 0.00000000 0.00000000 0.00000000 0.00000000 0.00000000 0.00000000 0.00000000 0.00000000 0.00000000 1.00000000 0.00000000 0.00000000 0.00000000 1.00000000 
1700000009.42558 -0.185583 -0.105207 0.974937 0.063149 0.014550 0.046198 0.033125 -0.007081 -0.003066 -0.017931 0.000305 0.000287 -0.000741 -0.001424 -0.001589 0.006806 0.0000000 1 418.629359 418.629359 505.740581 286.574774 -0.020453 -0.024926 0.019510 -0.005656 -0.660094 0.642445 -0.268559 0.281810 -0.062419 0.031365 0.062150 0 1.00000000 0.00000000 0.00000000 1.00000000 0.00000000 1.00000000 1.00000000 0.00000000 0.00000000 1.00000000 0.00000000 1.00000000 0.00000000 0.00000000 0.00000000 0.00000000 0.00000000 0.00000000 0.00000000 0.00000000 0.00000000 0.00000000 0.00000000 0.00000000 1.00000000 0.00000000 0.00000000 0.00000000 1.00000000 
1700000009.45949 -0.187035 -0.105622 0.974602 0.063346 0.014320 0.046118 0.032561 -0.009041 -0.000479 -0.015960 0.000272 0.000245 -0.000719 -0.001405 -0.001578 0.006744 0.0000000 1 418.629359 418.629359 505.740581 286.574774 -0.020453 -0.024926 0.019510 -0.005656 -0.660094 0.642445 -0.268559 0.281810 -0.062419 0.031365 0.062150 0 1.00000000 0.00000000 0.00000000 1.00000000 0.00000000 1.00000000 1.00000000 0.00000000 0.00000000 1.00000000 0.00000000 1.00000000 0.00000000 0.00000000 0.00000000 0.00000000 0.00000000 0.00000000 0.00000000 0.00000000 0.00000000 0.00000000 0.00000000 0.00000000 1.00000000 0.00000000 0.00000000 0.00000000 1.00000000 
1700000009.49339 -0.189242 -0.105536 0.974150 0.063883 0.013966 0.046049 0.031959 -0.014969 0.001095 -0.016959 0.000226 0.000160 -0.000591 -0.001452 -0.001615 0.006907 0.0000000 1 418.629359 418.629359 505.740581 286.574774 -0.020453 -0.024926 0.019510 -0.005656 -0.660094 0.642445 -0.268559 0.281810 -0.062419 0.031365 0.062150 0 1.00000000 0.00000000 0.00000000 1.00000000 0.00000000 1.00000000 1.00000000 0.00000000 0.00000000 1.00000000 0.00000000 1.00000000 0.00000000 0.00000000 0.00000000 0.00000000 0.00000000 0.00000000 0.00000000 0.00000000 0.00000000 0.00000000 0.00000000 0.00000000 1.00000000 0.00000000 0.00000000 0.00000000 1.00000000 
1700000009.52730 -0.192396 -0.105216 0.973469 0.065352 0.013405 0.046138 0.031243 -0.021185 0.004790 -0.022291 0.000211 -0.000035 -0.000391 -0.001520 -0.001666 0.007165 0.0000000 1 418.629359 418.629359 505.740581 286.574774 -0.020453 -0.024926 0.019510 -0.005656 -0.660094 0.642445 -0.268559 0.281810 -0.062419 0.031365 0.062150 0 1.00000000 0.00000000 0.00000000 1.00000000 0.00000000 1.00000000 1.00000000 0.00000000 0.00000000 1.00000000 0.00000000 1.00000000 0.00000000 0.00000000 0.00000000 0.00000000 0.00000000 0.00000000 0.00000000 0.00000000 0.00000000 0.00000000 0.00000000 0.00000000 1.00000000 0.00000000 0.00000000 0.00000000 1.00000000 
1700000009.56120 -0.195719 -0.104350 0.972807 0.066719 0.012831 0.046252 0.030522 -0.019006 0.006831 -0.022031 0.000144 -0.000143 -0.000335 -0.001503 -0.001658 0.007134 0.0000000 1 418.629359 418.629359 505.740581 286.574774 -0.020453 -0.024926 0.019510 -0.005656 -0.660094 0.642445 -0.268559 0.281810 -0.062419 0.031365 0.062150 0 1.00000000 0.00000000 0.00000000 1.00000000 0.00000000 1.00000000 1.00000000 0.00000000 0.00000000 1.00000000 0.00000000 1.00000000 0.00000000 0.00000000 0.00000000 0.00000000 0.00000000 0.00000000 0.00000000 0.00000000 0.00000000 0.00000000 0.00000000 0.00000000 1.00000000 0.00000000 0.00000000 0.00000000 1.00000000 
1700000009.59511 -0.199545 -0.103344 0.972065 0.067761 0.012250 0.046588 0.029640 -0.020827 0.008767 -0.028164 0.000189 -0.000218 -0.000311 -0.001543 -0.001682 0.007272 0.0000000 1 418.629359 418.629359 505.740581 286.574774 -0.020453 -0.024926 0.019510 -0.005656 -0.660094 0.642445 -0.268559 0.281810 -0.062419 0.031365 0.062150 0 1.00000000 0.00000000 0.00000000 1.00000000 0.00000000 1.00000000 1.00000000 0.00000000 0.00000000 1.00000000 0.00000000 1.00000000 0.00000000 0.00000000 0.00000000 0.00000000 0.00000000 0.00000000 0.00000000 0.00000000 0.00000000 0.00000000 0.00000000 0.00000000 1.00000000 0.00000000 0.00000000 0.00000000 1.00000000 
1700000009.62901 -0.204183 -0.102196 0.971171 0.068502 0.011738 0.046759 0.028894 -0.013881 0.009514 -0.024388 0.000161 -0.000455 -0.000360 -0.001441 -0.001612 0.007033 0.0000000 1 418.629359 418.629359 505.740581 286.574774 -0.020453 -0.024926 0.019510 -0.005656 -0.660094 0.642445 -0.268559 0.281810 -0.062419 0.031365 0.062150 0 1.00000000 0.00000000 0.00000000 1.00000000 0.00000000 1.00000000 1.00000000 0.00000000 0.00000000 1.00000000 0.00000000 1.00000000 0.00000000 0.00000000 0.00000000 0.00000000 0.00000000 0.00000000 0.00000000 0.00000000 0.00000000 0.00000000 0.00000000 0.00000000 1.00000000 0.00000000 0.00000000 0.00000000 1.00000000 
1700000009.66292 -0.208901 -0.099201 0.970509 0.068060 0.011333 0.046824 0.028505 -0.011078 0.007597 -0.013406 -0.000004 -0.000787 -0.000430 -0.001289 -0.001529 0.006710 0.0000000 1 418.629359 418.629359 505.740581 286.574774 -0.020453 -0.024926 0.019510 -0.005656 -0.660094 0.642445 -0.268559 0.281810 -0.062419 0.031365 0.062150 0 1.00000000 0.00000000 0.00000000 1.00000000 0.00000000 1.00000000 1.00000000 0.00000000 0.00000000 1.00000000 0.00000000 1.00000000 0.00000000 0.00000000 0.00000000 0.00000000 0.00000000 0.00000000 0.00000000 0.00000000 0.00000000 0.00000000 0.00000000 0.00000000 1.00000000 0.00000000 0.00000000 0.00000000 1.00000000 
1700000009.69682 -0.214412 -0.095377 0.969749 0.067218 0.010976 0.047226 0.027804 -0.012254 0.006558 -0.022666 0.000069 -0.000958 -0.000571 -0.001466 -0.001619 0.007220 0.0000000 1 418.629359 418.629359 505.740581 286.574774 -0.020453 -0.024926 0.019510 -0.005656 -0.660094 0.642445 -0.268559 0.281810 -0.062419 0.031365 0.062150 0 1.00000000 0.00000000 0.00000000 1.00000000 0.00000000 1.00000000 1.00000000 0.00000000 0.00000000 1.00000000 0.00000000 1.00000000 0.00000000 0.00000000 0.00000000 0.00000000 0.00000000 0.00000000 0.00000000 0.00000000 0.00000000 0.00000000 0.00000000 0.00000000 1.00000000 0.00000000 0.00000000 0.00000000 1.00000000 
1700000009.73073 -0.221173 -0.093211 0.968493 0.066445 0.010544 0.047642 0.026393 -0.011513 0.006316 -0.041566 0.000333 -0.001020 -0.000656 -0.001838 -0.001783 0.008077 0.0000000 1 418.629359 418.629359 505.740581 286.574774 -0.020453 -0.024926 0.019510 -0.005656 -0.660094 0.642445 -0.268559 0.281810 -0.062419 0.031365 0.062150 0 1.00000000 0.00000000 0.00000000 1.00000000 0.00000000 1.00000000 1.00000000 0.00000000 0.00000000 1.00000000 0.00000000 1.00000000 0.00000000 0.00000000 0.00000000 0.00000000 0.00000000 0.00000000 0.00000000 0.00000000 0.00000000 0.00000000 0.00000000 0.00000000 1.00000000 0.00000000 0.00000000 0.00000000 1.00000000 
1700000009.76463 -0.227459 -0.092339 0.967144 0.066091 0.010115 0.048068 0.024536 -0.010499 0.007071 -0.057484 0.000596 -0.000877 -0.000669 -0.002040 -0.001852 0.008435 0.0000000 1 418.629359 418.629359 505.740581 286.574774 -0.020453 -0.024926 0.019510 -0.005656 -0.660094 0.642445 -0.268559 0.281810 -0.062419 0.031365 0.062150 0 1.00000000 0.00000000 0.00000000 1.00000000 0.00000000 1.00000000 1.00000000 0.00000000 0.00000000 1.00000000 0.00000000 1.00000000 0.00000000 0.00000000 0.00000000 0.00000000 0.00000000 0.00000000 0.00000000 0.00000000 0.00000000 0.00000000 0.00000000 0.00000000 1.00000000 0.00000000 0.00000000 0.00000000 1.00000000 
1700000009.79854 -0.233724 -0.092680 0.965627 0.065939 0.009785 0.048245 0.022553 -0.006436 0.007225 -0.059978 0.000750 -0.000815 -0.000633 -0.001996 -0.001826 0.008344 0.0000000 1 418.629359 418.629359 505.740581 286.574774 -0.020453 -0.024926 0.019510 -0.005656 -0.660094 0.642445 -0.268559 0.281810 -0.062419 0.031365 0.062150 0 1.00000000 0.00000000 0.00000000 1.00000000 0.00000000 1.00000000 1.00000000 0.00000000 0.00000000 1.00000000 0.00000000 1.00000000 0.00000000 0.00000000 0.00000000 0.00000000 0.00000000 0.00000000 0.00000000 0.00000000 0.00000000 0.00000000 0.00000000 0.00000000 1.00000000 0.00000000 0.00000000 0.00000000 1.00000000 
1700000009.83244 -0.239391 -0.092216 0.964267 0.066156 0.009435 0.048324 0.020742 -0.009509 0.005181 -0.054764 0.000747 -0.000675 -0.000455 -0.001827 -0.001783 0.008014 0.0000000 1 418.629359 418.629359 505.740581 286.574774 -0.020453 -0.024926 0.019510 -0.005656 -0.660094 0.642445 -0.268559 0.281810 -0.062419 0.031365 0.062150 0 1.00000000 0.00000000 0.00000000 1.00000000 0.00000000 1.00000000 1.00000000 0.00000000 0.00000000 1.00000000 0.00000000 1.00000000 0.00000000 0.00000000 0.00000000 0.00000000 0.00000000 0.00000000 0.00000000 0.00000000 0.00000000 0.00000000 0.00000000 0.00000000 1.00000000 0.00000000 0.00000000 0.00000000 1.00000000 
1700000009.86635 -0.244382 -0.092481 0.962912 0.067271 0.009093 0.048797 0.018573 -0.010602 0.007326 -0.066403 0.000958 -0.000379 -0.000367 -0.001964 -0.001806 0.008156 0.0000000 1 418.629359 418.629359 505.740581 286.574774 -0.020453 -0.024926 0.019510 -0.005656 -0.660094 0.642445 -0.268559 0.281810 -0.062419 0.031365 0.062150 0 1.00000000 0.00000000 0.00000000 1.00000000 0.00000000 1.00000000 1.00000000 0.00000000 0.00000000 1.00000000 0.00000000 1.00000000 0.00000000 0.00000000 0.00000000 0.00000000 0.00000000 0.00000000 0.00000000 0.00000000 0.00000000 0.00000000 0.00000000 0.00000000 1.00000000 0.00000000 0.00000000 0.00000000 1.00000000 
1700000009.90025 -0.249739 -0.094126 0.961305 0.068283 0.008956 0.049027 0.016342 -0.000808 0.007614 -0.065592 0.001094 -0.000145 -0.000315 -0.001847 -0.001752 0.007945 0.0000000 1 418.629359 418.629359 505.740581 286.574774 -0.020453 -0.024926 0.019510 -0.005656 -0.660094 0.642445 -0.268559 0.281810 -0.062419 0.031365 0.062150 0 1.00000000 0.00000000 0.00000000 1.00000000 0.00000000 1.00000000 1.00000000 0.00000000 0.00000000 1.00000000 0.00000000 1.00000000 0.00000000 0.00000000 0.00000000 0.00000000 0.00000000 0.00000000 0.00000000 0.00000000 0.00000000 0.00000000 0.00000000 0.00000000 1.00000000 0.00000000 0.00000000 0.00000000 1.00000000 
1700000009.93416 -0.253772 -0.095144 0.960135 0.068476 0.008986 0.049499 0.014259 0.004669 0.007479 -0.061595 0.001105 0.000206 -0.000466 -0.001587 -0.001674 0.007520 0.0000000 1 418.629359 418.629359 505.740581 286.574774 -0.020453 -0.024926 0.019510 -0.005656 -0.660094 0.642445 -0.268559 0.281810 -0.062419 0.031365 0.062150 0 1.00000000 0.00000000 0.00000000 1.00000000 0.00000000 1.00000000 1.00000000 0.00000000 0.00000000 1.00000000 0.00000000 1.00000000 0.00000000 0.00000000 0.00000000 0.00000000 0.00000000 0.00000000 0.00000000 0.00000000 0.00000000 0.00000000 0.00000000 0.00000000 1.00000000 0.00000000 0.00000000 0.00000000 1.00000000 
1700000009.96806 -0.258283 -0.096389 0.958822 0.068259 0.009374 0.049677 0.012375 0.015425 0.005399 -0.056112 0.001148 0.000222 -0.000561 -0.001342 -0.001563 0.007185 0.0000000 1 418.629359 418.629359 505.740581 286.574774 -0.020453 -0.024926 0.019510 -0.005656 -0.660094 0.642445 -0.268559 0.281810 -0.062419 0.031365 0.062150 0 1.00000000 0.00000000 0.00000000 1.00000000 0.00000000 1.00000000 1.00000000 0.00000000 0.00000000 1.00000000 0.00000000 1.00000000 0.00000000 0.00000000 0.00000000 0.00000000 0.00000000 0.00000000 0.00000000 0.00000000 0.00000000 0.00000000 0.00000000 0.00000000 1.00000000 0.00000000 0.00000000 0.00000000 1.00000000 
1700000010.00197 -0.262867 -0.096813 0.957625 0.066946 0.009875 0.049698 0.010785 0.020316 0.000892 -0.046397 0.001099 0.000180 -0.000680 -0.001086 -0.001499 0.006879 0.0000000 1 418.629359 418.629359 505.740581 286.574774 -0.020453 -0.024926 0.019510 -0.005656 -0.660094 0.642445 -0.268559 0.281810 -0.062419 0.031365 0.062150 0 1.00000000 0.00000000 0.00000000 1.00000000 0.00000000 1.00000000 1.00000000 0.00000000 0.00000000 1.00000000 0.00000000 1.00000000 0.00000000 0.00000000 0.00000000 0.00000000 0.00000000 0.00000000 0.00000000 0.00000000 0.00000000 0.00000000 0.00000000 0.00000000 1.00000000 0.00000000 0.00000000 0.00000000 1.00000000 
1700000010.03587 -0.267260 -0.097071 0.956524 0.064901 0.010645 0.049893 0.009002 0.024909 0.001265 -0.048494 0.001114 0.000283 -0.000892 -0.001281 -0.001538 0.007133 0.0000000 1 418.629359 418.629359 505.740581 286.574774 -0.020453 -0.024926 0.019510 -0.005656 -0.660094 0.642445 -0.268559 0.281810 -0.062419 0.031365 0.062150 0 1.00000000 0.00000000 0.00000000 1.00000000 0.00000000 1.00000000 1.00000000 0.00000000 0.00000000 1.00000000 0.00000000 1.00000000 0.00000000 0.00000000 0.00000000 0.00000000 0.00000000 0.00000000 0.00000000 0.00000000 0.00000000 0.00000000 0.00000000 0.00000000 1.00000000 0.00000000 0.00000000 0.00000000 1.00000000 
1700000010.06978 -0.272212 -0.098416 0.955111 0.063068 0.011232 0.049725 0.006870 0.020019 -0.002476 -0.056024 0.001107 0.000365 -0.000861 -0.001729 -0.001715 0.007705 0.0000000 1 418.629359 418.629359 505.740581 286.574774 -0.020453 -0.024926 0.019510 -0.005656 -0.660094 0.642445 -0.268559 0.281810 -0.062419 0.031365 0.062150 0 1.00000000 0.00000000 0.00000000 1.00000000 0.00000000 1.00000000 1.00000000 0.00000000 0.00000000 1.00000000 0.00000000 1.00000000 0.00000000 0.00000000 0.00000000 0.00000000 0.00000000 0.00000000 0.00000000 0.00000000 0.00000000 0.00000000 0.00000000 0.00000000 1.00000000 0.00000000 0.00000000 0.00000000 1.00000000 
1700000010.10368 -0.275771 -0.099677 0.953995 0.062522 0.011408 0.049342 0.005089 0.007754 -0.005184 -0.050188 0.000977 0.000317 -0.000658 -0.001621 -0.001743 0.007565 0.0000000 1 418.629359 418.629359 505.740581 286.574774 -0.020453 -0.024926 0.019510 -0.005656 -0.660094 0.642445 -0.268559 0.281810 -0.062419 0.031365 0.062150 0 1.00000000 0.00000000 0.00000000 1.00000000 0.00000000 1.00000000 1.00000000 0.00000000 0.00000000 1.00000000 0.00000000 1.00000000 0.00000000 0.00000000 0.00000000 0.00000000 0.00000000 0.00000000 0.00000000 0.00000000 0.00000000 0.00000000 0.00000000 0.00000000 1.00000000 0.00000000 0.00000000 0.00000000 1.00000000 
1700000010.13759 -0.278504 -0.099911 0.953156 0.062818 0.011527 0.048897 0.003825 0.001617 -0.005731 -0.035425 0.000846 0.000157 -0.000398 -0.001388 -0.001689 0.007288 0.0000000 1 418.629359 418.629359 505.740581 286.574774 -0.020453 -0.024926 0.019510 -0.005656 -0.660094 0.642445 -0.268559 0.281810 -0.062419 0.031365 0.062150 0 1.00000000 0.00000000 0.00000000 1.00000000 0.00000000 1.00000000 1.00000000 0.00000000 0.00000000 1.00000000 0.00000000 1.00000000 0.00000000 0.00000000 0.00000000 0.00000000 0.00000000 0.00000000 0.00000000 0.00000000 0.00000000 0.00000000 0.00000000 0.00000000 1.00000000 0.00000000 0.00000000 0.00000000 1.00000000 
1700000010.17149 -0.280444 -0.099134 0.952625 0.063473 0.011605 0.048677 0.002970 -0.002291 -0.005185 -0.024954 0.000738 0.000055 -0.000173 -0.001225 -0.001632 0.007090 0.0000000 1 418.629359 418.629359 505.740581 286.574774 -0.020453 -0.024926 0.019510 -0.005656 -0.660094 0.642445 -0.268559 0.281810 -0.062419 0.031365 0.062150 0 1.00000000 0.00000000 0.00000000 1.00000000 0.00000000 1.00000000 1.00000000 0.00000000 0.00000000 1.00000000 0.00000000 1.00000000 0.00000000 0.00000000 0.00000000 0.00000000 0.00000000 0.00000000 0.00000000 0.00000000 0.00000000 0.00000000 0.00000000 0.00000000 1.00000000 0.00000000 0.00000000 0.00000000 1.00000000 
1700000010.20540 -0.282303 -0.098372 0.952113 0.064104 0.011741 0.048640 0.002291 0.000122 -0.003534 -0.019118 0.000676 -0.000055 -0.000037 -0.001221 -0.001600 0.007064 0.0000000 1 418.629359 418.629359 505.740581 286.574774 -0.020453 -0.024926 0.019510 -0.005656 -0.660094 0.642445 -0.268559 0.281810 -0.062419 0.031365 0.062150 0 1.00000000 0.00000000 0.00000000 1.00000000 0.00000000 1.00000000 1.00000000 0.00000000 0.00000000 1.00000000 0.00000000 1.00000000 0.00000000 0.00000000 0.00000000 0.00000000 0.00000000 0.00000000 0.00000000 0.00000000 0.00000000 0.00000000 0.00000000 0.00000000 1.00000000 0.00000000 0.00000000 0.00000000 1.00000000 
1700000010.23930 -0.283741 -0.097682 0.951724 0.064578 0.011769 0.048563 0.002023 0.000483 -0.003751 -0.008097 0.000623 -0.000186 0.000090 -0.001000 -0.001528 0.006804 0.0000000 1 418.629359 418.629359 505.740581 286.574774 -0.020453 -0.024926 0.019510 -0.005656 -0.660094 0.642445 -0.268559 0.281810 -0.062419 0.031365 0.062150 0 1.00000000 0.00000000 0.00000000 1.00000000 0.00000000 1.00000000 1.00000000 0.00000000 0.00000000 1.00000000 0.00000000 1.00000000 0.00000000 0.00000000 0.00000000 0.00000000 0.00000000 0.00000000 0.00000000 0.00000000 0.00000000 0.00000000 0.00000000 0.00000000 1.00000000 0.00000000 0.00000000 0.00000000 1.00000000 
1700000010.27321 -0.284324 -0.096676 0.951642 0.064734 0.011903 0.048571 0.002065 0.002469 -0.003413 0.000678 0.000633 -0.000270 0.000118 -0.000867 -0.001467 0.006640 0.0000000 1 418.629359 418.629359 505.740581 286.574774 -0.020453 -0.024926 0.019510 -0.005656 -0.660094 0.642445 -0.268559 0.281810 -0.062419 0.031365 0.062150 0 1.00000000 0.00000000 0.00000000 1.00000000 0.00000000 1.00000000 1.00000000 0.00000000 0.00000000 1.00000000 0.00000000 1.00000000 0.00000000 0.00000000 0.00000000 0.00000000 0.00000000 0.00000000 0.00000000 0.00000000 0.00000000 0.00000000 0.00000000 0.00000000 1.00000000 0.00000000 0.00000000 0.00000000 1.00000000 
1700000010.30711 -0.284864 -0.096037 0.951562 0.064494 0.011966 0.048590 0.002088 0.001234 -0.004065 0.001227 0.000667 -0.000273 0.000103 -0.000940 -0.001475 0.006686 0.0000000 1 418.629359 418.629359 505.740581 286.574774 -0.020453 -0.024926 0.019510 -0.005656 -0.660094 0.642445 -0.268559 0.281810 -0.062419 0.031365 0.062150 0 1.00000000 0.00000000 0.00000000 1.00000000 0.00000000 1.00000000 1.00000000 0.00000000 0.00000000 1.00000000 0.00000000 1.00000000 0.00000000 0.00000000 0.00000000 0.00000000 0.00000000 0.00000000 0.00000000 0.00000000 0.00000000 0.00000000 0.00000000 0.00000000 1.00000000 0.00000000 0.00000000 0.00000000 1.00000000 
1700000010.34102 -0.285083 -0.095836 0.951539 0.064161 0.011932 0.048469 0.002164 0.000057 -0.005260 0.003930 0.000660 -0.000258 0.000104 -0.000931 -0.001479 0.006663 0.0000000 1 418.629359 418.629359 505.740581 286.574774 -0.020453 -0.024926 0.019510 -0.005656 -0.660094 0.642445 -0.268559 0.281810 -0.062419 0.031365 0.062150 0 1.00000000 0.00000000 0.00000000 1.00000000 0.00000000 1.00000000 1.00000000 0.00000000 0.00000000 1.00000000 0.00000000 1.00000000 0.00000000 0.00000000 0.00000000 0.00000000 0.00000000 0.00000000 0.00000000 0.00000000 0.00000000 0.00000000 0.00000000 0.00000000 1.00000000 0.00000000 0.00000000 0.00000000 1.00000000 
1700000010.37492 -0.284778 -0.095616 0.951672 0.063872 0.011863 0.048348 0.002189 -0.003463 -0.006015 0.001601 0.000666 -0.000187 0.000122 -0.001061 -0.001516 0.006773 0.0000000 1 418.629359 418.629359 505.740581 286.574774 -0.020453 -0.024926 0.019510 -0.005656 -0.660094 0.642445 -0.268559 0.281810 -0.062419 0.031365 0.062150 0 1.00000000 0.00000000 0.00000000 1.00000000 0.00000000 1.00000000 1.00000000 0.00000000 0.00000000 1.00000000 0.00000000 1.00000000 0.00000000 0.00000000 0.00000000 0.00000000 0.00000000 0.00000000 0.00000000 0.00000000 0.00000000 0.00000000 0.00000000 0.00000000 1.00000000 0.00000000 0.00000000 0.00000000 1.00000000 
1700000010.40883 -0.284417 -0.095861 0.951755 0.063882 0.011724 0.048206 0.002095 -0.004537 -0.005568 -0.003030 0.000683 -0.000101 0.000159 -0.001157 -0.001542 0.006847 0.0000000 1 418.629359 418.629359 505.740581 286.574774 -0.020453 -0.024926 0.019510 -0.005656 -0.660094 0.642445 -0.268559 0.281810 -0.062419 0.031365 0.062150 0 1.00000000 0.00000000 0.00000000 1.00000000 0.00000000 1.00000000 1.00000000 0.00000000 0.00000000 1.00000000 0.00000000 1.00000000 0.00000000 0.00000000 0.00000000 0.00000000 0.00000000 0.00000000 0.00000000 0.00000000 0.00000000 0.00000000 0.00000000 0.00000000 1.00000000 0.00000000 0.00000000 0.00000000 1.00000000 
1700000010.44273 -0.283879 -0.096189 0.951861 0.064200 0.011570 0.048035 0.001979 -0.006099 -0.005663 -0.004011 0.000657 -0.000027 0.000228 -0.001127 -0.001535 0.006802 0.0000000 1 418.629359 418.629359 505.740581 286.574774 -0.020453 -0.024926 0.019510 -0.005656 -0.660094 0.642445 -0.268559 0.281810 -0.062419 0.031365 0.062150 0 1.00000000 0.00000000 0.00000000 1.00000000 0.00000000 1.00000000 1.00000000 0.00000000 0.00000000 1.00000000 0.00000000 1.00000000 0.00000000 0.00000000 0.00000000 0.00000000 0.00000000 0.00000000 0.00000000 0.00000000 0.00000000 0.00000000 0.00000000 0.00000000 1.00000000 0.00000000 0.00000000 0.00000000 1.00000000 
1700000010.47664 -0.283639 -0.096374 0.951865 0.064910 0.011418 0.047827 0.002013 -0.003998 -0.005022 0.000750 0.000622 -0.000087 0.000300 -0.000994 -0.001494 0.006672 0.0000000 1 418.629359 418.629359 505.740581 286.574774 -0.020453 -0.024926 0.019510 -0.005656 -0.660094 0.642445 -0.268559 0.281810 -0.062419 0.031365 0.062150 0 1.00000000 0.00000000 0.00000000 1.00000000 0.00000000 1.00000000 1.00000000 0.00000000 0.00000000 1.00000000 0.00000000 1.00000000 0.00000000 0.00000000 0.00000000 0.00000000 0.00000000 0.00000000 0.00000000 0.00000000 0.00000000 0.00000000 0.00000000 0.00000000 1.00000000 0.00000000 0.00000000 0.00000000 1.00000000 
1700000010.51054 -0.283095 -0.095587 0.952074 0.065386 0.011345 0.047630 0.002505 -0.000801 -0.004085 0.013583 0.000542 -0.000257 0.000386 -0.000670 -0.001406 0.006349 0.0000000 1 418.629359 418.629359 505.740581 286.574774 -0.020453 -0.024926 0.019510 -0.005656 -0.660094 0.642445 -0.268559 0.281810 -0.062419 0.031365 0.062150 0 1.00000000 0.00000000 0.00000000 1.00000000 0.00000000 1.00000000 1.00000000 0.00000000 0.00000000 1.00000000 0.00000000 1.00000000 0.00000000 0.00000000 0.00000000 0.00000000 0.00000000 0.00000000 0.00000000 0.00000000 0.00000000 0.00000000 0.00000000 0.00000000 1.00000000 0.00000000 0.00000000 0.00000000 1.00000000 
1700000010.54445 -0.281950 -0.094165 0.952538 0.065645 0.011299 0.047522 0.003215 -0.000567 -0.004302 0.020697 0.000504 -0.000350 0.000455 -0.000552 -0.001377 0.006213 0.0000000 1 418.629359 418.629359 505.740581 286.574774 -0.020453 -0.024926 0.019510 -0.005656 -0.660094 0.642445 -0.268559 0.281810 -0.062419 0.031365 0.062150 0 1.00000000 0.00000000 0.00000000 1.00000000 0.00000000 1.00000000 1.00000000 0.00000000 0.00000000 1.00000000 0.00000000 1.00000000 0.00000000 0.00000000 0.00000000 0.00000000 0.00000000 0.00000000 0.00000000 0.00000000 0.00000000 0.00000000 0.00000000 0.00000000 1.00000000 0.00000000 0.00000000 0.00000000 1.00000000 
1700000010.57835 -0.280125 -0.093074 0.953162 0.065948 0.011222 0.047395 0.003936 -0.000401 -0.004988 0.023101 0.000479 -0.000363 0.000522 -0.000599 -0.001399 0.006241 0.0000000 1 418.629359 418.629359 505.740581 286.574774 -0.020453 -0.024926 0.019510 -0.005656 -0.660094 0.642445 -0.268559 0.281810 -0.062419 0.031365 0.062150 0 1.00000000 0.00000000 0.00000000 1.00000000 0.00000000 1.00000000 1.00000000 0.00000000 0.00000000 1.00000000 0.00000000 1.00000000 0.00000000 0.00000000 0.00000000 0.00000000 0.00000000 0.00000000 0.00000000 0.00000000 0.00000000 0.00000000 0.00000000 0.00000000 1.00000000 0.00000000 0.00000000 0.00000000 1.00000000 
1700000010.61226 -0.277031 -0.092582 0.954079 0.066451 0.011168 0.047401 0.004614 -0.001028 -0.004068 0.022537 0.000464 -0.000220 0.000576 -0.000725 -0.001439 0.006322 0.0000000 1 418.629359 418.629359 505.740581 286.574774 -0.020453 -0.024926 0.019510 -0.005656 -0.660094 0.642445 -0.268559 0.281810 -0.062419 0.031365 0.062150 0 1.00000000 0.00000000 0.00000000 1.00000000 0.00000000 1.00000000 1.00000000 0.00000000 0.00000000 1.00000000 0.00000000 1.00000000 0.00000000 0.00000000 0.00000000 0.00000000 0.00000000 0.00000000 0.00000000 0.00000000 0.00000000 0.00000000 0.00000000 0.00000000 1.00000000 0.00000000 0.00000000 0.00000000 1.00000000 
1700000010.64616 -0.273319 -0.093022 0.955095 0.066617 0.011204 0.047469 0.005362 0.001324 -0.004081 0.023445 0.000490 -0.000002 0.000502 -0.000719 -0.001427 0.006278 0.0000000 1 418.629359 418.629359 505.740581 286.574774 -0.020453 -0.024926 0.019510 -0.005656 -0.660094 0.642445 -0.268559 0.281810 -0.062419 0.031365 0.062150 0 1.00000000 0.00000000 0.00000000 1.00000000 0.00000000 1.00000000 1.00000000 0.00000000 0.00000000 1.00000000 0.00000000 1.00000000 0.00000000 0.00000000 0.00000000 0.00000000 0.00000000 0.00000000 0.00000000 0.00000000 0.00000000 0.00000000 0.00000000 0.00000000 1.00000000 0.00000000 0.00000000 0.00000000 1.00000000 
1700000010.68007 -0.269255 -0.094232 0.956140 0.066464 0.011233 0.047460 0.006075 0.001164 -0.005517 0.022706 0.000519 0.000270 0.000458 -0.000736 -0.001436 0.006259 0.0000000 1 418.629359 418.629359 505.740581 286.574774 -0.020453 -0.024926 0.019510 -0.005656 -0.660094 0.642445 -0.268559 0.281810 -0.062419 0.031365 0.062150 0 1.00000000 0.00000000 0.00000000 1.00000000 0.00000000 1.00000000 1.00000000 0.00000000 0.00000000 1.00000000 0.00000000 1.00000000 0.00000000 0.00000000 0.00000000 0.00000000 0.00000000 0.00000000 0.00000000 0.00000000 0.00000000 0.00000000 0.00000000 0.00000000 1.00000000 0.00000000 0.00000000 0.00000000 1.00000000 
1700000010.71397 -0.264704 -0.096254 0.957204 0.066543 0.011190 0.047430 0.006675 -0.000719 -0.006992 0.019432 0.000545 0.000609 0.000409 -0.000777 -0.001455 0.006259 0.0000000 1 418.629359 418.629359 505.740581 286.574774 -0.020453 -0.024926 0.019510 -0.005656 -0.660094 0.642445 -0.268559 0.281810 -0.062419 0.031365 0.062150 0 1.00000000 0.00000000 0.00000000 1.00000000 0.00000000 1.00000000 1.00000000 0.00000000 0.00000000 1.00000000 0.00000000 1.00000000 0.00000000 0.00000000 0.00000000 0.00000000 0.00000000 0.00000000 0.00000000 0.00000000 0.00000000 0.00000000 0.00000000 0.00000000 1.00000000 0.00000000 0.00000000 0.00000000 1.00000000 
1700000010.74788 -0.259963 -0.098979 0.958219 0.066621 0.011152 0.047256 0.007474 -0.000276 -0.008708 0.022751 0.000575 0.000818 0.000362 -0.000580 -0.001400 0.006007 0.0000000 1 418.629359 418.629359 505.740581 286.574774 -0.020453 -0.024926 0.019510 -0.005656 -0.660094 0.642445 -0.268559 0.281810 -0.062419 0.031365 0.062150 0 1.00000000 0.00000000 0.00000000 1.00000000 0.00000000 1.00000000 1.00000000 0.00000000 0.00000000 1.00000000 0.00000000 1.00000000 0.00000000 0.00000000 0.00000000 0.00000000 0.00000000 0.00000000 0.00000000 0.00000000 0.00000000 0.00000000 0.00000000 0.00000000 1.00000000 0.00000000 0.00000000 0.00000000 1.00000000 
1700000010.78178 -0.255419 -0.101368 0.959191 0.066614 0.011146 0.046924 0.008473 -0.000949 -0.010648 0.029197 0.000534 0.000857 0.000362 -0.000396 -0.001341 0.005777 0.0000000 1 418.629359 418.629359 505.740581 286.574774 -0.020453 -0.024926 0.019510 -0.005656 -0.660094 0.642445 -0.268559 0.281810 -0.062419 0.031365 0.062150 0 1.00000000 0.00000000 0.00000000 1.00000000 0.00000000 1.00000000 1.00000000 0.00000000 0.00000000 1.00000000 0.00000000 1.00000000 0.00000000 0.00000000 0.00000000 0.00000000 0.00000000 0.00000000 0.00000000 0.00000000 0.00000000 0.00000000 0.00000000 0.00000000 1.00000000 0.00000000 0.00000000 0.00000000 1.00000000 
1700000010.81569 -0.251518 -0.102842 0.960062 0.066654 0.011113 0.046360 0.009884 0.000120 -0.013753 0.040792 0.000446 0.000656 0.000414 -0.000146 -0.001257 0.005471 0.0000000 1 418.629359 418.629359 505.740581 286.574774 -0.020453 -0.024926 0.019510 -0.005656 -0.660094 0.642445 -0.268559 0.281810 -0.062419 0.031365 0.062150 0 1.00000000 0.00000000 0.00000000 1.00000000 0.00000000 1.00000000 1.00000000 0.00000000 0.00000000 1.00000000 0.00000000 1.00000000 0.00000000 0.00000000 0.00000000 0.00000000 0.00000000 0.00000000 0.00000000 0.00000000 0.00000000 0.00000000 0.00000000 0.00000000 1.00000000 0.00000000 0.00000000 0.00000000 1.00000000 
1700000010.84959 -0.247399 -0.102529 0.961178 0.066475 0.011032 0.045710 0.011774 -0.001758 -0.014693 0.054970 0.000274 0.000349 0.000505 0.000102 -0.001172 0.005139 0.0000000 1 418.629359 418.629359 505.740581 286.574774 -0.020453 -0.024926 0.019510 -0.005656 -0.660094 0.642445 -0.268559 0.281810 -0.062419 0.031365 0.062150 0 1.00000000 0.00000000 0.00000000 1.00000000 0.00000000 1.00000000 1.00000000 0.00000000 0.00000000 1.00000000 0.00000000 1.00000000 0.00000000 0.00000000 0.00000000 0.00000000 0.00000000 0.00000000 0.00000000 0.00000000 0.00000000 0.00000000 0.00000000 0.00000000 1.00000000 0.00000000 0.00000000 0.00000000 1.00000000 
1700000010.88350 -0.243326 -0.101103 0.962369 0.066459 0.010903 0.045145 0.013592 -0.006245 -0.013354 0.056483 0.000140 0.000053 0.000674 -0.000089 -0.001248 0.005431 0.0000000 1 418.629359 418.629359 505.740581 286.574774 -0.020453 -0.024926 0.019510 -0.005656 -0.660094 0.642445 -0.268559 0.281810 -0.062419 0.031365 0.062150 0 1.00000000 0.00000000 0.00000000 1.00000000 0.00000000 1.00000000 1.00000000 0.00000000 0.00000000 1.00000000 0.00000000 1.00000000 0.00000000 0.00000000 0.00000000 0.00000000 0.00000000 0.00000000 0.00000000 0.00000000 0.00000000 0.00000000 0.00000000 0.00000000 1.00000000 0.00000000 0.00000000 0.00000000 1.00000000 
1700000010.91740 -0.239870 -0.099350 0.963350 0.067440 0.010484 0.044712 0.015285 -0.015130 -0.009501 0.053286 0.000000 -0.000203 0.000954 -0.000366 -0.001362 0.005826 0.0000000 1 418.629359 418.629359 505.740581 286.574774 -0.020453 -0.024926 0.019510 -0.005656 -0.660094 0.642445 -0.268559 0.281810 -0.062419 0.031365 0.062150 0 1.00000000 0.00000000 0.00000000 1.00000000 0.00000000 1.00000000 1.00000000 0.00000000 0.00000000 1.00000000 0.00000000 1.00000000 0.00000000 0.00000000 0.00000000 0.00000000 0.00000000 0.00000000 0.00000000 0.00000000 0.00000000 0.00000000 0.00000000 0.00000000 1.00000000 0.00000000 0.00000000 0.00000000 1.00000000 
1700000010.95131 -0.236140 -0.097421 0.964321 0.069514 0.009886 0.044652 0.016647 -0.024249 -0.002629 0.043920 -0.000079 -0.000210 0.001284 -0.000779 -0.001518 0.006393 0.0000000 1 418.629359 418.629359 505.740581 286.574774 -0.020453 -0.024926 0.019510 -0.005656 -0.660094 0.642445 -0.268559 0.281810 -0.062419 0.031365 0.062150 0 1.00000000 0.00000000 0.00000000 1.00000000 0.00000000 1.00000000 1.00000000 0.00000000 0.00000000 1.00000000 0.00000000 1.00000000 0.00000000 0.00000000 0.00000000 0.00000000 0.00000000 0.00000000 0.00000000 0.00000000 0.00000000 0.00000000 0.00000000 0.00000000 1.00000000 0.00000000 0.00000000 0.00000000 1.00000000 
1700000010.98521 -0.232528 -0.096690 0.965069 0.072274 0.009343 0.045073 0.017607 -0.023023 0.005415 0.028275 0.000098 -0.000117 0.001392 -0.001168 -0.001621 0.006927 0.0000000 1 418.629359 418.629359 505.740581 286.574774 -0.020453 -0.024926 0.019510 -0.005656 -0.660094 0.642445 -0.268559 0.281810 -0.062419 0.031365 0.062150 0 1.00000000 0.00000000 0.00000000 1.00000000 0.00000000 1.00000000 1.00000000 0.00000000 0.00000000 1.00000000 0.00000000 1.00000000 0.00000000 0.00000000 0.00000000 0.00000000 0.00000000 0.00000000 0.00000000 0.00000000 0.00000000 0.00000000 0.00000000 0.00000000 1.00000000 0.00000000 0.00000000 0.00000000 1.00000000 
1700000011.01912 -0.229364 -0.096700 0.965675 0.074255 0.009062 0.045201 0.019126 -0.008727 0.003276 0.037045 0.000113 -0.000136 0.001183 -0.000722 -0.001391 0.006232 0.0000000 1 418.629359 418.629359 505.740581 286.574774 -0.020453 -0.024926 0.019510 -0.005656 -0.660094 0.642445 -0.268559 0.281810 -0.062419 0.031365 0.062150 0 1.00000000 0.00000000 0.00000000 1.00000000 0.00000000 1.00000000 1.00000000 0.00000000 0.00000000 1.00000000 0.00000000 1.00000000 0.00000000 0.00000000 0.00000000 0.00000000 0.00000000 0.00000000 0.00000000 0.00000000 0.00000000 0.00000000 0.00000000 0.00000000 1.00000000 0.00000000 0.00000000 0.00000000 1.00000000 
1700000011.05302 -0.225954 -0.095833 0.966557 0.074357 0.008896 0.045342 0.020492 -0.003652 0.001999 0.038332 0.000179 -0.000035 0.000961 -0.000616 -0.001332 0.006026 0.0000000 1 418.629359 418.629359 505.740581 286.574774 -0.020453 -0.024926 0.019510 -0.005656 -0.660094 0.642445 -0.268559 0.281810 -0.062419 0.031365 0.062150 0 1.00000000 0.00000000 0.00000000 1.00000000 0.00000000 1.00000000 1.00000000 0.00000000 0.00000000 1.00000000 0.00000000 1.00000000 0.00000000 0.00000000 0.00000000 0.00000000 0.00000000 0.00000000 0.00000000 0.00000000 0.00000000 0.00000000 0.00000000 0.00000000 1.00000000 0.00000000 0.00000000 0.00000000 1.00000000 
1700000011.08693 -0.222776 -0.095406 0.967322 0.074546 0.008602 0.045542 0.021730 -0.003838 0.001637 0.036163 0.000205 0.000039 0.000793 -0.000619 -0.001347 0.006001 0.0000000 1 418.629359 418.629359 505.740581 286.574774 -0.020453 -0.024926 0.019510 -0.005656 -0.660094 0.642445 -0.268559 0.281810 -0.062419 0.031365 0.062150 0 1.00000000 0.00000000 0.00000000 1.00000000 0.00000000 1.00000000 1.00000000 0.00000000 0.00000000 1.00000000 0.00000000 1.00000000 0.00000000 0.00000000 0.00000000 0.00000000 0.00000000 0.00000000 0.00000000 0.00000000 0.00000000 0.00000000 0.00000000 0.00000000 1.00000000 0.00000000 0.00000000 0.00000000 1.00000000 
1700000011.12083 -0.218972 -0.095177 0.968248 0.074084 0.008543 0.045638 0.023082 0.003670 -0.000427 0.040825 0.000270 0.000172 0.000457 -0.000524 -0.001307 0.005835 0.0000000 1 418.629359 418.629359 505.740581 286.574774 -0.020453 -0.024926 0.019510 -0.005656 -0.660094 0.642445 -0.268559 0.281810 -0.062419 0.031365 0.062150 0 1.00000000 0.00000000 0.00000000 1.00000000 0.00000000 1.00000000 1.00000000 0.00000000 0.00000000 1.00000000 0.00000000 1.00000000 0.00000000 0.00000000 0.00000000 0.00000000 0.00000000 0.00000000 0.00000000 0.00000000 0.00000000 0.00000000 0.00000000 0.00000000 1.00000000 0.00000000 0.00000000 0.00000000 1.00000000 
1700000011.15474 -0.215381 -0.095044 0.969129 0.073262 0.008596 0.045595 0.024210 0.003877 -0.003690 0.036404 0.000268 0.000253 0.000345 -0.000662 -0.001388 0.006151 0.0000000 1 418.629359 418.629359 505.740581 286.574774 -0.020453 -0.024926 0.019510 -0.005656 -0.660094 0.642445 -0.268559 0.281810 -0.062419 0.031365 0.062150 0 1.00000000 0.00000000 0.00000000 1.00000000 0.00000000 1.00000000 1.00000000 0.00000000 0.00000000 1.00000000 0.00000000 1.00000000 0.00000000 0.00000000 0.00000000 0.00000000 0.00000000 0.00000000 0.00000000 0.00000000 0.00000000 0.00000000 0.00000000 0.00000000 1.00000000 0.00000000 0.00000000 0.00000000 1.00000000 
1700000011.18864 -0.212414 -0.095469 0.969773 0.072846 0.008661 0.045737 0.024807 0.000845 -0.003098 0.019115 0.000356 0.000372 0.000234 -0.000971 -0.001523 0.006785 0.0000000 1 418.629359 418.629359 505.740581 286.574774 -0.020453 -0.024926 0.019510 -0.005656 -0.660094 0.642445 -0.268559 0.281810 -0.062419 0.031365 0.062150 0 1.00000000 0.00000000 0.00000000 1.00000000 0.00000000 1.00000000 1.00000000 0.00000000 0.00000000 1.00000000 0.00000000 1.00000000 0.00000000 0.00000000 0.00000000 0.00000000 0.00000000 0.00000000 0.00000000 0.00000000 0.00000000 0.00000000 0.00000000 0.00000000 1.00000000 0.00000000 0.00000000 0.00000000 1.00000000 
1700000011.22255 -0.210565 -0.096486 0.970090 0.072652 0.008690 0.045420 0.025402 0.003292 -0.007751 0.015417 0.000321 0.000300 0.000148 -0.000916 -0.001505 0.006722 0.0000000 1 418.629359 418.629359 505.740581 286.574774 -0.020453 -0.024926 0.019510 -0.005656 -0.660094 0.642445 -0.268559 0.281810 -0.062419 0.031365 0.062150 0 1.00000000 0.00000000 0.00000000 1.00000000 0.00000000 1.00000000 1.00000000 0.00000000 0.00000000 1.00000000 0.00000000 1.00000000 0.00000000 0.00000000 0.00000000 0.00000000 0.00000000 0.00000000 0.00000000 0.00000000 0.00000000 0.00000000 0.00000000 0.00000000 1.00000000 0.00000000 0.00000000 0.00000000 1.00000000 
1700000011.25645 -0.208667 -0.096466 0.970522 0.072381 0.008600 0.045075 0.026034 -0.001037 -0.009299 0.016808 0.000167 0.000245 0.000198 -0.000859 -0.001505 0.006580 0.0000000 1 418.629359 418.629359 505.740581 286.574774 -0.020453 -0.024926 0.019510 -0.005656 -0.660094 0.642445 -0.268559 0.281810 -0.062419 0.031365 0.062150 0 1.00000000 0.00000000 0.00000000 1.00000000 0.00000000 1.00000000 1.00000000 0.00000000 0.00000000 1.00000000 0.00000000 1.00000000 0.00000000 0.00000000 0.00000000 0.00000000 0.00000000 0.00000000 0.00000000 0.00000000 0.00000000 0.00000000 0.00000000 0.00000000 1.00000000 0.00000000 0.00000000 0.00000000 1.00000000 
1700000011.29036 -0.207000 -0.096540 0.970857 0.072582 0.008630 0.045037 0.026060 -0.003212 -0.006173 0.001764 0.000183 0.000318 0.000216 -0.001093 -0.001614 0.007162 0.0000000 1 418.629359 418.629359 505.740581 286.574774 -0.020453 -0.024926 0.019510 -0.005656 -0.660094 0.642445 -0.268559 0.281810 -0.062419 0.031365 0.062150 0 1.00000000 0.00000000 0.00000000 1.00000000 0.00000000 1.00000000 1.00000000 0.00000000 0.00000000 1.00000000 0.00000000 1.00000000 0.00000000 0.00000000 0.00000000 0.00000000 0.00000000 0.00000000 0.00000000 0.00000000 0.00000000 0.00000000 0.00000000 0.00000000 1.00000000 0.00000000 0.00000000 0.00000000 1.00000000 
1700000011.32426 -0.206656 -0.097565 0.970780 0.073220 0.008617 0.044878 0.025944 -0.001193 -0.005807 -0.005706 0.000230 0.000204 0.000222 -0.001128 -0.001611 0.007243 0.0000000 1 418.629359 418.629359 505.740581 286.574774 -0.020453 -0.024926 0.019510 -0.005656 -0.660094 0.642445 -0.268559 0.281810 -0.062419 0.031365 0.062150 0 1.00000000 0.00000000 0.00000000 1.00000000 0.00000000 1.00000000 1.00000000 0.00000000 0.00000000 1.00000000 0.00000000 1.00000000 0.00000000 0.00000000 0.00000000 0.00000000 0.00000000 0.00000000 0.00000000 0.00000000 0.00000000 0.00000000 0.00000000 0.00000000 1.00000000 0.00000000 0.00000000 0.00000000 1.00000000 
1700000011.35817 -0.205994 -0.097767 0.970872 0.073590 0.008394 0.044452 0.026550 -0.000917 -0.007348 0.014019 -0.000004 0.000112 0.000287 -0.000784 -0.001457 0.006351 0.0000000 1 418.629359 418.629359 505.740581 286.574774 -0.020453 -0.024926 0.019510 -0.005656 -0.660094 0.642445 -0.268559 0.281810 -0.062419 0.031365 0.062150 0 1.00000000 0.00000000 0.00000000 1.00000000 0.00000000 1.00000000 1.00000000 0.00000000 0.00000000 1.00000000 0.00000000 1.00000000 0.00000000 0.00000000 0.00000000 0.00000000 0.00000000 0.00000000 0.00000000 0.00000000 0.00000000 0.00000000 0.00000000 0.00000000 1.00000000 0.00000000 0.00000000 0.00000000 1.00000000 
1700000011.39207 -0.204305 -0.097083 0.971274 0.073898 0.008431 0.044465 0.026957 -0.001156 -0.004024 0.012563 -0.000037 0.000175 0.000282 -0.000844 -0.001481 0.006488 0.0000000 1 418.629359 418.629359 505.740581 286.574774 -0.020453 -0.024926 0.019510 -0.005656 -0.660094 0.642445 -0.268559 0.281810 -0.062419 0.031365 0.062150 0 1.00000000 0.00000000 0.00000000 1.00000000 0.00000000 1.00000000 1.00000000 0.00000000 0.00000000 1.00000000 0.00000000 1.00000000 0.00000000 0.00000000 0.00000000 0.00000000 0.00000000 0.00000000 0.00000000 0.00000000 0.00000000 0.00000000 0.00000000 0.00000000 1.00000000 0.00000000 0.00000000 0.00000000 1.00000000 
1700000011.42598 -0.203289 -0.097287 0.971462 0.073963 0.008631 0.044412 0.027303 0.005848 -0.003440 0.010252 0.000029 0.000141 0.000138 -0.000856 -0.001459 0.006517 0.0000000 1 418.629359 418.629359 505.740581 286.574774 -0.020453 -0.024926 0.019510 -0.005656 -0.660094 0.642445 -0.268559 0.281810 -0.062419 0.031365 0.062150 0 1.00000000 0.00000000 0.00000000 1.00000000 0.00000000 1.00000000 1.00000000 0.00000000 0.00000000 1.00000000 0.00000000 1.00000000 0.00000000 0.00000000 0.00000000 0.00000000 0.00000000 0.00000000 0.00000000 0.00000000 0.00000000 0.00000000 0.00000000 0.00000000 1.00000000 0.00000000 0.00000000 0.00000000 1.00000000 
1700000011.45988 -0.202231 -0.097056 0.971755 0.073313 0.008780 0.044200 0.027941 0.007586 -0.004354 0.018612 -0.000080 0.000065 0.000056 -0.000740 -0.001407 0.006226 0.0000000 1 418.629359 418.629359 505.740581 286.574774 -0.020453 -0.024926 0.019510 -0.005656 -0.660094 0.642445 -0.268559 0.281810 -0.062419 0.031365 0.062150 0 1.00000000 0.00000000 0.00000000 1.00000000 0.00000000 1.00000000 1.00000000 0.00000000 0.00000000 1.00000000 0.00000000 1.00000000 0.00000000 0.00000000 0.00000000 0.00000000 0.00000000 0.00000000 0.00000000 0.00000000 0.00000000 0.00000000 0.00000000 0.00000000 1.00000000 0.00000000 0.00000000 0.00000000 1.00000000 
1700000011.49379 -0.201287 -0.096460 0.972059 0.072667 0.008911 0.044220 0.028235 0.002838 -0.003185 0.011181 -0.000041 0.000053 -0.000027 -0.000889 -0.001500 0.006676 0.0000000 1 418.629359 418.629359 505.740581 286.574774 -0.020453 -0.024926 0.019510 -0.005656 -0.660094 0.642445 -0.268559 0.281810 -0.062419 0.031365 0.062150 0 1.00000000 0.00000000 0.00000000 1.00000000 0.00000000 1.00000000 1.00000000 0.00000000 0.00000000 1.00000000 0.00000000 1.00000000 0.00000000 0.00000000 0.00000000 0.00000000 0.00000000 0.00000000 0.00000000 0.00000000 0.00000000 0.00000000 0.00000000 0.00000000 1.00000000 0.00000000 0.00000000 0.00000000 1.00000000 
1700000011.52769 -0.200697 -0.096290 0.972249 0.071976 0.008885 0.044058 0.028749 0.002263 -0.004022 0.015321 -0.000095 0.000010 -0.000149 -0.000818 -0.001468 0.006485 0.0000000 1 418.629359 418.629359 505.740581 286.574774 -0.020453 -0.024926 0.019510 -0.005656 -0.660094 0.642445 -0.268559 0.281810 -0.062419 0.031365 0.062150 0 1.00000000 0.00000000 0.00000000 1.00000000 0.00000000 1.00000000 1.00000000 0.00000000 0.00000000 1.00000000 0.00000000 1.00000000 0.00000000 0.00000000 0.00000000 0.00000000 0.00000000 0.00000000 0.00000000 0.00000000 0.00000000 0.00000000 0.00000000 0.00000000 1.00000000 0.00000000 0.00000000 0.00000000 1.00000000 
1700000011.56160 -0.199371 -0.095750 0.972660 0.070823 0.008791 0.044047 0.028903 -0.005203 -0.002615 0.009567 -0.000054 0.000133 -0.000183 -0.000992 -0.001588 0.007021 0.0000000 1 418.629359 418.629359 505.740581 286.574774 -0.020453 -0.024926 0.019510 -0.005656 -0.660094 0.642445 -0.268559 0.281810 -0.062419 0.031365 0.062150 0 1.00000000 0.00000000 0.00000000 1.00000000 0.00000000 1.00000000 1.00000000 0.00000000 0.00000000 1.00000000 0.00000000 1.00000000 0.00000000 0.00000000 0.00000000 0.00000000 0.00000000 0.00000000 0.00000000 0.00000000 0.00000000 0.00000000 0.00000000 0.00000000 1.00000000 0.00000000 0.00000000 0.00000000 1.00000000 
1700000011.59550 -0.199222 -0.096417 0.972607 0.071059 0.008331 0.044042 0.028629 -0.017010 -0.001149 -0.006076 0.000032 0.000123 0.000033 -0.001213 -0.001720 0.007651 0.0000000 1 418.629359 418.629359 505.740581 286.574774 -0.020453 -0.024926 0.019510 -0.005656 -0.660094 0.642445 -0.268559 0.281810 -0.062419 0.031365 0.062150 0 1.00000000 0.00000000 0.00000000 1.00000000 0.00000000 1.00000000 1.00000000 0.00000000 0.00000000 1.00000000 0.00000000 1.00000000 0.00000000 0.00000000 0.00000000 0.00000000 0.00000000 0.00000000 0.00000000 0.00000000 0.00000000 0.00000000 0.00000000 0.00000000 1.00000000 0.00000000 0.00000000 0.00000000 1.00000000 
1700000011.62941 -0.199256 -0.097126 0.972464 0.071948 0.007916 0.043995 0.028585 -0.016372 0.000767 -0.003732 0.000004 0.000070 0.000142 -0.001150 -0.001670 0.007465 0.0000000 1 418.629359 418.629359 505.740581 286.574774 -0.020453 -0.024926 0.019510 -0.005656 -0.660094 0.642445 -0.268559 0.281810 -0.062419 0.031365 0.062150 0 1.00000000 0.00000000 0.00000000 1.00000000 0.00000000 1.00000000 1.00000000 0.00000000 0.00000000 1.00000000 0.00000000 1.00000000 0.00000000 0.00000000 0.00000000 0.00000000 0.00000000 0.00000000 0.00000000 0.00000000 0.00000000 0.00000000 0.00000000 0.00000000 1.00000000 0.00000000 0.00000000 0.00000000 1.00000000 
1700000011.66331 -0.200336 -0.097143 0.972188 0.072665 0.007611 0.043892 0.028813 -0.011619 0.000503 0.002050 -0.000060 -0.000213 0.000162 -0.001011 -0.001566 0.007067 0.0000000 1 418.629359 418.629359 505.740581 286.574774 -0.020453 -0.024926 0.019510 -0.005656 -0.660094 0.642445 -0.268559 0.281810 -0.062419 0.031365 0.062150 0 1.00000000 0.00000000 0.00000000 1.00000000 0.00000000 1.00000000 1.00000000 0.00000000 0.00000000 1.00000000 0.00000000 1.00000000 0.00000000 0.00000000 0.00000000 0.00000000 0.00000000 0.00000000 0.00000000 0.00000000 0.00000000 0.00000000 0.00000000 0.00000000 1.00000000 0.00000000 0.00000000 0.00000000 1.00000000 
1700000011.69722 -0.201827 -0.096005 0.971973 0.072919 0.007292 0.043972 0.028885 -0.010665 0.002391 0.001083 -0.000116 -0.000394 0.000166 -0.001025 -0.001569 0.007129 0.0000000 1 418.629359 418.629359 505.740581 286.574774 -0.020453 -0.024926 0.019510 -0.005656 -0.660094 0.642445 -0.268559 0.281810 -0.062419 0.031365 0.062150 0 1.00000000 0.00000000 0.00000000 1.00000000 0.00000000 1.00000000 1.00000000 0.00000000 0.00000000 1.00000000 0.00000000 1.00000000 0.00000000 0.00000000 0.00000000 0.00000000 0.00000000 0.00000000 0.00000000 0.00000000 0.00000000 0.00000000 0.00000000 0.00000000 1.00000000 0.00000000 0.00000000 0.00000000 1.00000000 
1700000011.73112 -0.204168 -0.095468 0.971475 0.073739 0.006993 0.044577 0.027642 -0.015290 0.008701 -0.032414 0.000098 -0.000243 0.000250 -0.001491 -0.001825 0.008511 0.0000000 1 418.629359 418.629359 505.740581 286.574774 -0.020453 -0.024926 0.019510 -0.005656 -0.660094 0.642445 -0.268559 0.281810 -0.062419 0.031365 0.062150 0 1.00000000 0.00000000 0.00000000 1.00000000 0.00000000 1.00000000 1.00000000 0.00000000 0.00000000 1.00000000 0.00000000 1.00000000 0.00000000 0.00000000 0.00000000 0.00000000 0.00000000 0.00000000 0.00000000 0.00000000 0.00000000 0.00000000 0.00000000 0.00000000 1.00000000 0.00000000 0.00000000 0.00000000 1.00000000 
1700000011.76503 -0.208522 -0.097533 0.970198 0.075646 0.006725 0.045517 0.025663 -0.012466 0.016022 -0.062088 0.000483 -0.000328 0.000160 -0.001786 -0.001899 0.009102 0.0000000 1 418.629359 418.629359 505.740581 286.574774 -0.020453 -0.024926 0.019510 -0.005656 -0.660094 0.642445 -0.268559 0.281810 -0.062419 0.031365 0.062150 0 1.00000000 0.00000000 0.00000000 1.00000000 0.00000000 1.00000000 1.00000000 0.00000000 0.00000000 1.00000000 0.00000000 1.00000000 0.00000000 0.00000000 0.00000000 0.00000000 0.00000000 0.00000000 0.00000000 0.00000000 0.00000000 0.00000000 0.00000000 0.00000000 1.00000000 0.00000000 0.00000000 0.00000000 1.00000000 
1700000011.79893 -0.213934 -0.099283 0.968796 0.076218 0.006609 0.045229 0.024604 0.004187 0.007054 -0.038530 0.000365 -0.000222 -0.000285 -0.001185 -0.001623 0.007986 0.0000000 1 418.629359 418.629359 505.740581 286.574774 -0.020453 -0.024926 0.019510 -0.005656 -0.660094 0.642445 -0.268559 0.281810 -0.062419 0.031365 0.062150 0 1.00000000 0.00000000 0.00000000 1.00000000 0.00000000 1.00000000 1.00000000 0.00000000 0.00000000 1.00000000 0.00000000 1.00000000 0.00000000 0.00000000 0.00000000 0.00000000 0.00000000 0.00000000 0.00000000 0.00000000 0.00000000 0.00000000 0.00000000 0.00000000 1.00000000 0.00000000 0.00000000 0.00000000 1.00000000 
1700000011.83284 -0.220984 -0.095310 0.967827 0.073441 0.006877 0.044980 0.023884 0.006058 0.002037 -0.022007 0.000101 -0.000533 -0.000661 -0.000940 -0.001503 0.007583 0.0000000 1 418.629359 418.629359 505.740581 286.574774 -0.020453 -0.024926 0.019510 -0.005656 -0.660094 0.642445 -0.268559 0.281810 -0.062419 0.031365 0.062150 0 1.00000000 0.00000000 0.00000000 1.00000000 0.00000000 1.00000000 1.00000000 0.00000000 0.00000000 1.00000000 0.00000000 1.00000000 0.00000000 0.00000000 0.00000000 0.00000000 0.00000000 0.00000000 0.00000000 0.00000000 0.00000000 0.00000000 0.00000000 0.00000000 1.00000000 0.00000000 0.00000000 0.00000000 1.00000000 
1700000011.86674 -0.231141 -0.090187 0.966105 0.071281 0.006749 0.045331 0.022218 -0.004787 0.005901 -0.046874 0.000069 -0.000896 -0.000771 -0.001327 -0.001703 0.008590 0.0000000 1 418.629359 418.629359 505.740581 286.574774 -0.020453 -0.024926 0.019510 -0.005656 -0.660094 0.642445 -0.268559 0.281810 -0.062419 0.031365 0.062150 0 1.00000000 0.00000000 0.00000000 1.00000000 0.00000000 1.00000000 1.00000000 0.00000000 0.00000000 1.00000000 0.00000000 1.00000000 0.00000000 0.00000000 0.00000000 0.00000000 0.00000000 0.00000000 0.00000000 0.00000000 0.00000000 0.00000000 0.00000000 0.00000000 1.00000000 0.00000000 0.00000000 0.00000000 1.00000000 
1700000011.90065 -0.242065 -0.086076 0.963875 0.070291 0.006294 0.045786 0.020025 -0.009385 0.011053 -0.065173 0.000105 -0.001147 -0.000795 -0.001598 -0.001819 0.009061 0.0000000 1 418.629359 418.629359 505.740581 286.574774 -0.020453 -0.024926 0.019510 -0.005656 -0.660094 0.642445 -0.268559 0.281810 -0.062419 0.031365 0.062150 0 1.00000000 0.00000000 0.00000000 1.00000000 0.00000000 1.00000000 1.00000000 0.00000000 0.00000000 1.00000000 0.00000000 1.00000000 0.00000000 0.00000000 0.00000000 0.00000000 0.00000000 0.00000000 0.00000000 0.00000000 0.00000000 0.00000000 0.00000000 0.00000000 1.00000000 0.00000000 0.00000000 0.00000000 1.00000000 
1700000011.93455 -0.252511 -0.083043 0.961457 0.070296 0.005726 0.046406 0.017402 -0.016426 0.015110 -0.078429 0.000257 -0.001300 -0.000686 -0.001858 -0.001899 0.009394 0.0000000 1 418.629359 418.629359 505.740581 286.574774 -0.020453 -0.024926 0.019510 -0.005656 -0.660094 0.642445 -0.268559 0.281810 -0.062419 0.031365 0.062150 0 1.00000000 0.00000000 0.00000000 1.00000000 0.00000000 1.00000000 1.00000000 0.00000000 0.00000000 1.00000000 0.00000000 1.00000000 0.00000000 0.00000000 0.00000000 0.00000000 0.00000000 0.00000000 0.00000000 0.00000000 0.00000000 0.00000000 0.00000000 0.00000000 1.00000000 0.00000000 0.00000000 0.00000000 1.00000000 
1700000011.96846 -0.262385 -0.080403 0.958969 0.071185 0.005095 0.046791 0.015232 -0.016299 0.017269 -0.069363 0.000226 -0.001482 -0.000589 -0.001607 -0.001837 0.009018 0.0000000 1 418.629359 418.629359 505.740581 286.574774 -0.020453 -0.024926 0.019510 -0.005656 -0.660094 0.642445 -0.268559 0.281810 -0.062419 0.031365 0.062150 0 1.00000000 0.00000000 0.00000000 1.00000000 0.00000000 1.00000000 1.00000000 0.00000000 0.00000000 1.00000000 0.00000000 1.00000000 0.00000000 0.00000000 0.00000000 0.00000000 0.00000000 0.00000000 0.00000000 0.00000000 0.00000000 0.00000000 0.00000000 0.00000000 1.00000000 0.00000000 0.00000000 0.00000000 1.00000000 
1700000012.00236 -0.271688 -0.076625 0.956627 0.071962 0.004597 0.047279 0.013143 -0.020262 0.016495 -0.066245 0.000241 -0.001562 -0.000502 -0.001492 -0.001795 0.008862 0.0000000 1 418.629359 418.629359 505.740581 286.574774 -0.020453 -0.024926 0.019510 -0.005656 -0.660094 0.642445 -0.268559 0.281810 -0.062419 0.031365 0.062150 0 1.00000000 0.00000000 0.00000000 1.00000000 0.00000000 1.00000000 1.00000000 0.00000000 0.00000000 1.00000000 0.00000000 1.00000000 0.00000000 0.00000000 0.00000000 0.00000000 0.00000000 0.00000000 0.00000000 0.00000000 0.00000000 0.00000000 0.00000000 0.00000000 1.00000000 0.00000000 0.00000000 0.00000000 1.00000000 
1700000012.03627 -0.282133 -0.073244 0.953766 0.073264 0.004131 0.047884 0.010452 -0.025698 0.014464 -0.082149 0.000435 -0.001581 -0.000409 -0.001850 -0.001773 0.009272 0.0000000 1 418.629359 418.629359 505.740581 286.574774 -0.020453 -0.024926 0.019510 -0.005656 -0.660094 0.642445 -0.268559 0.281810 -0.062419 0.031365 0.062150 0 1.00000000 0.00000000 0.00000000 1.00000000 0.00000000 1.00000000 1.00000000 0.00000000 0.00000000 1.00000000 0.00000000 1.00000000 0.00000000 0.00000000 0.00000000 0.00000000 0.00000000 0.00000000 0.00000000 0.00000000 0.00000000 0.00000000 0.00000000 0.00000000 1.00000000 0.00000000 0.00000000 0.00000000 1.00000000 
1700000012.07017 -0.294490 -0.071523 0.950086 0.074141 0.003617 0.048337 0.007635 -0.015415 0.015968 -0.084666 0.000905 -0.001738 -0.000446 -0.002002 -0.001687 0.009427 0.0000000 1 418.629359 418.629359 505.740581 286.574774 -0.020453 -0.024926 0.019510 -0.005656 -0.660094 0.642445 -0.268559 0.281810 -0.062419 0.031365 0.062150 0 1.00000000 0.00000000 0.00000000 1.00000000 0.00000000 1.00000000 1.00000000 0.00000000 0.00000000 1.00000000 0.00000000 1.00000000 0.00000000 0.00000000 0.00000000 0.00000000 0.00000000 0.00000000 0.00000000 0.00000000 0.00000000 0.00000000 0.00000000 0.00000000 1.00000000 0.00000000 0.00000000 0.00000000 1.00000000 
1700000012.10408 -0.304704 -0.067627 0.947160 0.073956 0.003290 0.048980 0.006171 -0.004377 0.022916 -0.051000 0.000791 -0.001750 -0.000598 -0.000861 -0.001588 0.008413 0.0000000 1 418.629359 418.629359 505.740581 286.574774 -0.020453 -0.024926 0.019510 -0.005656 -0.660094 0.642445 -0.268559 0.281810 -0.062419 0.031365 0.062150 0 1.00000000 0.00000000 0.00000000 1.00000000 0.00000000 1.00000000 1.00000000 0.00000000 0.00000000 1.00000000 0.00000000 1.00000000 0.00000000 0.00000000 0.00000000 0.00000000 0.00000000 0.00000000 0.00000000 0.00000000 0.00000000 0.00000000 0.00000000 0.00000000 1.00000000 0.00000000 0.00000000 0.00000000 1.00000000 
1700000012.13798 -0.312447 -0.061760 0.945099 0.073151 0.003081 0.049924 0.005023 -0.009174 0.023579 -0.037901 0.000595 -0.001718 -0.000686 -0.000362 -0.001615 0.007955 0.0000000 1 418.629359 418.629359 505.740581 286.574774 -0.020453 -0.024926 0.019510 -0.005656 -0.660094 0.642445 -0.268559 0.281810 -0.062419 0.031365 0.062150 0 1.00000000 0.00000000 0.00000000 1.00000000 0.00000000 1.00000000 1.00000000 0.00000000 0.00000000 1.00000000 0.00000000 1.00000000 0.00000000 0.00000000 0.00000000 0.00000000 0.00000000 0.00000000 0.00000000 0.00000000 0.00000000 0.00000000 0.00000000 0.00000000 1.00000000 0.00000000 0.00000000 0.00000000 1.00000000 
1700000012.17189 -0.319794 -0.057767 0.942864 0.073505 0.002495 0.050863 0.003806 -0.012422 0.023688 -0.033640 0.000650 -0.001750 -0.000715 -0.000334 -0.001672 0.007857 0.0000000 1 418.629359 418.629359 505.740581 286.574774 -0.020453 -0.024926 0.019510 -0.005656 -0.660094 0.642445 -0.268559 0.281810 -0.062419 0.031365 0.062150 0 1.00000000 0.00000000 0.00000000 1.00000000 0.00000000 1.00000000 1.00000000 0.00000000 0.00000000 1.00000000 0.00000000 1.00000000 0.00000000 0.00000000 0.00000000 0.00000000 0.00000000 0.00000000 0.00000000 0.00000000 0.00000000 0.00000000 0.00000000 0.00000000 1.00000000 0.00000000 0.00000000 0.00000000 1.00000000 
1700000012.20579 -0.324825 -0.054352 0.941287 0.074256 0.002065 0.051801 0.002800 -0.009512 0.022674 -0.024739 0.000718 -0.001481 -0.000728 -0.000224 -0.001730 0.007737 0.0000000 1 418.629359 418.629359 505.740581 286.574774 -0.020453 -0.024926 0.019510 -0.005656 -0.660094 0.642445 -0.268559 0.281810 -0.062419 0.031365 0.062150 0 1.00000000 0.00000000 0.00000000 1.00000000 0.00000000 1.00000000 1.00000000 0.00000000 0.00000000 1.00000000 0.00000000 1.00000000 0.00000000 0.00000000 0.00000000 0.00000000 0.00000000 0.00000000 0.00000000 0.00000000 0.00000000 0.00000000 0.00000000 0.00000000 1.00000000 0.00000000 0.00000000 0.00000000 1.00000000 
1700000012.23970 -0.328873 -0.052614 0.939943 0.074714 0.000687 0.052370 0.001778 -0.015010 0.014968 -0.023064 0.001202 -0.001540 -0.000886 -0.000441 -0.001846 0.007864 0.0000000 1 418.629359 418.629359 505.740581 286.574774 -0.020453 -0.024926 0.019510 -0.005656 -0.660094 0.642445 -0.268559 0.281810 -0.062419 0.031365 0.062150 0 1.00000000 0.00000000 0.00000000 1.00000000 0.00000000 1.00000000 1.00000000 0.00000000 0.00000000 1.00000000 0.00000000 1.00000000 0.00000000 0.00000000 0.00000000 0.00000000 0.00000000 0.00000000 0.00000000 0.00000000 0.00000000 0.00000000 0.00000000 0.00000000 1.00000000 0.00000000 0.00000000 0.00000000 1.00000000 
1700000012.27360 -0.330306 -0.052267 0.939444 0.074905 -0.000029 0.053324 0.000640 -0.007840 0.011466 -0.025496 0.001706 -0.001054 -0.001185 -0.000957 -0.001851 0.008083 0.0000000 1 418.629359 418.629359 505.740581 286.574774 -0.020453 -0.024926 0.019510 -0.005656 -0.660094 0.642445 -0.268559 0.281810 -0.062419 0.031365 0.062150 0 1.00000000 0.00000000 0.00000000 1.00000000 0.00000000 1.00000000 1.00000000 0.00000000 0.00000000 1.00000000 0.00000000 1.00000000 0.00000000 0.00000000 0.00000000 0.00000000 0.00000000 0.00000000 0.00000000 0.00000000 0.00000000 0.00000000 0.00000000 0.00000000 1.00000000 0.00000000 0.00000000 0.00000000 1.00000000 
1700000012.30751 -0.330423 -0.054216 0.939324 0.074508 -0.000173 0.053966 0.000494 -0.000628 0.005090 -0.014605 0.002148 -0.000823 -0.001476 -0.000461 -0.001854 0.007675 0.0000000 1 418.629359 418.629359 505.740581 286.574774 -0.020453 -0.024926 0.019510 -0.005656 -0.660094 0.642445 -0.268559 0.281810 -0.062419 0.031365 0.062150 0 1.00000000 0.00000000 0.00000000 1.00000000 0.00000000 1.00000000 1.00000000 0.00000000 0.00000000 1.00000000 0.00000000 1.00000000 0.00000000 0.00000000 0.00000000 0.00000000 0.00000000 0.00000000 0.00000000 0.00000000 0.00000000 0.00000000 0.00000000 0.00000000 1.00000000 0.00000000 0.00000000 0.00000000 1.00000000 
1700000012.34141 -0.328979 -0.056637 0.939761 0.073578 -0.000250 0.054161 0.000397 0.001043 -0.002149 -0.004055 0.002304 -0.000479 -0.001679 0.000005 -0.001908 0.007373 0.0000000 1 418.629359 418.629359 505.740581 286.574774 -0.020453 -0.024926 0.019510 -0.005656 -0.660094 0.642445 -0.268559 0.281810 -0.062419 0.031365 0.062150 0 1.00000000 0.00000000 0.00000000 1.00000000 0.00000000 1.00000000 1.00000000 0.00000000 0.00000000 1.00000000 0.00000000 1.00000000 0.00000000 0.00000000 0.00000000 0.00000000 0.00000000 0.00000000 0.00000000 0.00000000 0.00000000 0.00000000 0.00000000 0.00000000 1.00000000 0.00000000 0.00000000 0.00000000 1.00000000 
1700000012.37532 -0.327219 -0.059744 0.940232 0.072959 -0.000077 0.053924 0.000952 0.001459 -0.009892 0.003556 0.002537 -0.000400 -0.001556 0.000301 -0.001901 0.007136 0.0000000 1 418.629359 418.629359 505.740581 286.574774 -0.020453 -0.024926 0.019510 -0.005656 -0.660094 0.642445 -0.268559 0.281810 -0.062419 0.031365 0.062150 0 1.00000000 0.00000000 0.00000000 1.00000000 0.00000000 1.00000000 1.00000000 0.00000000 0.00000000 1.00000000 0.00000000 1.00000000 0.00000000 0.00000000 0.00000000 0.00000000 0.00000000 0.00000000 0.00000000 0.00000000 0.00000000 0.00000000 0.00000000 0.00000000 1.00000000 0.00000000 0.00000000 0.00000000 1.00000000 
1700000012.40922 -0.325259 -0.062469 0.940817 0.071889 -0.000231 0.053618 0.001176 0.001340 -0.013164 0.007088 0.002578 -0.000409 -0.001697 0.000435 -0.001876 0.007052 0.0000000 1 418.629359 418.629359 505.740581 286.574774 -0.020453 -0.024926 0.019510 -0.005656 -0.660094 0.642445 -0.268559 0.281810 -0.062419 0.031365 0.062150 0 1.00000000 0.00000000 0.00000000 1.00000000 0.00000000 1.00000000 1.00000000 0.00000000 0.00000000 1.00000000 0.00000000 1.00000000 0.00000000 0.00000000 0.00000000 0.00000000 0.00000000 0.00000000 0.00000000 0.00000000 0.00000000 0.00000000 0.00000000 0.00000000 1.00000000 0.00000000 0.00000000 0.00000000 1.00000000 
1700000012.44313 -0.323116 -0.064692 0.941449 0.071315 0.000013 0.053194 0.001296 0.002564 -0.015555 0.009733 0.002359 -0.000194 -0.001621 0.000402 -0.001845 0.007089 0.0000000 1 418.629359 418.629359 505.740581 286.574774 -0.020453 -0.024926 0.019510 -0.005656 -0.660094 0.642445 -0.268559 0.281810 -0.062419 0.031365 0.062150 0 1.00000000 0.00000000 0.00000000 1.00000000 0.00000000 1.00000000 1.00000000 0.00000000 0.00000000 1.00000000 0.00000000 1.00000000 0.00000000 0.00000000 0.00000000 0.00000000 0.00000000 0.00000000 0.00000000 0.00000000 0.00000000 0.00000000 0.00000000 0.00000000 1.00000000 0.00000000 0.00000000 0.00000000 1.00000000 
1700000012.47703 -0.321388 -0.066641 0.941937 0.070882 -0.000077 0.052702 0.001650 0.000579 -0.017688 0.011556 0.002212 -0.000294 -0.001604 0.000382 -0.001875 0.007076 0.0000000 1 418.629359 418.629359 505.740581 286.574774 -0.020453 -0.024926 0.019510 -0.005656 -0.660094 0.642445 -0.268559 0.281810 -0.062419 0.031365 0.062150 0 1.00000000 0.00000000 0.00000000 1.00000000 0.00000000 1.00000000 1.00000000 0.00000000 0.00000000 1.00000000 0.00000000 1.00000000 0.00000000 0.00000000 0.00000000 0.00000000 0.00000000 0.00000000 0.00000000 0.00000000 0.00000000 0.00000000 0.00000000 0.00000000 1.00000000 0.00000000 0.00000000 0.00000000 1.00000000 
1700000012.51094 -0.318721 -0.068165 0.942778 0.070287 0.000166 0.052157 0.002210 0.007741 -0.019044 0.017875 0.002060 -0.000192 -0.001646 0.000541 -0.001823 0.006983 0.0000000 1 418.629359 418.629359 505.740581 286.574774 -0.020453 -0.024926 0.019510 -0.005656 -0.660094 0.642445 -0.268559 0.281810 -0.062419 0.031365 0.062150 0 1.00000000 0.00000000 0.00000000 1.00000000 0.00000000 1.00000000 1.00000000 0.00000000 0.00000000 1.00000000 0.00000000 1.00000000 0.00000000 0.00000000 0.00000000 0.00000000 0.00000000 0.00000000 0.00000000 0.00000000 0.00000000 0.00000000 0.00000000 0.00000000 1.00000000 0.00000000 0.00000000 0.00000000 1.00000000 
1700000012.54484 -0.315518 -0.069779 0.943823 0.069118 0.000722 0.051632 0.002682 0.014764 -0.019639 0.016635 0.001981 0.000072 -0.001726 0.000382 -0.001770 0.007057 0.0000000 1 418.629359 418.629359 505.740581 286.574774 -0.020453 -0.024926 0.019510 -0.005656 -0.660094 0.642445 -0.268559 0.281810 -0.062419 0.031365 0.062150 0 1.00000000 0.00000000 0.00000000 1.00000000 0.00000000 1.00000000 1.00000000 0.00000000 0.00000000 1.00000000 0.00000000 1.00000000 0.00000000 0.00000000 0.00000000 0.00000000 0.00000000 0.00000000 0.00000000 0.00000000 0.00000000 0.00000000 0.00000000 0.00000000 1.00000000 0.00000000 0.00000000 0.00000000 1.00000000 
1700000012.57875 -0.312417 -0.072053 0.944793 0.067604 0.001255 0.051029 0.003000 0.015833 -0.019510 0.011622 0.001995 0.000323 -0.001736 0.000130 -0.001774 0.007184 0.0000000 1 418.629359 418.629359 505.740581 286.574774 -0.020453 -0.024926 0.019510 -0.005656 -0.660094 0.642445 -0.268559 0.281810 -0.062419 0.031365 0.062150 0 1.00000000 0.00000000 0.00000000 1.00000000 0.00000000 1.00000000 1.00000000 0.00000000 0.00000000 1.00000000 0.00000000 1.00000000 0.00000000 0.00000000 0.00000000 0.00000000 0.00000000 0.00000000 0.00000000 0.00000000 0.00000000 0.00000000 0.00000000 0.00000000 1.00000000 0.00000000 0.00000000 0.00000000 1.00000000 
1700000012.61265 -0.309254 -0.074765 0.945720 0.066229 0.001542 0.050380 0.003383 0.012275 -0.019317 0.012527 0.001968 0.000532 -0.001734 0.000181 -0.001806 0.007111 0.0000000 1 418.629359 418.629359 505.740581 286.574774 -0.020453 -0.024926 0.019510 -0.005656 -0.660094 0.642445 -0.268559 0.281810 -0.062419 0.031365 0.062150 0 1.00000000 0.00000000 0.00000000 1.00000000 0.00000000 1.00000000 1.00000000 0.00000000 0.00000000 1.00000000 0.00000000 1.00000000 0.00000000 0.00000000 0.00000000 0.00000000 0.00000000 0.00000000 0.00000000 0.00000000 0.00000000 0.00000000 0.00000000 0.00000000 1.00000000 0.00000000 0.00000000 0.00000000 1.00000000 
1700000012.64656 -0.305260 -0.077730 0.946867 0.064943 0.001796 0.049768 0.003528 0.008533 -0.019639 0.007399 0.002002 0.000856 -0.001732 -0.000058 -0.001830 0.007263 0.0000000 1 418.629359 418.629359 505.740581 286.574774 -0.020453 -0.024926 0.019510 -0.005656 -0.660094 0.642445 -0.268559 0.281810 -0.062419 0.031365 0.062150 0 1.00000000 0.00000000 0.00000000 1.00000000 0.00000000 1.00000000 1.00000000 0.00000000 0.00000000 1.00000000 0.00000000 1.00000000 0.00000000 0.00000000 0.00000000 0.00000000 0.00000000 0.00000000 0.00000000 0.00000000 0.00000000 0.00000000 0.00000000 0.00000000 1.00000000 0.00000000 0.00000000 0.00000000 1.00000000 
1700000012.68046 -0.301328 -0.081320 0.947884 0.064072 0.002098 0.049258 0.003725 0.009400 -0.017919 0.005072 0.001968 0.001029 -0.001749 0.000072 -0.001778 0.007179 0.0000000 1 418.629359 418.629359 505.740581 286.574774 -0.020453 -0.024926 0.019510 -0.005656 -0.660094 0.642445 -0.268559 0.281810 -0.062419 0.031365 0.062150 0 1.00000000 0.00000000 0.00000000 1.00000000 0.00000000 1.00000000 1.00000000 0.00000000 0.00000000 1.00000000 0.00000000 1.00000000 0.00000000 0.00000000 0.00000000 0.00000000 0.00000000 0.00000000 0.00000000 0.00000000 0.00000000 0.00000000 0.00000000 0.00000000 1.00000000 0.00000000 0.00000000 0.00000000 1.00000000 
1700000012.71437 -0.297640 -0.084097 0.948890 0.062812 0.002485 0.048377 0.004802 0.013032 -0.018790 0.026103 0.001699 0.000849 -0.001690 0.001033 -0.001642 0.006555 0.0000000 1 418.629359 418.629359 505.740581 286.574774 -0.020453 -0.024926 0.019510 -0.005656 -0.660094 0.642445 -0.268559 0.281810 -0.062419 0.031365 0.062150 0 1.00000000 0.00000000 0.00000000 1.00000000 0.00000000 1.00000000 1.00000000 0.00000000 0.00000000 1.00000000 0.00000000 1.00000000 0.00000000 0.00000000 0.00000000 0.00000000 0.00000000 0.00000000 0.00000000 0.00000000 0.00000000 0.00000000 0.00000000 0.00000000 1.00000000 0.00000000 0.00000000 0.00000000 1.00000000 
1700000012.74827 -0.293999 -0.084955 0.950042 0.061380 0.002808 0.047562 0.005941 0.007978 -0.018224 0.035033 0.001424 0.000611 -0.001389 0.001076 -0.001622 0.006562 0.0000000 1 418.629359 418.629359 505.740581 286.574774 -0.020453 -0.024926 0.019510 -0.005656 -0.660094 0.642445 -0.268559 0.281810 -0.062419 0.031365 0.062150 0 1.00000000 0.00000000 0.00000000 1.00000000 0.00000000 1.00000000 1.00000000 0.00000000 0.00000000 1.00000000 0.00000000 1.00000000 0.00000000 0.00000000 0.00000000 0.00000000 0.00000000 0.00000000 0.00000000 0.00000000 0.00000000 0.00000000 0.00000000 0.00000000 1.00000000 0.00000000 0.00000000 0.00000000 1.00000000 
1700000012.78218 -0.290170 -0.085418 0.951227 0.060597 0.002730 0.047032 0.007059 -0.000929 -0.012243 0.034652 0.001274 0.000457 -0.001033 0.000856 -0.001647 0.006708 0.0000000 1 418.629359 418.629359 505.740581 286.574774 -0.020453 -0.024926 0.019510 -0.005656 -0.660094 0.642445 -0.268559 0.281810 -0.062419 0.031365 0.062150 0 1.00000000 0.00000000 0.00000000 1.00000000 0.00000000 1.00000000 1.00000000 0.00000000 0.00000000 1.00000000 0.00000000 1.00000000 0.00000000 0.00000000 0.00000000 0.00000000 0.00000000 0.00000000 0.00000000 0.00000000 0.00000000 0.00000000 0.00000000 0.00000000 1.00000000 0.00000000 0.00000000 0.00000000 1.00000000 
1700000012.81608 -0.285387 -0.085873 0.952632 0.060598 0.002440 0.046769 0.008270 -0.007478 -0.006099 0.036359 0.001213 0.000380 -0.000782 0.000780 -0.001637 0.006719 0.0000000 1 418.629359 418.629359 505.740581 286.574774 -0.020453 -0.024926 0.019510 -0.005656 -0.660094 0.642445 -0.268559 0.281810 -0.062419 0.031365 0.062150 0 1.00000000 0.00000000 0.00000000 1.00000000 0.00000000 1.00000000 1.00000000 0.00000000 0.00000000 1.00000000 0.00000000 1.00000000 0.00000000 0.00000000 0.00000000 0.00000000 0.00000000 0.00000000 0.00000000 0.00000000 0.00000000 0.00000000 0.00000000 0.00000000 1.00000000 0.00000000 0.00000000 0.00000000 1.00000000 
1700000012.84999 -0.279701 -0.086458 0.954250 0.060820 0.002193 0.046549 0.009929 -0.006552 -0.003974 0.044913 0.001313 0.000302 -0.000626 0.001035 -0.001571 0.006476 0.0000000 1 418.629359 418.629359 505.740581 286.574774 -0.020453 -0.024926 0.019510 -0.005656 -0.660094 0.642445 -0.268559 0.281810 -0.062419 0.031365 0.062150 0 1.00000000 0.00000000 0.00000000 1.00000000 0.00000000 1.00000000 1.00000000 0.00000000 0.00000000 1.00000000 0.00000000 1.00000000 0.00000000 0.00000000 0.00000000 0.00000000 0.00000000 0.00000000 0.00000000 0.00000000 0.00000000 0.00000000 0.00000000 0.00000000 1.00000000 0.00000000 0.00000000 0.00000000 1.00000000 
1700000012.88389 -0.273647 -0.086378 0.956009 0.060846 0.002315 0.046363 0.011963 -0.000044 -0.004338 0.055978 0.001266 0.000210 -0.000541 0.001328 -0.001495 0.006183 0.0000000 1 418.629359 418.629359 505.740581 286.574774 -0.020453 -0.024926 0.019510 -0.005656 -0.660094 0.642445 -0.268559 0.281810 -0.062419 0.031365 0.062150 0 1.00000000 0.00000000 0.00000000 1.00000000 0.00000000 1.00000000 1.00000000 0.00000000 0.00000000 1.00000000 0.00000000 1.00000000 0.00000000 0.00000000 0.00000000 0.00000000 0.00000000 0.00000000 0.00000000 0.00000000 0.00000000 0.00000000 0.00000000 0.00000000 1.00000000 0.00000000 0.00000000 0.00000000 1.00000000 
1700000012.91780 -0.267638 -0.085878 0.957828 0.059664 0.002605 0.046380 0.013749 0.006164 -0.003820 0.053206 0.001364 0.000263 -0.000772 0.001137 -0.001512 0.006351 0.0000000 1 418.629359 418.629359 505.740581 286.574774 -0.020453 -0.024926 0.019510 -0.005656 -0.660094 0.642445 -0.268559 0.281810 -0.062419 0.031365 0.062150 0 1.00000000 0.00000000 0.00000000 1.00000000 0.00000000 1.00000000 1.00000000 0.00000000 0.00000000 1.00000000 0.00000000 1.00000000 0.00000000 0.00000000 0.00000000 0.00000000 0.00000000 0.00000000 0.00000000 0.00000000 0.00000000 0.00000000 0.00000000 0.00000000 1.00000000 0.00000000 0.00000000 0.00000000 1.00000000 
1700000012.95170 -0.262011 -0.086046 0.959417 0.058862 0.003190 0.046307 0.014972 0.005654 -0.001658 0.037811 0.001416 0.000582 -0.000406 0.000602 -0.001605 0.006886 0.0000000 1 418.629359 418.629359 505.740581 286.574774 -0.020453 -0.024926 0.019510 -0.005656 -0.660094 0.642445 -0.268559 0.281810 -0.062419 0.031365 0.062150 0 1.00000000 0.00000000 0.00000000 1.00000000 0.00000000 1.00000000 1.00000000 0.00000000 0.00000000 1.00000000 0.00000000 1.00000000 0.00000000 0.00000000 0.00000000 0.00000000 0.00000000 0.00000000 0.00000000 0.00000000 0.00000000 0.00000000 0.00000000 0.00000000 1.00000000 0.00000000 0.00000000 0.00000000 1.00000000 
1700000012.98561 -0.256924 -0.087227 0.960710 0.058457 0.003363 0.046447 0.015844 0.002184 0.000776 0.025719 0.001436 0.000705 -0.000373 0.000316 -0.001659 0.007181 0.0000000 1 418.629359 418.629359 505.740581 286.574774 -0.020453 -0.024926 0.019510 -0.005656 -0.660094 0.642445 -0.268559 0.281810 -0.062419 0.031365 0.062150 0 1.00000000 0.00000000 0.00000000 1.00000000 0.00000000 1.00000000 1.00000000 0.00000000 0.00000000 1.00000000 0.00000000 1.00000000 0.00000000 0.00000000 0.00000000 0.00000000 0.00000000 0.00000000 0.00000000 0.00000000 0.00000000 0.00000000 0.00000000 0.00000000 1.00000000 0.00000000 0.00000000 0.00000000 1.00000000 
1700000013.01951 -0.252672 -0.088236 0.961761 0.058199 0.003338 0.046288 0.017145 0.000806 -0.001163 0.034431 0.001278 0.000538 -0.000361 0.000560 -0.001608 0.006869 0.0000000 1 418.629359 418.629359 505.740581 286.574774 -0.020453 -0.024926 0.019510 -0.005656 -0.660094 0.642445 -0.268559 0.281810 -0.062419 0.031365 0.062150 0 1.00000000 0.00000000 0.00000000 1.00000000 0.00000000 1.00000000 1.00000000 0.00000000 0.00000000 1.00000000 0.00000000 1.00000000 0.00000000 0.00000000 0.00000000 0.00000000 0.00000000 0.00000000 0.00000000 0.00000000 0.00000000 0.00000000 0.00000000 0.00000000 1.00000000 0.00000000 0.00000000 0.00000000 1.00000000 
1700000013.05342 -0.248317 -0.088061 0.962906 0.058279 0.003437 0.046092 0.018659 -0.000357 -0.003178 0.041636 0.001067 0.000329 -0.000097 0.000674 -0.001587 0.006693 0.0000000 1 418.629359 418.629359 505.740581 286.574774 -0.020453 -0.024926 0.019510 -0.005656 -0.660094 0.642445 -0.268559 0.281810 -0.062419 0.031365 0.062150 0 1.00000000 0.00000000 0.00000000 1.00000000 0.00000000 1.00000000 1.00000000 0.00000000 0.00000000 1.00000000 0.00000000 1.00000000 0.00000000 0.00000000 0.00000000 0.00000000 0.00000000 0.00000000 0.00000000 0.00000000 0.00000000 0.00000000 0.00000000 0.00000000 1.00000000 0.00000000 0.00000000 0.00000000 1.00000000 
1700000013.08732 -0.244359 -0.087306 0.963949 0.058904 0.003419 0.046247 0.020066 -0.002838 0.002643 0.043231 0.000711 0.000052 0.000034 0.000615 -0.001604 0.006818 0.0000000 1 418.629359 418.629359 505.740581 286.574774 -0.020453 -0.024926 0.019510 -0.005656 -0.660094 0.642445 -0.268559 0.281810 -0.062419 0.031365 0.062150 0 1.00000000 0.00000000 0.00000000 1.00000000 0.00000000 1.00000000 1.00000000 0.00000000 0.00000000 1.00000000 0.00000000 1.00000000 0.00000000 0.00000000 0.00000000 0.00000000 0.00000000 0.00000000 0.00000000 0.00000000 0.00000000 0.00000000 0.00000000 0.00000000 1.00000000 0.00000000 0.00000000 0.00000000 1.00000000 
1700000013.12123 -0.240707 -0.086235 0.964919 0.059623 0.003489 0.046353 0.021910 -0.000365 0.002246 0.051812 0.000589 -0.000195 0.000053 0.000782 -0.001574 0.006576 0.0000000 1 418.629359 418.629359 505.740581 286.574774 -0.020453 -0.024926 0.019510 -0.005656 -0.660094 0.642445 -0.268559 0.281810 -0.062419 0.031365 0.062150 0 1.00000000 0.00000000 0.00000000 1.00000000 0.00000000 1.00000000 1.00000000 0.00000000 0.00000000 1.00000000 0.00000000 1.00000000 0.00000000 0.00000000 0.00000000 0.00000000 0.00000000 0.00000000 0.00000000 0.00000000 0.00000000 0.00000000 0.00000000 0.00000000 1.00000000 0.00000000 0.00000000 0.00000000 1.00000000 
1700000013.15513 -0.237688 -0.085094 0.965762 0.059723 0.003381 0.046405 0.023898 0.000574 0.000995 0.054003 0.000801 -0.000534 -0.000047 0.000762 -0.001592 0.006662 0.0000000 1 418.629359 418.629359 505.740581 286.574774 -0.020453 -0.024926 0.019510 -0.005656 -0.660094 0.642445 -0.268559 0.281810 -0.062419 0.031365 0.062150 0 1.00000000 0.00000000 0.00000000 1.00000000 0.00000000 1.00000000 1.00000000 0.00000000 0.00000000 1.00000000 0.00000000 1.00000000 0.00000000 0.00000000 0.00000000 0.00000000 0.00000000 0.00000000 0.00000000 0.00000000 0.00000000 0.00000000 0.00000000 0.00000000 1.00000000 0.00000000 0.00000000 0.00000000 1.00000000 
1700000013.18904 -0.234279 -0.083588 0.966743 0.059444 0.003431 0.046562 0.025790 0.002814 0.000839 0.056690 0.000766 -0.000581 -0.000208 0.000750 -0.001598 0.006669 0.0000000 1 418.629359 418.629359 505.740581 286.574774 -0.020453 -0.024926 0.019510 -0.005656 -0.660094 0.642445 -0.268559 0.281810 -0.062419 0.031365 0.062150 0 1.00000000 0.00000000 0.00000000 1.00000000 0.00000000 1.00000000 1.00000000 0.00000000 0.00000000 1.00000000 0.00000000 1.00000000 0.00000000 0.00000000 0.00000000 0.00000000 0.00000000 0.00000000 0.00000000 0.00000000 0.00000000 0.00000000 0.00000000 0.00000000 1.00000000 0.00000000 0.00000000 0.00000000 1.00000000 
1700000013.22294 -0.230341 -0.082310 0.967854 0.058536 0.003673 0.046741 0.027537 0.006072 0.000154 0.053109 0.000831 -0.000503 -0.000441 0.000631 -0.001637 0.006888 0.0000000 1 418.629359 418.629359 505.740581 286.574774 -0.020453 -0.024926 0.019510 -0.005656 -0.660094 0.642445 -0.268559 0.281810 -0.062419 0.031365 0.062150 0 1.00000000 0.00000000 0.00000000 1.00000000 0.00000000 1.00000000 1.00000000 0.00000000 0.00000000 1.00000000 0.00000000 1.00000000 0.00000000 0.00000000 0.00000000 0.00000000 0.00000000 0.00000000 0.00000000 0.00000000 0.00000000 0.00000000 0.00000000 0.00000000 1.00000000 0.00000000 0.00000000 0.00000000 1.00000000 
1700000013.25685 -0.226591 -0.081884 0.968855 0.057197 0.003955 0.046917 0.028894 0.004663 -0.001568 0.042197 0.000983 -0.000321 -0.000676 0.000427 -0.001695 0.007283 0.0000000 1 418.629359 418.629359 505.740581 286.574774 -0.020453 -0.024926 0.019510 -0.005656 -0.660094 0.642445 -0.268559 0.281810 -0.062419 0.031365 0.062150 0 1.00000000 0.00000000 0.00000000 1.00000000 0.00000000 1.00000000 1.00000000 0.00000000 0.00000000 1.00000000 0.00000000 1.00000000 0.00000000 0.00000000 0.00000000 0.00000000 0.00000000 0.00000000 0.00000000 0.00000000 0.00000000 0.00000000 0.00000000 0.00000000 1.00000000 0.00000000 0.00000000 0.00000000 1.00000000 
1700000013.29075 -0.223517 -0.082353 0.969611 0.055794 0.004069 0.046940 0.029741 0.000055 -0.004208 0.026498 0.001122 -0.000118 -0.000830 0.000197 -0.001756 0.007735 0.0000000 1 418.629359 418.629359 505.740581 286.574774 -0.020453 -0.024926 0.019510 -0.005656 -0.660094 0.642445 -0.268559 0.281810 -0.062419 0.031365 0.062150 0 1.00000000 0.00000000 0.00000000 1.00000000 0.00000000 1.00000000 1.00000000 0.00000000 0.00000000 1.00000000 0.00000000 1.00000000 0.00000000 0.00000000 0.00000000 0.00000000 0.00000000 0.00000000 0.00000000 0.00000000 0.00000000 0.00000000 0.00000000 0.00000000 1.00000000 0.00000000 0.00000000 0.00000000 1.00000000 
1700000013.32466 -0.220909 -0.083454 0.970177 0.054684 0.004063 0.046800 0.030416 -0.002996 -0.005701 0.018296 0.001145 0.000036 -0.000931 0.000170 -0.001775 0.007775 0.0000000 1 418.629359 418.629359 505.740581 286.574774 -0.020453 -0.024926 0.019510 -0.005656 -0.660094 0.642445 -0.268559 0.281810 -0.062419 0.031365 0.062150 0 1.00000000 0.00000000 0.00000000 1.00000000 0.00000000 1.00000000 1.00000000 0.00000000 0.00000000 1.00000000 0.00000000 1.00000000 0.00000000 0.00000000 0.00000000 0.00000000 0.00000000 0.00000000 0.00000000 0.00000000 0.00000000 0.00000000 0.00000000 0.00000000 1.00000000 0.00000000 0.00000000 0.00000000 1.00000000 
1700000013.35856 -0.218702 -0.084309 0.970659 0.053686 0.004093 0.046338 0.031471 0.000222 -0.008799 0.027720 0.000957 -0.000101 -0.000885 0.000366 -0.001741 0.007251 0.0000000 1 418.629359 418.629359 505.740581 286.574774 -0.020453 -0.024926 0.019510 -0.005656 -0.660094 0.642445 -0.268559 0.281810 -0.062419 0.031365 0.062150 0 1.00000000 0.00000000 0.00000000 1.00000000 0.00000000 1.00000000 1.00000000 0.00000000 0.00000000 1.00000000 0.00000000 1.00000000 0.00000000 0.00000000 0.00000000 0.00000000 0.00000000 0.00000000 0.00000000 0.00000000 0.00000000 0.00000000 0.00000000 0.00000000 1.00000000 0.00000000 0.00000000 0.00000000 1.00000000 
1700000013.39247 -0.215963 -0.083837 0.971397 0.052152 0.004118 0.045919 0.032773 -0.001317 -0.010411 0.037403 0.000774 -0.000091 -0.000871 0.000459 -0.001710 0.006886 0.0000000 1 418.629359 418.629359 505.740581 286.574774 -0.020453 -0.024926 0.019510 -0.005656 -0.660094 0.642445 -0.268559 0.281810 -0.062419 0.031365 0.062150 0 1.00000000 0.00000000 0.00000000 1.00000000 0.00000000 1.00000000 1.00000000 0.00000000 0.00000000 1.00000000 0.00000000 1.00000000 0.00000000 0.00000000 0.00000000 0.00000000 0.00000000 0.00000000 0.00000000 0.00000000 0.00000000 0.00000000 0.00000000 0.00000000 1.00000000 0.00000000 0.00000000 0.00000000 1.00000000 
1700000013.42637 -0.214024 -0.083634 0.971891 0.051261 0.004031 0.045746 0.033685 -0.004752 -0.006156 0.027369 0.000822 -0.000202 -0.000647 0.000346 -0.001757 0.007358 0.0000000 1 418.629359 418.629359 505.740581 286.574774 -0.020453 -0.024926 0.019510 -0.005656 -0.660094 0.642445 -0.268559 0.281810 -0.062419 0.031365 0.062150 0 1.00000000 0.00000000 0.00000000 1.00000000 0.00000000 1.00000000 1.00000000 0.00000000 0.00000000 1.00000000 0.00000000 1.00000000 0.00000000 0.00000000 0.00000000 0.00000000 0.00000000 0.00000000 0.00000000 0.00000000 0.00000000 0.00000000 0.00000000 0.00000000 1.00000000 0.00000000 0.00000000 0.00000000 1.00000000 
1700000013.46028 -0.211001 -0.083381 0.972592 0.050893 0.003479 0.045389 0.034961 -0.010489 -0.008432 0.037530 0.000630 -0.000067 -0.000495 0.000395 -0.001678 0.007114 0.0000000 1 418.629359 418.629359 505.740581 286.574774 -0.020453 -0.024926 0.019510 -0.005656 -0.660094 0.642445 -0.268559 0.281810 -0.062419 0.031365 0.062150 0 1.00000000 0.00000000 0.00000000 1.00000000 0.00000000 1.00000000 1.00000000 0.00000000 0.00000000 1.00000000 0.00000000 1.00000000 0.00000000 0.00000000 0.00000000 0.00000000 0.00000000 0.00000000 0.00000000 0.00000000 0.00000000 0.00000000 0.00000000 0.00000000 1.00000000 0.00000000 0.00000000 0.00000000 1.00000000 
1700000013.49418 -0.206819 -0.083304 0.973496 0.050916 0.003305 0.045818 0.035473 -0.011751 -0.000790 0.018250 0.000769 0.000256 -0.000558 0.000276 -0.001774 0.007927 0.0000000 1 418.629359 418.629359 505.740581 286.574774 -0.020453 -0.024926 0.019510 -0.005656 -0.660094 0.642445 -0.268559 0.281810 -0.062419 0.031365 0.062150 0 1.00000000 0.00000000 0.00000000 1.00000000 0.00000000 1.00000000 1.00000000 0.00000000 0.00000000 1.00000000 0.00000000 1.00000000 0.00000000 0.00000000 0.00000000 0.00000000 0.00000000 0.00000000 0.00000000 0.00000000 0.00000000 0.00000000 0.00000000 0.00000000 1.00000000 0.00000000 0.00000000 0.00000000 1.00000000 
1700000013.52809 -0.204266 -0.084959 0.973860 0.051514 0.003300 0.045820 0.035878 -0.005213 -0.002960 0.010097 0.000748 0.000352 -0.000695 0.000319 -0.001833 0.007840 0.0000000 1 418.629359 418.629359 505.740581 286.574774 -0.020453 -0.024926 0.019510 -0.005656 -0.660094 0.642445 -0.268559 0.281810 -0.062419 0.031365 0.062150 0 1.00000000 0.00000000 0.00000000 1.00000000 0.00000000 1.00000000 1.00000000 0.00000000 0.00000000 1.00000000 0.00000000 1.00000000 0.00000000 0.00000000 0.00000000 0.00000000 0.00000000 0.00000000 0.00000000 0.00000000 0.00000000 0.00000000 0.00000000 0.00000000 1.00000000 0.00000000 0.00000000 0.00000000 1.00000000 
1700000013.56199 -0.201970 -0.085934 0.974265 0.051301 0.003471 0.045917 0.036025 -0.002716 -0.003475 0.002708 0.000643 0.000543 -0.000891 0.000353 -0.001882 0.007775 0.0000000 1 418.629359 418.629359 505.740581 286.574774 -0.020453 -0.024926 0.019510 -0.005656 -0.660094 0.642445 -0.268559 0.281810 -0.062419 0.031365 0.062150 0 1.00000000 0.00000000 0.00000000 1.00000000 0.00000000 1.00000000 1.00000000 0.00000000 0.00000000 1.00000000 0.00000000 1.00000000 0.00000000 0.00000000 0.00000000 0.00000000 0.00000000 0.00000000 0.00000000 0.00000000 0.00000000 0.00000000 0.00000000 0.00000000 1.00000000 0.00000000 0.00000000 0.00000000 1.00000000 
1700000013.59590 -0.201358 -0.087511 0.974272 0.050900 0.003664 0.045980 0.035603 -0.000676 -0.002251 -0.014484 0.000652 0.000610 -0.001083 0.000332 -0.001959 0.007969 0.0000000 1 418.629359 418.629359 505.740581 286.574774 -0.020453 -0.024926 0.019510 -0.005656 -0.660094 0.642445 -0.268559 0.281810 -0.062419 0.031365 0.062150 0 1.00000000 0.00000000 0.00000000 1.00000000 0.00000000 1.00000000 1.00000000 0.00000000 0.00000000 1.00000000 0.00000000 1.00000000 0.00000000 0.00000000 0.00000000 0.00000000 0.00000000 0.00000000 0.00000000 0.00000000 0.00000000 0.00000000 0.00000000 0.00000000 1.00000000 0.00000000 0.00000000 0.00000000 1.00000000 
1700000013.62980 -0.202145 -0.089130 0.973987 0.050431 0.003546 0.045831 0.035169 -0.002291 -0.003075 -0.016640 0.000533 0.000491 -0.001176 0.000371 -0.001939 0.007713 0.0000000 1 418.629359 418.629359 505.740581 286.574774 -0.020453 -0.024926 0.019510 -0.005656 -0.660094 0.642445 -0.268559 0.281810 -0.062419 0.031365 0.062150 0 1.00000000 0.00000000 0.00000000 1.00000000 0.00000000 1.00000000 1.00000000 0.00000000 0.00000000 1.00000000 0.00000000 1.00000000 0.00000000 0.00000000 0.00000000 0.00000000 0.00000000 0.00000000 0.00000000 0.00000000 0.00000000 0.00000000 0.00000000 0.00000000 1.00000000 0.00000000 0.00000000 0.00000000 1.00000000 
1700000013.66371 -0.203224 -0.089849 0.973730 0.049771 0.003484 0.045728 0.034630 -0.001369 -0.002168 -0.015817 0.000382 0.000451 -0.001247 0.000371 -0.001933 0.007595 0.0000000 1 418.629359 418.629359 505.740581 286.574774 -0.020453 -0.024926 0.019510 -0.005656 -0.660094 0.642445 -0.268559 0.281810 -0.062419 0.031365 0.062150 0 1.00000000 0.00000000 0.00000000 1.00000000 0.00000000 1.00000000 1.00000000 0.00000000 0.00000000 1.00000000 0.00000000 1.00000000 0.00000000 0.00000000 0.00000000 0.00000000 0.00000000 0.00000000 0.00000000 0.00000000 0.00000000 0.00000000 0.00000000 0.00000000 1.00000000 0.00000000 0.00000000 0.00000000 1.00000000 
1700000013.69761 -0.204918 -0.090925 0.973287 0.049540 0.003120 0.045716 0.033615 -0.009581 -0.000535 -0.026763 0.000418 0.000426 -0.001143 0.000227 -0.001959 0.008115 0.0000000 1 418.629359 418.629359 505.740581 286.574774 -0.020453 -0.024926 0.019510 -0.005656 -0.660094 0.642445 -0.268559 0.281810 -0.062419 0.031365 0.062150 0 1.00000000 0.00000000 0.00000000 1.00000000 0.00000000 1.00000000 1.00000000 0.00000000 0.00000000 1.00000000 0.00000000 1.00000000 0.00000000 0.00000000 0.00000000 0.00000000 0.00000000 0.00000000 0.00000000 0.00000000 0.00000000 0.00000000 0.00000000 0.00000000 1.00000000 0.00000000 0.00000000 0.00000000 1.00000000 
1700000013.73152 -0.206673 -0.092546 0.972707 0.050624 0.002640 0.045970 0.032173 -0.016148 0.004739 -0.038084 0.000438 0.000584 -0.000915 0.000102 -0.001988 0.008639 0.0000000 1 418.629359 418.629359 505.740581 286.574774 -0.020453 -0.024926 0.019510 -0.005656 -0.660094 0.642445 -0.268559 0.281810 -0.062419 0.031365 0.062150 0 1.00000000 0.00000000 0.00000000 1.00000000 0.00000000 1.00000000 1.00000000 0.00000000 0.00000000 1.00000000 0.00000000 1.00000000 0.00000000 0.00000000 0.00000000 0.00000000 0.00000000 0.00000000 0.00000000 0.00000000 0.00000000 0.00000000 0.00000000 0.00000000 1.00000000 0.00000000 0.00000000 0.00000000 1.00000000 
1700000013.76542 -0.208846 -0.095200 0.971887 0.052492 0.002449 0.046144 0.030975 -0.007236 0.007534 -0.038658 0.000500 0.000642 -0.000892 0.000196 -0.002005 0.008402 0.0000000 1 418.629359 418.629359 505.740581 286.574774 -0.020453 -0.024926 0.019510 -0.005656 -0.660094 0.642445 -0.268559 0.281810 -0.062419 0.031365 0.062150 0 1.00000000 0.00000000 0.00000000 1.00000000 0.00000000 1.00000000 1.00000000 0.00000000 0.00000000 1.00000000 0.00000000 1.00000000 0.00000000 0.00000000 0.00000000 0.00000000 0.00000000 0.00000000 0.00000000 0.00000000 0.00000000 0.00000000 0.00000000 0.00000000 1.00000000 0.00000000 0.00000000 0.00000000 1.00000000 
1700000013.79933 -0.210305 -0.097421 0.971303 0.053403 0.002293 0.046257 0.029872 -0.006677 0.006577 -0.033501 0.000586 0.000941 -0.000841 0.000216 -0.001967 0.008209 0.0000000 1 418.629359 418.629359 505.740581 286.574774 -0.020453 -0.024926 0.019510 -0.005656 -0.660094 0.642445 -0.268559 0.281810 -0.062419 0.031365 0.062150 0 1.00000000 0.00000000 0.00000000 1.00000000 0.00000000 1.00000000 1.00000000 0.00000000 0.00000000 1.00000000 0.00000000 1.00000000 0.00000000 0.00000000 0.00000000 0.00000000 0.00000000 0.00000000 0.00000000 0.00000000 0.00000000 0.00000000 0.00000000 0.00000000 1.00000000 0.00000000 0.00000000 0.00000000 1.00000000 
1700000013.83323 -0.212788 -0.100769 0.970322 0.055152 0.002278 0.047296 0.027768 -0.009091 0.017801 -0.063699 0.000869 0.001169 -0.000836 0.000144 -0.002156 0.009135 0.0000000 1 418.629359 418.629359 505.740581 286.574774 -0.020453 -0.024926 0.019510 -0.005656 -0.660094 0.642445 -0.268559 0.281810 -0.062419 0.031365 0.062150 0 1.00000000 0.00000000 0.00000000 1.00000000 0.00000000 1.00000000 1.00000000 0.00000000 0.00000000 1.00000000 0.00000000 1.00000000 0.00000000 0.00000000 0.00000000 0.00000000 0.00000000 0.00000000 0.00000000 0.00000000 0.00000000 0.00000000 0.00000000 0.00000000 1.00000000 0.00000000 0.00000000 0.00000000 1.00000000 
1700000013.86714 -0.216378 -0.106357 0.968864 0.056322 0.002396 0.047643 0.026331 0.009763 0.017594 -0.050297 0.000990 0.001456 -0.001224 0.000450 -0.002015 0.008210 0.0000000 1 418.629359 418.629359 505.740581 286.574774 -0.020453 -0.024926 0.019510 -0.005656 -0.660094 0.642445 -0.268559 0.281810 -0.062419 0.031365 0.062150 0 1.00000000 0.00000000 0.00000000 1.00000000 0.00000000 1.00000000 1.00000000 0.00000000 0.00000000 1.00000000 0.00000000 1.00000000 0.00000000 0.00000000 0.00000000 0.00000000 0.00000000 0.00000000 0.00000000 0.00000000 0.00000000 0.00000000 0.00000000 0.00000000 1.00000000 0.00000000 0.00000000 0.00000000 1.00000000 
1700000013.90104 -0.217986 -0.109809 0.968183 0.055188 0.002766 0.048234 0.024997 0.012269 0.018167 -0.038084 0.001000 0.001819 -0.001497 0.000525 -0.001904 0.007766 0.0000000 1 418.629359 418.629359 505.740581 286.574774 -0.020453 -0.024926 0.019510 -0.005656 -0.660094 0.642445 -0.268559 0.281810 -0.062419 0.031365 0.062150 0 1.00000000 0.00000000 0.00000000 1.00000000 0.00000000 1.00000000 1.00000000 0.00000000 0.00000000 1.00000000 0.00000000 1.00000000 0.00000000 0.00000000 0.00000000 0.00000000 0.00000000 0.00000000 0.00000000 0.00000000 0.00000000 0.00000000 0.00000000 0.00000000 1.00000000 0.00000000 0.00000000 0.00000000 1.00000000 
1700000013.93495 -0.221453 -0.113669 0.967010 0.054115 0.003215 0.048821 0.023818 0.016001 0.019013 -0.034593 0.000973 0.001597 -0.001729 0.000561 -0.001899 0.007612 0.0000000 1 418.629359 418.629359 505.740581 286.574774 -0.020453 -0.024926 0.019510 -0.005656 -0.660094 0.642445 -0.268559 0.281810 -0.062419 0.031365 0.062150 0 1.00000000 0.00000000 0.00000000 1.00000000 0.00000000 1.00000000 1.00000000 0.00000000 0.00000000 1.00000000 0.00000000 1.00000000 0.00000000 0.00000000 0.00000000 0.00000000 0.00000000 0.00000000 0.00000000 0.00000000 0.00000000 0.00000000 0.00000000 0.00000000 1.00000000 0.00000000 0.00000000 0.00000000 1.00000000 
1700000013.96885 -0.225457 -0.116215 0.965902 0.051929 0.003544 0.049187 0.023226 0.017232 0.016518 -0.017331 0.000751 0.001275 -0.001968 0.000663 -0.001747 0.007122 0.0000000 1 418.629359 418.629359 505.740581 286.574774 -0.020453 -0.024926 0.019510 -0.005656 -0.660094 0.642445 -0.268559 0.281810 -0.062419 0.031365 0.062150 0 1.00000000 0.00000000 0.00000000 1.00000000 0.00000000 1.00000000 1.00000000 0.00000000 0.00000000 1.00000000 0.00000000 1.00000000 0.00000000 0.00000000 0.00000000 0.00000000 0.00000000 0.00000000 0.00000000 0.00000000 0.00000000 0.00000000 0.00000000 0.00000000 1.00000000 0.00000000 0.00000000 0.00000000 1.00000000 
1700000014.00276 -0.230139 -0.117567 0.964780 0.049135 0.003898 0.049645 0.022633 0.018389 0.017099 -0.013114 0.000674 0.000818 -0.002201 0.000564 -0.001825 0.007314 0.0000000 1 418.629359 418.629359 505.740581 286.574774 -0.020453 -0.024926 0.019510 -0.005656 -0.660094 0.642445 -0.268559 0.281810 -0.062419 0.031365 0.062150 0 1.00000000 0.00000000 0.00000000 1.00000000 0.00000000 1.00000000 1.00000000 0.00000000 0.00000000 1.00000000 0.00000000 1.00000000 0.00000000 0.00000000 0.00000000 0.00000000 0.00000000 0.00000000 0.00000000 0.00000000 0.00000000 0.00000000 0.00000000 0.00000000 1.00000000 0.00000000 0.00000000 0.00000000 1.00000000 
1700000014.03666 -0.234443 -0.118043 0.963826 0.046285 0.003996 0.050001 0.022095 0.010432 0.016018 -0.011451 0.000494 0.000455 -0.002150 0.000374 -0.001855 0.007592 0.0000000 1 418.629359 418.629359 505.740581 286.574774 -0.020453 -0.024926 0.019510 -0.005656 -0.660094 0.642445 -0.268559 0.281810 -0.062419 0.031365 0.062150 0 1.00000000 0.00000000 0.00000000 1.00000000 0.00000000 1.00000000 1.00000000 0.00000000 0.00000000 1.00000000 0.00000000 1.00000000 0.00000000 0.00000000 0.00000000 0.00000000 0.00000000 0.00000000 0.00000000 0.00000000 0.00000000 0.00000000 0.00000000 0.00000000 1.00000000 0.00000000 0.00000000 0.00000000 1.00000000 
1700000014.07057 -0.238556 -0.118242 0.962894 0.044099 0.004299 0.050792 0.021179 0.009202 0.019672 -0.022810 0.000504 0.000259 -0.002196 0.000148 -0.002087 0.008177 0.0000000 1 418.629359 418.629359 505.740581 286.574774 -0.020453 -0.024926 0.019510 -0.005656 -0.660094 0.642445 -0.268559 0.281810 -0.062419 0.031365 0.062150 0 1.00000000 0.00000000 0.00000000 1.00000000 0.00000000 1.00000000 1.00000000 0.00000000 0.00000000 1.00000000 0.00000000 1.00000000 0.00000000 0.00000000 0.00000000 0.00000000 0.00000000 0.00000000 0.00000000 0.00000000 0.00000000 0.00000000 0.00000000 0.00000000 1.00000000 0.00000000 0.00000000 0.00000000 1.00000000 
1700000014.10447 -0.243230 -0.119354 0.961688 0.041829 0.004647 0.051466 0.019877 0.009474 0.020132 -0.034083 0.000677 0.000299 -0.002198 -0.000123 -0.002286 0.008656 0.0000000 1 418.629359 418.629359 505.740581 286.574774 -0.020453 -0.024926 0.019510 -0.005656 -0.660094 0.642445 -0.268559 0.281810 -0.062419 0.031365 0.062150 0 1.00000000 0.00000000 0.00000000 1.00000000 0.00000000 1.00000000 1.00000000 0.00000000 0.00000000 1.00000000 0.00000000 1.00000000 0.00000000 0.00000000 0.00000000 0.00000000 0.00000000 0.00000000 0.00000000 0.00000000 0.00000000 0.00000000 0.00000000 0.00000000 1.00000000 0.00000000 0.00000000 0.00000000 1.00000000 
1700000014.13838 -0.247600 -0.121269 0.960400 0.040253 0.004880 0.052212 0.018575 0.008351 0.020560 -0.039826 0.000791 0.000306 -0.002144 -0.000130 -0.002285 0.008741 0.0000000 1 418.629359 418.629359 505.740581 286.574774 -0.020453 -0.024926 0.019510 -0.005656 -0.660094 0.642445 -0.268559 0.281810 -0.062419 0.031365 0.062150 0 1.00000000 0.00000000 0.00000000 1.00000000 0.00000000 1.00000000 1.00000000 0.00000000 0.00000000 1.00000000 0.00000000 1.00000000 0.00000000 0.00000000 0.00000000 0.00000000 0.00000000 0.00000000 0.00000000 0.00000000 0.00000000 0.00000000 0.00000000 0.00000000 1.00000000 0.00000000 0.00000000 0.00000000 1.00000000 
1700000014.17228 -0.252291 -0.122557 0.959088 0.038467 0.005298 0.052531 0.018369 0.018732 0.015294 -0.011913 0.000744 -0.000074 -0.002253 0.000310 -0.002011 0.007904 0.0000000 1 418.629359 418.629359 505.740581 286.574774 -0.020453 -0.024926 0.019510 -0.005656 -0.660094 0.642445 -0.268559 0.281810 -0.062419 0.031365 0.062150 0 1.00000000 0.00000000 0.00000000 1.00000000 0.00000000 1.00000000 1.00000000 0.00000000 0.00000000 1.00000000 0.00000000 1.00000000 0.00000000 0.00000000 0.00000000 0.00000000 0.00000000 0.00000000 0.00000000 0.00000000 0.00000000 0.00000000 0.00000000 0.00000000 1.00000000 0.00000000 0.00000000 0.00000000 1.00000000 
1700000014.20619 -0.256342 -0.121704 0.958244 0.035296 0.006067 0.052840 0.018722 0.025851 0.010293 0.007022 0.000676 -0.000452 -0.002403 0.000512 -0.001887 0.007442 0.0000000 1 418.629359 418.629359 505.740581 286.574774 -0.020453 -0.024926 0.019510 -0.005656 -0.660094 0.642445 -0.268559 0.281810 -0.062419 0.031365 0.062150 0 1.00000000 0.00000000 0.00000000 1.00000000 0.00000000 1.00000000 1.00000000 0.00000000 0.00000000 1.00000000 0.00000000 1.00000000 0.00000000 0.00000000 0.00000000 0.00000000 0.00000000 0.00000000 0.00000000 0.00000000 0.00000000 0.00000000 0.00000000 0.00000000 1.00000000 0.00000000 0.00000000 0.00000000 1.00000000 
1700000014.24009 -0.261162 -0.120349 0.957239 0.031697 0.006919 0.053212 0.018810 0.024616 0.009358 0.003237 0.000714 -0.000835 -0.002520 0.000365 -0.002086 0.007755 0.0000000 1 418.629359 418.629359 505.740581 286.574774 -0.020453 -0.024926 0.019510 -0.005656 -0.660094 0.642445 -0.268559 0.281810 -0.062419 0.031365 0.062150 0 1.00000000 0.00000000 0.00000000 1.00000000 0.00000000 1.00000000 1.00000000 0.00000000 0.00000000 1.00000000 0.00000000 1.00000000 0.00000000 0.00000000 0.00000000 0.00000000 0.00000000 0.00000000 0.00000000 0.00000000 0.00000000 0.00000000 0.00000000 0.00000000 1.00000000 0.00000000 0.00000000 0.00000000 1.00000000 
1700000014.27400 -0.266977 -0.119000 0.955907 0.028364 0.007358 0.053409 0.018449 0.013326 0.006731 -0.009373 0.000803 -0.001070 -0.002473 0.000005 -0.002242 0.008226 0.0000000 1 418.629359 418.629359 505.740581 286.574774 -0.020453 -0.024926 0.019510 -0.005656 -0.660094 0.642445 -0.268559 0.281810 -0.062419 0.031365 0.062150 0 1.00000000 0.00000000 0.00000000 1.00000000 0.00000000 1.00000000 1.00000000 0.00000000 0.00000000 1.00000000 0.00000000 1.00000000 0.00000000 0.00000000 0.00000000 0.00000000 0.00000000 0.00000000 0.00000000 0.00000000 0.00000000 0.00000000 0.00000000 0.00000000 1.00000000 0.00000000 0.00000000 0.00000000 1.00000000 
1700000014.30790 -0.271940 -0.118009 0.954712 0.025458 0.007611 0.053528 0.017841 0.007359 0.005427 -0.019554 0.000939 -0.001101 -0.002390 -0.000173 -0.002293 0.008439 0.0000000 1 418.629359 418.629359 505.740581 286.574774 -0.020453 -0.024926 0.019510 -0.005656 -0.660094 0.642445 -0.268559 0.281810 -0.062419 0.031365 0.062150 0 1.00000000 0.00000000 0.00000000 1.00000000 0.00000000 1.00000000 1.00000000 0.00000000 0.00000000 1.00000000 0.00000000 1.00000000 0.00000000 0.00000000 0.00000000 0.00000000 0.00000000 0.00000000 0.00000000 0.00000000 0.00000000 0.00000000 0.00000000 0.00000000 1.00000000 0.00000000 0.00000000 0.00000000 1.00000000 
1700000014.34181 -0.274991 -0.117729 0.953940 0.022748 0.007695 0.053529 0.016820 -0.000077 0.003019 -0.031377 0.001161 -0.000802 -0.002097 -0.000372 -0.002255 0.008647 0.0000000 1 418.629359 418.629359 505.740581 286.574774 -0.020453 -0.024926 0.019510 -0.005656 -0.660094 0.642445 -0.268559 0.281810 -0.062419 0.031365 0.062150 0 1.00000000 0.00000000 0.00000000 1.00000000 0.00000000 1.00000000 1.00000000 0.00000000 0.00000000 1.00000000 0.00000000 1.00000000 0.00000000 0.00000000 0.00000000 0.00000000 0.00000000 0.00000000 0.00000000 0.00000000 0.00000000 0.00000000 0.00000000 0.00000000 1.00000000 0.00000000 0.00000000 0.00000000 1.00000000 
1700000014.37571 -0.276802 -0.118773 0.953312 0.021676 0.007620 0.053463 0.015615 -0.006996 -0.000082 -0.039061 0.001298 -0.000575 -0.001694 -0.000356 -0.002177 0.008712 0.0000000 1 418.629359 418.629359 505.740581 286.574774 -0.020453 -0.024926 0.019510 -0.005656 -0.660094 0.642445 -0.268559 0.281810 -0.062419 0.031365 0.062150 0 1.00000000 0.00000000 0.00000000 1.00000000 0.00000000 1.00000000 1.00000000 0.00000000 0.00000000 1.00000000 0.00000000 1.00000000 0.00000000 0.00000000 0.00000000 0.00000000 0.00000000 0.00000000 0.00000000 0.00000000 0.00000000 0.00000000 0.00000000 0.00000000 1.00000000 0.00000000 0.00000000 0.00000000 1.00000000 
1700000014.40962 -0.277935 -0.119617 0.952892 0.020980 0.007568 0.053303 0.015186 -0.004030 -0.001945 -0.022456 0.001281 -0.000588 -0.001498 0.000347 -0.001948 0.008073 0.0000000 1 418.629359 418.629359 505.740581 286.574774 -0.020453 -0.024926 0.019510 -0.005656 -0.660094 0.642445 -0.268559 0.281810 -0.062419 0.031365 0.062150 0 1.00000000 0.00000000 0.00000000 1.00000000 0.00000000 1.00000000 1.00000000 0.00000000 0.00000000 1.00000000 0.00000000 1.00000000 0.00000000 0.00000000 0.00000000 0.00000000 0.00000000 0.00000000 0.00000000 0.00000000 0.00000000 0.00000000 0.00000000 0.00000000 1.00000000 0.00000000 0.00000000 0.00000000 1.00000000 
1700000014.44352 -0.279495 -0.118933 0.952546 0.019865 0.007768 0.053159 0.015006 -0.001517 -0.003347 -0.010078 0.001222 -0.000737 -0.001315 0.000684 -0.001955 0.007775 0.0000000 1 418.629359 418.629359 505.740581 286.574774 -0.020453 -0.024926 0.019510 -0.005656 -0.660094 0.642445 -0.268559 0.281810 -0.062419 0.031365 0.062150 0 1.00000000 0.00000000 0.00000000 1.00000000 0.00000000 1.00000000 1.00000000 0.00000000 0.00000000 1.00000000 0.00000000 1.00000000 0.00000000 0.00000000 0.00000000 0.00000000 0.00000000 0.00000000 0.00000000 0.00000000 0.00000000 0.00000000 0.00000000 0.00000000 1.00000000 0.00000000 0.00000000 0.00000000 1.00000000 
1700000014.47743 -0.282081 -0.117923 0.951922 0.019228 0.007917 0.053142 0.014721 0.000502 -0.002084 -0.010486 0.001225 -0.000865 -0.001113 0.000765 -0.002053 0.007850 0.0000000 1 418.629359 418.629359 505.740581 286.574774 -0.020453 -0.024926 0.019510 -0.005656 -0.660094 0.642445 -0.268559 0.281810 -0.062419 0.031365 0.062150 0 1.00000000 0.00000000 0.00000000 1.00000000 0.00000000 1.00000000 1.00000000 0.00000000 0.00000000 1.00000000 0.00000000 1.00000000 0.00000000 0.00000000 0.00000000 0.00000000 0.00000000 0.00000000 0.00000000 0.00000000 0.00000000 0.00000000 0.00000000 0.00000000 1.00000000 0.00000000 0.00000000 0.00000000 1.00000000 
1700000014.51133 -0.284435 -0.116915 0.951356 0.018672 0.008022 0.053103 0.014503 0.004946 -0.002555 -0.008000 0.001252 -0.000935 -0.000990 0.000858 -0.002042 0.007846 0.0000000 1 418.629359 418.629359 505.740581 286.574774 -0.020453 -0.024926 0.019510 -0.005656 -0.660094 0.642445 -0.268559 0.281810 -0.062419 0.031365 0.062150 0 1.00000000 0.00000000 0.00000000 1.00000000 0.00000000 1.00000000 1.00000000 0.00000000 0.00000000 1.00000000 0.00000000 1.00000000 0.00000000 0.00000000 0.00000000 0.00000000 0.00000000 0.00000000 0.00000000 0.00000000 0.00000000 0.00000000 0.00000000 0.00000000 1.00000000 0.00000000 0.00000000 0.00000000 1.00000000 
1700000014.54524 -0.285490 -0.116383 0.951123 0.017777 0.008474 0.053225 0.013911 0.012067 -0.001408 -0.014906 0.001400 -0.000687 -0.000938 0.000711 -0.002177 0.008128 0.0000000 1 418.629359 418.629359 505.740581 286.574774 -0.020453 -0.024926 0.019510 -0.005656 -0.660094 0.642445 -0.268559 0.281810 -0.062419 0.031365 0.062150 0 1.00000000 0.00000000 0.00000000 1.00000000 0.00000000 1.00000000 1.00000000 0.00000000 0.00000000 1.00000000 0.00000000 1.00000000 0.00000000 0.00000000 0.00000000 0.00000000 0.00000000 0.00000000 0.00000000 0.00000000 0.00000000 0.00000000 0.00000000 0.00000000 1.00000000 0.00000000 0.00000000 0.00000000 1.00000000 
1700000014.57914 -0.286035 -0.117690 0.950809 0.017155 0.008717 0.053086 0.013358 0.010635 -0.002687 -0.016885 0.001560 -0.000471 -0.000735 0.000741 -0.002023 0.008149 0.0000000 1 418.629359 418.629359 505.740581 286.574774 -0.020453 -0.024926 0.019510 -0.005656 -0.660094 0.642445 -0.268559 0.281810 -0.062419 0.031365 0.062150 0 1.00000000 0.00000000 0.00000000 1.00000000 0.00000000 1.00000000 1.00000000 0.00000000 0.00000000 1.00000000 0.00000000 1.00000000 0.00000000 0.00000000 0.00000000 0.00000000 0.00000000 0.00000000 0.00000000 0.00000000 0.00000000 0.00000000 0.00000000 0.00000000 1.00000000 0.00000000 0.00000000 0.00000000 1.00000000 
1700000014.61304 -0.285410 -0.118530 0.950895 0.017053 0.008889 0.052827 0.013265 0.005573 -0.004022 -0.005272 0.001481 -0.000434 -0.000519 0.001049 -0.001765 0.007834 0.0000000 1 418.629359 418.629359 505.740581 286.574774 -0.020453 -0.024926 0.019510 -0.005656 -0.660094 0.642445 -0.268559 0.281810 -0.062419 0.031365 0.062150 0 1.00000000 0.00000000 0.00000000 1.00000000 0.00000000 1.00000000 1.00000000 0.00000000 0.00000000 1.00000000 0.00000000 1.00000000 0.00000000 0.00000000 0.00000000 0.00000000 0.00000000 0.00000000 0.00000000 0.00000000 0.00000000 0.00000000 0.00000000 0.00000000 1.00000000 0.00000000 0.00000000 0.00000000 1.00000000 
1700000014.64695 -0.284455 -0.118755 0.951151 0.017151 0.009041 0.052691 0.013387 0.002195 -0.004152 0.002344 0.001432 -0.000474 -0.000336 0.001236 -0.001683 0.007722 0.0000000 1 418.629359 418.629359 505.740581 286.574774 -0.020453 -0.024926 0.019510 -0.005656 -0.660094 0.642445 -0.268559 0.281810 -0.062419 0.031365 0.062150 0 1.00000000 0.00000000 0.00000000 1.00000000 0.00000000 1.00000000 1.00000000 0.00000000 0.00000000 1.00000000 0.00000000 1.00000000 0.00000000 0.00000000 0.00000000 0.00000000 0.00000000 0.00000000 0.00000000 0.00000000 0.00000000 0.00000000 0.00000000 0.00000000 1.00000000 0.00000000 0.00000000 0.00000000 1.00000000 
1700000014.68086 -0.283403 -0.118693 0.951470 0.017335 0.009124 0.052568 0.013757 0.000694 -0.003846 0.010602 0.001376 -0.000543 -0.000204 0.001395 -0.001636 0.007628 0.0000000 1 418.629359 418.629359 505.740581 286.574774 -0.020453 -0.024926 0.019510 -0.005656 -0.660094 0.642445 -0.268559 0.281810 -0.062419 0.031365 0.062150 0 1.00000000 0.00000000 0.00000000 1.00000000 0.00000000 1.00000000 1.00000000 0.00000000 0.00000000 1.00000000 0.00000000 1.00000000 0.00000000 0.00000000 0.00000000 0.00000000 0.00000000 0.00000000 0.00000000 0.00000000 0.00000000 0.00000000 0.00000000 0.00000000 1.00000000 0.00000000 0.00000000 0.00000000 1.00000000 
1700000014.71476 -0.281870 -0.118539 0.951944 0.017340 0.009225 0.052572 0.014184 0.001058 -0.003160 0.013179 0.001381 -0.000509 -0.000170 0.001457 -0.001672 0.007665 0.0000000 1 418.629359 418.629359 505.740581 286.574774 -0.020453 -0.024926 0.019510 -0.005656 -0.660094 0.642445 -0.268559 0.281810 -0.062419 0.031365 0.062150 0 1.00000000 0.00000000 0.00000000 1.00000000 0.00000000 1.00000000 1.00000000 0.00000000 0.00000000 1.00000000 0.00000000 1.00000000 0.00000000 0.00000000 0.00000000 0.00000000 0.00000000 0.00000000 0.00000000 0.00000000 0.00000000 0.00000000 0.00000000 0.00000000 1.00000000 0.00000000 0.00000000 0.00000000 1.00000000 
1700000014.74866 -0.279950 -0.118721 0.952493 0.017014 0.009414 0.052520 0.014723 0.005075 -0.003179 0.016998 0.001401 -0.000470 -0.000165 0.001509 -0.001713 0.007667 0.0000000 1 418.629359 418.629359 505.740581 286.574774 -0.020453 -0.024926 0.019510 -0.005656 -0.660094 0.642445 -0.268559 0.281810 -0.062419 0.031365 0.062150 0 1.00000000 0.00000000 0.00000000 1.00000000 0.00000000 1.00000000 1.00000000 0.00000000 0.00000000 1.00000000 0.00000000 1.00000000 0.00000000 0.00000000 0.00000000 0.00000000 0.00000000 0.00000000 0.00000000 0.00000000 0.00000000 0.00000000 0.00000000 0.00000000 1.00000000 0.00000000 0.00000000 0.00000000 1.00000000 
1700000014.78257 -0.277445 -0.119088 0.953191 0.016393 0.009503 0.052511 0.015265 0.003145 -0.003060 0.017408 0.001439 -0.000367 -0.000159 0.001489 -0.001684 0.007743 0.0000000 1 418.629359 418.629359 505.740581 286.574774 -0.020453 -0.024926 0.019510 -0.005656 -0.660094 0.642445 -0.268559 0.281810 -0.062419 0.031365 0.062150 0 1.00000000 0.00000000 0.00000000 1.00000000 0.00000000 1.00000000 1.00000000 0.00000000 0.00000000 1.00000000 0.00000000 1.00000000 0.00000000 0.00000000 0.00000000 0.00000000 0.00000000 0.00000000 0.00000000 0.00000000 0.00000000 0.00000000 0.00000000 0.00000000 1.00000000 0.00000000 0.00000000 0.00000000 1.00000000 
1700000014.81647 -0.274675 -0.119949 0.953894 0.015880 0.009609 0.052538 0.015879 0.003856 -0.002419 0.018870 0.001491 -0.000255 -0.000196 0.001568 -0.001664 0.007752 0.0000000 1 418.629359 418.629359 505.740581 286.574774 -0.020453 -0.024926 0.019510 -0.005656 -0.660094 0.642445 -0.268559 0.281810 -0.062419 0.031365 0.062150 0 1.00000000 0.00000000 0.00000000 1.00000000 0.00000000 1.00000000 1.00000000 0.00000000 0.00000000 1.00000000 0.00000000 1.00000000 0.00000000 0.00000000 0.00000000 0.00000000 0.00000000 0.00000000 0.00000000 0.00000000 0.00000000 0.00000000 0.00000000 0.00000000 1.00000000 0.00000000 0.00000000 0.00000000 1.00000000 
1700000014.85038 -0.271868 -0.120798 0.954599 0.015378 0.009747 0.052491 0.016743 0.006523 -0.001412 0.026329 0.001474 -0.000263 -0.000211 0.001679 -0.001618 0.007664 0.0000000 1 418.629359 418.629359 505.740581 286.574774 -0.020453 -0.024926 0.019510 -0.005656 -0.660094 0.642445 -0.268559 0.281810 -0.062419 0.031365 0.062150 0 1.00000000 0.00000000 0.00000000 1.00000000 0.00000000 1.00000000 1.00000000 0.00000000 0.00000000 1.00000000 0.00000000 1.00000000 0.00000000 0.00000000 0.00000000 0.00000000 0.00000000 0.00000000 0.00000000 0.00000000 0.00000000 0.00000000 0.00000000 0.00000000 1.00000000 0.00000000 0.00000000 0.00000000 1.00000000 
1700000014.88428 -0.268322 -0.121094 0.955576 0.014616 0.010026 0.052455 0.018016 0.011394 -0.000453 0.036334 0.001403 -0.000305 -0.000275 0.001874 -0.001529 0.007444 0.0000000 1 418.629359 418.629359 505.740581 286.574774 -0.020453 -0.024926 0.019510 -0.005656 -0.660094 0.642445 -0.268559 0.281810 -0.062419 0.031365 0.062150 0 1.00000000 0.00000000 0.00000000 1.00000000 0.00000000 1.00000000 1.00000000 0.00000000 0.00000000 1.00000000 0.00000000 1.00000000 0.00000000 0.00000000 0.00000000 0.00000000 0.00000000 0.00000000 0.00000000 0.00000000 0.00000000 0.00000000 0.00000000 0.00000000 1.00000000 0.00000000 0.00000000 0.00000000 1.00000000 
1700000014.91819 -0.264444 -0.121231 0.956655 0.013556 0.010343 0.052569 0.019187 0.009061 0.001519 0.035089 0.001442 -0.000263 -0.000307 0.001842 -0.001547 0.007554 0.0000000 1 418.629359 418.629359 505.740581 286.574774 -0.020453 -0.024926 0.019510 -0.005656 -0.660094 0.642445 -0.268559 0.281810 -0.062419 0.031365 0.062150 0 1.00000000 0.00000000 0.00000000 1.00000000 0.00000000 1.00000000 1.00000000 0.00000000 0.00000000 1.00000000 0.00000000 1.00000000 0.00000000 0.00000000 0.00000000 0.00000000 0.00000000 0.00000000 0.00000000 0.00000000 0.00000000 0.00000000 0.00000000 0.00000000 1.00000000 0.00000000 0.00000000 0.00000000 1.00000000 
1700000014.95209 -0.261318 -0.121434 0.957494 0.013075 0.010606 0.052654 0.020523 0.008910 0.003861 0.039883 0.001345 -0.000465 -0.000316 0.001893 -0.001559 0.007524 0.0000000 1 418.629359 418.629359 505.740581 286.574774 -0.020453 -0.024926 0.019510 -0.005656 -0.660094 0.642445 -0.268559 0.281810 -0.062419 0.031365 0.062150 0 1.00000000 0.00000000 0.00000000 1.00000000 0.00000000 1.00000000 1.00000000 0.00000000 0.00000000 1.00000000 0.00000000 1.00000000 0.00000000 0.00000000 0.00000000 0.00000000 0.00000000 0.00000000 0.00000000 0.00000000 0.00000000 0.00000000 0.00000000 0.00000000 1.00000000 0.00000000 0.00000000 0.00000000 1.00000000 
1700000014.98600 -0.257960 -0.120192 0.958575 0.012000 0.010866 0.052710 0.022302 0.009302 0.004169 0.052051 0.001136 -0.000681 -0.000449 0.001993 -0.001501 0.007282 0.0000000 1 418.629359 418.629359 505.740581 286.574774 -0.020453 -0.024926 0.019510 -0.005656 -0.660094 0.642445 -0.268559 0.281810 -0.062419 0.031365 0.062150 0 1.00000000 0.00000000 0.00000000 1.00000000 0.00000000 1.00000000 1.00000000 0.00000000 0.00000000 1.00000000 0.00000000 1.00000000 0.00000000 0.00000000 0.00000000 0.00000000 0.00000000 0.00000000 0.00000000 0.00000000 0.00000000 0.00000000 0.00000000 0.00000000 1.00000000 0.00000000 0.00000000 0.00000000 1.00000000 
1700000015.01990 -0.254672 -0.118291 0.959705 0.010745 0.011051 0.052855 0.024012 0.005563 0.004088 0.052815 0.001012 -0.000888 -0.000465 0.001876 -0.001562 0.007436 0.0000000 1 418.629359 418.629359 505.740581 286.574774 -0.020453 -0.024926 0.019510 -0.005656 -0.660094 0.642445 -0.268559 0.281810 -0.062419 0.031365 0.062150 0 1.00000000 0.00000000 0.00000000 1.00000000 0.00000000 1.00000000 1.00000000 0.00000000 0.00000000 1.00000000 0.00000000 1.00000000 0.00000000 0.00000000 0.00000000 0.00000000 0.00000000 0.00000000 0.00000000 0.00000000 0.00000000 0.00000000 0.00000000 0.00000000 1.00000000 0.00000000 0.00000000 0.00000000 1.00000000 
1700000015.05381 -0.250910 -0.116280 0.960949 0.009987 0.011149 0.053072 0.025643 0.002218 0.004858 0.050566 0.000883 -0.000974 -0.000438 0.001775 -0.001612 0.007641 0.0000000 1 418.629359 418.629359 505.740581 286.574774 -0.020453 -0.024926 0.019510 -0.005656 -0.660094 0.642445 -0.268559 0.281810 -0.062419 0.031365 0.062150 0 1.00000000 0.00000000 0.00000000 1.00000000 0.00000000 1.00000000 1.00000000 0.00000000 0.00000000 1.00000000 0.00000000 1.00000000 0.00000000 0.00000000 0.00000000 0.00000000 0.00000000 0.00000000 0.00000000 0.00000000 0.00000000 0.00000000 0.00000000 0.00000000 1.00000000 0.00000000 0.00000000 0.00000000 1.00000000 
1700000015.08771 -0.246878 -0.114705 0.962186 0.009607 0.011236 0.053391 0.027186 0.000862 0.005896 0.047445 0.000797 -0.001012 -0.000423 0.001746 -0.001692 0.007833 0.0000000 1 418.629359 418.629359 505.740581 286.574774 -0.020453 -0.024926 0.019510 -0.005656 -0.660094 0.642445 -0.268559 0.281810 -0.062419 0.031365 0.062150 0 1.00000000 0.00000000 0.00000000 1.00000000 0.00000000 1.00000000 1.00000000 0.00000000 0.00000000 1.00000000 0.00000000 1.00000000 0.00000000 0.00000000 0.00000000 0.00000000 0.00000000 0.00000000 0.00000000 0.00000000 0.00000000 0.00000000 0.00000000 0.00000000 1.00000000 0.00000000 0.00000000 0.00000000 1.00000000 
1700000015.12162 -0.242639 -0.113328 0.963430 0.009226 0.011331 0.053684 0.028852 0.002019 0.005085 0.049760 0.000707 -0.000989 -0.000487 0.001814 -0.001722 0.007831 0.0000000 1 418.629359 418.629359 505.740581 286.574774 -0.020453 -0.024926 0.019510 -0.005656 -0.660094 0.642445 -0.268559 0.281810 -0.062419 0.031365 0.062150 0 1.00000000 0.00000000 0.00000000 1.00000000 0.00000000 1.00000000 1.00000000 0.00000000 0.00000000 1.00000000 0.00000000 1.00000000 0.00000000 0.00000000 0.00000000 0.00000000 0.00000000 0.00000000 0.00000000 0.00000000 0.00000000 0.00000000 0.00000000 0.00000000 1.00000000 0.00000000 0.00000000 0.00000000 1.00000000 
1700000015.15552 -0.238406 -0.112171 0.964626 0.008787 0.011585 0.053978 0.030447 0.005298 0.003166 0.047637 0.000666 -0.000968 -0.000571 0.001863 -0.001851 0.007938 0.0000000 1 418.629359 418.629359 505.740581 286.574774 -0.020453 -0.024926 0.019510 -0.005656 -0.660094 0.642445 -0.268559 0.281810 -0.062419 0.031365 0.062150 0 1.00000000 0.00000000 0.00000000 1.00000000 0.00000000 1.00000000 1.00000000 0.00000000 0.00000000 1.00000000 0.00000000 1.00000000 0.00000000 0.00000000 0.00000000 0.00000000 0.00000000 0.00000000 0.00000000 0.00000000 0.00000000 0.00000000 0.00000000 0.00000000 1.00000000 0.00000000 0.00000000 0.00000000 1.00000000 
1700000015.18943 -0.234195 -0.111430 0.965747 0.008293 0.011841 0.054228 0.031822 0.004195 0.000631 0.040663 0.000630 -0.000831 -0.000650 0.001869 -0.001926 0.008123 0.0000000 1 418.629359 418.629359 505.740581 286.574774 -0.020453 -0.024926 0.019510 -0.005656 -0.660094 0.642445 -0.268559 0.281810 -0.062419 0.031365 0.062150 0 1.00000000 0.00000000 0.00000000 1.00000000 0.00000000 1.00000000 1.00000000 0.00000000 0.00000000 1.00000000 0.00000000 1.00000000 0.00000000 0.00000000 0.00000000 0.00000000 0.00000000 0.00000000 0.00000000 0.00000000 0.00000000 0.00000000 0.00000000 0.00000000 1.00000000 0.00000000 0.00000000 0.00000000 1.00000000 
1700000015.22333 -0.230643 -0.111233 0.966627 0.007979 0.012157 0.054403 0.033113 0.006821 0.000266 0.036499 0.000564 -0.000845 -0.000780 0.001963 -0.002053 0.008152 0.0000000 1 418.629359 418.629359 505.740581 286.574774 -0.020453 -0.024926 0.019510 -0.005656 -0.660094 0.642445 -0.268559 0.281810 -0.062419 0.031365 0.062150 0 1.00000000 0.00000000 0.00000000 1.00000000 0.00000000 1.00000000 1.00000000 0.00000000 0.00000000 1.00000000 0.00000000 1.00000000 0.00000000 0.00000000 0.00000000 0.00000000 0.00000000 0.00000000 0.00000000 0.00000000 0.00000000 0.00000000 0.00000000 0.00000000 1.00000000 0.00000000 0.00000000 0.00000000 1.00000000 
1700000015.25724 -0.227329 -0.110624 0.967488 0.007102 0.012514 0.054299 0.034639 0.009849 -0.002666 0.043834 0.000450 -0.000904 -0.000861 0.002024 -0.002062 0.007934 0.0000000 1 418.629359 418.629359 505.740581 286.574774 -0.020453 -0.024926 0.019510 -0.005656 -0.660094 0.642445 -0.268559 0.281810 -0.062419 0.031365 0.062150 0 1.00000000 0.00000000 0.00000000 1.00000000 0.00000000 1.00000000 1.00000000 0.00000000 0.00000000 1.00000000 0.00000000 1.00000000 0.00000000 0.00000000 0.00000000 0.00000000 0.00000000 0.00000000 0.00000000 0.00000000 0.00000000 0.00000000 0.00000000 0.00000000 1.00000000 0.00000000 0.00000000 0.00000000 1.00000000 
1700000015.29114 -0.223694 -0.109525 0.968464 0.006500 0.012633 0.054201 0.036324 0.003346 -0.004848 0.048676 0.000312 -0.000937 -0.000826 0.002079 -0.001942 0.007876 0.0000000 1 418.629359 418.629359 505.740581 286.574774 -0.020453 -0.024926 0.019510 -0.005656 -0.660094 0.642445 -0.268559 0.281810 -0.062419 0.031365 0.062150 0 1.00000000 0.00000000 0.00000000 1.00000000 0.00000000 1.00000000 1.00000000 0.00000000 0.00000000 1.00000000 0.00000000 1.00000000 0.00000000 0.00000000 0.00000000 0.00000000 0.00000000 0.00000000 0.00000000 0.00000000 0.00000000 0.00000000 0.00000000 0.00000000 1.00000000 0.00000000 0.00000000 0.00000000 1.00000000 
1700000015.32505 -0.220101 -0.108852 0.969365 0.006235 0.012823 0.054299 0.037653 -0.000251 -0.003441 0.039341 0.000388 -0.000874 -0.000880 0.002139 -0.002097 0.008269 0.0000000 1 418.629359 418.629359 505.740581 286.574774 -0.020453 -0.024926 0.019510 -0.005656 -0.660094 0.642445 -0.268559 0.281810 -0.062419 0.031365 0.062150 0 1.00000000 0.00000000 0.00000000 1.00000000 0.00000000 1.00000000 1.00000000 0.00000000 0.00000000 1.00000000 0.00000000 1.00000000 0.00000000 0.00000000 0.00000000 0.00000000 0.00000000 0.00000000 0.00000000 0.00000000 0.00000000 0.00000000 0.00000000 0.00000000 1.00000000 0.00000000 0.00000000 0.00000000 1.00000000 
1700000015.35895 -0.217602 -0.109046 0.969905 0.006552 0.012862 0.054329 0.038712 -0.003693 -0.002577 0.028028 0.000471 -0.000930 -0.000823 0.002202 -0.002267 0.008593 0.0000000 1 418.629359 418.629359 505.740581 286.574774 -0.020453 -0.024926 0.019510 -0.005656 -0.660094 0.642445 -0.268559 0.281810 -0.062419 0.031365 0.062150 0 1.00000000 0.00000000 0.00000000 1.00000000 0.00000000 1.00000000 1.00000000 0.00000000 0.00000000 1.00000000 0.00000000 1.00000000 0.00000000 0.00000000 0.00000000 0.00000000 0.00000000 0.00000000 0.00000000 0.00000000 0.00000000 0.00000000 0.00000000 0.00000000 1.00000000 0.00000000 0.00000000 0.00000000 1.00000000 
1700000015.39286 -0.215892 -0.109162 0.970272 0.006766 0.013092 0.054200 0.039626 0.002299 -0.002548 0.022557 0.000427 -0.001001 -0.000950 0.002227 -0.002472 0.008555 0.0000000 1 418.629359 418.629359 505.740581 286.574774 -0.020453 -0.024926 0.019510 -0.005656 -0.660094 0.642445 -0.268559 0.281810 -0.062419 0.031365 0.062150 0 1.00000000 0.00000000 0.00000000 1.00000000 0.00000000 1.00000000 1.00000000 0.00000000 0.00000000 1.00000000 0.00000000 1.00000000 0.00000000 0.00000000 0.00000000 0.00000000 0.00000000 0.00000000 0.00000000 0.00000000 0.00000000 0.00000000 0.00000000 0.00000000 1.00000000 0.00000000 0.00000000 0.00000000 1.00000000 
1700000015.42676 -0.214688 -0.108730 0.970592 0.006192 0.013357 0.054081 0.040312 0.002531 -0.002647 0.015378 0.000365 -0.001028 -0.001037 0.002220 -0.002582 0.008560 0.0000000 1 418.629359 418.629359 505.740581 286.574774 -0.020453 -0.024926 0.019510 -0.005656 -0.660094 0.642445 -0.268559 0.281810 -0.062419 0.031365 0.062150 0 1.00000000 0.00000000 0.00000000 1.00000000 0.00000000 1.00000000 1.00000000 0.00000000 0.00000000 1.00000000 0.00000000 1.00000000 0.00000000 0.00000000 0.00000000 0.00000000 0.00000000 0.00000000 0.00000000 0.00000000 0.00000000 0.00000000 0.00000000 0.00000000 1.00000000 0.00000000 0.00000000 0.00000000 1.00000000 
1700000015.46067 -0.214413 -0.108455 0.970685 0.005993 0.013458 0.054136 0.040420 -0.002843 0.000293 -0.000780 0.000393 -0.001060 -0.000954 0.002237 -0.002681 0.008901 0.0000000 1 418.629359 418.629359 505.740581 286.574774 -0.020453 -0.024926 0.019510 -0.005656 -0.660094 0.642445 -0.268559 0.281810 -0.062419 0.031365 0.062150 0 1.00000000 0.00000000 0.00000000 1.00000000 0.00000000 1.00000000 1.00000000 0.00000000 0.00000000 1.00000000 0.00000000 1.00000000 0.00000000 0.00000000 0.00000000 0.00000000 0.00000000 0.00000000 0.00000000 0.00000000 0.00000000 0.00000000 0.00000000 0.00000000 1.00000000 0.00000000 0.00000000 0.00000000 1.00000000 
1700000015.49457 -0.214671 -0.108824 0.970581 0.006769 0.013326 0.054311 0.040133 -0.008288 0.004160 -0.013727 0.000446 -0.000971 -0.000809 0.002330 -0.002673 0.009038 0.0000000 1 418.629359 418.629359 505.740581 286.574774 -0.020453 -0.024926 0.019510 -0.005656 -0.660094 0.642445 -0.268559 0.281810 -0.062419 0.031365 0.062150 0 1.00000000 0.00000000 0.00000000 1.00000000 0.00000000 1.00000000 1.00000000 0.00000000 0.00000000 1.00000000 0.00000000 1.00000000 0.00000000 0.00000000 0.00000000 0.00000000 0.00000000 0.00000000 0.00000000 0.00000000 0.00000000 0.00000000 0.00000000 0.00000000 1.00000000 0.00000000 0.00000000 0.00000000 1.00000000 
1700000015.52848 -0.215385 -0.109216 0.970372 0.007730 0.013291 0.054416 0.039811 -0.003474 0.005354 -0.014815 0.000396 -0.001041 -0.000830 0.002428 -0.002761 0.008813 0.0000000 1 418.629359 418.629359 505.740581 286.574774 -0.020453 -0.024926 0.019510 -0.005656 -0.660094 0.642445 -0.268559 0.281810 -0.062419 0.031365 0.062150 0 1.00000000 0.00000000 0.00000000 1.00000000 0.00000000 1.00000000 1.00000000 0.00000000 0.00000000 1.00000000 0.00000000 1.00000000 0.00000000 0.00000000 0.00000000 0.00000000 0.00000000 0.00000000 0.00000000 0.00000000 0.00000000 0.00000000 0.00000000 0.00000000 1.00000000 0.00000000 0.00000000 0.00000000 1.00000000 
1700000015.56238 -0.216237 -0.108705 0.970238 0.007898 0.013358 0.054469 0.039666 0.000354 0.003824 -0.006808 0.000271 -0.001077 -0.000930 0.002459 -0.002775 0.008476 0.0000000 1 418.629359 418.629359 505.740581 286.574774 -0.020453 -0.024926 0.019510 -0.005656 -0.660094 0.642445 -0.268559 0.281810 -0.062419 0.031365 0.062150 0 1.00000000 0.00000000 0.00000000 1.00000000 0.00000000 1.00000000 1.00000000 0.00000000 0.00000000 1.00000000 0.00000000 1.00000000 0.00000000 0.00000000 0.00000000 0.00000000 0.00000000 0.00000000 0.00000000 0.00000000 0.00000000 0.00000000 0.00000000 0.00000000 1.00000000 0.00000000 0.00000000 0.00000000 1.00000000 
1700000015.59629 -0.217203 -0.108382 0.970056 0.008179 0.013398 0.054656 0.039204 -0.003413 0.004267 -0.014746 0.000422 -0.001006 -0.000774 0.002492 -0.002820 0.008763 0.0000000 1 418.629359 418.629359 505.740581 286.574774 -0.020453 -0.024926 0.019510 -0.005656 -0.660094 0.642445 -0.268559 0.281810 -0.062419 0.031365 0.062150 0 1.00000000 0.00000000 0.00000000 1.00000000 0.00000000 1.00000000 1.00000000 0.00000000 0.00000000 1.00000000 0.00000000 1.00000000 0.00000000 0.00000000 0.00000000 0.00000000 0.00000000 0.00000000 0.00000000 0.00000000 0.00000000 0.00000000 0.00000000 0.00000000 1.00000000 0.00000000 0.00000000 0.00000000 1.00000000 
1700000015.63019 -0.217957 -0.109378 0.969763 0.009516 0.013177 0.054893 0.038550 -0.008605 0.005646 -0.019594 0.000565 -0.000843 -0.000561 0.002583 -0.002758 0.008896 0.0000000 1 418.629359 418.629359 505.740581 286.574774 -0.020453 -0.024926 0.019510 -0.005656 -0.660094 0.642445 -0.268559 0.281810 -0.062419 0.031365 0.062150 0 1.00000000 0.00000000 0.00000000 1.00000000 0.00000000 1.00000000 1.00000000 0.00000000 0.00000000 1.00000000 0.00000000 1.00000000 0.00000000 0.00000000 0.00000000 0.00000000 0.00000000 0.00000000 0.00000000 0.00000000 0.00000000 0.00000000 0.00000000 0.00000000 1.00000000 0.00000000 0.00000000 0.00000000 1.00000000 
1700000015.66410 -0.217974 -0.110696 0.969594 0.011042 0.013018 0.055064 0.037999 -0.007786 0.004273 -0.016642 0.000648 -0.000652 -0.000483 0.002679 -0.002747 0.008773 0.0000000 1 418.629359 418.629359 505.740581 286.574774 -0.020453 -0.024926 0.019510 -0.005656 -0.660094 0.642445 -0.268559 0.281810 -0.062419 0.031365 0.062150 0 1.00000000 0.00000000 0.00000000 1.00000000 0.00000000 1.00000000 1.00000000 0.00000000 0.00000000 1.00000000 0.00000000 1.00000000 0.00000000 0.00000000 0.00000000 0.00000000 0.00000000 0.00000000 0.00000000 0.00000000 0.00000000 0.00000000 0.00000000 0.00000000 1.00000000 0.00000000 0.00000000 0.00000000 1.00000000 
1700000015.69800 -0.218081 -0.112018 0.969405 0.012069 0.012994 0.055058 0.037616 -0.003340 0.001039 -0.012110 0.000656 -0.000605 -0.000545 0.002725 -0.002815 0.008529 0.0000000 1 418.629359 418.629359 505.740581 286.574774 -0.020453 -0.024926 0.019510 -0.005656 -0.660094 0.642445 -0.268559 0.281810 -0.062419 0.031365 0.062150 0 1.00000000 0.00000000 0.00000000 1.00000000 0.00000000 1.00000000 1.00000000 0.00000000 0.00000000 1.00000000 0.00000000 1.00000000 0.00000000 0.00000000 0.00000000 0.00000000 0.00000000 0.00000000 0.00000000 0.00000000 0.00000000 0.00000000 0.00000000 0.00000000 1.00000000 0.00000000 0.00000000 0.00000000 1.00000000 
1700000015.73191 -0.218282 -0.112317 0.969322 0.012371 0.012999 0.054956 0.037536 -0.001222 -0.001344 -0.002508 0.000502 -0.000691 -0.000612 0.002750 -0.002823 0.008237 0.0000000 1 418.629359 418.629359 505.740581 286.574774 -0.020453 -0.024926 0.019510 -0.005656 -0.660094 0.642445 -0.268559 0.281810 -0.062419 0.031365 0.062150 0 1.00000000 0.00000000 0.00000000 1.00000000 0.00000000 1.00000000 1.00000000 0.00000000 0.00000000 1.00000000 0.00000000 1.00000000 0.00000000 0.00000000 0.00000000 0.00000000 0.00000000 0.00000000 0.00000000 0.00000000 0.00000000 0.00000000 0.00000000 0.00000000 1.00000000 0.00000000 0.00000000 0.00000000 1.00000000 
1700000015.76581 -0.218878 -0.111618 0.969268 0.012395 0.012967 0.054867 0.037555 -0.002467 -0.002858 0.001317 0.000345 -0.000869 -0.000631 0.002729 -0.002870 0.008276 0.0000000 1 418.629359 418.629359 505.740581 286.574774 -0.020453 -0.024926 0.019510 -0.005656 -0.660094 0.642445 -0.268559 0.281810 -0.062419 0.031365 0.062150 0 1.00000000 0.00000000 0.00000000 1.00000000 0.00000000 1.00000000 1.00000000 0.00000000 0.00000000 1.00000000 0.00000000 1.00000000 0.00000000 0.00000000 0.00000000 0.00000000 0.00000000 0.00000000 0.00000000 0.00000000 0.00000000 0.00000000 0.00000000 0.00000000 1.00000000 0.00000000 0.00000000 0.00000000 1.00000000 
1700000015.79972 -0.219663 -0.110918 0.969166 0.012755 0.012825 0.054850 0.037443 -0.005300 -0.002796 -0.002072 0.000322 -0.000930 -0.000509 0.002731 -0.002911 0.008538 0.0000000 1 418.629359 418.629359 505.740581 286.574774 -0.020453 -0.024926 0.019510 -0.005656 -0.660094 0.642445 -0.268559 0.281810 -0.062419 0.031365 0.062150 0 1.00000000 0.00000000 0.00000000 1.00000000 0.00000000 1.00000000 1.00000000 0.00000000 0.00000000 1.00000000 0.00000000 1.00000000 0.00000000 0.00000000 0.00000000 0.00000000 0.00000000 0.00000000 0.00000000 0.00000000 0.00000000 0.00000000 0.00000000 0.00000000 1.00000000 0.00000000 0.00000000 0.00000000 1.00000000 
1700000015.83362 -0.219894 -0.110580 0.969145 0.013329 0.012691 0.054787 0.037414 -0.003311 -0.003399 -0.000637 0.000330 -0.000906 -0.000500 0.002773 -0.002905 0.008553 0.0000000 1 418.629359 418.629359 505.740581 286.574774 -0.020453 -0.024926 0.019510 -0.005656 -0.660094 0.642445 -0.268559 0.281810 -0.062419 0.031365 0.062150 0 1.00000000 0.00000000 0.00000000 1.00000000 0.00000000 1.00000000 1.00000000 0.00000000 0.00000000 1.00000000 0.00000000 1.00000000 0.00000000 0.00000000 0.00000000 0.00000000 0.00000000 0.00000000 0.00000000 0.00000000 0.00000000 0.00000000 0.00000000 0.00000000 1.00000000 0.00000000 0.00000000 0.00000000 1.00000000 
1700000015.86753 -0.219864 -0.110262 0.969185 0.013514 0.012708 0.054718 0.037401 -0.001112 -0.003247 -0.000770 0.000329 -0.000906 -0.000532 0.002806 -0.002960 0.008586 0.0000000 1 418.629359 418.629359 505.740581 286.574774 -0.020453 -0.024926 0.019510 -0.005656 -0.660094 0.642445 -0.268559 0.281810 -0.062419 0.031365 0.062150 0 1.00000000 0.00000000 0.00000000 1.00000000 0.00000000 1.00000000 1.00000000 0.00000000 0.00000000 1.00000000 0.00000000 1.00000000 0.00000000 0.00000000 0.00000000 0.00000000 0.00000000 0.00000000 0.00000000 0.00000000 0.00000000 0.00000000 0.00000000 0.00000000 1.00000000 0.00000000 0.00000000 0.00000000 1.00000000 
1700000015.90143 -0.220177 -0.109925 0.969147 0.013901 0.012702 0.054691 0.037226 -0.002169 -0.001590 -0.006447 0.000313 -0.000955 -0.000434 0.002825 -0.003011 0.008743 0.0000000 1 418.629359 418.629359 505.740581 286.574774 -0.020453 -0.024926 0.019510 -0.005656 -0.660094 0.642445 -0.268559 0.281810 -0.062419 0.031365 0.062150 0 1.00000000 0.00000000 0.00000000 1.00000000 0.00000000 1.00000000 1.00000000 0.00000000 0.00000000 1.00000000 0.00000000 1.00000000 0.00000000 0.00000000 0.00000000 0.00000000 0.00000000 0.00000000 0.00000000 0.00000000 0.00000000 0.00000000 0.00000000 0.00000000 1.00000000 0.00000000 0.00000000 0.00000000 1.00000000 
1700000015.93534 -0.220685 -0.109459 0.969075 0.014504 0.012736 0.054631 0.037077 0.001603 -0.000366 -0.006525 0.000240 -0.001023 -0.000452 0.002858 -0.003033 0.008649 0.0000000 1 418.629359 418.629359 505.740581 286.574774 -0.020453 -0.024926 0.019510 -0.005656 -0.660094 0.642445 -0.268559 0.281810 -0.062419 0.031365 0.062150 0 1.00000000 0.00000000 0.00000000 1.00000000 0.00000000 1.00000000 1.00000000 0.00000000 0.00000000 1.00000000 0.00000000 1.00000000 0.00000000 0.00000000 0.00000000 0.00000000 0.00000000 0.00000000 0.00000000 0.00000000 0.00000000 0.00000000 0.00000000 0.00000000 1.00000000 0.00000000 0.00000000 0.00000000 1.00000000 
1700000015.96924 -0.221255 -0.108598 0.969039 0.014731 0.012877 0.054742 0.036819 0.003357 0.001784 -0.008740 0.000223 -0.001031 -0.000475 0.002898 -0.003065 0.008702 0.0000000 1 418.629359 418.629359 505.740581 286.574774 -0.020453 -0.024926 0.019510 -0.005656 -0.660094 0.642445 -0.268559 0.281810 -0.062419 0.031365 0.062150 0 1.00000000 0.00000000 0.00000000 1.00000000 0.00000000 1.00000000 1.00000000 0.00000000 0.00000000 1.00000000 0.00000000 1.00000000 0.00000000 0.00000000 0.00000000 0.00000000 0.00000000 0.00000000 0.00000000 0.00000000 0.00000000 0.00000000 0.00000000 0.00000000 1.00000000 0.00000000 0.00000000 0.00000000 1.00000000 
1700000016.00315 -0.221886 -0.107987 0.968954 0.015280 0.013039 0.054837 0.036422 0.003396 0.003120 -0.012327 0.000246 -0.000984 -0.000390 0.002914 -0.003074 0.008778 0.0000000 1 418.629359 418.629359 505.740581 286.574774 -0.020453 -0.024926 0.019510 -0.005656 -0.660094 0.642445 -0.268559 0.281810 -0.062419 0.031365 0.062150 0 1.00000000 0.00000000 0.00000000 1.00000000 0.00000000 1.00000000 1.00000000 0.00000000 0.00000000 1.00000000 0.00000000 1.00000000 0.00000000 0.00000000 0.00000000 0.00000000 0.00000000 0.00000000 0.00000000 0.00000000 0.00000000 0.00000000 0.00000000 0.00000000 1.00000000 0.00000000 0.00000000 0.00000000 1.00000000 
1700000016.03705 -0.222252 -0.107738 0.968883 0.016176 0.013193 0.055079 0.035987 0.002814 0.005363 -0.013742 0.000270 -0.000937 -0.000339 0.002992 -0.003070 0.008787 0.0000000 1 418.629359 418.629359 505.740581 286.574774 -0.020453 -0.024926 0.019510 -0.005656 -0.660094 0.642445 -0.268559 0.281810 -0.062419 0.031365 0.062150 0 1.00000000 0.00000000 0.00000000 1.00000000 0.00000000 1.00000000 1.00000000 0.00000000 0.00000000 1.00000000 0.00000000 1.00000000 0.00000000 0.00000000 0.00000000 0.00000000 0.00000000 0.00000000 0.00000000 0.00000000 0.00000000 0.00000000 0.00000000 0.00000000 1.00000000 0.00000000 0.00000000 0.00000000 1.00000000 
1700000016.07096 -0.222847 -0.107219 0.968799 0.016510 0.013420 0.055183 0.035835 0.006745 0.004488 -0.004824 0.000183 -0.000969 -0.000495 0.003040 -0.003075 0.008503 0.0000000 1 418.629359 418.629359 505.740581 286.574774 -0.020453 -0.024926 0.019510 -0.005656 -0.660094 0.642445 -0.268559 0.281810 -0.062419 0.031365 0.062150 0 1.00000000 0.00000000 0.00000000 1.00000000 0.00000000 1.00000000 1.00000000 0.00000000 0.00000000 1.00000000 0.00000000 1.00000000 0.00000000 0.00000000 0.00000000 0.00000000 0.00000000 0.00000000 0.00000000 0.00000000 0.00000000 0.00000000 0.00000000 0.00000000 1.00000000 0.00000000 0.00000000 0.00000000 1.00000000 
1700000016.10486 -0.223543 -0.106192 0.968755 0.016282 0.013657 0.055419 0.035584 0.004704 0.003671 -0.006295 0.000178 -0.000941 -0.000581 0.003019 -0.003123 0.008638 0.0000000 1 418.629359 418.629359 505.740581 286.574774 -0.020453 -0.024926 0.019510 -0.005656 -0.660094 0.642445 -0.268559 0.281810 -0.062419 0.031365 0.062150 0 1.00000000 0.00000000 0.00000000 1.00000000 0.00000000 1.00000000 1.00000000 0.00000000 0.00000000 1.00000000 0.00000000 1.00000000 0.00000000 0.00000000 0.00000000 0.00000000 0.00000000 0.00000000 0.00000000 0.00000000 0.00000000 0.00000000 0.00000000 0.00000000 1.00000000 0.00000000 0.00000000 0.00000000 1.00000000 
1700000016.13877 -0.224251 -0.105992 0.968612 0.016385 0.013834 0.055669 0.035018 0.002405 0.003867 -0.015648 0.000311 -0.000810 -0.000574 0.002990 -0.003183 0.008924 0.0000000 1 418.629359 418.629359 505.740581 286.574774 -0.020453 -0.024926 0.019510 -0.005656 -0.660094 0.642445 -0.268559 0.281810 -0.062419 0.031365 0.062150 0 1.00000000 0.00000000 0.00000000 1.00000000 0.00000000 1.00000000 1.00000000 0.00000000 0.00000000 1.00000000 0.00000000 1.00000000 0.00000000 0.00000000 0.00000000 0.00000000 0.00000000 0.00000000 0.00000000 0.00000000 0.00000000 0.00000000 0.00000000 0.00000000 1.00000000 0.00000000 0.00000000 0.00000000 1.00000000 
1700000016.17267 -0.224600 -0.106661 0.968454 0.016606 0.013929 0.055796 0.034561 0.002199 0.002682 -0.014112 0.000384 -0.000701 -0.000618 0.003057 -0.003161 0.008797 0.0000000 1 418.629359 418.629359 505.740581 286.574774 -0.020453 -0.024926 0.019510 -0.005656 -0.660094 0.642445 -0.268559 0.281810 -0.062419 0.031365 0.062150 0 1.00000000 0.00000000 0.00000000 1.00000000 0.00000000 1.00000000 1.00000000 0.00000000 0.00000000 1.00000000 0.00000000 1.00000000 0.00000000 0.00000000 0.00000000 0.00000000 0.00000000 0.00000000 0.00000000 0.00000000 0.00000000 0.00000000 0.00000000 0.00000000 1.00000000 0.00000000 0.00000000 0.00000000 1.00000000 
1700000016.20658 -0.224666 -0.106709 0.968442 0.016066 0.014228 0.055800 0.034358 0.006475 -0.001085 -0.005257 0.000323 -0.000671 -0.000809 0.003110 -0.003210 0.008549 0.0000000 1 418.629359 418.629359 505.740581 286.574774 -0.020453 -0.024926 0.019510 -0.005656 -0.660094 0.642445 -0.268559 0.281810 -0.062419 0.031365 0.062150 0 1.00000000 0.00000000 0.00000000 1.00000000 0.00000000 1.00000000 1.00000000 0.00000000 0.00000000 1.00000000 0.00000000 1.00000000 0.00000000 0.00000000 0.00000000 0.00000000 0.00000000 0.00000000 0.00000000 0.00000000 0.00000000 0.00000000 0.00000000 0.00000000 1.00000000 0.00000000 0.00000000 0.00000000 1.00000000 
1700000016.24048 -0.225424 -0.106512 0.968307 0.014886 0.014561 0.055720 0.034057 0.007868 -0.005472 -0.006916 0.000361 -0.000712 -0.000959 0.003046 -0.003315 0.008713 0.0000000 1 418.629359 418.629359 505.740581 286.574774 -0.020453 -0.024926 0.019510 -0.005656 -0.660094 0.642445 -0.268559 0.281810 -0.062419 0.031365 0.062150 0 1.00000000 0.00000000 0.00000000 1.00000000 0.00000000 1.00000000 1.00000000 0.00000000 0.00000000 1.00000000 0.00000000 1.00000000 0.00000000 0.00000000 0.00000000 0.00000000 0.00000000 0.00000000 0.00000000 0.00000000 0.00000000 0.00000000 0.00000000 0.00000000 1.00000000 0.00000000 0.00000000 0.00000000 1.00000000 
1700000016.27439 -0.226080 -0.106655 0.968156 0.013640 0.014803 0.055486 0.033825 0.009169 -0.009186 -0.006321 0.000380 -0.000662 -0.001038 0.003041 -0.003287 0.008700 0.0000000 1 418.629359 418.629359 505.740581 286.574774 -0.020453 -0.024926 0.019510 -0.005656 -0.660094 0.642445 -0.268559 0.281810 -0.062419 0.031365 0.062150 0 1.00000000 0.00000000 0.00000000 1.00000000 0.00000000 1.00000000 1.00000000 0.00000000 0.00000000 1.00000000 0.00000000 1.00000000 0.00000000 0.00000000 0.00000000 0.00000000 0.00000000 0.00000000 0.00000000 0.00000000 0.00000000 0.00000000 0.00000000 0.00000000 1.00000000 0.00000000 0.00000000 0.00000000 1.00000000 
1700000016.30829 -0.225981 -0.107051 0.968157 0.012065 0.015185 0.055257 0.033603 0.011834 -0.011812 -0.005735 0.000454 -0.000569 -0.001198 0.003069 -0.003297 0.008718 0.0000000 1 418.629359 418.629359 505.740581 286.574774 -0.020453 -0.024926 0.019510 -0.005656 -0.660094 0.642445 -0.268559 0.281810 -0.062419 0.031365 0.062150 0 1.00000000 0.00000000 0.00000000 1.00000000 0.00000000 1.00000000 1.00000000 0.00000000 0.00000000 1.00000000 0.00000000 1.00000000 0.00000000 0.00000000 0.00000000 0.00000000 0.00000000 0.00000000 0.00000000 0.00000000 0.00000000 0.00000000 0.00000000 0.00000000 1.00000000 0.00000000 0.00000000 0.00000000 1.00000000 
1700000016.34220 -0.225832 -0.107955 0.968117 0.009748 0.015803 0.054855 0.033402 0.018856 -0.015809 -0.004737 0.000574 -0.000471 -0.001451 0.003080 -0.003360 0.008695 0.0000000 1 418.629359 418.629359 505.740581 286.574774 -0.020453 -0.024926 0.019510 -0.005656 -0.660094 0.642445 -0.268559 0.281810 -0.062419 0.031365 0.062150 0 1.00000000 0.00000000 0.00000000 1.00000000 0.00000000 1.00000000 1.00000000 0.00000000 0.00000000 1.00000000 0.00000000 1.00000000 0.00000000 0.00000000 0.00000000 0.00000000 0.00000000 0.00000000 0.00000000 0.00000000 0.00000000 0.00000000 0.00000000 0.00000000 1.00000000 0.00000000 0.00000000 0.00000000 1.00000000 
1700000016.37610 -0.225600 -0.108829 0.968098 0.006799 0.016536 0.054235 0.033318 0.023889 -0.019556 -0.000575 0.000566 -0.000414 -0.001662 0.003049 -0.003351 0.008616 0.0000000 1 418.629359 418.629359 505.740581 286.574774 -0.020453 -0.024926 0.019510 -0.005656 -0.660094 0.642445 -0.268559 0.281810 -0.062419 0.031365 0.062150 0 1.00000000 0.00000000 0.00000000 1.00000000 0.00000000 1.00000000 1.00000000 0.00000000 0.00000000 1.00000000 0.00000000 1.00000000 0.00000000 0.00000000 0.00000000 0.00000000 0.00000000 0.00000000 0.00000000 0.00000000 0.00000000 0.00000000 0.00000000 0.00000000 1.00000000 0.00000000 0.00000000 0.00000000 1.00000000 
1700000016.41001 -0.225187 -0.109680 0.968117 0.003251 0.017425 0.053620 0.033217 0.027256 -0.021410 -0.002064 0.000657 -0.000326 -0.001909 0.003011 -0.003372 0.008680 0.0000000 1 418.629359 418.629359 505.740581 286.574774 -0.020453 -0.024926 0.019510 -0.005656 -0.660094 0.642445 -0.268559 0.281810 -0.062419 0.031365 0.062150 0 1.00000000 0.00000000 0.00000000 1.00000000 0.00000000 1.00000000 1.00000000 0.00000000 0.00000000 1.00000000 0.00000000 1.00000000 0.00000000 0.00000000 0.00000000 0.00000000 0.00000000 0.00000000 0.00000000 0.00000000 0.00000000 0.00000000 0.00000000 0.00000000 1.00000000 0.00000000 0.00000000 0.00000000 1.00000000 
1700000016.44391 0.225017 0.110965 -0.968015 0.000973 0.018519 0.052970 0.032953 0.032307 -0.022172 -0.008157 0.000745 -0.000307 -0.002195 0.002961 -0.003443 0.008756 0.0000000 1 418.629359 418.629359 505.740581 286.574774 -0.020453 -0.024926 0.019510 -0.005656 -0.660094 0.642445 -0.268559 0.281810 -0.062419 0.031365 0.062150 0 1.00000000 0.00000000 0.00000000 1.00000000 0.00000000 1.00000000 1.00000000 0.00000000 0.00000000 1.00000000 0.00000000 1.00000000 0.00000000 0.00000000 0.00000000 0.00000000 0.00000000 0.00000000 0.00000000 0.00000000 0.00000000 0.00000000 0.00000000 0.00000000 1.00000000 0.00000000 0.00000000 0.00000000 1.00000000 
1700000016.47782 0.225456 0.111918 -0.967785 0.006068 0.019737 0.052113 0.032750 0.037936 -0.025501 -0.005299 0.000683 -0.000407 -0.002573 0.002862 -0.003474 0.008606 0.0000000 1 418.629359 418.629359 505.740581 286.574774 -0.020453 -0.024926 0.019510 -0.005656 -0.660094 0.642445 -0.268559 0.281810 -0.062419 0.031365 0.062150 0 1.00000000 0.00000000 0.00000000 1.00000000 0.00000000 1.00000000 1.00000000 0.00000000 0.00000000 1.00000000 0.00000000 1.00000000 0.00000000 0.00000000 0.00000000 0.00000000 0.00000000 0.00000000 0.00000000 0.00000000 0.00000000 0.00000000 0.00000000 0.00000000 1.00000000 0.00000000 0.00000000 0.00000000 1.00000000 
1700000016.51172 0.226695 0.111856 -0.967445 0.012133 0.021081 0.051067 0.032529 0.041946 -0.031390 -0.003613 0.000631 -0.000543 -0.002820 0.002660 -0.003494 0.008671 0.0000000 1 418.629359 418.629359 505.740581 286.574774 -0.020453 -0.024926 0.019510 -0.005656 -0.660094 0.642445 -0.268559 0.281810 -0.062419 0.031365 0.062150 0 1.00000000 0.00000000 0.00000000 1.00000000 0.00000000 1.00000000 1.00000000 0.00000000 0.00000000 1.00000000 0.00000000 1.00000000 0.00000000 0.00000000 0.00000000 0.00000000 0.00000000 0.00000000 0.00000000 0.00000000 0.00000000 0.00000000 0.00000000 0.00000000 1.00000000 0.00000000 0.00000000 0.00000000 1.00000000 
1700000016.54563 0.227640 0.112050 -0.967119 0.017482 0.022346 0.049922 0.032315 0.039368 -0.034879 -0.005774 0.000639 -0.000588 -0.002743 0.002611 -0.003352 0.008776 0.0000000 1 418.629359 418.629359 505.740581 286.574774 -0.020453 -0.024926 0.019510 -0.005656 -0.660094 0.642445 -0.268559 0.281810 -0.062419 0.031365 0.062150 0 1.00000000 0.00000000 0.00000000 1.00000000 0.00000000 1.00000000 1.00000000 0.00000000 0.00000000 1.00000000 0.00000000 1.00000000 0.00000000 0.00000000 0.00000000 0.00000000 0.00000000 0.00000000 0.00000000 0.00000000 0.00000000 0.00000000 0.00000000 0.00000000 1.00000000 0.00000000 0.00000000 0.00000000 1.00000000 
1700000016.57953 0.227661 0.112499 -0.966948 0.022944 0.023872 0.048772 0.032233 0.046123 -0.037021 -0.001517 0.000706 -0.000575 -0.002942 0.002636 -0.003369 0.008643 0.0000000 1 418.629359 418.629359 505.740581 286.574774 -0.020453 -0.024926 0.019510 -0.005656 -0.660094 0.642445 -0.268559 0.281810 -0.062419 0.031365 0.062150 0 1.00000000 0.00000000 0.00000000 1.00000000 0.00000000 1.00000000 1.00000000 0.00000000 0.00000000 1.00000000 0.00000000 1.00000000 0.00000000 0.00000000 0.00000000 0.00000000 0.00000000 0.00000000 0.00000000 0.00000000 0.00000000 0.00000000 0.00000000 0.00000000 1.00000000 0.00000000 0.00000000 0.00000000 1.00000000 
1700000016.61344 0.227700 0.113334 -0.966657 0.029705 0.025633 0.047476 0.032104 0.050844 -0.041443 -0.000839 0.000857 -0.000575 -0.003236 0.002515 -0.003466 0.008645 0.0000000 1 418.629359 418.629359 505.740581 286.574774 -0.020453 -0.024926 0.019510 -0.005656 -0.660094 0.642445 -0.268559 0.281810 -0.062419 0.031365 0.062150 0 1.00000000 0.00000000 0.00000000 1.00000000 0.00000000 1.00000000 1.00000000 0.00000000 0.00000000 1.00000000 0.00000000 1.00000000 0.00000000 0.00000000 0.00000000 0.00000000 0.00000000 0.00000000 0.00000000 0.00000000 0.00000000 0.00000000 0.00000000 0.00000000 1.00000000 0.00000000 0.00000000 0.00000000 1.00000000 
1700000016.64734 0.228111 0.114158 -0.966212 0.036984 0.027392 0.046064 0.032039 0.051005 -0.045127 0.000540 0.000869 -0.000625 -0.003477 0.002394 -0.003474 0.008634 0.0000000 1 418.629359 418.629359 505.740581 286.574774 -0.020453 -0.024926 0.019510 -0.005656 -0.660094 0.642445 -0.268559 0.281810 -0.062419 0.031365 0.062150 0 1.00000000 0.00000000 0.00000000 1.00000000 0.00000000 1.00000000 1.00000000 0.00000000 0.00000000 1.00000000 0.00000000 1.00000000 0.00000000 0.00000000 0.00000000 0.00000000 0.00000000 0.00000000 0.00000000 0.00000000 0.00000000 0.00000000 0.00000000 0.00000000 1.00000000 0.00000000 0.00000000 0.00000000 1.00000000 
1700000016.68125 0.228592 0.115078 -0.965668 0.044593 0.029251 0.044434 0.031906 0.051419 -0.048990 -0.001762 0.000971 -0.000617 -0.003652 0.002252 -0.003559 0.008696 0.0000000 1 418.629359 418.629359 505.740581 286.574774 -0.020453 -0.024926 0.019510 -0.005656 -0.660094 0.642445 -0.268559 0.281810 -0.062419 0.031365 0.062150 0 1.00000000 0.00000000 0.00000000 1.00000000 0.00000000 1.00000000 1.00000000 0.00000000 0.00000000 1.00000000 0.00000000 1.00000000 0.00000000 0.00000000 0.00000000 0.00000000 0.00000000 0.00000000 0.00000000 0.00000000 0.00000000 0.00000000 0.00000000 0.00000000 1.00000000 0.00000000 0.00000000 0.00000000 1.00000000 
1700000016.71515 0.228934 0.115673 -0.965131 0.052251 0.031087 0.042590 0.031966 0.051205 -0.052504 0.003114 0.000902 -0.000681 -0.003720 0.002142 -0.003552 0.008551 0.0000000 1 418.629359 418.629359 505.740581 286.574774 -0.020453 -0.024926 0.019510 -0.005656 -0.660094 0.642445 -0.268559 0.281810 -0.062419 0.031365 0.062150 0 1.00000000 0.00000000 0.00000000 1.00000000 0.00000000 1.00000000 1.00000000 0.00000000 0.00000000 1.00000000 0.00000000 1.00000000 0.00000000 0.00000000 0.00000000 0.00000000 0.00000000 0.00000000 0.00000000 0.00000000 0.00000000 0.00000000 0.00000000 0.00000000 1.00000000 0.00000000 0.00000000 0.00000000 1.00000000 
1700000016.74906 0.229663 0.115587 -0.964467 0.060817 0.032961 0.040594 0.031892 0.049941 -0.057734 0.001421 0.000948 -0.000712 -0.003924 0.001850 -0.003701 0.008621 0.0000000 1 418.629359 418.629359 505.740581 286.574774 -0.020453 -0.024926 0.019510 -0.005656 -0.660094 0.642445 -0.268559 0.281810 -0.062419 0.031365 0.062150 0 1.00000000 0.00000000 0.00000000 1.00000000 0.00000000 1.00000000 1.00000000 0.00000000 0.00000000 1.00000000 0.00000000 1.00000000 0.00000000 0.00000000 0.00000000 0.00000000 0.00000000 0.00000000 0.00000000 0.00000000 0.00000000 0.00000000 0.00000000 0.00000000 1.00000000 0.00000000 0.00000000 0.00000000 1.00000000 
1700000016.78296 0.230877 0.115527 -0.963573 0.069830 0.034819 0.038620 0.031824 0.051497 -0.058885 -0.001072 0.001051 -0.000690 -0.004014 0.001776 -0.003731 0.008678 0.0000000 1 418.629359 418.629359 505.740581 286.574774 -0.020453 -0.024926 0.019510 -0.005656 -0.660094 0.642445 -0.268559 0.281810 -0.062419 0.031365 0.062150 0 1.00000000 0.00000000 0.00000000 1.00000000 0.00000000 1.00000000 1.00000000 0.00000000 0.00000000 1.00000000 0.00000000 1.00000000 0.00000000 0.00000000 0.00000000 0.00000000 0.00000000 0.00000000 0.00000000 0.00000000 0.00000000 0.00000000 0.00000000 0.00000000 1.00000000 0.00000000 0.00000000 0.00000000 1.00000000 
1700000016.81687 0.231648 0.116451 -0.962645 0.078062 0.036511 0.036840 0.031695 0.046510 -0.056189 -0.006278 0.001300 -0.000668 -0.003882 0.002222 -0.003587 0.008891 0.0000000 1 418.629359 418.629359 505.740581 286.574774 -0.020453 -0.024926 0.019510 -0.005656 -0.660094 0.642445 -0.268559 0.281810 -0.062419 0.031365 0.062150 0 1.00000000 0.00000000 0.00000000 1.00000000 0.00000000 1.00000000 1.00000000 0.00000000 0.00000000 1.00000000 0.00000000 1.00000000 0.00000000 0.00000000 0.00000000 0.00000000 0.00000000 0.00000000 0.00000000 0.00000000 0.00000000 0.00000000 0.00000000 0.00000000 1.00000000 0.00000000 0.00000000 0.00000000 1.00000000 
1700000016.85077 0.231526 0.118342 -0.961859 0.084957 0.038160 0.034870 0.031432 0.046265 -0.056654 -0.008613 0.001436 -0.000609 -0.003700 0.002340 -0.003551 0.008829 0.0000000 1 418.629359 418.629359 505.740581 286.574774 -0.020453 -0.024926 0.019510 -0.005656 -0.660094 0.642445 -0.268559 0.281810 -0.062419 0.031365 0.062150 0 1.00000000 0.00000000 0.00000000 1.00000000 0.00000000 1.00000000 1.00000000 0.00000000 0.00000000 1.00000000 0.00000000 1.00000000 0.00000000 0.00000000 0.00000000 0.00000000 0.00000000 0.00000000 0.00000000 0.00000000 0.00000000 0.00000000 0.00000000 0.00000000 1.00000000 0.00000000 0.00000000 0.00000000 1.00000000 
1700000016.88468 0.231136 0.120341 -0.961036 0.092219 0.039916 0.032949 0.031162 0.047191 -0.055188 -0.007755 0.001591 -0.000593 -0.003622 0.002374 -0.003716 0.008732 0.0000000 1 418.629359 418.629359 505.740581 286.574774 -0.020453 -0.024926 0.019510 -0.005656 -0.660094 0.642445 -0.268559 0.281810 -0.062419 0.031365 0.062150 0 1.00000000 0.00000000 0.00000000 1.00000000 0.00000000 1.00000000 1.00000000 0.00000000 0.00000000 1.00000000 0.00000000 1.00000000 0.00000000 0.00000000 0.00000000 0.00000000 0.00000000 0.00000000 0.00000000 0.00000000 0.00000000 0.00000000 0.00000000 0.00000000 1.00000000 0.00000000 0.00000000 0.00000000 1.00000000 
1700000016.91858 0.230802 0.122312 -0.960257 0.098371 0.041365 0.031083 0.030817 0.042035 -0.051659 -0.008020 0.001616 -0.000546 -0.003384 0.002612 -0.003680 0.008790 0.0000000 1 418.629359 418.629359 505.740581 286.574774 -0.020453 -0.024926 0.019510 -0.005656 -0.660094 0.642445 -0.268559 0.281810 -0.062419 0.031365 0.062150 0 1.00000000 0.00000000 0.00000000 1.00000000 0.00000000 1.00000000 1.00000000 0.00000000 0.00000000 1.00000000 0.00000000 1.00000000 0.00000000 0.00000000 0.00000000 0.00000000 0.00000000 0.00000000 0.00000000 0.00000000 0.00000000 0.00000000 0.00000000 0.00000000 1.00000000 0.00000000 0.00000000 0.00000000 1.00000000 
1700000016.95249 0.230523 0.123378 -0.959530 0.104587 0.042994 0.029274 0.030617 0.045618 -0.050522 -0.003609 0.001660 -0.000622 -0.003454 0.002359 -0.004104 0.008557 0.0000000 1 418.629359 418.629359 505.740581 286.574774 -0.020453 -0.024926 0.019510 -0.005656 -0.660094 0.642445 -0.268559 0.281810 -0.062419 0.031365 0.062150 0 1.00000000 0.00000000 0.00000000 1.00000000 0.00000000 1.00000000 1.00000000 0.00000000 0.00000000 1.00000000 0.00000000 1.00000000 0.00000000 0.00000000 0.00000000 0.00000000 0.00000000 0.00000000 0.00000000 0.00000000 0.00000000 0.00000000 0.00000000 0.00000000 1.00000000 0.00000000 0.00000000 0.00000000 1.00000000 
1700000016.98639 0.231389 0.124232 -0.958467 0.111207 0.044559 0.027531 0.030482 0.044143 -0.048365 -0.005418 0.001751 -0.000873 -0.003381 0.002371 -0.004324 0.008608 0.0000000 1 418.629359 418.629359 505.740581 286.574774 -0.020453 -0.024926 0.019510 -0.005656 -0.660094 0.642445 -0.268559 0.281810 -0.062419 0.031365 0.062150 0 1.00000000 0.00000000 0.00000000 1.00000000 0.00000000 1.00000000 1.00000000 0.00000000 0.00000000 1.00000000 0.00000000 1.00000000 0.00000000 0.00000000 0.00000000 0.00000000 0.00000000 0.00000000 0.00000000 0.00000000 0.00000000 0.00000000 0.00000000 0.00000000 1.00000000 0.00000000 0.00000000 0.00000000 1.00000000 
1700000017.02030 0.232137 0.124962 -0.957437 0.117518 0.046043 0.025912 0.030388 0.042155 -0.045316 -0.005715 0.001884 -0.001044 -0.003298 0.002507 -0.004397 0.008619 0.0000000 1 418.629359 418.629359 505.740581 286.574774 -0.020453 -0.024926 0.019510 -0.005656 -0.660094 0.642445 -0.268559 0.281810 -0.062419 0.031365 0.062150 0 1.00000000 0.00000000 0.00000000 1.00000000 0.00000000 1.00000000 1.00000000 0.00000000 0.00000000 1.00000000 0.00000000 1.00000000 0.00000000 0.00000000 0.00000000 0.00000000 0.00000000 0.00000000 0.00000000 0.00000000 0.00000000 0.00000000 0.00000000 0.00000000 1.00000000 0.00000000 0.00000000 0.00000000 1.00000000 
1700000017.05420 0.232696 0.126049 -0.956477 0.122945 0.047364 0.024471 0.030301 0.034495 -0.040145 -0.007023 0.002027 -0.001183 -0.002977 0.003040 -0.004373 0.008779 0.0000000 1 418.629359 418.629359 505.740581 286.574774 -0.020453 -0.024926 0.019510 -0.005656 -0.660094 0.642445 -0.268559 0.281810 -0.062419 0.031365 0.062150 0 1.00000000 0.00000000 0.00000000 1.00000000 0.00000000 1.00000000 1.00000000 0.00000000 0.00000000 1.00000000 0.00000000 1.00000000 0.00000000 0.00000000 0.00000000 0.00000000 0.00000000 0.00000000 0.00000000 0.00000000 0.00000000 0.00000000 0.00000000 0.00000000 1.00000000 0.00000000 0.00000000 0.00000000 1.00000000 
1700000017.08811 0.232823 0.127553 -0.955764 0.126646 0.048387 0.023183 0.030148 0.024139 -0.034298 -0.008664 0.002061 -0.001362 -0.002507 0.003758 -0.004367 0.009023 0.0000000 1 418.629359 418.629359 505.740581 286.574774 -0.020453 -0.024926 0.019510 -0.005656 -0.660094 0.642445 -0.268559 0.281810 -0.062419 0.031365 0.062150 0 1.00000000 0.00000000 0.00000000 1.00000000 0.00000000 1.00000000 1.00000000 0.00000000 0.00000000 1.00000000 0.00000000 1.00000000 0.00000000 0.00000000 0.00000000 0.00000000 0.00000000 0.00000000 0.00000000 0.00000000 0.00000000 0.00000000 0.00000000 0.00000000 1.00000000 0.00000000 0.00000000 0.00000000 1.00000000 
1700000017.12201 0.232552 0.129628 -0.955337 0.128249 0.048996 0.021910 0.029885 0.011801 -0.028510 -0.008637 0.002095 -0.001413 -0.001992 0.004292 -0.004274 0.009207 0.0000000 1 418.629359 418.629359 505.740581 286.574774 -0.020453 -0.024926 0.019510 -0.005656 -0.660094 0.642445 -0.268559 0.281810 -0.062419 0.031365 0.062150 0 1.00000000 0.00000000 0.00000000 1.00000000 0.00000000 1.00000000 1.00000000 0.00000000 0.00000000 1.00000000 0.00000000 1.00000000 0.00000000 0.00000000 0.00000000 0.00000000 0.00000000 0.00000000 0.00000000 0.00000000 0.00000000 0.00000000 0.00000000 0.00000000 1.00000000 0.00000000 0.00000000 0.00000000 1.00000000 
1700000017.15592 0.231948 0.130483 -0.955162 0.129769 0.049514 0.020696 0.029795 0.009437 -0.023818 0.000563 0.002018 -0.001443 -0.001820 0.004143 -0.004558 0.008968 0.0000000 1 418.629359 418.629359 505.740581 286.574774 -0.020453 -0.024926 0.019510 -0.005656 -0.660094 0.642445 -0.268559 0.281810 -0.062419 0.031365 0.062150 0 1.00000000 0.00000000 0.00000000 1.00000000 0.00000000 1.00000000 1.00000000 0.00000000 0.00000000 1.00000000 0.00000000 1.00000000 0.00000000 0.00000000 0.00000000 0.00000000 0.00000000 0.00000000 0.00000000 0.00000000 0.00000000 0.00000000 0.00000000 0.00000000 1.00000000 0.00000000 0.00000000 0.00000000 1.00000000 
1700000017.18982 0.232271 0.130588 -0.954796 0.131761 0.049806 0.019801 0.029918 0.001217 -0.019736 0.001993 0.002031 -0.001679 -0.001593 0.004357 -0.004947 0.009027 0.0000000 1 418.629359 418.629359 505.740581 286.574774 -0.020453 -0.024926 0.019510 -0.005656 -0.660094 0.642445 -0.268559 0.281810 -0.062419 0.031365 0.062150 0 1.00000000 0.00000000 0.00000000 1.00000000 0.00000000 1.00000000 1.00000000 0.00000000 0.00000000 1.00000000 0.00000000 1.00000000 0.00000000 0.00000000 0.00000000 0.00000000 0.00000000 0.00000000 0.00000000 0.00000000 0.00000000 0.00000000 0.00000000 0.00000000 1.00000000 0.00000000 0.00000000 0.00000000 1.00000000 
1700000017.22373 0.232710 0.130224 -0.954652 0.132392 0.049683 0.019093 0.030074 -0.009249 -0.013936 0.002867 0.002044 -0.001785 -0.001272 0.004733 -0.004986 0.009139 0.0000000 1 418.629359 418.629359 505.740581 286.574774 -0.020453 -0.024926 0.019510 -0.005656 -0.660094 0.642445 -0.268559 0.281810 -0.062419 0.031365 0.062150 0 1.00000000 0.00000000 0.00000000 1.00000000 0.00000000 1.00000000 1.00000000 0.00000000 0.00000000 1.00000000 0.00000000 1.00000000 0.00000000 0.00000000 0.00000000 0.00000000 0.00000000 0.00000000 0.00000000 0.00000000 0.00000000 0.00000000 0.00000000 0.00000000 1.00000000 0.00000000 0.00000000 0.00000000 1.00000000 
1700000017.25763 0.233169 0.130136 -0.954658 0.131627 0.049357 0.018740 0.030050 -0.017907 -0.005966 -0.002191 0.002146 -0.001885 -0.000830 0.005492 -0.005328 0.009527 0.0000000 1 418.629359 418.629359 505.740581 286.574774 -0.020453 -0.024926 0.019510 -0.005656 -0.660094 0.642445 -0.268559 0.281810 -0.062419 0.031365 0.062150 0 1.00000000 0.00000000 0.00000000 1.00000000 0.00000000 1.00000000 1.00000000 0.00000000 0.00000000 1.00000000 0.00000000 1.00000000 0.00000000 0.00000000 0.00000000 0.00000000 0.00000000 0.00000000 0.00000000 0.00000000 0.00000000 0.00000000 0.00000000 0.00000000 1.00000000 0.00000000 0.00000000 0.00000000 1.00000000 
1700000017.29154 0.233306 0.130335 -0.954853 0.129754 0.048632 0.018427 0.030074 -0.024384 -0.000418 0.001765 0.002110 -0.001939 -0.000461 0.005792 -0.005270 0.009594 0.0000000 1 418.629359 418.629359 505.740581 286.574774 -0.020453 -0.024926 0.019510 -0.005656 -0.660094 0.642445 -0.268559 0.281810 -0.062419 0.031365 0.062150 0 1.00000000 0.00000000 0.00000000 1.00000000 0.00000000 1.00000000 1.00000000 0.00000000 0.00000000 1.00000000 0.00000000 1.00000000 0.00000000 0.00000000 0.00000000 0.00000000 0.00000000 0.00000000 0.00000000 0.00000000 0.00000000 0.00000000 0.00000000 0.00000000 1.00000000 0.00000000 0.00000000 0.00000000 1.00000000 
1700000017.32544 0.233244 0.129712 -0.955197 0.127946 0.047843 0.018359 0.030146 -0.027324 0.001811 0.004588 0.002062 -0.001978 -0.000282 0.005980 -0.005500 0.009721 0.0000000 1 418.629359 418.629359 505.740581 286.574774 -0.020453 -0.024926 0.019510 -0.005656 -0.660094 0.642445 -0.268559 0.281810 -0.062419 0.031365 0.062150 0 1.00000000 0.00000000 0.00000000 1.00000000 0.00000000 1.00000000 1.00000000 0.00000000 0.00000000 1.00000000 0.00000000 1.00000000 0.00000000 0.00000000 0.00000000 0.00000000 0.00000000 0.00000000 0.00000000 0.00000000 0.00000000 0.00000000 0.00000000 0.00000000 1.00000000 0.00000000 0.00000000 0.00000000 1.00000000 
1700000017.35935 0.233223 0.129189 -0.955512 0.126151 0.047001 0.018363 0.030306 -0.026098 0.004648 0.005553 0.002043 -0.001995 -0.000131 0.006189 -0.005690 0.009787 0.0000000 1 418.629359 418.629359 505.740581 286.574774 -0.020453 -0.024926 0.019510 -0.005656 -0.660094 0.642445 -0.268559 0.281810 -0.062419 0.031365 0.062150 0 1.00000000 0.00000000 0.00000000 1.00000000 0.00000000 1.00000000 1.00000000 0.00000000 0.00000000 1.00000000 0.00000000 1.00000000 0.00000000 0.00000000 0.00000000 0.00000000 0.00000000 0.00000000 0.00000000 0.00000000 0.00000000 0.00000000 0.00000000 0.00000000 1.00000000 0.00000000 0.00000000 0.00000000 1.00000000 
1700000017.39325 0.232591 0.128669 -0.956002 0.124121 0.046188 0.018605 0.030469 -0.026744 0.007471 0.004575 0.002044 -0.001948 0.000052 0.006597 -0.005814 0.009952 0.0000000 1 418.629359 418.629359 505.740581 286.574774 -0.020453 -0.024926 0.019510 -0.005656 -0.660094 0.642445 -0.268559 0.281810 -0.062419 0.031365 0.062150 0 1.00000000 0.00000000 0.00000000 1.00000000 0.00000000 1.00000000 1.00000000 0.00000000 0.00000000 1.00000000 0.00000000 1.00000000 0.00000000 0.00000000 0.00000000 0.00000000 0.00000000 0.00000000 0.00000000 0.00000000 0.00000000 0.00000000 0.00000000 0.00000000 1.00000000 0.00000000 0.00000000 0.00000000 1.00000000 
1700000017.42716 0.232234 0.128614 -0.956442 0.121428 0.045314 0.018925 0.030510 -0.028236 0.009830 0.002064 0.001986 -0.001939 0.000246 0.006989 -0.005985 0.010176 0.0000000 1 418.629359 418.629359 505.740581 286.574774 -0.020453 -0.024926 0.019510 -0.005656 -0.660094 0.642445 -0.268559 0.281810 -0.062419 0.031365 0.062150 0 1.00000000 0.00000000 0.00000000 1.00000000 0.00000000 1.00000000 1.00000000 0.00000000 0.00000000 1.00000000 0.00000000 1.00000000 0.00000000 0.00000000 0.00000000 0.00000000 0.00000000 0.00000000 0.00000000 0.00000000 0.00000000 0.00000000 0.00000000 0.00000000 1.00000000 0.00000000 0.00000000 0.00000000 1.00000000 
1700000017.46106 0.231718 0.128365 -0.956993 0.118296 0.044440 0.019348 0.030534 -0.029017 0.013121 0.001283 0.001926 -0.001865 0.000436 0.007318 -0.006142 0.010301 0.0000000 1 418.629359 418.629359 505.740581 286.574774 -0.020453 -0.024926 0.019510 -0.005656 -0.660094 0.642445 -0.268559 0.281810 -0.062419 0.031365 0.062150 0 1.00000000 0.00000000 0.00000000 1.00000000 0.00000000 1.00000000 1.00000000 0.00000000 0.00000000 1.00000000 0.00000000 1.00000000 0.00000000 0.00000000 0.00000000 0.00000000 0.00000000 0.00000000 0.00000000 0.00000000 0.00000000 0.00000000 0.00000000 0.00000000 1.00000000 0.00000000 0.00000000 0.00000000 1.00000000 
1700000017.49497 0.231434 0.128022 -0.957508 0.115009 0.043537 0.019841 0.030470 -0.029821 0.015566 -0.001069 0.001857 -0.001805 0.000558 0.007509 -0.006338 0.010371 0.0000000 1 418.629359 418.629359 505.740581 286.574774 -0.020453 -0.024926 0.019510 -0.005656 -0.660094 0.642445 -0.268559 0.281810 -0.062419 0.031365 0.062150 0 1.00000000 0.00000000 0.00000000 1.00000000 0.00000000 1.00000000 1.00000000 0.00000000 0.00000000 1.00000000 0.00000000 1.00000000 0.00000000 0.00000000 0.00000000 0.00000000 0.00000000 0.00000000 0.00000000 0.00000000 0.00000000 0.00000000 0.00000000 0.00000000 1.00000000 0.00000000 0.00000000 0.00000000 1.00000000 
1700000017.52887 0.231446 0.127080 -0.958034 0.111597 0.042639 0.020437 0.030290 -0.030458 0.017581 -0.003716 0.001685 -0.001761 0.000711 0.007636 -0.006594 0.010462 0.0000000 1 418.629359 418.629359 505.740581 286.574774 -0.020453 -0.024926 0.019510 -0.005656 -0.660094 0.642445 -0.268559 0.281810 -0.062419 0.031365 0.062150 0 1.00000000 0.00000000 0.00000000 1.00000000 0.00000000 1.00000000 1.00000000 0.00000000 0.00000000 1.00000000 0.00000000 1.00000000 0.00000000 0.00000000 0.00000000 0.00000000 0.00000000 0.00000000 0.00000000 0.00000000 0.00000000 0.00000000 0.00000000 0.00000000 1.00000000 0.00000000 0.00000000 0.00000000 1.00000000 
1700000017.56278 0.231874 0.126116 -0.958516 0.107594 0.041647 0.021192 0.029916 -0.034161 0.019805 -0.012154 0.001594 -0.001666 0.000916 0.007974 -0.006775 0.010666 0.0000000 1 418.629359 418.629359 505.740581 286.574774 -0.020453 -0.024926 0.019510 -0.005656 -0.660094 0.642445 -0.268559 0.281810 -0.062419 0.031365 0.062150 0 1.00000000 0.00000000 0.00000000 1.00000000 0.00000000 1.00000000 1.00000000 0.00000000 0.00000000 1.00000000 0.00000000 1.00000000 0.00000000 0.00000000 0.00000000 0.00000000 0.00000000 0.00000000 0.00000000 0.00000000 0.00000000 0.00000000 0.00000000 0.00000000 1.00000000 0.00000000 0.00000000 0.00000000 1.00000000 
1700000017.59668 0.232661 0.125399 -0.958909 0.103138 0.040519 0.022133 0.029175 -0.035500 0.024094 -0.022477 0.001538 -0.001548 0.001013 0.008294 -0.006924 0.010878 0.0000000 1 418.629359 418.629359 505.740581 286.574774 -0.020453 -0.024926 0.019510 -0.005656 -0.660094 0.642445 -0.268559 0.281810 -0.062419 0.031365 0.062150 0 1.00000000 0.00000000 0.00000000 1.00000000 0.00000000 1.00000000 1.00000000 0.00000000 0.00000000 1.00000000 0.00000000 1.00000000 0.00000000 0.00000000 0.00000000 0.00000000 0.00000000 0.00000000 0.00000000 0.00000000 0.00000000 0.00000000 0.00000000 0.00000000 1.00000000 0.00000000 0.00000000 0.00000000 1.00000000 
1700000017.63059 0.233361 0.124726 -0.959346 0.098186 0.039295 0.023127 0.028399 -0.036152 0.027935 -0.023350 0.001379 -0.001435 0.001206 0.008579 -0.006811 0.010870 0.0000000 1 418.629359 418.629359 505.740581 286.574774 -0.020453 -0.024926 0.019510 -0.005656 -0.660094 0.642445 -0.268559 0.281810 -0.062419 0.031365 0.062150 0 1.00000000 0.00000000 0.00000000 1.00000000 0.00000000 1.00000000 1.00000000 0.00000000 0.00000000 1.00000000 0.00000000 1.00000000 0.00000000 0.00000000 0.00000000 0.00000000 0.00000000 0.00000000 0.00000000 0.00000000 0.00000000 0.00000000 0.00000000 0.00000000 1.00000000 0.00000000 0.00000000 0.00000000 1.00000000 
1700000017.66449 0.233709 0.123733 -0.959971 0.092339 0.038075 0.024365 0.027622 -0.036714 0.032369 -0.021408 0.001185 -0.001325 0.001368 0.008917 -0.006804 0.010877 0.0000000 1 418.629359 418.629359 505.740581 286.574774 -0.020453 -0.024926 0.019510 -0.005656 -0.660094 0.642445 -0.268559 0.281810 -0.062419 0.031365 0.062150 0 1.00000000 0.00000000 0.00000000 1.00000000 0.00000000 1.00000000 1.00000000 0.00000000 0.00000000 1.00000000 0.00000000 1.00000000 0.00000000 0.00000000 0.00000000 0.00000000 0.00000000 0.00000000 0.00000000 0.00000000 0.00000000 0.00000000 0.00000000 0.00000000 1.00000000 0.00000000 0.00000000 0.00000000 1.00000000 
1700000017.69840 0.234351 0.122572 -0.960543 0.086096 0.036987 0.025728 0.026850 -0.032769 0.035912 -0.019955 0.001048 -0.001242 0.001464 0.009132 -0.006968 0.010870 0.0000000 1 418.629359 418.629359 505.740581 286.574774 -0.020453 -0.024926 0.019510 -0.005656 -0.660094 0.642445 -0.268559 0.281810 -0.062419 0.031365 0.062150 0 1.00000000 0.00000000 0.00000000 1.00000000 0.00000000 1.00000000 1.00000000 0.00000000 0.00000000 1.00000000 0.00000000 1.00000000 0.00000000 0.00000000 0.00000000 0.00000000 0.00000000 0.00000000 0.00000000 0.00000000 0.00000000 0.00000000 0.00000000 0.00000000 1.00000000 0.00000000 0.00000000 0.00000000 1.00000000 
1700000017.73230 0.235301 0.121300 -0.960996 0.080043 0.036117 0.027173 0.026137 -0.026039 0.037911 -0.016811 0.000905 -0.001139 0.001417 0.009122 -0.007144 0.010786 0.0000000 1 418.629359 418.629359 505.740581 286.574774 -0.020453 -0.024926 0.019510 -0.005656 -0.660094 0.642445 -0.268559 0.281810 -0.062419 0.031365 0.062150 0 1.00000000 0.00000000 0.00000000 1.00000000 0.00000000 1.00000000 1.00000000 0.00000000 0.00000000 1.00000000 0.00000000 1.00000000 0.00000000 0.00000000 0.00000000 0.00000000 0.00000000 0.00000000 0.00000000 0.00000000 0.00000000 0.00000000 0.00000000 0.00000000 1.00000000 0.00000000 0.00000000 0.00000000 1.00000000 
1700000017.76621 0.236220 0.119694 -0.961387 0.074894 0.035353 0.028695 0.025484 -0.020941 0.038988 -0.014670 0.000819 -0.001017 0.001289 0.009033 -0.007213 0.010745 0.0000000 1 418.629359 418.629359 505.740581 286.574774 -0.020453 -0.024926 0.019510 -0.005656 -0.660094 0.642445 -0.268559 0.281810 -0.062419 0.031365 0.062150 0 1.00000000 0.00000000 0.00000000 1.00000000 0.00000000 1.00000000 1.00000000 0.00000000 0.00000000 1.00000000 0.00000000 1.00000000 0.00000000 0.00000000 0.00000000 0.00000000 0.00000000 0.00000000 0.00000000 0.00000000 0.00000000 0.00000000 0.00000000 0.00000000 1.00000000 0.00000000 0.00000000 0.00000000 1.00000000 
1700000017.80011 0.237067 0.118844 -0.961682 0.069585 0.034481 0.030424 0.024696 -0.024640 0.041419 -0.021833 0.000885 -0.000835 0.001201 0.009220 -0.007080 0.010922 0.0000000 1 418.629359 418.629359 505.740581 286.574774 -0.020453 -0.024926 0.019510 -0.005656 -0.660094 0.642445 -0.268559 0.281810 -0.062419 0.031365 0.062150 0 1.00000000 0.00000000 0.00000000 1.00000000 0.00000000 1.00000000 1.00000000 0.00000000 0.00000000 1.00000000 0.00000000 1.00000000 0.00000000 0.00000000 0.00000000 0.00000000 0.00000000 0.00000000 0.00000000 0.00000000 0.00000000 0.00000000 0.00000000 0.00000000 1.00000000 0.00000000 0.00000000 0.00000000 1.00000000 
1700000017.83402 0.237696 0.118471 -0.961945 0.064249 0.033713 0.032064 0.023710 -0.023252 0.042588 -0.025034 0.000842 -0.000707 0.001079 0.009098 -0.007121 0.010922 0.0000000 1 418.629359 418.629359 505.740581 286.574774 -0.020453 -0.024926 0.019510 -0.005656 -0.660094 0.642445 -0.268559 0.281810 -0.062419 0.031365 0.062150 0 1.00000000 0.00000000 0.00000000 1.00000000 0.00000000 1.00000000 1.00000000 0.00000000 0.00000000 1.00000000 0.00000000 1.00000000 0.00000000 0.00000000 0.00000000 0.00000000 0.00000000 0.00000000 0.00000000 0.00000000 0.00000000 0.00000000 0.00000000 0.00000000 1.00000000 0.00000000 0.00000000 0.00000000 1.00000000 
1700000017.86792 0.237794 0.118678 -0.962296 0.057934 0.032902 0.033313 0.022615 -0.029728 0.040145 -0.027518 0.000765 -0.000541 0.001559 0.008835 -0.007095 0.010842 0.0000000 1 418.629359 418.629359 505.740581 286.574774 -0.020453 -0.024926 0.019510 -0.005656 -0.660094 0.642445 -0.268559 0.281810 -0.062419 0.031365 0.062150 0 1.00000000 0.00000000 0.00000000 1.00000000 0.00000000 1.00000000 1.00000000 0.00000000 0.00000000 1.00000000 0.00000000 1.00000000 0.00000000 0.00000000 0.00000000 0.00000000 0.00000000 0.00000000 0.00000000 0.00000000 0.00000000 0.00000000 0.00000000 0.00000000 1.00000000 0.00000000 0.00000000 0.00000000 1.00000000 
1700000017.90183 0.237649 0.118299 -0.962808 0.050289 0.031852 0.034694 0.021765 -0.036075 0.043160 -0.020680 0.000572 -0.000484 0.001941 0.008781 -0.007131 0.010657 0.0000000 1 418.629359 418.629359 505.740581 286.574774 -0.020453 -0.024926 0.019510 -0.005656 -0.660094 0.642445 -0.268559 0.281810 -0.062419 0.031365 0.062150 0 1.00000000 0.00000000 0.00000000 1.00000000 0.00000000 1.00000000 1.00000000 0.00000000 0.00000000 1.00000000 0.00000000 1.00000000 0.00000000 0.00000000 0.00000000 0.00000000 0.00000000 0.00000000 0.00000000 0.00000000 0.00000000 0.00000000 0.00000000 0.00000000 1.00000000 0.00000000 0.00000000 0.00000000 1.00000000 
1700000017.93573 0.238386 0.116855 -0.963189 0.042241 0.030633 0.036308 0.021113 -0.040427 0.049075 -0.014792 0.000284 -0.000602 0.002278 0.008726 -0.007308 0.010580 0.0000000 1 418.629359 418.629359 505.740581 286.574774 -0.020453 -0.024926 0.019510 -0.005656 -0.660094 0.642445 -0.268559 0.281810 -0.062419 0.031365 0.062150 0 1.00000000 0.00000000 0.00000000 1.00000000 0.00000000 1.00000000 1.00000000 0.00000000 0.00000000 1.00000000 0.00000000 1.00000000 0.00000000 0.00000000 0.00000000 0.00000000 0.00000000 0.00000000 0.00000000 0.00000000 0.00000000 0.00000000 0.00000000 0.00000000 1.00000000 0.00000000 0.00000000 0.00000000 1.00000000 
1700000017.96964 0.239354 0.114235 -0.963617 0.033199 0.029093 0.037921 0.020790 -0.047634 0.052155 -0.006617 -0.000062 -0.000771 0.002746 0.008600 -0.007307 0.010385 0.0000000 1 418.629359 418.629359 505.740581 286.574774 -0.020453 -0.024926 0.019510 -0.005656 -0.660094 0.642445 -0.268559 0.281810 -0.062419 0.031365 0.062150 0 1.00000000 0.00000000 0.00000000 1.00000000 0.00000000 1.00000000 1.00000000 0.00000000 0.00000000 1.00000000 0.00000000 1.00000000 0.00000000 0.00000000 0.00000000 0.00000000 0.00000000 0.00000000 0.00000000 0.00000000 0.00000000 0.00000000 0.00000000 0.00000000 1.00000000 0.00000000 0.00000000 0.00000000 1.00000000 
1700000018.00354 0.240308 0.110310 -0.964128 0.023283 0.027530 0.039469 0.020793 -0.048122 0.053391 0.003708 -0.000383 -0.000981 0.003146 0.008405 -0.007400 0.010206 0.0000000 1 418.629359 418.629359 505.740581 286.574774 -0.020453 -0.024926 0.019510 -0.005656 -0.660094 0.642445 -0.268559 0.281810 -0.062419 0.031365 0.062150 0 1.00000000 0.00000000 0.00000000 1.00000000 0.00000000 1.00000000 1.00000000 0.00000000 0.00000000 1.00000000 0.00000000 1.00000000 0.00000000 0.00000000 0.00000000 0.00000000 0.00000000 0.00000000 0.00000000 0.00000000 0.00000000 0.00000000 0.00000000 0.00000000 1.00000000 0.00000000 0.00000000 0.00000000 1.00000000 
1700000018.03745 0.241361 0.105795 -0.964559 0.013349 0.025756 0.041161 0.020908 -0.052941 0.055262 0.006293 -0.000616 -0.001236 0.003628 0.008230 -0.007421 0.010283 0.0000000 1 418.629359 418.629359 505.740581 286.574774 -0.020453 -0.024926 0.019510 -0.005656 -0.660094 0.642445 -0.268559 0.281810 -0.062419 0.031365 0.062150 0 1.00000000 0.00000000 0.00000000 1.00000000 0.00000000 1.00000000 1.00000000 0.00000000 0.00000000 1.00000000 0.00000000 1.00000000 0.00000000 0.00000000 0.00000000 0.00000000 0.00000000 0.00000000 0.00000000 0.00000000 0.00000000 0.00000000 0.00000000 0.00000000 1.00000000 0.00000000 0.00000000 0.00000000 1.00000000 
1700000018.07135 0.241502 0.101339 -0.965091 0.002417 0.023714 0.043233 0.020810 -0.060503 0.060728 0.001143 -0.000865 -0.001287 0.004045 0.008129 -0.007370 0.010573 0.0000000 1 418.629359 418.629359 505.740581 286.574774 -0.020453 -0.024926 0.019510 -0.005656 -0.660094 0.642445 -0.268559 0.281810 -0.062419 0.031365 0.062150 0 1.00000000 0.00000000 0.00000000 1.00000000 0.00000000 1.00000000 1.00000000 0.00000000 0.00000000 1.00000000 0.00000000 1.00000000 0.00000000 0.00000000 0.00000000 0.00000000 0.00000000 0.00000000 0.00000000 0.00000000 0.00000000 0.00000000 0.00000000 0.00000000 1.00000000 0.00000000 0.00000000 0.00000000 1.00000000 
1700000018.10526 -0.240713 -0.098146 0.965575 0.009448 0.021725 0.045671 0.020470 -0.063161 0.069019 -0.008796 -0.000827 -0.001155 0.004482 0.008108 -0.007435 0.010811 0.0000000 1 418.629359 418.629359 505.740581 286.574774 -0.020453 -0.024926 0.019510 -0.005656 -0.660094 0.642445 -0.268559 0.281810 -0.062419 0.031365 0.062150 0 1.00000000 0.00000000 0.00000000 1.00000000 0.00000000 1.00000000 1.00000000 0.00000000 0.00000000 1.00000000 0.00000000 1.00000000 0.00000000 0.00000000 0.00000000 0.00000000 0.00000000 0.00000000 0.00000000 0.00000000 0.00000000 0.00000000 0.00000000 0.00000000 1.00000000 0.00000000 0.00000000 0.00000000 1.00000000 
1700000018.13916 -0.239772 -0.095853 0.965841 0.021754 0.019857 0.048195 0.020370 -0.058606 0.074526 -0.006026 -0.001043 -0.001159 0.004769 0.008244 -0.007496 0.010545 0.0000000 1 418.629359 418.629359 505.740581 286.574774 -0.020453 -0.024926 0.019510 -0.005656 -0.660094 0.642445 -0.268559 0.281810 -0.062419 0.031365 0.062150 0 1.00000000 0.00000000 0.00000000 1.00000000 0.00000000 1.00000000 1.00000000 0.00000000 0.00000000 1.00000000 0.00000000 1.00000000 0.00000000 0.00000000 0.00000000 0.00000000 0.00000000 0.00000000 0.00000000 0.00000000 0.00000000 0.00000000 0.00000000 0.00000000 1.00000000 0.00000000 0.00000000 0.00000000 1.00000000 
1700000018.17307 -0.239009 -0.092847 0.965986 0.033548 0.018378 0.050823 0.020715 -0.048908 0.077125 0.006248 -0.001404 -0.001286 0.004936 0.008448 -0.007583 0.010036 0.0000000 1 418.629359 418.629359 505.740581 286.574774 -0.020453 -0.024926 0.019510 -0.005656 -0.660094 0.642445 -0.268559 0.281810 -0.062419 0.031365 0.062150 0 1.00000000 0.00000000 0.00000000 1.00000000 0.00000000 1.00000000 1.00000000 0.00000000 0.00000000 1.00000000 0.00000000 1.00000000 0.00000000 0.00000000 0.00000000 0.00000000 0.00000000 0.00000000 0.00000000 0.00000000 0.00000000 0.00000000 0.00000000 0.00000000 1.00000000 0.00000000 0.00000000 0.00000000 1.00000000 
1700000018.20697 -0.238920 -0.088982 0.965947 0.044108 0.017511 0.053403 0.021211 -0.036426 0.075330 0.011222 -0.001611 -0.001270 0.005019 0.008492 -0.007678 0.009841 0.0000000 1 418.629359 418.629359 505.740581 286.574774 -0.020453 -0.024926 0.019510 -0.005656 -0.660094 0.642445 -0.268559 0.281810 -0.062419 0.031365 0.062150 0 1.00000000 0.00000000 0.00000000 1.00000000 0.00000000 1.00000000 1.00000000 0.00000000 0.00000000 1.00000000 0.00000000 1.00000000 0.00000000 0.00000000 0.00000000 0.00000000 0.00000000 0.00000000 0.00000000 0.00000000 0.00000000 0.00000000 0.00000000 0.00000000 1.00000000 0.00000000 0.00000000 0.00000000 1.00000000 
1700000018.24088 -0.239737 -0.084772 0.965691 0.052734 0.016506 0.056355 0.021646 -0.025924 0.077997 0.012272 -0.001644 -0.001258 0.004601 0.008451 -0.007682 0.009882 0.0000000 1 418.629359 418.629359 505.740581 286.574774 -0.020453 -0.024926 0.019510 -0.005656 -0.660094 0.642445 -0.268559 0.281810 -0.062419 0.031365 0.062150 0 1.00000000 0.00000000 0.00000000 1.00000000 0.00000000 1.00000000 1.00000000 0.00000000 0.00000000 1.00000000 0.00000000 1.00000000 0.00000000 0.00000000 0.00000000 0.00000000 0.00000000 0.00000000 0.00000000 0.00000000 0.00000000 0.00000000 0.00000000 0.00000000 1.00000000 0.00000000 0.00000000 0.00000000 1.00000000 
1700000018.27478 -0.240293 -0.081543 0.965366 0.060647 0.015599 0.059446 0.021373 -0.025579 0.080836 -0.003874 -0.001542 -0.000944 0.004403 0.008095 -0.007748 0.010304 0.0000000 1 418.629359 418.629359 505.740581 286.574774 -0.020453 -0.024926 0.019510 -0.005656 -0.660094 0.642445 -0.268559 0.281810 -0.062419 0.031365 0.062150 0 1.00000000 0.00000000 0.00000000 1.00000000 0.00000000 1.00000000 1.00000000 0.00000000 0.00000000 1.00000000 0.00000000 1.00000000 0.00000000 0.00000000 0.00000000 0.00000000 0.00000000 0.00000000 0.00000000 0.00000000 0.00000000 0.00000000 0.00000000 0.00000000 1.00000000 0.00000000 0.00000000 0.00000000 1.00000000 
1700000018.30869 -0.240674 -0.080014 0.964843 0.068928 0.014786 0.062567 0.020866 -0.019167 0.085221 -0.008545 -0.001470 -0.000576 0.004183 0.007867 -0.007798 0.010472 0.0000000 1 418.629359 418.629359 505.740581 286.574774 -0.020453 -0.024926 0.019510 -0.005656 -0.660094 0.642445 -0.268559 0.281810 -0.062419 0.031365 0.062150 0 1.00000000 0.00000000 0.00000000 1.00000000 0.00000000 1.00000000 1.00000000 0.00000000 0.00000000 1.00000000 0.00000000 1.00000000 0.00000000 0.00000000 0.00000000 0.00000000 0.00000000 0.00000000 0.00000000 0.00000000 0.00000000 0.00000000 0.00000000 0.00000000 1.00000000 0.00000000 0.00000000 0.00000000 1.00000000 
1700000018.34259 -0.240159 -0.079616 0.964356 0.077474 0.014144 0.065599 0.020322 -0.019688 0.089294 -0.010387 -0.001463 -0.000111 0.004299 0.007659 -0.007935 0.010551 0.0000000 1 418.629359 418.629359 505.740581 286.574774 -0.020453 -0.024926 0.019510 -0.005656 -0.660094 0.642445 -0.268559 0.281810 -0.062419 0.031365 0.062150 0 1.00000000 0.00000000 0.00000000 1.00000000 0.00000000 1.00000000 1.00000000 0.00000000 0.00000000 1.00000000 0.00000000 1.00000000 0.00000000 0.00000000 0.00000000 0.00000000 0.00000000 0.00000000 0.00000000 0.00000000 0.00000000 0.00000000 0.00000000 0.00000000 1.00000000 0.00000000 0.00000000 0.00000000 1.00000000 
1700000018.37650 -0.239549 -0.079714 0.963693 0.086941 0.013531 0.068889 0.020206 -0.020933 0.097038 -0.003895 -0.001672 0.000106 0.004400 0.007727 -0.007958 0.010279 0.0000000 1 418.629359 418.629359 505.740581 286.574774 -0.020453 -0.024926 0.019510 -0.005656 -0.660094 0.642445 -0.268559 0.281810 -0.062419 0.031365 0.062150 0 1.00000000 0.00000000 0.00000000 1.00000000 0.00000000 1.00000000 1.00000000 0.00000000 0.00000000 1.00000000 0.00000000 1.00000000 0.00000000 0.00000000 0.00000000 0.00000000 0.00000000 0.00000000 0.00000000 0.00000000 0.00000000 0.00000000 0.00000000 0.00000000 1.00000000 0.00000000 0.00000000 0.00000000 1.00000000 
1700000018.41040 -0.239628 -0.079184 0.962913 0.095426 0.013209 0.072214 0.020789 -0.012208 0.099466 0.006640 -0.001617 0.000061 0.004205 0.008062 -0.007699 0.010023 0.0000000 1 418.629359 418.629359 505.740581 286.574774 -0.020453 -0.024926 0.019510 -0.005656 -0.660094 0.642445 -0.268559 0.281810 -0.062419 0.031365 0.062150 0 1.00000000 0.00000000 0.00000000 1.00000000 0.00000000 1.00000000 1.00000000 0.00000000 0.00000000 1.00000000 0.00000000 1.00000000 0.00000000 0.00000000 0.00000000 0.00000000 0.00000000 0.00000000 0.00000000 0.00000000 0.00000000 0.00000000 0.00000000 0.00000000 1.00000000 0.00000000 0.00000000 0.00000000 1.00000000 
1700000018.44431 -0.239795 -0.078162 0.962249 0.102303 0.013179 0.075717 0.020785 -0.008597 0.101626 -0.003461 -0.001501 0.000298 0.004151 0.008011 -0.007558 0.010287 0.0000000 1 418.629359 418.629359 505.740581 286.574774 -0.020453 -0.024926 0.019510 -0.005656 -0.660094 0.642445 -0.268559 0.281810 -0.062419 0.031365 0.062150 0 1.00000000 0.00000000 0.00000000 1.00000000 0.00000000 1.00000000 1.00000000 0.00000000 0.00000000 1.00000000 0.00000000 1.00000000 0.00000000 0.00000000 0.00000000 0.00000000 0.00000000 0.00000000 0.00000000 0.00000000 0.00000000 0.00000000 0.00000000 0.00000000 1.00000000 0.00000000 0.00000000 0.00000000 1.00000000 
1700000018.47821 -0.240175 -0.078004 0.961384 0.109415 0.012515 0.079355 0.020851 -0.018681 0.103211 -0.004761 -0.001481 0.000283 0.004178 0.008149 -0.007708 0.010113 0.0000000 1 418.629359 418.629359 505.740581 286.574774 -0.020453 -0.024926 0.019510 -0.005656 -0.660094 0.642445 -0.268559 0.281810 -0.062419 0.031365 0.062150 0 1.00000000 0.00000000 0.00000000 1.00000000 0.00000000 1.00000000 1.00000000 0.00000000 0.00000000 1.00000000 0.00000000 1.00000000 0.00000000 0.00000000 0.00000000 0.00000000 0.00000000 0.00000000 0.00000000 0.00000000 0.00000000 0.00000000 0.00000000 0.00000000 1.00000000 0.00000000 0.00000000 0.00000000 1.00000000 
1700000018.51212 -0.240400 -0.077071 0.960767 0.114867 0.012559 0.082845 0.021632 -0.001219 0.093942 0.011077 -0.001305 0.000167 0.003770 0.008749 -0.007070 0.009979 0.0000000 1 418.629359 418.629359 505.740581 286.574774 -0.020453 -0.024926 0.019510 -0.005656 -0.660094 0.642445 -0.268559 0.281810 -0.062419 0.031365 0.062150 0 1.00000000 0.00000000 0.00000000 1.00000000 0.00000000 1.00000000 1.00000000 0.00000000 0.00000000 1.00000000 0.00000000 1.00000000 0.00000000 0.00000000 0.00000000 0.00000000 0.00000000 0.00000000 0.00000000 0.00000000 0.00000000 0.00000000 0.00000000 0.00000000 1.00000000 0.00000000 0.00000000 0.00000000 1.00000000 
1700000018.54602 -0.241680 -0.075349 0.960382 0.116536 0.012908 0.086055 0.022777 0.013691 0.082890 0.022300 -0.000965 -0.000067 0.003041 0.009153 -0.006607 0.009991 0.0000000 1 418.629359 418.629359 505.740581 286.574774 -0.020453 -0.024926 0.019510 -0.005656 -0.660094 0.642445 -0.268559 0.281810 -0.062419 0.031365 0.062150 0 1.00000000 0.00000000 0.00000000 1.00000000 0.00000000 1.00000000 1.00000000 0.00000000 0.00000000 1.00000000 0.00000000 1.00000000 0.00000000 0.00000000 0.00000000 0.00000000 0.00000000 0.00000000 0.00000000 0.00000000 0.00000000 0.00000000 0.00000000 0.00000000 1.00000000 0.00000000 0.00000000 0.00000000 1.00000000 
1700000018.57993 -0.242509 -0.073460 0.960353 0.116255 0.013298 0.088942 0.023684 0.017023 0.070557 0.022935 -0.000611 0.000028 0.002631 0.009353 -0.006732 0.010219 0.0000000 1 418.629359 418.629359 505.740581 286.574774 -0.020453 -0.024926 0.019510 -0.005656 -0.660094 0.642445 -0.268559 0.281810 -0.062419 0.031365 0.062150 0 1.00000000 0.00000000 0.00000000 1.00000000 0.00000000 1.00000000 1.00000000 0.00000000 0.00000000 1.00000000 0.00000000 1.00000000 0.00000000 0.00000000 0.00000000 0.00000000 0.00000000 0.00000000 0.00000000 0.00000000 0.00000000 0.00000000 0.00000000 0.00000000 1.00000000 0.00000000 0.00000000 0.00000000 1.00000000 
1700000018.61383 -0.242253 -0.072304 0.960659 0.114978 0.013720 0.091666 0.024118 0.018885 0.059904 0.015607 -0.000391 0.000206 0.002195 0.009231 -0.006957 0.010522 0.0000000 1 418.629359 418.629359 505.740581 286.574774 -0.020453 -0.024926 0.019510 -0.005656 -0.660094 0.642445 -0.268559 0.281810 -0.062419 0.031365 0.062150 0 1.00000000 0.00000000 0.00000000 1.00000000 0.00000000 1.00000000 1.00000000 0.00000000 0.00000000 1.00000000 0.00000000 1.00000000 0.00000000 0.00000000 0.00000000 0.00000000 0.00000000 0.00000000 0.00000000 0.00000000 0.00000000 0.00000000 0.00000000 0.00000000 1.00000000 0.00000000 0.00000000 0.00000000 1.00000000 
1700000018.64774 -0.240692 -0.072664 0.961259 0.112998 0.014297 0.093940 0.024441 0.020504 0.052498 0.011472 -0.000166 0.000432 0.001893 0.009112 -0.007100 0.010599 0.0000000 1 418.629359 418.629359 505.740581 286.574774 -0.020453 -0.024926 0.019510 -0.005656 -0.660094 0.642445 -0.268559 0.281810 -0.062419 0.031365 0.062150 0 1.00000000 0.00000000 0.00000000 1.00000000 0.00000000 1.00000000 1.00000000 0.00000000 0.00000000 1.00000000 0.00000000 1.00000000 0.00000000 0.00000000 0.00000000 0.00000000 0.00000000 0.00000000 0.00000000 0.00000000 0.00000000 0.00000000 0.00000000 0.00000000 1.00000000 0.00000000 0.00000000 0.00000000 1.00000000 
1700000018.68164 -0.238198 -0.074039 0.962000 0.111071 0.014192 0.095945 0.024512 0.005797 0.049534 0.007520 -0.000050 0.000525 0.001751 0.009003 -0.007665 0.010581 0.0000000 1 418.629359 418.629359 505.740581 286.574774 -0.020453 -0.024926 0.019510 -0.005656 -0.660094 0.642445 -0.268559 0.281810 -0.062419 0.031365 0.062150 0 1.00000000 0.00000000 0.00000000 1.00000000 0.00000000 1.00000000 1.00000000 0.00000000 0.00000000 1.00000000 0.00000000 1.00000000 0.00000000 0.00000000 0.00000000 0.00000000 0.00000000 0.00000000 0.00000000 0.00000000 0.00000000 0.00000000 0.00000000 0.00000000 1.00000000 0.00000000 0.00000000 0.00000000 1.00000000 
1700000018.71555 -0.235139 -0.075442 0.962675 0.110790 0.014072 0.097804 0.024867 -0.003239 0.049614 0.012502 -0.000135 0.000513 0.001788 0.008974 -0.007815 0.010363 0.0000000 1 418.629359 418.629359 505.740581 286.574774 -0.020453 -0.024926 0.019510 -0.005656 -0.660094 0.642445 -0.268559 0.281810 -0.062419 0.031365 0.062150 0 1.00000000 0.00000000 0.00000000 1.00000000 0.00000000 1.00000000 1.00000000 0.00000000 0.00000000 1.00000000 0.00000000 1.00000000 0.00000000 0.00000000 0.00000000 0.00000000 0.00000000 0.00000000 0.00000000 0.00000000 0.00000000 0.00000000 0.00000000 0.00000000 1.00000000 0.00000000 0.00000000 0.00000000 1.00000000 
1700000018.74945 -0.232350 -0.075874 0.963407 0.110013 0.014375 0.099573 0.025795 0.002346 0.044040 0.023599 -0.000210 0.000361 0.001553 0.009224 -0.007354 0.010292 0.0000000 1 418.629359 418.629359 505.740581 286.574774 -0.020453 -0.024926 0.019510 -0.005656 -0.660094 0.642445 -0.268559 0.281810 -0.062419 0.031365 0.062150 0 1.00000000 0.00000000 0.00000000 1.00000000 0.00000000 1.00000000 1.00000000 0.00000000 0.00000000 1.00000000 0.00000000 1.00000000 0.00000000 0.00000000 0.00000000 0.00000000 0.00000000 0.00000000 0.00000000 0.00000000 0.00000000 0.00000000 0.00000000 0.00000000 1.00000000 0.00000000 0.00000000 0.00000000 1.00000000 
1700000018.78336 -0.231073 -0.074837 0.964030 0.107943 0.014680 0.100997 0.026835 0.003862 0.037782 0.029380 -0.000407 0.000036 0.001459 0.009408 -0.007030 0.010468 0.0000000 1 418.629359 418.629359 505.740581 286.574774 -0.020453 -0.024926 0.019510 -0.005656 -0.660094 0.642445 -0.268559 0.281810 -0.062419 0.031365 0.062150 0 1.00000000 0.00000000 0.00000000 1.00000000 0.00000000 1.00000000 1.00000000 0.00000000 0.00000000 1.00000000 0.00000000 1.00000000 0.00000000 0.00000000 0.00000000 0.00000000 0.00000000 0.00000000 0.00000000 0.00000000 0.00000000 0.00000000 0.00000000 0.00000000 1.00000000 0.00000000 0.00000000 0.00000000 1.00000000 
1700000018.81726 -0.230393 -0.072666 0.964644 0.105358 0.015065 0.102428 0.027989 0.008045 0.032177 0.030735 -0.000384 -0.000174 0.001285 0.009447 -0.006706 0.010631 0.0000000 1 418.629359 418.629359 505.740581 286.574774 -0.020453 -0.024926 0.019510 -0.005656 -0.660094 0.642445 -0.268559 0.281810 -0.062419 0.031365 0.062150 0 1.00000000 0.00000000 0.00000000 1.00000000 0.00000000 1.00000000 1.00000000 0.00000000 0.00000000 1.00000000 0.00000000 1.00000000 0.00000000 0.00000000 0.00000000 0.00000000 0.00000000 0.00000000 0.00000000 0.00000000 0.00000000 0.00000000 0.00000000 0.00000000 1.00000000 0.00000000 0.00000000 0.00000000 1.00000000 
1700000018.85117 -0.230332 -0.070812 0.965230 0.101311 0.015602 0.103765 0.028842 0.016244 0.022994 0.024515 -0.000221 -0.000229 0.000996 0.009369 -0.006484 0.010977 0.0000000 1 418.629359 418.629359 505.740581 286.574774 -0.020453 -0.024926 0.019510 -0.005656 -0.660094 0.642445 -0.268559 0.281810 -0.062419 0.031365 0.062150 0 1.00000000 0.00000000 0.00000000 1.00000000 0.00000000 1.00000000 1.00000000 0.00000000 0.00000000 1.00000000 0.00000000 1.00000000 0.00000000 0.00000000 0.00000000 0.00000000 0.00000000 0.00000000 0.00000000 0.00000000 0.00000000 0.00000000 0.00000000 0.00000000 1.00000000 0.00000000 0.00000000 0.00000000 1.00000000 
1700000018.88507 -0.229964 -0.069399 0.965982 0.095806 0.016093 0.104823 0.029332 0.021530 0.008559 0.017747 -0.000193 -0.000172 0.000386 0.009402 -0.006483 0.011293 0.0000000 1 418.629359 418.629359 505.740581 286.574774 -0.020453 -0.024926 0.019510 -0.005656 -0.660094 0.642445 -0.268559 0.281810 -0.062419 0.031365 0.062150 0 1.00000000 0.00000000 0.00000000 1.00000000 0.00000000 1.00000000 1.00000000 0.00000000 0.00000000 1.00000000 0.00000000 1.00000000 0.00000000 0.00000000 0.00000000 0.00000000 0.00000000 0.00000000 0.00000000 0.00000000 0.00000000 0.00000000 0.00000000 0.00000000 1.00000000 0.00000000 0.00000000 0.00000000 1.00000000 
1700000018.91898 -0.229116 -0.069766 0.966816 0.088915 0.017022 0.105193 0.029683 0.031377 -0.006268 0.005348 0.000166 0.000022 0.000016 0.009351 -0.006395 0.011432 0.0000000 1 418.629359 418.629359 505.740581 286.574774 -0.020453 -0.024926 0.019510 -0.005656 -0.660094 0.642445 -0.268559 0.281810 -0.062419 0.031365 0.062150 0 1.00000000 0.00000000 0.00000000 1.00000000 0.00000000 1.00000000 1.00000000 0.00000000 0.00000000 1.00000000 0.00000000 1.00000000 0.00000000 0.00000000 0.00000000 0.00000000 0.00000000 0.00000000 0.00000000 0.00000000 0.00000000 0.00000000 0.00000000 0.00000000 1.00000000 0.00000000 0.00000000 0.00000000 1.00000000 
1700000018.95288 -0.227271 -0.071514 0.967841 0.080736 0.018183 0.105037 0.029793 0.039801 -0.019700 -0.000722 0.000274 0.000221 -0.000389 0.009451 -0.006385 0.011434 0.0000000 1 418.629359 418.629359 505.740581 286.574774 -0.020453 -0.024926 0.019510 -0.005656 -0.660094 0.642445 -0.268559 0.281810 -0.062419 0.031365 0.062150 0 1.00000000 0.00000000 0.00000000 1.00000000 0.00000000 1.00000000 1.00000000 0.00000000 0.00000000 1.00000000 0.00000000 1.00000000 0.00000000 0.00000000 0.00000000 0.00000000 0.00000000 0.00000000 0.00000000 0.00000000 0.00000000 0.00000000 0.00000000 0.00000000 1.00000000 0.00000000 0.00000000 0.00000000 1.00000000 
1700000018.98679 -0.224902 -0.073568 0.968918 0.072140 0.019355 0.104289 0.029402 0.039524 -0.034026 -0.014345 0.000261 0.000323 -0.000575 0.009488 -0.006460 0.011646 0.0000000 1 418.629359 418.629359 505.740581 286.574774 -0.020453 -0.024926 0.019510 -0.005656 -0.660094 0.642445 -0.268559 0.281810 -0.062419 0.031365 0.062150 0 1.00000000 0.00000000 0.00000000 1.00000000 0.00000000 1.00000000 1.00000000 0.00000000 0.00000000 1.00000000 0.00000000 1.00000000 0.00000000 0.00000000 0.00000000 0.00000000 0.00000000 0.00000000 0.00000000 0.00000000 0.00000000 0.00000000 0.00000000 0.00000000 1.00000000 0.00000000 0.00000000 0.00000000 1.00000000 
1700000019.02069 -0.222973 -0.076441 0.969741 0.063577 0.020522 0.103150 0.028862 0.040009 -0.044829 -0.023157 0.000289 0.000308 -0.000724 0.009558 -0.006479 0.011627 0.0000000 1 418.629359 418.629359 505.740581 286.574774 -0.020453 -0.024926 0.019510 -0.005656 -0.660094 0.642445 -0.268559 0.281810 -0.062419 0.031365 0.062150 0 1.00000000 0.00000000 0.00000000 1.00000000 0.00000000 1.00000000 1.00000000 0.00000000 0.00000000 1.00000000 0.00000000 1.00000000 0.00000000 0.00000000 0.00000000 0.00000000 0.00000000 0.00000000 0.00000000 0.00000000 0.00000000 0.00000000 0.00000000 0.00000000 1.00000000 0.00000000 0.00000000 0.00000000 1.00000000 
1700000019.05460 -0.221030 -0.079170 0.970517 0.054546 0.021993 0.101077 0.028176 0.043985 -0.059374 -0.027564 0.000274 0.000201 -0.000510 0.009659 -0.006466 0.011677 0.0000000 1 418.629359 418.629359 505.740581 286.574774 -0.020453 -0.024926 0.019510 -0.005656 -0.660094 0.642445 -0.268559 0.281810 -0.062419 0.031365 0.062150 0 1.00000000 0.00000000 0.00000000 1.00000000 0.00000000 1.00000000 1.00000000 0.00000000 0.00000000 1.00000000 0.00000000 1.00000000 0.00000000 0.00000000 0.00000000 0.00000000 0.00000000 0.00000000 0.00000000 0.00000000 0.00000000 0.00000000 0.00000000 0.00000000 1.00000000 0.00000000 0.00000000 0.00000000 1.00000000 
1700000019.08850 -0.219659 -0.081862 0.971113 0.044593 0.023342 0.098870 0.027259 0.041032 -0.067592 -0.031468 0.000359 0.000095 -0.000419 0.009642 -0.006489 0.011746 0.0000000 1 418.629359 418.629359 505.740581 286.574774 -0.020453 -0.024926 0.019510 -0.005656 -0.660094 0.642445 -0.268559 0.281810 -0.062419 0.031365 0.062150 0 1.00000000 0.00000000 0.00000000 1.00000000 0.00000000 1.00000000 1.00000000 0.00000000 0.00000000 1.00000000 0.00000000 1.00000000 0.00000000 0.00000000 0.00000000 0.00000000 0.00000000 0.00000000 0.00000000 0.00000000 0.00000000 0.00000000 0.00000000 0.00000000 1.00000000 0.00000000 0.00000000 0.00000000 1.00000000 
1700000019.12241 -0.218627 -0.084209 0.971553 0.034593 0.024656 0.096752 0.026248 0.038476 -0.068375 -0.029934 0.000287 -0.000058 -0.000402 0.009592 -0.006473 0.011810 0.0000000 1 418.629359 418.629359 505.740581 286.574774 -0.020453 -0.024926 0.019510 -0.005656 -0.660094 0.642445 -0.268559 0.281810 -0.062419 0.031365 0.062150 0 1.00000000 0.00000000 0.00000000 1.00000000 0.00000000 1.00000000 1.00000000 0.00000000 0.00000000 1.00000000 0.00000000 1.00000000 0.00000000 0.00000000 0.00000000 0.00000000 0.00000000 0.00000000 0.00000000 0.00000000 0.00000000 0.00000000 0.00000000 0.00000000 1.00000000 0.00000000 0.00000000 0.00000000 1.00000000 
1700000019.15631 -0.217993 -0.085909 0.971824 0.025628 0.025870 0.094693 0.025401 0.032561 -0.064145 -0.023938 0.000159 -0.000258 -0.000251 0.009541 -0.006428 0.011843 0.0000000 1 418.629359 418.629359 505.740581 286.574774 -0.020453 -0.024926 0.019510 -0.005656 -0.660094 0.642445 -0.268559 0.281810 -0.062419 0.031365 0.062150 0 1.00000000 0.00000000 0.00000000 1.00000000 0.00000000 1.00000000 1.00000000 0.00000000 0.00000000 1.00000000 0.00000000 1.00000000 0.00000000 0.00000000 0.00000000 0.00000000 0.00000000 0.00000000 0.00000000 0.00000000 0.00000000 0.00000000 0.00000000 0.00000000 1.00000000 0.00000000 0.00000000 0.00000000 1.00000000 
1700000019.19022 -0.217703 -0.086484 0.972016 0.017623 0.027181 0.092616 0.024988 0.036874 -0.059922 -0.007053 -0.000147 -0.000504 -0.000147 0.009560 -0.006423 0.011787 0.0000000 1 418.629359 418.629359 505.740581 286.574774 -0.020453 -0.024926 0.019510 -0.005656 -0.660094 0.642445 -0.268559 0.281810 -0.062419 0.031365 0.062150 0 1.00000000 0.00000000 0.00000000 1.00000000 0.00000000 1.00000000 1.00000000 0.00000000 0.00000000 1.00000000 0.00000000 1.00000000 0.00000000 0.00000000 0.00000000 0.00000000 0.00000000 0.00000000 0.00000000 0.00000000 0.00000000 0.00000000 0.00000000 0.00000000 1.00000000 0.00000000 0.00000000 0.00000000 1.00000000 
1700000019.22412 -0.217920 -0.085673 0.972162 0.008537 0.028803 0.090307 0.025221 0.045249 -0.062554 0.010285 -0.000305 -0.000669 -0.000067 0.009543 -0.006470 0.011751 0.0000000 1 418.629359 418.629359 505.740581 286.574774 -0.020453 -0.024926 0.019510 -0.005656 -0.660094 0.642445 -0.268559 0.281810 -0.062419 0.031365 0.062150 0 1.00000000 0.00000000 0.00000000 1.00000000 0.00000000 1.00000000 1.00000000 0.00000000 0.00000000 1.00000000 0.00000000 1.00000000 0.00000000 0.00000000 0.00000000 0.00000000 0.00000000 0.00000000 0.00000000 0.00000000 0.00000000 0.00000000 0.00000000 0.00000000 1.00000000 0.00000000 0.00000000 0.00000000 1.00000000 
1700000019.25803 0.217686 0.084816 -0.972325 0.001470 0.030299 0.088022 0.025774 0.049994 -0.067947 0.016103 -0.000170 -0.000711 -0.000147 0.009487 -0.006478 0.011718 0.0000000 1 418.629359 418.629359 505.740581 286.574774 -0.020453 -0.024926 0.019510 -0.005656 -0.660094 0.642445 -0.268559 0.281810 -0.062419 0.031365 0.062150 0 1.00000000 0.00000000 0.00000000 1.00000000 0.00000000 1.00000000 1.00000000 0.00000000 0.00000000 1.00000000 0.00000000 1.00000000 0.00000000 0.00000000 0.00000000 0.00000000 0.00000000 0.00000000 0.00000000 0.00000000 0.00000000 0.00000000 0.00000000 0.00000000 1.00000000 0.00000000 0.00000000 0.00000000 1.00000000 
1700000019.29193 0.216352 0.086418 -0.972409 0.012012 0.031923 0.085752 0.026145 0.048402 -0.072506 0.003274 0.000251 -0.000741 -0.000065 0.009513 -0.006385 0.011903 0.0000000 1 418.629359 418.629359 505.740581 286.574774 -0.020453 -0.024926 0.019510 -0.005656 -0.660094 0.642445 -0.268559 0.281810 -0.062419 0.031365 0.062150 0 1.00000000 0.00000000 0.00000000 1.00000000 0.00000000 1.00000000 1.00000000 0.00000000 0.00000000 1.00000000 0.00000000 1.00000000 0.00000000 0.00000000 0.00000000 0.00000000 0.00000000 0.00000000 0.00000000 0.00000000 0.00000000 0.00000000 0.00000000 0.00000000 1.00000000 0.00000000 0.00000000 0.00000000 1.00000000 
1700000019.32584 0.214037 0.090694 -0.972362 0.021805 0.033284 0.083194 0.026228 0.046350 -0.074904 0.000174 0.000565 -0.000784 0.000057 0.009537 -0.006244 0.011975 0.0000000 1 418.629359 418.629359 505.740581 286.574774 -0.020453 -0.024926 0.019510 -0.005656 -0.660094 0.642445 -0.268559 0.281810 -0.062419 0.031365 0.062150 0 1.00000000 0.00000000 0.00000000 1.00000000 0.00000000 1.00000000 1.00000000 0.00000000 0.00000000 1.00000000 0.00000000 1.00000000 0.00000000 0.00000000 0.00000000 0.00000000 0.00000000 0.00000000 0.00000000 0.00000000 0.00000000 0.00000000 0.00000000 0.00000000 1.00000000 0.00000000 0.00000000 0.00000000 1.00000000 
1700000019.35974 0.211056 0.094669 -0.972350 0.032066 0.035172 0.080146 0.026185 0.051487 -0.082370 0.002329 0.000629 -0.000791 0.000304 0.009373 -0.006359 0.012030 0.0000000 1 418.629359 418.629359 505.740581 286.574774 -0.020453 -0.024926 0.019510 -0.005656 -0.660094 0.642445 -0.268559 0.281810 -0.062419 0.031365 0.062150 0 1.00000000 0.00000000 0.00000000 1.00000000 0.00000000 1.00000000 1.00000000 0.00000000 0.00000000 1.00000000 0.00000000 1.00000000 0.00000000 0.00000000 0.00000000 0.00000000 0.00000000 0.00000000 0.00000000 0.00000000 0.00000000 0.00000000 0.00000000 0.00000000 1.00000000 0.00000000 0.00000000 0.00000000 1.00000000 
1700000019.39365 0.208550 0.098526 -0.972123 0.042148 0.037127 0.077176 0.026355 0.051636 -0.084315 0.005049 0.000687 -0.000726 0.000612 0.009411 -0.006400 0.011950 0.0000000 1 418.629359 418.629359 505.740581 286.574774 -0.020453 -0.024926 0.019510 -0.005656 -0.660094 0.642445 -0.268559 0.281810 -0.062419 0.031365 0.062150 0 1.00000000 0.00000000 0.00000000 1.00000000 0.00000000 1.00000000 1.00000000 0.00000000 0.00000000 1.00000000 0.00000000 1.00000000 0.00000000 0.00000000 0.00000000 0.00000000 0.00000000 0.00000000 0.00000000 0.00000000 0.00000000 0.00000000 0.00000000 0.00000000 1.00000000 0.00000000 0.00000000 0.00000000 1.00000000 
1700000019.42755 0.206191 0.101987 -0.971875 0.050436 0.038810 0.074490 0.026575 0.048746 -0.081234 0.009352 0.000680 -0.000778 0.000835 0.009523 -0.006427 0.011952 0.0000000 1 418.629359 418.629359 505.740581 286.574774 -0.020453 -0.024926 0.019510 -0.005656 -0.660094 0.642445 -0.268559 0.281810 -0.062419 0.031365 0.062150 0 1.00000000 0.00000000 0.00000000 1.00000000 0.00000000 1.00000000 1.00000000 0.00000000 0.00000000 1.00000000 0.00000000 1.00000000 0.00000000 0.00000000 0.00000000 0.00000000 0.00000000 0.00000000 0.00000000 0.00000000 0.00000000 0.00000000 0.00000000 0.00000000 1.00000000 0.00000000 0.00000000 0.00000000 1.00000000 
1700000019.46146 0.204067 0.104550 -0.971596 0.058542 0.040614 0.071549 0.026816 0.050928 -0.083654 0.016970 0.000644 -0.000672 0.000883 0.009293 -0.006595 0.011855 0.0000000 1 418.629359 418.629359 505.740581 286.574774 -0.020453 -0.024926 0.019510 -0.005656 -0.660094 0.642445 -0.268559 0.281810 -0.062419 0.031365 0.062150 0 1.00000000 0.00000000 0.00000000 1.00000000 0.00000000 1.00000000 1.00000000 0.00000000 0.00000000 1.00000000 0.00000000 1.00000000 0.00000000 0.00000000 0.00000000 0.00000000 0.00000000 0.00000000 0.00000000 0.00000000 0.00000000 0.00000000 0.00000000 0.00000000 1.00000000 0.00000000 0.00000000 0.00000000 1.00000000 
1700000019.49536 0.202757 0.106039 -0.971166 0.066953 0.042641 0.068677 0.026850 0.052985 -0.080136 0.017666 0.000219 -0.000407 0.001233 0.009159 -0.006769 0.012028 0.0000000 1 418.629359 418.629359 505.740581 286.574774 -0.020453 -0.024926 0.019510 -0.005656 -0.660094 0.642445 -0.268559 0.281810 -0.062419 0.031365 0.062150 0 1.00000000 0.00000000 0.00000000 1.00000000 0.00000000 1.00000000 1.00000000 0.00000000 0.00000000 1.00000000 0.00000000 1.00000000 0.00000000 0.00000000 0.00000000 0.00000000 0.00000000 0.00000000 0.00000000 0.00000000 0.00000000 0.00000000 0.00000000 0.00000000 1.00000000 0.00000000 0.00000000 0.00000000 1.00000000 
1700000019.52927 0.201772 0.107777 -0.970572 0.075250 0.043878 0.065580 0.028383 0.045798 -0.076507 0.025599 0.000839 -0.000983 0.001489 0.009225 -0.006770 0.011570 0.0000000 1 418.629359 418.629359 505.740581 286.574774 -0.020453 -0.024926 0.019510 -0.005656 -0.660094 0.642445 -0.268559 0.281810 -0.062419 0.031365 0.062150 0 1.00000000 0.00000000 0.00000000 1.00000000 0.00000000 1.00000000 1.00000000 0.00000000 0.00000000 1.00000000 0.00000000 1.00000000 0.00000000 0.00000000 0.00000000 0.00000000 0.00000000 0.00000000 0.00000000 0.00000000 0.00000000 0.00000000 0.00000000 0.00000000 1.00000000 0.00000000 0.00000000 0.00000000 1.00000000 
1700000019.56317 0.199547 0.108859 -0.970274 0.083059 0.045051 0.062999 0.029102 0.033667 -0.071723 0.019024 0.000972 -0.001032 0.001673 0.009233 -0.006651 0.011488 0.0000000 1 418.629359 418.629359 505.740581 286.574774 -0.020453 -0.024926 0.019510 -0.005656 -0.660094 0.642445 -0.268559 0.281810 -0.062419 0.031365 0.062150 0 1.00000000 0.00000000 0.00000000 1.00000000 0.00000000 1.00000000 1.00000000 0.00000000 0.00000000 1.00000000 0.00000000 1.00000000 0.00000000 0.00000000 0.00000000 0.00000000 0.00000000 0.00000000 0.00000000 0.00000000 0.00000000 0.00000000 0.00000000 0.00000000 1.00000000 0.00000000 0.00000000 0.00000000 1.00000000 
1700000019.59708 0.197260 0.110202 -0.969995 0.089742 0.046167 0.060661 0.029567 0.022759 -0.066277 0.007756 0.001182 -0.001141 0.001994 0.009484 -0.006916 0.011529 0.0000000 1 418.629359 418.629359 505.740581 286.574774 -0.020453 -0.024926 0.019510 -0.005656 -0.660094 0.642445 -0.268559 0.281810 -0.062419 0.031365 0.062150 0 1.00000000 0.00000000 0.00000000 1.00000000 0.00000000 1.00000000 1.00000000 0.00000000 0.00000000 1.00000000 0.00000000 1.00000000 0.00000000 0.00000000 0.00000000 0.00000000 0.00000000 0.00000000 0.00000000 0.00000000 0.00000000 0.00000000 0.00000000 0.00000000 1.00000000 0.00000000 0.00000000 0.00000000 1.00000000 
1700000019.63098 0.195399 0.111723 -0.969607 0.095916 0.046815 0.058460 0.029628 0.014792 -0.061342 0.003211 0.001218 -0.001147 0.002151 0.009513 -0.007149 0.011436 0.0000000 1 418.629359 418.629359 505.740581 286.574774 -0.020453 -0.024926 0.019510 -0.005656 -0.660094 0.642445 -0.268559 0.281810 -0.062419 0.031365 0.062150 0 1.00000000 0.00000000 0.00000000 1.00000000 0.00000000 1.00000000 1.00000000 0.00000000 0.00000000 1.00000000 0.00000000 1.00000000 0.00000000 0.00000000 0.00000000 0.00000000 0.00000000 0.00000000 0.00000000 0.00000000 0.00000000 0.00000000 0.00000000 0.00000000 1.00000000 0.00000000 0.00000000 0.00000000 1.00000000 
1700000019.66489 0.193563 0.111955 -0.969294 0.102313 0.047541 0.056210 0.029693 0.012493 -0.058863 0.003878 0.001169 -0.001140 0.002368 0.009382 -0.007674 0.011121 0.0000000 1 418.629359 418.629359 505.740581 286.574774 -0.020453 -0.024926 0.019510 -0.005656 -0.660094 0.642445 -0.268559 0.281810 -0.062419 0.031365 0.062150 0 1.00000000 0.00000000 0.00000000 1.00000000 0.00000000 1.00000000 1.00000000 0.00000000 0.00000000 1.00000000 0.00000000 1.00000000 0.00000000 0.00000000 0.00000000 0.00000000 0.00000000 0.00000000 0.00000000 0.00000000 0.00000000 0.00000000 0.00000000 0.00000000 1.00000000 0.00000000 0.00000000 0.00000000 1.00000000 
1700000019.69879 0.192574 0.111823 -0.968771 0.109054 0.047933 0.054424 0.029411 0.003490 -0.056455 -0.005817 0.001158 -0.001030 0.002525 0.009573 -0.007986 0.011327 0.0000000 1 418.629359 418.629359 505.740581 286.574774 -0.020453 -0.024926 0.019510 -0.005656 -0.660094 0.642445 -0.268559 0.281810 -0.062419 0.031365 0.062150 0 1.00000000 0.00000000 0.00000000 1.00000000 0.00000000 1.00000000 1.00000000 0.00000000 0.00000000 1.00000000 0.00000000 1.00000000 0.00000000 0.00000000 0.00000000 0.00000000 0.00000000 0.00000000 0.00000000 0.00000000 0.00000000 0.00000000 0.00000000 0.00000000 1.00000000 0.00000000 0.00000000 0.00000000 1.00000000 
1700000019.73270 0.191714 0.112806 -0.968260 0.113985 0.048090 0.052879 0.029200 0.001511 -0.048402 -0.004504 0.001279 -0.000912 0.002760 0.010132 -0.008102 0.011446 0.0000000 1 418.629359 418.629359 505.740581 286.574774 -0.020453 -0.024926 0.019510 -0.005656 -0.660094 0.642445 -0.268559 0.281810 -0.062419 0.031365 0.062150 0 1.00000000 0.00000000 0.00000000 1.00000000 0.00000000 1.00000000 1.00000000 0.00000000 0.00000000 1.00000000 0.00000000 1.00000000 0.00000000 0.00000000 0.00000000 0.00000000 0.00000000 0.00000000 0.00000000 0.00000000 0.00000000 0.00000000 0.00000000 0.00000000 1.00000000 0.00000000 0.00000000 0.00000000 1.00000000 
1700000019.76660 0.190054 0.113450 -0.968059 0.117772 0.047921 0.051325 0.029451 -0.001434 -0.043606 0.011734 0.001258 -0.000893 0.003043 0.010223 -0.007743 0.011304 0.0000000 1 418.629359 418.629359 505.740581 286.574774 -0.020453 -0.024926 0.019510 -0.005656 -0.660094 0.642445 -0.268559 0.281810 -0.062419 0.031365 0.062150 0 1.00000000 0.00000000 0.00000000 1.00000000 0.00000000 1.00000000 1.00000000 0.00000000 0.00000000 1.00000000 0.00000000 1.00000000 0.00000000 0.00000000 0.00000000 0.00000000 0.00000000 0.00000000 0.00000000 0.00000000 0.00000000 0.00000000 0.00000000 0.00000000 1.00000000 0.00000000 0.00000000 0.00000000 1.00000000 
1700000019.80051 0.187977 0.113247 -0.968154 0.120485 0.048080 0.050103 0.029981 0.004628 -0.037585 0.021546 0.001229 -0.000802 0.003194 0.010459 -0.007959 0.011326 0.0000000 1 418.629359 418.629359 505.740581 286.574774 -0.020453 -0.024926 0.019510 -0.005656 -0.660094 0.642445 -0.268559 0.281810 -0.062419 0.031365 0.062150 0 1.00000000 0.00000000 0.00000000 1.00000000 0.00000000 1.00000000 1.00000000 0.00000000 0.00000000 1.00000000 0.00000000 1.00000000 0.00000000 0.00000000 0.00000000 0.00000000 0.00000000 0.00000000 0.00000000 0.00000000 0.00000000 0.00000000 0.00000000 0.00000000 1.00000000 0.00000000 0.00000000 0.00000000 1.00000000 
1700000019.83441 0.186298 0.113479 -0.968261 0.122007 0.048391 0.048702 0.030509 0.005451 -0.034760 0.021955 0.001308 -0.000639 0.003910 0.010760 -0.007847 0.011582 0.0000000 1 418.629359 418.629359 505.740581 286.574774 -0.020453 -0.024926 0.019510 -0.005656 -0.660094 0.642445 -0.268559 0.281810 -0.062419 0.031365 0.062150 0 1.00000000 0.00000000 0.00000000 1.00000000 0.00000000 1.00000000 1.00000000 0.00000000 0.00000000 1.00000000 0.00000000 1.00000000 0.00000000 0.00000000 0.00000000 0.00000000 0.00000000 0.00000000 0.00000000 0.00000000 0.00000000 0.00000000 0.00000000 0.00000000 1.00000000 0.00000000 0.00000000 0.00000000 1.00000000 
1700000019.86832 0.184571 0.112918 -0.968604 0.122431 0.048526 0.047702 0.031302 0.002682 -0.030081 0.022407 0.001210 -0.000625 0.004222 0.011017 -0.007669 0.011699 0.0000000 1 418.629359 418.629359 505.740581 286.574774 -0.020453 -0.024926 0.019510 -0.005656 -0.660094 0.642445 -0.268559 0.281810 -0.062419 0.031365 0.062150 0 1.00000000 0.00000000 0.00000000 1.00000000 0.00000000 1.00000000 1.00000000 0.00000000 0.00000000 1.00000000 0.00000000 1.00000000 0.00000000 0.00000000 0.00000000 0.00000000 0.00000000 0.00000000 0.00000000 0.00000000 0.00000000 0.00000000 0.00000000 0.00000000 1.00000000 0.00000000 0.00000000 0.00000000 1.00000000 
1700000019.90222 0.183558 0.111275 -0.968869 0.123357 0.048724 0.046841 0.031818 -0.001262 -0.028532 0.015568 0.001043 -0.000592 0.004288 0.011081 -0.007916 0.011810 0.0000000 1 418.629359 418.629359 505.740581 286.574774 -0.020453 -0.024926 0.019510 -0.005656 -0.660094 0.642445 -0.268559 0.281810 -0.062419 0.031365 0.062150 0 1.00000000 0.00000000 0.00000000 1.00000000 0.00000000 1.00000000 1.00000000 0.00000000 0.00000000 1.00000000 0.00000000 1.00000000 0.00000000 0.00000000 0.00000000 0.00000000 0.00000000 0.00000000 0.00000000 0.00000000 0.00000000 0.00000000 0.00000000 0.00000000 1.00000000 0.00000000 0.00000000 0.00000000 1.00000000 
1700000019.93613 0.183777 0.109543 -0.968926 0.124134 0.048467 0.046194 0.031897 -0.014063 -0.028247 -0.000484 0.001025 -0.000532 0.004442 0.011557 -0.007994 0.012324 0.0000000 1 418.629359 418.629359 505.740581 286.574774 -0.020453 -0.024926 0.019510 -0.005656 -0.660094 0.642445 -0.268559 0.281810 -0.062419 0.031365 0.062150 0 1.00000000 0.00000000 0.00000000 1.00000000 0.00000000 1.00000000 1.00000000 0.00000000 0.00000000 1.00000000 0.00000000 1.00000000 0.00000000 0.00000000 0.00000000 0.00000000 0.00000000 0.00000000 0.00000000 0.00000000 0.00000000 0.00000000 0.00000000 0.00000000 1.00000000 0.00000000 0.00000000 0.00000000 1.00000000 
1700000019.97003 0.184294 0.109037 -0.968939 0.123710 0.047843 0.045515 0.031656 -0.021528 -0.025899 -0.010246 0.001146 -0.000385 0.004580 0.012064 -0.007939 0.012605 0.0000000 1 418.629359 418.629359 505.740581 286.574774 -0.020453 -0.024926 0.019510 -0.005656 -0.660094 0.642445 -0.268559 0.281810 -0.062419 0.031365 0.062150 0 1.00000000 0.00000000 0.00000000 1.00000000 0.00000000 1.00000000 1.00000000 0.00000000 0.00000000 1.00000000 0.00000000 1.00000000 0.00000000 0.00000000 0.00000000 0.00000000 0.00000000 0.00000000 0.00000000 0.00000000 0.00000000 0.00000000 0.00000000 0.00000000 1.00000000 0.00000000 0.00000000 0.00000000 1.00000000 
1700000020.00394 0.184311 0.108857 -0.969017 0.123232 0.047103 0.044887 0.031481 -0.024726 -0.023731 -0.007285 0.001185 -0.000272 0.004640 0.012391 -0.007974 0.012539 0.0000000 1 418.629359 418.629359 505.740581 286.574774 -0.020453 -0.024926 0.019510 -0.005656 -0.660094 0.642445 -0.268559 0.281810 -0.062419 0.031365 0.062150 0 1.00000000 0.00000000 0.00000000 1.00000000 0.00000000 1.00000000 1.00000000 0.00000000 0.00000000 1.00000000 0.00000000 1.00000000 0.00000000 0.00000000 0.00000000 0.00000000 0.00000000 0.00000000 0.00000000 0.00000000 0.00000000 0.00000000 0.00000000 0.00000000 1.00000000 0.00000000 0.00000000 0.00000000 1.00000000 
1700000020.03784 0.184291 0.109055 -0.969037 0.122927 0.046372 0.044352 0.031311 -0.025042 -0.022305 -0.007083 0.001377 -0.000120 0.004622 0.012801 -0.008199 0.012564 0.0000000 1 418.629359 418.629359 505.740581 286.574774 -0.020453 -0.024926 0.019510 -0.005656 -0.660094 0.642445 -0.268559 0.281810 -0.062419 0.031365 0.062150 0 1.00000000 0.00000000 0.00000000 1.00000000 0.00000000 1.00000000 1.00000000 0.00000000 0.00000000 1.00000000 0.00000000 1.00000000 0.00000000 0.00000000 0.00000000 0.00000000 0.00000000 0.00000000 0.00000000 0.00000000 0.00000000 0.00000000 0.00000000 0.00000000 1.00000000 0.00000000 0.00000000 0.00000000 1.00000000 
1700000020.07175 0.184294 0.109613 -0.969038 0.122420 0.045559 0.043789 0.031168 -0.022872 -0.020371 -0.004734 0.001464 -0.000039 0.004641 0.013063 -0.008227 0.012570 0.0000000 1 418.629359 418.629359 505.740581 286.574774 -0.020453 -0.024926 0.019510 -0.005656 -0.660094 0.642445 -0.268559 0.281810 -0.062419 0.031365 0.062150 0 1.00000000 0.00000000 0.00000000 1.00000000 0.00000000 1.00000000 1.00000000 0.00000000 0.00000000 1.00000000 0.00000000 1.00000000 0.00000000 0.00000000 0.00000000 0.00000000 0.00000000 0.00000000 0.00000000 0.00000000 0.00000000 0.00000000 0.00000000 0.00000000 1.00000000 0.00000000 0.00000000 0.00000000 1.00000000 
1700000020.10565 0.184017 0.110039 -0.969130 0.121724 0.044812 0.043343 0.031084 -0.019760 -0.017887 -0.002875 0.001486 0.000033 0.004672 0.013351 -0.008177 0.012687 0.0000000 1 418.629359 418.629359 505.740581 286.574774 -0.020453 -0.024926 0.019510 -0.005656 -0.660094 0.642445 -0.268559 0.281810 -0.062419 0.031365 0.062150 0 1.00000000 0.00000000 0.00000000 1.00000000 0.00000000 1.00000000 1.00000000 0.00000000 0.00000000 1.00000000 0.00000000 1.00000000 0.00000000 0.00000000 0.00000000 0.00000000 0.00000000 0.00000000 0.00000000 0.00000000 0.00000000 0.00000000 0.00000000 0.00000000 1.00000000 0.00000000 0.00000000 0.00000000 1.00000000 
1700000020.13956 0.183702 0.110776 -0.969242 0.120629 0.044096 0.042995 0.030951 -0.017140 -0.014592 -0.004734 0.001492 0.000093 0.004708 0.013649 -0.008012 0.012887 0.0000000 1 418.629359 418.629359 505.740581 286.574774 -0.020453 -0.024926 0.019510 -0.005656 -0.660094 0.642445 -0.268559 0.281810 -0.062419 0.031365 0.062150 0 1.00000000 0.00000000 0.00000000 1.00000000 0.00000000 1.00000000 1.00000000 0.00000000 0.00000000 1.00000000 0.00000000 1.00000000 0.00000000 0.00000000 0.00000000 0.00000000 0.00000000 0.00000000 0.00000000 0.00000000 0.00000000 0.00000000 0.00000000 0.00000000 1.00000000 0.00000000 0.00000000 0.00000000 1.00000000 
1700000020.17346 0.183401 0.111227 -0.969425 0.119199 0.043562 0.042811 0.030760 -0.013289 -0.009748 -0.005865 0.001384 0.000148 0.004719 0.013903 -0.007990 0.013020 0.0000000 1 418.629359 418.629359 505.740581 286.574774 -0.020453 -0.024926 0.019510 -0.005656 -0.660094 0.642445 -0.268559 0.281810 -0.062419 0.031365 0.062150 0 1.00000000 0.00000000 0.00000000 1.00000000 0.00000000 1.00000000 1.00000000 0.00000000 0.00000000 1.00000000 0.00000000 1.00000000 0.00000000 0.00000000 0.00000000 0.00000000 0.00000000 0.00000000 0.00000000 0.00000000 0.00000000 0.00000000 0.00000000 0.00000000 1.00000000 0.00000000 0.00000000 0.00000000 1.00000000 
1700000020.20737 0.183647 0.111413 -0.969613 0.117099 0.043028 0.042678 0.030438 -0.013270 -0.004871 -0.009434 0.001264 0.000203 0.004894 0.014049 -0.007706 0.013240 0.0000000 1 418.629359 418.629359 505.740581 286.574774 -0.020453 -0.024926 0.019510 -0.005656 -0.660094 0.642445 -0.268559 0.281810 -0.062419 0.031365 0.062150 0 1.00000000 0.00000000 0.00000000 1.00000000 0.00000000 1.00000000 1.00000000 0.00000000 0.00000000 1.00000000 0.00000000 1.00000000 0.00000000 0.00000000 0.00000000 0.00000000 0.00000000 0.00000000 0.00000000 0.00000000 0.00000000 0.00000000 0.00000000 0.00000000 1.00000000 0.00000000 0.00000000 0.00000000 1.00000000 
1700000020.24127 0.184076 0.111244 -0.970007 0.113258 0.042277 0.042786 0.029922 -0.021200 0.001814 -0.016557 0.001112 0.000289 0.005208 0.014338 -0.007178 0.013613 0.0000000 1 418.629359 418.629359 505.740581 286.574774 -0.020453 -0.024926 0.019510 -0.005656 -0.660094 0.642445 -0.268559 0.281810 -0.062419 0.031365 0.062150 0 1.00000000 0.00000000 0.00000000 1.00000000 0.00000000 1.00000000 1.00000000 0.00000000 0.00000000 1.00000000 0.00000000 1.00000000 0.00000000 0.00000000 0.00000000 0.00000000 0.00000000 0.00000000 0.00000000 0.00000000 0.00000000 0.00000000 0.00000000 0.00000000 1.00000000 0.00000000 0.00000000 0.00000000 1.00000000 
1700000020.27518 0.184937 0.110898 -0.970543 0.107449 0.041158 0.043155 0.029132 -0.035510 0.009651 -0.026693 0.001035 0.000347 0.005587 0.014687 -0.006689 0.013970 0.0000000 1 418.629359 418.629359 505.740581 286.574774 -0.020453 -0.024926 0.019510 -0.005656 -0.660094 0.642445 -0.268559 0.281810 -0.062419 0.031365 0.062150 0 1.00000000 0.00000000 0.00000000 1.00000000 0.00000000 1.00000000 1.00000000 0.00000000 0.00000000 1.00000000 0.00000000 1.00000000 0.00000000 0.00000000 0.00000000 0.00000000 0.00000000 0.00000000 0.00000000 0.00000000 0.00000000 0.00000000 0.00000000 0.00000000 1.00000000 0.00000000 0.00000000 0.00000000 1.00000000 
1700000020.30908 0.186678 0.110010 -0.971121 0.099866 0.039878 0.043841 0.028243 -0.040594 0.019214 -0.029691 0.000896 0.000318 0.005800 0.015004 -0.006706 0.013955 0.0000000 1 418.629359 418.629359 505.740581 286.574774 -0.020453 -0.024926 0.019510 -0.005656 -0.660094 0.642445 -0.268559 0.281810 -0.062419 0.031365 0.062150 0 1.00000000 0.00000000 0.00000000 1.00000000 0.00000000 1.00000000 1.00000000 0.00000000 0.00000000 1.00000000 0.00000000 1.00000000 0.00000000 0.00000000 0.00000000 0.00000000 0.00000000 0.00000000 0.00000000 0.00000000 0.00000000 0.00000000 0.00000000 0.00000000 1.00000000 0.00000000 0.00000000 0.00000000 1.00000000 
1700000020.34299 0.189238 0.108011 -0.971545 0.092861 0.038767 0.044840 0.027456 -0.032773 0.028443 -0.024737 0.000714 0.000238 0.005669 0.015058 -0.007044 0.013648 0.0000000 1 418.629359 418.629359 505.740581 286.574774 -0.020453 -0.024926 0.019510 -0.005656 -0.660094 0.642445 -0.268559 0.281810 -0.062419 0.031365 0.062150 0 1.00000000 0.00000000 0.00000000 1.00000000 0.00000000 1.00000000 1.00000000 0.00000000 0.00000000 1.00000000 0.00000000 1.00000000 0.00000000 0.00000000 0.00000000 0.00000000 0.00000000 0.00000000 0.00000000 0.00000000 0.00000000 0.00000000 0.00000000 0.00000000 1.00000000 0.00000000 0.00000000 0.00000000 1.00000000 
1700000020.37689 0.192401 0.104983 -0.971879 0.086090 0.037549 0.046027 0.026859 -0.032286 0.034270 -0.018260 0.000417 0.000043 0.005635 0.015001 -0.006932 0.013473 0.0000000 1 418.629359 418.629359 505.740581 286.574774 -0.020453 -0.024926 0.019510 -0.005656 -0.660094 0.642445 -0.268559 0.281810 -0.062419 0.031365 0.062150 0 1.00000000 0.00000000 0.00000000 1.00000000 0.00000000 1.00000000 1.00000000 0.00000000 0.00000000 1.00000000 0.00000000 1.00000000 0.00000000 0.00000000 0.00000000 0.00000000 0.00000000 0.00000000 0.00000000 0.00000000 0.00000000 0.00000000 0.00000000 0.00000000 1.00000000 0.00000000 0.00000000 0.00000000 1.00000000 
1700000020.41080 0.195194 0.101339 -0.972277 0.079419 0.036351 0.047645 0.026329 -0.029049 0.042832 -0.016068 0.000323 0.000003 0.005439 0.015094 -0.006775 0.013524 0.0000000 1 418.629359 418.629359 505.740581 286.574774 -0.020453 -0.024926 0.019510 -0.005656 -0.660094 0.642445 -0.268559 0.281810 -0.062419 0.031365 0.062150 0 1.00000000 0.00000000 0.00000000 1.00000000 0.00000000 1.00000000 1.00000000 0.00000000 0.00000000 1.00000000 0.00000000 1.00000000 0.00000000 0.00000000 0.00000000 0.00000000 0.00000000 0.00000000 0.00000000 0.00000000 0.00000000 0.00000000 0.00000000 0.00000000 1.00000000 0.00000000 0.00000000 0.00000000 1.00000000 
1700000020.44470 0.197394 0.098773 -0.972643 0.072430 0.035085 0.049264 0.025454 -0.030968 0.044963 -0.022299 0.000309 0.000035 0.005399 0.014985 -0.006368 0.013903 0.0000000 1 418.629359 418.629359 505.740581 286.574774 -0.020453 -0.024926 0.019510 -0.005656 -0.660094 0.642445 -0.268559 0.281810 -0.062419 0.031365 0.062150 0 1.00000000 0.00000000 0.00000000 1.00000000 0.00000000 1.00000000 1.00000000 0.00000000 0.00000000 1.00000000 0.00000000 1.00000000 0.00000000 0.00000000 0.00000000 0.00000000 0.00000000 0.00000000 0.00000000 0.00000000 0.00000000 0.00000000 0.00000000 0.00000000 1.00000000 0.00000000 0.00000000 0.00000000 1.00000000 
1700000020.47861 0.198387 0.096813 -0.973177 0.064787 0.033986 0.050992 0.024809 -0.026960 0.049940 -0.016584 0.000258 0.000142 0.005377 0.014917 -0.006124 0.013857 0.0000000 1 418.629359 418.629359 505.740581 286.574774 -0.020453 -0.024926 0.019510 -0.005656 -0.660094 0.642445 -0.268559 0.281810 -0.062419 0.031365 0.062150 0 1.00000000 0.00000000 0.00000000 1.00000000 0.00000000 1.00000000 1.00000000 0.00000000 0.00000000 1.00000000 0.00000000 1.00000000 0.00000000 0.00000000 0.00000000 0.00000000 0.00000000 0.00000000 0.00000000 0.00000000 0.00000000 0.00000000 0.00000000 0.00000000 1.00000000 0.00000000 0.00000000 0.00000000 1.00000000 
1700000020.51251 0.198646 0.095389 -0.973719 0.057550 0.033052 0.052902 0.024045 -0.026830 0.054264 -0.017897 0.000246 0.000301 0.005429 0.014836 -0.005883 0.014106 0.0000000 1 418.629359 418.629359 505.740581 286.574774 -0.020453 -0.024926 0.019510 -0.005656 -0.660094 0.642445 -0.268559 0.281810 -0.062419 0.031365 0.062150 0 1.00000000 0.00000000 0.00000000 1.00000000 0.00000000 1.00000000 1.00000000 0.00000000 0.00000000 1.00000000 0.00000000 1.00000000 0.00000000 0.00000000 0.00000000 0.00000000 0.00000000 0.00000000 0.00000000 0.00000000 0.00000000 0.00000000 0.00000000 0.00000000 1.00000000 0.00000000 0.00000000 0.00000000 1.00000000 
1700000020.54642 0.198666 0.094765 -0.974227 0.049334 0.031962 0.055035 0.023428 -0.031938 0.060542 -0.016446 0.000204 0.000428 0.005594 0.014862 -0.005615 0.014209 0.0000000 1 418.629359 418.629359 505.740581 286.574774 -0.020453 -0.024926 0.019510 -0.005656 -0.660094 0.642445 -0.268559 0.281810 -0.062419 0.031365 0.062150 0 1.00000000 0.00000000 0.00000000 1.00000000 0.00000000 1.00000000 1.00000000 0.00000000 0.00000000 1.00000000 0.00000000 1.00000000 0.00000000 0.00000000 0.00000000 0.00000000 0.00000000 0.00000000 0.00000000 0.00000000 0.00000000 0.00000000 0.00000000 0.00000000 1.00000000 0.00000000 0.00000000 0.00000000 1.00000000 
1700000020.58032 0.198668 0.094338 -0.974674 0.040520 0.030726 0.057504 0.022875 -0.038402 0.069015 -0.016629 0.000164 0.000484 0.005754 0.014929 -0.005432 0.014301 0.0000000 1 418.629359 418.629359 505.740581 286.574774 -0.020453 -0.024926 0.019510 -0.005656 -0.660094 0.642445 -0.268559 0.281810 -0.062419 0.031365 0.062150 0 1.00000000 0.00000000 0.00000000 1.00000000 0.00000000 1.00000000 1.00000000 0.00000000 0.00000000 1.00000000 0.00000000 1.00000000 0.00000000 0.00000000 0.00000000 0.00000000 0.00000000 0.00000000 0.00000000 0.00000000 0.00000000 0.00000000 0.00000000 0.00000000 1.00000000 0.00000000 0.00000000 0.00000000 1.00000000 
1700000020.61423 0.199049 0.094261 -0.974950 0.031100 0.029193 0.060353 0.022445 -0.042704 0.078428 -0.015721 0.000181 0.000346 0.005726 0.015010 -0.005302 0.014295 0.0000000 1 418.629359 418.629359 505.740581 286.574774 -0.020453 -0.024926 0.019510 -0.005656 -0.660094 0.642445 -0.268559 0.281810 -0.062419 0.031365 0.062150 0 1.00000000 0.00000000 0.00000000 1.00000000 0.00000000 1.00000000 1.00000000 0.00000000 0.00000000 1.00000000 0.00000000 1.00000000 0.00000000 0.00000000 0.00000000 0.00000000 0.00000000 0.00000000 0.00000000 0.00000000 0.00000000 0.00000000 0.00000000 0.00000000 1.00000000 0.00000000 0.00000000 0.00000000 1.00000000 
1700000020.64813 0.199386 0.093947 -0.975163 0.021847 0.027934 0.063306 0.022356 -0.036227 0.086116 -0.003952 0.000071 0.000114 0.005665 0.014934 -0.005338 0.013935 0.0000000 1 418.629359 418.629359 505.740581 286.574774 -0.020453 -0.024926 0.019510 -0.005656 -0.660094 0.642445 -0.268559 0.281810 -0.062419 0.031365 0.062150 0 1.00000000 0.00000000 0.00000000 1.00000000 0.00000000 1.00000000 1.00000000 0.00000000 0.00000000 1.00000000 0.00000000 1.00000000 0.00000000 0.00000000 0.00000000 0.00000000 0.00000000 0.00000000 0.00000000 0.00000000 0.00000000 0.00000000 0.00000000 0.00000000 1.00000000 0.00000000 0.00000000 0.00000000 1.00000000 
1700000020.68204 0.199675 0.092827 -0.975368 0.013019 0.026526 0.066308 0.022661 -0.041753 0.089847 0.008502 -0.000069 -0.000221 0.005696 0.014726 -0.005203 0.013652 0.0000000 1 418.629359 418.629359 505.740581 286.574774 -0.020453 -0.024926 0.019510 -0.005656 -0.660094 0.642445 -0.268559 0.281810 -0.062419 0.031365 0.062150 0 1.00000000 0.00000000 0.00000000 1.00000000 0.00000000 1.00000000 1.00000000 0.00000000 0.00000000 1.00000000 0.00000000 1.00000000 0.00000000 0.00000000 0.00000000 0.00000000 0.00000000 0.00000000 0.00000000 0.00000000 0.00000000 0.00000000 0.00000000 0.00000000 1.00000000 0.00000000 0.00000000 0.00000000 1.00000000 
1700000020.71594 0.199912 0.090765 -0.975594 0.003616 0.025054 0.069718 0.022901 -0.043762 0.094815 0.008521 -0.000252 -0.000470 0.005668 0.014602 -0.005109 0.013789 0.0000000 1 418.629359 418.629359 505.740581 286.574774 -0.020453 -0.024926 0.019510 -0.005656 -0.660094 0.642445 -0.268559 0.281810 -0.062419 0.031365 0.062150 0 1.00000000 0.00000000 0.00000000 1.00000000 0.00000000 1.00000000 1.00000000 0.00000000 0.00000000 1.00000000 0.00000000 1.00000000 0.00000000 0.00000000 0.00000000 0.00000000 0.00000000 0.00000000 0.00000000 0.00000000 0.00000000 0.00000000 0.00000000 0.00000000 1.00000000 0.00000000 0.00000000 0.00000000 1.00000000 
1700000020.74985 -0.199708 -0.089499 0.975744 0.005486 0.023551 0.073235 0.022732 -0.045328 0.098367 -0.001512 -0.000148 -0.000407 0.005707 0.014403 -0.004947 0.014163 0.0000000 1 418.629359 418.629359 505.740581 286.574774 -0.020453 -0.024926 0.019510 -0.005656 -0.660094 0.642445 -0.268559 0.281810 -0.062419 0.031365 0.062150 0 1.00000000 0.00000000 0.00000000 1.00000000 0.00000000 1.00000000 1.00000000 0.00000000 0.00000000 1.00000000 0.00000000 1.00000000 0.00000000 0.00000000 0.00000000 0.00000000 0.00000000 0.00000000 0.00000000 0.00000000 0.00000000 0.00000000 0.00000000 0.00000000 1.00000000 0.00000000 0.00000000 0.00000000 1.00000000 
1700000020.78375 -0.198480 -0.089636 0.975863 0.016190 0.021649 0.076772 0.022210 -0.057125 0.097228 -0.011617 -0.000265 -0.000112 0.006060 0.014205 -0.004721 0.014387 0.0000000 1 418.629359 418.629359 505.740581 286.574774 -0.020453 -0.024926 0.019510 -0.005656 -0.660094 0.642445 -0.268559 0.281810 -0.062419 0.031365 0.062150 0 1.00000000 0.00000000 0.00000000 1.00000000 0.00000000 1.00000000 1.00000000 0.00000000 0.00000000 1.00000000 0.00000000 1.00000000 0.00000000 0.00000000 0.00000000 0.00000000 0.00000000 0.00000000 0.00000000 0.00000000 0.00000000 0.00000000 0.00000000 0.00000000 1.00000000 0.00000000 0.00000000 0.00000000 1.00000000 
1700000020.81766 -0.197028 -0.090196 0.975851 0.027561 0.020269 0.080285 0.022378 -0.042386 0.098919 0.001117 -0.000352 -0.000295 0.006284 0.014212 -0.004605 0.013892 0.0000000 1 418.629359 418.629359 505.740581 286.574774 -0.020453 -0.024926 0.019510 -0.005656 -0.660094 0.642445 -0.268559 0.281810 -0.062419 0.031365 0.062150 0 1.00000000 0.00000000 0.00000000 1.00000000 0.00000000 1.00000000 1.00000000 0.00000000 0.00000000 1.00000000 0.00000000 1.00000000 0.00000000 0.00000000 0.00000000 0.00000000 0.00000000 0.00000000 0.00000000 0.00000000 0.00000000 0.00000000 0.00000000 0.00000000 1.00000000 0.00000000 0.00000000 0.00000000 1.00000000 
1700000020.85156 -0.197080 -0.088678 0.975649 0.037489 0.019359 0.083515 0.023232 -0.028209 0.094021 0.022319 -0.000812 -0.000890 0.006345 0.014078 -0.004521 0.013224 0.0000000 1 418.629359 418.629359 505.740581 286.574774 -0.020453 -0.024926 0.019510 -0.005656 -0.660094 0.642445 -0.268559 0.281810 -0.062419 0.031365 0.062150 0 1.00000000 0.00000000 0.00000000 1.00000000 0.00000000 1.00000000 1.00000000 0.00000000 0.00000000 1.00000000 0.00000000 1.00000000 0.00000000 0.00000000 0.00000000 0.00000000 0.00000000 0.00000000 0.00000000 0.00000000 0.00000000 0.00000000 0.00000000 0.00000000 1.00000000 0.00000000 0.00000000 0.00000000 1.00000000 
1700000020.88547 -0.198201 -0.084625 0.975419 0.045974 0.018679 0.086735 0.024344 -0.016482 0.088705 0.032232 -0.001047 -0.001262 0.006254 0.013922 -0.004457 0.013009 0.0000000 1 418.629359 418.629359 505.740581 286.574774 -0.020453 -0.024926 0.019510 -0.005656 -0.660094 0.642445 -0.268559 0.281810 -0.062419 0.031365 0.062150 0 1.00000000 0.00000000 0.00000000 1.00000000 0.00000000 1.00000000 1.00000000 0.00000000 0.00000000 1.00000000 0.00000000 1.00000000 0.00000000 0.00000000 0.00000000 0.00000000 0.00000000 0.00000000 0.00000000 0.00000000 0.00000000 0.00000000 0.00000000 0.00000000 1.00000000 0.00000000 0.00000000 0.00000000 1.00000000 
1700000020.91937 -0.199432 -0.080267 0.975151 0.053527 0.018021 0.090097 0.025011 -0.014284 0.084650 0.018426 -0.000960 -0.001323 0.006115 0.013668 -0.004424 0.013331 0.0000000 1 418.629359 418.629359 505.740581 286.574774 -0.020453 -0.024926 0.019510 -0.005656 -0.660094 0.642445 -0.268559 0.281810 -0.062419 0.031365 0.062150 0 1.00000000 0.00000000 0.00000000 1.00000000 0.00000000 1.00000000 1.00000000 0.00000000 0.00000000 1.00000000 0.00000000 1.00000000 0.00000000 0.00000000 0.00000000 0.00000000 0.00000000 0.00000000 0.00000000 0.00000000 0.00000000 0.00000000 0.00000000 0.00000000 1.00000000 0.00000000 0.00000000 0.00000000 1.00000000 
1700000020.95328 -0.200320 -0.077016 0.974795 0.060946 0.017546 0.093411 0.025072 -0.008510 0.079383 0.001452 -0.000905 -0.001311 0.005892 0.013396 -0.004355 0.013623 0.0000000 1 418.629359 418.629359 505.740581 286.574774 -0.020453 -0.024926 0.019510 -0.005656 -0.660094 0.642445 -0.268559 0.281810 -0.062419 0.031365 0.062150 0 1.00000000 0.00000000 0.00000000 1.00000000 0.00000000 1.00000000 1.00000000 0.00000000 0.00000000 1.00000000 0.00000000 1.00000000 0.00000000 0.00000000 0.00000000 0.00000000 0.00000000 0.00000000 0.00000000 0.00000000 0.00000000 0.00000000 0.00000000 0.00000000 1.00000000 0.00000000 0.00000000 0.00000000 1.00000000 
1700000020.98718 -0.200763 -0.075183 0.974412 0.067552 0.017008 0.096166 0.024828 -0.010232 0.070051 -0.006694 -0.000877 -0.001261 0.005707 0.013225 -0.004373 0.013713 0.0000000 1 418.629359 418.629359 505.740581 286.574774 -0.020453 -0.024926 0.019510 -0.005656 -0.660094 0.642445 -0.268559 0.281810 -0.062419 0.031365 0.062150 0 1.00000000 0.00000000 0.00000000 1.00000000 0.00000000 1.00000000 1.00000000 0.00000000 0.00000000 1.00000000 0.00000000 1.00000000 0.00000000 0.00000000 0.00000000 0.00000000 0.00000000 0.00000000 0.00000000 0.00000000 0.00000000 0.00000000 0.00000000 0.00000000 1.00000000 0.00000000 0.00000000 0.00000000 1.00000000 
1700000021.02109 -0.201103 -0.073263 0.974002 0.074225 0.016473 0.098900 0.024817 -0.011848 0.064805 -0.004304 -0.000943 -0.001265 0.005556 0.013069 -0.004396 0.013457 0.0000000 1 418.629359 418.629359 505.740581 286.574774 -0.020453 -0.024926 0.019510 -0.005656 -0.660094 0.642445 -0.268559 0.281810 -0.062419 0.031365 0.062150 0 1.00000000 0.00000000 0.00000000 1.00000000 0.00000000 1.00000000 1.00000000 0.00000000 0.00000000 1.00000000 0.00000000 1.00000000 0.00000000 0.00000000 0.00000000 0.00000000 0.00000000 0.00000000 0.00000000 0.00000000 0.00000000 0.00000000 0.00000000 0.00000000 1.00000000 0.00000000 0.00000000 0.00000000 1.00000000 
1700000021.05499 -0.200804 -0.071375 0.973769 0.079736 0.016410 0.101371 0.024900 -0.000129 0.056490 -0.000728 -0.000876 -0.001211 0.005146 0.012964 -0.004208 0.013213 0.0000000 1 418.629359 418.629359 505.740581 286.574774 -0.020453 -0.024926 0.019510 -0.005656 -0.660094 0.642445 -0.268559 0.281810 -0.062419 0.031365 0.062150 0 1.00000000 0.00000000 0.00000000 1.00000000 0.00000000 1.00000000 1.00000000 0.00000000 0.00000000 1.00000000 0.00000000 1.00000000 0.00000000 0.00000000 0.00000000 0.00000000 0.00000000 0.00000000 0.00000000 0.00000000 0.00000000 0.00000000 0.00000000 0.00000000 1.00000000 0.00000000 0.00000000 0.00000000 1.00000000 
1700000021.08890 -0.200893 -0.069946 0.973518 0.083738 0.016520 0.103547 0.024963 0.004115 0.045713 -0.002778 -0.000816 -0.001294 0.004885 0.012953 -0.004042 0.013182 0.0000000 1 418.629359 418.629359 505.740581 286.574774 -0.020453 -0.024926 0.019510 -0.005656 -0.660094 0.642445 -0.268559 0.281810 -0.062419 0.031365 0.062150 0 1.00000000 0.00000000 0.00000000 1.00000000 0.00000000 1.00000000 1.00000000 0.00000000 0.00000000 1.00000000 0.00000000 1.00000000 0.00000000 0.00000000 0.00000000 0.00000000 0.00000000 0.00000000 0.00000000 0.00000000 0.00000000 0.00000000 0.00000000 0.00000000 1.00000000 0.00000000 0.00000000 0.00000000 1.00000000 
1700000021.12280 -0.200978 -0.069244 0.973171 0.088036 0.016204 0.105280 0.024581 -0.005081 0.038910 -0.011236 -0.000626 -0.001190 0.004936 0.012760 -0.004281 0.013284 0.0000000 1 418.629359 418.629359 505.740581 286.574774 -0.020453 -0.024926 0.019510 -0.005656 -0.660094 0.642445 -0.268559 0.281810 -0.062419 0.031365 0.062150 0 1.00000000 0.00000000 0.00000000 1.00000000 0.00000000 1.00000000 1.00000000 0.00000000 0.00000000 1.00000000 0.00000000 1.00000000 0.00000000 0.00000000 0.00000000 0.00000000 0.00000000 0.00000000 0.00000000 0.00000000 0.00000000 0.00000000 0.00000000 0.00000000 1.00000000 0.00000000 0.00000000 0.00000000 1.00000000 
1700000021.15671 -0.200596 -0.069898 0.972631 0.094151 0.015639 0.106986 0.023951 -0.010595 0.035211 -0.023303 -0.000200 -0.001156 0.005108 0.012362 -0.004397 0.013448 0.0000000 1 418.629359 418.629359 505.740581 286.574774 -0.020453 -0.024926 0.019510 -0.005656 -0.660094 0.642445 -0.268559 0.281810 -0.062419 0.031365 0.062150 0 1.00000000 0.00000000 0.00000000 1.00000000 0.00000000 1.00000000 1.00000000 0.00000000 0.00000000 1.00000000 0.00000000 1.00000000 0.00000000 0.00000000 0.00000000 0.00000000 0.00000000 0.00000000 0.00000000 0.00000000 0.00000000 0.00000000 0.00000000 0.00000000 1.00000000 0.00000000 0.00000000 0.00000000 1.00000000 
1700000021.19061 -0.198701 -0.071524 0.972396 0.099241 0.015911 0.108456 0.023693 0.010841 0.027742 -0.011037 -0.000075 -0.000913 0.004617 0.012321 -0.004074 0.012970 0.0000000 1 418.629359 418.629359 505.740581 286.574774 -0.020453 -0.024926 0.019510 -0.005656 -0.660094 0.642445 -0.268559 0.281810 -0.062419 0.031365 0.062150 0 1.00000000 0.00000000 0.00000000 1.00000000 0.00000000 1.00000000 1.00000000 0.00000000 0.00000000 1.00000000 0.00000000 1.00000000 0.00000000 0.00000000 0.00000000 0.00000000 0.00000000 0.00000000 0.00000000 0.00000000 0.00000000 0.00000000 0.00000000 0.00000000 1.00000000 0.00000000 0.00000000 0.00000000 1.00000000 
1700000021.22452 -0.196882 -0.072539 0.972445 0.101620 0.016983 0.109353 0.024254 0.026016 0.019395 0.007853 0.000007 -0.000969 0.004248 0.012368 -0.003613 0.012397 0.0000000 1 418.629359 418.629359 505.740581 286.574774 -0.020453 -0.024926 0.019510 -0.005656 -0.660094 0.642445 -0.268559 0.281810 -0.062419 0.031365 0.062150 0 1.00000000 0.00000000 0.00000000 1.00000000 0.00000000 1.00000000 1.00000000 0.00000000 0.00000000 1.00000000 0.00000000 1.00000000 0.00000000 0.00000000 0.00000000 0.00000000 0.00000000 0.00000000 0.00000000 0.00000000 0.00000000 0.00000000 0.00000000 0.00000000 1.00000000 0.00000000 0.00000000 0.00000000 1.00000000 
1700000021.25842 -0.197385 -0.071614 0.972318 0.102510 0.018014 0.109927 0.024685 0.024979 0.012656 0.011014 -0.000133 -0.001274 0.004095 0.012445 -0.003446 0.012485 0.0000000 1 418.629359 418.629359 505.740581 286.574774 -0.020453 -0.024926 0.019510 -0.005656 -0.660094 0.642445 -0.268559 0.281810 -0.062419 0.031365 0.062150 0 1.00000000 0.00000000 0.00000000 1.00000000 0.00000000 1.00000000 1.00000000 0.00000000 0.00000000 1.00000000 0.00000000 1.00000000 0.00000000 0.00000000 0.00000000 0.00000000 0.00000000 0.00000000 0.00000000 0.00000000 0.00000000 0.00000000 0.00000000 0.00000000 1.00000000 0.00000000 0.00000000 0.00000000 1.00000000 
1700000021.29233 -0.199256 -0.069413 0.972020 0.103231 0.018517 0.110378 0.024908 0.018836 0.008299 0.007902 -0.000198 -0.001604 0.004124 0.012456 -0.003481 0.012790 0.0000000 1 418.629359 418.629359 505.740581 286.574774 -0.020453 -0.024926 0.019510 -0.005656 -0.660094 0.642445 -0.268559 0.281810 -0.062419 0.031365 0.062150 0 1.00000000 0.00000000 0.00000000 1.00000000 0.00000000 1.00000000 1.00000000 0.00000000 0.00000000 1.00000000 0.00000000 1.00000000 0.00000000 0.00000000 0.00000000 0.00000000 0.00000000 0.00000000 0.00000000 0.00000000 0.00000000 0.00000000 0.00000000 0.00000000 1.00000000 0.00000000 0.00000000 0.00000000 1.00000000 
1700000021.32623 -0.201161 -0.067016 0.971659 0.104508 0.018438 0.110892 0.024794 0.002141 0.010626 0.000978 -0.000167 -0.001883 0.004263 0.012187 -0.003919 0.013081 0.0000000 1 418.629359 418.629359 505.740581 286.574774 -0.020453 -0.024926 0.019510 -0.005656 -0.660094 0.642445 -0.268559 0.281810 -0.062419 0.031365 0.062150 0 1.00000000 0.00000000 0.00000000 1.00000000 0.00000000 1.00000000 1.00000000 0.00000000 0.00000000 1.00000000 0.00000000 1.00000000 0.00000000 0.00000000 0.00000000 0.00000000 0.00000000 0.00000000 0.00000000 0.00000000 0.00000000 0.00000000 0.00000000 0.00000000 1.00000000 0.00000000 0.00000000 0.00000000 1.00000000 
1700000021.36014 -0.202319 -0.064851 0.971359 0.106410 0.018305 0.111593 0.024712 -0.003619 0.010482 -0.001754 -0.000048 -0.001989 0.004170 0.011916 -0.003966 0.013106 0.0000000 1 418.629359 418.629359 505.740581 286.574774 -0.020453 -0.024926 0.019510 -0.005656 -0.660094 0.642445 -0.268559 0.281810 -0.062419 0.031365 0.062150 0 1.00000000 0.00000000 0.00000000 1.00000000 0.00000000 1.00000000 1.00000000 0.00000000 0.00000000 1.00000000 0.00000000 1.00000000 0.00000000 0.00000000 0.00000000 0.00000000 0.00000000 0.00000000 0.00000000 0.00000000 0.00000000 0.00000000 0.00000000 0.00000000 1.00000000 0.00000000 0.00000000 0.00000000 1.00000000 
1700000021.39404 -0.203021 -0.063576 0.971226 0.107058 0.018515 0.112280 0.024442 0.004922 0.004899 -0.006397 0.000281 -0.001830 0.003675 0.011705 -0.003652 0.013260 0.0000000 1 418.629359 418.629359 505.740581 286.574774 -0.020453 -0.024926 0.019510 -0.005656 -0.660094 0.642445 -0.268559 0.281810 -0.062419 0.031365 0.062150 0 1.00000000 0.00000000 0.00000000 1.00000000 0.00000000 1.00000000 1.00000000 0.00000000 0.00000000 1.00000000 0.00000000 1.00000000 0.00000000 0.00000000 0.00000000 0.00000000 0.00000000 0.00000000 0.00000000 0.00000000 0.00000000 0.00000000 0.00000000 0.00000000 1.00000000 0.00000000 0.00000000 0.00000000 1.00000000 
1700000021.42795 -0.203518 -0.063337 0.971161 0.106839 0.018742 0.112682 0.024197 0.006848 -0.001528 -0.006027 0.000505 -0.001688 0.003363 0.011522 -0.003601 0.013232 0.0000000 1 418.629359 418.629359 505.740581 286.574774 -0.020453 -0.024926 0.019510 -0.005656 -0.660094 0.642445 -0.268559 0.281810 -0.062419 0.031365 0.062150 0 1.00000000 0.00000000 0.00000000 1.00000000 0.00000000 1.00000000 1.00000000 0.00000000 0.00000000 1.00000000 0.00000000 1.00000000 0.00000000 0.00000000 0.00000000 0.00000000 0.00000000 0.00000000 0.00000000 0.00000000 0.00000000 0.00000000 0.00000000 0.00000000 1.00000000 0.00000000 0.00000000 0.00000000 1.00000000 
1700000021.46185 -0.203354 -0.063714 0.971219 0.106397 0.019298 0.112875 0.024217 0.014399 -0.007758 0.000776 0.000625 -0.001490 0.003075 0.011394 -0.003409 0.013056 0.0000000 1 418.629359 418.629359 505.740581 286.574774 -0.020453 -0.024926 0.019510 -0.005656 -0.660094 0.642445 -0.268559 0.281810 -0.062419 0.031365 0.062150 0 1.00000000 0.00000000 0.00000000 1.00000000 0.00000000 1.00000000 1.00000000 0.00000000 0.00000000 1.00000000 0.00000000 1.00000000 0.00000000 0.00000000 0.00000000 0.00000000 0.00000000 0.00000000 0.00000000 0.00000000 0.00000000 0.00000000 0.00000000 0.00000000 1.00000000 0.00000000 0.00000000 0.00000000 1.00000000 
1700000021.49576 -0.202967 -0.064756 0.971473 0.104170 0.020301 0.112760 0.024273 0.025339 -0.017183 0.002084 0.000817 -0.001153 0.002585 0.011351 -0.003067 0.013091 0.0000000 1 418.629359 418.629359 505.740581 286.574774 -0.020453 -0.024926 0.019510 -0.005656 -0.660094 0.642445 -0.268559 0.281810 -0.062419 0.031365 0.062150 0 1.00000000 0.00000000 0.00000000 1.00000000 0.00000000 1.00000000 1.00000000 0.00000000 0.00000000 1.00000000 0.00000000 1.00000000 0.00000000 0.00000000 0.00000000 0.00000000 0.00000000 0.00000000 0.00000000 0.00000000 0.00000000 0.00000000 0.00000000 0.00000000 1.00000000 0.00000000 0.00000000 0.00000000 1.00000000 
1700000021.52966 -0.202951 -0.066597 0.971740 0.100482 0.021121 0.112297 0.024117 0.025740 -0.025682 -0.000884 0.000921 -0.000918 0.002241 0.011357 -0.003129 0.013302 0.0000000 1 418.629359 418.629359 505.740581 286.574774 -0.020453 -0.024926 0.019510 -0.005656 -0.660094 0.642445 -0.268559 0.281810 -0.062419 0.031365 0.062150 0 1.00000000 0.00000000 0.00000000 1.00000000 0.00000000 1.00000000 1.00000000 0.00000000 0.00000000 1.00000000 0.00000000 1.00000000 0.00000000 0.00000000 0.00000000 0.00000000 0.00000000 0.00000000 0.00000000 0.00000000 0.00000000 0.00000000 0.00000000 0.00000000 1.00000000 0.00000000 0.00000000 0.00000000 1.00000000 
1700000021.56357 -0.202578 -0.068539 0.972036 0.097011 0.021796 0.111597 0.024141 0.021946 -0.031451 0.003010 0.000861 -0.000775 0.002084 0.011337 -0.003310 0.013267 0.0000000 1 418.629359 418.629359 505.740581 286.574774 -0.020453 -0.024926 0.019510 -0.005656 -0.660094 0.642445 -0.268559 0.281810 -0.062419 0.031365 0.062150 0 1.00000000 0.00000000 0.00000000 1.00000000 0.00000000 1.00000000 1.00000000 0.00000000 0.00000000 1.00000000 0.00000000 1.00000000 0.00000000 0.00000000 0.00000000 0.00000000 0.00000000 0.00000000 0.00000000 0.00000000 0.00000000 0.00000000 0.00000000 0.00000000 1.00000000 0.00000000 0.00000000 0.00000000 1.00000000 
1700000021.59747 -0.202086 -0.070081 0.972448 0.092706 0.022888 0.110591 0.024391 0.030551 -0.039726 0.009401 0.000749 -0.000643 0.001789 0.011419 -0.003118 0.013303 0.0000000 1 418.629359 418.629359 505.740581 286.574774 -0.020453 -0.024926 0.019510 -0.005656 -0.660094 0.642445 -0.268559 0.281810 -0.062419 0.031365 0.062150 0 1.00000000 0.00000000 0.00000000 1.00000000 0.00000000 1.00000000 1.00000000 0.00000000 0.00000000 1.00000000 0.00000000 1.00000000 0.00000000 0.00000000 0.00000000 0.00000000 0.00000000 0.00000000 0.00000000 0.00000000 0.00000000 0.00000000 0.00000000 0.00000000 1.00000000 0.00000000 0.00000000 0.00000000 1.00000000 
1700000021.63138 -0.201784 -0.071367 0.972948 0.086963 0.024032 0.109361 0.024679 0.034282 -0.045454 0.010297 0.000677 -0.000472 0.001543 0.011416 -0.003094 0.013378 0.0000000 1 418.629359 418.629359 505.740581 286.574774 -0.020453 -0.024926 0.019510 -0.005656 -0.660094 0.642445 -0.268559 0.281810 -0.062419 0.031365 0.062150 0 1.00000000 0.00000000 0.00000000 1.00000000 0.00000000 1.00000000 1.00000000 0.00000000 0.00000000 1.00000000 0.00000000 1.00000000 0.00000000 0.00000000 0.00000000 0.00000000 0.00000000 0.00000000 0.00000000 0.00000000 0.00000000 0.00000000 0.00000000 0.00000000 1.00000000 0.00000000 0.00000000 0.00000000 1.00000000 
1700000021.66528 -0.201282 -0.073016 0.973415 0.081350 0.024798 0.108234 0.024754 0.026741 -0.044396 0.004924 0.000647 -0.000349 0.001470 0.011213 -0.003322 0.013445 0.0000000 1 418.629359 418.629359 505.740581 286.574774 -0.020453 -0.024926 0.019510 -0.005656 -0.660094 0.642445 -0.268559 0.281810 -0.062419 0.031365 0.062150 0 1.00000000 0.00000000 0.00000000 1.00000000 0.00000000 1.00000000 1.00000000 0.00000000 0.00000000 1.00000000 0.00000000 1.00000000 0.00000000 0.00000000 0.00000000 0.00000000 0.00000000 0.00000000 0.00000000 0.00000000 0.00000000 0.00000000 0.00000000 0.00000000 1.00000000 0.00000000 0.00000000 0.00000000 1.00000000 
1700000021.69919 -0.200165 -0.075078 0.973901 0.076255 0.025719 0.106945 0.024850 0.028055 -0.045905 0.004599 0.000569 -0.000220 0.001292 0.011117 -0.003294 0.013436 0.0000000 1 418.629359 418.629359 505.740581 286.574774 -0.020453 -0.024926 0.019510 -0.005656 -0.660094 0.642445 -0.268559 0.281810 -0.062419 0.031365 0.062150 0 1.00000000 0.00000000 0.00000000 1.00000000 0.00000000 1.00000000 1.00000000 0.00000000 0.00000000 1.00000000 0.00000000 1.00000000 0.00000000 0.00000000 0.00000000 0.00000000 0.00000000 0.00000000 0.00000000 0.00000000 0.00000000 0.00000000 0.00000000 0.00000000 1.00000000 0.00000000 0.00000000 0.00000000 1.00000000 
1700000021.73309 -0.199144 -0.077188 0.974416 0.069973 0.026984 0.105396 0.024871 0.036356 -0.051214 0.003429 0.000489 -0.000061 0.001026 0.011118 -0.003135 0.013567 0.0000000 1 418.629359 418.629359 505.740581 286.574774 -0.020453 -0.024926 0.019510 -0.005656 -0.660094 0.642445 -0.268559 0.281810 -0.062419 0.031365 0.062150 0 1.00000000 0.00000000 0.00000000 1.00000000 0.00000000 1.00000000 1.00000000 0.00000000 0.00000000 1.00000000 0.00000000 1.00000000 0.00000000 0.00000000 0.00000000 0.00000000 0.00000000 0.00000000 0.00000000 0.00000000 0.00000000 0.00000000 0.00000000 0.00000000 1.00000000 0.00000000 0.00000000 0.00000000 1.00000000 
1700000021.76700 -0.198112 -0.079584 0.974891 0.063298 0.028003 0.103842 0.024727 0.032274 -0.053630 -0.002253 0.000388 0.000128 0.000917 0.011011 -0.003203 0.013645 0.0000000 1 418.629359 418.629359 505.740581 286.574774 -0.020453 -0.024926 0.019510 -0.005656 -0.660094 0.642445 -0.268559 0.281810 -0.062419 0.031365 0.062150 0 1.00000000 0.00000000 0.00000000 1.00000000 0.00000000 1.00000000 1.00000000 0.00000000 0.00000000 1.00000000 0.00000000 1.00000000 0.00000000 0.00000000 0.00000000 0.00000000 0.00000000 0.00000000 0.00000000 0.00000000 0.00000000 0.00000000 0.00000000 0.00000000 1.00000000 0.00000000 0.00000000 0.00000000 1.00000000 
1700000021.80090 -0.196723 -0.082790 0.975326 0.056435 0.028761 0.102417 0.024351 0.031144 -0.053020 -0.009157 0.000466 0.000280 0.000448 0.010854 -0.003237 0.013674 0.0000000 1 418.629359 418.629359 505.740581 286.574774 -0.020453 -0.024926 0.019510 -0.005656 -0.660094 0.642445 -0.268559 0.281810 -0.062419 0.031365 0.062150 0 1.00000000 0.00000000 0.00000000 1.00000000 0.00000000 1.00000000 1.00000000 0.00000000 0.00000000 1.00000000 0.00000000 1.00000000 0.00000000 0.00000000 0.00000000 0.00000000 0.00000000 0.00000000 0.00000000 0.00000000 0.00000000 0.00000000 0.00000000 0.00000000 1.00000000 0.00000000 0.00000000 0.00000000 1.00000000 
1700000021.83481 -0.195106 -0.086650 0.975686 0.049624 0.029799 0.100729 0.024091 0.031971 -0.053644 -0.007721 0.000424 0.000440 0.000260 0.010760 -0.003208 0.013517 0.0000000 1 418.629359 418.629359 505.740581 286.574774 -0.020453 -0.024926 0.019510 -0.005656 -0.660094 0.642445 -0.268559 0.281810 -0.062419 0.031365 0.062150 0 1.00000000 0.00000000 0.00000000 1.00000000 0.00000000 1.00000000 1.00000000 0.00000000 0.00000000 1.00000000 0.00000000 1.00000000 0.00000000 0.00000000 0.00000000 0.00000000 0.00000000 0.00000000 0.00000000 0.00000000 0.00000000 0.00000000 0.00000000 0.00000000 1.00000000 0.00000000 0.00000000 0.00000000 1.00000000 
1700000021.86871 -0.193355 -0.090383 0.976018 0.042824 0.030789 0.098860 0.024034 0.029954 -0.055668 -0.001985 0.000359 0.000510 0.000234 0.010675 -0.003188 0.013336 0.0000000 1 418.629359 418.629359 505.740581 286.574774 -0.020453 -0.024926 0.019510 -0.005656 -0.660094 0.642445 -0.268559 0.281810 -0.062419 0.031365 0.062150 0 1.00000000 0.00000000 0.00000000 1.00000000 0.00000000 1.00000000 1.00000000 0.00000000 0.00000000 1.00000000 0.00000000 1.00000000 0.00000000 0.00000000 0.00000000 0.00000000 0.00000000 0.00000000 0.00000000 0.00000000 0.00000000 0.00000000 0.00000000 0.00000000 1.00000000 0.00000000 0.00000000 0.00000000 1.00000000 
1700000021.90262 -0.191632 -0.093792 0.976296 0.036415 0.031530 0.097195 0.024220 0.024971 -0.055042 0.003295 0.000315 0.000405 0.000080 0.010559 -0.003154 0.013142 0.0000000 1 418.629359 418.629359 505.740581 286.574774 -0.020453 -0.024926 0.019510 -0.005656 -0.660094 0.642445 -0.268559 0.281810 -0.062419 0.031365 0.062150 0 1.00000000 0.00000000 0.00000000 1.00000000 0.00000000 1.00000000 1.00000000 0.00000000 0.00000000 1.00000000 0.00000000 1.00000000 0.00000000 0.00000000 0.00000000 0.00000000 0.00000000 0.00000000 0.00000000 0.00000000 0.00000000 0.00000000 0.00000000 0.00000000 1.00000000 0.00000000 0.00000000 0.00000000 1.00000000 
1700000021.93652 -0.190399 -0.096661 0.976503 0.029094 0.032686 0.095483 0.024575 0.034766 -0.057283 0.008132 0.000253 0.000216 -0.000301 0.010518 -0.003071 0.013069 0.0000000 1 418.629359 418.629359 505.740581 286.574774 -0.020453 -0.024926 0.019510 -0.005656 -0.660094 0.642445 -0.268559 0.281810 -0.062419 0.031365 0.062150 0 1.00000000 0.00000000 0.00000000 1.00000000 0.00000000 1.00000000 1.00000000 0.00000000 0.00000000 1.00000000 0.00000000 1.00000000 0.00000000 0.00000000 0.00000000 0.00000000 0.00000000 0.00000000 0.00000000 0.00000000 0.00000000 0.00000000 0.00000000 0.00000000 1.00000000 0.00000000 0.00000000 0.00000000 1.00000000 
1700000021.97043 -0.190063 -0.098848 0.976566 0.020580 0.033921 0.093639 0.025126 0.039268 -0.058682 0.011315 0.000241 -0.000066 -0.000583 0.010464 -0.003026 0.012984 0.0000000 1 418.629359 418.629359 505.740581 286.574774 -0.020453 -0.024926 0.019510 -0.005656 -0.660094 0.642445 -0.268559 0.281810 -0.062419 0.031365 0.062150 0 1.00000000 0.00000000 0.00000000 1.00000000 0.00000000 1.00000000 1.00000000 0.00000000 0.00000000 1.00000000 0.00000000 1.00000000 0.00000000 0.00000000 0.00000000 0.00000000 0.00000000 0.00000000 0.00000000 0.00000000 0.00000000 0.00000000 0.00000000 0.00000000 1.00000000 0.00000000 0.00000000 0.00000000 1.00000000 
1700000022.00433 -0.189986 -0.100775 0.976529 0.011850 0.034908 0.091712 0.025576 0.035955 -0.060641 0.010282 0.000288 -0.000354 -0.000830 0.010392 -0.002999 0.013063 0.0000000 1 418.629359 418.629359 505.740581 286.574774 -0.020453 -0.024926 0.019510 -0.005656 -0.660094 0.642445 -0.268559 0.281810 -0.062419 0.031365 0.062150 0 1.00000000 0.00000000 0.00000000 1.00000000 0.00000000 1.00000000 1.00000000 0.00000000 0.00000000 1.00000000 0.00000000 1.00000000 0.00000000 0.00000000 0.00000000 0.00000000 0.00000000 0.00000000 0.00000000 0.00000000 0.00000000 0.00000000 0.00000000 0.00000000 1.00000000 0.00000000 0.00000000 0.00000000 1.00000000 
1700000022.03823 -0.189927 -0.102659 0.976410 0.003520 0.035813 0.089689 0.026302 0.034190 -0.062435 0.015151 0.000353 -0.000755 -0.000931 0.010335 -0.002979 0.013025 0.0000000 1 418.629359 418.629359 505.740581 286.574774 -0.020453 -0.024926 0.019510 -0.005656 -0.660094 0.642445 -0.268559 0.281810 -0.062419 0.031365 0.062150 0 1.00000000 0.00000000 0.00000000 1.00000000 0.00000000 1.00000000 1.00000000 0.00000000 0.00000000 1.00000000 0.00000000 1.00000000 0.00000000 0.00000000 0.00000000 0.00000000 0.00000000 0.00000000 0.00000000 0.00000000 0.00000000 0.00000000 0.00000000 0.00000000 1.00000000 0.00000000 0.00000000 0.00000000 1.00000000 
1700000022.07214 0.188998 0.104302 -0.976411 0.004646 0.036807 0.087437 0.027001 0.033574 -0.065198 0.016499 0.000513 -0.000950 -0.000898 0.010297 -0.002952 0.013028 0.0000000 1 418.629359 418.629359 505.740581 286.574774 -0.020453 -0.024926 0.019510 -0.005656 -0.660094 0.642445 -0.268559 0.281810 -0.062419 0.031365 0.062150 0 1.00000000 0.00000000 0.00000000 1.00000000 0.00000000 1.00000000 1.00000000 0.00000000 0.00000000 1.00000000 0.00000000 1.00000000 0.00000000 0.00000000 0.00000000 0.00000000 0.00000000 0.00000000 0.00000000 0.00000000 0.00000000 0.00000000 0.00000000 0.00000000 1.00000000 0.00000000 0.00000000 0.00000000 1.00000000 
1700000022.10605 0.187924 0.106266 -0.976338 0.012477 0.037399 0.085381 0.027504 0.023648 -0.065031 0.010324 0.000709 -0.001172 -0.001008 0.010286 -0.002852 0.013183 0.0000000 1 418.629359 418.629359 505.740581 286.574774 -0.020453 -0.024926 0.019510 -0.005656 -0.660094 0.642445 -0.268559 0.281810 -0.062419 0.031365 0.062150 0 1.00000000 0.00000000 0.00000000 1.00000000 0.00000000 1.00000000 1.00000000 0.00000000 0.00000000 1.00000000 0.00000000 1.00000000 0.00000000 0.00000000 0.00000000 0.00000000 0.00000000 0.00000000 0.00000000 0.00000000 0.00000000 0.00000000 0.00000000 0.00000000 1.00000000 0.00000000 0.00000000 0.00000000 1.00000000 
1700000022.13995 0.186433 0.108358 -0.976278 0.019554 0.038267 0.083350 0.027776 0.024068 -0.063418 0.003794 0.000867 -0.001223 -0.001085 0.010343 -0.002907 0.013252 0.0000000 1 418.629359 418.629359 505.740581 286.574774 -0.020453 -0.024926 0.019510 -0.005656 -0.660094 0.642445 -0.268559 0.281810 -0.062419 0.031365 0.062150 0 1.00000000 0.00000000 0.00000000 1.00000000 0.00000000 1.00000000 1.00000000 0.00000000 0.00000000 1.00000000 0.00000000 1.00000000 0.00000000 0.00000000 0.00000000 0.00000000 0.00000000 0.00000000 0.00000000 0.00000000 0.00000000 0.00000000 0.00000000 0.00000000 1.00000000 0.00000000 0.00000000 0.00000000 1.00000000 
1700000022.17385 0.185617 0.110906 -0.975984 0.026470 0.039169 0.081373 0.027807 0.026256 -0.060278 -0.004017 0.001017 -0.001326 -0.001107 0.010432 -0.003008 0.013259 0.0000000 1 418.629359 418.629359 505.740581 286.574774 -0.020453 -0.024926 0.019510 -0.005656 -0.660094 0.642445 -0.268559 0.281810 -0.062419 0.031365 0.062150 0 1.00000000 0.00000000 0.00000000 1.00000000 0.00000000 1.00000000 1.00000000 0.00000000 0.00000000 1.00000000 0.00000000 1.00000000 0.00000000 0.00000000 0.00000000 0.00000000 0.00000000 0.00000000 0.00000000 0.00000000 0.00000000 0.00000000 0.00000000 0.00000000 1.00000000 0.00000000 0.00000000 0.00000000 1.00000000 
1700000022.20776 0.184414 0.112891 -0.975761 0.033728 0.040438 0.079212 0.027978 0.037257 -0.061300 0.000898 0.001038 -0.001353 -0.001214 0.010354 -0.003124 0.012927 0.0000000 1 418.629359 418.629359 505.740581 286.574774 -0.020453 -0.024926 0.019510 -0.005656 -0.660094 0.642445 -0.268559 0.281810 -0.062419 0.031365 0.062150 0 1.00000000 0.00000000 0.00000000 1.00000000 0.00000000 1.00000000 1.00000000 0.00000000 0.00000000 1.00000000 0.00000000 1.00000000 0.00000000 0.00000000 0.00000000 0.00000000 0.00000000 0.00000000 0.00000000 0.00000000 0.00000000 0.00000000 0.00000000 0.00000000 1.00000000 0.00000000 0.00000000 0.00000000 1.00000000 
1700000022.24166 0.183760 0.114182 -0.975388 0.042576 0.042062 0.077208 0.027994 0.046931 -0.062158 -0.001054 0.001016 -0.001273 -0.001351 0.010317 -0.003312 0.012834 0.0000000 1 418.629359 418.629359 505.740581 286.574774 -0.020453 -0.024926 0.019510 -0.005656 -0.660094 0.642445 -0.268559 0.281810 -0.062419 0.031365 0.062150 0 1.00000000 0.00000000 0.00000000 1.00000000 0.00000000 1.00000000 1.00000000 0.00000000 0.00000000 1.00000000 0.00000000 1.00000000 0.00000000 0.00000000 0.00000000 0.00000000 0.00000000 0.00000000 0.00000000 0.00000000 0.00000000 0.00000000 0.00000000 0.00000000 1.00000000 0.00000000 0.00000000 0.00000000 1.00000000 
1700000022.27557 0.183518 0.115826 -0.974804 0.051608 0.044006 0.075206 0.027869 0.057678 -0.060974 -0.005729 0.001099 -0.001160 -0.001379 0.010384 -0.003466 0.012812 0.0000000 1 418.629359 418.629359 505.740581 286.574774 -0.020453 -0.024926 0.019510 -0.005656 -0.660094 0.642445 -0.268559 0.281810 -0.062419 0.031365 0.062150 0 1.00000000 0.00000000 0.00000000 1.00000000 0.00000000 1.00000000 1.00000000 0.00000000 0.00000000 1.00000000 0.00000000 1.00000000 0.00000000 0.00000000 0.00000000 0.00000000 0.00000000 0.00000000 0.00000000 0.00000000 0.00000000 0.00000000 0.00000000 0.00000000 1.00000000 0.00000000 0.00000000 0.00000000 1.00000000 
1700000022.30947 0.182945 0.117947 -0.974109 0.061080 0.046059 0.073081 0.027709 0.059965 -0.061317 -0.005963 0.001403 -0.000931 -0.001345 0.010374 -0.003347 0.012770 0.0000000 1 418.629359 418.629359 505.740581 286.574774 -0.020453 -0.024926 0.019510 -0.005656 -0.660094 0.642445 -0.268559 0.281810 -0.062419 0.031365 0.062150 0 1.00000000 0.00000000 0.00000000 1.00000000 0.00000000 1.00000000 1.00000000 0.00000000 0.00000000 1.00000000 0.00000000 1.00000000 0.00000000 0.00000000 0.00000000 0.00000000 0.00000000 0.00000000 0.00000000 0.00000000 0.00000000 0.00000000 0.00000000 0.00000000 1.00000000 0.00000000 0.00000000 0.00000000 1.00000000 
1700000022.34338 0.182487 0.119916 -0.973350 0.070058 0.048189 0.071001 0.027460 0.061171 -0.059821 -0.007923 0.001631 -0.000826 -0.001228 0.010464 -0.003369 0.012814 0.0000000 1 418.629359 418.629359 505.740581 286.574774 -0.020453 -0.024926 0.019510 -0.005656 -0.660094 0.642445 -0.268559 0.281810 -0.062419 0.031365 0.062150 0 1.00000000 0.00000000 0.00000000 1.00000000 0.00000000 1.00000000 1.00000000 0.00000000 0.00000000 1.00000000 0.00000000 1.00000000 0.00000000 0.00000000 0.00000000 0.00000000 0.00000000 0.00000000 0.00000000 0.00000000 0.00000000 0.00000000 0.00000000 0.00000000 1.00000000 0.00000000 0.00000000 0.00000000 1.00000000 
1700000022.37728 0.182778 0.122507 -0.972287 0.079007 0.050136 0.069042 0.026971 0.054692 -0.057010 -0.016166 0.001939 -0.000775 -0.000993 0.010677 -0.003331 0.013036 0.0000000 1 418.629359 418.629359 505.740581 286.574774 -0.020453 -0.024926 0.019510 -0.005656 -0.660094 0.642445 -0.268559 0.281810 -0.062419 0.031365 0.062150 0 1.00000000 0.00000000 0.00000000 1.00000000 0.00000000 1.00000000 1.00000000 0.00000000 0.00000000 1.00000000 0.00000000 1.00000000 0.00000000 0.00000000 0.00000000 0.00000000 0.00000000 0.00000000 0.00000000 0.00000000 0.00000000 0.00000000 0.00000000 0.00000000 1.00000000 0.00000000 0.00000000 0.00000000 1.00000000 
1700000022.41119 0.182300 0.126710 -0.971256 0.085871 0.051488 0.067576 0.026202 0.044894 -0.045517 -0.025133 0.002112 -0.000675 -0.000792 0.011190 -0.002960 0.013385 0.0000000 1 418.629359 418.629359 505.740581 286.574774 -0.020453 -0.024926 0.019510 -0.005656 -0.660094 0.642445 -0.268559 0.281810 -0.062419 0.031365 0.062150 0 1.00000000 0.00000000 0.00000000 1.00000000 0.00000000 1.00000000 1.00000000 0.00000000 0.00000000 1.00000000 0.00000000 1.00000000 0.00000000 0.00000000 0.00000000 0.00000000 0.00000000 0.00000000 0.00000000 0.00000000 0.00000000 0.00000000 0.00000000 0.00000000 1.00000000 0.00000000 0.00000000 0.00000000 1.00000000 
1700000022.44509 0.180485 0.131239 -0.970368 0.092668 0.053243 0.065944 0.025498 0.052062 -0.040862 -0.016839 0.002238 -0.000522 -0.000789 0.011068 -0.003137 0.013138 0.0000000 1 418.629359 418.629359 505.740581 286.574774 -0.020453 -0.024926 0.019510 -0.005656 -0.660094 0.642445 -0.268559 0.281810 -0.062419 0.031365 0.062150 0 1.00000000 0.00000000 0.00000000 1.00000000 0.00000000 1.00000000 1.00000000 0.00000000 0.00000000 1.00000000 0.00000000 1.00000000 0.00000000 0.00000000 0.00000000 0.00000000 0.00000000 0.00000000 0.00000000 0.00000000 0.00000000 0.00000000 0.00000000 0.00000000 1.00000000 0.00000000 0.00000000 0.00000000 1.00000000 
1700000022.47900 0.180296 0.134630 -0.969068 0.101369 0.055291 0.064427 0.024940 0.058344 -0.040133 -0.012369 0.002212 -0.000539 -0.000790 0.010888 -0.003545 0.013014 0.0000000 1 418.629359 418.629359 505.740581 286.574774 -0.020453 -0.024926 0.019510 -0.005656 -0.660094 0.642445 -0.268559 0.281810 -0.062419 0.031365 0.062150 0 1.00000000 0.00000000 0.00000000 1.00000000 0.00000000 1.00000000 1.00000000 0.00000000 0.00000000 1.00000000 0.00000000 1.00000000 0.00000000 0.00000000 0.00000000 0.00000000 0.00000000 0.00000000 0.00000000 0.00000000 0.00000000 0.00000000 0.00000000 0.00000000 1.00000000 0.00000000 0.00000000 0.00000000 1.00000000 
1700000022.51290 0.180825 0.137419 -0.967772 0.108790 0.056765 0.063059 0.024496 0.048457 -0.038072 -0.015812 0.002294 -0.000738 -0.000606 0.011052 -0.003477 0.013179 0.0000000 1 418.629359 418.629359 505.740581 286.574774 -0.020453 -0.024926 0.019510 -0.005656 -0.660094 0.642445 -0.268559 0.281810 -0.062419 0.031365 0.062150 0 1.00000000 0.00000000 0.00000000 1.00000000 0.00000000 1.00000000 1.00000000 0.00000000 0.00000000 1.00000000 0.00000000 1.00000000 0.00000000 0.00000000 0.00000000 0.00000000 0.00000000 0.00000000 0.00000000 0.00000000 0.00000000 0.00000000 0.00000000 0.00000000 1.00000000 0.00000000 0.00000000 0.00000000 1.00000000 
1700000022.54681 0.180506 0.139456 -0.967051 0.113056 0.058083 0.061922 0.023950 0.035946 -0.030368 -0.016130 0.002211 -0.000808 -0.000081 0.011511 -0.003333 0.013341 0.0000000 1 418.629359 418.629359 505.740581 286.574774 -0.020453 -0.024926 0.019510 -0.005656 -0.660094 0.642445 -0.268559 0.281810 -0.062419 0.031365 0.062150 0 1.00000000 0.00000000 0.00000000 1.00000000 0.00000000 1.00000000 1.00000000 0.00000000 0.00000000 1.00000000 0.00000000 1.00000000 0.00000000 0.00000000 0.00000000 0.00000000 0.00000000 0.00000000 0.00000000 0.00000000 0.00000000 0.00000000 0.00000000 0.00000000 1.00000000 0.00000000 0.00000000 0.00000000 1.00000000 
1700000022.58071 0.180650 0.141403 -0.966371 0.116179 0.059091 0.060915 0.023330 0.026836 -0.024202 -0.016877 0.002152 -0.000982 0.000237 0.011719 -0.003458 0.013421 0.0000000 1 418.629359 418.629359 505.740581 286.574774 -0.020453 -0.024926 0.019510 -0.005656 -0.660094 0.642445 -0.268559 0.281810 -0.062419 0.031365 0.062150 0 1.00000000 0.00000000 0.00000000 1.00000000 0.00000000 1.00000000 1.00000000 0.00000000 0.00000000 1.00000000 0.00000000 1.00000000 0.00000000 0.00000000 0.00000000 0.00000000 0.00000000 0.00000000 0.00000000 0.00000000 0.00000000 0.00000000 0.00000000 0.00000000 1.00000000 0.00000000 0.00000000 0.00000000 1.00000000 
1700000022.61462 0.181385 0.142835 -0.965747 0.118449 0.059947 0.060142 0.022713 0.019350 -0.017577 -0.016001 0.002091 -0.001104 0.000579 0.011992 -0.003795 0.013443 0.0000000 1 418.629359 418.629359 505.740581 286.574774 -0.020453 -0.024926 0.019510 -0.005656 -0.660094 0.642445 -0.268559 0.281810 -0.062419 0.031365 0.062150 0 1.00000000 0.00000000 0.00000000 1.00000000 0.00000000 1.00000000 1.00000000 0.00000000 0.00000000 1.00000000 0.00000000 1.00000000 0.00000000 0.00000000 0.00000000 0.00000000 0.00000000 0.00000000 0.00000000 0.00000000 0.00000000 0.00000000 0.00000000 0.00000000 1.00000000 0.00000000 0.00000000 0.00000000 1.00000000 
1700000022.64852 0.181951 0.143727 -0.965384 0.119459 0.060287 0.059687 0.022218 0.007965 -0.010632 -0.011989 0.002035 -0.001128 0.000870 0.012332 -0.003785 0.013499 0.0000000 1 418.629359 418.629359 505.740581 286.574774 -0.020453 -0.024926 0.019510 -0.005656 -0.660094 0.642445 -0.268559 0.281810 -0.062419 0.031365 0.062150 0 1.00000000 0.00000000 0.00000000 1.00000000 0.00000000 1.00000000 1.00000000 0.00000000 0.00000000 1.00000000 0.00000000 1.00000000 0.00000000 0.00000000 0.00000000 0.00000000 0.00000000 0.00000000 0.00000000 0.00000000 0.00000000 0.00000000 0.00000000 0.00000000 1.00000000 0.00000000 0.00000000 0.00000000 1.00000000 
1700000022.68243 0.182257 0.143759 -0.965326 0.119420 0.060463 0.059307 0.021920 0.001202 -0.006255 -0.004701 0.001913 -0.001158 0.001168 0.012496 -0.003920 0.013466 0.0000000 1 418.629359 418.629359 505.740581 286.574774 -0.020453 -0.024926 0.019510 -0.005656 -0.660094 0.642445 -0.268559 0.281810 -0.062419 0.031365 0.062150 0 1.00000000 0.00000000 0.00000000 1.00000000 0.00000000 1.00000000 1.00000000 0.00000000 0.00000000 1.00000000 0.00000000 1.00000000 0.00000000 0.00000000 0.00000000 0.00000000 0.00000000 0.00000000 0.00000000 0.00000000 0.00000000 0.00000000 0.00000000 0.00000000 1.00000000 0.00000000 0.00000000 0.00000000 1.00000000 
1700000022.71633 0.182967 0.143340 -0.965343 0.118698 0.060480 0.059201 0.021638 -0.004001 -0.001577 -0.003305 0.001783 -0.001104 0.001447 0.012839 -0.004185 0.013612 0.0000000 1 418.629359 418.629359 505.740581 286.574774 -0.020453 -0.024926 0.019510 -0.005656 -0.660094 0.642445 -0.268559 0.281810 -0.062419 0.031365 0.062150 0 1.00000000 0.00000000 0.00000000 1.00000000 0.00000000 1.00000000 1.00000000 0.00000000 0.00000000 1.00000000 0.00000000 1.00000000 0.00000000 0.00000000 0.00000000 0.00000000 0.00000000 0.00000000 0.00000000 0.00000000 0.00000000 0.00000000 0.00000000 0.00000000 1.00000000 0.00000000 0.00000000 0.00000000 1.00000000 
1700000022.75024 0.183669 0.142163 -0.965479 0.117921 0.060448 0.059193 0.021620 -0.002318 0.001012 0.003238 0.001646 -0.001051 0.001557 0.012925 -0.004413 0.013547 0.0000000 1 418.629359 418.629359 505.740581 286.574774 -0.020453 -0.024926 0.019510 -0.005656 -0.660094 0.642445 -0.268559 0.281810 -0.062419 0.031365 0.062150 0 1.00000000 0.00000000 0.00000000 1.00000000 0.00000000 1.00000000 1.00000000 0.00000000 0.00000000 1.00000000 0.00000000 1.00000000 0.00000000 0.00000000 0.00000000 0.00000000 0.00000000 0.00000000 0.00000000 0.00000000 0.00000000 0.00000000 0.00000000 0.00000000 1.00000000 0.00000000 0.00000000 0.00000000 1.00000000 
1700000022.78414 0.184437 0.141633 -0.965477 0.117376 0.060337 0.059445 0.021542 -0.004626 0.002618 -0.002626 0.001779 -0.000963 0.001635 0.013390 -0.004551 0.013838 0.0000000 1 418.629359 418.629359 505.740581 286.574774 -0.020453 -0.024926 0.019510 -0.005656 -0.660094 0.642445 -0.268559 0.281810 -0.062419 0.031365 0.062150 0 1.00000000 0.00000000 0.00000000 1.00000000 0.00000000 1.00000000 1.00000000 0.00000000 0.00000000 1.00000000 0.00000000 1.00000000 0.00000000 0.00000000 0.00000000 0.00000000 0.00000000 0.00000000 0.00000000 0.00000000 0.00000000 0.00000000 0.00000000 0.00000000 1.00000000 0.00000000 0.00000000 0.00000000 1.00000000 
1700000022.81805 0.184428 0.142456 -0.965512 0.116098 0.060016 0.059637 0.021403 -0.005811 0.005185 -0.001645 0.001843 -0.000827 0.001703 0.013661 -0.004326 0.013967 0.0000000 1 418.629359 418.629359 505.740581 286.574774 -0.020453 -0.024926 0.019510 -0.005656 -0.660094 0.642445 -0.268559 0.281810 -0.062419 0.031365 0.062150 0 1.00000000 0.00000000 0.00000000 1.00000000 0.00000000 1.00000000 1.00000000 0.00000000 0.00000000 1.00000000 0.00000000 1.00000000 0.00000000 0.00000000 0.00000000 0.00000000 0.00000000 0.00000000 0.00000000 0.00000000 0.00000000 0.00000000 0.00000000 0.00000000 1.00000000 0.00000000 0.00000000 0.00000000 1.00000000 
1700000022.85195 0.183953 0.142520 -0.965640 0.115708 0.059911 0.059831 0.021477 -0.002910 0.005372 0.007124 0.001788 -0.000785 0.001619 0.013641 -0.004494 0.013903 0.0000000 1 418.629359 418.629359 505.740581 286.574774 -0.020453 -0.024926 0.019510 -0.005656 -0.660094 0.642445 -0.268559 0.281810 -0.062419 0.031365 0.062150 0 1.00000000 0.00000000 0.00000000 1.00000000 0.00000000 1.00000000 1.00000000 0.00000000 0.00000000 1.00000000 0.00000000 1.00000000 0.00000000 0.00000000 0.00000000 0.00000000 0.00000000 0.00000000 0.00000000 0.00000000 0.00000000 0.00000000 0.00000000 0.00000000 1.00000000 0.00000000 0.00000000 0.00000000 1.00000000 
1700000022.88586 0.183895 0.142325 -0.965704 0.115505 0.059725 0.060082 0.021577 -0.008139 0.003983 0.003718 0.001750 -0.000757 0.001658 0.013832 -0.004620 0.014071 0.0000000 1 418.629359 418.629359 505.740581 286.574774 -0.020453 -0.024926 0.019510 -0.005656 -0.660094 0.642445 -0.268559 0.281810 -0.062419 0.031365 0.062150 0 1.00000000 0.00000000 0.00000000 1.00000000 0.00000000 1.00000000 1.00000000 0.00000000 0.00000000 1.00000000 0.00000000 1.00000000 0.00000000 0.00000000 0.00000000 0.00000000 0.00000000 0.00000000 0.00000000 0.00000000 0.00000000 0.00000000 0.00000000 0.00000000 1.00000000 0.00000000 0.00000000 0.00000000 1.00000000 
1700000022.91976 0.183656 0.142840 -0.965863 0.113911 0.059257 0.060365 0.021575 -0.016078 0.006379 -0.001055 0.001780 -0.000746 0.001881 0.014260 -0.004602 0.014296 0.0000000 1 418.629359 418.629359 505.740581 286.574774 -0.020453 -0.024926 0.019510 -0.005656 -0.660094 0.642445 -0.268559 0.281810 -0.062419 0.031365 0.062150 0 1.00000000 0.00000000 0.00000000 1.00000000 0.00000000 1.00000000 1.00000000 0.00000000 0.00000000 1.00000000 0.00000000 1.00000000 0.00000000 0.00000000 0.00000000 0.00000000 0.00000000 0.00000000 0.00000000 0.00000000 0.00000000 0.00000000 0.00000000 0.00000000 1.00000000 0.00000000 0.00000000 0.00000000 1.00000000 
1700000022.95367 0.183168 0.143319 -0.966120 0.111901 0.058623 0.060645 0.021637 -0.019855 0.008199 0.004985 0.001716 -0.000751 0.001977 0.014432 -0.004634 0.014306 0.0000000 1 418.629359 418.629359 505.740581 286.574774 -0.020453 -0.024926 0.019510 -0.005656 -0.660094 0.642445 -0.268559 0.281810 -0.062419 0.031365 0.062150 0 1.00000000 0.00000000 0.00000000 1.00000000 0.00000000 1.00000000 1.00000000 0.00000000 0.00000000 1.00000000 0.00000000 1.00000000 0.00000000 0.00000000 0.00000000 0.00000000 0.00000000 0.00000000 0.00000000 0.00000000 0.00000000 0.00000000 0.00000000 0.00000000 1.00000000 0.00000000 0.00000000 0.00000000 1.00000000 
1700000022.98757 0.183123 0.142702 -0.966470 0.109716 0.057888 0.060894 0.021881 -0.024589 0.007399 0.010730 0.001506 -0.000823 0.002095 0.014476 -0.004799 0.014302 0.0000000 1 418.629359 418.629359 505.740581 286.574774 -0.020453 -0.024926 0.019510 -0.005656 -0.660094 0.642445 -0.268559 0.281810 -0.062419 0.031365 0.062150 0 1.00000000 0.00000000 0.00000000 1.00000000 0.00000000 1.00000000 1.00000000 0.00000000 0.00000000 1.00000000 0.00000000 1.00000000 0.00000000 0.00000000 0.00000000 0.00000000 0.00000000 0.00000000 0.00000000 0.00000000 0.00000000 0.00000000 0.00000000 0.00000000 1.00000000 0.00000000 0.00000000 0.00000000 1.00000000 
1700000023.02148 0.183551 0.141151 -0.966924 0.106975 0.056993 0.061216 0.022247 -0.027881 0.009099 0.012085 0.001298 -0.000882 0.002234 0.014642 -0.004949 0.014371 0.0000000 1 418.629359 418.629359 505.740581 286.574774 -0.020453 -0.024926 0.019510 -0.005656 -0.660094 0.642445 -0.268559 0.281810 -0.062419 0.031365 0.062150 0 1.00000000 0.00000000 0.00000000 1.00000000 0.00000000 1.00000000 1.00000000 0.00000000 0.00000000 1.00000000 0.00000000 1.00000000 0.00000000 0.00000000 0.00000000 0.00000000 0.00000000 0.00000000 0.00000000 0.00000000 0.00000000 0.00000000 0.00000000 0.00000000 1.00000000 0.00000000 0.00000000 0.00000000 1.00000000 
1700000023.05538 0.183866 0.139410 -0.967464 0.103788 0.055910 0.061683 0.022568 -0.031064 0.009703 0.007983 0.001241 -0.000869 0.002334 0.014917 -0.004950 0.014515 0.0000000 1 418.629359 418.629359 505.740581 286.574774 -0.020453 -0.024926 0.019510 -0.005656 -0.660094 0.642445 -0.268559 0.281810 -0.062419 0.031365 0.062150 0 1.00000000 0.00000000 0.00000000 1.00000000 0.00000000 1.00000000 1.00000000 0.00000000 0.00000000 1.00000000 0.00000000 1.00000000 0.00000000 0.00000000 0.00000000 0.00000000 0.00000000 0.00000000 0.00000000 0.00000000 0.00000000 0.00000000 0.00000000 0.00000000 1.00000000 0.00000000 0.00000000 0.00000000 1.00000000 
1700000023.08929 0.183815 0.138428 -0.967975 0.100375 0.054875 0.062207 0.022814 -0.025831 0.011471 0.005943 0.001279 -0.000826 0.002309 0.015175 -0.004995 0.014578 0.0000000 1 418.629359 418.629359 505.740581 286.574774 -0.020453 -0.024926 0.019510 -0.005656 -0.660094 0.642445 -0.268559 0.281810 -0.062419 0.031365 0.062150 0 1.00000000 0.00000000 0.00000000 1.00000000 0.00000000 1.00000000 1.00000000 0.00000000 0.00000000 1.00000000 0.00000000 1.00000000 0.00000000 0.00000000 0.00000000 0.00000000 0.00000000 0.00000000 0.00000000 0.00000000 0.00000000 0.00000000 0.00000000 0.00000000 1.00000000 0.00000000 0.00000000 0.00000000 1.00000000 
1700000023.12319 0.183384 0.138138 -0.968406 0.097356 0.053944 0.062786 0.022910 -0.025681 0.012333 0.001152 0.001344 -0.000746 0.002293 0.015401 -0.004963 0.014706 0.0000000 1 418.629359 418.629359 505.740581 286.574774 -0.020453 -0.024926 0.019510 -0.005656 -0.660094 0.642445 -0.268559 0.281810 -0.062419 0.031365 0.062150 0 1.00000000 0.00000000 0.00000000 1.00000000 0.00000000 1.00000000 1.00000000 0.00000000 0.00000000 1.00000000 0.00000000 1.00000000 0.00000000 0.00000000 0.00000000 0.00000000 0.00000000 0.00000000 0.00000000 0.00000000 0.00000000 0.00000000 0.00000000 0.00000000 1.00000000 0.00000000 0.00000000 0.00000000 1.00000000 
1700000023.15710 0.183068 0.138374 -0.968869 0.092910 0.052839 0.063398 0.022819 -0.033049 0.016182 -0.005055 0.001279 -0.000783 0.002542 0.015733 -0.004863 0.014884 0.0000000 1 418.629359 418.629359 505.740581 286.574774 -0.020453 -0.024926 0.019510 -0.005656 -0.660094 0.642445 -0.268559 0.281810 -0.062419 0.031365 0.062150 0 1.00000000 0.00000000 0.00000000 1.00000000 0.00000000 1.00000000 1.00000000 0.00000000 0.00000000 1.00000000 0.00000000 1.00000000 0.00000000 0.00000000 0.00000000 0.00000000 0.00000000 0.00000000 0.00000000 0.00000000 0.00000000 0.00000000 0.00000000 0.00000000 1.00000000 0.00000000 0.00000000 0.00000000 1.00000000 
1700000023.19100 0.182962 0.137905 -0.969441 0.087698 0.051564 0.064099 0.022646 -0.036501 0.021031 -0.004284 0.001118 -0.000790 0.002579 0.015796 -0.004837 0.014878 0.0000000 1 418.629359 418.629359 505.740581 286.574774 -0.020453 -0.024926 0.019510 -0.005656 -0.660094 0.642445 -0.268559 0.281810 -0.062419 0.031365 0.062150 0 1.00000000 0.00000000 0.00000000 1.00000000 0.00000000 1.00000000 1.00000000 0.00000000 0.00000000 1.00000000 0.00000000 1.00000000 0.00000000 0.00000000 0.00000000 0.00000000 0.00000000 0.00000000 0.00000000 0.00000000 0.00000000 0.00000000 0.00000000 0.00000000 1.00000000 0.00000000 0.00000000 0.00000000 1.00000000 
1700000023.22491 0.183452 0.136762 -0.969961 0.082562 0.050312 0.064920 0.022580 -0.037617 0.026580 -0.001390 0.000916 -0.000936 0.002668 0.015792 -0.004926 0.014792 0.0000000 1 418.629359 418.629359 505.740581 286.574774 -0.020453 -0.024926 0.019510 -0.005656 -0.660094 0.642445 -0.268559 0.281810 -0.062419 0.031365 0.062150 0 1.00000000 0.00000000 0.00000000 1.00000000 0.00000000 1.00000000 1.00000000 0.00000000 0.00000000 1.00000000 0.00000000 1.00000000 0.00000000 0.00000000 0.00000000 0.00000000 0.00000000 0.00000000 0.00000000 0.00000000 0.00000000 0.00000000 0.00000000 0.00000000 1.00000000 0.00000000 0.00000000 0.00000000 1.00000000 
1700000023.25881 0.184195 0.134852 -0.970605 0.076241 0.048755 0.066008 0.022586 -0.047154 0.032141 0.000396 0.000666 -0.001030 0.002853 0.015925 -0.004837 0.014813 0.0000000 1 418.629359 418.629359 505.740581 286.574774 -0.020453 -0.024926 0.019510 -0.005656 -0.660094 0.642445 -0.268559 0.281810 -0.062419 0.031365 0.062150 0 1.00000000 0.00000000 0.00000000 1.00000000 0.00000000 1.00000000 1.00000000 0.00000000 0.00000000 1.00000000 0.00000000 1.00000000 0.00000000 0.00000000 0.00000000 0.00000000 0.00000000 0.00000000 0.00000000 0.00000000 0.00000000 0.00000000 0.00000000 0.00000000 1.00000000 0.00000000 0.00000000 0.00000000 1.00000000 
1700000023.29272 0.185417 0.132365 -0.971228 0.069395 0.047098 0.067214 0.022596 -0.047426 0.037749 0.001566 0.000507 -0.001164 0.002868 0.015900 -0.004926 0.014790 0.0000000 1 418.629359 418.629359 505.740581 286.574774 -0.020453 -0.024926 0.019510 -0.005656 -0.660094 0.642445 -0.268559 0.281810 -0.062419 0.031365 0.062150 0 1.00000000 0.00000000 0.00000000 1.00000000 0.00000000 1.00000000 1.00000000 0.00000000 0.00000000 1.00000000 0.00000000 1.00000000 0.00000000 0.00000000 0.00000000 0.00000000 0.00000000 0.00000000 0.00000000 0.00000000 0.00000000 0.00000000 0.00000000 0.00000000 1.00000000 0.00000000 0.00000000 0.00000000 1.00000000 
1700000023.32662 0.186552 0.129689 -0.971812 0.062938 0.045598 0.068490 0.022641 -0.041285 0.039060 0.003002 0.000367 -0.001195 0.002828 0.015789 -0.005073 0.014684 0.0000000 1 418.629359 418.629359 505.740581 286.574774 -0.020453 -0.024926 0.019510 -0.005656 -0.660094 0.642445 -0.268559 0.281810 -0.062419 0.031365 0.062150 0 1.00000000 0.00000000 0.00000000 1.00000000 0.00000000 1.00000000 1.00000000 0.00000000 0.00000000 1.00000000 0.00000000 1.00000000 0.00000000 0.00000000 0.00000000 0.00000000 0.00000000 0.00000000 0.00000000 0.00000000 0.00000000 0.00000000 0.00000000 0.00000000 1.00000000 0.00000000 0.00000000 0.00000000 1.00000000 
1700000023.36053 0.187277 0.127341 -0.972296 0.057897 0.044449 0.069858 0.022624 -0.029908 0.037413 0.001082 0.000403 -0.001081 0.002604 0.015699 -0.005266 0.014642 0.0000000 1 418.629359 418.629359 505.740581 286.574774 -0.020453 -0.024926 0.019510 -0.005656 -0.660094 0.642445 -0.268559 0.281810 -0.062419 0.031365 0.062150 0 1.00000000 0.00000000 0.00000000 1.00000000 0.00000000 1.00000000 1.00000000 0.00000000 0.00000000 1.00000000 0.00000000 1.00000000 0.00000000 0.00000000 0.00000000 0.00000000 0.00000000 0.00000000 0.00000000 0.00000000 0.00000000 0.00000000 0.00000000 0.00000000 1.00000000 0.00000000 0.00000000 0.00000000 1.00000000 
1700000023.39443 0.187613 0.126422 -0.972646 0.052712 0.043345 0.071024 0.022408 -0.030183 0.033786 -0.005775 0.000461 -0.000990 0.002820 0.015703 -0.005141 0.014793 0.0000000 1 418.629359 418.629359 505.740581 286.574774 -0.020453 -0.024926 0.019510 -0.005656 -0.660094 0.642445 -0.268559 0.281810 -0.062419 0.031365 0.062150 0 1.00000000 0.00000000 0.00000000 1.00000000 0.00000000 1.00000000 1.00000000 0.00000000 0.00000000 1.00000000 0.00000000 1.00000000 0.00000000 0.00000000 0.00000000 0.00000000 0.00000000 0.00000000 0.00000000 0.00000000 0.00000000 0.00000000 0.00000000 0.00000000 1.00000000 0.00000000 0.00000000 0.00000000 1.00000000 
1700000023.42834 0.187468 0.125867 -0.973048 0.046799 0.042288 0.072254 0.022223 -0.029113 0.034890 -0.004444 0.000422 -0.000949 0.002977 0.015775 -0.005066 0.014776 0.0000000 1 418.629359 418.629359 505.740581 286.574774 -0.020453 -0.024926 0.019510 -0.005656 -0.660094 0.642445 -0.268559 0.281810 -0.062419 0.031365 0.062150 0 1.00000000 0.00000000 0.00000000 1.00000000 0.00000000 1.00000000 1.00000000 0.00000000 0.00000000 1.00000000 0.00000000 1.00000000 0.00000000 0.00000000 0.00000000 0.00000000 0.00000000 0.00000000 0.00000000 0.00000000 0.00000000 0.00000000 0.00000000 0.00000000 1.00000000 0.00000000 0.00000000 0.00000000 1.00000000 
1700000023.46224 0.187592 0.125056 -0.973385 0.041135 0.041331 0.073402 0.022046 -0.028279 0.033997 -0.003191 0.000344 -0.000951 0.003159 0.015734 -0.005089 0.014773 0.0000000 1 418.629359 418.629359 505.740581 286.574774 -0.020453 -0.024926 0.019510 -0.005656 -0.660094 0.642445 -0.268559 0.281810 -0.062419 0.031365 0.062150 0 1.00000000 0.00000000 0.00000000 1.00000000 0.00000000 1.00000000 1.00000000 0.00000000 0.00000000 1.00000000 0.00000000 1.00000000 0.00000000 0.00000000 0.00000000 0.00000000 0.00000000 0.00000000 0.00000000 0.00000000 0.00000000 0.00000000 0.00000000 0.00000000 1.00000000 0.00000000 0.00000000 0.00000000 1.00000000 
1700000023.49615 0.187842 0.124113 -0.973712 0.034588 0.039898 0.074629 0.021844 -0.041136 0.035790 -0.004745 0.000231 -0.000974 0.003390 0.015740 -0.004855 0.014896 0.0000000 1 418.629359 418.629359 505.740581 286.574774 -0.020453 -0.024926 0.019510 -0.005656 -0.660094 0.642445 -0.268559 0.281810 -0.062419 0.031365 0.062150 0 1.00000000 0.00000000 0.00000000 1.00000000 0.00000000 1.00000000 1.00000000 0.00000000 0.00000000 1.00000000 0.00000000 1.00000000 0.00000000 0.00000000 0.00000000 0.00000000 0.00000000 0.00000000 0.00000000 0.00000000 0.00000000 0.00000000 0.00000000 0.00000000 1.00000000 0.00000000 0.00000000 0.00000000 1.00000000 
1700000023.53005 0.188163 0.122657 -0.974088 0.026487 0.038266 0.076026 0.021630 -0.051025 0.041138 -0.005678 0.000096 -0.001052 0.003648 0.015774 -0.004800 0.014948 0.0000000 1 418.629359 418.629359 505.740581 286.574774 -0.020453 -0.024926 0.019510 -0.005656 -0.660094 0.642445 -0.268559 0.281810 -0.062419 0.031365 0.062150 0 1.00000000 0.00000000 0.00000000 1.00000000 0.00000000 1.00000000 1.00000000 0.00000000 0.00000000 1.00000000 0.00000000 1.00000000 0.00000000 0.00000000 0.00000000 0.00000000 0.00000000 0.00000000 0.00000000 0.00000000 0.00000000 0.00000000 0.00000000 0.00000000 1.00000000 0.00000000 0.00000000 0.00000000 1.00000000 
1700000023.56396 0.189435 0.120718 -0.974300 0.016750 0.036450 0.077554 0.021373 -0.058925 0.048570 -0.006915 -0.000105 -0.001284 0.004071 0.015796 -0.004881 0.014974 0.0000000 1 418.629359 418.629359 505.740581 286.574774 -0.020453 -0.024926 0.019510 -0.005656 -0.660094 0.642445 -0.268559 0.281810 -0.062419 0.031365 0.062150 0 1.00000000 0.00000000 0.00000000 1.00000000 0.00000000 1.00000000 1.00000000 0.00000000 0.00000000 1.00000000 0.00000000 1.00000000 0.00000000 0.00000000 0.00000000 0.00000000 0.00000000 0.00000000 0.00000000 0.00000000 0.00000000 0.00000000 0.00000000 0.00000000 1.00000000 0.00000000 0.00000000 0.00000000 1.00000000 
1700000023.59786 0.191059 0.117443 -0.974505 0.006679 0.034594 0.079219 0.021573 -0.053303 0.052861 0.003173 -0.000274 -0.001595 0.004124 0.015699 -0.004970 0.014602 0.0000000 1 418.629359 418.629359 505.740581 286.574774 -0.020453 -0.024926 0.019510 -0.005656 -0.660094 0.642445 -0.268559 0.281810 -0.062419 0.031365 0.062150 0 1.00000000 0.00000000 0.00000000 1.00000000 0.00000000 1.00000000 1.00000000 0.00000000 0.00000000 1.00000000 0.00000000 1.00000000 0.00000000 0.00000000 0.00000000 0.00000000 0.00000000 0.00000000 0.00000000 0.00000000 0.00000000 0.00000000 0.00000000 0.00000000 1.00000000 0.00000000 0.00000000 0.00000000 1.00000000 
1700000023.63177 -0.192913 -0.113177 0.974666 0.001631 0.033195 0.081142 0.021832 -0.041851 0.054386 0.005996 -0.000354 -0.001770 0.004079 0.015640 -0.005149 0.014459 0.0000000 1 418.629359 418.629359 505.740581 286.574774 -0.020453 -0.024926 0.019510 -0.005656 -0.660094 0.642445 -0.268559 0.281810 -0.062419 0.031365 0.062150 0 1.00000000 0.00000000 0.00000000 1.00000000 0.00000000 1.00000000 1.00000000 0.00000000 0.00000000 1.00000000 0.00000000 1.00000000 0.00000000 0.00000000 0.00000000 0.00000000 0.00000000 0.00000000 0.00000000 0.00000000 0.00000000 0.00000000 0.00000000 0.00000000 1.00000000 0.00000000 0.00000000 0.00000000 1.00000000 
1700000023.66567 -0.194701 -0.109543 0.974678 0.009758 0.031610 0.083156 0.021810 -0.042480 0.054203 -0.001771 -0.000323 -0.001820 0.004093 0.015555 -0.005183 0.014559 0.0000000 1 418.629359 418.629359 505.740581 286.574774 -0.020453 -0.024926 0.019510 -0.005656 -0.660094 0.642445 -0.268559 0.281810 -0.062419 0.031365 0.062150 0 1.00000000 0.00000000 0.00000000 1.00000000 0.00000000 1.00000000 1.00000000 0.00000000 0.00000000 1.00000000 0.00000000 1.00000000 0.00000000 0.00000000 0.00000000 0.00000000 0.00000000 0.00000000 0.00000000 0.00000000 0.00000000 0.00000000 0.00000000 0.00000000 1.00000000 0.00000000 0.00000000 0.00000000 1.00000000 
1700000023.69958 -0.195566 -0.106906 0.974671 0.018500 0.030137 0.085232 0.021556 -0.041053 0.055143 -0.006369 -0.000313 -0.001715 0.004168 0.015469 -0.005206 0.014589 0.0000000 1 418.629359 418.629359 505.740581 286.574774 -0.020453 -0.024926 0.019510 -0.005656 -0.660094 0.642445 -0.268559 0.281810 -0.062419 0.031365 0.062150 0 1.00000000 0.00000000 0.00000000 1.00000000 0.00000000 1.00000000 1.00000000 0.00000000 0.00000000 1.00000000 0.00000000 1.00000000 0.00000000 0.00000000 0.00000000 0.00000000 0.00000000 0.00000000 0.00000000 0.00000000 0.00000000 0.00000000 0.00000000 0.00000000 1.00000000 0.00000000 0.00000000 0.00000000 1.00000000 
1700000023.73348 -0.196272 -0.105062 0.974538 0.026735 0.028887 0.087301 0.021294 -0.035729 0.053534 -0.006384 -0.000273 -0.001636 0.004069 0.015378 -0.005221 0.014571 0.0000000 1 418.629359 418.629359 505.740581 286.574774 -0.020453 -0.024926 0.019510 -0.005656 -0.660094 0.642445 -0.268559 0.281810 -0.062419 0.031365 0.062150 0 1.00000000 0.00000000 0.00000000 1.00000000 0.00000000 1.00000000 1.00000000 0.00000000 0.00000000 1.00000000 0.00000000 1.00000000 0.00000000 0.00000000 0.00000000 0.00000000 0.00000000 0.00000000 0.00000000 0.00000000 0.00000000 0.00000000 0.00000000 0.00000000 1.00000000 0.00000000 0.00000000 0.00000000 1.00000000 
1700000023.76739 -0.197371 -0.103672 0.974232 0.034188 0.027787 0.089247 0.021276 -0.028330 0.047717 -0.001974 -0.000161 -0.001598 0.003886 0.015299 -0.005204 0.014422 0.0000000 1 418.629359 418.629359 505.740581 286.574774 -0.020453 -0.024926 0.019510 -0.005656 -0.660094 0.642445 -0.268559 0.281810 -0.062419 0.031365 0.062150 0 1.00000000 0.00000000 0.00000000 1.00000000 0.00000000 1.00000000 1.00000000 0.00000000 0.00000000 1.00000000 0.00000000 1.00000000 0.00000000 0.00000000 0.00000000 0.00000000 0.00000000 0.00000000 0.00000000 0.00000000 0.00000000 0.00000000 0.00000000 0.00000000 1.00000000 0.00000000 0.00000000 0.00000000 1.00000000 
1700000023.80129 -0.198285 -0.102658 0.973904 0.040695 0.026800 0.091043 0.021347 -0.021564 0.041620 -0.000251 0.000040 -0.001621 0.003680 0.015214 -0.005177 0.014363 0.0000000 1 418.629359 418.629359 505.740581 286.574774 -0.020453 -0.024926 0.019510 -0.005656 -0.660094 0.642445 -0.268559 0.281810 -0.062419 0.031365 0.062150 0 1.00000000 0.00000000 0.00000000 1.00000000 0.00000000 1.00000000 1.00000000 0.00000000 0.00000000 1.00000000 0.00000000 1.00000000 0.00000000 0.00000000 0.00000000 0.00000000 0.00000000 0.00000000 0.00000000 0.00000000 0.00000000 0.00000000 0.00000000 0.00000000 1.00000000 0.00000000 0.00000000 0.00000000 1.00000000 
1700000023.83520 -0.198368 -0.101712 0.973675 0.047560 0.026100 0.092531 0.021645 -0.015309 0.035963 0.007169 0.000046 -0.001708 0.003710 0.015111 -0.005179 0.014170 0.0000000 1 418.629359 418.629359 505.740581 286.574774 -0.020453 -0.024926 0.019510 -0.005656 -0.660094 0.642445 -0.268559 0.281810 -0.062419 0.031365 0.062150 0 1.00000000 0.00000000 0.00000000 1.00000000 0.00000000 1.00000000 1.00000000 0.00000000 0.00000000 1.00000000 0.00000000 1.00000000 0.00000000 0.00000000 0.00000000 0.00000000 0.00000000 0.00000000 0.00000000 0.00000000 0.00000000 0.00000000 0.00000000 0.00000000 1.00000000 0.00000000 0.00000000 0.00000000 1.00000000 
1700000023.86910 -0.197852 -0.100795 0.973564 0.053544 0.025538 0.094004 0.022026 -0.011194 0.031561 0.009103 0.000208 -0.001783 0.003521 0.014990 -0.005141 0.014135 0.0000000 1 418.629359 418.629359 505.740581 286.574774 -0.020453 -0.024926 0.019510 -0.005656 -0.660094 0.642445 -0.268559 0.281810 -0.062419 0.031365 0.062150 0 1.00000000 0.00000000 0.00000000 1.00000000 0.00000000 1.00000000 1.00000000 0.00000000 0.00000000 1.00000000 0.00000000 1.00000000 0.00000000 0.00000000 0.00000000 0.00000000 0.00000000 0.00000000 0.00000000 0.00000000 0.00000000 0.00000000 0.00000000 0.00000000 1.00000000 0.00000000 0.00000000 0.00000000 1.00000000 
1700000023.90301 -0.197519 -0.100193 0.973382 0.058959 0.025006 0.095388 0.022366 -0.010243 0.029638 0.008832 0.000267 -0.001927 0.003246 0.014867 -0.005135 0.014139 0.0000000 1 418.629359 418.629359 505.740581 286.574774 -0.020453 -0.024926 0.019510 -0.005656 -0.660094 0.642445 -0.268559 0.281810 -0.062419 0.031365 0.062150 0 1.00000000 0.00000000 0.00000000 1.00000000 0.00000000 1.00000000 1.00000000 0.00000000 0.00000000 1.00000000 0.00000000 1.00000000 0.00000000 0.00000000 0.00000000 0.00000000 0.00000000 0.00000000 0.00000000 0.00000000 0.00000000 0.00000000 0.00000000 0.00000000 1.00000000 0.00000000 0.00000000 0.00000000 1.00000000 
1700000023.93691 -0.196959 -0.099260 0.973235 0.064564 0.024348 0.096735 0.022823 -0.015508 0.030483 0.010726 0.000254 -0.002141 0.003147 0.014714 -0.005116 0.014034 0.0000000 1 418.629359 418.629359 505.740581 286.574774 -0.020453 -0.024926 0.019510 -0.005656 -0.660094 0.642445 -0.268559 0.281810 -0.062419 0.031365 0.062150 0 1.00000000 0.00000000 0.00000000 1.00000000 0.00000000 1.00000000 1.00000000 0.00000000 0.00000000 1.00000000 0.00000000 1.00000000 0.00000000 0.00000000 0.00000000 0.00000000 0.00000000 0.00000000 0.00000000 0.00000000 0.00000000 0.00000000 0.00000000 0.00000000 1.00000000 0.00000000 0.00000000 0.00000000 1.00000000 
1700000023.97082 -0.196603 -0.097615 0.973049 0.070666 0.023994 0.097975 0.023286 -0.013582 0.029980 0.012292 0.000082 -0.002334 0.003137 0.014630 -0.004985 0.014011 0.0000000 1 418.629359 418.629359 505.740581 286.574774 -0.020453 -0.024926 0.019510 -0.005656 -0.660094 0.642445 -0.268559 0.281810 -0.062419 0.031365 0.062150 0 1.00000000 0.00000000 0.00000000 1.00000000 0.00000000 1.00000000 1.00000000 0.00000000 0.00000000 1.00000000 0.00000000 1.00000000 0.00000000 0.00000000 0.00000000 0.00000000 0.00000000 0.00000000 0.00000000 0.00000000 0.00000000 0.00000000 0.00000000 0.00000000 1.00000000 0.00000000 0.00000000 0.00000000 1.00000000 
1700000024.00472 -0.196633 -0.095673 0.972842 0.075894 0.023615 0.099017 0.023823 -0.012530 0.026663 0.012491 0.000104 -0.002532 0.002977 0.014600 -0.004880 0.014050 0.0000000 1 418.629359 418.629359 505.740581 286.574774 -0.020453 -0.024926 0.019510 -0.005656 -0.660094 0.642445 -0.268559 0.281810 -0.062419 0.031365 0.062150 0 1.00000000 0.00000000 0.00000000 1.00000000 0.00000000 1.00000000 1.00000000 0.00000000 0.00000000 1.00000000 0.00000000 1.00000000 0.00000000 0.00000000 0.00000000 0.00000000 0.00000000 0.00000000 0.00000000 0.00000000 0.00000000 0.00000000 0.00000000 0.00000000 1.00000000 0.00000000 0.00000000 0.00000000 1.00000000 
1700000024.03863 -0.197022 -0.092991 0.972617 0.080936 0.023214 0.100365 0.023802 -0.016198 0.028277 0.005353 -0.000339 -0.002604 0.002857 0.014489 -0.004883 0.014202 0.0000000 1 418.629359 418.629359 505.740581 286.574774 -0.020453 -0.024926 0.019510 -0.005656 -0.660094 0.642445 -0.268559 0.281810 -0.062419 0.031365 0.062150 0 1.00000000 0.00000000 0.00000000 1.00000000 0.00000000 1.00000000 1.00000000 0.00000000 0.00000000 1.00000000 0.00000000 1.00000000 0.00000000 0.00000000 0.00000000 0.00000000 0.00000000 0.00000000 0.00000000 0.00000000 0.00000000 0.00000000 0.00000000 0.00000000 1.00000000 0.00000000 0.00000000 0.00000000 1.00000000 
1700000024.07253 -0.197918 -0.090968 0.972200 0.085906 0.022687 0.101455 0.023934 -0.016226 0.026745 0.001084 -0.000210 -0.002758 0.002768 0.014349 -0.004770 0.014258 0.0000000 1 418.629359 418.629359 505.740581 286.574774 -0.020453 -0.024926 0.019510 -0.005656 -0.660094 0.642445 -0.268559 0.281810 -0.062419 0.031365 0.062150 0 1.00000000 0.00000000 0.00000000 1.00000000 0.00000000 1.00000000 1.00000000 0.00000000 0.00000000 1.00000000 0.00000000 1.00000000 0.00000000 0.00000000 0.00000000 0.00000000 0.00000000 0.00000000 0.00000000 0.00000000 0.00000000 0.00000000 0.00000000 0.00000000 1.00000000 0.00000000 0.00000000 0.00000000 1.00000000 
1700000024.10644 -0.198823 -0.088762 0.971775 0.090798 0.022431 0.102649 0.023756 -0.010409 0.023600 -0.001278 -0.000397 -0.002668 0.002585 0.014276 -0.004578 0.014285 0.0000000 1 418.629359 418.629359 505.740581 286.574774 -0.020453 -0.024926 0.019510 -0.005656 -0.660094 0.642445 -0.268559 0.281810 -0.062419 0.031365 0.062150 0 1.00000000 0.00000000 0.00000000 1.00000000 0.00000000 1.00000000 1.00000000 0.00000000 0.00000000 1.00000000 0.00000000 1.00000000 0.00000000 0.00000000 0.00000000 0.00000000 0.00000000 0.00000000 0.00000000 0.00000000 0.00000000 0.00000000 0.00000000 0.00000000 1.00000000 0.00000000 0.00000000 0.00000000 1.00000000 
1700000024.14034 -0.200111 -0.086679 0.971349 0.094468 0.022511 0.103433 0.024056 0.005657 0.012724 0.005400 -0.000248 -0.002664 0.002085 0.014352 -0.004226 0.014232 0.0000000 1 418.629359 418.629359 505.740581 286.574774 -0.020453 -0.024926 0.019510 -0.005656 -0.660094 0.642445 -0.268559 0.281810 -0.062419 0.031365 0.062150 0 1.00000000 0.00000000 0.00000000 1.00000000 0.00000000 1.00000000 1.00000000 0.00000000 0.00000000 1.00000000 0.00000000 1.00000000 0.00000000 0.00000000 0.00000000 0.00000000 0.00000000 0.00000000 0.00000000 0.00000000 0.00000000 0.00000000 0.00000000 0.00000000 1.00000000 0.00000000 0.00000000 0.00000000 1.00000000 
1700000024.17425 -0.201004 -0.084978 0.971113 0.096520 0.022604 0.104283 0.024048 0.008613 0.007610 0.002089 -0.000120 -0.002470 0.001648 0.014194 -0.004314 0.014309 0.0000000 1 418.629359 418.629359 505.740581 286.574774 -0.020453 -0.024926 0.019510 -0.005656 -0.660094 0.642445 -0.268559 0.281810 -0.062419 0.031365 0.062150 0 1.00000000 0.00000000 0.00000000 1.00000000 0.00000000 1.00000000 1.00000000 0.00000000 0.00000000 1.00000000 0.00000000 1.00000000 0.00000000 0.00000000 0.00000000 0.00000000 0.00000000 0.00000000 0.00000000 0.00000000 0.00000000 0.00000000 0.00000000 0.00000000 1.00000000 0.00000000 0.00000000 0.00000000 1.00000000 
1700000024.20815 -0.201053 -0.084318 0.970988 0.098238 0.022877 0.104927 0.024148 0.012999 0.000084 0.002082 0.000002 -0.002246 0.001096 0.014087 -0.004231 0.014242 0.0000000 1 418.629359 418.629359 505.740581 286.574774 -0.020453 -0.024926 0.019510 -0.005656 -0.660094 0.642445 -0.268559 0.281810 -0.062419 0.031365 0.062150 0 1.00000000 0.00000000 0.00000000 1.00000000 0.00000000 1.00000000 1.00000000 0.00000000 0.00000000 1.00000000 0.00000000 1.00000000 0.00000000 0.00000000 0.00000000 0.00000000 0.00000000 0.00000000 0.00000000 0.00000000 0.00000000 0.00000000 0.00000000 0.00000000 1.00000000 0.00000000 0.00000000 0.00000000 1.00000000 
1700000024.24206 -0.200636 -0.084372 0.971082 0.098112 0.023678 0.105033 0.024176 0.024405 -0.012775 0.001047 0.000259 -0.001919 0.000350 0.014170 -0.003889 0.014428 0.0000000 1 418.629359 418.629359 505.740581 286.574774 -0.020453 -0.024926 0.019510 -0.005656 -0.660094 0.642445 -0.268559 0.281810 -0.062419 0.031365 0.062150 0 1.00000000 0.00000000 0.00000000 1.00000000 0.00000000 1.00000000 1.00000000 0.00000000 0.00000000 1.00000000 0.00000000 1.00000000 0.00000000 0.00000000 0.00000000 0.00000000 0.00000000 0.00000000 0.00000000 0.00000000 0.00000000 0.00000000 0.00000000 0.00000000 1.00000000 0.00000000 0.00000000 0.00000000 1.00000000 
1700000024.27596 -0.200518 -0.085158 0.971136 0.097135 0.024058 0.105000 0.024062 0.014070 -0.016043 -0.003168 0.000352 -0.001765 0.000138 0.014019 -0.004134 0.014446 0.0000000 1 418.629359 418.629359 505.740581 286.574774 -0.020453 -0.024926 0.019510 -0.005656 -0.660094 0.642445 -0.268559 0.281810 -0.062419 0.031365 0.062150 0 1.00000000 0.00000000 0.00000000 1.00000000 0.00000000 1.00000000 1.00000000 0.00000000 0.00000000 1.00000000 0.00000000 1.00000000 0.00000000 0.00000000 0.00000000 0.00000000 0.00000000 0.00000000 0.00000000 0.00000000 0.00000000 0.00000000 0.00000000 0.00000000 1.00000000 0.00000000 0.00000000 0.00000000 1.00000000 
1700000024.30987 -0.199579 -0.086172 0.971252 0.097020 0.024434 0.104769 0.024101 0.010421 -0.018059 0.000462 0.000309 -0.001590 -0.000050 0.013922 -0.004069 0.014298 0.0000000 1 418.629359 418.629359 505.740581 286.574774 -0.020453 -0.024926 0.019510 -0.005656 -0.660094 0.642445 -0.268559 0.281810 -0.062419 0.031365 0.062150 0 1.00000000 0.00000000 0.00000000 1.00000000 0.00000000 1.00000000 1.00000000 0.00000000 0.00000000 1.00000000 0.00000000 1.00000000 0.00000000 0.00000000 0.00000000 0.00000000 0.00000000 0.00000000 0.00000000 0.00000000 0.00000000 0.00000000 0.00000000 0.00000000 1.00000000 0.00000000 0.00000000 0.00000000 1.00000000 
1700000024.34377 -0.198478 -0.087336 0.971518 0.095562 0.025240 0.104162 0.024189 0.018265 -0.026046 0.002575 0.000419 -0.001416 -0.000454 0.014043 -0.003611 0.014479 0.0000000 1 418.629359 418.629359 505.740581 286.574774 -0.020453 -0.024926 0.019510 -0.005656 -0.660094 0.642445 -0.268559 0.281810 -0.062419 0.031365 0.062150 0 1.00000000 0.00000000 0.00000000 1.00000000 0.00000000 1.00000000 1.00000000 0.00000000 0.00000000 1.00000000 0.00000000 1.00000000 0.00000000 0.00000000 0.00000000 0.00000000 0.00000000 0.00000000 0.00000000 0.00000000 0.00000000 0.00000000 0.00000000 0.00000000 1.00000000 0.00000000 0.00000000 0.00000000 1.00000000 
1700000024.37768 -0.198095 -0.088506 0.971718 0.093220 0.025772 0.103402 0.024318 0.013347 -0.028914 0.002791 0.000421 -0.001388 -0.000587 0.014030 -0.003528 0.014530 0.0000000 1 418.629359 418.629359 505.740581 286.574774 -0.020453 -0.024926 0.019510 -0.005656 -0.660094 0.642445 -0.268559 0.281810 -0.062419 0.031365 0.062150 0 1.00000000 0.00000000 0.00000000 1.00000000 0.00000000 1.00000000 1.00000000 0.00000000 0.00000000 1.00000000 0.00000000 1.00000000 0.00000000 0.00000000 0.00000000 0.00000000 0.00000000 0.00000000 0.00000000 0.00000000 0.00000000 0.00000000 0.00000000 0.00000000 1.00000000 0.00000000 0.00000000 0.00000000 1.00000000 
1700000024.41158 -0.197890 -0.089096 0.971899 0.091175 0.026090 0.102643 0.024465 0.007277 -0.027640 0.004130 0.000316 -0.001453 -0.000606 0.013968 -0.003464 0.014556 0.0000000 1 418.629359 418.629359 505.740581 286.574774 -0.020453 -0.024926 0.019510 -0.005656 -0.660094 0.642445 -0.268559 0.281810 -0.062419 0.031365 0.062150 0 1.00000000 0.00000000 0.00000000 1.00000000 0.00000000 1.00000000 1.00000000 0.00000000 0.00000000 1.00000000 0.00000000 1.00000000 0.00000000 0.00000000 0.00000000 0.00000000 0.00000000 0.00000000 0.00000000 0.00000000 0.00000000 0.00000000 0.00000000 0.00000000 1.00000000 0.00000000 0.00000000 0.00000000 1.00000000 
1700000024.44549 -0.197657 -0.089414 0.972129 0.088894 0.026512 0.101868 0.024666 0.009861 -0.027535 0.005480 0.000298 -0.001446 -0.000713 0.013941 -0.003239 0.014623 0.0000000 1 418.629359 418.629359 505.740581 286.574774 -0.020453 -0.024926 0.019510 -0.005656 -0.660094 0.642445 -0.268559 0.281810 -0.062419 0.031365 0.062150 0 1.00000000 0.00000000 0.00000000 1.00000000 0.00000000 1.00000000 1.00000000 0.00000000 0.00000000 1.00000000 0.00000000 1.00000000 0.00000000 0.00000000 0.00000000 0.00000000 0.00000000 0.00000000 0.00000000 0.00000000 0.00000000 0.00000000 0.00000000 0.00000000 1.00000000 0.00000000 0.00000000 0.00000000 1.00000000 
1700000024.47939 -0.197471 -0.089972 0.972347 0.086323 0.026871 0.101181 0.024745 0.009519 -0.026091 0.002596 0.000372 -0.001384 -0.000758 0.013800 -0.003149 0.014693 0.0000000 1 418.629359 418.629359 505.740581 286.574774 -0.020453 -0.024926 0.019510 -0.005656 -0.660094 0.642445 -0.268559 0.281810 -0.062419 0.031365 0.062150 0 1.00000000 0.00000000 0.00000000 1.00000000 0.00000000 1.00000000 1.00000000 0.00000000 0.00000000 1.00000000 0.00000000 1.00000000 0.00000000 0.00000000 0.00000000 0.00000000 0.00000000 0.00000000 0.00000000 0.00000000 0.00000000 0.00000000 0.00000000 0.00000000 1.00000000 0.00000000 0.00000000 0.00000000 1.00000000 
1700000024.51330 -0.197159 -0.090919 0.972536 0.083875 0.027346 0.100394 0.024862 0.013894 -0.027930 0.003186 0.000432 -0.001285 -0.000826 0.013733 -0.003007 0.014684 0.0000000 1 418.629359 418.629359 505.740581 286.574774 -0.020453 -0.024926 0.019510 -0.005656 -0.660094 0.642445 -0.268559 0.281810 -0.062419 0.031365 0.062150 0 1.00000000 0.00000000 0.00000000 1.00000000 0.00000000 1.00000000 1.00000000 0.00000000 0.00000000 1.00000000 0.00000000 1.00000000 0.00000000 0.00000000 0.00000000 0.00000000 0.00000000 0.00000000 0.00000000 0.00000000 0.00000000 0.00000000 0.00000000 0.00000000 1.00000000 0.00000000 0.00000000 0.00000000 1.00000000 
1700000024.54720 -0.196683 -0.091903 0.972809 0.080696 0.028108 0.099451 0.025070 0.022356 -0.032611 0.005551 0.000481 -0.001168 -0.001022 0.013748 -0.002799 0.014684 0.0000000 1 418.629359 418.629359 505.740581 286.574774 -0.020453 -0.024926 0.019510 -0.005656 -0.660094 0.642445 -0.268559 0.281810 -0.062419 0.031365 0.062150 0 1.00000000 0.00000000 0.00000000 1.00000000 0.00000000 1.00000000 1.00000000 0.00000000 0.00000000 1.00000000 0.00000000 1.00000000 0.00000000 0.00000000 0.00000000 0.00000000 0.00000000 0.00000000 0.00000000 0.00000000 0.00000000 0.00000000 0.00000000 0.00000000 1.00000000 0.00000000 0.00000000 0.00000000 1.00000000 
1700000024.58111 -0.196158 -0.093217 0.973153 0.076200 0.029079 0.098336 0.025152 0.029812 -0.038208 0.003553 0.000674 -0.000935 -0.001346 0.013752 -0.002672 0.014807 0.0000000 1 418.629359 418.629359 505.740581 286.574774 -0.020453 -0.024926 0.019510 -0.005656 -0.660094 0.642445 -0.268559 0.281810 -0.062419 0.031365 0.062150 0 1.00000000 0.00000000 0.00000000 1.00000000 0.00000000 1.00000000 1.00000000 0.00000000 0.00000000 1.00000000 0.00000000 1.00000000 0.00000000 0.00000000 0.00000000 0.00000000 0.00000000 0.00000000 0.00000000 0.00000000 0.00000000 0.00000000 0.00000000 0.00000000 1.00000000 0.00000000 0.00000000 0.00000000 1.00000000 
1700000024.61501 -0.195567 -0.094985 0.973473 0.071285 0.029937 0.097161 0.025289 0.028683 -0.039425 0.004679 0.000728 -0.000759 -0.001379 0.013648 -0.002730 0.014726 0.0000000 1 418.629359 418.629359 505.740581 286.574774 -0.020453 -0.024926 0.019510 -0.005656 -0.660094 0.642445 -0.268559 0.281810 -0.062419 0.031365 0.062150 0 1.00000000 0.00000000 0.00000000 1.00000000 0.00000000 1.00000000 1.00000000 0.00000000 0.00000000 1.00000000 0.00000000 1.00000000 0.00000000 0.00000000 0.00000000 0.00000000 0.00000000 0.00000000 0.00000000 0.00000000 0.00000000 0.00000000 0.00000000 0.00000000 1.00000000 0.00000000 0.00000000 0.00000000 1.00000000 
1700000024.64892 -0.194232 -0.096991 0.973902 0.066199 0.030933 0.095927 0.025273 0.030850 -0.040816 0.002437 0.000859 -0.000509 -0.001495 0.013539 -0.002726 0.014783 0.0000000 1 418.629359 418.629359 505.740581 286.574774 -0.020453 -0.024926 0.019510 -0.005656 -0.660094 0.642445 -0.268559 0.281810 -0.062419 0.031365 0.062150 0 1.00000000 0.00000000 0.00000000 1.00000000 0.00000000 1.00000000 1.00000000 0.00000000 0.00000000 1.00000000 0.00000000 1.00000000 0.00000000 0.00000000 0.00000000 0.00000000 0.00000000 0.00000000 0.00000000 0.00000000 0.00000000 0.00000000 0.00000000 0.00000000 1.00000000 0.00000000 0.00000000 0.00000000 1.00000000 
1700000024.68282 -0.193014 -0.099992 0.974155 0.061399 0.031819 0.094722 0.024987 0.027349 -0.040023 -0.005603 0.001053 -0.000327 -0.001326 0.013321 -0.002813 0.014894 0.0000000 1 418.629359 418.629359 505.740581 286.574774 -0.020453 -0.024926 0.019510 -0.005656 -0.660094 0.642445 -0.268559 0.281810 -0.062419 0.031365 0.062150 0 1.00000000 0.00000000 0.00000000 1.00000000 0.00000000 1.00000000 1.00000000 0.00000000 0.00000000 1.00000000 0.00000000 1.00000000 0.00000000 0.00000000 0.00000000 0.00000000 0.00000000 0.00000000 0.00000000 0.00000000 0.00000000 0.00000000 0.00000000 0.00000000 1.00000000 0.00000000 0.00000000 0.00000000 1.00000000 
1700000024.71673 -0.191328 -0.103679 0.974326 0.057724 0.032693 0.093305 0.025041 0.029238 -0.042866 0.000236 0.001035 -0.000211 -0.001146 0.013223 -0.002766 0.014570 0.0000000 1 418.629359 418.629359 505.740581 286.574774 -0.020453 -0.024926 0.019510 -0.005656 -0.660094 0.642445 -0.268559 0.281810 -0.062419 0.031365 0.062150 0 1.00000000 0.00000000 0.00000000 1.00000000 0.00000000 1.00000000 1.00000000 0.00000000 0.00000000 1.00000000 0.00000000 1.00000000 0.00000000 0.00000000 0.00000000 0.00000000 0.00000000 0.00000000 0.00000000 0.00000000 0.00000000 0.00000000 0.00000000 0.00000000 1.00000000 0.00000000 0.00000000 0.00000000 1.00000000 
1700000024.75063 -0.189558 -0.106151 0.974701 0.052504 0.034164 0.091657 0.025531 0.045323 -0.050611 0.013983 0.001026 -0.000300 -0.001488 0.013271 -0.002543 0.014374 0.0000000 1 418.629359 418.629359 505.740581 286.574774 -0.020453 -0.024926 0.019510 -0.005656 -0.660094 0.642445 -0.268559 0.281810 -0.062419 0.031365 0.062150 0 1.00000000 0.00000000 0.00000000 1.00000000 0.00000000 1.00000000 1.00000000 0.00000000 0.00000000 1.00000000 0.00000000 1.00000000 0.00000000 0.00000000 0.00000000 0.00000000 0.00000000 0.00000000 0.00000000 0.00000000 0.00000000 0.00000000 0.00000000 0.00000000 1.00000000 0.00000000 0.00000000 0.00000000 1.00000000 
1700000024.78454 -0.189226 -0.107757 0.974982 0.044628 0.035933 0.089946 0.025919 0.054717 -0.057401 0.012259 0.001155 -0.000402 -0.002031 0.013260 -0.002492 0.014566 0.0000000 1 418.629359 418.629359 505.740581 286.574774 -0.020453 -0.024926 0.019510 -0.005656 -0.660094 0.642445 -0.268559 0.281810 -0.062419 0.031365 0.062150 0 1.00000000 0.00000000 0.00000000 1.00000000 0.00000000 1.00000000 1.00000000 0.00000000 0.00000000 1.00000000 0.00000000 1.00000000 0.00000000 0.00000000 0.00000000 0.00000000 0.00000000 0.00000000 0.00000000 0.00000000 0.00000000 0.00000000 0.00000000 0.00000000 1.00000000 0.00000000 0.00000000 0.00000000 1.00000000 
1700000024.81844 -0.189356 -0.109271 0.975126 0.036515 0.037382 0.088397 0.026323 0.049483 -0.055371 0.010070 0.001163 -0.000526 -0.002283 0.013168 -0.002539 0.014581 0.0000000 1 418.629359 418.629359 505.740581 286.574774 -0.020453 -0.024926 0.019510 -0.005656 -0.660094 0.642445 -0.268559 0.281810 -0.062419 0.031365 0.062150 0 1.00000000 0.00000000 0.00000000 1.00000000 0.00000000 1.00000000 1.00000000 0.00000000 0.00000000 1.00000000 0.00000000 1.00000000 0.00000000 0.00000000 0.00000000 0.00000000 0.00000000 0.00000000 0.00000000 0.00000000 0.00000000 0.00000000 0.00000000 0.00000000 1.00000000 0.00000000 0.00000000 0.00000000 1.00000000 
1700000024.85235 -0.188426 -0.110771 0.975387 0.029066 0.038759 0.086774 0.026543 0.044724 -0.053414 0.006386 0.001235 -0.000530 -0.002393 0.013087 -0.002581 0.014639 0.0000000 1 418.629359 418.629359 505.740581 286.574774 -0.020453 -0.024926 0.019510 -0.005656 -0.660094 0.642445 -0.268559 0.281810 -0.062419 0.031365 0.062150 0 1.00000000 0.00000000 0.00000000 1.00000000 0.00000000 1.00000000 1.00000000 0.00000000 0.00000000 1.00000000 0.00000000 1.00000000 0.00000000 0.00000000 0.00000000 0.00000000 0.00000000 0.00000000 0.00000000 0.00000000 0.00000000 0.00000000 0.00000000 0.00000000 1.00000000 0.00000000 0.00000000 0.00000000 1.00000000 
1700000024.88625 -0.187242 -0.113047 0.975534 0.022245 0.040014 0.085410 0.026526 0.037095 -0.047739 -0.001786 0.001358 -0.000512 -0.002418 0.013034 -0.002599 0.014739 0.0000000 1 418.629359 418.629359 505.740581 286.574774 -0.020453 -0.024926 0.019510 -0.005656 -0.660094 0.642445 -0.268559 0.281810 -0.062419 0.031365 0.062150 0 1.00000000 0.00000000 0.00000000 1.00000000 0.00000000 1.00000000 1.00000000 0.00000000 0.00000000 1.00000000 0.00000000 1.00000000 0.00000000 0.00000000 0.00000000 0.00000000 0.00000000 0.00000000 0.00000000 0.00000000 0.00000000 0.00000000 0.00000000 0.00000000 1.00000000 0.00000000 0.00000000 0.00000000 1.00000000 
1700000024.92016 -0.186040 -0.115502 0.975606 0.015517 0.041513 0.083851 0.026633 0.042674 -0.047989 0.000811 0.001382 -0.000525 -0.002619 0.013071 -0.002563 0.014627 0.0000000 1 418.629359 418.629359 505.740581 286.574774 -0.020453 -0.024926 0.019510 -0.005656 -0.660094 0.642445 -0.268559 0.281810 -0.062419 0.031365 0.062150 0 1.00000000 0.00000000 0.00000000 1.00000000 0.00000000 1.00000000 1.00000000 0.00000000 0.00000000 1.00000000 0.00000000 1.00000000 0.00000000 0.00000000 0.00000000 0.00000000 0.00000000 0.00000000 0.00000000 0.00000000 0.00000000 0.00000000 0.00000000 0.00000000 1.00000000 0.00000000 0.00000000 0.00000000 1.00000000 
1700000024.95406 -0.185433 -0.117219 0.975611 0.007533 0.043467 0.082040 0.027012 0.053661 -0.050643 0.008132 0.001381 -0.000746 -0.002738 0.013115 -0.002564 0.014493 0.0000000 1 418.629359 418.629359 505.740581 286.574774 -0.020453 -0.024926 0.019510 -0.005656 -0.660094 0.642445 -0.268559 0.281810 -0.062419 0.031365 0.062150 0 1.00000000 0.00000000 0.00000000 1.00000000 0.00000000 1.00000000 1.00000000 0.00000000 0.00000000 1.00000000 0.00000000 1.00000000 0.00000000 0.00000000 0.00000000 0.00000000 0.00000000 0.00000000 0.00000000 0.00000000 0.00000000 0.00000000 0.00000000 0.00000000 1.00000000 0.00000000 0.00000000 0.00000000 1.00000000 
1700000024.98797 0.185440 0.118116 -0.975530 0.001169 0.045259 0.080389 0.027273 0.050907 -0.049803 0.005430 0.001430 -0.000940 -0.002760 0.013144 -0.002612 0.014583 0.0000000 1 418.629359 418.629359 505.740581 286.574774 -0.020453 -0.024926 0.019510 -0.005656 -0.660094 0.642445 -0.268559 0.281810 -0.062419 0.031365 0.062150 0 1.00000000 0.00000000 0.00000000 1.00000000 0.00000000 1.00000000 1.00000000 0.00000000 0.00000000 1.00000000 0.00000000 1.00000000 0.00000000 0.00000000 0.00000000 0.00000000 0.00000000 0.00000000 0.00000000 0.00000000 0.00000000 0.00000000 0.00000000 0.00000000 1.00000000 0.00000000 0.00000000 0.00000000 1.00000000 
1700000025.02187 0.185749 0.119536 -0.975253 0.009505 0.046792 0.078923 0.027264 0.044258 -0.045011 -0.001992 0.001550 -0.001056 -0.002706 0.013213 -0.002629 0.014737 0.0000000 1 418.629359 418.629359 505.740581 286.574774 -0.020453 -0.024926 0.019510 -0.005656 -0.660094 0.642445 -0.268559 0.281810 -0.062419 0.031365 0.062150 0 1.00000000 0.00000000 0.00000000 1.00000000 0.00000000 1.00000000 1.00000000 0.00000000 0.00000000 1.00000000 0.00000000 1.00000000 0.00000000 0.00000000 0.00000000 0.00000000 0.00000000 0.00000000 0.00000000 0.00000000 0.00000000 0.00000000 0.00000000 0.00000000 1.00000000 0.00000000 0.00000000 0.00000000 1.00000000 
1700000025.05578 0.185583 0.121033 -0.974989 0.017523 0.048203 0.077417 0.027325 0.042978 -0.043060 0.000722 0.001617 -0.001125 -0.002744 0.013238 -0.002637 0.014647 0.0000000 1 418.629359 418.629359 505.740581 286.574774 -0.020453 -0.024926 0.019510 -0.005656 -0.660094 0.642445 -0.268559 0.281810 -0.062419 0.031365 0.062150 0 1.00000000 0.00000000 0.00000000 1.00000000 0.00000000 1.00000000 1.00000000 0.00000000 0.00000000 1.00000000 0.00000000 1.00000000 0.00000000 0.00000000 0.00000000 0.00000000 0.00000000 0.00000000 0.00000000 0.00000000 0.00000000 0.00000000 0.00000000 0.00000000 1.00000000 0.00000000 0.00000000 0.00000000 1.00000000 
1700000025.08968 0.185608 0.122085 -0.974673 0.025631 0.049827 0.075982 0.027346 0.042991 -0.041433 0.000982 0.001615 -0.001249 -0.002620 0.013327 -0.002783 0.014699 0.0000000 1 418.629359 418.629359 505.740581 286.574774 -0.020453 -0.024926 0.019510 -0.005656 -0.660094 0.642445 -0.268559 0.281810 -0.062419 0.031365 0.062150 0 1.00000000 0.00000000 0.00000000 1.00000000 0.00000000 1.00000000 1.00000000 0.00000000 0.00000000 1.00000000 0.00000000 1.00000000 0.00000000 0.00000000 0.00000000 0.00000000 0.00000000 0.00000000 0.00000000 0.00000000 0.00000000 0.00000000 0.00000000 0.00000000 1.00000000 0.00000000 0.00000000 0.00000000 1.00000000 
1700000025.12359 0.185714 0.123212 -0.974288 0.033061 0.051148 0.074733 0.027292 0.034405 -0.038085 -0.002616 0.001700 -0.001267 -0.002448 0.013476 -0.002820 0.014794 0.0000000 1 418.629359 418.629359 505.740581 286.574774 -0.020453 -0.024926 0.019510 -0.005656 -0.660094 0.642445 -0.268559 0.281810 -0.062419 0.031365 0.062150 0 1.00000000 0.00000000 0.00000000 1.00000000 0.00000000 1.00000000 1.00000000 0.00000000 0.00000000 1.00000000 0.00000000 1.00000000 0.00000000 0.00000000 0.00000000 0.00000000 0.00000000 0.00000000 0.00000000 0.00000000 0.00000000 0.00000000 0.00000000 0.00000000 1.00000000 0.00000000 0.00000000 0.00000000 1.00000000 
1700000025.15749 0.185905 0.124807 -0.973788 0.039985 0.052494 0.073506 0.027191 0.036005 -0.034309 -0.003433 0.001854 -0.001261 -0.002296 0.013619 -0.002964 0.014774 0.0000000 1 418.629359 418.629359 505.740581 286.574774 -0.020453 -0.024926 0.019510 -0.005656 -0.660094 0.642445 -0.268559 0.281810 -0.062419 0.031365 0.062150 0 1.00000000 0.00000000 0.00000000 1.00000000 0.00000000 1.00000000 1.00000000 0.00000000 0.00000000 1.00000000 0.00000000 1.00000000 0.00000000 0.00000000 0.00000000 0.00000000 0.00000000 0.00000000 0.00000000 0.00000000 0.00000000 0.00000000 0.00000000 0.00000000 1.00000000 0.00000000 0.00000000 0.00000000 1.00000000 
1700000025.19140 0.185515 0.126319 -0.973348 0.047134 0.053703 0.072215 0.027203 0.034183 -0.035716 0.000606 0.001970 -0.001196 -0.002217 0.013632 -0.002949 0.014666 0.0000000 1 418.629359 418.629359 505.740581 286.574774 -0.020453 -0.024926 0.019510 -0.005656 -0.660094 0.642445 -0.268559 0.281810 -0.062419 0.031365 0.062150 0 1.00000000 0.00000000 0.00000000 1.00000000 0.00000000 1.00000000 1.00000000 0.00000000 0.00000000 1.00000000 0.00000000 1.00000000 0.00000000 0.00000000 0.00000000 0.00000000 0.00000000 0.00000000 0.00000000 0.00000000 0.00000000 0.00000000 0.00000000 0.00000000 1.00000000 0.00000000 0.00000000 0.00000000 1.00000000 
1700000025.22530 0.184886 0.127825 -0.972892 0.054399 0.055205 0.070972 0.027115 0.036231 -0.036086 -0.003442 0.002143 -0.001131 -0.002058 0.013766 -0.003166 0.014745 0.0000000 1 418.629359 418.629359 505.740581 286.574774 -0.020453 -0.024926 0.019510 -0.005656 -0.660094 0.642445 -0.268559 0.281810 -0.062419 0.031365 0.062150 0 1.00000000 0.00000000 0.00000000 1.00000000 0.00000000 1.00000000 1.00000000 0.00000000 0.00000000 1.00000000 0.00000000 1.00000000 0.00000000 0.00000000 0.00000000 0.00000000 0.00000000 0.00000000 0.00000000 0.00000000 0.00000000 0.00000000 0.00000000 0.00000000 1.00000000 0.00000000 0.00000000 0.00000000 1.00000000 
1700000025.25921 0.184495 0.130163 -0.972243 0.061335 0.056279 0.070014 0.026743 0.027122 -0.031911 -0.012845 0.002374 -0.001062 -0.001830 0.014127 -0.003197 0.015005 0.0000000 1 418.629359 418.629359 505.740581 286.574774 -0.020453 -0.024926 0.019510 -0.005656 -0.660094 0.642445 -0.268559 0.281810 -0.062419 0.031365 0.062150 0 1.00000000 0.00000000 0.00000000 1.00000000 0.00000000 1.00000000 1.00000000 0.00000000 0.00000000 1.00000000 0.00000000 1.00000000 0.00000000 0.00000000 0.00000000 0.00000000 0.00000000 0.00000000 0.00000000 0.00000000 0.00000000 0.00000000 0.00000000 0.00000000 1.00000000 0.00000000 0.00000000 0.00000000 1.00000000 
1700000025.29311 0.183944 0.133181 -0.971583 0.066738 0.056958 0.069162 0.026310 0.017675 -0.027206 -0.016539 0.002490 -0.001084 -0.001629 0.014418 -0.003194 0.015060 0.0000000 1 418.629359 418.629359 505.740581 286.574774 -0.020453 -0.024926 0.019510 -0.005656 -0.660094 0.642445 -0.268559 0.281810 -0.062419 0.031365 0.062150 0 1.00000000 0.00000000 0.00000000 1.00000000 0.00000000 1.00000000 1.00000000 0.00000000 0.00000000 1.00000000 0.00000000 1.00000000 0.00000000 0.00000000 0.00000000 0.00000000 0.00000000 0.00000000 0.00000000 0.00000000 0.00000000 0.00000000 0.00000000 0.00000000 1.00000000 0.00000000 0.00000000 0.00000000 1.00000000 
1700000025.32702 0.183182 0.135827 -0.971019 0.071543 0.057671 0.068155 0.025863 0.016968 -0.026114 -0.011741 0.002504 -0.001095 -0.001427 0.014476 -0.003401 0.014918 0.0000000 1 418.629359 418.629359 505.740581 286.574774 -0.020453 -0.024926 0.019510 -0.005656 -0.660094 0.642445 -0.268559 0.281810 -0.062419 0.031365 0.062150 0 1.00000000 0.00000000 0.00000000 1.00000000 0.00000000 1.00000000 1.00000000 0.00000000 0.00000000 1.00000000 0.00000000 1.00000000 0.00000000 0.00000000 0.00000000 0.00000000 0.00000000 0.00000000 0.00000000 0.00000000 0.00000000 0.00000000 0.00000000 0.00000000 1.00000000 0.00000000 0.00000000 0.00000000 1.00000000 
1700000025.36092 0.182832 0.137448 -0.970434 0.077061 0.058552 0.067171 0.025630 0.022919 -0.026648 -0.004830 0.002487 -0.001167 -0.001485 0.014402 -0.003805 0.014689 0.0000000 1 418.629359 418.629359 505.740581 286.574774 -0.020453 -0.024926 0.019510 -0.005656 -0.660094 0.642445 -0.268559 0.281810 -0.062419 0.031365 0.062150 0 1.00000000 0.00000000 0.00000000 1.00000000 0.00000000 1.00000000 1.00000000 0.00000000 0.00000000 1.00000000 0.00000000 1.00000000 0.00000000 0.00000000 0.00000000 0.00000000 0.00000000 0.00000000 0.00000000 0.00000000 0.00000000 0.00000000 0.00000000 0.00000000 1.00000000 0.00000000 0.00000000 0.00000000 1.00000000 
1700000025.39483 0.183236 0.138545 -0.969684 0.083319 0.059520 0.066313 0.025365 0.024979 -0.026082 -0.005970 0.002477 -0.001284 -0.001410 0.014530 -0.004206 0.014762 0.0000000 1 418.629359 418.629359 505.740581 286.574774 -0.020453 -0.024926 0.019510 -0.005656 -0.660094 0.642445 -0.268559 0.281810 -0.062419 0.031365 0.062150 0 1.00000000 0.00000000 0.00000000 1.00000000 0.00000000 1.00000000 1.00000000 0.00000000 0.00000000 1.00000000 0.00000000 1.00000000 0.00000000 0.00000000 0.00000000 0.00000000 0.00000000 0.00000000 0.00000000 0.00000000 0.00000000 0.00000000 0.00000000 0.00000000 1.00000000 0.00000000 0.00000000 0.00000000 1.00000000 
1700000025.42873 0.183438 0.139762 -0.969016 0.088460 0.060161 0.065492 0.025314 0.018505 -0.024041 -0.001047 0.002431 -0.001356 -0.001153 0.014755 -0.004131 0.014769 0.0000000 1 418.629359 418.629359 505.740581 286.574774 -0.020453 -0.024926 0.019510 -0.005656 -0.660094 0.642445 -0.268559 0.281810 -0.062419 0.031365 0.062150 0 1.00000000 0.00000000 0.00000000 1.00000000 0.00000000 1.00000000 1.00000000 0.00000000 0.00000000 1.00000000 0.00000000 1.00000000 0.00000000 0.00000000 0.00000000 0.00000000 0.00000000 0.00000000 0.00000000 0.00000000 0.00000000 0.00000000 0.00000000 0.00000000 1.00000000 0.00000000 0.00000000 0.00000000 1.00000000 
1700000025.46264 0.183226 0.140638 -0.968470 0.093355 0.060789 0.064757 0.025287 0.016087 -0.022362 0.001088 0.002503 -0.001401 -0.001035 0.014939 -0.004319 0.014841 0.0000000 1 418.629359 418.629359 505.740581 286.574774 -0.020453 -0.024926 0.019510 -0.005656 -0.660094 0.642445 -0.268559 0.281810 -0.062419 0.031365 0.062150 0 1.00000000 0.00000000 0.00000000 1.00000000 0.00000000 1.00000000 1.00000000 0.00000000 0.00000000 1.00000000 0.00000000 1.00000000 0.00000000 0.00000000 0.00000000 0.00000000 0.00000000 0.00000000 0.00000000 0.00000000 0.00000000 0.00000000 0.00000000 0.00000000 1.00000000 0.00000000 0.00000000 0.00000000 1.00000000 
1700000025.49654 0.183194 0.141827 -0.967894 0.097496 0.061190 0.064168 0.025258 0.008862 -0.017773 -0.000989 0.002549 -0.001461 -0.000731 0.015334 -0.004415 0.015012 0.0000000 1 418.629359 418.629359 505.740581 286.574774 -0.020453 -0.024926 0.019510 -0.005656 -0.660094 0.642445 -0.268559 0.281810 -0.062419 0.031365 0.062150 0 1.00000000 0.00000000 0.00000000 1.00000000 0.00000000 1.00000000 1.00000000 0.00000000 0.00000000 1.00000000 0.00000000 1.00000000 0.00000000 0.00000000 0.00000000 0.00000000 0.00000000 0.00000000 0.00000000 0.00000000 0.00000000 0.00000000 0.00000000 0.00000000 1.00000000 0.00000000 0.00000000 0.00000000 1.00000000 
1700000025.53045 0.182766 0.142560 -0.967595 0.100166 0.061309 0.063645 0.025202 -0.000292 -0.014383 0.000270 0.002462 -0.001490 -0.000320 0.015636 -0.004462 0.015110 0.0000000 1 418.629359 418.629359 505.740581 286.574774 -0.020453 -0.024926 0.019510 -0.005656 -0.660094 0.642445 -0.268559 0.281810 -0.062419 0.031365 0.062150 0 1.00000000 0.00000000 0.00000000 1.00000000 0.00000000 1.00000000 1.00000000 0.00000000 0.00000000 1.00000000 0.00000000 1.00000000 0.00000000 0.00000000 0.00000000 0.00000000 0.00000000 0.00000000 0.00000000 0.00000000 0.00000000 0.00000000 0.00000000 0.00000000 1.00000000 0.00000000 0.00000000 0.00000000 1.00000000 
1700000025.56435 0.182343 0.143191 -0.967514 0.100817 0.061120 0.063315 0.025050 -0.011531 -0.008451 -0.003393 0.002418 -0.001518 0.000216 0.016155 -0.004583 0.015359 0.0000000 1 418.629359 418.629359 505.740581 286.574774 -0.020453 -0.024926 0.019510 -0.005656 -0.660094 0.642445 -0.268559 0.281810 -0.062419 0.031365 0.062150 0 1.00000000 0.00000000 0.00000000 1.00000000 0.00000000 1.00000000 1.00000000 0.00000000 0.00000000 1.00000000 0.00000000 1.00000000 0.00000000 0.00000000 0.00000000 0.00000000 0.00000000 0.00000000 0.00000000 0.00000000 0.00000000 0.00000000 0.00000000 0.00000000 1.00000000 0.00000000 0.00000000 0.00000000 1.00000000 
1700000025.59826 0.181998 0.143297 -0.967662 0.099865 0.060710 0.062912 0.024891 -0.014731 -0.005051 0.000856 0.002195 -0.001550 0.000649 0.016237 -0.004764 0.015334 0.0000000 1 418.629359 418.629359 505.740581 286.574774 -0.020453 -0.024926 0.019510 -0.005656 -0.660094 0.642445 -0.268559 0.281810 -0.062419 0.031365 0.062150 0 1.00000000 0.00000000 0.00000000 1.00000000 0.00000000 1.00000000 1.00000000 0.00000000 0.00000000 1.00000000 0.00000000 1.00000000 0.00000000 0.00000000 0.00000000 0.00000000 0.00000000 0.00000000 0.00000000 0.00000000 0.00000000 0.00000000 0.00000000 0.00000000 1.00000000 0.00000000 0.00000000 0.00000000 1.00000000 
1700000025.63216 0.182089 0.142300 -0.967801 0.099774 0.060513 0.062646 0.024935 -0.008607 -0.004058 0.006027 0.002101 -0.001590 0.000765 0.016167 -0.005220 0.015214 0.0000000 1 418.629359 418.629359 505.740581 286.574774 -0.020453 -0.024926 0.019510 -0.005656 -0.660094 0.642445 -0.268559 0.281810 -0.062419 0.031365 0.062150 0 1.00000000 0.00000000 0.00000000 1.00000000 0.00000000 1.00000000 1.00000000 0.00000000 0.00000000 1.00000000 0.00000000 1.00000000 0.00000000 0.00000000 0.00000000 0.00000000 0.00000000 0.00000000 0.00000000 0.00000000 0.00000000 0.00000000 0.00000000 0.00000000 1.00000000 0.00000000 0.00000000 0.00000000 1.00000000 
1700000025.66607 0.182466 0.141354 -0.967866 0.099803 0.060198 0.062533 0.025125 -0.008202 -0.001891 0.005787 0.002075 -0.001591 0.000956 0.016339 -0.005254 0.015236 0.0000000 1 418.629359 418.629359 505.740581 286.574774 -0.020453 -0.024926 0.019510 -0.005656 -0.660094 0.642445 -0.268559 0.281810 -0.062419 0.031365 0.062150 0 1.00000000 0.00000000 0.00000000 1.00000000 0.00000000 1.00000000 1.00000000 0.00000000 0.00000000 1.00000000 0.00000000 1.00000000 0.00000000 0.00000000 0.00000000 0.00000000 0.00000000 0.00000000 0.00000000 0.00000000 0.00000000 0.00000000 0.00000000 0.00000000 1.00000000 0.00000000 0.00000000 0.00000000 1.00000000 
1700000025.69997 0.182279 0.140553 -0.968049 0.099497 0.059926 0.062687 0.025161 -0.008739 0.001231 0.001179 0.002113 -0.001506 0.001053 0.016659 -0.005381 0.015391 0.0000000 1 418.629359 418.629359 505.740581 286.574774 -0.020453 -0.024926 0.019510 -0.005656 -0.660094 0.642445 -0.268559 0.281810 -0.062419 0.031365 0.062150 0 1.00000000 0.00000000 0.00000000 1.00000000 0.00000000 1.00000000 1.00000000 0.00000000 0.00000000 1.00000000 0.00000000 1.00000000 0.00000000 0.00000000 0.00000000 0.00000000 0.00000000 0.00000000 0.00000000 0.00000000 0.00000000 0.00000000 0.00000000 0.00000000 1.00000000 0.00000000 0.00000000 0.00000000 1.00000000 
1700000025.73388 0.182390 0.140790 -0.968040 0.099050 0.059586 0.062925 0.025014 -0.009323 0.004348 -0.003410 0.002243 -0.001453 0.001150 0.016988 -0.005465 0.015576 0.0000000 1 418.629359 418.629359 505.740581 286.574774 -0.020453 -0.024926 0.019510 -0.005656 -0.660094 0.642445 -0.268559 0.281810 -0.062419 0.031365 0.062150 0 1.00000000 0.00000000 0.00000000 1.00000000 0.00000000 1.00000000 1.00000000 0.00000000 0.00000000 1.00000000 0.00000000 1.00000000 0.00000000 0.00000000 0.00000000 0.00000000 0.00000000 0.00000000 0.00000000 0.00000000 0.00000000 0.00000000 0.00000000 0.00000000 1.00000000 0.00000000 0.00000000 0.00000000 1.00000000 
1700000025.76778 0.182149 0.141241 -0.968158 0.097692 0.059152 0.063125 0.024928 -0.012325 0.006004 -0.000223 0.002186 -0.001375 0.001367 0.017183 -0.005386 0.015604 0.0000000 1 418.629359 418.629359 505.740581 286.574774 -0.020453 -0.024926 0.019510 -0.005656 -0.660094 0.642445 -0.268559 0.281810 -0.062419 0.031365 0.062150 0 1.00000000 0.00000000 0.00000000 1.00000000 0.00000000 1.00000000 1.00000000 0.00000000 0.00000000 1.00000000 0.00000000 1.00000000 0.00000000 0.00000000 0.00000000 0.00000000 0.00000000 0.00000000 0.00000000 0.00000000 0.00000000 0.00000000 0.00000000 0.00000000 1.00000000 0.00000000 0.00000000 0.00000000 1.00000000 
1700000025.80169 0.181926 0.141114 -0.968404 0.095827 0.058666 0.063479 0.024865 -0.016179 0.007368 0.000415 0.002114 -0.001318 0.001507 0.017439 -0.005474 0.015738 0.0000000 1 418.629359 418.629359 505.740581 286.574774 -0.020453 -0.024926 0.019510 -0.005656 -0.660094 0.642445 -0.268559 0.281810 -0.062419 0.031365 0.062150 0 1.00000000 0.00000000 0.00000000 1.00000000 0.00000000 1.00000000 1.00000000 0.00000000 0.00000000 1.00000000 0.00000000 1.00000000 0.00000000 0.00000000 0.00000000 0.00000000 0.00000000 0.00000000 0.00000000 0.00000000 0.00000000 0.00000000 0.00000000 0.00000000 1.00000000 0.00000000 0.00000000 0.00000000 1.00000000 
1700000025.83559 0.181956 0.141239 -0.968615 0.093430 0.057990 0.063880 0.024776 -0.021052 0.009368 -0.001959 0.002074 -0.001272 0.001664 0.017712 -0.005498 0.015867 0.0000000 1 418.629359 418.629359 505.740581 286.574774 -0.020453 -0.024926 0.019510 -0.005656 -0.660094 0.642445 -0.268559 0.281810 -0.062419 0.031365 0.062150 0 1.00000000 0.00000000 0.00000000 1.00000000 0.00000000 1.00000000 1.00000000 0.00000000 0.00000000 1.00000000 0.00000000 1.00000000 0.00000000 0.00000000 0.00000000 0.00000000 0.00000000 0.00000000 0.00000000 0.00000000 0.00000000 0.00000000 0.00000000 0.00000000 1.00000000 0.00000000 0.00000000 0.00000000 1.00000000 
1700000025.86950 0.181813 0.141207 -0.968944 0.090294 0.057165 0.064342 0.024676 -0.027759 0.011798 -0.001921 0.001926 -0.001263 0.001877 0.017947 -0.005560 0.015935 0.0000000 1 418.629359 418.629359 505.740581 286.574774 -0.020453 -0.024926 0.019510 -0.005656 -0.660094 0.642445 -0.268559 0.281810 -0.062419 0.031365 0.062150 0 1.00000000 0.00000000 0.00000000 1.00000000 0.00000000 1.00000000 1.00000000 0.00000000 0.00000000 1.00000000 0.00000000 1.00000000 0.00000000 0.00000000 0.00000000 0.00000000 0.00000000 0.00000000 0.00000000 0.00000000 0.00000000 0.00000000 0.00000000 0.00000000 1.00000000 0.00000000 0.00000000 0.00000000 1.00000000 
1700000025.90340 0.182086 0.140515 -0.969356 0.086309 0.056096 0.064811 0.024606 -0.035151 0.014122 0.000703 0.001700 -0.001291 0.002050 0.018048 -0.005675 0.015937 0.0000000 1 418.629359 418.629359 505.740581 286.574774 -0.020453 -0.024926 0.019510 -0.005656 -0.660094 0.642445 -0.268559 0.281810 -0.062419 0.031365 0.062150 0 1.00000000 0.00000000 0.00000000 1.00000000 0.00000000 1.00000000 1.00000000 0.00000000 0.00000000 1.00000000 0.00000000 1.00000000 0.00000000 0.00000000 0.00000000 0.00000000 0.00000000 0.00000000 0.00000000 0.00000000 0.00000000 0.00000000 0.00000000 0.00000000 1.00000000 0.00000000 0.00000000 0.00000000 1.00000000 
1700000025.93731 0.182903 0.138597 -0.969838 0.082166 0.054963 0.065278 0.024716 -0.037431 0.015042 0.007136 0.001380 -0.001358 0.002155 0.018007 -0.005922 0.015829 0.0000000 1 418.629359 418.629359 505.740581 286.574774 -0.020453 -0.024926 0.019510 -0.005656 -0.660094 0.642445 -0.268559 0.281810 -0.062419 0.031365 0.062150 0 1.00000000 0.00000000 0.00000000 1.00000000 0.00000000 1.00000000 1.00000000 0.00000000 0.00000000 1.00000000 0.00000000 1.00000000 0.00000000 0.00000000 0.00000000 0.00000000 0.00000000 0.00000000 0.00000000 0.00000000 0.00000000 0.00000000 0.00000000 0.00000000 1.00000000 0.00000000 0.00000000 0.00000000 1.00000000 
1700000025.97121 0.184178 0.135880 -0.970379 0.077325 0.053513 0.066056 0.024920 -0.046487 0.019519 0.007359 0.001090 -0.001430 0.002365 0.018279 -0.006005 0.015988 0.0000000 1 418.629359 418.629359 505.740581 286.574774 -0.020453 -0.024926 0.019510 -0.005656 -0.660094 0.642445 -0.268559 0.281810 -0.062419 0.031365 0.062150 0 1.00000000 0.00000000 0.00000000 1.00000000 0.00000000 1.00000000 1.00000000 0.00000000 0.00000000 1.00000000 0.00000000 1.00000000 0.00000000 0.00000000 0.00000000 0.00000000 0.00000000 0.00000000 0.00000000 0.00000000 0.00000000 0.00000000 0.00000000 0.00000000 1.00000000 0.00000000 0.00000000 0.00000000 1.00000000 
1700000026.00512 0.185006 0.133329 -0.971066 0.070896 0.051784 0.067264 0.025071 -0.053614 0.027969 0.004692 0.000888 -0.001268 0.002446 0.018684 -0.006089 0.016134 0.0000000 1 418.629359 418.629359 505.740581 286.574774 -0.020453 -0.024926 0.019510 -0.005656 -0.660094 0.642445 -0.268559 0.281810 -0.062419 0.031365 0.062150 0 1.00000000 0.00000000 0.00000000 1.00000000 0.00000000 1.00000000 1.00000000 0.00000000 0.00000000 1.00000000 0.00000000 1.00000000 0.00000000 0.00000000 0.00000000 0.00000000 0.00000000 0.00000000 0.00000000 0.00000000 0.00000000 0.00000000 0.00000000 0.00000000 1.00000000 0.00000000 0.00000000 0.00000000 1.00000000 
1700000026.03902 0.185419 0.131088 -0.971786 0.063784 0.049894 0.068633 0.025235 -0.053471 0.033408 0.005094 0.000718 -0.001178 0.002269 0.018846 -0.006151 0.016133 0.0000000 1 418.629359 418.629359 505.740581 286.574774 -0.020453 -0.024926 0.019510 -0.005656 -0.660094 0.642445 -0.268559 0.281810 -0.062419 0.031365 0.062150 0 1.00000000 0.00000000 0.00000000 1.00000000 0.00000000 1.00000000 1.00000000 0.00000000 0.00000000 1.00000000 0.00000000 1.00000000 0.00000000 0.00000000 0.00000000 0.00000000 0.00000000 0.00000000 0.00000000 0.00000000 0.00000000 0.00000000 0.00000000 0.00000000 1.00000000 0.00000000 0.00000000 0.00000000 1.00000000 
1700000026.07293 0.185558 0.129470 -0.972395 0.057032 0.047992 0.069951 0.025381 -0.053331 0.035516 0.004952 0.000622 -0.001100 0.002057 0.018826 -0.006147 0.016077 0.0000000 1 418.629359 418.629359 505.740581 286.574774 -0.020453 -0.024926 0.019510 -0.005656 -0.660094 0.642445 -0.268559 0.281810 -0.062419 0.031365 0.062150 0 1.00000000 0.00000000 0.00000000 1.00000000 0.00000000 1.00000000 1.00000000 0.00000000 0.00000000 1.00000000 0.00000000 1.00000000 0.00000000 0.00000000 0.00000000 0.00000000 0.00000000 0.00000000 0.00000000 0.00000000 0.00000000 0.00000000 0.00000000 0.00000000 1.00000000 0.00000000 0.00000000 0.00000000 1.00000000 
1700000026.10683 0.185396 0.127627 -0.973060 0.049950 0.046078 0.071380 0.025510 -0.057433 0.038074 0.005620 0.000335 -0.000999 0.001926 0.018838 -0.006193 0.016041 0.0000000 1 418.629359 418.629359 505.740581 286.574774 -0.020453 -0.024926 0.019510 -0.005656 -0.660094 0.642445 -0.268559 0.281810 -0.062419 0.031365 0.062150 0 1.00000000 0.00000000 0.00000000 1.00000000 0.00000000 1.00000000 1.00000000 0.00000000 0.00000000 1.00000000 0.00000000 1.00000000 0.00000000 0.00000000 0.00000000 0.00000000 0.00000000 0.00000000 0.00000000 0.00000000 0.00000000 0.00000000 0.00000000 0.00000000 1.00000000 0.00000000 0.00000000 0.00000000 1.00000000 
1700000026.14074 0.185484 0.125030 -0.973741 0.042338 0.044010 0.072691 0.025557 -0.058350 0.038716 0.005196 0.000018 -0.001010 0.001733 0.018658 -0.006309 0.016015 0.0000000 1 418.629359 418.629359 505.740581 286.574774 -0.020453 -0.024926 0.019510 -0.005656 -0.660094 0.642445 -0.268559 0.281810 -0.062419 0.031365 0.062150 0 1.00000000 0.00000000 0.00000000 1.00000000 0.00000000 1.00000000 1.00000000 0.00000000 0.00000000 1.00000000 0.00000000 1.00000000 0.00000000 0.00000000 0.00000000 0.00000000 0.00000000 0.00000000 0.00000000 0.00000000 0.00000000 0.00000000 0.00000000 0.00000000 1.00000000 0.00000000 0.00000000 0.00000000 1.00000000 
1700000026.17464 0.185923 0.122456 -0.974265 0.035274 0.041818 0.074027 0.025571 -0.060752 0.040077 0.003724 -0.000118 -0.001041 0.001563 0.018530 -0.006344 0.016039 0.0000000 1 418.629359 418.629359 505.740581 286.574774 -0.020453 -0.024926 0.019510 -0.005656 -0.660094 0.642445 -0.268559 0.281810 -0.062419 0.031365 0.062150 0 1.00000000 0.00000000 0.00000000 1.00000000 0.00000000 1.00000000 1.00000000 0.00000000 0.00000000 1.00000000 0.00000000 1.00000000 0.00000000 0.00000000 0.00000000 0.00000000 0.00000000 0.00000000 0.00000000 0.00000000 0.00000000 0.00000000 0.00000000 0.00000000 1.00000000 0.00000000 0.00000000 0.00000000 1.00000000 
1700000026.20855 0.186246 0.120305 -0.974727 0.027332 0.039693 0.075265 0.025394 -0.064109 0.039676 -0.000791 -0.000327 -0.000953 0.001814 0.018463 -0.006387 0.016156 0.0000000 1 418.629359 418.629359 505.740581 286.574774 -0.020453 -0.024926 0.019510 -0.005656 -0.660094 0.642445 -0.268559 0.281810 -0.062419 0.031365 0.062150 0 1.00000000 0.00000000 0.00000000 1.00000000 0.00000000 1.00000000 1.00000000 0.00000000 0.00000000 1.00000000 0.00000000 1.00000000 0.00000000 0.00000000 0.00000000 0.00000000 0.00000000 0.00000000 0.00000000 0.00000000 0.00000000 0.00000000 0.00000000 0.00000000 1.00000000 0.00000000 0.00000000 0.00000000 1.00000000 
1700000026.24245 0.186063 0.118183 -0.975220 0.018973 0.037528 0.076578 0.025375 -0.063031 0.040770 0.002015 -0.000492 -0.000831 0.001946 0.018436 -0.006364 0.016095 0.0000000 1 418.629359 418.629359 505.740581 286.574774 -0.020453 -0.024926 0.019510 -0.005656 -0.660094 0.642445 -0.268559 0.281810 -0.062419 0.031365 0.062150 0 1.00000000 0.00000000 0.00000000 1.00000000 0.00000000 1.00000000 1.00000000 0.00000000 0.00000000 1.00000000 0.00000000 1.00000000 0.00000000 0.00000000 0.00000000 0.00000000 0.00000000 0.00000000 0.00000000 0.00000000 0.00000000 0.00000000 0.00000000 0.00000000 1.00000000 0.00000000 0.00000000 0.00000000 1.00000000 
1700000026.27636 0.185581 0.116589 -0.975626 0.010979 0.035591 0.077956 0.025280 -0.058776 0.041970 -0.001171 -0.000492 -0.000717 0.002173 0.018445 -0.006442 0.016153 0.0000000 1 418.629359 418.629359 505.740581 286.574774 -0.020453 -0.024926 0.019510 -0.005656 -0.660094 0.642445 -0.268559 0.281810 -0.062419 0.031365 0.062150 0 1.00000000 0.00000000 0.00000000 1.00000000 0.00000000 1.00000000 1.00000000 0.00000000 0.00000000 1.00000000 0.00000000 1.00000000 0.00000000 0.00000000 0.00000000 0.00000000 0.00000000 0.00000000 0.00000000 0.00000000 0.00000000 0.00000000 0.00000000 0.00000000 1.00000000 0.00000000 0.00000000 0.00000000 1.00000000 
1700000026.31026 0.184786 0.115859 -0.975922 0.002614 0.033452 0.080061 0.024923 -0.064274 0.049999 -0.009580 -0.000710 -0.000414 0.002214 0.018621 -0.006379 0.016364 0.0000000 1 418.629359 418.629359 505.740581 286.574774 -0.020453 -0.024926 0.019510 -0.005656 -0.660094 0.642445 -0.268559 0.281810 -0.062419 0.031365 0.062150 0 1.00000000 0.00000000 0.00000000 1.00000000 0.00000000 1.00000000 1.00000000 0.00000000 0.00000000 1.00000000 0.00000000 1.00000000 0.00000000 0.00000000 0.00000000 0.00000000 0.00000000 0.00000000 0.00000000 0.00000000 0.00000000 0.00000000 0.00000000 0.00000000 1.00000000 0.00000000 0.00000000 0.00000000 1.00000000 
1700000026.34417 -0.183107 -0.115326 0.976276 0.007585 0.031577 0.081994 0.024855 -0.058547 0.053920 -0.000403 -0.001178 -0.000077 0.002352 0.018651 -0.006361 0.016047 0.0000000 1 418.629359 418.629359 505.740581 286.574774 -0.020453 -0.024926 0.019510 -0.005656 -0.660094 0.642445 -0.268559 0.281810 -0.062419 0.031365 0.062150 0 1.00000000 0.00000000 0.00000000 1.00000000 0.00000000 1.00000000 1.00000000 0.00000000 0.00000000 1.00000000 0.00000000 1.00000000 0.00000000 0.00000000 0.00000000 0.00000000 0.00000000 0.00000000 0.00000000 0.00000000 0.00000000 0.00000000 0.00000000 0.00000000 1.00000000 0.00000000 0.00000000 0.00000000 1.00000000 
1700000026.37807 -0.181970 -0.113588 0.976576 0.016860 0.030081 0.083761 0.024758 -0.048978 0.050285 0.001754 -0.001625 0.000141 0.002385 0.018618 -0.006475 0.015992 0.0000000 1 418.629359 418.629359 505.740581 286.574774 -0.020453 -0.024926 0.019510 -0.005656 -0.660094 0.642445 -0.268559 0.281810 -0.062419 0.031365 0.062150 0 1.00000000 0.00000000 0.00000000 1.00000000 0.00000000 1.00000000 1.00000000 0.00000000 0.00000000 1.00000000 0.00000000 1.00000000 0.00000000 0.00000000 0.00000000 0.00000000 0.00000000 0.00000000 0.00000000 0.00000000 0.00000000 0.00000000 0.00000000 0.00000000 1.00000000 0.00000000 0.00000000 0.00000000 1.00000000 
1700000026.41198 -0.182144 -0.111261 0.976622 0.025557 0.028613 0.085450 0.024679 -0.044040 0.047105 0.001352 -0.002086 0.000278 0.002438 0.018586 -0.006541 0.015976 0.0000000 1 418.629359 418.629359 505.740581 286.574774 -0.020453 -0.024926 0.019510 -0.005656 -0.660094 0.642445 -0.268559 0.281810 -0.062419 0.031365 0.062150 0 1.00000000 0.00000000 0.00000000 1.00000000 0.00000000 1.00000000 1.00000000 0.00000000 0.00000000 1.00000000 0.00000000 1.00000000 0.00000000 0.00000000 0.00000000 0.00000000 0.00000000 0.00000000 0.00000000 0.00000000 0.00000000 0.00000000 0.00000000 0.00000000 1.00000000 0.00000000 0.00000000 0.00000000 1.00000000 
1700000026.44588 -0.182828 -0.108051 0.976587 0.034310 0.026900 0.087232 0.024670 -0.046425 0.047353 0.001523 -0.002509 0.000324 0.002484 0.018545 -0.006576 0.015946 0.0000000 1 418.629359 418.629359 505.740581 286.574774 -0.020453 -0.024926 0.019510 -0.005656 -0.660094 0.642445 -0.268559 0.281810 -0.062419 0.031365 0.062150 0 1.00000000 0.00000000 0.00000000 1.00000000 0.00000000 1.00000000 1.00000000 0.00000000 0.00000000 1.00000000 0.00000000 1.00000000 0.00000000 0.00000000 0.00000000 0.00000000 0.00000000 0.00000000 0.00000000 0.00000000 0.00000000 0.00000000 0.00000000 0.00000000 1.00000000 0.00000000 0.00000000 0.00000000 1.00000000 
1700000026.47979 -0.183574 -0.104505 0.976498 0.042781 0.025253 0.088958 0.024690 -0.042859 0.045929 0.001582 -0.002872 0.000400 0.002380 0.018529 -0.006632 0.015890 0.0000000 1 418.629359 418.629359 505.740581 286.574774 -0.020453 -0.024926 0.019510 -0.005656 -0.660094 0.642445 -0.268559 0.281810 -0.062419 0.031365 0.062150 0 1.00000000 0.00000000 0.00000000 1.00000000 0.00000000 1.00000000 1.00000000 0.00000000 0.00000000 1.00000000 0.00000000 1.00000000 0.00000000 0.00000000 0.00000000 0.00000000 0.00000000 0.00000000 0.00000000 0.00000000 0.00000000 0.00000000 0.00000000 0.00000000 1.00000000 0.00000000 0.00000000 0.00000000 1.00000000 
1700000026.51369 -0.183895 -0.100777 0.976492 0.049905 0.023825 0.090785 0.024662 -0.034848 0.043034 0.000433 -0.003056 0.000605 0.001904 0.018549 -0.006673 0.015875 0.0000000 1 418.629359 418.629359 505.740581 286.574774 -0.020453 -0.024926 0.019510 -0.005656 -0.660094 0.642445 -0.268559 0.281810 -0.062419 0.031365 0.062150 0 1.00000000 0.00000000 0.00000000 1.00000000 0.00000000 1.00000000 1.00000000 0.00000000 0.00000000 1.00000000 0.00000000 1.00000000 0.00000000 0.00000000 0.00000000 0.00000000 0.00000000 0.00000000 0.00000000 0.00000000 0.00000000 0.00000000 0.00000000 0.00000000 1.00000000 0.00000000 0.00000000 0.00000000 1.00000000 
1700000026.54760 -0.184171 -0.097786 0.976414 0.055996 0.022723 0.092604 0.024376 -0.026883 0.040071 -0.005703 -0.002986 0.000903 0.001474 0.018522 -0.006721 0.016000 0.0000000 1 418.629359 418.629359 505.740581 286.574774 -0.020453 -0.024926 0.019510 -0.005656 -0.660094 0.642445 -0.268559 0.281810 -0.062419 0.031365 0.062150 0 1.00000000 0.00000000 0.00000000 1.00000000 0.00000000 1.00000000 1.00000000 0.00000000 0.00000000 1.00000000 0.00000000 1.00000000 0.00000000 0.00000000 0.00000000 0.00000000 0.00000000 0.00000000 0.00000000 0.00000000 0.00000000 0.00000000 0.00000000 0.00000000 1.00000000 0.00000000 0.00000000 0.00000000 1.00000000 
1700000026.58150 -0.184519 -0.095871 0.976172 0.062053 0.021749 0.094269 0.024072 -0.023288 0.038427 -0.009962 -0.002991 0.001115 0.001213 0.018490 -0.006780 0.015995 0.0000000 1 418.629359 418.629359 505.740581 286.574774 -0.020453 -0.024926 0.019510 -0.005656 -0.660094 0.642445 -0.268559 0.281810 -0.062419 0.031365 0.062150 0 1.00000000 0.00000000 0.00000000 1.00000000 0.00000000 1.00000000 1.00000000 0.00000000 0.00000000 1.00000000 0.00000000 1.00000000 0.00000000 0.00000000 0.00000000 0.00000000 0.00000000 0.00000000 0.00000000 0.00000000 0.00000000 0.00000000 0.00000000 0.00000000 1.00000000 0.00000000 0.00000000 0.00000000 1.00000000 
1700000026.61541 -0.184760 -0.094305 0.975915 0.067531 0.021031 0.095646 0.023841 -0.015671 0.034419 -0.007917 -0.002988 0.001292 0.000885 0.018559 -0.006818 0.015916 0.0000000 1 418.629359 418.629359 505.740581 286.574774 -0.020453 -0.024926 0.019510 -0.005656 -0.660094 0.642445 -0.268559 0.281810 -0.062419 0.031365 0.062150 0 1.00000000 0.00000000 0.00000000 1.00000000 0.00000000 1.00000000 1.00000000 0.00000000 0.00000000 1.00000000 0.00000000 1.00000000 0.00000000 0.00000000 0.00000000 0.00000000 0.00000000 0.00000000 0.00000000 0.00000000 0.00000000 0.00000000 0.00000000 0.00000000 1.00000000 0.00000000 0.00000000 0.00000000 1.00000000 
1700000026.64931 -0.185133 -0.092738 0.975672 0.072043 0.020331 0.096945 0.023724 -0.012472 0.030535 -0.004465 -0.003038 0.001379 0.000497 0.018637 -0.006937 0.015825 0.0000000 1 418.629359 418.629359 505.740581 286.574774 -0.020453 -0.024926 0.019510 -0.005656 -0.660094 0.642445 -0.268559 0.281810 -0.062419 0.031365 0.062150 0 1.00000000 0.00000000 0.00000000 1.00000000 0.00000000 1.00000000 1.00000000 0.00000000 0.00000000 1.00000000 0.00000000 1.00000000 0.00000000 0.00000000 0.00000000 0.00000000 0.00000000 0.00000000 0.00000000 0.00000000 0.00000000 0.00000000 0.00000000 0.00000000 1.00000000 0.00000000 0.00000000 0.00000000 1.00000000 
1700000026.68322 -0.185290 -0.091300 0.975461 0.076204 0.019770 0.098238 0.023519 -0.010461 0.030608 -0.007282 -0.002971 0.001466 0.000194 0.018652 -0.007034 0.015878 0.0000000 1 418.629359 418.629359 505.740581 286.574774 -0.020453 -0.024926 0.019510 -0.005656 -0.660094 0.642445 -0.268559 0.281810 -0.062419 0.031365 0.062150 0 1.00000000 0.00000000 0.00000000 1.00000000 0.00000000 1.00000000 1.00000000 0.00000000 0.00000000 1.00000000 0.00000000 1.00000000 0.00000000 0.00000000 0.00000000 0.00000000 0.00000000 0.00000000 0.00000000 0.00000000 0.00000000 0.00000000 0.00000000 0.00000000 1.00000000 0.00000000 0.00000000 0.00000000 1.00000000 
1700000026.71712 -0.185747 -0.090350 0.975109 0.080612 0.019306 0.099502 0.023161 -0.009793 0.031125 -0.012468 -0.002957 0.001487 0.000007 0.018649 -0.007103 0.015939 0.0000000 1 418.629359 418.629359 505.740581 286.574774 -0.020453 -0.024926 0.019510 -0.005656 -0.660094 0.642445 -0.268559 0.281810 -0.062419 0.031365 0.062150 0 1.00000000 0.00000000 0.00000000 1.00000000 0.00000000 1.00000000 1.00000000 0.00000000 0.00000000 1.00000000 0.00000000 1.00000000 0.00000000 0.00000000 0.00000000 0.00000000 0.00000000 0.00000000 0.00000000 0.00000000 0.00000000 0.00000000 0.00000000 0.00000000 1.00000000 0.00000000 0.00000000 0.00000000 1.00000000 
1700000026.75103 -0.186559 -0.089489 0.974648 0.085144 0.019226 0.100481 0.023166 -0.001821 0.028702 -0.009611 -0.002810 0.001361 0.000051 0.018722 -0.006999 0.015893 0.0000000 1 418.629359 418.629359 505.740581 286.574774 -0.020453 -0.024926 0.019510 -0.005656 -0.660094 0.642445 -0.268559 0.281810 -0.062419 0.031365 0.062150 0 1.00000000 0.00000000 0.00000000 1.00000000 0.00000000 1.00000000 1.00000000 0.00000000 0.00000000 1.00000000 0.00000000 1.00000000 0.00000000 0.00000000 0.00000000 0.00000000 0.00000000 0.00000000 0.00000000 0.00000000 0.00000000 0.00000000 0.00000000 0.00000000 1.00000000 0.00000000 0.00000000 0.00000000 1.00000000 
1700000026.78493 -0.187351 -0.088439 0.974226 0.089231 0.018995 0.101685 0.022759 -0.002402 0.030454 -0.013984 -0.002812 0.001350 -0.000064 0.018742 -0.007151 0.015971 0.0000000 1 418.629359 418.629359 505.740581 286.574774 -0.020453 -0.024926 0.019510 -0.005656 -0.660094 0.642445 -0.268559 0.281810 -0.062419 0.031365 0.062150 0 1.00000000 0.00000000 0.00000000 1.00000000 0.00000000 1.00000000 1.00000000 0.00000000 0.00000000 1.00000000 0.00000000 1.00000000 0.00000000 0.00000000 0.00000000 0.00000000 0.00000000 0.00000000 0.00000000 0.00000000 0.00000000 0.00000000 0.00000000 0.00000000 1.00000000 0.00000000 0.00000000 0.00000000 1.00000000 
1700000026.81884 -0.188172 -0.087618 0.973749 0.093422 0.018719 0.102914 0.022297 -0.003733 0.032594 -0.017962 -0.002752 0.001370 -0.000271 0.018811 -0.007293 0.015969 0.0000000 1 418.629359 418.629359 505.740581 286.574774 -0.020453 -0.024926 0.019510 -0.005656 -0.660094 0.642445 -0.268559 0.281810 -0.062419 0.031365 0.062150 0 1.00000000 0.00000000 0.00000000 1.00000000 0.00000000 1.00000000 1.00000000 0.00000000 0.00000000 1.00000000 0.00000000 1.00000000 0.00000000 0.00000000 0.00000000 0.00000000 0.00000000 0.00000000 0.00000000 0.00000000 0.00000000 0.00000000 0.00000000 0.00000000 1.00000000 0.00000000 0.00000000 0.00000000 1.00000000 
1700000026.85274 -0.189110 -0.086782 0.973243 0.097493 0.018654 0.104155 0.021690 -0.000841 0.032303 -0.022137 -0.002729 0.001344 -0.000496 0.018906 -0.007240 0.016021 0.0000000 1 418.629359 418.629359 505.740581 286.574774 -0.020453 -0.024926 0.019510 -0.005656 -0.660094 0.642445 -0.268559 0.281810 -0.062419 0.031365 0.062150 0 1.00000000 0.00000000 0.00000000 1.00000000 0.00000000 1.00000000 1.00000000 0.00000000 0.00000000 1.00000000 0.00000000 1.00000000 0.00000000 0.00000000 0.00000000 0.00000000 0.00000000 0.00000000 0.00000000 0.00000000 0.00000000 0.00000000 0.00000000 0.00000000 1.00000000 0.00000000 0.00000000 0.00000000 1.00000000 
1700000026.88665 -0.190371 -0.086129 0.972723 0.100747 0.018895 0.105233 0.021056 0.006993 0.026608 -0.023648 -0.002602 0.001325 -0.000886 0.019143 -0.006985 0.016154 0.0000000 1 418.629359 418.629359 505.740581 286.574774 -0.020453 -0.024926 0.019510 -0.005656 -0.660094 0.642445 -0.268559 0.281810 -0.062419 0.031365 0.062150 0 1.00000000 0.00000000 0.00000000 1.00000000 0.00000000 1.00000000 1.00000000 0.00000000 0.00000000 1.00000000 0.00000000 1.00000000 0.00000000 0.00000000 0.00000000 0.00000000 0.00000000 0.00000000 0.00000000 0.00000000 0.00000000 0.00000000 0.00000000 0.00000000 1.00000000 0.00000000 0.00000000 0.00000000 1.00000000 
1700000026.92055 -0.192327 -0.085738 0.972131 0.103054 0.019107 0.106269 0.020347 0.008652 0.023855 -0.024722 -0.002426 0.001284 -0.001146 0.019231 -0.006960 0.016206 0.0000000 1 418.629359 418.629359 505.740581 286.574774 -0.020453 -0.024926 0.019510 -0.005656 -0.660094 0.642445 -0.268559 0.281810 -0.062419 0.031365 0.062150 0 1.00000000 0.00000000 0.00000000 1.00000000 0.00000000 1.00000000 1.00000000 0.00000000 0.00000000 1.00000000 0.00000000 1.00000000 0.00000000 0.00000000 0.00000000 0.00000000 0.00000000 0.00000000 0.00000000 0.00000000 0.00000000 0.00000000 0.00000000 0.00000000 1.00000000 0.00000000 0.00000000 0.00000000 1.00000000 
1700000026.95446 -0.193874 -0.085724 0.971576 0.105376 0.019235 0.107223 0.019828 0.007303 0.022869 -0.019159 -0.002362 0.001212 -0.001275 0.019314 -0.007052 0.016097 0.0000000 1 418.629359 418.629359 505.740581 286.574774 -0.020453 -0.024926 0.019510 -0.005656 -0.660094 0.642445 -0.268559 0.281810 -0.062419 0.031365 0.062150 0 1.00000000 0.00000000 0.00000000 1.00000000 0.00000000 1.00000000 1.00000000 0.00000000 0.00000000 1.00000000 0.00000000 1.00000000 0.00000000 0.00000000 0.00000000 0.00000000 0.00000000 0.00000000 0.00000000 0.00000000 0.00000000 0.00000000 0.00000000 0.00000000 1.00000000 0.00000000 0.00000000 0.00000000 1.00000000 
1700000026.98836 -0.194387 -0.086179 0.971256 0.106995 0.019517 0.108117 0.019403 0.009905 0.019205 -0.014621 -0.002124 0.001311 -0.001630 0.019468 -0.006969 0.016132 0.0000000 1 418.629359 418.629359 505.740581 286.574774 -0.020453 -0.024926 0.019510 -0.005656 -0.660094 0.642445 -0.268559 0.281810 -0.062419 0.031365 0.062150 0 1.00000000 0.00000000 0.00000000 1.00000000 0.00000000 1.00000000 1.00000000 0.00000000 0.00000000 1.00000000 0.00000000 1.00000000 0.00000000 0.00000000 0.00000000 0.00000000 0.00000000 0.00000000 0.00000000 0.00000000 0.00000000 0.00000000 0.00000000 0.00000000 1.00000000 0.00000000 0.00000000 0.00000000 1.00000000 
1700000027.02227 -0.195115 -0.086965 0.970998 0.107377 0.019919 0.108767 0.019145 0.012343 0.011357 -0.010045 -0.001975 0.001276 -0.002041 0.019752 -0.006770 0.016281 0.0000000 1 418.629359 418.629359 505.740581 286.574774 -0.020453 -0.024926 0.019510 -0.005656 -0.660094 0.642445 -0.268559 0.281810 -0.062419 0.031365 0.062150 0 1.00000000 0.00000000 0.00000000 1.00000000 0.00000000 1.00000000 1.00000000 0.00000000 0.00000000 1.00000000 0.00000000 1.00000000 0.00000000 0.00000000 0.00000000 0.00000000 0.00000000 0.00000000 0.00000000 0.00000000 0.00000000 0.00000000 0.00000000 0.00000000 1.00000000 0.00000000 0.00000000 0.00000000 1.00000000 
1700000027.05617 -0.195991 -0.087622 0.970775 0.107266 0.020114 0.109265 0.019022 0.007555 0.007210 -0.004609 -0.001933 0.001101 -0.002238 0.019896 -0.006829 0.016352 0.0000000 1 418.629359 418.629359 505.740581 286.574774 -0.020453 -0.024926 0.019510 -0.005656 -0.660094 0.642445 -0.268559 0.281810 -0.062419 0.031365 0.062150 0 1.00000000 0.00000000 0.00000000 1.00000000 0.00000000 1.00000000 1.00000000 0.00000000 0.00000000 1.00000000 0.00000000 1.00000000 0.00000000 0.00000000 0.00000000 0.00000000 0.00000000 0.00000000 0.00000000 0.00000000 0.00000000 0.00000000 0.00000000 0.00000000 1.00000000 0.00000000 0.00000000 0.00000000 1.00000000 
1700000027.09008 -0.196497 -0.088086 0.970649 0.107097 0.020143 0.109530 0.018916 0.001955 0.001000 -0.002136 -0.001905 0.000982 -0.002477 0.020155 -0.006849 0.016600 0.0000000 1 418.629359 418.629359 505.740581 286.574774 -0.020453 -0.024926 0.019510 -0.005656 -0.660094 0.642445 -0.268559 0.281810 -0.062419 0.031365 0.062150 0 1.00000000 0.00000000 0.00000000 1.00000000 0.00000000 1.00000000 1.00000000 0.00000000 0.00000000 1.00000000 0.00000000 1.00000000 0.00000000 0.00000000 0.00000000 0.00000000 0.00000000 0.00000000 0.00000000 0.00000000 0.00000000 0.00000000 0.00000000 0.00000000 1.00000000 0.00000000 0.00000000 0.00000000 1.00000000 
1700000027.12398 -0.197080 -0.088673 0.970559 0.106354 0.020210 0.109665 0.018852 0.001496 -0.003963 -0.001361 -0.001760 0.000828 -0.002728 0.020326 -0.006655 0.016894 0.0000000 1 418.629359 418.629359 505.740581 286.574774 -0.020453 -0.024926 0.019510 -0.005656 -0.660094 0.642445 -0.268559 0.281810 -0.062419 0.031365 0.062150 0 1.00000000 0.00000000 0.00000000 1.00000000 0.00000000 1.00000000 1.00000000 0.00000000 0.00000000 1.00000000 0.00000000 1.00000000 0.00000000 0.00000000 0.00000000 0.00000000 0.00000000 0.00000000 0.00000000 0.00000000 0.00000000 0.00000000 0.00000000 0.00000000 1.00000000 0.00000000 0.00000000 0.00000000 1.00000000 
1700000027.15789 -0.197722 -0.089027 0.970457 0.105803 0.020063 0.109694 0.019012 -0.002598 -0.005302 0.006086 -0.001878 0.000596 -0.002725 0.020396 -0.006677 0.016943 0.0000000 1 418.629359 418.629359 505.740581 286.574774 -0.020453 -0.024926 0.019510 -0.005656 -0.660094 0.642445 -0.268559 0.281810 -0.062419 0.031365 0.062150 0 1.00000000 0.00000000 0.00000000 1.00000000 0.00000000 1.00000000 1.00000000 0.00000000 0.00000000 1.00000000 0.00000000 1.00000000 0.00000000 0.00000000 0.00000000 0.00000000 0.00000000 0.00000000 0.00000000 0.00000000 0.00000000 0.00000000 0.00000000 0.00000000 1.00000000 0.00000000 0.00000000 0.00000000 1.00000000 
1700000027.19179 -0.197358 -0.088741 0.970615 0.105269 0.020124 0.109536 0.019473 0.001985 -0.009938 0.014765 -0.001973 0.000516 -0.002839 0.020614 -0.006486 0.017071 0.0000000 1 418.629359 418.629359 505.740581 286.574774 -0.020453 -0.024926 0.019510 -0.005656 -0.660094 0.642445 -0.268559 0.281810 -0.062419 0.031365 0.062150 0 1.00000000 0.00000000 0.00000000 1.00000000 0.00000000 1.00000000 1.00000000 0.00000000 0.00000000 1.00000000 0.00000000 1.00000000 0.00000000 0.00000000 0.00000000 0.00000000 0.00000000 0.00000000 0.00000000 0.00000000 0.00000000 0.00000000 0.00000000 0.00000000 1.00000000 0.00000000 0.00000000 0.00000000 1.00000000 
1700000027.22570 -0.196711 -0.088741 0.970879 0.104041 0.020449 0.109278 0.019853 0.007882 -0.014299 0.012713 -0.001911 0.000545 -0.002944 0.020702 -0.006229 0.017353 0.0000000 1 418.629359 418.629359 505.740581 286.574774 -0.020453 -0.024926 0.019510 -0.005656 -0.660094 0.642445 -0.268559 0.281810 -0.062419 0.031365 0.062150 0 1.00000000 0.00000000 0.00000000 1.00000000 0.00000000 1.00000000 1.00000000 0.00000000 0.00000000 1.00000000 0.00000000 1.00000000 0.00000000 0.00000000 0.00000000 0.00000000 0.00000000 0.00000000 0.00000000 0.00000000 0.00000000 0.00000000 0.00000000 0.00000000 1.00000000 0.00000000 0.00000000 0.00000000 1.00000000 
1700000027.25960 -0.196046 -0.089232 0.971179 0.102059 0.020840 0.108825 0.020285 0.012145 -0.018830 0.012761 -0.001845 0.000613 -0.003124 0.020876 -0.006093 0.017527 0.0000000 1 418.629359 418.629359 505.740581 286.574774 -0.020453 -0.024926 0.019510 -0.005656 -0.660094 0.642445 -0.268559 0.281810 -0.062419 0.031365 0.062150 0 1.00000000 0.00000000 0.00000000 1.00000000 0.00000000 1.00000000 1.00000000 0.00000000 0.00000000 1.00000000 0.00000000 1.00000000 0.00000000 0.00000000 0.00000000 0.00000000 0.00000000 0.00000000 0.00000000 0.00000000 0.00000000 0.00000000 0.00000000 0.00000000 1.00000000 0.00000000 0.00000000 0.00000000 1.00000000 
1700000027.29351 -0.195304 -0.089959 0.971543 0.099337 0.021379 0.108285 0.020590 0.016196 -0.021467 0.009871 -0.001767 0.000721 -0.003257 0.020951 -0.005999 0.017709 0.0000000 1 418.629359 418.629359 505.740581 286.574774 -0.020453 -0.024926 0.019510 -0.005656 -0.660094 0.642445 -0.268559 0.281810 -0.062419 0.031365 0.062150 0 1.00000000 0.00000000 0.00000000 1.00000000 0.00000000 1.00000000 1.00000000 0.00000000 0.00000000 1.00000000 0.00000000 1.00000000 0.00000000 0.00000000 0.00000000 0.00000000 0.00000000 0.00000000 0.00000000 0.00000000 0.00000000 0.00000000 0.00000000 0.00000000 1.00000000 0.00000000 0.00000000 0.00000000 1.00000000 
1700000027.32741 -0.194269 -0.091226 0.971928 0.096407 0.021733 0.107700 0.020855 0.012987 -0.021424 0.008070 -0.001715 0.000871 -0.003312 0.020991 -0.006151 0.017745 0.0000000 1 418.629359 418.629359 505.740581 286.574774 -0.020453 -0.024926 0.019510 -0.005656 -0.660094 0.642445 -0.268559 0.281810 -0.062419 0.031365 0.062150 0 1.00000000 0.00000000 0.00000000 1.00000000 0.00000000 1.00000000 1.00000000 0.00000000 0.00000000 1.00000000 0.00000000 1.00000000 0.00000000 0.00000000 0.00000000 0.00000000 0.00000000 0.00000000 0.00000000 0.00000000 0.00000000 0.00000000 0.00000000 0.00000000 1.00000000 0.00000000 0.00000000 0.00000000 1.00000000 
1700000027.36132 -0.192545 -0.092994 0.972397 0.093391 0.022164 0.106992 0.021146 0.013254 -0.022436 0.008039 -0.001637 0.001051 -0.003362 0.021101 -0.006168 0.017778 0.0000000 1 418.629359 418.629359 505.740581 286.574774 -0.020453 -0.024926 0.019510 -0.005656 -0.660094 0.642445 -0.268559 0.281810 -0.062419 0.031365 0.062150 0 1.00000000 0.00000000 0.00000000 1.00000000 0.00000000 1.00000000 1.00000000 0.00000000 0.00000000 1.00000000 0.00000000 1.00000000 0.00000000 0.00000000 0.00000000 0.00000000 0.00000000 0.00000000 0.00000000 0.00000000 0.00000000 0.00000000 0.00000000 0.00000000 1.00000000 0.00000000 0.00000000 0.00000000 1.00000000 
1700000027.39522 -0.191071 -0.094736 0.972846 0.089931 0.022708 0.106126 0.021309 0.014932 -0.025644 0.005530 -0.001656 0.001113 -0.003404 0.021250 -0.006098 0.017966 0.0000000 1 418.629359 418.629359 505.740581 286.574774 -0.020453 -0.024926 0.019510 -0.005656 -0.660094 0.642445 -0.268559 0.281810 -0.062419 0.031365 0.062150 0 1.00000000 0.00000000 0.00000000 1.00000000 0.00000000 1.00000000 1.00000000 0.00000000 0.00000000 1.00000000 0.00000000 1.00000000 0.00000000 0.00000000 0.00000000 0.00000000 0.00000000 0.00000000 0.00000000 0.00000000 0.00000000 0.00000000 0.00000000 0.00000000 1.00000000 0.00000000 0.00000000 0.00000000 1.00000000 
1700000027.42913 -0.190064 -0.096338 0.973191 0.086565 0.023118 0.105227 0.021566 0.012650 -0.026014 0.006561 -0.001734 0.001071 -0.003312 0.021334 -0.006119 0.017981 0.0000000 1 418.629359 418.629359 505.740581 286.574774 -0.020453 -0.024926 0.019510 -0.005656 -0.660094 0.642445 -0.268559 0.281810 -0.062419 0.031365 0.062150 0 1.00000000 0.00000000 0.00000000 1.00000000 0.00000000 1.00000000 1.00000000 0.00000000 0.00000000 1.00000000 0.00000000 1.00000000 0.00000000 0.00000000 0.00000000 0.00000000 0.00000000 0.00000000 0.00000000 0.00000000 0.00000000 0.00000000 0.00000000 0.00000000 1.00000000 0.00000000 0.00000000 0.00000000 1.00000000 
1700000027.46303 -0.188956 -0.097359 0.973635 0.082778 0.023842 0.104103 0.021991 0.021167 -0.031672 0.011395 -0.001777 0.001124 -0.003435 0.021567 -0.005918 0.018036 0.0000000 1 418.629359 418.629359 505.740581 286.574774 -0.020453 -0.024926 0.019510 -0.005656 -0.660094 0.642445 -0.268559 0.281810 -0.062419 0.031365 0.062150 0 1.00000000 0.00000000 0.00000000 1.00000000 0.00000000 1.00000000 1.00000000 0.00000000 0.00000000 1.00000000 0.00000000 1.00000000 0.00000000 0.00000000 0.00000000 0.00000000 0.00000000 0.00000000 0.00000000 0.00000000 0.00000000 0.00000000 0.00000000 0.00000000 1.00000000 0.00000000 0.00000000 0.00000000 1.00000000 
1700000027.49694 -0.188277 -0.098635 0.974046 0.077824 0.024642 0.102696 0.022151 0.024303 -0.037586 0.005040 -0.001646 0.001136 -0.003251 0.021704 -0.005950 0.018290 0.0000000 1 418.629359 418.629359 505.740581 286.574774 -0.020453 -0.024926 0.019510 -0.005656 -0.660094 0.642445 -0.268559 0.281810 -0.062419 0.031365 0.062150 0 1.00000000 0.00000000 0.00000000 1.00000000 0.00000000 1.00000000 1.00000000 0.00000000 0.00000000 1.00000000 0.00000000 1.00000000 0.00000000 0.00000000 0.00000000 0.00000000 0.00000000 0.00000000 0.00000000 0.00000000 0.00000000 0.00000000 0.00000000 0.00000000 1.00000000 0.00000000 0.00000000 0.00000000 1.00000000 
1700000027.53084 -0.187723 -0.100369 0.974367 0.072766 0.025409 0.101014 0.022249 0.025196 -0.042553 0.001772 -0.001543 0.001137 -0.002870 0.021794 -0.006050 0.018372 0.0000000 1 418.629359 418.629359 505.740581 286.574774 -0.020453 -0.024926 0.019510 -0.005656 -0.660094 0.642445 -0.268559 0.281810 -0.062419 0.031365 0.062150 0 1.00000000 0.00000000 0.00000000 1.00000000 0.00000000 1.00000000 1.00000000 0.00000000 0.00000000 1.00000000 0.00000000 1.00000000 0.00000000 0.00000000 0.00000000 0.00000000 0.00000000 0.00000000 0.00000000 0.00000000 0.00000000 0.00000000 0.00000000 0.00000000 1.00000000 0.00000000 0.00000000 0.00000000 1.00000000 
1700000027.56475 -0.186946 -0.101996 0.974793 0.066529 0.026437 0.099068 0.022204 0.033027 -0.049807 0.000095 -0.001378 0.001259 -0.002657 0.021896 -0.006087 0.018491 0.0000000 1 418.629359 418.629359 505.740581 286.574774 -0.020453 -0.024926 0.019510 -0.005656 -0.660094 0.642445 -0.268559 0.281810 -0.062419 0.031365 0.062150 0 1.00000000 0.00000000 0.00000000 1.00000000 0.00000000 1.00000000 1.00000000 0.00000000 0.00000000 1.00000000 0.00000000 1.00000000 0.00000000 0.00000000 0.00000000 0.00000000 0.00000000 0.00000000 0.00000000 0.00000000 0.00000000 0.00000000 0.00000000 0.00000000 1.00000000 0.00000000 0.00000000 0.00000000 1.00000000 
1700000027.59865 -0.186216 -0.103964 0.975172 0.059616 0.027458 0.097367 0.022099 0.031967 -0.049592 -0.003705 -0.001169 0.001389 -0.002445 0.021778 -0.006166 0.018461 0.0000000 1 418.629359 418.629359 505.740581 286.574774 -0.020453 -0.024926 0.019510 -0.005656 -0.660094 0.642445 -0.268559 0.281810 -0.062419 0.031365 0.062150 0 1.00000000 0.00000000 0.00000000 1.00000000 0.00000000 1.00000000 1.00000000 0.00000000 0.00000000 1.00000000 0.00000000 1.00000000 0.00000000 0.00000000 0.00000000 0.00000000 0.00000000 0.00000000 0.00000000 0.00000000 0.00000000 0.00000000 0.00000000 0.00000000 1.00000000 0.00000000 0.00000000 0.00000000 1.00000000 
1700000027.63256 -0.184880 -0.107160 0.975475 0.052764 0.028582 0.095606 0.021847 0.033615 -0.050908 -0.012417 -0.000835 0.001574 -0.002260 0.021637 -0.006174 0.018362 0.0000000 1 418.629359 418.629359 505.740581 286.574774 -0.020453 -0.024926 0.019510 -0.005656 -0.660094 0.642445 -0.268559 0.281810 -0.062419 0.031365 0.062150 0 1.00000000 0.00000000 0.00000000 1.00000000 0.00000000 1.00000000 1.00000000 0.00000000 0.00000000 1.00000000 0.00000000 1.00000000 0.00000000 0.00000000 0.00000000 0.00000000 0.00000000 0.00000000 0.00000000 0.00000000 0.00000000 0.00000000 0.00000000 0.00000000 1.00000000 0.00000000 0.00000000 0.00000000 1.00000000 
1700000027.66646 -0.184042 -0.111741 0.975532 0.044485 0.030112 0.093493 0.021145 0.043520 -0.056688 -0.024056 -0.000357 0.001704 -0.002200 0.021579 -0.006118 0.018429 0.0000000 1 418.629359 418.629359 505.740581 286.574774 -0.020453 -0.024926 0.019510 -0.005656 -0.660094 0.642445 -0.268559 0.281810 -0.062419 0.031365 0.062150 0 1.00000000 0.00000000 0.00000000 1.00000000 0.00000000 1.00000000 1.00000000 0.00000000 0.00000000 1.00000000 0.00000000 1.00000000 0.00000000 0.00000000 0.00000000 0.00000000 0.00000000 0.00000000 0.00000000 0.00000000 0.00000000 0.00000000 0.00000000 0.00000000 1.00000000 0.00000000 0.00000000 0.00000000 1.00000000 
1700000027.70037 -0.184053 -0.116097 0.975383 0.035704 0.031400 0.091359 0.020613 0.039578 -0.057346 -0.021303 -0.000188 0.001640 -0.001861 0.021439 -0.006116 0.018157 0.0000000 1 418.629359 418.629359 505.740581 286.574774 -0.020453 -0.024926 0.019510 -0.005656 -0.660094 0.642445 -0.268559 0.281810 -0.062419 0.031365 0.062150 0 1.00000000 0.00000000 0.00000000 1.00000000 0.00000000 1.00000000 1.00000000 0.00000000 0.00000000 1.00000000 0.00000000 1.00000000 0.00000000 0.00000000 0.00000000 0.00000000 0.00000000 0.00000000 0.00000000 0.00000000 0.00000000 0.00000000 0.00000000 0.00000000 1.00000000 0.00000000 0.00000000 0.00000000 1.00000000 
1700000027.73427 -0.183993 -0.119039 0.975282 0.028310 0.032529 0.089383 0.020188 0.035771 -0.054790 -0.015417 -0.000083 0.001480 -0.001573 0.021253 -0.006104 0.017926 0.0000000 1 418.629359 418.629359 505.740581 286.574774 -0.020453 -0.024926 0.019510 -0.005656 -0.660094 0.642445 -0.268559 0.281810 -0.062419 0.031365 0.062150 0 1.00000000 0.00000000 0.00000000 1.00000000 0.00000000 1.00000000 1.00000000 0.00000000 0.00000000 1.00000000 0.00000000 1.00000000 0.00000000 0.00000000 0.00000000 0.00000000 0.00000000 0.00000000 0.00000000 0.00000000 0.00000000 0.00000000 0.00000000 0.00000000 1.00000000 0.00000000 0.00000000 0.00000000 1.00000000 
1700000027.76818 -0.184154 -0.121449 0.975114 0.022149 0.033710 0.087311 0.020026 0.036904 -0.053347 -0.008790 0.000012 0.001211 -0.001064 0.021131 -0.006071 0.017738 0.0000000 1 418.629359 418.629359 505.740581 286.574774 -0.020453 -0.024926 0.019510 -0.005656 -0.660094 0.642445 -0.268559 0.281810 -0.062419 0.031365 0.062150 0 1.00000000 0.00000000 0.00000000 1.00000000 0.00000000 1.00000000 1.00000000 0.00000000 0.00000000 1.00000000 0.00000000 1.00000000 0.00000000 0.00000000 0.00000000 0.00000000 0.00000000 0.00000000 0.00000000 0.00000000 0.00000000 0.00000000 0.00000000 0.00000000 1.00000000 0.00000000 0.00000000 0.00000000 1.00000000 
1700000027.80208 -0.184120 -0.123607 0.974973 0.015784 0.035042 0.085186 0.020115 0.041367 -0.054412 -0.000805 0.000210 0.000907 -0.000659 0.021034 -0.006061 0.017596 0.0000000 1 418.629359 418.629359 505.740581 286.574774 -0.020453 -0.024926 0.019510 -0.005656 -0.660094 0.642445 -0.268559 0.281810 -0.062419 0.031365 0.062150 0 1.00000000 0.00000000 0.00000000 1.00000000 0.00000000 1.00000000 1.00000000 0.00000000 0.00000000 1.00000000 0.00000000 1.00000000 0.00000000 0.00000000 0.00000000 0.00000000 0.00000000 0.00000000 0.00000000 0.00000000 0.00000000 0.00000000 0.00000000 0.00000000 1.00000000 0.00000000 0.00000000 0.00000000 1.00000000 
1700000027.83599 -0.183972 -0.125421 0.974845 0.010058 0.036227 0.083343 0.020393 0.035279 -0.050896 0.004466 0.000340 0.000586 -0.000215 0.020955 -0.006032 0.017523 0.0000000 1 418.629359 418.629359 505.740581 286.574774 -0.020453 -0.024926 0.019510 -0.005656 -0.660094 0.642445 -0.268559 0.281810 -0.062419 0.031365 0.062150 0 1.00000000 0.00000000 0.00000000 1.00000000 0.00000000 1.00000000 1.00000000 0.00000000 0.00000000 1.00000000 0.00000000 1.00000000 0.00000000 0.00000000 0.00000000 0.00000000 0.00000000 0.00000000 0.00000000 0.00000000 0.00000000 0.00000000 0.00000000 0.00000000 1.00000000 0.00000000 0.00000000 0.00000000 1.00000000 
1700000027.86989 -0.183528 -0.126680 0.974804 0.005109 0.037099 0.081337 0.020644 0.029719 -0.051673 0.005337 0.000606 0.000351 -0.000015 0.020823 -0.006114 0.017539 0.0000000 1 418.629359 418.629359 505.740581 286.574774 -0.020453 -0.024926 0.019510 -0.005656 -0.660094 0.642445 -0.268559 0.281810 -0.062419 0.031365 0.062150 0 1.00000000 0.00000000 0.00000000 1.00000000 0.00000000 1.00000000 1.00000000 0.00000000 0.00000000 1.00000000 0.00000000 1.00000000 0.00000000 0.00000000 0.00000000 0.00000000 0.00000000 0.00000000 0.00000000 0.00000000 0.00000000 0.00000000 0.00000000 0.00000000 1.00000000 0.00000000 0.00000000 0.00000000 1.00000000 
1700000027.90380 0.183877 0.127500 -0.974645 0.000974 0.038371 0.079478 0.020656 0.034861 -0.050596 -0.000726 0.000869 0.000124 0.000071 0.020766 -0.006309 0.017707 0.0000000 1 418.629359 418.629359 505.740581 286.574774 -0.020453 -0.024926 0.019510 -0.005656 -0.660094 0.642445 -0.268559 0.281810 -0.062419 0.031365 0.062150 0 1.00000000 0.00000000 0.00000000 1.00000000 0.00000000 1.00000000 1.00000000 0.00000000 0.00000000 1.00000000 0.00000000 1.00000000 0.00000000 0.00000000 0.00000000 0.00000000 0.00000000 0.00000000 0.00000000 0.00000000 0.00000000 0.00000000 0.00000000 0.00000000 1.00000000 0.00000000 0.00000000 0.00000000 1.00000000 
1700000027.93770 0.184718 0.128684 -0.974303 0.007298 0.039356 0.078120 0.020765 0.030078 -0.042181 -0.002856 0.001092 -0.000079 0.000158 0.020770 -0.006256 0.017671 0.0000000 1 418.629359 418.629359 505.740581 286.574774 -0.020453 -0.024926 0.019510 -0.005656 -0.660094 0.642445 -0.268559 0.281810 -0.062419 0.031365 0.062150 0 1.00000000 0.00000000 0.00000000 1.00000000 0.00000000 1.00000000 1.00000000 0.00000000 0.00000000 1.00000000 0.00000000 1.00000000 0.00000000 0.00000000 0.00000000 0.00000000 0.00000000 0.00000000 0.00000000 0.00000000 0.00000000 0.00000000 0.00000000 0.00000000 1.00000000 0.00000000 0.00000000 0.00000000 1.00000000 
1700000027.97161 0.184350 0.130030 -0.974149 0.011891 0.040086 0.076897 0.020792 0.025678 -0.036736 -0.001662 0.001201 -0.000193 0.000245 0.020715 -0.006189 0.017559 0.0000000 1 418.629359 418.629359 505.740581 286.574774 -0.020453 -0.024926 0.019510 -0.005656 -0.660094 0.642445 -0.268559 0.281810 -0.062419 0.031365 0.062150 0 1.00000000 0.00000000 0.00000000 1.00000000 0.00000000 1.00000000 1.00000000 0.00000000 0.00000000 1.00000000 0.00000000 1.00000000 0.00000000 0.00000000 0.00000000 0.00000000 0.00000000 0.00000000 0.00000000 0.00000000 0.00000000 0.00000000 0.00000000 0.00000000 1.00000000 0.00000000 0.00000000 0.00000000 1.00000000 
1700000028.00551 0.183679 0.131512 -0.973994 0.017397 0.041226 0.075436 0.020888 0.034687 -0.039019 0.000914 0.001409 -0.000290 0.000127 0.020597 -0.006307 0.017452 0.0000000 1 418.629359 418.629359 505.740581 286.574774 -0.020453 -0.024926 0.019510 -0.005656 -0.660094 0.642445 -0.268559 0.281810 -0.062419 0.031365 0.062150 0 1.00000000 0.00000000 0.00000000 1.00000000 0.00000000 1.00000000 1.00000000 0.00000000 0.00000000 1.00000000 0.00000000 1.00000000 0.00000000 0.00000000 0.00000000 0.00000000 0.00000000 0.00000000 0.00000000 0.00000000 0.00000000 0.00000000 0.00000000 0.00000000 1.00000000 0.00000000 0.00000000 0.00000000 1.00000000 
1700000028.03942 0.183448 0.132892 -0.973713 0.023857 0.042502 0.074164 0.021008 0.038427 -0.038338 0.003036 0.001469 -0.000477 0.000099 0.020532 -0.006407 0.017399 0.0000000 1 418.629359 418.629359 505.740581 286.574774 -0.020453 -0.024926 0.019510 -0.005656 -0.660094 0.642445 -0.268559 0.281810 -0.062419 0.031365 0.062150 0 1.00000000 0.00000000 0.00000000 1.00000000 0.00000000 1.00000000 1.00000000 0.00000000 0.00000000 1.00000000 0.00000000 1.00000000 0.00000000 0.00000000 0.00000000 0.00000000 0.00000000 0.00000000 0.00000000 0.00000000 0.00000000 0.00000000 0.00000000 0.00000000 1.00000000 0.00000000 0.00000000 0.00000000 1.00000000 
1700000028.07332 0.183078 0.133858 -0.973488 0.029750 0.043735 0.072950 0.021276 0.037391 -0.036375 0.006563 0.001474 -0.000653 0.000204 0.020532 -0.006408 0.017390 0.0000000 1 418.629359 418.629359 505.740581 286.574774 -0.020453 -0.024926 0.019510 -0.005656 -0.660094 0.642445 -0.268559 0.281810 -0.062419 0.031365 0.062150 0 1.00000000 0.00000000 0.00000000 1.00000000 0.00000000 1.00000000 1.00000000 0.00000000 0.00000000 1.00000000 0.00000000 1.00000000 0.00000000 0.00000000 0.00000000 0.00000000 0.00000000 0.00000000 0.00000000 0.00000000 0.00000000 0.00000000 0.00000000 0.00000000 1.00000000 0.00000000 0.00000000 0.00000000 1.00000000 
1700000028.10723 0.182713 0.134788 -0.973244 0.035273 0.045021 0.071700 0.021551 0.037608 -0.035271 0.008616 0.001548 -0.000776 0.000347 0.020500 -0.006490 0.017387 0.0000000 1 418.629359 418.629359 505.740581 286.574774 -0.020453 -0.024926 0.019510 -0.005656 -0.660094 0.642445 -0.268559 0.281810 -0.062419 0.031365 0.062150 0 1.00000000 0.00000000 0.00000000 1.00000000 0.00000000 1.00000000 1.00000000 0.00000000 0.00000000 1.00000000 0.00000000 1.00000000 0.00000000 0.00000000 0.00000000 0.00000000 0.00000000 0.00000000 0.00000000 0.00000000 0.00000000 0.00000000 0.00000000 0.00000000 1.00000000 0.00000000 0.00000000 0.00000000 1.00000000 
1700000028.14113 0.182586 0.135060 -0.973000 0.041137 0.046315 0.070317 0.021916 0.039508 -0.037187 0.012906 0.001492 -0.000910 0.000465 0.020350 -0.006569 0.017330 0.0000000 1 418.629359 418.629359 505.740581 286.574774 -0.020453 -0.024926 0.019510 -0.005656 -0.660094 0.642445 -0.268559 0.281810 -0.062419 0.031365 0.062150 0 1.00000000 0.00000000 0.00000000 1.00000000 0.00000000 1.00000000 1.00000000 0.00000000 0.00000000 1.00000000 0.00000000 1.00000000 0.00000000 0.00000000 0.00000000 0.00000000 0.00000000 0.00000000 0.00000000 0.00000000 0.00000000 0.00000000 0.00000000 0.00000000 1.00000000 0.00000000 0.00000000 0.00000000 1.00000000 
1700000028.17504 0.182743 0.134251 -0.972802 0.047303 0.047734 0.069047 0.022326 0.038484 -0.038859 0.011525 0.001443 -0.001046 0.000576 0.020353 -0.006742 0.017378 0.0000000 1 418.629359 418.629359 505.740581 286.574774 -0.020453 -0.024926 0.019510 -0.005656 -0.660094 0.642445 -0.268559 0.281810 -0.062419 0.031365 0.062150 0 1.00000000 0.00000000 0.00000000 1.00000000 0.00000000 1.00000000 1.00000000 0.00000000 0.00000000 1.00000000 0.00000000 1.00000000 0.00000000 0.00000000 0.00000000 0.00000000 0.00000000 0.00000000 0.00000000 0.00000000 0.00000000 0.00000000 0.00000000 0.00000000 1.00000000 0.00000000 0.00000000 0.00000000 1.00000000 
1700000028.20894 0.183413 0.133729 -0.972463 0.052834 0.048943 0.067934 0.022568 0.032518 -0.036760 0.002314 0.001502 -0.001146 0.000747 0.020521 -0.006819 0.017485 0.0000000 1 418.629359 418.629359 505.740581 286.574774 -0.020453 -0.024926 0.019510 -0.005656 -0.660094 0.642445 -0.268559 0.281810 -0.062419 0.031365 0.062150 0 1.00000000 0.00000000 0.00000000 1.00000000 0.00000000 1.00000000 1.00000000 0.00000000 0.00000000 1.00000000 0.00000000 1.00000000 0.00000000 0.00000000 0.00000000 0.00000000 0.00000000 0.00000000 0.00000000 0.00000000 0.00000000 0.00000000 0.00000000 0.00000000 1.00000000 0.00000000 0.00000000 0.00000000 1.00000000 
1700000028.24285 0.184299 0.133581 -0.971988 0.058567 0.050199 0.066700 0.022477 0.034732 -0.038353 -0.005911 0.001603 -0.001194 0.000748 0.020551 -0.007033 0.017511 0.0000000 1 418.629359 418.629359 505.740581 286.574774 -0.020453 -0.024926 0.019510 -0.005656 -0.660094 0.642445 -0.268559 0.281810 -0.062419 0.031365 0.062150 0 1.00000000 0.00000000 0.00000000 1.00000000 0.00000000 1.00000000 1.00000000 0.00000000 0.00000000 1.00000000 0.00000000 1.00000000 0.00000000 0.00000000 0.00000000 0.00000000 0.00000000 0.00000000 0.00000000 0.00000000 0.00000000 0.00000000 0.00000000 0.00000000 1.00000000 0.00000000 0.00000000 0.00000000 1.00000000 
1700000028.27675 0.185582 0.134114 -0.971286 0.064622 0.051387 0.065623 0.022363 0.033714 -0.036495 -0.009874 0.001759 -0.001243 0.000866 0.020813 -0.007049 0.017515 0.0000000 1 418.629359 418.629359 505.740581 286.574774 -0.020453 -0.024926 0.019510 -0.005656 -0.660094 0.642445 -0.268559 0.281810 -0.062419 0.031365 0.062150 0 1.00000000 0.00000000 0.00000000 1.00000000 0.00000000 1.00000000 1.00000000 0.00000000 0.00000000 1.00000000 0.00000000 1.00000000 0.00000000 0.00000000 0.00000000 0.00000000 0.00000000 0.00000000 0.00000000 0.00000000 0.00000000 0.00000000 0.00000000 0.00000000 1.00000000 0.00000000 0.00000000 0.00000000 1.00000000 
1700000028.31066 0.186116 0.134890 -0.970666 0.070523 0.052392 0.064693 0.022359 0.034086 -0.034370 -0.004927 0.001964 -0.001271 0.000665 0.021020 -0.006862 0.017441 0.0000000 1 418.629359 418.629359 505.740581 286.574774 -0.020453 -0.024926 0.019510 -0.005656 -0.660094 0.642445 -0.268559 0.281810 -0.062419 0.031365 0.062150 0 1.00000000 0.00000000 0.00000000 1.00000000 0.00000000 1.00000000 1.00000000 0.00000000 0.00000000 1.00000000 0.00000000 1.00000000 0.00000000 0.00000000 0.00000000 0.00000000 0.00000000 0.00000000 0.00000000 0.00000000 0.00000000 0.00000000 0.00000000 0.00000000 1.00000000 0.00000000 0.00000000 0.00000000 1.00000000 
1700000028.34456 0.186454 0.136287 -0.969970 0.076284 0.053663 0.063664 0.022303 0.036305 -0.035028 -0.004953 0.002187 -0.001362 0.000721 0.021244 -0.006998 0.017478 0.0000000 1 418.629359 418.629359 505.740581 286.574774 -0.020453 -0.024926 0.019510 -0.005656 -0.660094 0.642445 -0.268559 0.281810 -0.062419 0.031365 0.062150 0 1.00000000 0.00000000 0.00000000 1.00000000 0.00000000 1.00000000 1.00000000 0.00000000 0.00000000 1.00000000 0.00000000 1.00000000 0.00000000 0.00000000 0.00000000 0.00000000 0.00000000 0.00000000 0.00000000 0.00000000 0.00000000 0.00000000 0.00000000 0.00000000 1.00000000 0.00000000 0.00000000 0.00000000 1.00000000 
1700000028.37847 0.186211 0.138341 -0.969373 0.080648 0.054636 0.062655 0.022318 0.030071 -0.031749 -0.002803 0.002312 -0.001449 0.000941 0.021535 -0.006824 0.017548 0.0000000 1 418.629359 418.629359 505.740581 286.574774 -0.020453 -0.024926 0.019510 -0.005656 -0.660094 0.642445 -0.268559 0.281810 -0.062419 0.031365 0.062150 0 1.00000000 0.00000000 0.00000000 1.00000000 0.00000000 1.00000000 1.00000000 0.00000000 0.00000000 1.00000000 0.00000000 1.00000000 0.00000000 0.00000000 0.00000000 0.00000000 0.00000000 0.00000000 0.00000000 0.00000000 0.00000000 0.00000000 0.00000000 0.00000000 1.00000000 0.00000000 0.00000000 0.00000000 1.00000000 
1700000028.41237 0.185513 0.140439 -0.968910 0.084116 0.055518 0.061724 0.022217 0.022038 -0.028685 -0.004895 0.002490 -0.001565 0.001121 0.021787 -0.006899 0.017714 0.0000000 1 418.629359 418.629359 505.740581 286.574774 -0.020453 -0.024926 0.019510 -0.005656 -0.660094 0.642445 -0.268559 0.281810 -0.062419 0.031365 0.062150 0 1.00000000 0.00000000 0.00000000 1.00000000 0.00000000 1.00000000 1.00000000 0.00000000 0.00000000 1.00000000 0.00000000 1.00000000 0.00000000 0.00000000 0.00000000 0.00000000 0.00000000 0.00000000 0.00000000 0.00000000 0.00000000 0.00000000 0.00000000 0.00000000 1.00000000 0.00000000 0.00000000 0.00000000 1.00000000 
1700000028.44628 0.185043 0.142422 -0.968531 0.086159 0.055957 0.060869 0.022013 0.011124 -0.023850 -0.005872 0.002506 -0.001636 0.001387 0.021987 -0.006863 0.017847 0.0000000 1 418.629359 418.629359 505.740581 286.574774 -0.020453 -0.024926 0.019510 -0.005656 -0.660094 0.642445 -0.268559 0.281810 -0.062419 0.031365 0.062150 0 1.00000000 0.00000000 0.00000000 1.00000000 0.00000000 1.00000000 1.00000000 0.00000000 0.00000000 1.00000000 0.00000000 1.00000000 0.00000000 0.00000000 0.00000000 0.00000000 0.00000000 0.00000000 0.00000000 0.00000000 0.00000000 0.00000000 0.00000000 0.00000000 1.00000000 0.00000000 0.00000000 0.00000000 1.00000000 
1700000028.48018 0.184431 0.143267 -0.968360 0.087966 0.056408 0.060110 0.021925 0.010038 -0.020959 -0.001639 0.002493 -0.001729 0.001413 0.022020 -0.007120 0.017816 0.0000000 1 418.629359 418.629359 505.740581 286.574774 -0.020453 -0.024926 0.019510 -0.005656 -0.660094 0.642445 -0.268559 0.281810 -0.062419 0.031365 0.062150 0 1.00000000 0.00000000 0.00000000 1.00000000 0.00000000 1.00000000 1.00000000 0.00000000 0.00000000 1.00000000 0.00000000 1.00000000 0.00000000 0.00000000 0.00000000 0.00000000 0.00000000 0.00000000 0.00000000 0.00000000 0.00000000 0.00000000 0.00000000 0.00000000 1.00000000 0.00000000 0.00000000 0.00000000 1.00000000 
1700000028.51409 0.184428 0.144299 -0.968039 0.089798 0.056726 0.059621 0.021912 0.006024 -0.016749 -0.002955 0.002509 -0.001837 0.001485 0.022316 -0.007336 0.017905 0.0000000 1 418.629359 418.629359 505.740581 286.574774 -0.020453 -0.024926 0.019510 -0.005656 -0.660094 0.642445 -0.268559 0.281810 -0.062419 0.031365 0.062150 0 1.00000000 0.00000000 0.00000000 1.00000000 0.00000000 1.00000000 1.00000000 0.00000000 0.00000000 1.00000000 0.00000000 1.00000000 0.00000000 0.00000000 0.00000000 0.00000000 0.00000000 0.00000000 0.00000000 0.00000000 0.00000000 0.00000000 0.00000000 0.00000000 1.00000000 0.00000000 0.00000000 0.00000000 1.00000000 
1700000028.54799 0.183902 0.145301 -0.967897 0.090792 0.056881 0.059120 0.021880 0.001344 -0.014661 -0.000436 0.002484 -0.001881 0.001576 0.022439 -0.007480 0.017907 0.0000000 1 418.629359 418.629359 505.740581 286.574774 -0.020453 -0.024926 0.019510 -0.005656 -0.660094 0.642445 -0.268559 0.281810 -0.062419 0.031365 0.062150 0 1.00000000 0.00000000 0.00000000 1.00000000 0.00000000 1.00000000 1.00000000 0.00000000 0.00000000 1.00000000 0.00000000 1.00000000 0.00000000 0.00000000 0.00000000 0.00000000 0.00000000 0.00000000 0.00000000 0.00000000 0.00000000 0.00000000 0.00000000 0.00000000 1.00000000 0.00000000 0.00000000 0.00000000 1.00000000 
1700000028.58190 0.183528 0.146002 -0.967761 0.091872 0.056959 0.058584 0.021870 -0.001365 -0.015250 0.002528 0.002512 -0.001892 0.001650 0.022466 -0.007690 0.017918 0.0000000 1 418.629359 418.629359 505.740581 286.574774 -0.020453 -0.024926 0.019510 -0.005656 -0.660094 0.642445 -0.268559 0.281810 -0.062419 0.031365 0.062150 0 1.00000000 0.00000000 0.00000000 1.00000000 0.00000000 1.00000000 1.00000000 0.00000000 0.00000000 1.00000000 0.00000000 1.00000000 0.00000000 0.00000000 0.00000000 0.00000000 0.00000000 0.00000000 0.00000000 0.00000000 0.00000000 0.00000000 0.00000000 0.00000000 1.00000000 0.00000000 0.00000000 0.00000000 1.00000000 
1700000028.61580 0.183265 0.146608 -0.967678 0.092297 0.056850 0.058289 0.021958 -0.008758 -0.012316 0.002567 0.002492 -0.001921 0.001828 0.022878 -0.007837 0.018098 0.0000000 1 418.629359 418.629359 505.740581 286.574774 -0.020453 -0.024926 0.019510 -0.005656 -0.660094 0.642445 -0.268559 0.281810 -0.062419 0.031365 0.062150 0 1.00000000 0.00000000 0.00000000 1.00000000 0.00000000 1.00000000 1.00000000 0.00000000 0.00000000 1.00000000 0.00000000 1.00000000 0.00000000 0.00000000 0.00000000 0.00000000 0.00000000 0.00000000 0.00000000 0.00000000 0.00000000 0.00000000 0.00000000 0.00000000 1.00000000 0.00000000 0.00000000 0.00000000 1.00000000 
1700000028.64971 0.182697 0.146793 -0.967783 0.092034 0.056486 0.057863 0.022054 -0.011636 -0.011824 0.007307 0.002351 -0.001887 0.001910 0.022884 -0.007918 0.018116 0.0000000 1 418.629359 418.629359 505.740581 286.574774 -0.020453 -0.024926 0.019510 -0.005656 -0.660094 0.642445 -0.268559 0.281810 -0.062419 0.031365 0.062150 0 1.00000000 0.00000000 0.00000000 1.00000000 0.00000000 1.00000000 1.00000000 0.00000000 0.00000000 1.00000000 0.00000000 1.00000000 0.00000000 0.00000000 0.00000000 0.00000000 0.00000000 0.00000000 0.00000000 0.00000000 0.00000000 0.00000000 0.00000000 0.00000000 1.00000000 0.00000000 0.00000000 0.00000000 1.00000000 
1700000028.68361 0.182230 0.146360 -0.967943 0.091965 0.056142 0.057562 0.022263 -0.014271 -0.011886 0.008199 0.002239 -0.001849 0.001966 0.023023 -0.008164 0.018188 0.0000000 1 418.629359 418.629359 505.740581 286.574774 -0.020453 -0.024926 0.019510 -0.005656 -0.660094 0.642445 -0.268559 0.281810 -0.062419 0.031365 0.062150 0 1.00000000 0.00000000 0.00000000 1.00000000 0.00000000 1.00000000 1.00000000 0.00000000 0.00000000 1.00000000 0.00000000 1.00000000 0.00000000 0.00000000 0.00000000 0.00000000 0.00000000 0.00000000 0.00000000 0.00000000 0.00000000 0.00000000 0.00000000 0.00000000 1.00000000 0.00000000 0.00000000 0.00000000 1.00000000 
1700000028.71752 0.181980 0.146093 -0.968108 0.091145 0.055538 0.057460 0.022477 -0.020926 -0.007634 0.005280 0.002139 -0.001815 0.002062 0.023393 -0.008264 0.018343 0.0000000 1 418.629359 418.629359 505.740581 286.574774 -0.020453 -0.024926 0.019510 -0.005656 -0.660094 0.642445 -0.268559 0.281810 -0.062419 0.031365 0.062150 0 1.00000000 0.00000000 0.00000000 1.00000000 0.00000000 1.00000000 1.00000000 0.00000000 0.00000000 1.00000000 0.00000000 1.00000000 0.00000000 0.00000000 0.00000000 0.00000000 0.00000000 0.00000000 0.00000000 0.00000000 0.00000000 0.00000000 0.00000000 0.00000000 1.00000000 0.00000000 0.00000000 0.00000000 1.00000000 
1700000028.75142 0.181630 0.145703 -0.968390 0.089454 0.054841 0.057321 0.022569 -0.023658 -0.004701 0.004550 0.001992 -0.001775 0.002183 0.023526 -0.008464 0.018378 0.0000000 1 418.629359 418.629359 505.740581 286.574774 -0.020453 -0.024926 0.019510 -0.005656 -0.660094 0.642445 -0.268559 0.281810 -0.062419 0.031365 0.062150 0 1.00000000 0.00000000 0.00000000 1.00000000 0.00000000 1.00000000 1.00000000 0.00000000 0.00000000 1.00000000 0.00000000 1.00000000 0.00000000 0.00000000 0.00000000 0.00000000 0.00000000 0.00000000 0.00000000 0.00000000 0.00000000 0.00000000 0.00000000 0.00000000 1.00000000 0.00000000 0.00000000 0.00000000 1.00000000 
1700000028.78533 0.181639 0.144518 -0.968744 0.087502 0.054080 0.057303 0.022697 -0.025801 -0.002653 0.005343 0.001763 -0.001739 0.002262 0.023648 -0.008669 0.018400 0.0000000 1 418.629359 418.629359 505.740581 286.574774 -0.020453 -0.024926 0.019510 -0.005656 -0.660094 0.642445 -0.268559 0.281810 -0.062419 0.031365 0.062150 0 1.00000000 0.00000000 0.00000000 1.00000000 0.00000000 1.00000000 1.00000000 0.00000000 0.00000000 1.00000000 0.00000000 1.00000000 0.00000000 0.00000000 0.00000000 0.00000000 0.00000000 0.00000000 0.00000000 0.00000000 0.00000000 0.00000000 0.00000000 0.00000000 1.00000000 0.00000000 0.00000000 0.00000000 1.00000000 
1700000028.81923 0.181934 0.143060 -0.969131 0.084960 0.053163 0.057479 0.022861 -0.028871 0.001548 0.003179 0.001614 -0.001692 0.002326 0.023898 -0.008759 0.018457 0.0000000 1 418.629359 418.629359 505.740581 286.574774 -0.020453 -0.024926 0.019510 -0.005656 -0.660094 0.642445 -0.268559 0.281810 -0.062419 0.031365 0.062150 0 1.00000000 0.00000000 0.00000000 1.00000000 0.00000000 1.00000000 1.00000000 0.00000000 0.00000000 1.00000000 0.00000000 1.00000000 0.00000000 0.00000000 0.00000000 0.00000000 0.00000000 0.00000000 0.00000000 0.00000000 0.00000000 0.00000000 0.00000000 0.00000000 1.00000000 0.00000000 0.00000000 0.00000000 1.00000000 
1700000028.85314 0.182015 0.142105 -0.969509 0.082035 0.052133 0.057824 0.022981 -0.030510 0.006715 0.002159 0.001547 -0.001607 0.002366 0.024138 -0.008737 0.018482 0.0000000 1 418.629359 418.629359 505.740581 286.574774 -0.020453 -0.024926 0.019510 -0.005656 -0.660094 0.642445 -0.268559 0.281810 -0.062419 0.031365 0.062150 0 1.00000000 0.00000000 0.00000000 1.00000000 0.00000000 1.00000000 1.00000000 0.00000000 0.00000000 1.00000000 0.00000000 1.00000000 0.00000000 0.00000000 0.00000000 0.00000000 0.00000000 0.00000000 0.00000000 0.00000000 0.00000000 0.00000000 0.00000000 0.00000000 1.00000000 0.00000000 0.00000000 0.00000000 1.00000000 
1700000028.88704 0.181492 0.141321 -0.970049 0.078060 0.050948 0.058242 0.023193 -0.034830 0.011137 0.008314 0.001384 -0.001535 0.002504 0.024297 -0.008603 0.018472 0.0000000 1 418.629359 418.629359 505.740581 286.574774 -0.020453 -0.024926 0.019510 -0.005656 -0.660094 0.642445 -0.268559 0.281810 -0.062419 0.031365 0.062150 0 1.00000000 0.00000000 0.00000000 1.00000000 0.00000000 1.00000000 1.00000000 0.00000000 0.00000000 1.00000000 0.00000000 1.00000000 0.00000000 0.00000000 0.00000000 0.00000000 0.00000000 0.00000000 0.00000000 0.00000000 0.00000000 0.00000000 0.00000000 0.00000000 1.00000000 0.00000000 0.00000000 0.00000000 1.00000000 
1700000028.92095 0.180802 0.139689 -0.970758 0.073663 0.049781 0.058608 0.023463 -0.035245 0.012839 0.012769 0.001109 -0.001517 0.002533 0.024163 -0.008706 0.018431 0.0000000 1 418.629359 418.629359 505.740581 286.574774 -0.020453 -0.024926 0.019510 -0.005656 -0.660094 0.642445 -0.268559 0.281810 -0.062419 0.031365 0.062150 0 1.00000000 0.00000000 0.00000000 1.00000000 0.00000000 1.00000000 1.00000000 0.00000000 0.00000000 1.00000000 0.00000000 1.00000000 0.00000000 0.00000000 0.00000000 0.00000000 0.00000000 0.00000000 0.00000000 0.00000000 0.00000000 0.00000000 0.00000000 0.00000000 1.00000000 0.00000000 0.00000000 0.00000000 1.00000000 
1700000028.95485 0.181022 0.137547 -0.971293 0.070007 0.048668 0.059218 0.023712 -0.034416 0.015542 0.009446 0.000949 -0.001519 0.002433 0.024172 -0.008933 0.018507 0.0000000 1 418.629359 418.629359 505.740581 286.574774 -0.020453 -0.024926 0.019510 -0.005656 -0.660094 0.642445 -0.268559 0.281810 -0.062419 0.031365 0.062150 0 1.00000000 0.00000000 0.00000000 1.00000000 0.00000000 1.00000000 1.00000000 0.00000000 0.00000000 1.00000000 0.00000000 1.00000000 0.00000000 0.00000000 0.00000000 0.00000000 0.00000000 0.00000000 0.00000000 0.00000000 0.00000000 0.00000000 0.00000000 0.00000000 1.00000000 0.00000000 0.00000000 0.00000000 1.00000000 
1700000028.98876 0.181295 0.135503 -0.971815 0.065921 0.047406 0.060002 0.023984 -0.036511 0.019463 0.007350 0.000793 -0.001473 0.002401 0.024277 -0.008884 0.018542 0.0000000 1 418.629359 418.629359 505.740581 286.574774 -0.020453 -0.024926 0.019510 -0.005656 -0.660094 0.642445 -0.268559 0.281810 -0.062419 0.031365 0.062150 0 1.00000000 0.00000000 0.00000000 1.00000000 0.00000000 1.00000000 1.00000000 0.00000000 0.00000000 1.00000000 0.00000000 1.00000000 0.00000000 0.00000000 0.00000000 0.00000000 0.00000000 0.00000000 0.00000000 0.00000000 0.00000000 0.00000000 0.00000000 0.00000000 1.00000000 0.00000000 0.00000000 0.00000000 1.00000000 
1700000029.02266 0.180760 0.134058 -0.972418 0.061291 0.046115 0.061251 0.024275 -0.037531 0.026819 0.005352 0.000797 -0.001249 0.002176 0.024591 -0.008806 0.018568 0.0000000 1 418.629359 418.629359 505.740581 286.574774 -0.020453 -0.024926 0.019510 -0.005656 -0.660094 0.642445 -0.268559 0.281810 -0.062419 0.031365 0.062150 0 1.00000000 0.00000000 0.00000000 1.00000000 0.00000000 1.00000000 1.00000000 0.00000000 0.00000000 1.00000000 0.00000000 1.00000000 0.00000000 0.00000000 0.00000000 0.00000000 0.00000000 0.00000000 0.00000000 0.00000000 0.00000000 0.00000000 0.00000000 0.00000000 1.00000000 0.00000000 0.00000000 0.00000000 1.00000000 
1700000029.05657 0.179596 0.133669 -0.973007 0.055985 0.044752 0.062708 0.024506 -0.037602 0.032665 0.005805 0.000778 -0.000972 0.001848 0.024807 -0.008671 0.018555 0.0000000 1 418.629359 418.629359 505.740581 286.574774 -0.020453 -0.024926 0.019510 -0.005656 -0.660094 0.642445 -0.268559 0.281810 -0.062419 0.031365 0.062150 0 1.00000000 0.00000000 0.00000000 1.00000000 0.00000000 1.00000000 1.00000000 0.00000000 0.00000000 1.00000000 0.00000000 1.00000000 0.00000000 0.00000000 0.00000000 0.00000000 0.00000000 0.00000000 0.00000000 0.00000000 0.00000000 0.00000000 0.00000000 0.00000000 1.00000000 0.00000000 0.00000000 0.00000000 1.00000000 
1700000029.09047 0.178134 0.133496 -0.973596 0.050577 0.043441 0.063914 0.024453 -0.036977 0.031410 0.003732 0.000672 -0.000776 0.001524 0.024697 -0.008734 0.018613 0.0000000 1 418.629359 418.629359 505.740581 286.574774 -0.020453 -0.024926 0.019510 -0.005656 -0.660094 0.642445 -0.268559 0.281810 -0.062419 0.031365 0.062150 0 1.00000000 0.00000000 0.00000000 1.00000000 0.00000000 1.00000000 1.00000000 0.00000000 0.00000000 1.00000000 0.00000000 1.00000000 0.00000000 0.00000000 0.00000000 0.00000000 0.00000000 0.00000000 0.00000000 0.00000000 0.00000000 0.00000000 0.00000000 0.00000000 1.00000000 0.00000000 0.00000000 0.00000000 1.00000000 
1700000029.12438 0.177358 0.132863 -0.974077 0.045442 0.042199 0.065119 0.024335 -0.037047 0.030612 -0.000149 0.000492 -0.000571 0.001238 0.024606 -0.008836 0.018671 0.0000000 1 418.629359 418.629359 505.740581 286.574774 -0.020453 -0.024926 0.019510 -0.005656 -0.660094 0.642445 -0.268559 0.281810 -0.062419 0.031365 0.062150 0 1.00000000 0.00000000 0.00000000 1.00000000 0.00000000 1.00000000 1.00000000 0.00000000 0.00000000 1.00000000 0.00000000 1.00000000 0.00000000 0.00000000 0.00000000 0.00000000 0.00000000 0.00000000 0.00000000 0.00000000 0.00000000 0.00000000 0.00000000 0.00000000 1.00000000 0.00000000 0.00000000 0.00000000 1.00000000 
1700000029.15828 0.176871 0.131774 -0.974547 0.040124 0.040942 0.066440 0.024263 -0.036821 0.032886 -0.001343 0.000291 -0.000408 0.000987 0.024633 -0.008861 0.018679 0.0000000 1 418.629359 418.629359 505.740581 286.574774 -0.020453 -0.024926 0.019510 -0.005656 -0.660094 0.642445 -0.268559 0.281810 -0.062419 0.031365 0.062150 0 1.00000000 0.00000000 0.00000000 1.00000000 0.00000000 1.00000000 1.00000000 0.00000000 0.00000000 1.00000000 0.00000000 1.00000000 0.00000000 0.00000000 0.00000000 0.00000000 0.00000000 0.00000000 0.00000000 0.00000000 0.00000000 0.00000000 0.00000000 0.00000000 1.00000000 0.00000000 0.00000000 0.00000000 1.00000000 
1700000029.19219 0.176542 0.130482 -0.974991 0.034650 0.039803 0.067561 0.024212 -0.033777 0.031773 -0.000073 0.000079 -0.000282 0.000877 0.024557 -0.008919 0.018597 0.0000000 1 418.629359 418.629359 505.740581 286.574774 -0.020453 -0.024926 0.019510 -0.005656 -0.660094 0.642445 -0.268559 0.281810 -0.062419 0.031365 0.062150 0 1.00000000 0.00000000 0.00000000 1.00000000 0.00000000 1.00000000 1.00000000 0.00000000 0.00000000 1.00000000 0.00000000 1.00000000 0.00000000 0.00000000 0.00000000 0.00000000 0.00000000 0.00000000 0.00000000 0.00000000 0.00000000 0.00000000 0.00000000 0.00000000 1.00000000 0.00000000 0.00000000 0.00000000 1.00000000 
1700000029.22609 0.176683 0.128646 -0.975380 0.029436 0.038695 0.068778 0.024198 -0.032514 0.032024 0.000727 -0.000157 -0.000237 0.000756 0.024557 -0.008958 0.018606 0.0000000 1 418.629359 418.629359 505.740581 286.574774 -0.020453 -0.024926 0.019510 -0.005656 -0.660094 0.642445 -0.268559 0.281810 -0.062419 0.031365 0.062150 0 1.00000000 0.00000000 0.00000000 1.00000000 0.00000000 1.00000000 1.00000000 0.00000000 0.00000000 1.00000000 0.00000000 1.00000000 0.00000000 0.00000000 0.00000000 0.00000000 0.00000000 0.00000000 0.00000000 0.00000000 0.00000000 0.00000000 0.00000000 0.00000000 1.00000000 0.00000000 0.00000000 0.00000000 1.00000000 
1700000029.25999 0.177001 0.126559 -0.975747 0.023892 0.037512 0.070014 0.024262 -0.033077 0.032741 0.001226 -0.000397 -0.000209 0.000664 0.024561 -0.008917 0.018582 0.0000000 1 418.629359 418.629359 505.740581 286.574774 -0.020453 -0.024926 0.019510 -0.005656 -0.660094 0.642445 -0.268559 0.281810 -0.062419 0.031365 0.062150 0 1.00000000 0.00000000 0.00000000 1.00000000 0.00000000 1.00000000 1.00000000 0.00000000 0.00000000 1.00000000 0.00000000 1.00000000 0.00000000 0.00000000 0.00000000 0.00000000 0.00000000 0.00000000 0.00000000 0.00000000 0.00000000 0.00000000 0.00000000 0.00000000 1.00000000 0.00000000 0.00000000 0.00000000 1.00000000 
1700000029.29390 0.177365 0.124551 -0.976065 0.018073 0.036396 0.071418 0.024270 -0.033154 0.036168 -0.002892 -0.000582 -0.000243 0.000600 0.024649 -0.008913 0.018616 0.0000000 1 418.629359 418.629359 505.740581 286.574774 -0.020453 -0.024926 0.019510 -0.005656 -0.660094 0.642445 -0.268559 0.281810 -0.062419 0.031365 0.062150 0 1.00000000 0.00000000 0.00000000 1.00000000 0.00000000 1.00000000 1.00000000 0.00000000 0.00000000 1.00000000 0.00000000 1.00000000 0.00000000 0.00000000 0.00000000 0.00000000 0.00000000 0.00000000 0.00000000 0.00000000 0.00000000 0.00000000 0.00000000 0.00000000 1.00000000 0.00000000 0.00000000 0.00000000 1.00000000 
1700000029.32781 0.177780 0.122864 -0.976304 0.011382 0.035135 0.072873 0.024158 -0.036218 0.039472 -0.004936 -0.000766 -0.000234 0.000536 0.024678 -0.008859 0.018587 0.0000000 1 418.629359 418.629359 505.740581 286.574774 -0.020453 -0.024926 0.019510 -0.005656 -0.660094 0.642445 -0.268559 0.281810 -0.062419 0.031365 0.062150 0 1.00000000 0.00000000 0.00000000 1.00000000 0.00000000 1.00000000 1.00000000 0.00000000 0.00000000 1.00000000 0.00000000 1.00000000 0.00000000 0.00000000 0.00000000 0.00000000 0.00000000 0.00000000 0.00000000 0.00000000 0.00000000 0.00000000 0.00000000 0.00000000 1.00000000 0.00000000 0.00000000 0.00000000 1.00000000 
1700000029.36171 0.178347 0.120951 -0.976494 0.004744 0.034033 0.074115 0.023946 -0.032587 0.036927 -0.006104 -0.000863 -0.000216 0.000435 0.024629 -0.008901 0.018562 0.0000000 1 418.629359 418.629359 505.740581 286.574774 -0.020453 -0.024926 0.019510 -0.005656 -0.660094 0.642445 -0.268559 0.281810 -0.062419 0.031365 0.062150 0 1.00000000 0.00000000 0.00000000 1.00000000 0.00000000 1.00000000 1.00000000 0.00000000 0.00000000 1.00000000 0.00000000 1.00000000 0.00000000 0.00000000 0.00000000 0.00000000 0.00000000 0.00000000 0.00000000 0.00000000 0.00000000 0.00000000 0.00000000 0.00000000 1.00000000 0.00000000 0.00000000 0.00000000 1.00000000 
1700000029.39562 -0.179570 -0.119162 0.976501 0.001059 0.033085 0.075441 0.023732 -0.030274 0.036565 -0.007815 -0.000907 -0.000319 0.000347 0.024649 -0.008937 0.018572 0.0000000 1 418.629359 418.629359 505.740581 286.574774 -0.020453 -0.024926 0.019510 -0.005656 -0.660094 0.642445 -0.268559 0.281810 -0.062419 0.031365 0.062150 0 1.00000000 0.00000000 0.00000000 1.00000000 0.00000000 1.00000000 1.00000000 0.00000000 0.00000000 1.00000000 0.00000000 1.00000000 0.00000000 0.00000000 0.00000000 0.00000000 0.00000000 0.00000000 0.00000000 0.00000000 0.00000000 0.00000000 0.00000000 0.00000000 1.00000000 0.00000000 0.00000000 0.00000000 1.00000000 
1700000029.42952 -0.180850 -0.117454 0.976444 0.007362 0.031958 0.076811 0.023629 -0.031427 0.037270 -0.003161 -0.001046 -0.000349 0.000313 0.024649 -0.008878 0.018490 0.0000000 1 418.629359 418.629359 505.740581 286.574774 -0.020453 -0.024926 0.019510 -0.005656 -0.660094 0.642445 -0.268559 0.281810 -0.062419 0.031365 0.062150 0 1.00000000 0.00000000 0.00000000 1.00000000 0.00000000 1.00000000 1.00000000 0.00000000 0.00000000 1.00000000 0.00000000 1.00000000 0.00000000 0.00000000 0.00000000 0.00000000 0.00000000 0.00000000 0.00000000 0.00000000 0.00000000 0.00000000 0.00000000 0.00000000 1.00000000 0.00000000 0.00000000 0.00000000 1.00000000 
1700000029.46342 -0.181296 -0.115779 0.976500 0.013243 0.030863 0.078201 0.023670 -0.028961 0.036138 0.002579 -0.001105 -0.000287 0.000137 0.024629 -0.008840 0.018427 0.0000000 1 418.629359 418.629359 505.740581 286.574774 -0.020453 -0.024926 0.019510 -0.005656 -0.660094 0.642445 -0.268559 0.281810 -0.062419 0.031365 0.062150 0 1.00000000 0.00000000 0.00000000 1.00000000 0.00000000 1.00000000 1.00000000 0.00000000 0.00000000 1.00000000 0.00000000 1.00000000 0.00000000 0.00000000 0.00000000 0.00000000 0.00000000 0.00000000 0.00000000 0.00000000 0.00000000 0.00000000 0.00000000 0.00000000 1.00000000 0.00000000 0.00000000 0.00000000 1.00000000 
1700000029.49733 -0.181013 -0.114939 0.976553 0.019162 0.029728 0.079788 0.023713 -0.030568 0.038095 0.001774 -0.001152 -0.000204 -0.000012 0.024634 -0.008792 0.018455 0.0000000 1 418.629359 418.629359 505.740581 286.574774 -0.020453 -0.024926 0.019510 -0.005656 -0.660094 0.642445 -0.268559 0.281810 -0.062419 0.031365 0.062150 0 1.00000000 0.00000000 0.00000000 1.00000000 0.00000000 1.00000000 1.00000000 0.00000000 0.00000000 1.00000000 0.00000000 1.00000000 0.00000000 0.00000000 0.00000000 0.00000000 0.00000000 0.00000000 0.00000000 0.00000000 0.00000000 0.00000000 0.00000000 0.00000000 1.00000000 0.00000000 0.00000000 0.00000000 1.00000000 
1700000029.53123 -0.179333 -0.115127 0.976699 0.025369 0.028756 0.081123 0.023802 -0.025090 0.033924 0.003212 -0.001163 0.000001 -0.000184 0.024611 -0.008758 0.018362 0.0000000 1 418.629359 418.629359 505.740581 286.574774 -0.020453 -0.024926 0.019510 -0.005656 -0.660094 0.642445 -0.268559 0.281810 -0.062419 0.031365 0.062150 0 1.00000000 0.00000000 0.00000000 1.00000000 0.00000000 1.00000000 1.00000000 0.00000000 0.00000000 1.00000000 0.00000000 1.00000000 0.00000000 0.00000000 0.00000000 0.00000000 0.00000000 0.00000000 0.00000000 0.00000000 0.00000000 0.00000000 0.00000000 0.00000000 1.00000000 0.00000000 0.00000000 0.00000000 1.00000000 
1700000029.56514 -0.177563 -0.115755 0.976805 0.030418 0.028257 0.082116 0.023732 -0.016042 0.026641 0.001536 -0.001221 0.000066 -0.000294 0.024615 -0.008783 0.018469 0.0000000 1 418.629359 418.629359 505.740581 286.574774 -0.020453 -0.024926 0.019510 -0.005656 -0.660094 0.642445 -0.268559 0.281810 -0.062419 0.031365 0.062150 0 1.00000000 0.00000000 0.00000000 1.00000000 0.00000000 1.00000000 1.00000000 0.00000000 0.00000000 1.00000000 0.00000000 1.00000000 0.00000000 0.00000000 0.00000000 0.00000000 0.00000000 0.00000000 0.00000000 0.00000000 0.00000000 0.00000000 0.00000000 0.00000000 1.00000000 0.00000000 0.00000000 0.00000000 1.00000000 
1700000029.59904 -0.176602 -0.115682 0.976835 0.034959 0.027796 0.082885 0.023722 -0.013967 0.021149 0.003067 -0.001398 0.000104 -0.000312 0.024605 -0.008806 0.018522 0.0000000 1 418.629359 418.629359 505.740581 286.574774 -0.020453 -0.024926 0.019510 -0.005656 -0.660094 0.642445 -0.268559 0.281810 -0.062419 0.031365 0.062150 0 1.00000000 0.00000000 0.00000000 1.00000000 0.00000000 1.00000000 1.00000000 0.00000000 0.00000000 1.00000000 0.00000000 1.00000000 0.00000000 0.00000000 0.00000000 0.00000000 0.00000000 0.00000000 0.00000000 0.00000000 0.00000000 0.00000000 0.00000000 0.00000000 1.00000000 0.00000000 0.00000000 0.00000000 1.00000000 
1700000029.63295 -0.176232 -0.114678 0.976856 0.039297 0.027296 0.083681 0.023705 -0.015653 0.020768 0.001302 -0.001595 0.000122 -0.000298 0.024593 -0.008826 0.018604 0.0000000 1 418.629359 418.629359 505.740581 286.574774 -0.020453 -0.024926 0.019510 -0.005656 -0.660094 0.642445 -0.268559 0.281810 -0.062419 0.031365 0.062150 0 1.00000000 0.00000000 0.00000000 1.00000000 0.00000000 1.00000000 1.00000000 0.00000000 0.00000000 1.00000000 0.00000000 1.00000000 0.00000000 0.00000000 0.00000000 0.00000000 0.00000000 0.00000000 0.00000000 0.00000000 0.00000000 0.00000000 0.00000000 0.00000000 1.00000000 0.00000000 0.00000000 0.00000000 1.00000000 
1700000029.66685 -0.176481 -0.113172 0.976768 0.044384 0.026652 0.084562 0.023652 -0.019377 0.022353 -0.001794 -0.001780 0.000096 -0.000258 0.024550 -0.008829 0.018623 0.0000000 1 418.629359 418.629359 505.740581 286.574774 -0.020453 -0.024926 0.019510 -0.005656 -0.660094 0.642445 -0.268559 0.281810 -0.062419 0.031365 0.062150 0 1.00000000 0.00000000 0.00000000 1.00000000 0.00000000 1.00000000 1.00000000 0.00000000 0.00000000 1.00000000 0.00000000 1.00000000 0.00000000 0.00000000 0.00000000 0.00000000 0.00000000 0.00000000 0.00000000 0.00000000 0.00000000 0.00000000 0.00000000 0.00000000 1.00000000 0.00000000 0.00000000 0.00000000 1.00000000 
1700000029.70076 -0.176987 -0.111421 0.976628 0.049587 0.026034 0.085444 0.023514 -0.019156 0.022788 -0.005279 -0.001933 0.000130 -0.000302 0.024526 -0.008812 0.018626 0.0000000 1 418.629359 418.629359 505.740581 286.574774 -0.020453 -0.024926 0.019510 -0.005656 -0.660094 0.642445 -0.268559 0.281810 -0.062419 0.031365 0.062150 0 1.00000000 0.00000000 0.00000000 1.00000000 0.00000000 1.00000000 1.00000000 0.00000000 0.00000000 1.00000000 0.00000000 1.00000000 0.00000000 0.00000000 0.00000000 0.00000000 0.00000000 0.00000000 0.00000000 0.00000000 0.00000000 0.00000000 0.00000000 0.00000000 1.00000000 0.00000000 0.00000000 0.00000000 1.00000000 
1700000029.73466 -0.178032 -0.109747 0.976309 0.055499 0.025420 0.086368 0.023246 -0.020555 0.025006 -0.011680 -0.002044 0.000005 -0.000164 0.024455 -0.008756 0.018614 0.0000000 1 418.629359 418.629359 505.740581 286.574774 -0.020453 -0.024926 0.019510 -0.005656 -0.660094 0.642445 -0.268559 0.281810 -0.062419 0.031365 0.062150 0 1.00000000 0.00000000 0.00000000 1.00000000 0.00000000 1.00000000 1.00000000 0.00000000 0.00000000 1.00000000 0.00000000 1.00000000 0.00000000 0.00000000 0.00000000 0.00000000 0.00000000 0.00000000 0.00000000 0.00000000 0.00000000 0.00000000 0.00000000 0.00000000 1.00000000 0.00000000 0.00000000 0.00000000 1.00000000 
1700000029.76857 -0.179367 -0.107726 0.975927 0.061554 0.025040 0.087152 0.022831 -0.010834 0.021974 -0.012775 -0.002240 0.000083 -0.000212 0.024491 -0.008669 0.018604 0.0000000 1 418.629359 418.629359 505.740581 286.574774 -0.020453 -0.024926 0.019510 -0.005656 -0.660094 0.642445 -0.268559 0.281810 -0.062419 0.031365 0.062150 0 1.00000000 0.00000000 0.00000000 1.00000000 0.00000000 1.00000000 1.00000000 0.00000000 0.00000000 1.00000000 0.00000000 1.00000000 0.00000000 0.00000000 0.00000000 0.00000000 0.00000000 0.00000000 0.00000000 0.00000000 0.00000000 0.00000000 0.00000000 0.00000000 1.00000000 0.00000000 0.00000000 0.00000000 1.00000000 
1700000029.80247 -0.180795 -0.105644 0.975562 0.066570 0.024808 0.087932 0.022513 -0.005486 0.020120 -0.011270 -0.002336 0.000170 -0.000265 0.024474 -0.008637 0.018498 0.0000000 1 418.629359 418.629359 505.740581 286.574774 -0.020453 -0.024926 0.019510 -0.005656 -0.660094 0.642445 -0.268559 0.281810 -0.062419 0.031365 0.062150 0 1.00000000 0.00000000 0.00000000 1.00000000 0.00000000 1.00000000 1.00000000 0.00000000 0.00000000 1.00000000 0.00000000 1.00000000 0.00000000 0.00000000 0.00000000 0.00000000 0.00000000 0.00000000 0.00000000 0.00000000 0.00000000 0.00000000 0.00000000 0.00000000 1.00000000 0.00000000 0.00000000 0.00000000 1.00000000 
1700000029.83638 -0.182005 -0.103946 0.975145 0.071850 0.024515 0.088740 0.022177 -0.007077 0.020389 -0.012415 -0.002388 0.000232 -0.000252 0.024402 -0.008670 0.018361 0.0000000 1 418.629359 418.629359 505.740581 286.574774 -0.020453 -0.024926 0.019510 -0.005656 -0.660094 0.642445 -0.268559 0.281810 -0.062419 0.031365 0.062150 0 1.00000000 0.00000000 0.00000000 1.00000000 0.00000000 1.00000000 1.00000000 0.00000000 0.00000000 1.00000000 0.00000000 1.00000000 0.00000000 0.00000000 0.00000000 0.00000000 0.00000000 0.00000000 0.00000000 0.00000000 0.00000000 0.00000000 0.00000000 0.00000000 1.00000000 0.00000000 0.00000000 0.00000000 1.00000000 
1700000029.87028 -0.182951 -0.102539 0.974753 0.076620 0.024442 0.089242 0.021822 -0.001384 0.014134 -0.011876 -0.002283 0.000329 -0.000396 0.024496 -0.008624 0.018346 0.0000000 1 418.629359 418.629359 505.740581 286.574774 -0.020453 -0.024926 0.019510 -0.005656 -0.660094 0.642445 -0.268559 0.281810 -0.062419 0.031365 0.062150 0 1.00000000 0.00000000 0.00000000 1.00000000 0.00000000 1.00000000 1.00000000 0.00000000 0.00000000 1.00000000 0.00000000 1.00000000 0.00000000 0.00000000 0.00000000 0.00000000 0.00000000 0.00000000 0.00000000 0.00000000 0.00000000 0.00000000 0.00000000 0.00000000 1.00000000 0.00000000 0.00000000 0.00000000 1.00000000 
1700000029.90419 -0.184260 -0.101743 0.974336 0.079791 0.024520 0.089717 0.021284 0.001333 0.011158 -0.016003 -0.002059 0.000473 -0.000517 0.024502 -0.008604 0.018411 0.0000000 1 418.629359 418.629359 505.740581 286.574774 -0.020453 -0.024926 0.019510 -0.005656 -0.660094 0.642445 -0.268559 0.281810 -0.062419 0.031365 0.062150 0 1.00000000 0.00000000 0.00000000 1.00000000 0.00000000 1.00000000 1.00000000 0.00000000 0.00000000 1.00000000 0.00000000 1.00000000 0.00000000 0.00000000 0.00000000 0.00000000 0.00000000 0.00000000 0.00000000 0.00000000 0.00000000 0.00000000 0.00000000 0.00000000 1.00000000 0.00000000 0.00000000 0.00000000 1.00000000 
1700000029.93809 -0.185487 -0.101439 0.973844 0.083263 0.024354 0.090306 0.020781 -0.005180 0.013939 -0.015579 -0.001990 0.000509 -0.000487 0.024380 -0.008680 0.018290 0.0000000 1 418.629359 418.629359 505.740581 286.574774 -0.020453 -0.024926 0.019510 -0.005656 -0.660094 0.642445 -0.268559 0.281810 -0.062419 0.031365 0.062150 0 1.00000000 0.00000000 0.00000000 1.00000000 0.00000000 1.00000000 1.00000000 0.00000000 0.00000000 1.00000000 0.00000000 1.00000000 0.00000000 0.00000000 0.00000000 0.00000000 0.00000000 0.00000000 0.00000000 0.00000000 0.00000000 0.00000000 0.00000000 0.00000000 1.00000000 0.00000000 0.00000000 0.00000000 1.00000000 
1700000029.97200 -0.186299 -0.101067 0.973444 0.086514 0.024439 0.090395 0.020419 -0.000112 0.005603 -0.009819 -0.001900 0.000551 -0.000583 0.024633 -0.008524 0.018388 0.0000000 1 418.629359 418.629359 505.740581 286.574774 -0.020453 -0.024926 0.019510 -0.005656 -0.660094 0.642445 -0.268559 0.281810 -0.062419 0.031365 0.062150 0 1.00000000 0.00000000 0.00000000 1.00000000 0.00000000 1.00000000 1.00000000 0.00000000 0.00000000 1.00000000 0.00000000 1.00000000 0.00000000 0.00000000 0.00000000 0.00000000 0.00000000 0.00000000 0.00000000 0.00000000 0.00000000 0.00000000 0.00000000 0.00000000 1.00000000 0.00000000 0.00000000 0.00000000 1.00000000 
1700000030.00590 -0.187999 -0.100067 0.973167 0.087120 0.024858 0.090107 0.020084 0.007373 -0.005398 -0.007469 -0.001760 0.000572 -0.000713 0.024913 -0.008288 0.018665 0.0000000 1 418.629359 418.629359 505.740581 286.574774 -0.020453 -0.024926 0.019510 -0.005656 -0.660094 0.642445 -0.268559 0.281810 -0.062419 0.031365 0.062150 0 1.00000000 0.00000000 0.00000000 1.00000000 0.00000000 1.00000000 1.00000000 0.00000000 0.00000000 1.00000000 0.00000000 1.00000000 0.00000000 0.00000000 0.00000000 0.00000000 0.00000000 0.00000000 0.00000000 0.00000000 0.00000000 0.00000000 0.00000000 0.00000000 1.00000000 0.00000000 0.00000000 0.00000000 1.00000000 
1700000030.03981 -0.190561 -0.098704 0.972847 0.086681 0.024945 0.089940 0.019806 0.002653 -0.008213 -0.003891 -0.001714 0.000542 -0.000785 0.024912 -0.008353 0.018756 0.0000000 1 418.629359 418.629359 505.740581 286.574774 -0.020453 -0.024926 0.019510 -0.005656 -0.660094 0.642445 -0.268559 0.281810 -0.062419 0.031365 0.062150 0 1.00000000 0.00000000 0.00000000 1.00000000 0.00000000 1.00000000 1.00000000 0.00000000 0.00000000 1.00000000 0.00000000 1.00000000 0.00000000 0.00000000 0.00000000 0.00000000 0.00000000 0.00000000 0.00000000 0.00000000 0.00000000 0.00000000 0.00000000 0.00000000 1.00000000 0.00000000 0.00000000 0.00000000 1.00000000 
1700000030.07371 -0.192240 -0.097013 0.972691 0.086625 0.024863 0.089794 0.019826 0.000019 -0.007992 0.004593 -0.001780 0.000580 -0.000811 0.024848 -0.008473 0.018683 0.0000000 1 418.629359 418.629359 505.740581 286.574774 -0.020453 -0.024926 0.019510 -0.005656 -0.660094 0.642445 -0.268559 0.281810 -0.062419 0.031365 0.062150 0 1.00000000 0.00000000 0.00000000 1.00000000 0.00000000 1.00000000 1.00000000 0.00000000 0.00000000 1.00000000 0.00000000 1.00000000 0.00000000 0.00000000 0.00000000 0.00000000 0.00000000 0.00000000 0.00000000 0.00000000 0.00000000 0.00000000 0.00000000 0.00000000 1.00000000 0.00000000 0.00000000 0.00000000 1.00000000 
1700000030.10762 -0.192744 -0.095830 0.972770 0.085936 0.024830 0.089666 0.019909 -0.000263 -0.010276 0.005106 -0.001658 0.000723 -0.001020 0.024795 -0.008519 0.018722 0.0000000 1 418.629359 418.629359 505.740581 286.574774 -0.020453 -0.024926 0.019510 -0.005656 -0.660094 0.642445 -0.268559 0.281810 -0.062419 0.031365 0.062150 0 1.00000000 0.00000000 0.00000000 1.00000000 0.00000000 1.00000000 1.00000000 0.00000000 0.00000000 1.00000000 0.00000000 1.00000000 0.00000000 0.00000000 0.00000000 0.00000000 0.00000000 0.00000000 0.00000000 0.00000000 0.00000000 0.00000000 0.00000000 0.00000000 1.00000000 0.00000000 0.00000000 0.00000000 1.00000000 
1700000030.14152 -0.192941 -0.095720 0.972840 0.084812 0.024748 0.089465 0.019832 -0.001134 -0.012298 0.000702 -0.001525 0.000856 -0.001216 0.024723 -0.008588 0.018821 0.0000000 1 418.629359 418.629359 505.740581 286.574774 -0.020453 -0.024926 0.019510 -0.005656 -0.660094 0.642445 -0.268559 0.281810 -0.062419 0.031365 0.062150 0 1.00000000 0.00000000 0.00000000 1.00000000 0.00000000 1.00000000 1.00000000 0.00000000 0.00000000 1.00000000 0.00000000 1.00000000 0.00000000 0.00000000 0.00000000 0.00000000 0.00000000 0.00000000 0.00000000 0.00000000 0.00000000 0.00000000 0.00000000 0.00000000 1.00000000 0.00000000 0.00000000 0.00000000 1.00000000 
1700000030.17543 -0.192605 -0.096006 0.972935 0.084170 0.024678 0.089237 0.019888 0.000173 -0.011697 0.003052 -0.001514 0.000913 -0.001290 0.024616 -0.008620 0.018748 0.0000000 1 418.629359 418.629359 505.740581 286.574774 -0.020453 -0.024926 0.019510 -0.005656 -0.660094 0.642445 -0.268559 0.281810 -0.062419 0.031365 0.062150 0 1.00000000 0.00000000 0.00000000 1.00000000 0.00000000 1.00000000 1.00000000 0.00000000 0.00000000 1.00000000 0.00000000 1.00000000 0.00000000 0.00000000 0.00000000 0.00000000 0.00000000 0.00000000 0.00000000 0.00000000 0.00000000 0.00000000 0.00000000 0.00000000 1.00000000 0.00000000 0.00000000 0.00000000 1.00000000 
1700000030.20933 -0.191636 -0.096430 0.973140 0.083521 0.024806 0.088760 0.020086 0.004320 -0.015182 0.007098 -0.001484 0.000962 -0.001343 0.024663 -0.008578 0.018755 0.0000000 1 418.629359 418.629359 505.740581 286.574774 -0.020453 -0.024926 0.019510 -0.005656 -0.660094 0.642445 -0.268559 0.281810 -0.062419 0.031365 0.062150 0 1.00000000 0.00000000 0.00000000 1.00000000 0.00000000 1.00000000 1.00000000 0.00000000 0.00000000 1.00000000 0.00000000 1.00000000 0.00000000 0.00000000 0.00000000 0.00000000 0.00000000 0.00000000 0.00000000 0.00000000 0.00000000 0.00000000 0.00000000 0.00000000 1.00000000 0.00000000 0.00000000 0.00000000 1.00000000 
1700000030.24324 -0.190711 -0.097046 0.973390 0.081991 0.025139 0.088143 0.020297 0.010133 -0.019067 0.007101 -0.001426 0.001029 -0.001445 0.024729 -0.008500 0.018838 0.0000000 1 418.629359 418.629359 505.740581 286.574774 -0.020453 -0.024926 0.019510 -0.005656 -0.660094 0.642445 -0.268559 0.281810 -0.062419 0.031365 0.062150 0 1.00000000 0.00000000 0.00000000 1.00000000 0.00000000 1.00000000 1.00000000 0.00000000 0.00000000 1.00000000 0.00000000 1.00000000 0.00000000 0.00000000 0.00000000 0.00000000 0.00000000 0.00000000 0.00000000 0.00000000 0.00000000 0.00000000 0.00000000 0.00000000 1.00000000 0.00000000 0.00000000 0.00000000 1.00000000 
1700000030.27714 -0.190181 -0.097689 0.973650 0.079335 0.025572 0.087287 0.020434 0.011965 -0.024894 0.004901 -0.001338 0.001079 -0.001493 0.024831 -0.008482 0.018964 0.0000000 1 418.629359 418.629359 505.740581 286.574774 -0.020453 -0.024926 0.019510 -0.005656 -0.660094 0.642445 -0.268559 0.281810 -0.062419 0.031365 0.062150 0 1.00000000 0.00000000 0.00000000 1.00000000 0.00000000 1.00000000 1.00000000 0.00000000 0.00000000 1.00000000 0.00000000 1.00000000 0.00000000 0.00000000 0.00000000 0.00000000 0.00000000 0.00000000 0.00000000 0.00000000 0.00000000 0.00000000 0.00000000 0.00000000 1.00000000 0.00000000 0.00000000 0.00000000 1.00000000 
1700000030.31105 -0.189922 -0.098177 0.973907 0.076127 0.025999 0.086343 0.020601 0.012186 -0.029681 0.005373 -0.001261 0.001131 -0.001529 0.024856 -0.008462 0.018987 0.0000000 1 418.629359 418.629359 505.740581 286.574774 -0.020453 -0.024926 0.019510 -0.005656 -0.660094 0.642445 -0.268559 0.281810 -0.062419 0.031365 0.062150 0 1.00000000 0.00000000 0.00000000 1.00000000 0.00000000 1.00000000 1.00000000 0.00000000 0.00000000 1.00000000 0.00000000 1.00000000 0.00000000 0.00000000 0.00000000 0.00000000 0.00000000 0.00000000 0.00000000 0.00000000 0.00000000 0.00000000 0.00000000 0.00000000 1.00000000 0.00000000 0.00000000 0.00000000 1.00000000 
1700000030.34495 -0.189448 -0.099088 0.974228 0.071916 0.026557 0.085267 0.020699 0.015977 -0.034121 0.003353 -0.001071 0.001245 -0.001583 0.024852 -0.008419 0.019047 0.0000000 1 418.629359 418.629359 505.740581 286.574774 -0.020453 -0.024926 0.019510 -0.005656 -0.660094 0.642445 -0.268559 0.281810 -0.062419 0.031365 0.062150 0 1.00000000 0.00000000 0.00000000 1.00000000 0.00000000 1.00000000 1.00000000 0.00000000 0.00000000 1.00000000 0.00000000 1.00000000 0.00000000 0.00000000 0.00000000 0.00000000 0.00000000 0.00000000 0.00000000 0.00000000 0.00000000 0.00000000 0.00000000 0.00000000 1.00000000 0.00000000 0.00000000 0.00000000 1.00000000 
1700000030.37886 -0.188760 -0.100999 0.974511 0.067060 0.026965 0.084284 0.020732 0.014212 -0.033784 0.001599 -0.000916 0.001291 -0.001667 0.024754 -0.008494 0.019025 0.0000000 1 418.629359 418.629359 505.740581 286.574774 -0.020453 -0.024926 0.019510 -0.005656 -0.660094 0.642445 -0.268559 0.281810 -0.062419 0.031365 0.062150 0 1.00000000 0.00000000 0.00000000 1.00000000 0.00000000 1.00000000 1.00000000 0.00000000 0.00000000 1.00000000 0.00000000 1.00000000 0.00000000 0.00000000 0.00000000 0.00000000 0.00000000 0.00000000 0.00000000 0.00000000 0.00000000 0.00000000 0.00000000 0.00000000 1.00000000 0.00000000 0.00000000 0.00000000 1.00000000 
1700000030.41276 -0.187436 -0.103149 0.974837 0.062614 0.027259 0.083122 0.020918 0.010300 -0.034813 0.006586 -0.000839 0.001338 -0.001615 0.024706 -0.008590 0.018914 0.0000000 1 418.629359 418.629359 505.740581 286.574774 -0.020453 -0.024926 0.019510 -0.005656 -0.660094 0.642445 -0.268559 0.281810 -0.062419 0.031365 0.062150 0 1.00000000 0.00000000 0.00000000 1.00000000 0.00000000 1.00000000 1.00000000 0.00000000 0.00000000 1.00000000 0.00000000 1.00000000 0.00000000 0.00000000 0.00000000 0.00000000 0.00000000 0.00000000 0.00000000 0.00000000 0.00000000 0.00000000 0.00000000 0.00000000 1.00000000 0.00000000 0.00000000 0.00000000 1.00000000 
1700000030.44667 -0.185932 -0.104848 0.975191 0.058634 0.027536 0.081954 0.021161 0.008866 -0.035241 0.010247 -0.000825 0.001312 -0.001573 0.024668 -0.008628 0.018941 0.0000000 1 418.629359 418.629359 505.740581 286.574774 -0.020453 -0.024926 0.019510 -0.005656 -0.660094 0.642445 -0.268559 0.281810 -0.062419 0.031365 0.062150 0 1.00000000 0.00000000 0.00000000 1.00000000 0.00000000 1.00000000 1.00000000 0.00000000 0.00000000 1.00000000 0.00000000 1.00000000 0.00000000 0.00000000 0.00000000 0.00000000 0.00000000 0.00000000 0.00000000 0.00000000 0.00000000 0.00000000 0.00000000 0.00000000 1.00000000 0.00000000 0.00000000 0.00000000 1.00000000 
1700000030.48057 -0.184529 -0.106387 0.975520 0.054694 0.027803 0.080789 0.021513 0.008921 -0.034625 0.011976 -0.000779 0.001299 -0.001556 0.024618 -0.008658 0.018947 0.0000000 1 418.629359 418.629359 505.740581 286.574774 -0.020453 -0.024926 0.019510 -0.005656 -0.660094 0.642445 -0.268559 0.281810 -0.062419 0.031365 0.062150 0 1.00000000 0.00000000 0.00000000 1.00000000 0.00000000 1.00000000 1.00000000 0.00000000 0.00000000 1.00000000 0.00000000 1.00000000 0.00000000 0.00000000 0.00000000 0.00000000 0.00000000 0.00000000 0.00000000 0.00000000 0.00000000 0.00000000 0.00000000 0.00000000 1.00000000 0.00000000 0.00000000 0.00000000 1.00000000 
1700000030.51448 -0.183205 -0.107463 0.975870 0.050652 0.028442 0.079319 0.021935 0.017813 -0.038221 0.014794 -0.000825 0.001285 -0.001433 0.024689 -0.008599 0.019024 0.0000000 1 418.629359 418.629359 505.740581 286.574774 -0.020453 -0.024926 0.019510 -0.005656 -0.660094 0.642445 -0.268559 0.281810 -0.062419 0.031365 0.062150 0 1.00000000 0.00000000 0.00000000 1.00000000 0.00000000 1.00000000 1.00000000 0.00000000 0.00000000 1.00000000 0.00000000 1.00000000 0.00000000 0.00000000 0.00000000 0.00000000 0.00000000 0.00000000 0.00000000 0.00000000 0.00000000 0.00000000 0.00000000 0.00000000 1.00000000 0.00000000 0.00000000 0.00000000 1.00000000 
1700000030.54838 -0.182510 -0.107592 0.976249 0.045300 0.029193 0.077732 0.022665 0.024016 -0.042967 0.022959 -0.000790 0.001191 -0.001439 0.024733 -0.008606 0.019001 0.0000000 1 418.629359 418.629359 505.740581 286.574774 -0.020453 -0.024926 0.019510 -0.005656 -0.660094 0.642445 -0.268559 0.281810 -0.062419 0.031365 0.062150 0 1.00000000 0.00000000 0.00000000 1.00000000 0.00000000 1.00000000 1.00000000 0.00000000 0.00000000 1.00000000 0.00000000 1.00000000 0.00000000 0.00000000 0.00000000 0.00000000 0.00000000 0.00000000 0.00000000 0.00000000 0.00000000 0.00000000 0.00000000 0.00000000 1.00000000 0.00000000 0.00000000 0.00000000 1.00000000 
1700000030.58229 -0.182070 -0.106181 0.976755 0.039065 0.030150 0.075855 0.023611 0.031840 -0.048842 0.031029 -0.000887 0.001017 -0.001377 0.024818 -0.008656 0.019064 0.0000000 1 418.629359 418.629359 505.740581 286.574774 -0.020453 -0.024926 0.019510 -0.005656 -0.660094 0.642445 -0.268559 0.281810 -0.062419 0.031365 0.062150 0 1.00000000 0.00000000 0.00000000 1.00000000 0.00000000 1.00000000 1.00000000 0.00000000 0.00000000 1.00000000 0.00000000 1.00000000 0.00000000 0.00000000 0.00000000 0.00000000 0.00000000 0.00000000 0.00000000 0.00000000 0.00000000 0.00000000 0.00000000 0.00000000 1.00000000 0.00000000 0.00000000 0.00000000 1.00000000 
1700000030.61619 -0.182216 -0.104159 0.977214 0.031650 0.031380 0.074092 0.024502 0.034836 -0.051614 0.027421 -0.000816 0.000838 -0.001263 0.024823 -0.008684 0.019261 0.0000000 1 418.629359 418.629359 505.740581 286.574774 -0.020453 -0.024926 0.019510 -0.005656 -0.660094 0.642445 -0.268559 0.281810 -0.062419 0.031365 0.062150 0 1.00000000 0.00000000 0.00000000 1.00000000 0.00000000 1.00000000 1.00000000 0.00000000 0.00000000 1.00000000 0.00000000 1.00000000 0.00000000 0.00000000 0.00000000 0.00000000 0.00000000 0.00000000 0.00000000 0.00000000 0.00000000 0.00000000 0.00000000 0.00000000 1.00000000 0.00000000 0.00000000 0.00000000 1.00000000 
1700000030.65010 -0.182980 -0.102934 0.977412 0.024263 0.032284 0.072522 0.025210 0.031367 -0.049318 0.018340 -0.000656 0.000697 -0.001194 0.024750 -0.008748 0.019340 0.0000000 1 418.629359 418.629359 505.740581 286.574774 -0.020453 -0.024926 0.019510 -0.005656 -0.660094 0.642445 -0.268559 0.281810 -0.062419 0.031365 0.062150 0 1.00000000 0.00000000 0.00000000 1.00000000 0.00000000 1.00000000 1.00000000 0.00000000 0.00000000 1.00000000 0.00000000 1.00000000 0.00000000 0.00000000 0.00000000 0.00000000 0.00000000 0.00000000 0.00000000 0.00000000 0.00000000 0.00000000 0.00000000 0.00000000 1.00000000 0.00000000 0.00000000 0.00000000 1.00000000 
1700000030.68400 -0.182341 -0.102716 0.977711 0.016796 0.033204 0.070990 0.025925 0.033483 -0.047994 0.015646 -0.000323 0.000806 -0.001256 0.024677 -0.008769 0.019159 0.0000000 1 418.629359 418.629359 505.740581 286.574774 -0.020453 -0.024926 0.019510 -0.005656 -0.660094 0.642445 -0.268559 0.281810 -0.062419 0.031365 0.062150 0 1.00000000 0.00000000 0.00000000 1.00000000 0.00000000 1.00000000 1.00000000 0.00000000 0.00000000 1.00000000 0.00000000 1.00000000 0.00000000 0.00000000 0.00000000 0.00000000 0.00000000 0.00000000 0.00000000 0.00000000 0.00000000 0.00000000 0.00000000 0.00000000 1.00000000 0.00000000 0.00000000 0.00000000 1.00000000 
1700000030.71791 -0.181009 -0.104198 0.977901 0.009367 0.034357 0.069585 0.026309 0.033901 -0.045364 0.006099 0.000018 0.000840 -0.001172 0.024665 -0.008754 0.019154 0.0000000 1 418.629359 418.629359 505.740581 286.574774 -0.020453 -0.024926 0.019510 -0.005656 -0.660094 0.642445 -0.268559 0.281810 -0.062419 0.031365 0.062150 0 1.00000000 0.00000000 0.00000000 1.00000000 0.00000000 1.00000000 1.00000000 0.00000000 0.00000000 1.00000000 0.00000000 1.00000000 0.00000000 0.00000000 0.00000000 0.00000000 0.00000000 0.00000000 0.00000000 0.00000000 0.00000000 0.00000000 0.00000000 0.00000000 1.00000000 0.00000000 0.00000000 0.00000000 1.00000000 
1700000030.75181 -0.178943 -0.106736 0.978049 0.002749 0.035504 0.068348 0.026345 0.033216 -0.043233 -0.000382 0.000284 0.001125 -0.001198 0.024630 -0.008750 0.019115 0.0000000 1 418.629359 418.629359 505.740581 286.574774 -0.020453 -0.024926 0.019510 -0.005656 -0.660094 0.642445 -0.268559 0.281810 -0.062419 0.031365 0.062150 0 1.00000000 0.00000000 0.00000000 1.00000000 0.00000000 1.00000000 1.00000000 0.00000000 0.00000000 1.00000000 0.00000000 1.00000000 0.00000000 0.00000000 0.00000000 0.00000000 0.00000000 0.00000000 0.00000000 0.00000000 0.00000000 0.00000000 0.00000000 0.00000000 1.00000000 0.00000000 0.00000000 0.00000000 1.00000000 
1700000030.78572 0.177275 0.109479 -0.978045 0.004021 0.036827 0.066785 0.026230 0.038197 -0.046749 -0.003627 0.000499 0.001276 -0.001268 0.024579 -0.008813 0.019095 0.0000000 1 418.629359 418.629359 505.740581 286.574774 -0.020453 -0.024926 0.019510 -0.005656 -0.660094 0.642445 -0.268559 0.281810 -0.062419 0.031365 0.062150 0 1.00000000 0.00000000 0.00000000 1.00000000 0.00000000 1.00000000 1.00000000 0.00000000 0.00000000 1.00000000 0.00000000 1.00000000 0.00000000 0.00000000 0.00000000 0.00000000 0.00000000 0.00000000 0.00000000 0.00000000 0.00000000 0.00000000 0.00000000 0.00000000 1.00000000 0.00000000 0.00000000 0.00000000 1.00000000 
1700000030.81962 0.176638 0.111748 -0.977847 0.011209 0.038445 0.064908 0.026291 0.047625 -0.049487 0.001015 0.000599 0.001247 -0.001104 0.024543 -0.008875 0.018947 0.0000000 1 418.629359 418.629359 505.740581 286.574774 -0.020453 -0.024926 0.019510 -0.005656 -0.660094 0.642445 -0.268559 0.281810 -0.062419 0.031365 0.062150 0 1.00000000 0.00000000 0.00000000 1.00000000 0.00000000 1.00000000 1.00000000 0.00000000 0.00000000 1.00000000 0.00000000 1.00000000 0.00000000 0.00000000 0.00000000 0.00000000 0.00000000 0.00000000 0.00000000 0.00000000 0.00000000 0.00000000 0.00000000 0.00000000 1.00000000 0.00000000 0.00000000 0.00000000 1.00000000 
1700000030.85353 0.176670 0.112775 -0.977586 0.019878 0.040293 0.062862 0.026438 0.055815 -0.054222 0.007161 0.000606 0.001176 -0.001085 0.024449 -0.008967 0.018863 0.0000000 1 418.629359 418.629359 505.740581 286.574774 -0.020453 -0.024926 0.019510 -0.005656 -0.660094 0.642445 -0.268559 0.281810 -0.062419 0.031365 0.062150 0 1.00000000 0.00000000 0.00000000 1.00000000 0.00000000 1.00000000 1.00000000 0.00000000 0.00000000 1.00000000 0.00000000 1.00000000 0.00000000 0.00000000 0.00000000 0.00000000 0.00000000 0.00000000 0.00000000 0.00000000 0.00000000 0.00000000 0.00000000 0.00000000 1.00000000 0.00000000 0.00000000 0.00000000 1.00000000 
1700000030.88743 0.177230 0.113271 -0.977219 0.028310 0.041955 0.061149 0.026785 0.049160 -0.050014 0.007003 0.000645 0.001013 -0.000714 0.024531 -0.008872 0.018919 0.0000000 1 418.629359 418.629359 505.740581 286.574774 -0.020453 -0.024926 0.019510 -0.005656 -0.660094 0.642445 -0.268559 0.281810 -0.062419 0.031365 0.062150 0 1.00000000 0.00000000 0.00000000 1.00000000 0.00000000 1.00000000 1.00000000 0.00000000 0.00000000 1.00000000 0.00000000 1.00000000 0.00000000 0.00000000 0.00000000 0.00000000 0.00000000 0.00000000 0.00000000 0.00000000 0.00000000 0.00000000 0.00000000 0.00000000 1.00000000 0.00000000 0.00000000 0.00000000 1.00000000 
1700000030.92134 0.177074 0.114252 -0.976899 0.035504 0.043365 0.059579 0.027161 0.046115 -0.045461 0.008443 0.000763 0.000913 -0.000479 0.024584 -0.008759 0.018906 0.0000000 1 418.629359 418.629359 505.740581 286.574774 -0.020453 -0.024926 0.019510 -0.005656 -0.660094 0.642445 -0.268559 0.281810 -0.062419 0.031365 0.062150 0 1.00000000 0.00000000 0.00000000 1.00000000 0.00000000 1.00000000 1.00000000 0.00000000 0.00000000 1.00000000 0.00000000 1.00000000 0.00000000 0.00000000 0.00000000 0.00000000 0.00000000 0.00000000 0.00000000 0.00000000 0.00000000 0.00000000 0.00000000 0.00000000 1.00000000 0.00000000 0.00000000 0.00000000 1.00000000 
1700000030.95524 0.175918 0.115806 -0.976654 0.042288 0.044694 0.058202 0.027489 0.040800 -0.041961 0.005925 0.000959 0.000885 -0.000342 0.024656 -0.008647 0.018965 0.0000000 1 418.629359 418.629359 505.740581 286.574774 -0.020453 -0.024926 0.019510 -0.005656 -0.660094 0.642445 -0.268559 0.281810 -0.062419 0.031365 0.062150 0 1.00000000 0.00000000 0.00000000 1.00000000 0.00000000 1.00000000 1.00000000 0.00000000 0.00000000 1.00000000 0.00000000 1.00000000 0.00000000 0.00000000 0.00000000 0.00000000 0.00000000 0.00000000 0.00000000 0.00000000 0.00000000 0.00000000 0.00000000 0.00000000 1.00000000 0.00000000 0.00000000 0.00000000 1.00000000 
1700000030.98915 0.174553 0.117654 -0.976373 0.048837 0.046207 0.056677 0.027643 0.043755 -0.041419 0.004924 0.001090 0.000882 -0.000312 0.024637 -0.008761 0.018933 0.0000000 1 418.629359 418.629359 505.740581 286.574774 -0.020453 -0.024926 0.019510 -0.005656 -0.660094 0.642445 -0.268559 0.281810 -0.062419 0.031365 0.062150 0 1.00000000 0.00000000 0.00000000 1.00000000 0.00000000 1.00000000 1.00000000 0.00000000 0.00000000 1.00000000 0.00000000 1.00000000 0.00000000 0.00000000 0.00000000 0.00000000 0.00000000 0.00000000 0.00000000 0.00000000 0.00000000 0.00000000 0.00000000 0.00000000 1.00000000 0.00000000 0.00000000 0.00000000 1.00000000 
1700000031.02305 0.174102 0.118742 -0.975920 0.056293 0.047755 0.055309 0.027811 0.043704 -0.039631 0.002710 0.001102 0.000672 -0.000366 0.024637 -0.008917 0.018944 0.0000000 1 418.629359 418.629359 505.740581 286.574774 -0.020453 -0.024926 0.019510 -0.005656 -0.660094 0.642445 -0.268559 0.281810 -0.062419 0.031365 0.062150 0 1.00000000 0.00000000 0.00000000 1.00000000 0.00000000 1.00000000 1.00000000 0.00000000 0.00000000 1.00000000 0.00000000 1.00000000 0.00000000 0.00000000 0.00000000 0.00000000 0.00000000 0.00000000 0.00000000 0.00000000 0.00000000 0.00000000 0.00000000 0.00000000 1.00000000 0.00000000 0.00000000 0.00000000 1.00000000 
1700000031.05696 0.174366 0.119383 -0.975369 0.063241 0.049338 0.053871 0.027965 0.042518 -0.037563 0.003608 0.001077 0.000555 -0.000147 0.024651 -0.009050 0.018851 0.0000000 1 418.629359 418.629359 505.740581 286.574774 -0.020453 -0.024926 0.019510 -0.005656 -0.660094 0.642445 -0.268559 0.281810 -0.062419 0.031365 0.062150 0 1.00000000 0.00000000 0.00000000 1.00000000 0.00000000 1.00000000 1.00000000 0.00000000 0.00000000 1.00000000 0.00000000 1.00000000 0.00000000 0.00000000 0.00000000 0.00000000 0.00000000 0.00000000 0.00000000 0.00000000 0.00000000 0.00000000 0.00000000 0.00000000 1.00000000 0.00000000 0.00000000 0.00000000 1.00000000 
1700000031.09086 0.175358 0.118834 -0.974746 0.070704 0.050752 0.052631 0.028169 0.041370 -0.035129 0.003934 0.001074 0.000415 -0.000266 0.024618 -0.009183 0.018811 0.0000000 1 418.629359 418.629359 505.740581 286.574774 -0.020453 -0.024926 0.019510 -0.005656 -0.660094 0.642445 -0.268559 0.281810 -0.062419 0.031365 0.062150 0 1.00000000 0.00000000 0.00000000 1.00000000 0.00000000 1.00000000 1.00000000 0.00000000 0.00000000 1.00000000 0.00000000 1.00000000 0.00000000 0.00000000 0.00000000 0.00000000 0.00000000 0.00000000 0.00000000 0.00000000 0.00000000 0.00000000 0.00000000 0.00000000 1.00000000 0.00000000 0.00000000 0.00000000 1.00000000 
1700000031.12477 0.176759 0.118221 -0.973989 0.078267 0.052159 0.051456 0.028214 0.040204 -0.033021 -0.001489 0.001216 0.000346 -0.000223 0.024690 -0.009215 0.018890 0.0000000 1 418.629359 418.629359 505.740581 286.574774 -0.020453 -0.024926 0.019510 -0.005656 -0.660094 0.642445 -0.268559 0.281810 -0.062419 0.031365 0.062150 0 1.00000000 0.00000000 0.00000000 1.00000000 0.00000000 1.00000000 1.00000000 0.00000000 0.00000000 1.00000000 0.00000000 1.00000000 0.00000000 0.00000000 0.00000000 0.00000000 0.00000000 0.00000000 0.00000000 0.00000000 0.00000000 0.00000000 0.00000000 0.00000000 1.00000000 0.00000000 0.00000000 0.00000000 1.00000000 
1700000031.15867 0.177595 0.118518 -0.973224 0.085133 0.053335 0.050552 0.028129 0.035130 -0.028778 -0.008549 0.001476 0.000338 -0.000091 0.024980 -0.009100 0.019038 0.0000000 1 418.629359 418.629359 505.740581 286.574774 -0.020453 -0.024926 0.019510 -0.005656 -0.660094 0.642445 -0.268559 0.281810 -0.062419 0.031365 0.062150 0 1.00000000 0.00000000 0.00000000 1.00000000 0.00000000 1.00000000 1.00000000 0.00000000 0.00000000 1.00000000 0.00000000 1.00000000 0.00000000 0.00000000 0.00000000 0.00000000 0.00000000 0.00000000 0.00000000 0.00000000 0.00000000 0.00000000 0.00000000 0.00000000 1.00000000 0.00000000 0.00000000 0.00000000 1.00000000 
1700000031.19258 0.177505 0.120262 -0.972492 0.091044 0.054457 0.049716 0.027928 0.032716 -0.025730 -0.011765 0.001849 0.000374 0.000050 0.025271 -0.009017 0.019102 0.0000000 1 418.629359 418.629359 505.740581 286.574774 -0.020453 -0.024926 0.019510 -0.005656 -0.660094 0.642445 -0.268559 0.281810 -0.062419 0.031365 0.062150 0 1.00000000 0.00000000 0.00000000 1.00000000 0.00000000 1.00000000 1.00000000 0.00000000 0.00000000 1.00000000 0.00000000 1.00000000 0.00000000 0.00000000 0.00000000 0.00000000 0.00000000 0.00000000 0.00000000 0.00000000 0.00000000 0.00000000 0.00000000 0.00000000 1.00000000 0.00000000 0.00000000 0.00000000 1.00000000 
1700000031.22648 0.177278 0.122707 -0.971763 0.095873 0.055467 0.048881 0.027629 0.026433 -0.023268 -0.012262 0.002024 0.000322 0.000371 0.025543 -0.008977 0.019172 0.0000000 1 418.629359 418.629359 505.740581 286.574774 -0.020453 -0.024926 0.019510 -0.005656 -0.660094 0.642445 -0.268559 0.281810 -0.062419 0.031365 0.062150 0 1.00000000 0.00000000 0.00000000 1.00000000 0.00000000 1.00000000 1.00000000 0.00000000 0.00000000 1.00000000 0.00000000 1.00000000 0.00000000 0.00000000 0.00000000 0.00000000 0.00000000 0.00000000 0.00000000 0.00000000 0.00000000 0.00000000 0.00000000 0.00000000 1.00000000 0.00000000 0.00000000 0.00000000 1.00000000 
1700000031.26039 0.177165 0.124307 -0.971165 0.099996 0.056546 0.047897 0.027467 0.028436 -0.022755 -0.004582 0.002008 0.000207 0.000579 0.025470 -0.009213 0.018958 0.0000000 1 418.629359 418.629359 505.740581 286.574774 -0.020453 -0.024926 0.019510 -0.005656 -0.660094 0.642445 -0.268559 0.281810 -0.062419 0.031365 0.062150 0 1.00000000 0.00000000 0.00000000 1.00000000 0.00000000 1.00000000 1.00000000 0.00000000 0.00000000 1.00000000 0.00000000 1.00000000 0.00000000 0.00000000 0.00000000 0.00000000 0.00000000 0.00000000 0.00000000 0.00000000 0.00000000 0.00000000 0.00000000 0.00000000 1.00000000 0.00000000 0.00000000 0.00000000 1.00000000 
1700000031.29429 0.177785 0.124663 -0.970504 0.104756 0.057536 0.047125 0.027456 0.026460 -0.021299 -0.001088 0.001971 0.000011 0.000646 0.025502 -0.009381 0.018923 0.0000000 1 418.629359 418.629359 505.740581 286.574774 -0.020453 -0.024926 0.019510 -0.005656 -0.660094 0.642445 -0.268559 0.281810 -0.062419 0.031365 0.062150 0 1.00000000 0.00000000 0.00000000 1.00000000 0.00000000 1.00000000 1.00000000 0.00000000 0.00000000 1.00000000 0.00000000 1.00000000 0.00000000 0.00000000 0.00000000 0.00000000 0.00000000 0.00000000 0.00000000 0.00000000 0.00000000 0.00000000 0.00000000 0.00000000 1.00000000 0.00000000 0.00000000 0.00000000 1.00000000 
1700000031.32820 0.178743 0.124863 -0.969864 0.108740 0.058417 0.046418 0.027356 0.021404 -0.019337 -0.005991 0.002022 -0.000134 0.000958 0.025724 -0.009535 0.019031 0.0000000 1 418.629359 418.629359 505.740581 286.574774 -0.020453 -0.024926 0.019510 -0.005656 -0.660094 0.642445 -0.268559 0.281810 -0.062419 0.031365 0.062150 0 1.00000000 0.00000000 0.00000000 1.00000000 0.00000000 1.00000000 1.00000000 0.00000000 0.00000000 1.00000000 0.00000000 1.00000000 0.00000000 0.00000000 0.00000000 0.00000000 0.00000000 0.00000000 0.00000000 0.00000000 0.00000000 0.00000000 0.00000000 0.00000000 1.00000000 0.00000000 0.00000000 0.00000000 1.00000000 
1700000031.36210 0.179459 0.125373 -0.969316 0.111812 0.059038 0.045824 0.027199 0.014820 -0.016137 -0.007620 0.002118 -0.000246 0.001310 0.025992 -0.009510 0.019128 0.0000000 1 418.629359 418.629359 505.740581 286.574774 -0.020453 -0.024926 0.019510 -0.005656 -0.660094 0.642445 -0.268559 0.281810 -0.062419 0.031365 0.062150 0 1.00000000 0.00000000 0.00000000 1.00000000 0.00000000 1.00000000 1.00000000 0.00000000 0.00000000 1.00000000 0.00000000 1.00000000 0.00000000 0.00000000 0.00000000 0.00000000 0.00000000 0.00000000 0.00000000 0.00000000 0.00000000 0.00000000 0.00000000 0.00000000 1.00000000 0.00000000 0.00000000 0.00000000 1.00000000 
1700000031.39601 0.180134 0.126057 -0.968923 0.113353 0.059298 0.045369 0.026960 0.003160 -0.012646 -0.009872 0.002183 -0.000349 0.001710 0.026346 -0.009445 0.019279 0.0000000 1 418.629359 418.629359 505.740581 286.574774 -0.020453 -0.024926 0.019510 -0.005656 -0.660094 0.642445 -0.268559 0.281810 -0.062419 0.031365 0.062150 0 1.00000000 0.00000000 0.00000000 1.00000000 0.00000000 1.00000000 1.00000000 0.00000000 0.00000000 1.00000000 0.00000000 1.00000000 0.00000000 0.00000000 0.00000000 0.00000000 0.00000000 0.00000000 0.00000000 0.00000000 0.00000000 0.00000000 0.00000000 0.00000000 1.00000000 0.00000000 0.00000000 0.00000000 1.00000000 
1700000031.42991 0.180532 0.126169 -0.968755 0.114030 0.059405 0.044927 0.026830 0.000761 -0.009728 -0.004108 0.002149 -0.000422 0.001974 0.026419 -0.009514 0.019181 0.0000000 1 418.629359 418.629359 505.740581 286.574774 -0.020453 -0.024926 0.019510 -0.005656 -0.660094 0.642445 -0.268559 0.281810 -0.062419 0.031365 0.062150 0 1.00000000 0.00000000 0.00000000 1.00000000 0.00000000 1.00000000 1.00000000 0.00000000 0.00000000 1.00000000 0.00000000 1.00000000 0.00000000 0.00000000 0.00000000 0.00000000 0.00000000 0.00000000 0.00000000 0.00000000 0.00000000 0.00000000 0.00000000 0.00000000 1.00000000 0.00000000 0.00000000 0.00000000 1.00000000 
1700000031.46382 0.181005 0.126168 -0.968592 0.114670 0.059434 0.044696 0.026709 -0.001444 -0.007703 -0.004229 0.002253 -0.000515 0.002163 0.026665 -0.009647 0.019289 0.0000000 1 418.629359 418.629359 505.740581 286.574774 -0.020453 -0.024926 0.019510 -0.005656 -0.660094 0.642445 -0.268559 0.281810 -0.062419 0.031365 0.062150 0 1.00000000 0.00000000 0.00000000 1.00000000 0.00000000 1.00000000 1.00000000 0.00000000 0.00000000 1.00000000 0.00000000 1.00000000 0.00000000 0.00000000 0.00000000 0.00000000 0.00000000 0.00000000 0.00000000 0.00000000 0.00000000 0.00000000 0.00000000 0.00000000 1.00000000 0.00000000 0.00000000 0.00000000 1.00000000 
1700000031.49772 0.181172 0.126265 -0.968519 0.114913 0.059412 0.044422 0.026696 -0.000693 -0.007228 0.001188 0.002243 -0.000571 0.002343 0.026749 -0.009686 0.019267 0.0000000 1 418.629359 418.629359 505.740581 286.574774 -0.020453 -0.024926 0.019510 -0.005656 -0.660094 0.642445 -0.268559 0.281810 -0.062419 0.031365 0.062150 0 1.00000000 0.00000000 0.00000000 1.00000000 0.00000000 1.00000000 1.00000000 0.00000000 0.00000000 1.00000000 0.00000000 1.00000000 0.00000000 0.00000000 0.00000000 0.00000000 0.00000000 0.00000000 0.00000000 0.00000000 0.00000000 0.00000000 0.00000000 0.00000000 1.00000000 0.00000000 0.00000000 0.00000000 1.00000000 
1700000031.53163 0.181273 0.126123 -0.968514 0.114948 0.059316 0.044313 0.026729 -0.005420 -0.006868 0.001494 0.002274 -0.000611 0.002492 0.027018 -0.009736 0.019434 0.0000000 1 418.629359 418.629359 505.740581 286.574774 -0.020453 -0.024926 0.019510 -0.005656 -0.660094 0.642445 -0.268559 0.281810 -0.062419 0.031365 0.062150 0 1.00000000 0.00000000 0.00000000 1.00000000 0.00000000 1.00000000 1.00000000 0.00000000 0.00000000 1.00000000 0.00000000 1.00000000 0.00000000 0.00000000 0.00000000 0.00000000 0.00000000 0.00000000 0.00000000 0.00000000 0.00000000 0.00000000 0.00000000 0.00000000 1.00000000 0.00000000 0.00000000 0.00000000 1.00000000 
1700000031.56553 0.181517 0.126316 -0.968515 0.114345 0.058985 0.044252 0.026724 -0.009113 -0.004700 -0.000963 0.002333 -0.000676 0.002614 0.027335 -0.009710 0.019620 0.0000000 1 418.629359 418.629359 505.740581 286.574774 -0.020453 -0.024926 0.019510 -0.005656 -0.660094 0.642445 -0.268559 0.281810 -0.062419 0.031365 0.062150 0 1.00000000 0.00000000 0.00000000 1.00000000 0.00000000 1.00000000 1.00000000 0.00000000 0.00000000 1.00000000 0.00000000 1.00000000 0.00000000 0.00000000 0.00000000 0.00000000 0.00000000 0.00000000 0.00000000 0.00000000 0.00000000 0.00000000 0.00000000 0.00000000 1.00000000 0.00000000 0.00000000 0.00000000 1.00000000 
1700000031.59944 0.181234 0.126442 -0.968616 0.113800 0.058759 0.044197 0.026733 -0.007144 -0.003839 0.001365 0.002342 -0.000665 0.002701 0.027479 -0.009824 0.019643 0.0000000 1 418.629359 418.629359 505.740581 286.574774 -0.020453 -0.024926 0.019510 -0.005656 -0.660094 0.642445 -0.268559 0.281810 -0.062419 0.031365 0.062150 0 1.00000000 0.00000000 0.00000000 1.00000000 0.00000000 1.00000000 1.00000000 0.00000000 0.00000000 1.00000000 0.00000000 1.00000000 0.00000000 0.00000000 0.00000000 0.00000000 0.00000000 0.00000000 0.00000000 0.00000000 0.00000000 0.00000000 0.00000000 0.00000000 1.00000000 0.00000000 0.00000000 0.00000000 1.00000000 
1700000031.63334 0.181106 0.126550 -0.968718 0.113010 0.058469 0.044181 0.026745 -0.009737 -0.003751 -0.000042 0.002304 -0.000713 0.002866 0.027728 -0.009867 0.019776 0.0000000 1 418.629359 418.629359 505.740581 286.574774 -0.020453 -0.024926 0.019510 -0.005656 -0.660094 0.642445 -0.268559 0.281810 -0.062419 0.031365 0.062150 0 1.00000000 0.00000000 0.00000000 1.00000000 0.00000000 1.00000000 1.00000000 0.00000000 0.00000000 1.00000000 0.00000000 1.00000000 0.00000000 0.00000000 0.00000000 0.00000000 0.00000000 0.00000000 0.00000000 0.00000000 0.00000000 0.00000000 0.00000000 0.00000000 1.00000000 0.00000000 0.00000000 0.00000000 1.00000000 
1700000031.66725 0.180915 0.126682 -0.968918 0.111442 0.058039 0.044255 0.026660 -0.014969 -0.001449 -0.002923 0.002250 -0.000675 0.003079 0.028055 -0.009851 0.019954 0.0000000 1 418.629359 418.629359 505.740581 286.574774 -0.020453 -0.024926 0.019510 -0.005656 -0.660094 0.642445 -0.268559 0.281810 -0.062419 0.031365 0.062150 0 1.00000000 0.00000000 0.00000000 1.00000000 0.00000000 1.00000000 1.00000000 0.00000000 0.00000000 1.00000000 0.00000000 1.00000000 0.00000000 0.00000000 0.00000000 0.00000000 0.00000000 0.00000000 0.00000000 0.00000000 0.00000000 0.00000000 0.00000000 0.00000000 1.00000000 0.00000000 0.00000000 0.00000000 1.00000000 
1700000031.70115 0.180918 0.127088 -0.969163 0.108815 0.057323 0.044382 0.026365 -0.024068 0.002415 -0.008305 0.002245 -0.000613 0.003416 0.028355 -0.009735 0.020196 0.0000000 1 418.629359 418.629359 505.740581 286.574774 -0.020453 -0.024926 0.019510 -0.005656 -0.660094 0.642445 -0.268559 0.281810 -0.062419 0.031365 0.062150 0 1.00000000 0.00000000 0.00000000 1.00000000 0.00000000 1.00000000 1.00000000 0.00000000 0.00000000 1.00000000 0.00000000 1.00000000 0.00000000 0.00000000 0.00000000 0.00000000 0.00000000 0.00000000 0.00000000 0.00000000 0.00000000 0.00000000 0.00000000 0.00000000 1.00000000 0.00000000 0.00000000 0.00000000 1.00000000 
1700000031.73506 0.181043 0.127355 -0.969585 0.104444 0.056319 0.044430 0.026000 -0.035242 0.006406 -0.007086 0.002119 -0.000538 0.003918 0.028414 -0.009628 0.020256 0.0000000 1 418.629359 418.629359 505.740581 286.574774 -0.020453 -0.024926 0.019510 -0.005656 -0.660094 0.642445 -0.268559 0.281810 -0.062419 0.031365 0.062150 0 1.00000000 0.00000000 0.00000000 1.00000000 0.00000000 1.00000000 1.00000000 0.00000000 0.00000000 1.00000000 0.00000000 1.00000000 0.00000000 0.00000000 0.00000000 0.00000000 0.00000000 0.00000000 0.00000000 0.00000000 0.00000000 0.00000000 0.00000000 0.00000000 1.00000000 0.00000000 0.00000000 0.00000000 1.00000000 
1700000031.76896 0.181402 0.126115 -0.970260 0.098917 0.055147 0.044681 0.025911 -0.039557 0.013173 0.001458 0.001828 -0.000528 0.004343 0.028425 -0.009746 0.020147 0.0000000 1 418.629359 418.629359 505.740581 286.574774 -0.020453 -0.024926 0.019510 -0.005656 -0.660094 0.642445 -0.268559 0.281810 -0.062419 0.031365 0.062150 0 1.00000000 0.00000000 0.00000000 1.00000000 0.00000000 1.00000000 1.00000000 0.00000000 0.00000000 1.00000000 0.00000000 1.00000000 0.00000000 0.00000000 0.00000000 0.00000000 0.00000000 0.00000000 0.00000000 0.00000000 0.00000000 0.00000000 0.00000000 0.00000000 1.00000000 0.00000000 0.00000000 0.00000000 1.00000000 
1700000031.80287 0.181914 0.123828 -0.970961 0.093857 0.053972 0.045234 0.025995 -0.037401 0.017723 0.005669 0.001688 -0.000445 0.004498 0.028393 -0.009961 0.020062 0.0000000 1 418.629359 418.629359 505.740581 286.574774 -0.020453 -0.024926 0.019510 -0.005656 -0.660094 0.642445 -0.268559 0.281810 -0.062419 0.031365 0.062150 0 1.00000000 0.00000000 0.00000000 1.00000000 0.00000000 1.00000000 1.00000000 0.00000000 0.00000000 1.00000000 0.00000000 1.00000000 0.00000000 0.00000000 0.00000000 0.00000000 0.00000000 0.00000000 0.00000000 0.00000000 0.00000000 0.00000000 0.00000000 0.00000000 1.00000000 0.00000000 0.00000000 0.00000000 1.00000000 
1700000031.83677 0.182431 0.121870 -0.971605 0.088608 0.052688 0.046060 0.026088 -0.037929 0.021251 0.002683 0.001675 -0.000351 0.004672 0.028567 -0.009994 0.020141 0.0000000 1 418.629359 418.629359 505.740581 286.574774 -0.020453 -0.024926 0.019510 -0.005656 -0.660094 0.642445 -0.268559 0.281810 -0.062419 0.031365 0.062150 0 1.00000000 0.00000000 0.00000000 1.00000000 0.00000000 1.00000000 1.00000000 0.00000000 0.00000000 1.00000000 0.00000000 1.00000000 0.00000000 0.00000000 0.00000000 0.00000000 0.00000000 0.00000000 0.00000000 0.00000000 0.00000000 0.00000000 0.00000000 0.00000000 1.00000000 0.00000000 0.00000000 0.00000000 1.00000000 
1700000031.87068 0.182336 0.120895 -0.972211 0.083332 0.051420 0.047139 0.026105 -0.034707 0.025530 -0.000453 0.001747 -0.000220 0.004672 0.028775 -0.010020 0.020208 0.0000000 1 418.629359 418.629359 505.740581 286.574774 -0.020453 -0.024926 0.019510 -0.005656 -0.660094 0.642445 -0.268559 0.281810 -0.062419 0.031365 0.062150 0 1.00000000 0.00000000 0.00000000 1.00000000 0.00000000 1.00000000 1.00000000 0.00000000 0.00000000 1.00000000 0.00000000 1.00000000 0.00000000 0.00000000 0.00000000 0.00000000 0.00000000 0.00000000 0.00000000 0.00000000 0.00000000 0.00000000 0.00000000 0.00000000 1.00000000 0.00000000 0.00000000 0.00000000 1.00000000 
1700000031.90458 0.182036 0.121021 -0.972668 0.078313 0.050220 0.048346 0.025941 -0.034727 0.027590 -0.004781 0.001882 -0.000033 0.004640 0.028972 -0.010031 0.020326 0.0000000 1 418.629359 418.629359 505.740581 286.574774 -0.020453 -0.024926 0.019510 -0.005656 -0.660094 0.642445 -0.268559 0.281810 -0.062419 0.031365 0.062150 0 1.00000000 0.00000000 0.00000000 1.00000000 0.00000000 1.00000000 1.00000000 0.00000000 0.00000000 1.00000000 0.00000000 1.00000000 0.00000000 0.00000000 0.00000000 0.00000000 0.00000000 0.00000000 0.00000000 0.00000000 0.00000000 0.00000000 0.00000000 0.00000000 1.00000000 0.00000000 0.00000000 0.00000000 1.00000000 
1700000031.93849 0.182090 0.121567 -0.973009 0.072924 0.048955 0.049580 0.025792 -0.033079 0.029251 -0.004518 0.001852 0.000060 0.004562 0.029090 -0.010012 0.020332 0.0000000 1 418.629359 418.629359 505.740581 286.574774 -0.020453 -0.024926 0.019510 -0.005656 -0.660094 0.642445 -0.268559 0.281810 -0.062419 0.031365 0.062150 0 1.00000000 0.00000000 0.00000000 1.00000000 0.00000000 1.00000000 1.00000000 0.00000000 0.00000000 1.00000000 0.00000000 1.00000000 0.00000000 0.00000000 0.00000000 0.00000000 0.00000000 0.00000000 0.00000000 0.00000000 0.00000000 0.00000000 0.00000000 0.00000000 1.00000000 0.00000000 0.00000000 0.00000000 1.00000000 
1700000031.97239 0.181646 0.121785 -0.973413 0.068123 0.047837 0.050750 0.025771 -0.027436 0.029221 0.000782 0.001752 0.000143 0.004461 0.029045 -0.009956 0.020246 0.0000000 1 418.629359 418.629359 505.740581 286.574774 -0.020453 -0.024926 0.019510 -0.005656 -0.660094 0.642445 -0.268559 0.281810 -0.062419 0.031365 0.062150 0 1.00000000 0.00000000 0.00000000 1.00000000 0.00000000 1.00000000 1.00000000 0.00000000 0.00000000 1.00000000 0.00000000 1.00000000 0.00000000 0.00000000 0.00000000 0.00000000 0.00000000 0.00000000 0.00000000 0.00000000 0.00000000 0.00000000 0.00000000 0.00000000 1.00000000 0.00000000 0.00000000 0.00000000 1.00000000 
1700000032.00630 0.180876 0.122318 -0.973833 0.063016 0.046667 0.051960 0.025676 -0.030895 0.028722 -0.002059 0.001718 0.000266 0.004549 0.029126 -0.009776 0.020374 0.0000000 1 418.629359 418.629359 505.740581 286.574774 -0.020453 -0.024926 0.019510 -0.005656 -0.660094 0.642445 -0.268559 0.281810 -0.062419 0.031365 0.062150 0 1.00000000 0.00000000 0.00000000 1.00000000 0.00000000 1.00000000 1.00000000 0.00000000 0.00000000 1.00000000 0.00000000 1.00000000 0.00000000 0.00000000 0.00000000 0.00000000 0.00000000 0.00000000 0.00000000 0.00000000 0.00000000 0.00000000 0.00000000 0.00000000 1.00000000 0.00000000 0.00000000 0.00000000 1.00000000 
1700000032.04020 0.179603 0.123320 -0.974317 0.056933 0.045413 0.053187 0.025615 -0.032534 0.030291 -0.000981 0.001598 0.000366 0.004667 0.029213 -0.009586 0.020410 0.0000000 1 418.629359 418.629359 505.740581 286.574774 -0.020453 -0.024926 0.019510 -0.005656 -0.660094 0.642445 -0.268559 0.281810 -0.062419 0.031365 0.062150 0 1.00000000 0.00000000 0.00000000 1.00000000 0.00000000 1.00000000 1.00000000 0.00000000 0.00000000 1.00000000 0.00000000 1.00000000 0.00000000 0.00000000 0.00000000 0.00000000 0.00000000 0.00000000 0.00000000 0.00000000 0.00000000 0.00000000 0.00000000 0.00000000 1.00000000 0.00000000 0.00000000 0.00000000 1.00000000 
1700000032.07411 0.178235 0.123604 -0.974885 0.050531 0.044195 0.054370 0.025612 -0.036147 0.031143 0.002437 0.001292 0.000356 0.004803 0.029190 -0.009545 0.020412 0.0000000 1 418.629359 418.629359 505.740581 286.574774 -0.020453 -0.024926 0.019510 -0.005656 -0.660094 0.642445 -0.268559 0.281810 -0.062419 0.031365 0.062150 0 1.00000000 0.00000000 0.00000000 1.00000000 0.00000000 1.00000000 1.00000000 0.00000000 0.00000000 1.00000000 0.00000000 1.00000000 0.00000000 0.00000000 0.00000000 0.00000000 0.00000000 0.00000000 0.00000000 0.00000000 0.00000000 0.00000000 0.00000000 0.00000000 1.00000000 0.00000000 0.00000000 0.00000000 1.00000000 
1700000032.10801 0.177785 0.122775 -0.975403 0.043687 0.042953 0.055463 0.025665 -0.036808 0.030477 0.004123 0.000933 0.000254 0.004925 0.029090 -0.009646 0.020372 0.0000000 1 418.629359 418.629359 505.740581 286.574774 -0.020453 -0.024926 0.019510 -0.005656 -0.660094 0.642445 -0.268559 0.281810 -0.062419 0.031365 0.062150 0 1.00000000 0.00000000 0.00000000 1.00000000 0.00000000 1.00000000 1.00000000 0.00000000 0.00000000 1.00000000 0.00000000 1.00000000 0.00000000 0.00000000 0.00000000 0.00000000 0.00000000 0.00000000 0.00000000 0.00000000 0.00000000 0.00000000 0.00000000 0.00000000 1.00000000 0.00000000 0.00000000 0.00000000 1.00000000 
1700000032.14192 0.178101 0.120821 -0.975865 0.037004 0.041646 0.056649 0.025780 -0.038081 0.030482 0.005456 0.000617 0.000184 0.004904 0.028992 -0.009730 0.020353 0.0000000 1 418.629359 418.629359 505.740581 286.574774 -0.020453 -0.024926 0.019510 -0.005656 -0.660094 0.642445 -0.268559 0.281810 -0.062419 0.031365 0.062150 0 1.00000000 0.00000000 0.00000000 1.00000000 0.00000000 1.00000000 1.00000000 0.00000000 0.00000000 1.00000000 0.00000000 1.00000000 0.00000000 0.00000000 0.00000000 0.00000000 0.00000000 0.00000000 0.00000000 0.00000000 0.00000000 0.00000000 0.00000000 0.00000000 1.00000000 0.00000000 0.00000000 0.00000000 1.00000000 
1700000032.17582 0.179098 0.118221 -0.976258 0.029456 0.040115 0.057853 0.025761 -0.046590 0.031444 0.000527 0.000325 0.000129 0.005131 0.028954 -0.009718 0.020446 0.0000000 1 418.629359 418.629359 505.740581 286.574774 -0.020453 -0.024926 0.019510 -0.005656 -0.660094 0.642445 -0.268559 0.281810 -0.062419 0.031365 0.062150 0 1.00000000 0.00000000 0.00000000 1.00000000 0.00000000 1.00000000 1.00000000 0.00000000 0.00000000 1.00000000 0.00000000 1.00000000 0.00000000 0.00000000 0.00000000 0.00000000 0.00000000 0.00000000 0.00000000 0.00000000 0.00000000 0.00000000 0.00000000 0.00000000 1.00000000 0.00000000 0.00000000 0.00000000 1.00000000 
1700000032.20973 0.179849 0.115725 -0.976629 0.021401 0.038695 0.059297 0.025718 -0.042140 0.036693 -0.001132 0.000211 0.000238 0.005241 0.028983 -0.009788 0.020429 0.0000000 1 418.629359 418.629359 505.740581 286.574774 -0.020453 -0.024926 0.019510 -0.005656 -0.660094 0.642445 -0.268559 0.281810 -0.062419 0.031365 0.062150 0 1.00000000 0.00000000 0.00000000 1.00000000 0.00000000 1.00000000 1.00000000 0.00000000 0.00000000 1.00000000 0.00000000 1.00000000 0.00000000 0.00000000 0.00000000 0.00000000 0.00000000 0.00000000 0.00000000 0.00000000 0.00000000 0.00000000 0.00000000 0.00000000 1.00000000 0.00000000 0.00000000 0.00000000 1.00000000 
1700000032.24363 0.180237 0.114272 -0.976868 0.013625 0.037126 0.060852 0.025627 -0.042561 0.039905 -0.002880 0.000250 0.000331 0.005217 0.028974 -0.009727 0.020413 0.0000000 1 418.629359 418.629359 505.740581 286.574774 -0.020453 -0.024926 0.019510 -0.005656 -0.660094 0.642445 -0.268559 0.281810 -0.062419 0.031365 0.062150 0 1.00000000 0.00000000 0.00000000 1.00000000 0.00000000 1.00000000 1.00000000 0.00000000 0.00000000 1.00000000 0.00000000 1.00000000 0.00000000 0.00000000 0.00000000 0.00000000 0.00000000 0.00000000 0.00000000 0.00000000 0.00000000 0.00000000 0.00000000 0.00000000 1.00000000 0.00000000 0.00000000 0.00000000 1.00000000 
1700000032.27754 0.179678 0.113125 -0.977184 0.005402 0.035563 0.062422 0.025777 -0.040891 0.041914 0.005336 0.000095 0.000414 0.005204 0.028882 -0.009651 0.020210 0.0000000 1 418.629359 418.629359 505.740581 286.574774 -0.020453 -0.024926 0.019510 -0.005656 -0.660094 0.642445 -0.268559 0.281810 -0.062419 0.031365 0.062150 0 1.00000000 0.00000000 0.00000000 1.00000000 0.00000000 1.00000000 1.00000000 0.00000000 0.00000000 1.00000000 0.00000000 1.00000000 0.00000000 0.00000000 0.00000000 0.00000000 0.00000000 0.00000000 0.00000000 0.00000000 0.00000000 0.00000000 0.00000000 0.00000000 1.00000000 0.00000000 0.00000000 0.00000000 1.00000000 
1700000032.31144 -0.178905 -0.111774 0.977494 0.002121 0.034254 0.064042 0.025923 -0.035246 0.040772 0.004988 0.000067 0.000502 0.005022 0.028802 -0.009694 0.020201 0.0000000 1 418.629359 418.629359 505.740581 286.574774 -0.020453 -0.024926 0.019510 -0.005656 -0.660094 0.642445 -0.268559 0.281810 -0.062419 0.031365 0.062150 0 1.00000000 0.00000000 0.00000000 1.00000000 0.00000000 1.00000000 1.00000000 0.00000000 0.00000000 1.00000000 0.00000000 1.00000000 0.00000000 0.00000000 0.00000000 0.00000000 0.00000000 0.00000000 0.00000000 0.00000000 0.00000000 0.00000000 0.00000000 0.00000000 1.00000000 0.00000000 0.00000000 0.00000000 1.00000000 
1700000032.34535 -0.178376 -0.111058 0.977630 0.009384 0.032984 0.065701 0.025928 -0.033451 0.042328 -0.000201 0.000024 0.000599 0.004982 0.028719 -0.009702 0.020217 0.0000000 1 418.629359 418.629359 505.740581 286.574774 -0.020453 -0.024926 0.019510 -0.005656 -0.660094 0.642445 -0.268559 0.281810 -0.062419 0.031365 0.062150 0 1.00000000 0.00000000 0.00000000 1.00000000 0.00000000 1.00000000 1.00000000 0.00000000 0.00000000 1.00000000 0.00000000 1.00000000 0.00000000 0.00000000 0.00000000 0.00000000 0.00000000 0.00000000 0.00000000 0.00000000 0.00000000 0.00000000 0.00000000 0.00000000 1.00000000 0.00000000 0.00000000 0.00000000 1.00000000 
1700000032.37925 -0.177373 -0.110329 0.977793 0.016964 0.031793 0.067464 0.025954 -0.032655 0.044420 -0.000012 -0.000147 0.000706 0.004962 0.028623 -0.009696 0.020108 0.0000000 1 418.629359 418.629359 505.740581 286.574774 -0.020453 -0.024926 0.019510 -0.005656 -0.660094 0.642445 -0.268559 0.281810 -0.062419 0.031365 0.062150 0 1.00000000 0.00000000 0.00000000 1.00000000 0.00000000 1.00000000 1.00000000 0.00000000 0.00000000 1.00000000 0.00000000 1.00000000 0.00000000 0.00000000 0.00000000 0.00000000 0.00000000 0.00000000 0.00000000 0.00000000 0.00000000 0.00000000 0.00000000 0.00000000 1.00000000 0.00000000 0.00000000 0.00000000 1.00000000 
1700000032.41316 -0.176906 -0.109376 0.977833 0.024149 0.030821 0.069053 0.025963 -0.026946 0.041889 0.000691 -0.000370 0.000710 0.004888 0.028532 -0.009737 0.020032 0.0000000 1 418.629359 418.629359 505.740581 286.574774 -0.020453 -0.024926 0.019510 -0.005656 -0.660094 0.642445 -0.268559 0.281810 -0.062419 0.031365 0.062150 0 1.00000000 0.00000000 0.00000000 1.00000000 0.00000000 1.00000000 1.00000000 0.00000000 0.00000000 1.00000000 0.00000000 1.00000000 0.00000000 0.00000000 0.00000000 0.00000000 0.00000000 0.00000000 0.00000000 0.00000000 0.00000000 0.00000000 0.00000000 0.00000000 1.00000000 0.00000000 0.00000000 0.00000000 1.00000000 
1700000032.44706 -0.177478 -0.107260 0.977775 0.030864 0.029861 0.070569 0.026079 -0.025573 0.039095 0.002629 -0.000736 0.000562 0.004816 0.028441 -0.009784 0.019948 0.0000000 1 418.629359 418.629359 505.740581 286.574774 -0.020453 -0.024926 0.019510 -0.005656 -0.660094 0.642445 -0.268559 0.281810 -0.062419 0.031365 0.062150 0 1.00000000 0.00000000 0.00000000 1.00000000 0.00000000 1.00000000 1.00000000 0.00000000 0.00000000 1.00000000 0.00000000 1.00000000 0.00000000 0.00000000 0.00000000 0.00000000 0.00000000 0.00000000 0.00000000 0.00000000 0.00000000 0.00000000 0.00000000 0.00000000 1.00000000 0.00000000 0.00000000 0.00000000 1.00000000 
1700000032.48097 -0.178526 -0.104576 0.977659 0.037075 0.028877 0.072201 0.026029 -0.024833 0.038342 -0.002257 -0.000900 0.000521 0.004578 0.028336 -0.009842 0.019977 0.0000000 1 418.629359 418.629359 505.740581 286.574774 -0.020453 -0.024926 0.019510 -0.005656 -0.660094 0.642445 -0.268559 0.281810 -0.062419 0.031365 0.062150 0 1.00000000 0.00000000 0.00000000 1.00000000 0.00000000 1.00000000 1.00000000 0.00000000 0.00000000 1.00000000 0.00000000 1.00000000 0.00000000 0.00000000 0.00000000 0.00000000 0.00000000 0.00000000 0.00000000 0.00000000 0.00000000 0.00000000 0.00000000 0.00000000 1.00000000 0.00000000 0.00000000 0.00000000 1.00000000 
1700000032.51487 -0.179779 -0.102662 0.977358 0.043716 0.027663 0.073981 0.025563 -0.033147 0.040290 -0.015774 -0.000920 0.000564 0.004584 0.028127 -0.009943 0.020031 0.0000000 1 418.629359 418.629359 505.740581 286.574774 -0.020453 -0.024926 0.019510 -0.005656 -0.660094 0.642445 -0.268559 0.281810 -0.062419 0.031365 0.062150 0 1.00000000 0.00000000 0.00000000 1.00000000 0.00000000 1.00000000 1.00000000 0.00000000 0.00000000 1.00000000 0.00000000 1.00000000 0.00000000 0.00000000 0.00000000 0.00000000 0.00000000 0.00000000 0.00000000 0.00000000 0.00000000 0.00000000 0.00000000 0.00000000 1.00000000 0.00000000 0.00000000 0.00000000 1.00000000 
1700000032.54878 -0.181024 -0.101586 0.976860 0.051529 0.026602 0.075692 0.025094 -0.026978 0.040442 -0.016211 -0.000994 0.000569 0.004503 0.027952 -0.009913 0.019840 0.0000000 1 418.629359 418.629359 505.740581 286.574774 -0.020453 -0.024926 0.019510 -0.005656 -0.660094 0.642445 -0.268559 0.281810 -0.062419 0.031365 0.062150 0 1.00000000 0.00000000 0.00000000 1.00000000 0.00000000 1.00000000 1.00000000 0.00000000 0.00000000 1.00000000 0.00000000 1.00000000 0.00000000 0.00000000 0.00000000 0.00000000 0.00000000 0.00000000 0.00000000 0.00000000 0.00000000 0.00000000 0.00000000 0.00000000 1.00000000 0.00000000 0.00000000 0.00000000 1.00000000 
1700000032.58268 -0.181630 -0.100580 0.976475 0.058238 0.025862 0.077309 0.024725 -0.016968 0.036881 -0.013040 -0.001005 0.000795 0.004248 0.027856 -0.009909 0.019663 0.0000000 1 418.629359 418.629359 505.740581 286.574774 -0.020453 -0.024926 0.019510 -0.005656 -0.660094 0.642445 -0.268559 0.281810 -0.062419 0.031365 0.062150 0 1.00000000 0.00000000 0.00000000 1.00000000 0.00000000 1.00000000 1.00000000 0.00000000 0.00000000 1.00000000 0.00000000 1.00000000 0.00000000 0.00000000 0.00000000 0.00000000 0.00000000 0.00000000 0.00000000 0.00000000 0.00000000 0.00000000 0.00000000 0.00000000 1.00000000 0.00000000 0.00000000 0.00000000 1.00000000 
1700000032.61659 -0.181981 -0.100263 0.975986 0.065434 0.024844 0.078923 0.024266 -0.026619 0.039400 -0.016695 -0.001070 0.000866 0.004360 0.027611 -0.010152 0.019448 0.0000000 1 418.629359 418.629359 505.740581 286.574774 -0.020453 -0.024926 0.019510 -0.005656 -0.660094 0.642445 -0.268559 0.281810 -0.062419 0.031365 0.062150 0 1.00000000 0.00000000 0.00000000 1.00000000 0.00000000 1.00000000 1.00000000 0.00000000 0.00000000 1.00000000 0.00000000 1.00000000 0.00000000 0.00000000 0.00000000 0.00000000 0.00000000 0.00000000 0.00000000 0.00000000 0.00000000 0.00000000 0.00000000 0.00000000 1.00000000 0.00000000 0.00000000 0.00000000 1.00000000 
1700000032.65049 -0.181746 -0.099788 0.975520 0.073285 0.024011 0.080600 0.023919 -0.021269 0.039047 -0.012831 -0.001195 0.000971 0.004107 0.027469 -0.010126 0.019213 0.0000000 1 418.629359 418.629359 505.740581 286.574774 -0.020453 -0.024926 0.019510 -0.005656 -0.660094 0.642445 -0.268559 0.281810 -0.062419 0.031365 0.062150 0 1.00000000 0.00000000 0.00000000 1.00000000 0.00000000 1.00000000 1.00000000 0.00000000 0.00000000 1.00000000 0.00000000 1.00000000 0.00000000 0.00000000 0.00000000 0.00000000 0.00000000 0.00000000 0.00000000 0.00000000 0.00000000 0.00000000 0.00000000 0.00000000 1.00000000 0.00000000 0.00000000 0.00000000 1.00000000 
1700000032.68440 -0.182437 -0.098947 0.974973 0.079709 0.023904 0.081957 0.023717 -0.002547 0.032413 -0.010315 -0.001171 0.000899 0.003796 0.027468 -0.009838 0.019217 0.0000000 1 418.629359 418.629359 505.740581 286.574774 -0.020453 -0.024926 0.019510 -0.005656 -0.660094 0.642445 -0.268559 0.281810 -0.062419 0.031365 0.062150 0 1.00000000 0.00000000 0.00000000 1.00000000 0.00000000 1.00000000 1.00000000 0.00000000 0.00000000 1.00000000 0.00000000 1.00000000 0.00000000 0.00000000 0.00000000 0.00000000 0.00000000 0.00000000 0.00000000 0.00000000 0.00000000 0.00000000 0.00000000 0.00000000 1.00000000 0.00000000 0.00000000 0.00000000 1.00000000 
1700000032.71830 -0.184142 -0.097487 0.974379 0.084695 0.023654 0.083132 0.023536 -0.001432 0.025902 -0.006623 -0.001317 0.000737 0.003491 0.027525 -0.009986 0.019191 0.0000000 1 418.629359 418.629359 505.740581 286.574774 -0.020453 -0.024926 0.019510 -0.005656 -0.660094 0.642445 -0.268559 0.281810 -0.062419 0.031365 0.062150 0 1.00000000 0.00000000 0.00000000 1.00000000 0.00000000 1.00000000 1.00000000 0.00000000 0.00000000 1.00000000 0.00000000 1.00000000 0.00000000 0.00000000 0.00000000 0.00000000 0.00000000 0.00000000 0.00000000 0.00000000 0.00000000 0.00000000 0.00000000 0.00000000 1.00000000 0.00000000 0.00000000 0.00000000 1.00000000 
1700000032.75221 -0.185530 -0.095336 0.973913 0.089346 0.023381 0.084335 0.023451 -0.002236 0.023443 -0.002387 -0.001443 0.000663 0.003183 0.027443 -0.010163 0.019109 0.0000000 1 418.629359 418.629359 505.740581 286.574774 -0.020453 -0.024926 0.019510 -0.005656 -0.660094 0.642445 -0.268559 0.281810 -0.062419 0.031365 0.062150 0 1.00000000 0.00000000 0.00000000 1.00000000 0.00000000 1.00000000 1.00000000 0.00000000 0.00000000 1.00000000 0.00000000 1.00000000 0.00000000 0.00000000 0.00000000 0.00000000 0.00000000 0.00000000 0.00000000 0.00000000 0.00000000 0.00000000 0.00000000 0.00000000 1.00000000 0.00000000 0.00000000 0.00000000 1.00000000 
1700000032.78611 -0.186713 -0.093353 0.973536 0.093015 0.023309 0.085526 0.023276 0.001506 0.018678 -0.003793 -0.001508 0.000676 0.002649 0.027367 -0.010179 0.019160 0.0000000 1 418.629359 418.629359 505.740581 286.574774 -0.020453 -0.024926 0.019510 -0.005656 -0.660094 0.642445 -0.268559 0.281810 -0.062419 0.031365 0.062150 0 1.00000000 0.00000000 0.00000000 1.00000000 0.00000000 1.00000000 1.00000000 0.00000000 0.00000000 1.00000000 0.00000000 1.00000000 0.00000000 0.00000000 0.00000000 0.00000000 0.00000000 0.00000000 0.00000000 0.00000000 0.00000000 0.00000000 0.00000000 0.00000000 1.00000000 0.00000000 0.00000000 0.00000000 1.00000000 
1700000032.82002 -0.188162 -0.092014 0.973209 0.094830 0.023663 0.086394 0.023154 0.014674 0.009484 -0.004423 -0.001438 0.000752 0.001935 0.027462 -0.009944 0.019316 0.0000000 1 418.629359 418.629359 505.740581 286.574774 -0.020453 -0.024926 0.019510 -0.005656 -0.660094 0.642445 -0.268559 0.281810 -0.062419 0.031365 0.062150 0 1.00000000 0.00000000 0.00000000 1.00000000 0.00000000 1.00000000 1.00000000 0.00000000 0.00000000 1.00000000 0.00000000 1.00000000 0.00000000 0.00000000 0.00000000 0.00000000 0.00000000 0.00000000 0.00000000 0.00000000 0.00000000 0.00000000 0.00000000 0.00000000 1.00000000 0.00000000 0.00000000 0.00000000 1.00000000 
1700000032.85392 -0.189568 -0.090919 0.973053 0.094691 0.023925 0.087026 0.022960 0.015034 0.001872 -0.004836 -0.001396 0.000871 0.001340 0.027528 -0.010192 0.019400 0.0000000 1 418.629359 418.629359 505.740581 286.574774 -0.020453 -0.024926 0.019510 -0.005656 -0.660094 0.642445 -0.268559 0.281810 -0.062419 0.031365 0.062150 0 1.00000000 0.00000000 0.00000000 1.00000000 0.00000000 1.00000000 1.00000000 0.00000000 0.00000000 1.00000000 0.00000000 1.00000000 0.00000000 0.00000000 0.00000000 0.00000000 0.00000000 0.00000000 0.00000000 0.00000000 0.00000000 0.00000000 0.00000000 0.00000000 1.00000000 0.00000000 0.00000000 0.00000000 1.00000000 
1700000032.88783 -0.190080 -0.090668 0.972976 0.094689 0.023988 0.087680 0.022655 0.008852 0.002067 -0.007981 -0.001392 0.000987 0.000916 0.027338 -0.010537 0.019354 0.0000000 1 418.629359 418.629359 505.740581 286.574774 -0.020453 -0.024926 0.019510 -0.005656 -0.660094 0.642445 -0.268559 0.281810 -0.062419 0.031365 0.062150 0 1.00000000 0.00000000 0.00000000 1.00000000 0.00000000 1.00000000 1.00000000 0.00000000 0.00000000 1.00000000 0.00000000 1.00000000 0.00000000 0.00000000 0.00000000 0.00000000 0.00000000 0.00000000 0.00000000 0.00000000 0.00000000 0.00000000 0.00000000 0.00000000 1.00000000 0.00000000 0.00000000 0.00000000 1.00000000 
1700000032.92173 -0.189571 -0.091267 0.973010 0.094783 0.024044 0.088158 0.022489 0.006278 0.001738 -0.003980 -0.001416 0.001136 0.000541 0.027262 -0.010738 0.019234 0.0000000 1 418.629359 418.629359 505.740581 286.574774 -0.020453 -0.024926 0.019510 -0.005656 -0.660094 0.642445 -0.268559 0.281810 -0.062419 0.031365 0.062150 0 1.00000000 0.00000000 0.00000000 1.00000000 0.00000000 1.00000000 1.00000000 0.00000000 0.00000000 1.00000000 0.00000000 1.00000000 0.00000000 0.00000000 0.00000000 0.00000000 0.00000000 0.00000000 0.00000000 0.00000000 0.00000000 0.00000000 0.00000000 0.00000000 1.00000000 0.00000000 0.00000000 0.00000000 1.00000000 
1700000032.95564 -0.188691 -0.091995 0.973117 0.094737 0.024326 0.088393 0.022463 0.007047 -0.000554 -0.000698 -0.001469 0.001162 0.000275 0.027325 -0.010624 0.019293 0.0000000 1 418.629359 418.629359 505.740581 286.574774 -0.020453 -0.024926 0.019510 -0.005656 -0.660094 0.642445 -0.268559 0.281810 -0.062419 0.031365 0.062150 0 1.00000000 0.00000000 0.00000000 1.00000000 0.00000000 1.00000000 1.00000000 0.00000000 0.00000000 1.00000000 0.00000000 1.00000000 0.00000000 0.00000000 0.00000000 0.00000000 0.00000000 0.00000000 0.00000000 0.00000000 0.00000000 0.00000000 0.00000000 0.00000000 1.00000000 0.00000000 0.00000000 0.00000000 1.00000000 
1700000032.98954 -0.188712 -0.092347 0.973106 0.094466 0.024533 0.088488 0.022549 0.005370 -0.001419 0.002008 -0.001557 0.001048 0.000153 0.027408 -0.010568 0.019356 0.0000000 1 418.629359 418.629359 505.740581 286.574774 -0.020453 -0.024926 0.019510 -0.005656 -0.660094 0.642445 -0.268559 0.281810 -0.062419 0.031365 0.062150 0 1.00000000 0.00000000 0.00000000 1.00000000 0.00000000 1.00000000 1.00000000 0.00000000 0.00000000 1.00000000 0.00000000 1.00000000 0.00000000 0.00000000 0.00000000 0.00000000 0.00000000 0.00000000 0.00000000 0.00000000 0.00000000 0.00000000 0.00000000 0.00000000 1.00000000 0.00000000 0.00000000 0.00000000 1.00000000 
1700000033.02345 -0.189126 -0.091792 0.973059 0.094670 0.024466 0.088596 0.022736 -0.000691 0.000534 0.005078 -0.001734 0.000837 0.000165 0.027442 -0.010704 0.019357 0.0000000 1 418.629359 418.629359 505.740581 286.574774 -0.020453 -0.024926 0.019510 -0.005656 -0.660094 0.642445 -0.268559 0.281810 -0.062419 0.031365 0.062150 0 1.00000000 0.00000000 0.00000000 1.00000000 0.00000000 1.00000000 1.00000000 0.00000000 0.00000000 1.00000000 0.00000000 1.00000000 0.00000000 0.00000000 0.00000000 0.00000000 0.00000000 0.00000000 0.00000000 0.00000000 0.00000000 0.00000000 0.00000000 0.00000000 1.00000000 0.00000000 0.00000000 0.00000000 1.00000000 
1700000033.05735 -0.189231 -0.090784 0.973079 0.095221 0.024477 0.088799 0.022890 0.000251 0.001460 0.003532 -0.001777 0.000760 0.000043 0.027450 -0.010620 0.019446 0.0000000 1 418.629359 418.629359 505.740581 286.574774 -0.020453 -0.024926 0.019510 -0.005656 -0.660094 0.642445 -0.268559 0.281810 -0.062419 0.031365 0.062150 0 1.00000000 0.00000000 0.00000000 1.00000000 0.00000000 1.00000000 1.00000000 0.00000000 0.00000000 1.00000000 0.00000000 1.00000000 0.00000000 0.00000000 0.00000000 0.00000000 0.00000000 0.00000000 0.00000000 0.00000000 0.00000000 0.00000000 0.00000000 0.00000000 1.00000000 0.00000000 0.00000000 0.00000000 1.00000000 
1700000033.09126 -0.189526 -0.090395 0.973096 0.094835 0.024597 0.089045 0.022850 0.004374 0.000388 -0.002933 -0.001643 0.000828 -0.000262 0.027449 -0.010519 0.019564 0.0000000 1 418.629359 418.629359 505.740581 286.574774 -0.020453 -0.024926 0.019510 -0.005656 -0.660094 0.642445 -0.268559 0.281810 -0.062419 0.031365 0.062150 0 1.00000000 0.00000000 0.00000000 1.00000000 0.00000000 1.00000000 1.00000000 0.00000000 0.00000000 1.00000000 0.00000000 1.00000000 0.00000000 0.00000000 0.00000000 0.00000000 0.00000000 0.00000000 0.00000000 0.00000000 0.00000000 0.00000000 0.00000000 0.00000000 1.00000000 0.00000000 0.00000000 0.00000000 1.00000000 
1700000033.12516 -0.189781 -0.090539 0.973084 0.094308 0.024745 0.089267 0.022768 0.005823 -0.000253 -0.004906 -0.001598 0.000883 -0.000429 0.027404 -0.010520 0.019506 0.0000000 1 418.629359 418.629359 505.740581 286.574774 -0.020453 -0.024926 0.019510 -0.005656 -0.660094 0.642445 -0.268559 0.281810 -0.062419 0.031365 0.062150 0 1.00000000 0.00000000 0.00000000 1.00000000 0.00000000 1.00000000 1.00000000 0.00000000 0.00000000 1.00000000 0.00000000 1.00000000 0.00000000 0.00000000 0.00000000 0.00000000 0.00000000 0.00000000 0.00000000 0.00000000 0.00000000 0.00000000 0.00000000 0.00000000 1.00000000 0.00000000 0.00000000 0.00000000 1.00000000 
1700000033.15907 -0.189944 -0.090799 0.973110 0.093450 0.024990 0.089320 0.022697 0.009841 -0.004166 -0.003932 -0.001543 0.000953 -0.000657 0.027494 -0.010510 0.019496 0.0000000 1 418.629359 418.629359 505.740581 286.574774 -0.020453 -0.024926 0.019510 -0.005656 -0.660094 0.642445 -0.268559 0.281810 -0.062419 0.031365 0.062150 0 1.00000000 0.00000000 0.00000000 1.00000000 0.00000000 1.00000000 1.00000000 0.00000000 0.00000000 1.00000000 0.00000000 1.00000000 0.00000000 0.00000000 0.00000000 0.00000000 0.00000000 0.00000000 0.00000000 0.00000000 0.00000000 0.00000000 0.00000000 0.00000000 1.00000000 0.00000000 0.00000000 0.00000000 1.00000000 
1700000033.19297 -0.189981 -0.091243 0.973177 0.092240 0.025212 0.089322 0.022590 0.009145 -0.005575 -0.003925 -0.001504 0.001022 -0.000782 0.027487 -0.010640 0.019456 0.0000000 1 418.629359 418.629359 505.740581 286.574774 -0.020453 -0.024926 0.019510 -0.005656 -0.660094 0.642445 -0.268559 0.281810 -0.062419 0.031365 0.062150 0 1.00000000 0.00000000 0.00000000 1.00000000 0.00000000 1.00000000 1.00000000 0.00000000 0.00000000 1.00000000 0.00000000 1.00000000 0.00000000 0.00000000 0.00000000 0.00000000 0.00000000 0.00000000 0.00000000 0.00000000 0.00000000 0.00000000 0.00000000 0.00000000 1.00000000 0.00000000 0.00000000 0.00000000 1.00000000 
1700000033.22688 -0.189818 -0.091944 0.973232 0.091300 0.025490 0.089244 0.022559 0.009824 -0.007070 -0.001654 -0.001484 0.001034 -0.000844 0.027480 -0.010670 0.019406 0.0000000 1 418.629359 418.629359 505.740581 286.574774 -0.020453 -0.024926 0.019510 -0.005656 -0.660094 0.642445 -0.268559 0.281810 -0.062419 0.031365 0.062150 0 1.00000000 0.00000000 0.00000000 1.00000000 0.00000000 1.00000000 1.00000000 0.00000000 0.00000000 1.00000000 0.00000000 1.00000000 0.00000000 0.00000000 0.00000000 0.00000000 0.00000000 0.00000000 0.00000000 0.00000000 0.00000000 0.00000000 0.00000000 0.00000000 1.00000000 0.00000000 0.00000000 0.00000000 1.00000000 
1700000033.26078 -0.189728 -0.092376 0.973329 0.090000 0.025911 0.088944 0.022642 0.013673 -0.012505 0.002081 -0.001517 0.000988 -0.000889 0.027591 -0.010631 0.019442 0.0000000 1 418.629359 418.629359 505.740581 286.574774 -0.020453 -0.024926 0.019510 -0.005656 -0.660094 0.642445 -0.268559 0.281810 -0.062419 0.031365 0.062150 0 1.00000000 0.00000000 0.00000000 1.00000000 0.00000000 1.00000000 1.00000000 0.00000000 0.00000000 1.00000000 0.00000000 1.00000000 0.00000000 0.00000000 0.00000000 0.00000000 0.00000000 0.00000000 0.00000000 0.00000000 0.00000000 0.00000000 0.00000000 0.00000000 1.00000000 0.00000000 0.00000000 0.00000000 1.00000000 
1700000033.29469 -0.189709 -0.092677 0.973456 0.088347 0.026235 0.088586 0.022635 0.010562 -0.015532 -0.000775 -0.001441 0.001027 -0.000919 0.027592 -0.010753 0.019491 0.0000000 1 418.629359 418.629359 505.740581 286.574774 -0.020453 -0.024926 0.019510 -0.005656 -0.660094 0.642445 -0.268559 0.281810 -0.062419 0.031365 0.062150 0 1.00000000 0.00000000 0.00000000 1.00000000 0.00000000 1.00000000 1.00000000 0.00000000 0.00000000 1.00000000 0.00000000 1.00000000 0.00000000 0.00000000 0.00000000 0.00000000 0.00000000 0.00000000 0.00000000 0.00000000 0.00000000 0.00000000 0.00000000 0.00000000 1.00000000 0.00000000 0.00000000 0.00000000 1.00000000 
1700000033.32859 -0.189674 -0.093473 0.973506 0.087024 0.026495 0.088226 0.022527 0.007965 -0.014789 -0.004358 -0.001362 0.001020 -0.000891 0.027500 -0.010796 0.019484 0.0000000 1 418.629359 418.629359 505.740581 286.574774 -0.020453 -0.024926 0.019510 -0.005656 -0.660094 0.642445 -0.268559 0.281810 -0.062419 0.031365 0.062150 0 1.00000000 0.00000000 0.00000000 1.00000000 0.00000000 1.00000000 1.00000000 0.00000000 0.00000000 1.00000000 0.00000000 1.00000000 0.00000000 0.00000000 0.00000000 0.00000000 0.00000000 0.00000000 0.00000000 0.00000000 0.00000000 0.00000000 0.00000000 0.00000000 1.00000000 0.00000000 0.00000000 0.00000000 1.00000000 
1700000033.36250 -0.189576 -0.094271 0.973557 0.085790 0.026730 0.087761 0.022420 0.005208 -0.014764 -0.004466 -0.001334 0.001025 -0.000782 0.027483 -0.010807 0.019458 0.0000000 1 418.629359 418.629359 505.740581 286.574774 -0.020453 -0.024926 0.019510 -0.005656 -0.660094 0.642445 -0.268559 0.281810 -0.062419 0.031365 0.062150 0 1.00000000 0.00000000 0.00000000 1.00000000 0.00000000 1.00000000 1.00000000 0.00000000 0.00000000 1.00000000 0.00000000 1.00000000 0.00000000 0.00000000 0.00000000 0.00000000 0.00000000 0.00000000 0.00000000 0.00000000 0.00000000 0.00000000 0.00000000 0.00000000 1.00000000 0.00000000 0.00000000 0.00000000 1.00000000 
1700000033.39640 -0.189697 -0.094798 0.973544 0.085091 0.026754 0.087331 0.022253 -0.001063 -0.012416 -0.006231 -0.001340 0.000965 -0.000600 0.027415 -0.010872 0.019425 0.0000000 1 418.629359 418.629359 505.740581 286.574774 -0.020453 -0.024926 0.019510 -0.005656 -0.660094 0.642445 -0.268559 0.281810 -0.062419 0.031365 0.062150 0 1.00000000 0.00000000 0.00000000 1.00000000 0.00000000 1.00000000 1.00000000 0.00000000 0.00000000 1.00000000 0.00000000 1.00000000 0.00000000 0.00000000 0.00000000 0.00000000 0.00000000 0.00000000 0.00000000 0.00000000 0.00000000 0.00000000 0.00000000 0.00000000 1.00000000 0.00000000 0.00000000 0.00000000 1.00000000 
1700000033.43031 -0.189719 -0.095138 0.973526 0.084865 0.026676 0.086994 0.022119 -0.003984 -0.009408 -0.004855 -0.001344 0.000940 -0.000503 0.027367 -0.010866 0.019363 0.0000000 1 418.629359 418.629359 505.740581 286.574774 -0.020453 -0.024926 0.019510 -0.005656 -0.660094 0.642445 -0.268559 0.281810 -0.062419 0.031365 0.062150 0 1.00000000 0.00000000 0.00000000 1.00000000 0.00000000 1.00000000 1.00000000 0.00000000 0.00000000 1.00000000 0.00000000 1.00000000 0.00000000 0.00000000 0.00000000 0.00000000 0.00000000 0.00000000 0.00000000 0.00000000 0.00000000 0.00000000 0.00000000 0.00000000 1.00000000 0.00000000 0.00000000 0.00000000 1.00000000 
1700000033.46421 -0.189906 -0.095427 0.973465 0.084822 0.026528 0.086713 0.022034 -0.005910 -0.006760 -0.002552 -0.001331 0.000872 -0.000390 0.027338 -0.010846 0.019335 0.0000000 1 418.629359 418.629359 505.740581 286.574774 -0.020453 -0.024926 0.019510 -0.005656 -0.660094 0.642445 -0.268559 0.281810 -0.062419 0.031365 0.062150 0 1.00000000 0.00000000 0.00000000 1.00000000 0.00000000 1.00000000 1.00000000 0.00000000 0.00000000 1.00000000 0.00000000 1.00000000 0.00000000 0.00000000 0.00000000 0.00000000 0.00000000 0.00000000 0.00000000 0.00000000 0.00000000 0.00000000 0.00000000 0.00000000 1.00000000 0.00000000 0.00000000 0.00000000 1.00000000 
1700000033.49812 -0.190019 -0.095245 0.973446 0.084999 0.026343 0.086479 0.022141 -0.005722 -0.004768 0.003895 -0.001394 0.000783 -0.000313 0.027363 -0.010826 0.019296 0.0000000 1 418.629359 418.629359 505.740581 286.574774 -0.020453 -0.024926 0.019510 -0.005656 -0.660094 0.642445 -0.268559 0.281810 -0.062419 0.031365 0.062150 0 1.00000000 0.00000000 0.00000000 1.00000000 0.00000000 1.00000000 1.00000000 0.00000000 0.00000000 1.00000000 0.00000000 1.00000000 0.00000000 0.00000000 0.00000000 0.00000000 0.00000000 0.00000000 0.00000000 0.00000000 0.00000000 0.00000000 0.00000000 0.00000000 1.00000000 0.00000000 0.00000000 0.00000000 1.00000000 
1700000033.53202 -0.189972 -0.094965 0.973489 0.084915 0.026272 0.086399 0.022187 -0.003093 -0.003338 0.001942 -0.001314 0.000812 -0.000331 0.027320 -0.010755 0.019380 0.0000000 1 418.629359 418.629359 505.740581 286.574774 -0.020453 -0.024926 0.019510 -0.005656 -0.660094 0.642445 -0.268559 0.281810 -0.062419 0.031365 0.062150 0 1.00000000 0.00000000 0.00000000 1.00000000 0.00000000 1.00000000 1.00000000 0.00000000 0.00000000 1.00000000 0.00000000 1.00000000 0.00000000 0.00000000 0.00000000 0.00000000 0.00000000 0.00000000 0.00000000 0.00000000 0.00000000 0.00000000 0.00000000 0.00000000 1.00000000 0.00000000 0.00000000 0.00000000 1.00000000 
1700000033.56593 -0.189958 -0.095530 0.973491 0.084288 0.026245 0.086353 0.022145 0.001719 -0.003366 -0.001101 -0.001186 0.000915 -0.000439 0.027284 -0.010752 0.019412 0.0000000 1 418.629359 418.629359 505.740581 286.574774 -0.020453 -0.024926 0.019510 -0.005656 -0.660094 0.642445 -0.268559 0.281810 -0.062419 0.031365 0.062150 0 1.00000000 0.00000000 0.00000000 1.00000000 0.00000000 1.00000000 1.00000000 0.00000000 0.00000000 1.00000000 0.00000000 1.00000000 0.00000000 0.00000000 0.00000000 0.00000000 0.00000000 0.00000000 0.00000000 0.00000000 0.00000000 0.00000000 0.00000000 0.00000000 1.00000000 0.00000000 0.00000000 0.00000000 1.00000000 
1700000033.59983 -0.189326 -0.096776 0.973623 0.082754 0.026338 0.086339 0.022019 0.005520 -0.004682 -0.003360 -0.001013 0.001151 -0.000687 0.027267 -0.010798 0.019417 0.0000000 1 418.629359 418.629359 505.740581 286.574774 -0.020453 -0.024926 0.019510 -0.005656 -0.660094 0.642445 -0.268559 0.281810 -0.062419 0.031365 0.062150 0 1.00000000 0.00000000 0.00000000 1.00000000 0.00000000 1.00000000 1.00000000 0.00000000 0.00000000 1.00000000 0.00000000 1.00000000 0.00000000 0.00000000 0.00000000 0.00000000 0.00000000 0.00000000 0.00000000 0.00000000 0.00000000 0.00000000 0.00000000 0.00000000 1.00000000 0.00000000 0.00000000 0.00000000 1.00000000 
1700000033.63374 -0.188711 -0.099293 0.973679 0.080488 0.026626 0.086307 0.021637 0.010242 -0.005635 -0.010481 -0.000736 0.001446 -0.000911 0.027195 -0.010796 0.019498 0.0000000 1 418.629359 418.629359 505.740581 286.574774 -0.020453 -0.024926 0.019510 -0.005656 -0.660094 0.642445 -0.268559 0.281810 -0.062419 0.031365 0.062150 0 1.00000000 0.00000000 0.00000000 1.00000000 0.00000000 1.00000000 1.00000000 0.00000000 0.00000000 1.00000000 0.00000000 1.00000000 0.00000000 0.00000000 0.00000000 0.00000000 0.00000000 0.00000000 0.00000000 0.00000000 0.00000000 0.00000000 0.00000000 0.00000000 1.00000000 0.00000000 0.00000000 0.00000000 1.00000000 
1700000033.66764 -0.188023 -0.103035 0.973645 0.077760 0.026915 0.086210 0.021129 0.011450 -0.007082 -0.014775 -0.000526 0.001774 -0.001110 0.027163 -0.010904 0.019477 0.0000000 1 418.629359 418.629359 505.740581 286.574774 -0.020453 -0.024926 0.019510 -0.005656 -0.660094 0.642445 -0.268559 0.281810 -0.062419 0.031365 0.062150 0 1.00000000 0.00000000 0.00000000 1.00000000 0.00000000 1.00000000 1.00000000 0.00000000 0.00000000 1.00000000 0.00000000 1.00000000 0.00000000 0.00000000 0.00000000 0.00000000 0.00000000 0.00000000 0.00000000 0.00000000 0.00000000 0.00000000 0.00000000 0.00000000 1.00000000 0.00000000 0.00000000 0.00000000 1.00000000 
1700000033.70155 -0.187399 -0.107680 0.973502 0.074701 0.027345 0.086080 0.020441 0.013435 -0.009481 -0.020318 -0.000287 0.002115 -0.001309 0.027086 -0.010913 0.019480 0.0000000 1 418.629359 418.629359 505.740581 286.574774 -0.020453 -0.024926 0.019510 -0.005656 -0.660094 0.642445 -0.268559 0.281810 -0.062419 0.031365 0.062150 0 1.00000000 0.00000000 0.00000000 1.00000000 0.00000000 1.00000000 1.00000000 0.00000000 0.00000000 1.00000000 0.00000000 1.00000000 0.00000000 0.00000000 0.00000000 0.00000000 0.00000000 0.00000000 0.00000000 0.00000000 0.00000000 0.00000000 0.00000000 0.00000000 1.00000000 0.00000000 0.00000000 0.00000000 1.00000000 
1700000033.73545 -0.187288 -0.113788 0.973084 0.071289 0.027860 0.085949 0.019412 0.014391 -0.010027 -0.031049 0.000026 0.002497 -0.001396 0.026926 -0.010913 0.019511 0.0000000 1 418.629359 418.629359 505.740581 286.574774 -0.020453 -0.024926 0.019510 -0.005656 -0.660094 0.642445 -0.268559 0.281810 -0.062419 0.031365 0.062150 0 1.00000000 0.00000000 0.00000000 1.00000000 0.00000000 1.00000000 1.00000000 0.00000000 0.00000000 1.00000000 0.00000000 1.00000000 0.00000000 0.00000000 0.00000000 0.00000000 0.00000000 0.00000000 0.00000000 0.00000000 0.00000000 0.00000000 0.00000000 0.00000000 1.00000000 0.00000000 0.00000000 0.00000000 1.00000000 
1700000033.76936 -0.187278 -0.121563 0.972383 0.067972 0.028192 0.085760 0.018181 0.010459 -0.011527 -0.039774 0.000370 0.002861 -0.001386 0.026753 -0.010994 0.019391 0.0000000 1 418.629359 418.629359 505.740581 286.574774 -0.020453 -0.024926 0.019510 -0.005656 -0.660094 0.642445 -0.268559 0.281810 -0.062419 0.031365 0.062150 0 1.00000000 0.00000000 0.00000000 1.00000000 0.00000000 1.00000000 1.00000000 0.00000000 0.00000000 1.00000000 0.00000000 1.00000000 0.00000000 0.00000000 0.00000000 0.00000000 0.00000000 0.00000000 0.00000000 0.00000000 0.00000000 0.00000000 0.00000000 0.00000000 1.00000000 0.00000000 0.00000000 0.00000000 1.00000000 
1700000033.80326 -0.186783 -0.130794 0.971504 0.064687 0.028489 0.085403 0.016747 0.014265 -0.012726 -0.042092 0.000434 0.003217 -0.001343 0.026645 -0.011076 0.019242 0.0000000 1 418.629359 418.629359 505.740581 286.574774 -0.020453 -0.024926 0.019510 -0.005656 -0.660094 0.642445 -0.268559 0.281810 -0.062419 0.031365 0.062150 0 1.00000000 0.00000000 0.00000000 1.00000000 0.00000000 1.00000000 1.00000000 0.00000000 0.00000000 1.00000000 0.00000000 1.00000000 0.00000000 0.00000000 0.00000000 0.00000000 0.00000000 0.00000000 0.00000000 0.00000000 0.00000000 0.00000000 0.00000000 0.00000000 1.00000000 0.00000000 0.00000000 0.00000000 1.00000000 
1700000033.83717 -0.184753 -0.139766 0.970863 0.061291 0.028603 0.085004 0.015724 0.011618 -0.014546 -0.030816 0.000327 0.003375 -0.001351 0.026570 -0.011175 0.018923 0.0000000 1 418.629359 418.629359 505.740581 286.574774 -0.020453 -0.024926 0.019510 -0.005656 -0.660094 0.642445 -0.268559 0.281810 -0.062419 0.031365 0.062150 0 1.00000000 0.00000000 0.00000000 1.00000000 0.00000000 1.00000000 1.00000000 0.00000000 0.00000000 1.00000000 0.00000000 1.00000000 0.00000000 0.00000000 0.00000000 0.00000000 0.00000000 0.00000000 0.00000000 0.00000000 0.00000000 0.00000000 0.00000000 0.00000000 1.00000000 0.00000000 0.00000000 0.00000000 1.00000000 
1700000033.87107 -0.182023 -0.148603 0.970273 0.057916 0.028910 0.084545 0.014802 0.013635 -0.017282 -0.027249 0.000340 0.003465 -0.001440 0.026448 -0.011201 0.018792 0.0000000 1 418.629359 418.629359 505.740581 286.574774 -0.020453 -0.024926 0.019510 -0.005656 -0.660094 0.642445 -0.268559 0.281810 -0.062419 0.031365 0.062150 0 1.00000000 0.00000000 0.00000000 1.00000000 0.00000000 1.00000000 1.00000000 0.00000000 0.00000000 1.00000000 0.00000000 1.00000000 0.00000000 0.00000000 0.00000000 0.00000000 0.00000000 0.00000000 0.00000000 0.00000000 0.00000000 0.00000000 0.00000000 0.00000000 1.00000000 0.00000000 0.00000000 0.00000000 1.00000000 
1700000033.90498 -0.179358 -0.158029 0.969518 0.053774 0.029202 0.084014 0.014024 0.015954 -0.017716 -0.024108 0.000406 0.003477 -0.001500 0.026304 -0.011245 0.018643 0.0000000 1 418.629359 418.629359 505.740581 286.574774 -0.020453 -0.024926 0.019510 -0.005656 -0.660094 0.642445 -0.268559 0.281810 -0.062419 0.031365 0.062150 0 1.00000000 0.00000000 0.00000000 1.00000000 0.00000000 1.00000000 1.00000000 0.00000000 0.00000000 1.00000000 0.00000000 1.00000000 0.00000000 0.00000000 0.00000000 0.00000000 0.00000000 0.00000000 0.00000000 0.00000000 0.00000000 0.00000000 0.00000000 0.00000000 1.00000000 0.00000000 0.00000000 0.00000000 1.00000000 
1700000033.93888 -0.176463 -0.167310 0.968706 0.049771 0.029641 0.083170 0.013259 0.017335 -0.020907 -0.022579 0.000374 0.003229 -0.001176 0.026217 -0.011371 0.018621 0.0000000 1 418.629359 418.629359 505.740581 286.574774 -0.020453 -0.024926 0.019510 -0.005656 -0.660094 0.642445 -0.268559 0.281810 -0.062419 0.031365 0.062150 0 1.00000000 0.00000000 0.00000000 1.00000000 0.00000000 1.00000000 1.00000000 0.00000000 0.00000000 1.00000000 0.00000000 1.00000000 0.00000000 0.00000000 0.00000000 0.00000000 0.00000000 0.00000000 0.00000000 0.00000000 0.00000000 0.00000000 0.00000000 0.00000000 1.00000000 0.00000000 0.00000000 0.00000000 1.00000000 
1700000033.97279 -0.174015 -0.176695 0.967714 0.045036 0.030275 0.082246 0.012415 0.022814 -0.024304 -0.024737 0.000436 0.003057 -0.000952 0.026115 -0.011522 0.018642 0.0000000 1 418.629359 418.629359 505.740581 286.574774 -0.020453 -0.024926 0.019510 -0.005656 -0.660094 0.642445 -0.268559 0.281810 -0.062419 0.031365 0.062150 0 1.00000000 0.00000000 0.00000000 1.00000000 0.00000000 1.00000000 1.00000000 0.00000000 0.00000000 1.00000000 0.00000000 1.00000000 0.00000000 0.00000000 0.00000000 0.00000000 0.00000000 0.00000000 0.00000000 0.00000000 0.00000000 0.00000000 0.00000000 0.00000000 1.00000000 0.00000000 0.00000000 0.00000000 1.00000000 
1700000034.00669 -0.171789 -0.186050 0.966608 0.039277 0.031029 0.080850 0.011569 0.029340 -0.030703 -0.024945 0.000525 0.002755 -0.000550 0.026038 -0.011715 0.018639 0.0000000 1 418.629359 418.629359 505.740581 286.574774 -0.020453 -0.024926 0.019510 -0.005656 -0.660094 0.642445 -0.268559 0.281810 -0.062419 0.031365 0.062150 0 1.00000000 0.00000000 0.00000000 1.00000000 0.00000000 1.00000000 1.00000000 0.00000000 0.00000000 1.00000000 0.00000000 1.00000000 0.00000000 0.00000000 0.00000000 0.00000000 0.00000000 0.00000000 0.00000000 0.00000000 0.00000000 0.00000000 0.00000000 0.00000000 1.00000000 0.00000000 0.00000000 0.00000000 1.00000000 
1700000034.04060 -0.170953 -0.194335 0.965411 0.031467 0.032269 0.079397 0.010776 0.033262 -0.033307 -0.024100 0.000598 0.002474 -0.000101 0.025970 -0.011989 0.018696 0.0000000 1 418.629359 418.629359 505.740581 286.574774 -0.020453 -0.024926 0.019510 -0.005656 -0.660094 0.642445 -0.268559 0.281810 -0.062419 0.031365 0.062150 0 1.00000000 0.00000000 0.00000000 1.00000000 0.00000000 1.00000000 1.00000000 0.00000000 0.00000000 1.00000000 0.00000000 1.00000000 0.00000000 0.00000000 0.00000000 0.00000000 0.00000000 0.00000000 0.00000000 0.00000000 0.00000000 0.00000000 0.00000000 0.00000000 1.00000000 0.00000000 0.00000000 0.00000000 1.00000000 
1700000034.07450 -0.170706 -0.202295 0.964042 0.023652 0.032973 0.078682 0.010106 0.023106 -0.024837 -0.028724 0.000708 0.002335 -0.000019 0.025842 -0.011854 0.018614 0.0000000 1 418.629359 418.629359 505.740581 286.574774 -0.020453 -0.024926 0.019510 -0.005656 -0.660094 0.642445 -0.268559 0.281810 -0.062419 0.031365 0.062150 0 1.00000000 0.00000000 0.00000000 1.00000000 0.00000000 1.00000000 1.00000000 0.00000000 0.00000000 1.00000000 0.00000000 1.00000000 0.00000000 0.00000000 0.00000000 0.00000000 0.00000000 0.00000000 0.00000000 0.00000000 0.00000000 0.00000000 0.00000000 0.00000000 1.00000000 0.00000000 0.00000000 0.00000000 1.00000000 
1700000034.10841 -0.168530 -0.211988 0.962472 0.017500 0.033382 0.078460 0.009310 0.018095 -0.014440 -0.039529 0.001133 0.002313 -0.000013 0.025707 -0.011519 0.018494 0.0000000 1 418.629359 418.629359 505.740581 286.574774 -0.020453 -0.024926 0.019510 -0.005656 -0.660094 0.642445 -0.268559 0.281810 -0.062419 0.031365 0.062150 0 1.00000000 0.00000000 0.00000000 1.00000000 0.00000000 1.00000000 1.00000000 0.00000000 0.00000000 1.00000000 0.00000000 1.00000000 0.00000000 0.00000000 0.00000000 0.00000000 0.00000000 0.00000000 0.00000000 0.00000000 0.00000000 0.00000000 0.00000000 0.00000000 1.00000000 0.00000000 0.00000000 0.00000000 1.00000000 
1700000034.14231 -0.164657 -0.223890 0.960525 0.012388 0.033848 0.078128 0.008219 0.018903 -0.009902 -0.038773 0.001483 0.002281 0.000056 0.025587 -0.011275 0.018379 0.0000000 1 418.629359 418.629359 505.740581 286.574774 -0.020453 -0.024926 0.019510 -0.005656 -0.660094 0.642445 -0.268559 0.281810 -0.062419 0.031365 0.062150 0 1.00000000 0.00000000 0.00000000 1.00000000 0.00000000 1.00000000 1.00000000 0.00000000 0.00000000 1.00000000 0.00000000 1.00000000 0.00000000 0.00000000 0.00000000 0.00000000 0.00000000 0.00000000 0.00000000 0.00000000 0.00000000 0.00000000 0.00000000 0.00000000 1.00000000 0.00000000 0.00000000 0.00000000 1.00000000 
1700000034.17622 -0.160740 -0.234280 0.958760 0.007454 0.034426 0.077200 0.007372 0.021481 -0.017878 -0.022347 0.001689 0.002141 0.000392 0.025411 -0.011199 0.018202 0.0000000 1 418.629359 418.629359 505.740581 286.574774 -0.020453 -0.024926 0.019510 -0.005656 -0.660094 0.642445 -0.268559 0.281810 -0.062419 0.031365 0.062150 0 1.00000000 0.00000000 0.00000000 1.00000000 0.00000000 1.00000000 1.00000000 0.00000000 0.00000000 1.00000000 0.00000000 1.00000000 0.00000000 0.00000000 0.00000000 0.00000000 0.00000000 0.00000000 0.00000000 0.00000000 0.00000000 0.00000000 0.00000000 0.00000000 1.00000000 0.00000000 0.00000000 0.00000000 1.00000000 
1700000034.21012 -0.157862 -0.242808 0.957141 0.002246 0.035528 0.075738 0.006892 0.029902 -0.025309 -0.015656 0.002103 0.001876 0.001137 0.025313 -0.011572 0.018147 0.0000000 1 418.629359 418.629359 505.740581 286.574774 -0.020453 -0.024926 0.019510 -0.005656 -0.660094 0.642445 -0.268559 0.281810 -0.062419 0.031365 0.062150 0 1.00000000 0.00000000 0.00000000 1.00000000 0.00000000 1.00000000 1.00000000 0.00000000 0.00000000 1.00000000 0.00000000 1.00000000 0.00000000 0.00000000 0.00000000 0.00000000 0.00000000 0.00000000 0.00000000 0.00000000 0.00000000 0.00000000 0.00000000 0.00000000 1.00000000 0.00000000 0.00000000 0.00000000 1.00000000 
1700000034.24403 0.156293 0.249219 -0.955746 0.003451 0.036651 0.074631 0.006391 0.026831 -0.025428 -0.011625 0.002086 0.001775 0.001779 0.025306 -0.011854 0.018183 0.0000000 1 418.629359 418.629359 505.740581 286.574774 -0.020453 -0.024926 0.019510 -0.005656 -0.660094 0.642445 -0.268559 0.281810 -0.062419 0.031365 0.062150 0 1.00000000 0.00000000 0.00000000 1.00000000 0.00000000 1.00000000 1.00000000 0.00000000 0.00000000 1.00000000 0.00000000 1.00000000 0.00000000 0.00000000 0.00000000 0.00000000 0.00000000 0.00000000 0.00000000 0.00000000 0.00000000 0.00000000 0.00000000 0.00000000 1.00000000 0.00000000 0.00000000 0.00000000 1.00000000 
1700000034.27793 0.155763 0.254091 -0.954523 0.007807 0.037543 0.073830 0.005923 0.023499 -0.020951 -0.018270 0.002067 0.001596 0.002339 0.025413 -0.012092 0.018301 0.0000000 1 418.629359 418.629359 505.740581 286.574774 -0.020453 -0.024926 0.019510 -0.005656 -0.660094 0.642445 -0.268559 0.281810 -0.062419 0.031365 0.062150 0 1.00000000 0.00000000 0.00000000 1.00000000 0.00000000 1.00000000 1.00000000 0.00000000 0.00000000 1.00000000 0.00000000 1.00000000 0.00000000 0.00000000 0.00000000 0.00000000 0.00000000 0.00000000 0.00000000 0.00000000 0.00000000 0.00000000 0.00000000 0.00000000 1.00000000 0.00000000 0.00000000 0.00000000 1.00000000 
1700000034.31184 0.155824 0.260012 -0.952873 0.012037 0.038207 0.073379 0.005272 0.021450 -0.013706 -0.026276 0.002168 0.001366 0.002559 0.025548 -0.012139 0.018416 0.0000000 1 418.629359 418.629359 505.740581 286.574774 -0.020453 -0.024926 0.019510 -0.005656 -0.660094 0.642445 -0.268559 0.281810 -0.062419 0.031365 0.062150 0 1.00000000 0.00000000 0.00000000 1.00000000 0.00000000 1.00000000 1.00000000 0.00000000 0.00000000 1.00000000 0.00000000 1.00000000 0.00000000 0.00000000 0.00000000 0.00000000 0.00000000 0.00000000 0.00000000 0.00000000 0.00000000 0.00000000 0.00000000 0.00000000 1.00000000 0.00000000 0.00000000 0.00000000 1.00000000 
1700000034.34574 0.155601 0.266373 -0.951098 0.015718 0.038697 0.072937 0.004500 0.015259 -0.010941 -0.023770 0.002402 0.001285 0.002875 0.025617 -0.011927 0.018476 0.0000000 1 418.629359 418.629359 505.740581 286.574774 -0.020453 -0.024926 0.019510 -0.005656 -0.660094 0.642445 -0.268559 0.281810 -0.062419 0.031365 0.062150 0 1.00000000 0.00000000 0.00000000 1.00000000 0.00000000 1.00000000 1.00000000 0.00000000 0.00000000 1.00000000 0.00000000 1.00000000 0.00000000 0.00000000 0.00000000 0.00000000 0.00000000 0.00000000 0.00000000 0.00000000 0.00000000 0.00000000 0.00000000 0.00000000 1.00000000 0.00000000 0.00000000 0.00000000 1.00000000 
1700000034.37965 0.155381 0.272527 -0.949338 0.018526 0.039078 0.072802 0.003969 0.013693 -0.005723 -0.024683 0.002526 0.001122 0.003008 0.025787 -0.011683 0.018555 0.0000000 1 418.629359 418.629359 505.740581 286.574774 -0.020453 -0.024926 0.019510 -0.005656 -0.660094 0.642445 -0.268559 0.281810 -0.062419 0.031365 0.062150 0 1.00000000 0.00000000 0.00000000 1.00000000 0.00000000 1.00000000 1.00000000 0.00000000 0.00000000 1.00000000 0.00000000 1.00000000 0.00000000 0.00000000 0.00000000 0.00000000 0.00000000 0.00000000 0.00000000 0.00000000 0.00000000 0.00000000 0.00000000 0.00000000 1.00000000 0.00000000 0.00000000 0.00000000 1.00000000 
1700000034.41355 0.154341 0.279825 -0.947330 0.021049 0.039397 0.072819 0.003492 0.013871 -0.001239 -0.023988 0.002672 0.000976 0.003105 0.025957 -0.011211 0.018658 0.0000000 1 418.629359 418.629359 505.740581 286.574774 -0.020453 -0.024926 0.019510 -0.005656 -0.660094 0.642445 -0.268559 0.281810 -0.062419 0.031365 0.062150 0 1.00000000 0.00000000 0.00000000 1.00000000 0.00000000 1.00000000 1.00000000 0.00000000 0.00000000 1.00000000 0.00000000 1.00000000 0.00000000 0.00000000 0.00000000 0.00000000 0.00000000 0.00000000 0.00000000 0.00000000 0.00000000 0.00000000 0.00000000 0.00000000 1.00000000 0.00000000 0.00000000 0.00000000 1.00000000 
1700000034.44746 0.152109 0.288539 -0.945023 0.023248 0.039506 0.072973 0.002795 0.012347 0.001533 -0.025510 0.002929 0.000914 0.003197 0.026194 -0.010764 0.018841 0.0000000 1 418.629359 418.629359 505.740581 286.574774 -0.020453 -0.024926 0.019510 -0.005656 -0.660094 0.642445 -0.268559 0.281810 -0.062419 0.031365 0.062150 0 1.00000000 0.00000000 0.00000000 1.00000000 0.00000000 1.00000000 1.00000000 0.00000000 0.00000000 1.00000000 0.00000000 1.00000000 0.00000000 0.00000000 0.00000000 0.00000000 0.00000000 0.00000000 0.00000000 0.00000000 0.00000000 0.00000000 0.00000000 0.00000000 1.00000000 0.00000000 0.00000000 0.00000000 1.00000000 
1700000034.48136 0.148010 0.298081 -0.942671 0.024760 0.039552 0.072928 0.002304 0.010172 -0.000933 -0.019866 0.003106 0.000741 0.003359 0.026257 -0.010017 0.018915 0.0000000 1 418.629359 418.629359 505.740581 286.574774 -0.020453 -0.024926 0.019510 -0.005656 -0.660094 0.642445 -0.268559 0.281810 -0.062419 0.031365 0.062150 0 1.00000000 0.00000000 0.00000000 1.00000000 0.00000000 1.00000000 1.00000000 0.00000000 0.00000000 1.00000000 0.00000000 1.00000000 0.00000000 0.00000000 0.00000000 0.00000000 0.00000000 0.00000000 0.00000000 0.00000000 0.00000000 0.00000000 0.00000000 0.00000000 1.00000000 0.00000000 0.00000000 0.00000000 1.00000000 
1700000034.51527 0.143167 0.307570 -0.940327 0.026252 0.039790 0.072765 0.001630 0.010909 -0.005627 -0.017494 0.003216 0.000663 0.003507 0.026342 -0.010092 0.019002 0.0000000 1 418.629359 418.629359 505.740581 286.574774 -0.020453 -0.024926 0.019510 -0.005656 -0.660094 0.642445 -0.268559 0.281810 -0.062419 0.031365 0.062150 0 1.00000000 0.00000000 0.00000000 1.00000000 0.00000000 1.00000000 1.00000000 0.00000000 0.00000000 1.00000000 0.00000000 1.00000000 0.00000000 0.00000000 0.00000000 0.00000000 0.00000000 0.00000000 0.00000000 0.00000000 0.00000000 0.00000000 0.00000000 0.00000000 1.00000000 0.00000000 0.00000000 0.00000000 1.00000000 
1700000034.54917 0.139381 0.315198 -0.938321 0.027883 0.040015 0.072151 0.001034 0.010051 -0.015786 -0.009976 0.003060 0.000384 0.003680 0.026178 -0.010376 0.018949 0.0000000 1 418.629359 418.629359 505.740581 286.574774 -0.020453 -0.024926 0.019510 -0.005656 -0.660094 0.642445 -0.268559 0.281810 -0.062419 0.031365 0.062150 0 1.00000000 0.00000000 0.00000000 1.00000000 0.00000000 1.00000000 1.00000000 0.00000000 0.00000000 1.00000000 0.00000000 1.00000000 0.00000000 0.00000000 0.00000000 0.00000000 0.00000000 0.00000000 0.00000000 0.00000000 0.00000000 0.00000000 0.00000000 0.00000000 1.00000000 0.00000000 0.00000000 0.00000000 1.00000000 
1700000034.58308 0.136784 0.319973 -0.937036 0.029532 0.040504 0.071568 0.000683 0.013247 -0.018675 -0.007776 0.002702 0.000073 0.003871 0.026307 -0.010954 0.018994 0.0000000 1 418.629359 418.629359 505.740581 286.574774 -0.020453 -0.024926 0.019510 -0.005656 -0.660094 0.642445 -0.268559 0.281810 -0.062419 0.031365 0.062150 0 1.00000000 0.00000000 0.00000000 1.00000000 0.00000000 1.00000000 1.00000000 0.00000000 0.00000000 1.00000000 0.00000000 1.00000000 0.00000000 0.00000000 0.00000000 0.00000000 0.00000000 0.00000000 0.00000000 0.00000000 0.00000000 0.00000000 0.00000000 0.00000000 1.00000000 0.00000000 0.00000000 0.00000000 1.00000000 
1700000034.61698 0.135658 0.323110 -0.936068 0.031202 0.041057 0.071097 0.000196 0.014768 -0.017441 -0.008909 0.002281 -0.000116 0.004068 0.026567 -0.011863 0.019153 0.0000000 1 418.629359 418.629359 505.740581 286.574774 -0.020453 -0.024926 0.019510 -0.005656 -0.660094 0.642445 -0.268559 0.281810 -0.062419 0.031365 0.062150 0 1.00000000 0.00000000 0.00000000 1.00000000 0.00000000 1.00000000 1.00000000 0.00000000 0.00000000 1.00000000 0.00000000 1.00000000 0.00000000 0.00000000 0.00000000 0.00000000 0.00000000 0.00000000 0.00000000 0.00000000 0.00000000 0.00000000 0.00000000 0.00000000 1.00000000 0.00000000 0.00000000 0.00000000 1.00000000 
1700000034.65089 0.135411 0.324787 -0.935481 0.032453 0.041479 0.070582 -0.000039 0.012561 -0.018429 -0.005373 0.001901 -0.000256 0.004227 0.026632 -0.011924 0.019221 0.0000000 1 418.629359 418.629359 505.740581 286.574774 -0.020453 -0.024926 0.019510 -0.005656 -0.660094 0.642445 -0.268559 0.281810 -0.062419 0.031365 0.062150 0 1.00000000 0.00000000 0.00000000 1.00000000 0.00000000 1.00000000 1.00000000 0.00000000 0.00000000 1.00000000 0.00000000 1.00000000 0.00000000 0.00000000 0.00000000 0.00000000 0.00000000 0.00000000 0.00000000 0.00000000 0.00000000 0.00000000 0.00000000 0.00000000 1.00000000 0.00000000 0.00000000 0.00000000 1.00000000 
1700000034.68479 0.135670 0.325333 -0.935227 0.033203 0.041877 0.070025 -0.000200 0.010996 -0.018382 -0.001900 0.001598 -0.000436 0.004483 0.026757 -0.012013 0.019328 0.0000000 1 418.629359 418.629359 505.740581 286.574774 -0.020453 -0.024926 0.019510 -0.005656 -0.660094 0.642445 -0.268559 0.281810 -0.062419 0.031365 0.062150 0 1.00000000 0.00000000 0.00000000 1.00000000 0.00000000 1.00000000 1.00000000 0.00000000 0.00000000 1.00000000 0.00000000 1.00000000 0.00000000 0.00000000 0.00000000 0.00000000 0.00000000 0.00000000 0.00000000 0.00000000 0.00000000 0.00000000 0.00000000 0.00000000 1.00000000 0.00000000 0.00000000 0.00000000 1.00000000 
1700000034.71870 0.135887 0.324798 -0.935378 0.033304 0.042041 0.069527 -0.000285 0.006343 -0.017177 0.000176 0.001371 -0.000527 0.004700 0.026928 -0.012055 0.019506 0.0000000 1 418.629359 418.629359 505.740581 286.574774 -0.020453 -0.024926 0.019510 -0.005656 -0.660094 0.642445 -0.268559 0.281810 -0.062419 0.031365 0.062150 0 1.00000000 0.00000000 0.00000000 1.00000000 0.00000000 1.00000000 1.00000000 0.00000000 0.00000000 1.00000000 0.00000000 1.00000000 0.00000000 0.00000000 0.00000000 0.00000000 0.00000000 0.00000000 0.00000000 0.00000000 0.00000000 0.00000000 0.00000000 0.00000000 1.00000000 0.00000000 0.00000000 0.00000000 1.00000000 
1700000034.75260 0.136045 0.323347 -0.935861 0.033202 0.042105 0.069003 -0.000311 0.004676 -0.017271 0.002872 0.001168 -0.000608 0.004825 0.027021 -0.012131 0.019623 0.0000000 1 418.629359 418.629359 505.740581 286.574774 -0.020453 -0.024926 0.019510 -0.005656 -0.660094 0.642445 -0.268559 0.281810 -0.062419 0.031365 0.062150 0 1.00000000 0.00000000 0.00000000 1.00000000 0.00000000 1.00000000 1.00000000 0.00000000 0.00000000 1.00000000 0.00000000 1.00000000 0.00000000 0.00000000 0.00000000 0.00000000 0.00000000 0.00000000 0.00000000 0.00000000 0.00000000 0.00000000 0.00000000 0.00000000 1.00000000 0.00000000 0.00000000 0.00000000 1.00000000 
1700000034.78651 0.136211 0.321095 -0.936622 0.032917 0.042136 0.068519 -0.000183 0.001240 -0.016720 0.005439 0.000969 -0.000654 0.004974 0.027158 -0.012086 0.019763 0.0000000 1 418.629359 418.629359 505.740581 286.574774 -0.020453 -0.024926 0.019510 -0.005656 -0.660094 0.642445 -0.268559 0.281810 -0.062419 0.031365 0.062150 0 1.00000000 0.00000000 0.00000000 1.00000000 0.00000000 1.00000000 1.00000000 0.00000000 0.00000000 1.00000000 0.00000000 1.00000000 0.00000000 0.00000000 0.00000000 0.00000000 0.00000000 0.00000000 0.00000000 0.00000000 0.00000000 0.00000000 0.00000000 0.00000000 1.00000000 0.00000000 0.00000000 0.00000000 1.00000000 
1700000034.82041 0.136314 0.318280 -0.937606 0.031801 0.041900 0.068021 0.000129 -0.005420 -0.016273 0.011364 0.000759 -0.000734 0.005159 0.027232 -0.011673 0.019894 0.0000000 1 418.629359 418.629359 505.740581 286.574774 -0.020453 -0.024926 0.019510 -0.005656 -0.660094 0.642445 -0.268559 0.281810 -0.062419 0.031365 0.062150 0 1.00000000 0.00000000 0.00000000 1.00000000 0.00000000 1.00000000 1.00000000 0.00000000 0.00000000 1.00000000 0.00000000 1.00000000 0.00000000 0.00000000 0.00000000 0.00000000 0.00000000 0.00000000 0.00000000 0.00000000 0.00000000 0.00000000 0.00000000 0.00000000 1.00000000 0.00000000 0.00000000 0.00000000 1.00000000 
1700000034.85432 0.136122 0.313665 -0.939260 0.029592 0.041532 0.067368 0.000662 -0.009869 -0.018580 0.023386 0.000400 -0.000883 0.005431 0.027205 -0.011438 0.019944 0.0000000 1 418.629359 418.629359 505.740581 286.574774 -0.020453 -0.024926 0.019510 -0.005656 -0.660094 0.642445 -0.268559 0.281810 -0.062419 0.031365 0.062150 0 1.00000000 0.00000000 0.00000000 1.00000000 0.00000000 1.00000000 1.00000000 0.00000000 0.00000000 1.00000000 0.00000000 1.00000000 0.00000000 0.00000000 0.00000000 0.00000000 0.00000000 0.00000000 0.00000000 0.00000000 0.00000000 0.00000000 0.00000000 0.00000000 1.00000000 0.00000000 0.00000000 0.00000000 1.00000000 
1700000034.88822 0.135856 0.306349 -0.941794 0.026794 0.041224 0.066571 0.001396 -0.008659 -0.021728 0.035894 -0.000166 -0.000964 0.005686 0.027133 -0.011887 0.019937 0.0000000 1 418.629359 418.629359 505.740581 286.574774 -0.020453 -0.024926 0.019510 -0.005656 -0.660094 0.642445 -0.268559 0.281810 -0.062419 0.031365 0.062150 0 1.00000000 0.00000000 0.00000000 1.00000000 0.00000000 1.00000000 1.00000000 0.00000000 0.00000000 1.00000000 0.00000000 1.00000000 0.00000000 0.00000000 0.00000000 0.00000000 0.00000000 0.00000000 0.00000000 0.00000000 0.00000000 0.00000000 0.00000000 0.00000000 1.00000000 0.00000000 0.00000000 0.00000000 1.00000000 
1700000034.92213 0.136187 0.295929 -0.945135 0.024496 0.041003 0.065621 0.002484 -0.007446 -0.026302 0.045295 -0.000713 -0.000957 0.005794 0.026997 -0.012495 0.019883 0.0000000 1 418.629359 418.629359 505.740581 286.574774 -0.020453 -0.024926 0.019510 -0.005656 -0.660094 0.642445 -0.268559 0.281810 -0.062419 0.031365 0.062150 0 1.00000000 0.00000000 0.00000000 1.00000000 0.00000000 1.00000000 1.00000000 0.00000000 0.00000000 1.00000000 0.00000000 1.00000000 0.00000000 0.00000000 0.00000000 0.00000000 0.00000000 0.00000000 0.00000000 0.00000000 0.00000000 0.00000000 0.00000000 0.00000000 1.00000000 0.00000000 0.00000000 0.00000000 1.00000000 
1700000034.95603 0.138199 0.283115 -0.948808 0.022594 0.040758 0.064522 0.003921 -0.007978 -0.030752 0.052205 -0.001194 -0.001012 0.005836 0.026835 -0.012960 0.019803 0.0000000 1 418.629359 418.629359 505.740581 286.574774 -0.020453 -0.024926 0.019510 -0.005656 -0.660094 0.642445 -0.268559 0.281810 -0.062419 0.031365 0.062150 0 1.00000000 0.00000000 0.00000000 1.00000000 0.00000000 1.00000000 1.00000000 0.00000000 0.00000000 1.00000000 0.00000000 1.00000000 0.00000000 0.00000000 0.00000000 0.00000000 0.00000000 0.00000000 0.00000000 0.00000000 0.00000000 0.00000000 0.00000000 0.00000000 1.00000000 0.00000000 0.00000000 0.00000000 1.00000000 
1700000034.98994 0.141108 0.268108 -0.952770 0.020890 0.040412 0.063700 0.005669 -0.009829 -0.027837 0.056669 -0.001657 -0.001043 0.005722 0.026879 -0.013302 0.019876 0.0000000 1 418.629359 418.629359 505.740581 286.574774 -0.020453 -0.024926 0.019510 -0.005656 -0.660094 0.642445 -0.268559 0.281810 -0.062419 0.031365 0.062150 0 1.00000000 0.00000000 0.00000000 1.00000000 0.00000000 1.00000000 1.00000000 0.00000000 0.00000000 1.00000000 0.00000000 1.00000000 0.00000000 0.00000000 0.00000000 0.00000000 0.00000000 0.00000000 0.00000000 0.00000000 0.00000000 0.00000000 0.00000000 0.00000000 1.00000000 0.00000000 0.00000000 0.00000000 1.00000000 
1700000035.02384 0.144436 0.252070 -0.956682 0.018921 0.039816 0.063067 0.007688 -0.015405 -0.022630 0.059733 -0.001993 -0.000995 0.005513 0.026855 -0.013221 0.019917 0.0000000 1 418.629359 418.629359 505.740581 286.574774 -0.020453 -0.024926 0.019510 -0.005656 -0.660094 0.642445 -0.268559 0.281810 -0.062419 0.031365 0.062150 0 1.00000000 0.00000000 0.00000000 1.00000000 0.00000000 1.00000000 1.00000000 0.00000000 0.00000000 1.00000000 0.00000000 1.00000000 0.00000000 0.00000000 0.00000000 0.00000000 0.00000000 0.00000000 0.00000000 0.00000000 0.00000000 0.00000000 0.00000000 0.00000000 1.00000000 0.00000000 0.00000000 0.00000000 1.00000000 
1700000035.05775 0.147423 0.234924 -0.960620 0.016933 0.039248 0.062487 0.009952 -0.012938 -0.019593 0.064661 -0.002285 -0.000967 0.005208 0.026725 -0.013043 0.019832 0.0000000 1 418.629359 418.629359 505.740581 286.574774 -0.020453 -0.024926 0.019510 -0.005656 -0.660094 0.642445 -0.268559 0.281810 -0.062419 0.031365 0.062150 0 1.00000000 0.00000000 0.00000000 1.00000000 0.00000000 1.00000000 1.00000000 0.00000000 0.00000000 1.00000000 0.00000000 1.00000000 0.00000000 0.00000000 0.00000000 0.00000000 0.00000000 0.00000000 0.00000000 0.00000000 0.00000000 0.00000000 0.00000000 0.00000000 1.00000000 0.00000000 0.00000000 0.00000000 1.00000000 
1700000035.09165 0.150358 0.216980 -0.964411 0.014976 0.038903 0.061931 0.012267 -0.010808 -0.018957 0.065327 -0.002516 -0.000898 0.005033 0.026604 -0.012970 0.019723 0.0000000 1 418.629359 418.629359 505.740581 286.574774 -0.020453 -0.024926 0.019510 -0.005656 -0.660094 0.642445 -0.268559 0.281810 -0.062419 0.031365 0.062150 0 1.00000000 0.00000000 0.00000000 1.00000000 0.00000000 1.00000000 1.00000000 0.00000000 0.00000000 1.00000000 0.00000000 1.00000000 0.00000000 0.00000000 0.00000000 0.00000000 0.00000000 0.00000000 0.00000000 0.00000000 0.00000000 0.00000000 0.00000000 0.00000000 1.00000000 0.00000000 0.00000000 0.00000000 1.00000000 
1700000035.12556 0.153795 0.198802 -0.967814 0.012714 0.038408 0.061772 0.014449 -0.014232 -0.012556 0.058570 -0.002760 -0.000756 0.004725 0.026609 -0.012919 0.019735 0.0000000 1 418.629359 418.629359 505.740581 286.574774 -0.020453 -0.024926 0.019510 -0.005656 -0.660094 0.642445 -0.268559 0.281810 -0.062419 0.031365 0.062150 0 1.00000000 0.00000000 0.00000000 1.00000000 0.00000000 1.00000000 1.00000000 0.00000000 0.00000000 1.00000000 0.00000000 1.00000000 0.00000000 0.00000000 0.00000000 0.00000000 0.00000000 0.00000000 0.00000000 0.00000000 0.00000000 0.00000000 0.00000000 0.00000000 1.00000000 0.00000000 0.00000000 0.00000000 1.00000000 
1700000035.15946 0.157761 0.181231 -0.970649 0.010377 0.037852 0.061676 0.016370 -0.014405 -0.008201 0.049106 -0.002841 -0.000647 0.004366 0.026507 -0.012817 0.019645 0.0000000 1 418.629359 418.629359 505.740581 286.574774 -0.020453 -0.024926 0.019510 -0.005656 -0.660094 0.642445 -0.268559 0.281810 -0.062419 0.031365 0.062150 0 1.00000000 0.00000000 0.00000000 1.00000000 0.00000000 1.00000000 1.00000000 0.00000000 0.00000000 1.00000000 0.00000000 1.00000000 0.00000000 0.00000000 0.00000000 0.00000000 0.00000000 0.00000000 0.00000000 0.00000000 0.00000000 0.00000000 0.00000000 0.00000000 1.00000000 0.00000000 0.00000000 0.00000000 1.00000000 
1700000035.19337 0.162283 0.163876 -0.973002 0.008700 0.037504 0.061961 0.017923 -0.012446 -0.001331 0.042059 -0.003007 -0.000386 0.003909 0.026461 -0.012883 0.019585 0.0000000 1 418.629359 418.629359 505.740581 286.574774 -0.020453 -0.024926 0.019510 -0.005656 -0.660094 0.642445 -0.268559 0.281810 -0.062419 0.031365 0.062150 0 1.00000000 0.00000000 0.00000000 1.00000000 0.00000000 1.00000000 1.00000000 0.00000000 0.00000000 1.00000000 0.00000000 1.00000000 0.00000000 0.00000000 0.00000000 0.00000000 0.00000000 0.00000000 0.00000000 0.00000000 0.00000000 0.00000000 0.00000000 0.00000000 1.00000000 0.00000000 0.00000000 0.00000000 1.00000000 
1700000035.22727 0.167699 0.146178 -0.974916 0.006958 0.037338 0.062387 0.019469 -0.006496 0.004255 0.041588 -0.003269 -0.000163 0.003504 0.026339 -0.012872 0.019373 0.0000000 1 418.629359 418.629359 505.740581 286.574774 -0.020453 -0.024926 0.019510 -0.005656 -0.660094 0.642445 -0.268559 0.281810 -0.062419 0.031365 0.062150 0 1.00000000 0.00000000 0.00000000 1.00000000 0.00000000 1.00000000 1.00000000 0.00000000 0.00000000 1.00000000 0.00000000 1.00000000 0.00000000 0.00000000 0.00000000 0.00000000 0.00000000 0.00000000 0.00000000 0.00000000 0.00000000 0.00000000 0.00000000 0.00000000 1.00000000 0.00000000 0.00000000 0.00000000 1.00000000 
1700000035.26118 0.173457 0.128334 -0.976428 0.005658 0.036874 0.062702 0.021237 -0.008083 0.005082 0.047927 -0.003321 0.000008 0.002982 0.026120 -0.012703 0.019091 0.0000000 1 418.629359 418.629359 505.740581 286.574774 -0.020453 -0.024926 0.019510 -0.005656 -0.660094 0.642445 -0.268559 0.281810 -0.062419 0.031365 0.062150 0 1.00000000 0.00000000 0.00000000 1.00000000 0.00000000 1.00000000 1.00000000 0.00000000 0.00000000 1.00000000 0.00000000 1.00000000 0.00000000 0.00000000 0.00000000 0.00000000 0.00000000 0.00000000 0.00000000 0.00000000 0.00000000 0.00000000 0.00000000 0.00000000 1.00000000 0.00000000 0.00000000 0.00000000 1.00000000 
1700000035.29508 0.178068 0.109857 -0.977859 0.003969 0.036509 0.063471 0.022722 -0.009867 0.008268 0.048059 -0.003704 0.000688 0.002520 0.025949 -0.012782 0.018860 0.0000000 1 418.629359 418.629359 505.740581 286.574774 -0.020453 -0.024926 0.019510 -0.005656 -0.660094 0.642445 -0.268559 0.281810 -0.062419 0.031365 0.062150 0 1.00000000 0.00000000 0.00000000 1.00000000 0.00000000 1.00000000 1.00000000 0.00000000 0.00000000 1.00000000 0.00000000 1.00000000 0.00000000 0.00000000 0.00000000 0.00000000 0.00000000 0.00000000 0.00000000 0.00000000 0.00000000 0.00000000 0.00000000 0.00000000 1.00000000 0.00000000 0.00000000 0.00000000 1.00000000 
1700000035.32899 0.183191 0.092327 -0.978731 0.001769 0.035846 0.064394 0.024428 -0.015260 0.013813 0.046317 -0.003910 0.000754 0.002023 0.025899 -0.012768 0.018756 0.0000000 1 418.629359 418.629359 505.740581 286.574774 -0.020453 -0.024926 0.019510 -0.005656 -0.660094 0.642445 -0.268559 0.281810 -0.062419 0.031365 0.062150 0 1.00000000 0.00000000 0.00000000 1.00000000 0.00000000 1.00000000 1.00000000 0.00000000 0.00000000 1.00000000 0.00000000 1.00000000 0.00000000 0.00000000 0.00000000 0.00000000 0.00000000 0.00000000 0.00000000 0.00000000 0.00000000 0.00000000 0.00000000 0.00000000 1.00000000 0.00000000 0.00000000 0.00000000 1.00000000 
1700000035.36289 -0.187927 -0.075561 0.979271 0.001311 0.035020 0.065367 0.026236 -0.018057 0.017168 0.046043 -0.004112 0.000738 0.001510 0.025847 -0.012751 0.018611 0.0000000 1 418.629359 418.629359 505.740581 286.574774 -0.020453 -0.024926 0.019510 -0.005656 -0.660094 0.642445 -0.268559 0.281810 -0.062419 0.031365 0.062150 0 1.00000000 0.00000000 0.00000000 1.00000000 0.00000000 1.00000000 1.00000000 0.00000000 0.00000000 1.00000000 0.00000000 1.00000000 0.00000000 0.00000000 0.00000000 0.00000000 0.00000000 0.00000000 0.00000000 0.00000000 0.00000000 0.00000000 0.00000000 0.00000000 1.00000000 0.00000000 0.00000000 0.00000000 1.00000000 
1700000035.39680 -0.192390 -0.059718 0.979493 0.003730 0.034310 0.066101 0.027765 -0.017184 0.016146 0.042243 -0.004088 0.000829 0.001009 0.025773 -0.012836 0.018511 0.0000000 1 418.629359 418.629359 505.740581 286.574774 -0.020453 -0.024926 0.019510 -0.005656 -0.660094 0.642445 -0.268559 0.281810 -0.062419 0.031365 0.062150 0 1.00000000 0.00000000 0.00000000 1.00000000 0.00000000 1.00000000 1.00000000 0.00000000 0.00000000 1.00000000 0.00000000 1.00000000 0.00000000 0.00000000 0.00000000 0.00000000 0.00000000 0.00000000 0.00000000 0.00000000 0.00000000 0.00000000 0.00000000 0.00000000 1.00000000 0.00000000 0.00000000 0.00000000 1.00000000 
1700000035.43070 -0.196663 -0.044736 0.979433 0.005836 0.033639 0.066869 0.029191 -0.016751 0.017586 0.040439 -0.004023 0.000943 0.000627 0.025722 -0.012892 0.018441 0.0000000 1 418.629359 418.629359 505.740581 286.574774 -0.020453 -0.024926 0.019510 -0.005656 -0.660094 0.642445 -0.268559 0.281810 -0.062419 0.031365 0.062150 0 1.00000000 0.00000000 0.00000000 1.00000000 0.00000000 1.00000000 1.00000000 0.00000000 0.00000000 1.00000000 0.00000000 1.00000000 0.00000000 0.00000000 0.00000000 0.00000000 0.00000000 0.00000000 0.00000000 0.00000000 0.00000000 0.00000000 0.00000000 0.00000000 1.00000000 0.00000000 0.00000000 0.00000000 1.00000000 
1700000035.46461 -0.201132 -0.029110 0.979094 0.008548 0.032741 0.067261 0.030717 -0.016623 0.017189 0.040738 -0.004360 0.000748 0.000735 0.025568 -0.013022 0.018241 0.0000000 1 418.629359 418.629359 505.740581 286.574774 -0.020453 -0.024926 0.019510 -0.005656 -0.660094 0.642445 -0.268559 0.281810 -0.062419 0.031365 0.062150 0 1.00000000 0.00000000 0.00000000 1.00000000 0.00000000 1.00000000 1.00000000 0.00000000 0.00000000 1.00000000 0.00000000 1.00000000 0.00000000 0.00000000 0.00000000 0.00000000 0.00000000 0.00000000 0.00000000 0.00000000 0.00000000 0.00000000 0.00000000 0.00000000 1.00000000 0.00000000 0.00000000 0.00000000 1.00000000 
1700000035.49851 -0.205492 -0.014168 0.978500 0.010511 0.032043 0.067502 0.031854 -0.013786 0.014083 0.036486 -0.004340 0.000829 0.000978 0.025386 -0.013135 0.018089 0.0000000 1 418.629359 418.629359 505.740581 286.574774 -0.020453 -0.024926 0.019510 -0.005656 -0.660094 0.642445 -0.268559 0.281810 -0.062419 0.031365 0.062150 0 1.00000000 0.00000000 0.00000000 1.00000000 0.00000000 1.00000000 1.00000000 0.00000000 0.00000000 1.00000000 0.00000000 1.00000000 0.00000000 0.00000000 0.00000000 0.00000000 0.00000000 0.00000000 0.00000000 0.00000000 0.00000000 0.00000000 0.00000000 0.00000000 1.00000000 0.00000000 0.00000000 0.00000000 1.00000000 
1700000035.53242 -0.209645 -0.000109 0.977696 0.012621 0.031473 0.068306 0.032701 -0.017623 0.013875 0.019737 -0.004542 0.000998 0.000899 0.025268 -0.013063 0.018129 0.0000000 1 418.629359 418.629359 505.740581 286.574774 -0.020453 -0.024926 0.019510 -0.005656 -0.660094 0.642445 -0.268559 0.281810 -0.062419 0.031365 0.062150 0 1.00000000 0.00000000 0.00000000 1.00000000 0.00000000 1.00000000 1.00000000 0.00000000 0.00000000 1.00000000 0.00000000 1.00000000 0.00000000 0.00000000 0.00000000 0.00000000 0.00000000 0.00000000 0.00000000 0.00000000 0.00000000 0.00000000 0.00000000 0.00000000 1.00000000 0.00000000 0.00000000 0.00000000 1.00000000 
1700000035.56632 -0.213616 0.012566 0.976736 0.014061 0.031189 0.068584 0.033846 -0.002734 0.013314 0.026391 -0.004455 0.001059 0.000778 0.025450 -0.013551 0.017730 0.0000000 1 418.629359 418.629359 505.740581 286.574774 -0.020453 -0.024926 0.019510 -0.005656 -0.660094 0.642445 -0.268559 0.281810 -0.062419 0.031365 0.062150 0 1.00000000 0.00000000 0.00000000 1.00000000 0.00000000 1.00000000 1.00000000 0.00000000 0.00000000 1.00000000 0.00000000 1.00000000 0.00000000 0.00000000 0.00000000 0.00000000 0.00000000 0.00000000 0.00000000 0.00000000 0.00000000 0.00000000 0.00000000 0.00000000 1.00000000 0.00000000 0.00000000 0.00000000 1.00000000 
1700000035.60023 -0.216927 0.026040 0.975750 0.013267 0.030936 0.068982 0.035017 -0.004901 0.013284 0.026829 -0.004314 0.001064 0.000574 0.025512 -0.013911 0.017493 0.0000000 1 418.629359 418.629359 505.740581 286.574774 -0.020453 -0.024926 0.019510 -0.005656 -0.660094 0.642445 -0.268559 0.281810 -0.062419 0.031365 0.062150 0 1.00000000 0.00000000 0.00000000 1.00000000 0.00000000 1.00000000 1.00000000 0.00000000 0.00000000 1.00000000 0.00000000 1.00000000 0.00000000 0.00000000 0.00000000 0.00000000 0.00000000 0.00000000 0.00000000 0.00000000 0.00000000 0.00000000 0.00000000 0.00000000 1.00000000 0.00000000 0.00000000 0.00000000 1.00000000 
1700000035.63413 -0.220467 0.039425 0.974495 0.014145 0.030147 0.069483 0.035664 -0.018942 0.014189 0.014764 -0.004244 0.001047 0.000587 0.025385 -0.014018 0.017418 0.0000000 1 418.629359 418.629359 505.740581 286.574774 -0.020453 -0.024926 0.019510 -0.005656 -0.660094 0.642445 -0.268559 0.281810 -0.062419 0.031365 0.062150 0 1.00000000 0.00000000 0.00000000 1.00000000 0.00000000 1.00000000 1.00000000 0.00000000 0.00000000 1.00000000 0.00000000 1.00000000 0.00000000 0.00000000 0.00000000 0.00000000 0.00000000 0.00000000 0.00000000 0.00000000 0.00000000 0.00000000 0.00000000 0.00000000 1.00000000 0.00000000 0.00000000 0.00000000 1.00000000 
1700000035.66804 -0.223906 0.053290 0.973015 0.016369 0.029432 0.069993 0.036198 -0.020889 0.016382 0.010783 -0.004274 0.001069 0.000600 0.025402 -0.014242 0.017266 0.0000000 1 418.629359 418.629359 505.740581 286.574774 -0.020453 -0.024926 0.019510 -0.005656 -0.660094 0.642445 -0.268559 0.281810 -0.062419 0.031365 0.062150 0 1.00000000 0.00000000 0.00000000 1.00000000 0.00000000 1.00000000 1.00000000 0.00000000 0.00000000 1.00000000 0.00000000 1.00000000 0.00000000 0.00000000 0.00000000 0.00000000 0.00000000 0.00000000 0.00000000 0.00000000 0.00000000 0.00000000 0.00000000 0.00000000 1.00000000 0.00000000 0.00000000 0.00000000 1.00000000 
1700000035.70194 -0.227873 0.067522 0.971172 0.018422 0.028769 0.070449 0.036818 -0.015688 0.015068 0.010161 -0.004070 0.000981 0.000556 0.025490 -0.014544 0.017058 0.0000000 1 418.629359 418.629359 505.740581 286.574774 -0.020453 -0.024926 0.019510 -0.005656 -0.660094 0.642445 -0.268559 0.281810 -0.062419 0.031365 0.062150 0 1.00000000 0.00000000 0.00000000 1.00000000 0.00000000 1.00000000 1.00000000 0.00000000 0.00000000 1.00000000 0.00000000 1.00000000 0.00000000 0.00000000 0.00000000 0.00000000 0.00000000 0.00000000 0.00000000 0.00000000 0.00000000 0.00000000 0.00000000 0.00000000 1.00000000 0.00000000 0.00000000 0.00000000 1.00000000 
1700000035.73585 -0.232037 0.081688 0.969056 0.020427 0.028052 0.070952 0.037339 -0.018572 0.018768 0.005737 -0.003884 0.000850 0.000659 0.025490 -0.014854 0.016851 0.0000000 1 418.629359 418.629359 505.740581 286.574774 -0.020453 -0.024926 0.019510 -0.005656 -0.660094 0.642445 -0.268559 0.281810 -0.062419 0.031365 0.062150 0 1.00000000 0.00000000 0.00000000 1.00000000 0.00000000 1.00000000 1.00000000 0.00000000 0.00000000 1.00000000 0.00000000 1.00000000 0.00000000 0.00000000 0.00000000 0.00000000 0.00000000 0.00000000 0.00000000 0.00000000 0.00000000 0.00000000 0.00000000 0.00000000 1.00000000 0.00000000 0.00000000 0.00000000 1.00000000 
1700000035.76975 -0.235690 0.095085 0.966876 0.023671 0.027346 0.071868 0.037278 -0.019851 0.021526 -0.006683 -0.003726 0.000957 0.000659 0.025317 -0.014820 0.016765 0.0000000 1 418.629359 418.629359 505.740581 286.574774 -0.020453 -0.024926 0.019510 -0.005656 -0.660094 0.642445 -0.268559 0.281810 -0.062419 0.031365 0.062150 0 1.00000000 0.00000000 0.00000000 1.00000000 0.00000000 1.00000000 1.00000000 0.00000000 0.00000000 1.00000000 0.00000000 1.00000000 0.00000000 0.00000000 0.00000000 0.00000000 0.00000000 0.00000000 0.00000000 0.00000000 0.00000000 0.00000000 0.00000000 0.00000000 1.00000000 0.00000000 0.00000000 0.00000000 1.00000000 
1700000035.80366 -0.239637 0.105885 0.964716 0.026204 0.026729 0.072533 0.037313 -0.009753 0.015617 -0.005355 -0.003364 0.000836 0.000442 0.025412 -0.015206 0.016557 0.0000000 1 418.629359 418.629359 505.740581 286.574774 -0.020453 -0.024926 0.019510 -0.005656 -0.660094 0.642445 -0.268559 0.281810 -0.062419 0.031365 0.062150 0 1.00000000 0.00000000 0.00000000 1.00000000 0.00000000 1.00000000 1.00000000 0.00000000 0.00000000 1.00000000 0.00000000 1.00000000 0.00000000 0.00000000 0.00000000 0.00000000 0.00000000 0.00000000 0.00000000 0.00000000 0.00000000 0.00000000 0.00000000 0.00000000 1.00000000 0.00000000 0.00000000 0.00000000 1.00000000 
1700000035.83756 -0.243191 0.115205 0.962704 0.028064 0.025858 0.072855 0.037295 -0.012168 0.010892 -0.006299 -0.002692 0.000434 0.000600 0.025216 -0.015204 0.016477 0.0000000 1 418.629359 418.629359 505.740581 286.574774 -0.020453 -0.024926 0.019510 -0.005656 -0.660094 0.642445 -0.268559 0.281810 -0.062419 0.031365 0.062150 0 1.00000000 0.00000000 0.00000000 1.00000000 0.00000000 1.00000000 1.00000000 0.00000000 0.00000000 1.00000000 0.00000000 1.00000000 0.00000000 0.00000000 0.00000000 0.00000000 0.00000000 0.00000000 0.00000000 0.00000000 0.00000000 0.00000000 0.00000000 0.00000000 1.00000000 0.00000000 0.00000000 0.00000000 1.00000000 
1700000035.87147 -0.246389 0.121843 0.960992 0.030691 0.024899 0.073660 0.036846 -0.012361 0.005983 -0.014258 -0.002143 0.000174 0.000341 0.024820 -0.014916 0.016439 0.0000000 1 418.629359 418.629359 505.740581 286.574774 -0.020453 -0.024926 0.019510 -0.005656 -0.660094 0.642445 -0.268559 0.281810 -0.062419 0.031365 0.062150 0 1.00000000 0.00000000 0.00000000 1.00000000 0.00000000 1.00000000 1.00000000 0.00000000 0.00000000 1.00000000 0.00000000 1.00000000 0.00000000 0.00000000 0.00000000 0.00000000 0.00000000 0.00000000 0.00000000 0.00000000 0.00000000 0.00000000 0.00000000 0.00000000 1.00000000 0.00000000 0.00000000 0.00000000 1.00000000 
1700000035.90537 -0.247453 0.125628 0.960169 0.032566 0.024606 0.074270 0.036309 -0.000623 0.001589 -0.013335 -0.001582 0.000249 -0.000132 0.024618 -0.014808 0.016365 0.0000000 1 418.629359 418.629359 505.740581 286.574774 -0.020453 -0.024926 0.019510 -0.005656 -0.660094 0.642445 -0.268559 0.281810 -0.062419 0.031365 0.062150 0 1.00000000 0.00000000 0.00000000 1.00000000 0.00000000 1.00000000 1.00000000 0.00000000 0.00000000 1.00000000 0.00000000 1.00000000 0.00000000 0.00000000 0.00000000 0.00000000 0.00000000 0.00000000 0.00000000 0.00000000 0.00000000 0.00000000 0.00000000 0.00000000 1.00000000 0.00000000 0.00000000 0.00000000 1.00000000 
1700000035.93928 -0.247807 0.126540 0.959950 0.032786 0.024360 0.074874 0.035800 0.006401 -0.001959 -0.013230 -0.000961 0.000211 -0.000826 0.024461 -0.014825 0.016267 0.0000000 1 418.629359 418.629359 505.740581 286.574774 -0.020453 -0.024926 0.019510 -0.005656 -0.660094 0.642445 -0.268559 0.281810 -0.062419 0.031365 0.062150 0 1.00000000 0.00000000 0.00000000 1.00000000 0.00000000 1.00000000 1.00000000 0.00000000 0.00000000 1.00000000 0.00000000 1.00000000 0.00000000 0.00000000 0.00000000 0.00000000 0.00000000 0.00000000 0.00000000 0.00000000 0.00000000 0.00000000 0.00000000 0.00000000 1.00000000 0.00000000 0.00000000 0.00000000 1.00000000 
1700000035.97318 -0.247337 0.125629 0.960200 0.032510 0.024528 0.075204 0.035143 0.008391 -0.003691 -0.014168 -0.000576 0.000268 -0.001210 0.024207 -0.014490 0.016318 0.0000000 1 418.629359 418.629359 505.740581 286.574774 -0.020453 -0.024926 0.019510 -0.005656 -0.660094 0.642445 -0.268559 0.281810 -0.062419 0.031365 0.062150 0 1.00000000 0.00000000 0.00000000 1.00000000 0.00000000 1.00000000 1.00000000 0.00000000 0.00000000 1.00000000 0.00000000 1.00000000 0.00000000 0.00000000 0.00000000 0.00000000 0.00000000 0.00000000 0.00000000 0.00000000 0.00000000 0.00000000 0.00000000 0.00000000 1.00000000 0.00000000 0.00000000 0.00000000 1.00000000 
1700000036.00709 -0.247481 0.123092 0.960505 0.032128 0.024530 0.075573 0.034658 0.011169 -0.003868 -0.012906 -0.000180 -0.000022 -0.001649 0.023999 -0.014209 0.016360 0.0000000 1 418.629359 418.629359 505.740581 286.574774 -0.020453 -0.024926 0.019510 -0.005656 -0.660094 0.642445 -0.268559 0.281810 -0.062419 0.031365 0.062150 0 1.00000000 0.00000000 0.00000000 1.00000000 0.00000000 1.00000000 1.00000000 0.00000000 0.00000000 1.00000000 0.00000000 1.00000000 0.00000000 0.00000000 0.00000000 0.00000000 0.00000000 0.00000000 0.00000000 0.00000000 0.00000000 0.00000000 0.00000000 0.00000000 1.00000000 0.00000000 0.00000000 0.00000000 1.00000000 
1700000036.04099 -0.246501 0.120177 0.961160 0.031089 0.025262 0.075459 0.034515 0.017504 -0.001936 -0.001948 -0.000015 0.000154 -0.001778 0.024116 -0.014256 0.016400 0.0000000 1 418.629359 418.629359 505.740581 286.574774 -0.020453 -0.024926 0.019510 -0.005656 -0.660094 0.642445 -0.268559 0.281810 -0.062419 0.031365 0.062150 0 1.00000000 0.00000000 0.00000000 1.00000000 0.00000000 1.00000000 1.00000000 0.00000000 0.00000000 1.00000000 0.00000000 1.00000000 0.00000000 0.00000000 0.00000000 0.00000000 0.00000000 0.00000000 0.00000000 0.00000000 0.00000000 0.00000000 0.00000000 0.00000000 1.00000000 0.00000000 0.00000000 0.00000000 1.00000000 
1700000036.07490 -0.246210 0.117210 0.961643 0.029747 0.025637 0.075524 0.033849 0.010703 -0.002784 -0.009592 0.000140 0.000399 -0.001924 0.023773 -0.013465 0.016726 0.0000000 1 418.629359 418.629359 505.740581 286.574774 -0.020453 -0.024926 0.019510 -0.005656 -0.660094 0.642445 -0.268559 0.281810 -0.062419 0.031365 0.062150 0 1.00000000 0.00000000 0.00000000 1.00000000 0.00000000 1.00000000 1.00000000 0.00000000 0.00000000 1.00000000 0.00000000 1.00000000 0.00000000 0.00000000 0.00000000 0.00000000 0.00000000 0.00000000 0.00000000 0.00000000 0.00000000 0.00000000 0.00000000 0.00000000 1.00000000 0.00000000 0.00000000 0.00000000 1.00000000 
1700000036.10880 -0.245567 0.112962 0.962339 0.028985 0.025957 0.075625 0.033253 0.013240 -0.001176 -0.009209 0.000239 0.000654 -0.002045 0.023581 -0.013147 0.016854 0.0000000 1 418.629359 418.629359 505.740581 286.574774 -0.020453 -0.024926 0.019510 -0.005656 -0.660094 0.642445 -0.268559 0.281810 -0.062419 0.031365 0.062150 0 1.00000000 0.00000000 0.00000000 1.00000000 0.00000000 1.00000000 1.00000000 0.00000000 0.00000000 1.00000000 0.00000000 1.00000000 0.00000000 0.00000000 0.00000000 0.00000000 0.00000000 0.00000000 0.00000000 0.00000000 0.00000000 0.00000000 0.00000000 0.00000000 1.00000000 0.00000000 0.00000000 0.00000000 1.00000000 
1700000036.14271 -0.243660 0.106878 0.963533 0.028465 0.026244 0.075653 0.032692 0.011472 -0.003112 -0.011462 0.000522 0.000977 -0.002075 0.023412 -0.012947 0.016940 0.0000000 1 418.629359 418.629359 505.740581 286.574774 -0.020453 -0.024926 0.019510 -0.005656 -0.660094 0.642445 -0.268559 0.281810 -0.062419 0.031365 0.062150 0 1.00000000 0.00000000 0.00000000 1.00000000 0.00000000 1.00000000 1.00000000 0.00000000 0.00000000 1.00000000 0.00000000 1.00000000 0.00000000 0.00000000 0.00000000 0.00000000 0.00000000 0.00000000 0.00000000 0.00000000 0.00000000 0.00000000 0.00000000 0.00000000 1.00000000 0.00000000 0.00000000 0.00000000 1.00000000 
1700000036.17661 -0.240884 0.099071 0.965065 0.028469 0.026485 0.075760 0.031955 0.007360 -0.001608 -0.018440 0.000741 0.001381 -0.001993 0.023205 -0.012803 0.016940 0.0000000 1 418.629359 418.629359 505.740581 286.574774 -0.020453 -0.024926 0.019510 -0.005656 -0.660094 0.642445 -0.268559 0.281810 -0.062419 0.031365 0.062150 0 1.00000000 0.00000000 0.00000000 1.00000000 0.00000000 1.00000000 1.00000000 0.00000000 0.00000000 1.00000000 0.00000000 1.00000000 0.00000000 0.00000000 0.00000000 0.00000000 0.00000000 0.00000000 0.00000000 0.00000000 0.00000000 0.00000000 0.00000000 0.00000000 1.00000000 0.00000000 0.00000000 0.00000000 1.00000000 
1700000036.21052 -0.237980 0.090404 0.966626 0.028763 0.026766 0.075764 0.031332 0.007350 0.000530 -0.017685 0.000853 0.001653 -0.001940 0.023251 -0.012958 0.016869 0.0000000 1 418.629359 418.629359 505.740581 286.574774 -0.020453 -0.024926 0.019510 -0.005656 -0.660094 0.642445 -0.268559 0.281810 -0.062419 0.031365 0.062150 0 1.00000000 0.00000000 0.00000000 1.00000000 0.00000000 1.00000000 1.00000000 0.00000000 0.00000000 1.00000000 0.00000000 1.00000000 0.00000000 0.00000000 0.00000000 0.00000000 0.00000000 0.00000000 0.00000000 0.00000000 0.00000000 0.00000000 0.00000000 0.00000000 1.00000000 0.00000000 0.00000000 0.00000000 1.00000000 
1700000036.24442 -0.235671 0.082571 0.967905 0.028292 0.027333 0.075663 0.030786 0.011745 -0.001246 -0.016246 0.000915 0.001929 -0.001946 0.023365 -0.012860 0.016962 0.0000000 1 418.629359 418.629359 505.740581 286.574774 -0.020453 -0.024926 0.019510 -0.005656 -0.660094 0.642445 -0.268559 0.281810 -0.062419 0.031365 0.062150 0 1.00000000 0.00000000 0.00000000 1.00000000 0.00000000 1.00000000 1.00000000 0.00000000 0.00000000 1.00000000 0.00000000 1.00000000 0.00000000 0.00000000 0.00000000 0.00000000 0.00000000 0.00000000 0.00000000 0.00000000 0.00000000 0.00000000 0.00000000 0.00000000 1.00000000 0.00000000 0.00000000 0.00000000 1.00000000 
1700000036.27833 -0.234457 0.074553 0.968899 0.026585 0.027930 0.075410 0.030135 0.017866 -0.005689 -0.019558 0.001093 0.002131 -0.001985 0.023414 -0.012709 0.017089 0.0000000 1 418.629359 418.629359 505.740581 286.574774 -0.020453 -0.024926 0.019510 -0.005656 -0.660094 0.642445 -0.268559 0.281810 -0.062419 0.031365 0.062150 0 1.00000000 0.00000000 0.00000000 1.00000000 0.00000000 1.00000000 1.00000000 0.00000000 0.00000000 1.00000000 0.00000000 1.00000000 0.00000000 0.00000000 0.00000000 0.00000000 0.00000000 0.00000000 0.00000000 0.00000000 0.00000000 0.00000000 0.00000000 0.00000000 1.00000000 0.00000000 0.00000000 0.00000000 1.00000000 
1700000036.31223 -0.232953 0.066153 0.969909 0.025169 0.028222 0.075330 0.029362 0.012091 -0.004224 -0.019776 0.001170 0.002381 -0.001774 0.023299 -0.012783 0.017025 0.0000000 1 418.629359 418.629359 505.740581 286.574774 -0.020453 -0.024926 0.019510 -0.005656 -0.660094 0.642445 -0.268559 0.281810 -0.062419 0.031365 0.062150 0 1.00000000 0.00000000 0.00000000 1.00000000 0.00000000 1.00000000 1.00000000 0.00000000 0.00000000 1.00000000 0.00000000 1.00000000 0.00000000 0.00000000 0.00000000 0.00000000 0.00000000 0.00000000 0.00000000 0.00000000 0.00000000 0.00000000 0.00000000 0.00000000 1.00000000 0.00000000 0.00000000 0.00000000 1.00000000 
1700000036.34614 -0.230596 0.055802 0.971132 0.024788 0.028405 0.075401 0.028417 0.010160 -0.003330 -0.023609 0.001521 0.002755 -0.001649 0.023046 -0.012736 0.016919 0.0000000 1 418.629359 418.629359 505.740581 286.574774 -0.020453 -0.024926 0.019510 -0.005656 -0.660094 0.642445 -0.268559 0.281810 -0.062419 0.031365 0.062150 0 1.00000000 0.00000000 0.00000000 1.00000000 0.00000000 1.00000000 1.00000000 0.00000000 0.00000000 1.00000000 0.00000000 1.00000000 0.00000000 0.00000000 0.00000000 0.00000000 0.00000000 0.00000000 0.00000000 0.00000000 0.00000000 0.00000000 0.00000000 0.00000000 1.00000000 0.00000000 0.00000000 0.00000000 1.00000000 
1700000036.38004 -0.227770 0.043798 0.972436 0.023891 0.028672 0.075286 0.027764 0.014999 -0.004029 -0.016224 0.001812 0.003035 -0.001623 0.023047 -0.013015 0.016748 0.0000000 1 418.629359 418.629359 505.740581 286.574774 -0.020453 -0.024926 0.019510 -0.005656 -0.660094 0.642445 -0.268559 0.281810 -0.062419 0.031365 0.062150 0 1.00000000 0.00000000 0.00000000 1.00000000 0.00000000 1.00000000 1.00000000 0.00000000 0.00000000 1.00000000 0.00000000 1.00000000 0.00000000 0.00000000 0.00000000 0.00000000 0.00000000 0.00000000 0.00000000 0.00000000 0.00000000 0.00000000 0.00000000 0.00000000 1.00000000 0.00000000 0.00000000 0.00000000 1.00000000 
1700000036.41395 -0.223855 0.031423 0.973851 0.022700 0.029156 0.075210 0.027158 0.017641 -0.004970 -0.015458 0.002059 0.003340 -0.001522 0.022932 -0.013039 0.016667 0.0000000 1 418.629359 418.629359 505.740581 286.574774 -0.020453 -0.024926 0.019510 -0.005656 -0.660094 0.642445 -0.268559 0.281810 -0.062419 0.031365 0.062150 0 1.00000000 0.00000000 0.00000000 1.00000000 0.00000000 1.00000000 1.00000000 0.00000000 0.00000000 1.00000000 0.00000000 1.00000000 0.00000000 0.00000000 0.00000000 0.00000000 0.00000000 0.00000000 0.00000000 0.00000000 0.00000000 0.00000000 0.00000000 0.00000000 1.00000000 0.00000000 0.00000000 0.00000000 1.00000000 
1700000036.44785 -0.219670 0.018897 0.975164 0.021076 0.029741 0.075050 0.026646 0.020031 -0.004215 -0.012449 0.002036 0.003622 -0.001424 0.022913 -0.013183 0.016566 0.0000000 1 418.629359 418.629359 505.740581 286.574774 -0.020453 -0.024926 0.019510 -0.005656 -0.660094 0.642445 -0.268559 0.281810 -0.062419 0.031365 0.062150 0 1.00000000 0.00000000 0.00000000 1.00000000 0.00000000 1.00000000 1.00000000 0.00000000 0.00000000 1.00000000 0.00000000 1.00000000 0.00000000 0.00000000 0.00000000 0.00000000 0.00000000 0.00000000 0.00000000 0.00000000 0.00000000 0.00000000 0.00000000 0.00000000 1.00000000 0.00000000 0.00000000 0.00000000 1.00000000 
1700000036.48176 -0.215573 0.006151 0.976274 0.019475 0.030135 0.074920 0.026136 0.015825 -0.006431 -0.017610 0.002193 0.003683 -0.001236 0.022808 -0.013199 0.016502 0.0000000 1 418.629359 418.629359 505.740581 286.574774 -0.020453 -0.024926 0.019510 -0.005656 -0.660094 0.642445 -0.268559 0.281810 -0.062419 0.031365 0.062150 0 1.00000000 0.00000000 0.00000000 1.00000000 0.00000000 1.00000000 1.00000000 0.00000000 0.00000000 1.00000000 0.00000000 1.00000000 0.00000000 0.00000000 0.00000000 0.00000000 0.00000000 0.00000000 0.00000000 0.00000000 0.00000000 0.00000000 0.00000000 0.00000000 1.00000000 0.00000000 0.00000000 0.00000000 1.00000000 
1700000036.51566 -0.211392 -0.007386 0.977214 0.017636 0.030748 0.074597 0.025312 0.021130 -0.008217 -0.020640 0.002242 0.003978 -0.001078 0.022669 -0.013114 0.016524 0.0000000 1 418.629359 418.629359 505.740581 286.574774 -0.020453 -0.024926 0.019510 -0.005656 -0.660094 0.642445 -0.268559 0.281810 -0.062419 0.031365 0.062150 0 1.00000000 0.00000000 0.00000000 1.00000000 0.00000000 1.00000000 1.00000000 0.00000000 0.00000000 1.00000000 0.00000000 1.00000000 0.00000000 0.00000000 0.00000000 0.00000000 0.00000000 0.00000000 0.00000000 0.00000000 0.00000000 0.00000000 0.00000000 0.00000000 1.00000000 0.00000000 0.00000000 0.00000000 1.00000000 
1700000036.54957 -0.206994 -0.020677 0.978009 0.014976 0.031222 0.074305 0.024710 0.020147 -0.007362 -0.016110 0.002270 0.004155 -0.001011 0.022598 -0.013245 0.016376 0.0000000 1 418.629359 418.629359 505.740581 286.574774 -0.020453 -0.024926 0.019510 -0.005656 -0.660094 0.642445 -0.268559 0.281810 -0.062419 0.031365 0.062150 0 1.00000000 0.00000000 0.00000000 1.00000000 0.00000000 1.00000000 1.00000000 0.00000000 0.00000000 1.00000000 0.00000000 1.00000000 0.00000000 0.00000000 0.00000000 0.00000000 0.00000000 0.00000000 0.00000000 0.00000000 0.00000000 0.00000000 0.00000000 0.00000000 1.00000000 0.00000000 0.00000000 0.00000000 1.00000000 
1700000036.58347 -0.203106 -0.032881 0.978530 0.012096 0.031726 0.073920 0.024376 0.019191 -0.006971 -0.008312 0.002156 0.004205 -0.000860 0.022555 -0.013361 0.016248 0.0000000 1 418.629359 418.629359 505.740581 286.574774 -0.020453 -0.024926 0.019510 -0.005656 -0.660094 0.642445 -0.268559 0.281810 -0.062419 0.031365 0.062150 0 1.00000000 0.00000000 0.00000000 1.00000000 0.00000000 1.00000000 1.00000000 0.00000000 0.00000000 1.00000000 0.00000000 1.00000000 0.00000000 0.00000000 0.00000000 0.00000000 0.00000000 0.00000000 0.00000000 0.00000000 0.00000000 0.00000000 0.00000000 0.00000000 1.00000000 0.00000000 0.00000000 0.00000000 1.00000000 
1700000036.61738 -0.198883 -0.043741 0.979001 0.009448 0.032308 0.073542 0.024282 0.018371 -0.006712 -0.001871 0.002003 0.004350 -0.000573 0.022496 -0.013479 0.016099 0.0000000 1 418.629359 418.629359 505.740581 286.574774 -0.020453 -0.024926 0.019510 -0.005656 -0.660094 0.642445 -0.268559 0.281810 -0.062419 0.031365 0.062150 0 1.00000000 0.00000000 0.00000000 1.00000000 0.00000000 1.00000000 1.00000000 0.00000000 0.00000000 1.00000000 0.00000000 1.00000000 0.00000000 0.00000000 0.00000000 0.00000000 0.00000000 0.00000000 0.00000000 0.00000000 0.00000000 0.00000000 0.00000000 0.00000000 1.00000000 0.00000000 0.00000000 0.00000000 1.00000000 
1700000036.65128 -0.195204 -0.053922 0.979249 0.007725 0.032104 0.073537 0.024330 0.001645 0.000705 -0.003050 0.001932 0.003946 -0.000353 0.022368 -0.013528 0.016024 0.0000000 1 418.629359 418.629359 505.740581 286.574774 -0.020453 -0.024926 0.019510 -0.005656 -0.660094 0.642445 -0.268559 0.281810 -0.062419 0.031365 0.062150 0 1.00000000 0.00000000 0.00000000 1.00000000 0.00000000 1.00000000 1.00000000 0.00000000 0.00000000 1.00000000 0.00000000 1.00000000 0.00000000 0.00000000 0.00000000 0.00000000 0.00000000 0.00000000 0.00000000 0.00000000 0.00000000 0.00000000 0.00000000 0.00000000 1.00000000 0.00000000 0.00000000 0.00000000 1.00000000 
1700000036.68518 -0.190706 -0.064040 0.979532 0.006861 0.032006 0.073686 0.024219 0.002635 0.002813 -0.005931 0.001998 0.003924 -0.000420 0.022281 -0.013541 0.015953 0.0000000 1 418.629359 418.629359 505.740581 286.574774 -0.020453 -0.024926 0.019510 -0.005656 -0.660094 0.642445 -0.268559 0.281810 -0.062419 0.031365 0.062150 0 1.00000000 0.00000000 0.00000000 1.00000000 0.00000000 1.00000000 1.00000000 0.00000000 0.00000000 1.00000000 0.00000000 1.00000000 0.00000000 0.00000000 0.00000000 0.00000000 0.00000000 0.00000000 0.00000000 0.00000000 0.00000000 0.00000000 0.00000000 0.00000000 1.00000000 0.00000000 0.00000000 0.00000000 1.00000000 
1700000036.71909 -0.186689 -0.074349 0.979591 0.004661 0.032316 0.073700 0.023996 0.014075 -0.002453 -0.009490 0.002060 0.003893 -0.000492 0.022233 -0.013562 0.015918 0.0000000 1 418.629359 418.629359 505.740581 286.574774 -0.020453 -0.024926 0.019510 -0.005656 -0.660094 0.642445 -0.268559 0.281810 -0.062419 0.031365 0.062150 0 1.00000000 0.00000000 0.00000000 1.00000000 0.00000000 1.00000000 1.00000000 0.00000000 0.00000000 1.00000000 0.00000000 1.00000000 0.00000000 0.00000000 0.00000000 0.00000000 0.00000000 0.00000000 0.00000000 0.00000000 0.00000000 0.00000000 0.00000000 0.00000000 1.00000000 0.00000000 0.00000000 0.00000000 1.00000000 
1700000036.75300 -0.182595 -0.085068 0.979497 0.002965 0.032505 0.073604 0.023641 0.012011 -0.006152 -0.015480 0.002307 0.003924 -0.000243 0.022218 -0.013495 0.015906 0.0000000 1 418.629359 418.629359 505.740581 286.574774 -0.020453 -0.024926 0.019510 -0.005656 -0.660094 0.642445 -0.268559 0.281810 -0.062419 0.031365 0.062150 0 1.00000000 0.00000000 0.00000000 1.00000000 0.00000000 1.00000000 1.00000000 0.00000000 0.00000000 1.00000000 0.00000000 1.00000000 0.00000000 0.00000000 0.00000000 0.00000000 0.00000000 0.00000000 0.00000000 0.00000000 0.00000000 0.00000000 0.00000000 0.00000000 1.00000000 0.00000000 0.00000000 0.00000000 1.00000000 
1700000036.78690 -0.178232 -0.096267 0.979266 0.002054 0.032826 0.073510 0.023345 0.014201 -0.002761 -0.013042 0.002391 0.003858 -0.000060 0.022189 -0.013503 0.015747 0.0000000 1 418.629359 418.629359 505.740581 286.574774 -0.020453 -0.024926 0.019510 -0.005656 -0.660094 0.642445 -0.268559 0.281810 -0.062419 0.031365 0.062150 0 1.00000000 0.00000000 0.00000000 1.00000000 0.00000000 1.00000000 1.00000000 0.00000000 0.00000000 1.00000000 0.00000000 1.00000000 0.00000000 0.00000000 0.00000000 0.00000000 0.00000000 0.00000000 0.00000000 0.00000000 0.00000000 0.00000000 0.00000000 0.00000000 1.00000000 0.00000000 0.00000000 0.00000000 1.00000000 
1700000036.82080 -0.173684 -0.106480 0.979028 0.000726 0.033360 0.073407 0.022979 0.017034 -0.002669 -0.009012 0.002178 0.004076 0.000129 0.022129 -0.013478 0.015658 0.0000000 1 418.629359 418.629359 505.740581 286.574774 -0.020453 -0.024926 0.019510 -0.005656 -0.660094 0.642445 -0.268559 0.281810 -0.062419 0.031365 0.062150 0 1.00000000 0.00000000 0.00000000 1.00000000 0.00000000 1.00000000 1.00000000 0.00000000 0.00000000 1.00000000 0.00000000 1.00000000 0.00000000 0.00000000 0.00000000 0.00000000 0.00000000 0.00000000 0.00000000 0.00000000 0.00000000 0.00000000 0.00000000 0.00000000 1.00000000 0.00000000 0.00000000 0.00000000 1.00000000 
1700000036.85471 0.169576 0.117083 -0.978536 0.001294 0.034008 0.073377 0.022681 0.023911 -0.002886 -0.008810 0.002239 0.004210 0.000215 0.022083 -0.013462 0.015622 0.0000000 1 418.629359 418.629359 505.740581 286.574774 -0.020453 -0.024926 0.019510 -0.005656 -0.660094 0.642445 -0.268559 0.281810 -0.062419 0.031365 0.062150 0 1.00000000 0.00000000 0.00000000 1.00000000 0.00000000 1.00000000 1.00000000 0.00000000 0.00000000 1.00000000 0.00000000 1.00000000 0.00000000 0.00000000 0.00000000 0.00000000 0.00000000 0.00000000 0.00000000 0.00000000 0.00000000 0.00000000 0.00000000 0.00000000 1.00000000 0.00000000 0.00000000 0.00000000 1.00000000 
1700000036.88861 0.165630 0.127713 -0.977875 0.003967 0.034491 0.073360 0.022483 0.023028 -0.002155 -0.005489 0.002263 0.004237 0.000213 0.022021 -0.013394 0.015617 0.0000000 1 418.629359 418.629359 505.740581 286.574774 -0.020453 -0.024926 0.019510 -0.005656 -0.660094 0.642445 -0.268559 0.281810 -0.062419 0.031365 0.062150 0 1.00000000 0.00000000 0.00000000 1.00000000 0.00000000 1.00000000 1.00000000 0.00000000 0.00000000 1.00000000 0.00000000 1.00000000 0.00000000 0.00000000 0.00000000 0.00000000 0.00000000 0.00000000 0.00000000 0.00000000 0.00000000 0.00000000 0.00000000 0.00000000 1.00000000 0.00000000 0.00000000 0.00000000 1.00000000 
1700000036.92252 0.161361 0.138996 -0.977036 0.006576 0.034929 0.073523 0.022171 0.019312 0.000226 -0.012095 0.002371 0.004298 0.000221 0.022016 -0.013322 0.015704 0.0000000 1 418.629359 418.629359 505.740581 286.574774 -0.020453 -0.024926 0.019510 -0.005656 -0.660094 0.642445 -0.268559 0.281810 -0.062419 0.031365 0.062150 0 1.00000000 0.00000000 0.00000000 1.00000000 0.00000000 1.00000000 1.00000000 0.00000000 0.00000000 1.00000000 0.00000000 1.00000000 0.00000000 0.00000000 0.00000000 0.00000000 0.00000000 0.00000000 0.00000000 0.00000000 0.00000000 0.00000000 0.00000000 0.00000000 1.00000000 0.00000000 0.00000000 0.00000000 1.00000000 
1700000036.95642 0.157165 0.151650 -0.975813 0.009473 0.034764 0.073679 0.021975 0.010450 0.002046 -0.012849 0.002717 0.004064 -0.000004 0.021980 -0.013162 0.015673 0.0000000 1 418.629359 418.629359 505.740581 286.574774 -0.020453 -0.024926 0.019510 -0.005656 -0.660094 0.642445 -0.268559 0.281810 -0.062419 0.031365 0.062150 0 1.00000000 0.00000000 0.00000000 1.00000000 0.00000000 1.00000000 1.00000000 0.00000000 0.00000000 1.00000000 0.00000000 1.00000000 0.00000000 0.00000000 0.00000000 0.00000000 0.00000000 0.00000000 0.00000000 0.00000000 0.00000000 0.00000000 0.00000000 0.00000000 1.00000000 0.00000000 0.00000000 0.00000000 1.00000000 
1700000036.99033 0.152292 0.164240 -0.974519 0.012076 0.034838 0.073938 0.021645 0.007045 0.002479 -0.017785 0.003013 0.004012 -0.000073 0.022018 -0.013112 0.015707 0.0000000 1 418.629359 418.629359 505.740581 286.574774 -0.020453 -0.024926 0.019510 -0.005656 -0.660094 0.642445 -0.268559 0.281810 -0.062419 0.031365 0.062150 0 1.00000000 0.00000000 0.00000000 1.00000000 0.00000000 1.00000000 1.00000000 0.00000000 0.00000000 1.00000000 0.00000000 1.00000000 0.00000000 0.00000000 0.00000000 0.00000000 0.00000000 0.00000000 0.00000000 0.00000000 0.00000000 0.00000000 0.00000000 0.00000000 1.00000000 0.00000000 0.00000000 0.00000000 1.00000000 
1700000037.02423 0.148040 0.177726 -0.972769 0.014771 0.034893 0.073984 0.021113 0.005671 0.001762 -0.019618 0.003246 0.003836 -0.000023 0.022051 -0.013059 0.015756 0.0000000 1 418.629359 418.629359 505.740581 286.574774 -0.020453 -0.024926 0.019510 -0.005656 -0.660094 0.642445 -0.268559 0.281810 -0.062419 0.031365 0.062150 0 1.00000000 0.00000000 0.00000000 1.00000000 0.00000000 1.00000000 1.00000000 0.00000000 0.00000000 1.00000000 0.00000000 1.00000000 0.00000000 0.00000000 0.00000000 0.00000000 0.00000000 0.00000000 0.00000000 0.00000000 0.00000000 0.00000000 0.00000000 0.00000000 1.00000000 0.00000000 0.00000000 0.00000000 1.00000000 
1700000037.05814 0.143835 0.190764 -0.970892 0.016984 0.034970 0.074046 0.020800 0.003288 0.000540 -0.018178 0.003281 0.003496 0.000257 0.022111 -0.012954 0.015743 0.0000000 1 418.629359 418.629359 505.740581 286.574774 -0.020453 -0.024926 0.019510 -0.005656 -0.660094 0.642445 -0.268559 0.281810 -0.062419 0.031365 0.062150 0 1.00000000 0.00000000 0.00000000 1.00000000 0.00000000 1.00000000 1.00000000 0.00000000 0.00000000 1.00000000 0.00000000 1.00000000 0.00000000 0.00000000 0.00000000 0.00000000 0.00000000 0.00000000 0.00000000 0.00000000 0.00000000 0.00000000 0.00000000 0.00000000 1.00000000 0.00000000 0.00000000 0.00000000 1.00000000 
1700000037.09204 0.139986 0.203644 -0.968807 0.018581 0.034759 0.074207 0.020522 -0.002538 0.002428 -0.011853 0.003198 0.003083 0.000396 0.022186 -0.012779 0.015769 0.0000000 1 418.629359 418.629359 505.740581 286.574774 -0.020453 -0.024926 0.019510 -0.005656 -0.660094 0.642445 -0.268559 0.281810 -0.062419 0.031365 0.062150 0 1.00000000 0.00000000 0.00000000 1.00000000 0.00000000 1.00000000 1.00000000 0.00000000 0.00000000 1.00000000 0.00000000 1.00000000 0.00000000 0.00000000 0.00000000 0.00000000 0.00000000 0.00000000 0.00000000 0.00000000 0.00000000 0.00000000 0.00000000 0.00000000 1.00000000 0.00000000 0.00000000 0.00000000 1.00000000 
1700000037.12595 0.136501 0.215078 -0.966814 0.019512 0.034535 0.074328 0.020405 -0.004658 0.000692 -0.010894 0.003116 0.002664 0.000584 0.022264 -0.012724 0.015793 0.0000000 1 418.629359 418.629359 505.740581 286.574774 -0.020453 -0.024926 0.019510 -0.005656 -0.660094 0.642445 -0.268559 0.281810 -0.062419 0.031365 0.062150 0 1.00000000 0.00000000 0.00000000 1.00000000 0.00000000 1.00000000 1.00000000 0.00000000 0.00000000 1.00000000 0.00000000 1.00000000 0.00000000 0.00000000 0.00000000 0.00000000 0.00000000 0.00000000 0.00000000 0.00000000 0.00000000 0.00000000 0.00000000 0.00000000 1.00000000 0.00000000 0.00000000 0.00000000 1.00000000 
1700000037.15985 0.133588 0.227019 -0.964472 0.020251 0.034302 0.074162 0.020239 -0.001926 -0.002813 -0.014289 0.003362 0.002109 0.000769 0.022356 -0.012829 0.015852 0.0000000 1 418.629359 418.629359 505.740581 286.574774 -0.020453 -0.024926 0.019510 -0.005656 -0.660094 0.642445 -0.268559 0.281810 -0.062419 0.031365 0.062150 0 1.00000000 0.00000000 0.00000000 1.00000000 0.00000000 1.00000000 1.00000000 0.00000000 0.00000000 1.00000000 0.00000000 1.00000000 0.00000000 0.00000000 0.00000000 0.00000000 0.00000000 0.00000000 0.00000000 0.00000000 0.00000000 0.00000000 0.00000000 0.00000000 1.00000000 0.00000000 0.00000000 0.00000000 1.00000000 
1700000037.19376 0.130593 0.237545 -0.962316 0.021584 0.034312 0.073820 0.019907 0.002805 -0.009890 -0.013970 0.003371 0.001788 0.001053 0.022379 -0.012826 0.015861 0.0000000 1 418.629359 418.629359 505.740581 286.574774 -0.020453 -0.024926 0.019510 -0.005656 -0.660094 0.642445 -0.268559 0.281810 -0.062419 0.031365 0.062150 0 1.00000000 0.00000000 0.00000000 1.00000000 0.00000000 1.00000000 1.00000000 0.00000000 0.00000000 1.00000000 0.00000000 1.00000000 0.00000000 0.00000000 0.00000000 0.00000000 0.00000000 0.00000000 0.00000000 0.00000000 0.00000000 0.00000000 0.00000000 0.00000000 1.00000000 0.00000000 0.00000000 0.00000000 1.00000000 
1700000037.22766 0.128331 0.248075 -0.959905 0.023934 0.034303 0.073629 0.019237 0.007635 -0.012919 -0.025913 0.003331 0.001608 0.001091 0.022538 -0.012736 0.016002 0.0000000 1 418.629359 418.629359 505.740581 286.574774 -0.020453 -0.024926 0.019510 -0.005656 -0.660094 0.642445 -0.268559 0.281810 -0.062419 0.031365 0.062150 0 1.00000000 0.00000000 0.00000000 1.00000000 0.00000000 1.00000000 1.00000000 0.00000000 0.00000000 1.00000000 0.00000000 1.00000000 0.00000000 0.00000000 0.00000000 0.00000000 0.00000000 0.00000000 0.00000000 0.00000000 0.00000000 0.00000000 0.00000000 0.00000000 1.00000000 0.00000000 0.00000000 0.00000000 1.00000000 
1700000037.26157 0.125605 0.259361 -0.957191 0.027216 0.034264 0.073155 0.018652 0.009668 -0.017862 -0.025295 0.003508 0.001370 0.001105 0.022542 -0.012213 0.016031 0.0000000 1 418.629359 418.629359 505.740581 286.574774 -0.020453 -0.024926 0.019510 -0.005656 -0.660094 0.642445 -0.268559 0.281810 -0.062419 0.031365 0.062150 0 1.00000000 0.00000000 0.00000000 1.00000000 0.00000000 1.00000000 1.00000000 0.00000000 0.00000000 1.00000000 0.00000000 1.00000000 0.00000000 0.00000000 0.00000000 0.00000000 0.00000000 0.00000000 0.00000000 0.00000000 0.00000000 0.00000000 0.00000000 0.00000000 1.00000000 0.00000000 0.00000000 0.00000000 1.00000000 
1700000037.29547 0.122425 0.269657 -0.954654 0.030546 0.034397 0.072795 0.018001 0.008602 -0.018811 -0.026924 0.003626 0.001222 0.001096 0.022753 -0.011932 0.016178 0.0000000 1 418.629359 418.629359 505.740581 286.574774 -0.020453 -0.024926 0.019510 -0.005656 -0.660094 0.642445 -0.268559 0.281810 -0.062419 0.031365 0.062150 0 1.00000000 0.00000000 0.00000000 1.00000000 0.00000000 1.00000000 1.00000000 0.00000000 0.00000000 1.00000000 0.00000000 1.00000000 0.00000000 0.00000000 0.00000000 0.00000000 0.00000000 0.00000000 0.00000000 0.00000000 0.00000000 0.00000000 0.00000000 0.00000000 1.00000000 0.00000000 0.00000000 0.00000000 1.00000000 
1700000037.32938 0.119454 0.279702 -0.952057 0.032939 0.034575 0.072417 0.017156 0.008759 -0.017907 -0.033092 0.003717 0.001122 0.001190 0.023013 -0.011682 0.016349 0.0000000 1 418.629359 418.629359 505.740581 286.574774 -0.020453 -0.024926 0.019510 -0.005656 -0.660094 0.642445 -0.268559 0.281810 -0.062419 0.031365 0.062150 0 1.00000000 0.00000000 0.00000000 1.00000000 0.00000000 1.00000000 1.00000000 0.00000000 0.00000000 1.00000000 0.00000000 1.00000000 0.00000000 0.00000000 0.00000000 0.00000000 0.00000000 0.00000000 0.00000000 0.00000000 0.00000000 0.00000000 0.00000000 0.00000000 1.00000000 0.00000000 0.00000000 0.00000000 1.00000000 
1700000037.36328 0.116500 0.288919 -0.949584 0.035265 0.034630 0.071818 0.016105 0.008465 -0.019247 -0.029256 0.003732 0.001054 0.001284 0.023108 -0.011474 0.016472 0.0000000 1 418.629359 418.629359 505.740581 286.574774 -0.020453 -0.024926 0.019510 -0.005656 -0.660094 0.642445 -0.268559 0.281810 -0.062419 0.031365 0.062150 0 1.00000000 0.00000000 0.00000000 1.00000000 0.00000000 1.00000000 1.00000000 0.00000000 0.00000000 1.00000000 0.00000000 1.00000000 0.00000000 0.00000000 0.00000000 0.00000000 0.00000000 0.00000000 0.00000000 0.00000000 0.00000000 0.00000000 0.00000000 0.00000000 1.00000000 0.00000000 0.00000000 0.00000000 1.00000000 
1700000037.39719 0.113911 0.295426 -0.947823 0.037142 0.034926 0.070854 0.015158 0.009727 -0.026209 -0.023162 0.003545 0.000966 0.001657 0.023138 -0.011569 0.016522 0.0000000 1 418.629359 418.629359 505.740581 286.574774 -0.020453 -0.024926 0.019510 -0.005656 -0.660094 0.642445 -0.268559 0.281810 -0.062419 0.031365 0.062150 0 1.00000000 0.00000000 0.00000000 1.00000000 0.00000000 1.00000000 1.00000000 0.00000000 0.00000000 1.00000000 0.00000000 1.00000000 0.00000000 0.00000000 0.00000000 0.00000000 0.00000000 0.00000000 0.00000000 0.00000000 0.00000000 0.00000000 0.00000000 0.00000000 1.00000000 0.00000000 0.00000000 0.00000000 1.00000000 
1700000037.43109 0.112434 0.300492 -0.946340 0.038788 0.035192 0.069702 0.014519 0.012219 -0.030560 -0.022714 0.003559 0.000642 0.001962 0.023317 -0.011492 0.016668 0.0000000 1 418.629359 418.629359 505.740581 286.574774 -0.020453 -0.024926 0.019510 -0.005656 -0.660094 0.642445 -0.268559 0.281810 -0.062419 0.031365 0.062150 0 1.00000000 0.00000000 0.00000000 1.00000000 0.00000000 1.00000000 1.00000000 0.00000000 0.00000000 1.00000000 0.00000000 1.00000000 0.00000000 0.00000000 0.00000000 0.00000000 0.00000000 0.00000000 0.00000000 0.00000000 0.00000000 0.00000000 0.00000000 0.00000000 1.00000000 0.00000000 0.00000000 0.00000000 1.00000000 
1700000037.46500 0.111218 0.304757 -0.945027 0.040952 0.035522 0.068469 0.013769 0.015320 -0.034720 -0.017211 0.003516 0.000473 0.002271 0.023457 -0.011449 0.016818 0.0000000 1 418.629359 418.629359 505.740581 286.574774 -0.020453 -0.024926 0.019510 -0.005656 -0.660094 0.642445 -0.268559 0.281810 -0.062419 0.031365 0.062150 0 1.00000000 0.00000000 0.00000000 1.00000000 0.00000000 1.00000000 1.00000000 0.00000000 0.00000000 1.00000000 0.00000000 1.00000000 0.00000000 0.00000000 0.00000000 0.00000000 0.00000000 0.00000000 0.00000000 0.00000000 0.00000000 0.00000000 0.00000000 0.00000000 1.00000000 0.00000000 0.00000000 0.00000000 1.00000000 
1700000037.49890 0.110104 0.307398 -0.944212 0.042992 0.035818 0.067310 0.013243 0.012442 -0.036654 -0.015606 0.003455 0.000357 0.002474 0.023722 -0.011350 0.017060 0.0000000 1 418.629359 418.629359 505.740581 286.574774 -0.020453 -0.024926 0.019510 -0.005656 -0.660094 0.642445 -0.268559 0.281810 -0.062419 0.031365 0.062150 0 1.00000000 0.00000000 0.00000000 1.00000000 0.00000000 1.00000000 1.00000000 0.00000000 0.00000000 1.00000000 0.00000000 1.00000000 0.00000000 0.00000000 0.00000000 0.00000000 0.00000000 0.00000000 0.00000000 0.00000000 0.00000000 0.00000000 0.00000000 0.00000000 1.00000000 0.00000000 0.00000000 0.00000000 1.00000000 
1700000037.53281 0.109270 0.310362 -0.943236 0.045172 0.036147 0.066291 0.012703 0.014491 -0.033110 -0.019264 0.003527 0.000257 0.002500 0.024057 -0.011287 0.017308 0.0000000 1 418.629359 418.629359 505.740581 286.574774 -0.020453 -0.024926 0.019510 -0.005656 -0.660094 0.642445 -0.268559 0.281810 -0.062419 0.031365 0.062150 0 1.00000000 0.00000000 0.00000000 1.00000000 0.00000000 1.00000000 1.00000000 0.00000000 0.00000000 1.00000000 0.00000000 1.00000000 0.00000000 0.00000000 0.00000000 0.00000000 0.00000000 0.00000000 0.00000000 0.00000000 0.00000000 0.00000000 0.00000000 0.00000000 1.00000000 0.00000000 0.00000000 0.00000000 1.00000000 
1700000037.56671 0.108419 0.313350 -0.942227 0.047597 0.036417 0.065270 0.012217 0.011320 -0.031795 -0.013939 0.003579 0.000134 0.002625 0.024333 -0.011055 0.017549 0.0000000 1 418.629359 418.629359 505.740581 286.574774 -0.020453 -0.024926 0.019510 -0.005656 -0.660094 0.642445 -0.268559 0.281810 -0.062419 0.031365 0.062150 0 1.00000000 0.00000000 0.00000000 1.00000000 0.00000000 1.00000000 1.00000000 0.00000000 0.00000000 1.00000000 0.00000000 1.00000000 0.00000000 0.00000000 0.00000000 0.00000000 0.00000000 0.00000000 0.00000000 0.00000000 0.00000000 0.00000000 0.00000000 0.00000000 1.00000000 0.00000000 0.00000000 0.00000000 1.00000000 
1700000037.60062 0.107347 0.315652 -0.941497 0.049234 0.036632 0.064358 0.011914 0.008864 -0.027518 -0.010475 0.003523 0.000040 0.002781 0.024634 -0.010802 0.017788 0.0000000 1 418.629359 418.629359 505.740581 286.574774 -0.020453 -0.024926 0.019510 -0.005656 -0.660094 0.642445 -0.268559 0.281810 -0.062419 0.031365 0.062150 0 1.00000000 0.00000000 0.00000000 1.00000000 0.00000000 1.00000000 1.00000000 0.00000000 0.00000000 1.00000000 0.00000000 1.00000000 0.00000000 0.00000000 0.00000000 0.00000000 0.00000000 0.00000000 0.00000000 0.00000000 0.00000000 0.00000000 0.00000000 0.00000000 1.00000000 0.00000000 0.00000000 0.00000000 1.00000000 
1700000037.63452 0.106005 0.317707 -0.940889 0.050539 0.036679 0.063545 0.011605 0.005836 -0.023866 -0.007756 0.003443 -0.000022 0.002877 0.024897 -0.010656 0.018044 0.0000000 1 418.629359 418.629359 505.740581 286.574774 -0.020453 -0.024926 0.019510 -0.005656 -0.660094 0.642445 -0.268559 0.281810 -0.062419 0.031365 0.062150 0 1.00000000 0.00000000 0.00000000 1.00000000 0.00000000 1.00000000 1.00000000 0.00000000 0.00000000 1.00000000 0.00000000 1.00000000 0.00000000 0.00000000 0.00000000 0.00000000 0.00000000 0.00000000 0.00000000 0.00000000 0.00000000 0.00000000 0.00000000 0.00000000 1.00000000 0.00000000 0.00000000 0.00000000 1.00000000 
1700000037.66843 0.104776 0.319048 -0.940536 0.051213 0.036816 0.062853 0.011185 0.005675 -0.018880 -0.008710 0.003204 -0.000095 0.003114 0.025266 -0.011026 0.018313 0.0000000 1 418.629359 418.629359 505.740581 286.574774 -0.020453 -0.024926 0.019510 -0.005656 -0.660094 0.642445 -0.268559 0.281810 -0.062419 0.031365 0.062150 0 1.00000000 0.00000000 0.00000000 1.00000000 0.00000000 1.00000000 1.00000000 0.00000000 0.00000000 1.00000000 0.00000000 1.00000000 0.00000000 0.00000000 0.00000000 0.00000000 0.00000000 0.00000000 0.00000000 0.00000000 0.00000000 0.00000000 0.00000000 0.00000000 1.00000000 0.00000000 0.00000000 0.00000000 1.00000000 
1700000037.70233 0.103895 0.319593 -0.940434 0.051473 0.036882 0.062165 0.010818 0.004065 -0.016320 -0.006537 0.002986 -0.000127 0.003339 0.025410 -0.011082 0.018469 0.0000000 1 418.629359 418.629359 505.740581 286.574774 -0.020453 -0.024926 0.019510 -0.005656 -0.660094 0.642445 -0.268559 0.281810 -0.062419 0.031365 0.062150 0 1.00000000 0.00000000 0.00000000 1.00000000 0.00000000 1.00000000 1.00000000 0.00000000 0.00000000 1.00000000 0.00000000 1.00000000 0.00000000 0.00000000 0.00000000 0.00000000 0.00000000 0.00000000 0.00000000 0.00000000 0.00000000 0.00000000 0.00000000 0.00000000 1.00000000 0.00000000 0.00000000 0.00000000 1.00000000 
1700000037.73624 0.103634 0.318839 -0.940738 0.051129 0.036956 0.061593 0.010541 0.001998 -0.012158 -0.003975 0.002721 -0.000179 0.003657 0.025606 -0.011186 0.018626 0.0000000 1 418.629359 418.629359 505.740581 286.574774 -0.020453 -0.024926 0.019510 -0.005656 -0.660094 0.642445 -0.268559 0.281810 -0.062419 0.031365 0.062150 0 1.00000000 0.00000000 0.00000000 1.00000000 0.00000000 1.00000000 1.00000000 0.00000000 0.00000000 1.00000000 0.00000000 1.00000000 0.00000000 0.00000000 0.00000000 0.00000000 0.00000000 0.00000000 0.00000000 0.00000000 0.00000000 0.00000000 0.00000000 0.00000000 1.00000000 0.00000000 0.00000000 0.00000000 1.00000000 
1700000037.77014 0.103932 0.316875 -0.941434 0.049903 0.036846 0.061132 0.010413 -0.001930 -0.006914 0.000356 0.002452 -0.000268 0.004015 0.025715 -0.011038 0.018767 0.0000000 1 418.629359 418.629359 505.740581 286.574774 -0.020453 -0.024926 0.019510 -0.005656 -0.660094 0.642445 -0.268559 0.281810 -0.062419 0.031365 0.062150 0 1.00000000 0.00000000 0.00000000 1.00000000 0.00000000 1.00000000 1.00000000 0.00000000 0.00000000 1.00000000 0.00000000 1.00000000 0.00000000 0.00000000 0.00000000 0.00000000 0.00000000 0.00000000 0.00000000 0.00000000 0.00000000 0.00000000 0.00000000 0.00000000 1.00000000 0.00000000 0.00000000 0.00000000 1.00000000 
1700000037.80405 0.105041 0.313485 -0.942528 0.048321 0.036556 0.060785 0.010491 -0.006238 -0.004416 0.004412 0.002130 -0.000444 0.004291 0.025713 -0.010869 0.018830 0.0000000 1 418.629359 418.629359 505.740581 286.574774 -0.020453 -0.024926 0.019510 -0.005656 -0.660094 0.642445 -0.268559 0.281810 -0.062419 0.031365 0.062150 0 1.00000000 0.00000000 0.00000000 1.00000000 0.00000000 1.00000000 1.00000000 0.00000000 0.00000000 1.00000000 0.00000000 1.00000000 0.00000000 0.00000000 0.00000000 0.00000000 0.00000000 0.00000000 0.00000000 0.00000000 0.00000000 0.00000000 0.00000000 0.00000000 1.00000000 0.00000000 0.00000000 0.00000000 1.00000000 
1700000037.83795 0.106597 0.309356 -0.943831 0.046033 0.036159 0.060757 0.010688 -0.010881 0.000559 0.004978 0.001859 -0.000603 0.004515 0.025887 -0.010769 0.018971 0.0000000 1 418.629359 418.629359 505.740581 286.574774 -0.020453 -0.024926 0.019510 -0.005656 -0.660094 0.642445 -0.268559 0.281810 -0.062419 0.031365 0.062150 0 1.00000000 0.00000000 0.00000000 1.00000000 0.00000000 1.00000000 1.00000000 0.00000000 0.00000000 1.00000000 0.00000000 1.00000000 0.00000000 0.00000000 0.00000000 0.00000000 0.00000000 0.00000000 0.00000000 0.00000000 0.00000000 0.00000000 0.00000000 0.00000000 1.00000000 0.00000000 0.00000000 0.00000000 1.00000000 
1700000037.87186 0.108198 0.304413 -0.945403 0.042881 0.035646 0.060700 0.010906 -0.011257 0.001726 0.010195 0.001600 -0.000705 0.004677 0.025864 -0.010676 0.019009 0.0000000 1 418.629359 418.629359 505.740581 286.574774 -0.020453 -0.024926 0.019510 -0.005656 -0.660094 0.642445 -0.268559 0.281810 -0.062419 0.031365 0.062150 0 1.00000000 0.00000000 0.00000000 1.00000000 0.00000000 1.00000000 1.00000000 0.00000000 0.00000000 1.00000000 0.00000000 1.00000000 0.00000000 0.00000000 0.00000000 0.00000000 0.00000000 0.00000000 0.00000000 0.00000000 0.00000000 0.00000000 0.00000000 0.00000000 1.00000000 0.00000000 0.00000000 0.00000000 1.00000000 
1700000037.90576 0.110167 0.297687 -0.947442 0.039989 0.035307 0.060551 0.011336 -0.006202 -0.000955 0.017706 0.001277 -0.000831 0.004791 0.025723 -0.010733 0.018949 0.0000000 1 418.629359 418.629359 505.740581 286.574774 -0.020453 -0.024926 0.019510 -0.005656 -0.660094 0.642445 -0.268559 0.281810 -0.062419 0.031365 0.062150 0 1.00000000 0.00000000 0.00000000 1.00000000 0.00000000 1.00000000 1.00000000 0.00000000 0.00000000 1.00000000 0.00000000 1.00000000 0.00000000 0.00000000 0.00000000 0.00000000 0.00000000 0.00000000 0.00000000 0.00000000 0.00000000 0.00000000 0.00000000 0.00000000 1.00000000 0.00000000 0.00000000 0.00000000 1.00000000 
1700000037.93967 0.112846 0.289344 -0.949825 0.037122 0.035003 0.060343 0.011948 -0.004000 -0.003489 0.022743 0.001001 -0.001002 0.005017 0.025657 -0.010792 0.018965 0.0000000 1 418.629359 418.629359 505.740581 286.574774 -0.020453 -0.024926 0.019510 -0.005656 -0.660094 0.642445 -0.268559 0.281810 -0.062419 0.031365 0.062150 0 1.00000000 0.00000000 0.00000000 1.00000000 0.00000000 1.00000000 1.00000000 0.00000000 0.00000000 1.00000000 0.00000000 1.00000000 0.00000000 0.00000000 0.00000000 0.00000000 0.00000000 0.00000000 0.00000000 0.00000000 0.00000000 0.00000000 0.00000000 0.00000000 1.00000000 0.00000000 0.00000000 0.00000000 1.00000000 
1700000037.97357 0.115757 0.279537 -0.952503 0.034596 0.034690 0.060131 0.012775 -0.001278 -0.005628 0.026331 0.000756 -0.001145 0.005061 0.025547 -0.010701 0.018974 0.0000000 1 418.629359 418.629359 505.740581 286.574774 -0.020453 -0.024926 0.019510 -0.005656 -0.660094 0.642445 -0.268559 0.281810 -0.062419 0.031365 0.062150 0 1.00000000 0.00000000 0.00000000 1.00000000 0.00000000 1.00000000 1.00000000 0.00000000 0.00000000 1.00000000 0.00000000 1.00000000 0.00000000 0.00000000 0.00000000 0.00000000 0.00000000 0.00000000 0.00000000 0.00000000 0.00000000 0.00000000 0.00000000 0.00000000 1.00000000 0.00000000 0.00000000 0.00000000 1.00000000 
1700000038.00748 0.118428 0.268751 -0.955349 0.032490 0.034537 0.059956 0.013778 0.001494 -0.006251 0.030268 0.000575 -0.001206 0.005162 0.025488 -0.010522 0.018984 0.0000000 1 418.629359 418.629359 505.740581 286.574774 -0.020453 -0.024926 0.019510 -0.005656 -0.660094 0.642445 -0.268559 0.281810 -0.062419 0.031365 0.062150 0 1.00000000 0.00000000 0.00000000 1.00000000 0.00000000 1.00000000 1.00000000 0.00000000 0.00000000 1.00000000 0.00000000 1.00000000 0.00000000 0.00000000 0.00000000 0.00000000 0.00000000 0.00000000 0.00000000 0.00000000 0.00000000 0.00000000 0.00000000 0.00000000 1.00000000 0.00000000 0.00000000 0.00000000 1.00000000 
1700000038.04138 0.120971 0.257372 -0.958229 0.030381 0.034332 0.060017 0.014946 0.000294 -0.003469 0.031326 0.000450 -0.001312 0.005160 0.025556 -0.010268 0.019082 0.0000000 1 418.629359 418.629359 505.740581 286.574774 -0.020453 -0.024926 0.019510 -0.005656 -0.660094 0.642445 -0.268559 0.281810 -0.062419 0.031365 0.062150 0 1.00000000 0.00000000 0.00000000 1.00000000 0.00000000 1.00000000 1.00000000 0.00000000 0.00000000 1.00000000 0.00000000 1.00000000 0.00000000 0.00000000 0.00000000 0.00000000 0.00000000 0.00000000 0.00000000 0.00000000 0.00000000 0.00000000 0.00000000 0.00000000 1.00000000 0.00000000 0.00000000 0.00000000 1.00000000 
1700000038.07529 0.123648 0.245781 -0.960992 0.028246 0.034055 0.060082 0.016130 -0.001959 -0.003487 0.032875 0.000289 -0.001475 0.005045 0.025521 -0.010100 0.019114 0.0000000 1 418.629359 418.629359 505.740581 286.574774 -0.020453 -0.024926 0.019510 -0.005656 -0.660094 0.642445 -0.268559 0.281810 -0.062419 0.031365 0.062150 0 1.00000000 0.00000000 0.00000000 1.00000000 0.00000000 1.00000000 1.00000000 0.00000000 0.00000000 1.00000000 0.00000000 1.00000000 0.00000000 0.00000000 0.00000000 0.00000000 0.00000000 0.00000000 0.00000000 0.00000000 0.00000000 0.00000000 0.00000000 0.00000000 1.00000000 0.00000000 0.00000000 0.00000000 1.00000000 
1700000038.10919 0.126751 0.233289 -0.963765 0.025850 0.033847 0.060433 0.017276 -0.003356 -0.000096 0.031466 0.000012 -0.001597 0.004846 0.025685 -0.010245 0.019246 0.0000000 1 418.629359 418.629359 505.740581 286.574774 -0.020453 -0.024926 0.019510 -0.005656 -0.660094 0.642445 -0.268559 0.281810 -0.062419 0.031365 0.062150 0 1.00000000 0.00000000 0.00000000 1.00000000 0.00000000 1.00000000 1.00000000 0.00000000 0.00000000 1.00000000 0.00000000 1.00000000 0.00000000 0.00000000 0.00000000 0.00000000 0.00000000 0.00000000 0.00000000 0.00000000 0.00000000 0.00000000 0.00000000 0.00000000 1.00000000 0.00000000 0.00000000 0.00000000 1.00000000 
1700000038.14310 0.130862 0.219897 -0.966414 0.023743 0.033751 0.060724 0.018190 0.001726 0.000041 0.027170 -0.000203 -0.001528 0.004531 0.025708 -0.010530 0.019298 0.0000000 1 418.629359 418.629359 505.740581 286.574774 -0.020453 -0.024926 0.019510 -0.005656 -0.660094 0.642445 -0.268559 0.281810 -0.062419 0.031365 0.062150 0 1.00000000 0.00000000 0.00000000 1.00000000 0.00000000 1.00000000 1.00000000 0.00000000 0.00000000 1.00000000 0.00000000 1.00000000 0.00000000 0.00000000 0.00000000 0.00000000 0.00000000 0.00000000 0.00000000 0.00000000 0.00000000 0.00000000 0.00000000 0.00000000 1.00000000 0.00000000 0.00000000 0.00000000 1.00000000 
1700000038.17700 0.136141 0.205957 -0.968782 0.022567 0.033799 0.061027 0.019098 0.006277 -0.000540 0.023480 -0.000300 -0.001519 0.004154 0.025657 -0.010620 0.019274 0.0000000 1 418.629359 418.629359 505.740581 286.574774 -0.020453 -0.024926 0.019510 -0.005656 -0.660094 0.642445 -0.268559 0.281810 -0.062419 0.031365 0.062150 0 1.00000000 0.00000000 0.00000000 1.00000000 0.00000000 1.00000000 1.00000000 0.00000000 0.00000000 1.00000000 0.00000000 1.00000000 0.00000000 0.00000000 0.00000000 0.00000000 0.00000000 0.00000000 0.00000000 0.00000000 0.00000000 0.00000000 0.00000000 0.00000000 1.00000000 0.00000000 0.00000000 0.00000000 1.00000000 
1700000038.21091 0.141719 0.192276 -0.970816 0.021498 0.033793 0.061325 0.020225 0.005431 -0.001598 0.024030 -0.000370 -0.001545 0.003810 0.025546 -0.010256 0.019143 0.0000000 1 418.629359 418.629359 505.740581 286.574774 -0.020453 -0.024926 0.019510 -0.005656 -0.660094 0.642445 -0.268559 0.281810 -0.062419 0.031365 0.062150 0 1.00000000 0.00000000 0.00000000 1.00000000 0.00000000 1.00000000 1.00000000 0.00000000 0.00000000 1.00000000 0.00000000 1.00000000 0.00000000 0.00000000 0.00000000 0.00000000 0.00000000 0.00000000 0.00000000 0.00000000 0.00000000 0.00000000 0.00000000 0.00000000 1.00000000 0.00000000 0.00000000 0.00000000 1.00000000 
1700000038.24481 0.146936 0.179309 -0.972555 0.019859 0.033712 0.061867 0.021322 0.003824 0.002836 0.023009 -0.000355 -0.001579 0.003464 0.025580 -0.009941 0.019110 0.0000000 1 418.629359 418.629359 505.740581 286.574774 -0.020453 -0.024926 0.019510 -0.005656 -0.660094 0.642445 -0.268559 0.281810 -0.062419 0.031365 0.062150 0 1.00000000 0.00000000 0.00000000 1.00000000 0.00000000 1.00000000 1.00000000 0.00000000 0.00000000 1.00000000 0.00000000 1.00000000 0.00000000 0.00000000 0.00000000 0.00000000 0.00000000 0.00000000 0.00000000 0.00000000 0.00000000 0.00000000 0.00000000 0.00000000 1.00000000 0.00000000 0.00000000 0.00000000 1.00000000 
1700000038.27872 0.151813 0.166707 -0.974088 0.017708 0.033553 0.062354 0.022498 0.005124 0.005452 0.025898 -0.000583 -0.001855 0.003111 0.025558 -0.009677 0.019065 0.0000000 1 418.629359 418.629359 505.740581 286.574774 -0.020453 -0.024926 0.019510 -0.005656 -0.660094 0.642445 -0.268559 0.281810 -0.062419 0.031365 0.062150 0 1.00000000 0.00000000 0.00000000 1.00000000 0.00000000 1.00000000 1.00000000 0.00000000 0.00000000 1.00000000 0.00000000 1.00000000 0.00000000 0.00000000 0.00000000 0.00000000 0.00000000 0.00000000 0.00000000 0.00000000 0.00000000 0.00000000 0.00000000 0.00000000 1.00000000 0.00000000 0.00000000 0.00000000 1.00000000 
1700000038.31262 0.156383 0.153698 -0.975538 0.015734 0.033578 0.062692 0.023617 0.005722 0.004331 0.029996 -0.000725 -0.002076 0.002801 0.025483 -0.009610 0.018997 0.0000000 1 418.629359 418.629359 505.740581 286.574774 -0.020453 -0.024926 0.019510 -0.005656 -0.660094 0.642445 -0.268559 0.281810 -0.062419 0.031365 0.062150 0 1.00000000 0.00000000 0.00000000 1.00000000 0.00000000 1.00000000 1.00000000 0.00000000 0.00000000 1.00000000 0.00000000 1.00000000 0.00000000 0.00000000 0.00000000 0.00000000 0.00000000 0.00000000 0.00000000 0.00000000 0.00000000 0.00000000 0.00000000 0.00000000 1.00000000 0.00000000 0.00000000 0.00000000 1.00000000 
1700000038.34653 0.161818 0.139933 -0.976746 0.014195 0.033816 0.062714 0.024687 0.010983 -0.000287 0.030314 -0.000806 -0.002350 0.002575 0.025402 -0.009694 0.018974 0.0000000 1 418.629359 418.629359 505.740581 286.574774 -0.020453 -0.024926 0.019510 -0.005656 -0.660094 0.642445 -0.268559 0.281810 -0.062419 0.031365 0.062150 0 1.00000000 0.00000000 0.00000000 1.00000000 0.00000000 1.00000000 1.00000000 0.00000000 0.00000000 1.00000000 0.00000000 1.00000000 0.00000000 0.00000000 0.00000000 0.00000000 0.00000000 0.00000000 0.00000000 0.00000000 0.00000000 0.00000000 0.00000000 0.00000000 1.00000000 0.00000000 0.00000000 0.00000000 1.00000000 
1700000038.38043 0.167717 0.125210 -0.977749 0.014127 0.034183 0.062669 0.025822 0.013506 -0.003041 0.033798 -0.000813 -0.002527 0.002363 0.025312 -0.009728 0.018936 0.0000000 1 418.629359 418.629359 505.740581 286.574774 -0.020453 -0.024926 0.019510 -0.005656 -0.660094 0.642445 -0.268559 0.281810 -0.062419 0.031365 0.062150 0 1.00000000 0.00000000 0.00000000 1.00000000 0.00000000 1.00000000 1.00000000 0.00000000 0.00000000 1.00000000 0.00000000 1.00000000 0.00000000 0.00000000 0.00000000 0.00000000 0.00000000 0.00000000 0.00000000 0.00000000 0.00000000 0.00000000 0.00000000 0.00000000 1.00000000 0.00000000 0.00000000 0.00000000 1.00000000 
1700000038.41434 0.174003 0.109404 -0.978549 0.013979 0.034459 0.062708 0.027049 0.009231 -0.004487 0.032305 -0.001065 -0.002739 0.002307 0.025240 -0.009697 0.018921 0.0000000 1 418.629359 418.629359 505.740581 286.574774 -0.020453 -0.024926 0.019510 -0.005656 -0.660094 0.642445 -0.268559 0.281810 -0.062419 0.031365 0.062150 0 1.00000000 0.00000000 0.00000000 1.00000000 0.00000000 1.00000000 1.00000000 0.00000000 0.00000000 1.00000000 0.00000000 1.00000000 0.00000000 0.00000000 0.00000000 0.00000000 0.00000000 0.00000000 0.00000000 0.00000000 0.00000000 0.00000000 0.00000000 0.00000000 1.00000000 0.00000000 0.00000000 0.00000000 1.00000000 
1700000038.44824 0.180474 0.094119 -0.978976 0.013268 0.034720 0.062888 0.028046 0.006549 -0.002123 0.025686 -0.001162 -0.002767 0.002305 0.025221 -0.009649 0.018919 0.0000000 1 418.629359 418.629359 505.740581 286.574774 -0.020453 -0.024926 0.019510 -0.005656 -0.660094 0.642445 -0.268559 0.281810 -0.062419 0.031365 0.062150 0 1.00000000 0.00000000 0.00000000 1.00000000 0.00000000 1.00000000 1.00000000 0.00000000 0.00000000 1.00000000 0.00000000 1.00000000 0.00000000 0.00000000 0.00000000 0.00000000 0.00000000 0.00000000 0.00000000 0.00000000 0.00000000 0.00000000 0.00000000 0.00000000 1.00000000 0.00000000 0.00000000 0.00000000 1.00000000 
1700000038.48215 0.186496 0.079447 -0.979160 0.012352 0.034861 0.063215 0.029035 0.005519 0.000608 0.022586 -0.001220 -0.002745 0.002202 0.025190 -0.009577 0.018781 0.0000000 1 418.629359 418.629359 505.740581 286.574774 -0.020453 -0.024926 0.019510 -0.005656 -0.660094 0.642445 -0.268559 0.281810 -0.062419 0.031365 0.062150 0 1.00000000 0.00000000 0.00000000 1.00000000 0.00000000 1.00000000 1.00000000 0.00000000 0.00000000 1.00000000 0.00000000 1.00000000 0.00000000 0.00000000 0.00000000 0.00000000 0.00000000 0.00000000 0.00000000 0.00000000 0.00000000 0.00000000 0.00000000 0.00000000 1.00000000 0.00000000 0.00000000 0.00000000 1.00000000 
1700000038.51605 0.191838 0.065721 -0.979160 0.011151 0.034824 0.063486 0.029828 0.001660 0.000856 0.017982 -0.001230 -0.002780 0.002214 0.025118 -0.009527 0.018656 0.0000000 1 418.629359 418.629359 505.740581 286.574774 -0.020453 -0.024926 0.019510 -0.005656 -0.660094 0.642445 -0.268559 0.281810 -0.062419 0.031365 0.062150 0 1.00000000 0.00000000 0.00000000 1.00000000 0.00000000 1.00000000 1.00000000 0.00000000 0.00000000 1.00000000 0.00000000 1.00000000 0.00000000 0.00000000 0.00000000 0.00000000 0.00000000 0.00000000 0.00000000 0.00000000 0.00000000 0.00000000 0.00000000 0.00000000 1.00000000 0.00000000 0.00000000 0.00000000 1.00000000 
1700000038.54996 0.196724 0.053100 -0.978967 0.010188 0.034927 0.063661 0.030408 0.003306 -0.000486 0.012488 -0.001151 -0.002714 0.002153 0.025058 -0.009508 0.018573 0.0000000 1 418.629359 418.629359 505.740581 286.574774 -0.020453 -0.024926 0.019510 -0.005656 -0.660094 0.642445 -0.268559 0.281810 -0.062419 0.031365 0.062150 0 1.00000000 0.00000000 0.00000000 1.00000000 0.00000000 1.00000000 1.00000000 0.00000000 0.00000000 1.00000000 0.00000000 1.00000000 0.00000000 0.00000000 0.00000000 0.00000000 0.00000000 0.00000000 0.00000000 0.00000000 0.00000000 0.00000000 0.00000000 0.00000000 1.00000000 0.00000000 0.00000000 0.00000000 1.00000000 
1700000038.58386 0.201339 0.041362 -0.978598 0.009877 0.034988 0.063887 0.030855 0.000263 -0.000631 0.008760 -0.001039 -0.002588 0.002056 0.024998 -0.009490 0.018465 0.0000000 1 418.629359 418.629359 505.740581 286.574774 -0.020453 -0.024926 0.019510 -0.005656 -0.660094 0.642445 -0.268559 0.281810 -0.062419 0.031365 0.062150 0 1.00000000 0.00000000 0.00000000 1.00000000 0.00000000 1.00000000 1.00000000 0.00000000 0.00000000 1.00000000 0.00000000 1.00000000 0.00000000 0.00000000 0.00000000 0.00000000 0.00000000 0.00000000 0.00000000 0.00000000 0.00000000 0.00000000 0.00000000 0.00000000 1.00000000 0.00000000 0.00000000 0.00000000 1.00000000 
1700000038.61777 0.206084 0.029927 -0.978029 0.009677 0.034966 0.064053 0.031379 0.002160 0.000729 0.013766 -0.000971 -0.002606 0.001945 0.024949 -0.009549 0.018278 0.0000000 1 418.629359 418.629359 505.740581 286.574774 -0.020453 -0.024926 0.019510 -0.005656 -0.660094 0.642445 -0.268559 0.281810 -0.062419 0.031365 0.062150 0 1.00000000 0.00000000 0.00000000 1.00000000 0.00000000 1.00000000 1.00000000 0.00000000 0.00000000 1.00000000 0.00000000 1.00000000 0.00000000 0.00000000 0.00000000 0.00000000 0.00000000 0.00000000 0.00000000 0.00000000 0.00000000 0.00000000 0.00000000 0.00000000 1.00000000 0.00000000 0.00000000 0.00000000 1.00000000 
1700000038.65167 0.210838 0.017684 -0.977307 0.010315 0.034909 0.064237 0.031996 0.001234 0.000680 0.019394 -0.000913 -0.002592 0.001700 0.024873 -0.009622 0.018122 0.0000000 1 418.629359 418.629359 505.740581 286.574774 -0.020453 -0.024926 0.019510 -0.005656 -0.660094 0.642445 -0.268559 0.281810 -0.062419 0.031365 0.062150 0 1.00000000 0.00000000 0.00000000 1.00000000 0.00000000 1.00000000 1.00000000 0.00000000 0.00000000 1.00000000 0.00000000 1.00000000 0.00000000 0.00000000 0.00000000 0.00000000 0.00000000 0.00000000 0.00000000 0.00000000 0.00000000 0.00000000 0.00000000 0.00000000 1.00000000 0.00000000 0.00000000 0.00000000 1.00000000 
1700000038.68558 0.216322 0.005738 -0.976239 0.011350 0.034711 0.064504 0.032494 0.001018 -0.000518 0.012796 -0.000774 -0.002774 0.001353 0.024748 -0.009508 0.018135 0.0000000 1 418.629359 418.629359 505.740581 286.574774 -0.020453 -0.024926 0.019510 -0.005656 -0.660094 0.642445 -0.268559 0.281810 -0.062419 0.031365 0.062150 0 1.00000000 0.00000000 0.00000000 1.00000000 0.00000000 1.00000000 1.00000000 0.00000000 0.00000000 1.00000000 0.00000000 1.00000000 0.00000000 0.00000000 0.00000000 0.00000000 0.00000000 0.00000000 0.00000000 0.00000000 0.00000000 0.00000000 0.00000000 0.00000000 1.00000000 0.00000000 0.00000000 0.00000000 1.00000000 
1700000038.71948 0.221188 -0.005740 -0.975134 0.012512 0.034602 0.064770 0.033036 0.004873 -0.001278 0.012083 -0.000670 -0.002970 0.001020 0.024676 -0.009488 0.018064 0.0000000 1 418.629359 418.629359 505.740581 286.574774 -0.020453 -0.024926 0.019510 -0.005656 -0.660094 0.642445 -0.268559 0.281810 -0.062419 0.031365 0.062150 0 1.00000000 0.00000000 0.00000000 1.00000000 0.00000000 1.00000000 1.00000000 0.00000000 0.00000000 1.00000000 0.00000000 1.00000000 0.00000000 0.00000000 0.00000000 0.00000000 0.00000000 0.00000000 0.00000000 0.00000000 0.00000000 0.00000000 0.00000000 0.00000000 1.00000000 0.00000000 0.00000000 0.00000000 1.00000000 
1700000038.75339 0.225408 -0.016522 -0.974031 0.013483 0.034394 0.064984 0.033305 0.000069 -0.006288 0.004667 -0.000476 -0.002956 0.000786 0.024538 -0.009399 0.018028 0.0000000 1 418.629359 418.629359 505.740581 286.574774 -0.020453 -0.024926 0.019510 -0.005656 -0.660094 0.642445 -0.268559 0.281810 -0.062419 0.031365 0.062150 0 1.00000000 0.00000000 0.00000000 1.00000000 0.00000000 1.00000000 1.00000000 0.00000000 0.00000000 1.00000000 0.00000000 1.00000000 0.00000000 0.00000000 0.00000000 0.00000000 0.00000000 0.00000000 0.00000000 0.00000000 0.00000000 0.00000000 0.00000000 0.00000000 1.00000000 0.00000000 0.00000000 0.00000000 1.00000000 
1700000038.78729 0.228801 -0.025078 -0.973055 0.013611 0.034119 0.065448 0.033002 -0.001842 -0.009242 -0.010130 -0.000175 -0.002777 0.000413 0.024363 -0.009106 0.018082 0.0000000 1 418.629359 418.629359 505.740581 286.574774 -0.020453 -0.024926 0.019510 -0.005656 -0.660094 0.642445 -0.268559 0.281810 -0.062419 0.031365 0.062150 0 1.00000000 0.00000000 0.00000000 1.00000000 0.00000000 1.00000000 1.00000000 0.00000000 0.00000000 1.00000000 0.00000000 1.00000000 0.00000000 0.00000000 0.00000000 0.00000000 0.00000000 0.00000000 0.00000000 0.00000000 0.00000000 0.00000000 0.00000000 0.00000000 1.00000000 0.00000000 0.00000000 0.00000000 1.00000000 
1700000038.82120 0.231507 -0.032157 -0.972195 0.014370 0.034777 0.065330 0.033340 0.019770 -0.011322 0.006983 -0.000022 -0.002663 0.000294 0.024600 -0.009616 0.017700 0.0000000 1 418.629359 418.629359 505.740581 286.574774 -0.020453 -0.024926 0.019510 -0.005656 -0.660094 0.642445 -0.268559 0.281810 -0.062419 0.031365 0.062150 0 1.00000000 0.00000000 0.00000000 1.00000000 0.00000000 1.00000000 1.00000000 0.00000000 0.00000000 1.00000000 0.00000000 1.00000000 0.00000000 0.00000000 0.00000000 0.00000000 0.00000000 0.00000000 0.00000000 0.00000000 0.00000000 0.00000000 0.00000000 0.00000000 1.00000000 0.00000000 0.00000000 0.00000000 1.00000000 
1700000038.85510 0.234403 -0.040038 -0.971172 0.016662 0.035284 0.064946 0.033714 0.013325 -0.016605 0.009978 0.000138 -0.002591 0.000299 0.024588 -0.009695 0.017602 0.0000000 1 418.629359 418.629359 505.740581 286.574774 -0.020453 -0.024926 0.019510 -0.005656 -0.660094 0.642445 -0.268559 0.281810 -0.062419 0.031365 0.062150 0 1.00000000 0.00000000 0.00000000 1.00000000 0.00000000 1.00000000 1.00000000 0.00000000 0.00000000 1.00000000 0.00000000 1.00000000 0.00000000 0.00000000 0.00000000 0.00000000 0.00000000 0.00000000 0.00000000 0.00000000 0.00000000 0.00000000 0.00000000 0.00000000 1.00000000 0.00000000 0.00000000 0.00000000 1.00000000 
1700000038.88901 0.237509 -0.047671 -0.970071 0.016685 0.034786 0.064868 0.033451 -0.008570 -0.012006 -0.004059 0.000075 -0.002565 0.000341 0.024313 -0.009227 0.017762 0.0000000 1 418.629359 418.629359 505.740581 286.574774 -0.020453 -0.024926 0.019510 -0.005656 -0.660094 0.642445 -0.268559 0.281810 -0.062419 0.031365 0.062150 0 1.00000000 0.00000000 0.00000000 1.00000000 0.00000000 1.00000000 1.00000000 0.00000000 0.00000000 1.00000000 0.00000000 1.00000000 0.00000000 0.00000000 0.00000000 0.00000000 0.00000000 0.00000000 0.00000000 0.00000000 0.00000000 0.00000000 0.00000000 0.00000000 1.00000000 0.00000000 0.00000000 0.00000000 1.00000000 
1700000038.92291 0.240331 -0.055188 -0.968990 0.015894 0.034771 0.064677 0.033820 -0.001241 -0.005951 0.009502 0.000021 -0.002763 0.000239 0.024478 -0.009584 0.017550 0.0000000 1 418.629359 418.629359 505.740581 286.574774 -0.020453 -0.024926 0.019510 -0.005656 -0.660094 0.642445 -0.268559 0.281810 -0.062419 0.031365 0.062150 0 1.00000000 0.00000000 0.00000000 1.00000000 0.00000000 1.00000000 1.00000000 0.00000000 0.00000000 1.00000000 0.00000000 1.00000000 0.00000000 0.00000000 0.00000000 0.00000000 0.00000000 0.00000000 0.00000000 0.00000000 0.00000000 0.00000000 0.00000000 0.00000000 1.00000000 0.00000000 0.00000000 0.00000000 1.00000000 
1700000038.95682 0.243791 -0.064248 -0.967556 0.016571 0.034842 0.064537 0.034112 -0.001260 -0.007762 0.008809 -0.000011 -0.002820 0.000195 0.024382 -0.009427 0.017600 0.0000000 1 418.629359 418.629359 505.740581 286.574774 -0.020453 -0.024926 0.019510 -0.005656 -0.660094 0.642445 -0.268559 0.281810 -0.062419 0.031365 0.062150 0 1.00000000 0.00000000 0.00000000 1.00000000 0.00000000 1.00000000 1.00000000 0.00000000 0.00000000 1.00000000 0.00000000 1.00000000 0.00000000 0.00000000 0.00000000 0.00000000 0.00000000 0.00000000 0.00000000 0.00000000 0.00000000 0.00000000 0.00000000 0.00000000 1.00000000 0.00000000 0.00000000 0.00000000 1.00000000 
1700000038.99072 0.246751 -0.071932 -0.966274 0.015910 0.034428 0.064620 0.033684 -0.006519 -0.009705 -0.008670 0.000010 -0.002601 0.000194 0.024048 -0.008899 0.017735 0.0000000 1 418.629359 418.629359 505.740581 286.574774 -0.020453 -0.024926 0.019510 -0.005656 -0.660094 0.642445 -0.268559 0.281810 -0.062419 0.031365 0.062150 0 1.00000000 0.00000000 0.00000000 1.00000000 0.00000000 1.00000000 1.00000000 0.00000000 0.00000000 1.00000000 0.00000000 1.00000000 0.00000000 0.00000000 0.00000000 0.00000000 0.00000000 0.00000000 0.00000000 0.00000000 0.00000000 0.00000000 0.00000000 0.00000000 1.00000000 0.00000000 0.00000000 0.00000000 1.00000000 
1700000039.02463 0.248235 -0.076586 -0.965557 0.014624 0.034359 0.064742 0.033311 0.001550 -0.006145 -0.010195 0.000277 -0.002392 0.000034 0.024010 -0.008969 0.017579 0.0000000 1 418.629359 418.629359 505.740581 286.574774 -0.020453 -0.024926 0.019510 -0.005656 -0.660094 0.642445 -0.268559 0.281810 -0.062419 0.031365 0.062150 0 1.00000000 0.00000000 0.00000000 1.00000000 0.00000000 1.00000000 1.00000000 0.00000000 0.00000000 1.00000000 0.00000000 1.00000000 0.00000000 0.00000000 0.00000000 0.00000000 0.00000000 0.00000000 0.00000000 0.00000000 0.00000000 0.00000000 0.00000000 0.00000000 1.00000000 0.00000000 0.00000000 0.00000000 1.00000000 
1700000039.05853 0.249356 -0.080743 -0.964931 0.014507 0.034521 0.064760 0.033228 0.002831 -0.002170 -0.001796 0.000416 -0.002197 -0.000039 0.024080 -0.009243 0.017400 0.0000000 1 418.629359 418.629359 505.740581 286.574774 -0.020453 -0.024926 0.019510 -0.005656 -0.660094 0.642445 -0.268559 0.281810 -0.062419 0.031365 0.062150 0 1.00000000 0.00000000 0.00000000 1.00000000 0.00000000 1.00000000 1.00000000 0.00000000 0.00000000 1.00000000 0.00000000 1.00000000 0.00000000 0.00000000 0.00000000 0.00000000 0.00000000 0.00000000 0.00000000 0.00000000 0.00000000 0.00000000 0.00000000 0.00000000 1.00000000 0.00000000 0.00000000 0.00000000 1.00000000 
1700000039.09244 0.250915 -0.084663 -0.964198 0.014022 0.034458 0.064853 0.032950 0.000108 -0.001376 -0.004855 0.000501 -0.002100 -0.000076 0.023941 -0.009070 0.017408 0.0000000 1 418.629359 418.629359 505.740581 286.574774 -0.020453 -0.024926 0.019510 -0.005656 -0.660094 0.642445 -0.268559 0.281810 -0.062419 0.031365 0.062150 0 1.00000000 0.00000000 0.00000000 1.00000000 0.00000000 1.00000000 1.00000000 0.00000000 0.00000000 1.00000000 0.00000000 1.00000000 0.00000000 0.00000000 0.00000000 0.00000000 0.00000000 0.00000000 0.00000000 0.00000000 0.00000000 0.00000000 0.00000000 0.00000000 1.00000000 0.00000000 0.00000000 0.00000000 1.00000000 
1700000039.12634 0.251249 -0.088156 -0.963814 0.012820 0.035007 0.064637 0.032584 0.001864 -0.000056 -0.002778 0.000527 -0.001317 0.000316 0.023840 -0.009020 0.017368 0.0000000 1 418.629359 418.629359 505.740581 286.574774 -0.020453 -0.024926 0.019510 -0.005656 -0.660094 0.642445 -0.268559 0.281810 -0.062419 0.031365 0.062150 0 1.00000000 0.00000000 0.00000000 1.00000000 0.00000000 1.00000000 1.00000000 0.00000000 0.00000000 1.00000000 0.00000000 1.00000000 0.00000000 0.00000000 0.00000000 0.00000000 0.00000000 0.00000000 0.00000000 0.00000000 0.00000000 0.00000000 0.00000000 0.00000000 1.00000000 0.00000000 0.00000000 0.00000000 1.00000000 
1700000039.16025 0.252358 -0.090795 -0.963285 0.012380 0.034723 0.064865 0.032341 -0.002592 0.000990 -0.003119 0.000603 -0.001291 0.000175 0.023745 -0.008964 0.017330 0.0000000 1 418.629359 418.629359 505.740581 286.574774 -0.020453 -0.024926 0.019510 -0.005656 -0.660094 0.642445 -0.268559 0.281810 -0.062419 0.031365 0.062150 0 1.00000000 0.00000000 0.00000000 1.00000000 0.00000000 1.00000000 1.00000000 0.00000000 0.00000000 1.00000000 0.00000000 1.00000000 0.00000000 0.00000000 0.00000000 0.00000000 0.00000000 0.00000000 0.00000000 0.00000000 0.00000000 0.00000000 0.00000000 0.00000000 1.00000000 0.00000000 0.00000000 0.00000000 1.00000000 
1700000039.19415 0.252402 -0.092825 -0.963093 0.011331 0.034561 0.064968 0.032106 -0.008535 0.001690 -0.002208 0.000694 -0.001003 0.000289 0.023597 -0.008887 0.017270 0.0000000 1 418.629359 418.629359 505.740581 286.574774 -0.020453 -0.024926 0.019510 -0.005656 -0.660094 0.642445 -0.268559 0.281810 -0.062419 0.031365 0.062150 0 1.00000000 0.00000000 0.00000000 1.00000000 0.00000000 1.00000000 1.00000000 0.00000000 0.00000000 1.00000000 0.00000000 1.00000000 0.00000000 0.00000000 0.00000000 0.00000000 0.00000000 0.00000000 0.00000000 0.00000000 0.00000000 0.00000000 0.00000000 0.00000000 1.00000000 0.00000000 0.00000000 0.00000000 1.00000000 
1700000039.22806 0.252882 -0.094236 -0.962845 0.009973 0.034132 0.065324 0.031774 -0.008465 0.001591 -0.004237 0.000735 -0.001012 0.000097 0.023413 -0.008642 0.017282 0.0000000 1 418.629359 418.629359 505.740581 286.574774 -0.020453 -0.024926 0.019510 -0.005656 -0.660094 0.642445 -0.268559 0.281810 -0.062419 0.031365 0.062150 0 1.00000000 0.00000000 0.00000000 1.00000000 0.00000000 1.00000000 1.00000000 0.00000000 0.00000000 1.00000000 0.00000000 1.00000000 0.00000000 0.00000000 0.00000000 0.00000000 0.00000000 0.00000000 0.00000000 0.00000000 0.00000000 0.00000000 0.00000000 0.00000000 1.00000000 0.00000000 0.00000000 0.00000000 1.00000000 
1700000039.26196 0.253074 -0.095741 -0.962654 0.009226 0.034068 0.065508 0.031773 -0.002500 0.000418 0.003154 0.000661 -0.001030 -0.000039 0.023411 -0.008655 0.017256 0.0000000 1 418.629359 418.629359 505.740581 286.574774 -0.020453 -0.024926 0.019510 -0.005656 -0.660094 0.642445 -0.268559 0.281810 -0.062419 0.031365 0.062150 0 1.00000000 0.00000000 0.00000000 1.00000000 0.00000000 1.00000000 1.00000000 0.00000000 0.00000000 1.00000000 0.00000000 1.00000000 0.00000000 0.00000000 0.00000000 0.00000000 0.00000000 0.00000000 0.00000000 0.00000000 0.00000000 0.00000000 0.00000000 0.00000000 1.00000000 0.00000000 0.00000000 0.00000000 1.00000000 
1700000039.29587 0.253620 -0.096472 -0.962439 0.008994 0.033874 0.065803 0.031517 -0.003447 -0.003790 -0.003315 0.000783 -0.000962 -0.000249 0.023186 -0.008291 0.017318 0.0000000 1 418.629359 418.629359 505.740581 286.574774 -0.020453 -0.024926 0.019510 -0.005656 -0.660094 0.642445 -0.268559 0.281810 -0.062419 0.031365 0.062150 0 1.00000000 0.00000000 0.00000000 1.00000000 0.00000000 1.00000000 1.00000000 0.00000000 0.00000000 1.00000000 0.00000000 1.00000000 0.00000000 0.00000000 0.00000000 0.00000000 0.00000000 0.00000000 0.00000000 0.00000000 0.00000000 0.00000000 0.00000000 0.00000000 1.00000000 0.00000000 0.00000000 0.00000000 1.00000000 
1700000039.32977 0.253313 -0.094933 -0.962678 0.008440 0.033747 0.066131 0.031032 0.002695 -0.003334 -0.005981 0.000890 -0.000774 -0.000523 0.022968 -0.008029 0.017307 0.0000000 1 418.629359 418.629359 505.740581 286.574774 -0.020453 -0.024926 0.019510 -0.005656 -0.660094 0.642445 -0.268559 0.281810 -0.062419 0.031365 0.062150 0 1.00000000 0.00000000 0.00000000 1.00000000 0.00000000 1.00000000 1.00000000 0.00000000 0.00000000 1.00000000 0.00000000 1.00000000 0.00000000 0.00000000 0.00000000 0.00000000 0.00000000 0.00000000 0.00000000 0.00000000 0.00000000 0.00000000 0.00000000 0.00000000 1.00000000 0.00000000 0.00000000 0.00000000 1.00000000 
1700000039.36368 0.251919 -0.091342 -0.963390 0.008596 0.033917 0.066355 0.030679 0.009775 -0.003112 -0.001618 0.001148 -0.000482 -0.000891 0.022856 -0.007920 0.017284 0.0000000 1 418.629359 418.629359 505.740581 286.574774 -0.020453 -0.024926 0.019510 -0.005656 -0.660094 0.642445 -0.268559 0.281810 -0.062419 0.031365 0.062150 0 1.00000000 0.00000000 0.00000000 1.00000000 0.00000000 1.00000000 1.00000000 0.00000000 0.00000000 1.00000000 0.00000000 1.00000000 0.00000000 0.00000000 0.00000000 0.00000000 0.00000000 0.00000000 0.00000000 0.00000000 0.00000000 0.00000000 0.00000000 0.00000000 1.00000000 0.00000000 0.00000000 0.00000000 1.00000000 
1700000039.39758 0.249834 -0.085632 -0.964448 0.009485 0.034082 0.066682 0.030390 0.013948 0.000793 -0.001473 0.001370 -0.000315 -0.001246 0.022736 -0.007804 0.017260 0.0000000 1 418.629359 418.629359 505.740581 286.574774 -0.020453 -0.024926 0.019510 -0.005656 -0.660094 0.642445 -0.268559 0.281810 -0.062419 0.031365 0.062150 0 1.00000000 0.00000000 0.00000000 1.00000000 0.00000000 1.00000000 1.00000000 0.00000000 0.00000000 1.00000000 0.00000000 1.00000000 0.00000000 0.00000000 0.00000000 0.00000000 0.00000000 0.00000000 0.00000000 0.00000000 0.00000000 0.00000000 0.00000000 0.00000000 1.00000000 0.00000000 0.00000000 0.00000000 1.00000000 
1700000039.43149 0.246715 -0.078974 -0.965807 0.010528 0.034303 0.067014 0.030221 0.009978 0.005991 -0.000194 0.001488 -0.000180 -0.001572 0.022676 -0.007789 0.017241 0.0000000 1 418.629359 418.629359 505.740581 286.574774 -0.020453 -0.024926 0.019510 -0.005656 -0.660094 0.642445 -0.268559 0.281810 -0.062419 0.031365 0.062150 0 1.00000000 0.00000000 0.00000000 1.00000000 0.00000000 1.00000000 1.00000000 0.00000000 0.00000000 1.00000000 0.00000000 1.00000000 0.00000000 0.00000000 0.00000000 0.00000000 0.00000000 0.00000000 0.00000000 0.00000000 0.00000000 0.00000000 0.00000000 0.00000000 1.00000000 0.00000000 0.00000000 0.00000000 1.00000000 
1700000039.46539 0.244280 -0.072222 -0.966947 0.011180 0.034572 0.067473 0.029704 0.004003 0.010287 -0.010579 0.001519 0.000057 -0.001787 0.022469 -0.007328 0.017413 0.0000000 1 418.629359 418.629359 505.740581 286.574774 -0.020453 -0.024926 0.019510 -0.005656 -0.660094 0.642445 -0.268559 0.281810 -0.062419 0.031365 0.062150 0 1.00000000 0.00000000 0.00000000 1.00000000 0.00000000 1.00000000 1.00000000 0.00000000 0.00000000 1.00000000 0.00000000 1.00000000 0.00000000 0.00000000 0.00000000 0.00000000 0.00000000 0.00000000 0.00000000 0.00000000 0.00000000 0.00000000 0.00000000 0.00000000 1.00000000 0.00000000 0.00000000 0.00000000 1.00000000 
1700000039.49930 0.242832 -0.064902 -0.967832 0.010990 0.034438 0.068028 0.029102 0.000962 0.015127 -0.017894 0.001586 0.000115 -0.002011 0.022423 -0.007283 0.017414 0.0000000 1 418.629359 418.629359 505.740581 286.574774 -0.020453 -0.024926 0.019510 -0.005656 -0.660094 0.642445 -0.268559 0.281810 -0.062419 0.031365 0.062150 0 1.00000000 0.00000000 0.00000000 1.00000000 0.00000000 1.00000000 1.00000000 0.00000000 0.00000000 1.00000000 0.00000000 1.00000000 0.00000000 0.00000000 0.00000000 0.00000000 0.00000000 0.00000000 0.00000000 0.00000000 0.00000000 0.00000000 0.00000000 0.00000000 1.00000000 0.00000000 0.00000000 0.00000000 1.00000000 
1700000039.53320 0.240674 -0.057795 -0.968824 0.010785 0.034738 0.068510 0.028528 0.007840 0.015543 -0.016256 0.001497 0.000365 -0.002092 0.022515 -0.007385 0.017407 0.0000000 1 418.629359 418.629359 505.740581 286.574774 -0.020453 -0.024926 0.019510 -0.005656 -0.660094 0.642445 -0.268559 0.281810 -0.062419 0.031365 0.062150 0 1.00000000 0.00000000 0.00000000 1.00000000 0.00000000 1.00000000 1.00000000 0.00000000 0.00000000 1.00000000 0.00000000 1.00000000 0.00000000 0.00000000 0.00000000 0.00000000 0.00000000 0.00000000 0.00000000 0.00000000 0.00000000 0.00000000 0.00000000 0.00000000 1.00000000 0.00000000 0.00000000 0.00000000 1.00000000 
1700000039.56711 0.238710 -0.050250 -0.969729 0.010869 0.034819 0.069170 0.027890 0.007148 0.015283 -0.019582 0.001595 0.000515 -0.002274 0.022531 -0.007457 0.017355 0.0000000 1 418.629359 418.629359 505.740581 286.574774 -0.020453 -0.024926 0.019510 -0.005656 -0.660094 0.642445 -0.268559 0.281810 -0.062419 0.031365 0.062150 0 1.00000000 0.00000000 0.00000000 1.00000000 0.00000000 1.00000000 1.00000000 0.00000000 0.00000000 1.00000000 0.00000000 1.00000000 0.00000000 0.00000000 0.00000000 0.00000000 0.00000000 0.00000000 0.00000000 0.00000000 0.00000000 0.00000000 0.00000000 0.00000000 1.00000000 0.00000000 0.00000000 0.00000000 1.00000000 
1700000039.60101 0.236248 -0.042035 -0.970722 0.010935 0.035062 0.069829 0.027314 0.010027 0.016384 -0.017990 0.001612 0.000656 -0.002418 0.022615 -0.007677 0.017225 0.0000000 1 418.629359 418.629359 505.740581 286.574774 -0.020453 -0.024926 0.019510 -0.005656 -0.660094 0.642445 -0.268559 0.281810 -0.062419 0.031365 0.062150 0 1.00000000 0.00000000 0.00000000 1.00000000 0.00000000 1.00000000 1.00000000 0.00000000 0.00000000 1.00000000 0.00000000 1.00000000 0.00000000 0.00000000 0.00000000 0.00000000 0.00000000 0.00000000 0.00000000 0.00000000 0.00000000 0.00000000 0.00000000 0.00000000 1.00000000 0.00000000 0.00000000 0.00000000 1.00000000 
1700000039.63492 0.234021 -0.033775 -0.971581 0.011153 0.035353 0.070471 0.026499 0.006272 0.014211 -0.024294 0.001637 0.000890 -0.002488 0.022574 -0.007608 0.017232 0.0000000 1 418.629359 418.629359 505.740581 286.574774 -0.020453 -0.024926 0.019510 -0.005656 -0.660094 0.642445 -0.268559 0.281810 -0.062419 0.031365 0.062150 0 1.00000000 0.00000000 0.00000000 1.00000000 0.00000000 1.00000000 1.00000000 0.00000000 0.00000000 1.00000000 0.00000000 1.00000000 0.00000000 0.00000000 0.00000000 0.00000000 0.00000000 0.00000000 0.00000000 0.00000000 0.00000000 0.00000000 0.00000000 0.00000000 1.00000000 0.00000000 0.00000000 0.00000000 1.00000000 
1700000039.66882 0.232094 -0.024574 -0.972321 0.010986 0.035471 0.071168 0.025439 0.007432 0.014620 -0.030634 0.001693 0.001091 -0.002612 0.022542 -0.007577 0.017198 0.0000000 1 418.629359 418.629359 505.740581 286.574774 -0.020453 -0.024926 0.019510 -0.005656 -0.660094 0.642445 -0.268559 0.281810 -0.062419 0.031365 0.062150 0 1.00000000 0.00000000 0.00000000 1.00000000 0.00000000 1.00000000 1.00000000 0.00000000 0.00000000 1.00000000 0.00000000 1.00000000 0.00000000 0.00000000 0.00000000 0.00000000 0.00000000 0.00000000 0.00000000 0.00000000 0.00000000 0.00000000 0.00000000 0.00000000 1.00000000 0.00000000 0.00000000 0.00000000 1.00000000 
1700000039.70273 0.229555 -0.014774 -0.973121 0.011056 0.035839 0.071741 0.024569 0.012699 0.014000 -0.025999 0.001712 0.001304 -0.002668 0.022639 -0.007769 0.017067 0.0000000 1 418.629359 418.629359 505.740581 286.574774 -0.020453 -0.024926 0.019510 -0.005656 -0.660094 0.642445 -0.268559 0.281810 -0.062419 0.031365 0.062150 0 1.00000000 0.00000000 0.00000000 1.00000000 0.00000000 1.00000000 1.00000000 0.00000000 0.00000000 1.00000000 0.00000000 1.00000000 0.00000000 0.00000000 0.00000000 0.00000000 0.00000000 0.00000000 0.00000000 0.00000000 0.00000000 0.00000000 0.00000000 0.00000000 1.00000000 0.00000000 0.00000000 0.00000000 1.00000000 
1700000039.73663 0.226638 -0.004416 -0.973903 0.011331 0.036170 0.072411 0.023499 0.013200 0.012546 -0.029809 0.001775 0.001585 -0.002748 0.022613 -0.007712 0.017053 0.0000000 1 418.629359 418.629359 505.740581 286.574774 -0.020453 -0.024926 0.019510 -0.005656 -0.660094 0.642445 -0.268559 0.281810 -0.062419 0.031365 0.062150 0 1.00000000 0.00000000 0.00000000 1.00000000 0.00000000 1.00000000 1.00000000 0.00000000 0.00000000 1.00000000 0.00000000 1.00000000 0.00000000 0.00000000 0.00000000 0.00000000 0.00000000 0.00000000 0.00000000 0.00000000 0.00000000 0.00000000 0.00000000 0.00000000 1.00000000 0.00000000 0.00000000 0.00000000 1.00000000 
1700000039.77054 0.223485 0.007350 -0.974606 0.011958 0.036680 0.072966 0.022413 0.016892 0.012100 -0.029505 0.001889 0.001895 -0.002779 0.022621 -0.007701 0.017019 0.0000000 1 418.629359 418.629359 505.740581 286.574774 -0.020453 -0.024926 0.019510 -0.005656 -0.660094 0.642445 -0.268559 0.281810 -0.062419 0.031365 0.062150 0 1.00000000 0.00000000 0.00000000 1.00000000 0.00000000 1.00000000 1.00000000 0.00000000 0.00000000 1.00000000 0.00000000 1.00000000 0.00000000 0.00000000 0.00000000 0.00000000 0.00000000 0.00000000 0.00000000 0.00000000 0.00000000 0.00000000 0.00000000 0.00000000 1.00000000 0.00000000 0.00000000 0.00000000 1.00000000 
1700000039.80444 0.219783 0.020381 -0.975255 0.012538 0.037081 0.073564 0.021217 0.015399 0.010995 -0.031985 0.002068 0.002317 -0.002752 0.022602 -0.007622 0.017005 0.0000000 1 418.629359 418.629359 505.740581 286.574774 -0.020453 -0.024926 0.019510 -0.005656 -0.660094 0.642445 -0.268559 0.281810 -0.062419 0.031365 0.062150 0 1.00000000 0.00000000 0.00000000 1.00000000 0.00000000 1.00000000 1.00000000 0.00000000 0.00000000 1.00000000 0.00000000 1.00000000 0.00000000 0.00000000 0.00000000 0.00000000 0.00000000 0.00000000 0.00000000 0.00000000 0.00000000 0.00000000 0.00000000 0.00000000 1.00000000 0.00000000 0.00000000 0.00000000 1.00000000 
1700000039.83835 0.215353 0.035187 -0.975811 0.013320 0.037678 0.073990 0.020218 0.022622 0.010808 -0.027615 0.002252 0.002627 -0.002686 0.022647 -0.007659 0.016922 0.0000000 1 418.629359 418.629359 505.740581 286.574774 -0.020453 -0.024926 0.019510 -0.005656 -0.660094 0.642445 -0.268559 0.281810 -0.062419 0.031365 0.062150 0 1.00000000 0.00000000 0.00000000 1.00000000 0.00000000 1.00000000 1.00000000 0.00000000 0.00000000 1.00000000 0.00000000 1.00000000 0.00000000 0.00000000 0.00000000 0.00000000 0.00000000 0.00000000 0.00000000 0.00000000 0.00000000 0.00000000 0.00000000 0.00000000 1.00000000 0.00000000 0.00000000 0.00000000 1.00000000 
1700000039.87225 0.210283 0.049986 -0.976247 0.014994 0.038146 0.074347 0.019438 0.015806 0.012051 -0.021649 0.002358 0.002809 -0.002581 0.022673 -0.007668 0.016857 0.0000000 1 418.629359 418.629359 505.740581 286.574774 -0.020453 -0.024926 0.019510 -0.005656 -0.660094 0.642445 -0.268559 0.281810 -0.062419 0.031365 0.062150 0 1.00000000 0.00000000 0.00000000 1.00000000 0.00000000 1.00000000 1.00000000 0.00000000 0.00000000 1.00000000 0.00000000 1.00000000 0.00000000 0.00000000 0.00000000 0.00000000 0.00000000 0.00000000 0.00000000 0.00000000 0.00000000 0.00000000 0.00000000 0.00000000 1.00000000 0.00000000 0.00000000 0.00000000 1.00000000 
1700000039.90616 0.205264 0.064679 -0.976434 0.016119 0.038358 0.074651 0.018770 0.008264 0.012951 -0.019296 0.002462 0.002879 -0.002374 0.022661 -0.007635 0.016831 0.0000000 1 418.629359 418.629359 505.740581 286.574774 -0.020453 -0.024926 0.019510 -0.005656 -0.660094 0.642445 -0.268559 0.281810 -0.062419 0.031365 0.062150 0 1.00000000 0.00000000 0.00000000 1.00000000 0.00000000 1.00000000 1.00000000 0.00000000 0.00000000 1.00000000 0.00000000 1.00000000 0.00000000 0.00000000 0.00000000 0.00000000 0.00000000 0.00000000 0.00000000 0.00000000 0.00000000 0.00000000 0.00000000 0.00000000 1.00000000 0.00000000 0.00000000 0.00000000 1.00000000 
1700000039.94006 0.200243 0.078092 -0.976479 0.017125 0.038842 0.074822 0.018153 0.003308 0.012441 -0.014317 0.002331 0.003112 -0.001923 0.022637 -0.007601 0.016820 0.0000000 1 418.629359 418.629359 505.740581 286.574774 -0.020453 -0.024926 0.019510 -0.005656 -0.660094 0.642445 -0.268559 0.281810 -0.062419 0.031365 0.062150 0 1.00000000 0.00000000 0.00000000 1.00000000 0.00000000 1.00000000 1.00000000 0.00000000 0.00000000 1.00000000 0.00000000 1.00000000 0.00000000 0.00000000 0.00000000 0.00000000 0.00000000 0.00000000 0.00000000 0.00000000 0.00000000 0.00000000 0.00000000 0.00000000 1.00000000 0.00000000 0.00000000 0.00000000 1.00000000 
1700000039.97397 0.196917 0.090109 -0.976086 0.018987 0.039141 0.074931 0.017944 0.011956 0.006466 -0.009659 0.002467 0.003027 -0.001742 0.022614 -0.007693 0.016726 0.0000000 1 418.629359 418.629359 505.740581 286.574774 -0.020453 -0.024926 0.019510 -0.005656 -0.660094 0.642445 -0.268559 0.281810 -0.062419 0.031365 0.062150 0 1.00000000 0.00000000 0.00000000 1.00000000 0.00000000 1.00000000 1.00000000 0.00000000 0.00000000 1.00000000 0.00000000 1.00000000 0.00000000 0.00000000 0.00000000 0.00000000 0.00000000 0.00000000 0.00000000 0.00000000 0.00000000 0.00000000 0.00000000 0.00000000 1.00000000 0.00000000 0.00000000 0.00000000 1.00000000 
1700000040.00787 0.193901 0.101228 -0.975554 0.021194 0.039201 0.074775 0.017540 0.003234 -0.003706 -0.015696 0.002439 0.002885 -0.001306 0.022569 -0.007582 0.016806 0.0000000 1 418.629359 418.629359 505.740581 286.574774 -0.020453 -0.024926 0.019510 -0.005656 -0.660094 0.642445 -0.268559 0.281810 -0.062419 0.031365 0.062150 0 1.00000000 0.00000000 0.00000000 1.00000000 0.00000000 1.00000000 1.00000000 0.00000000 0.00000000 1.00000000 0.00000000 1.00000000 0.00000000 0.00000000 0.00000000 0.00000000 0.00000000 0.00000000 0.00000000 0.00000000 0.00000000 0.00000000 0.00000000 0.00000000 1.00000000 0.00000000 0.00000000 0.00000000 1.00000000 
1700000040.04178 0.189758 0.112588 -0.975119 0.021412 0.038818 0.075121 0.016695 -0.004425 -0.001160 -0.027118 0.002377 0.002891 -0.001160 0.022628 -0.007383 0.016917 0.0000000 1 418.629359 418.629359 505.740581 286.574774 -0.020453 -0.024926 0.019510 -0.005656 -0.660094 0.642445 -0.268559 0.281810 -0.062419 0.031365 0.062150 0 1.00000000 0.00000000 0.00000000 1.00000000 0.00000000 1.00000000 1.00000000 0.00000000 0.00000000 1.00000000 0.00000000 1.00000000 0.00000000 0.00000000 0.00000000 0.00000000 0.00000000 0.00000000 0.00000000 0.00000000 0.00000000 0.00000000 0.00000000 0.00000000 1.00000000 0.00000000 0.00000000 0.00000000 1.00000000 
1700000040.07568 0.185029 0.125120 -0.974489 0.021913 0.038593 0.075164 0.016034 0.000847 -0.000734 -0.022744 0.002432 0.002921 -0.001024 0.022665 -0.007267 0.016807 0.0000000 1 418.629359 418.629359 505.740581 286.574774 -0.020453 -0.024926 0.019510 -0.005656 -0.660094 0.642445 -0.268559 0.281810 -0.062419 0.031365 0.062150 0 1.00000000 0.00000000 0.00000000 1.00000000 0.00000000 1.00000000 1.00000000 0.00000000 0.00000000 1.00000000 0.00000000 1.00000000 0.00000000 0.00000000 0.00000000 0.00000000 0.00000000 0.00000000 0.00000000 0.00000000 0.00000000 0.00000000 0.00000000 0.00000000 1.00000000 0.00000000 0.00000000 0.00000000 1.00000000 
1700000040.10959 0.180131 0.136869 -0.973814 0.022512 0.038496 0.075238 0.015360 -0.000919 -0.004360 -0.025278 0.002520 0.003083 -0.000825 0.022740 -0.007127 0.016774 0.0000000 1 418.629359 418.629359 505.740581 286.574774 -0.020453 -0.024926 0.019510 -0.005656 -0.660094 0.642445 -0.268559 0.281810 -0.062419 0.031365 0.062150 0 1.00000000 0.00000000 0.00000000 1.00000000 0.00000000 1.00000000 1.00000000 0.00000000 0.00000000 1.00000000 0.00000000 1.00000000 0.00000000 0.00000000 0.00000000 0.00000000 0.00000000 0.00000000 0.00000000 0.00000000 0.00000000 0.00000000 0.00000000 0.00000000 1.00000000 0.00000000 0.00000000 0.00000000 1.00000000 
1700000040.14349 0.175893 0.149308 -0.972748 0.023021 0.038822 0.075140 0.014465 0.010007 -0.005146 -0.028746 0.002513 0.003266 -0.000495 0.022803 -0.007095 0.016736 0.0000000 1 418.629359 418.629359 505.740581 286.574774 -0.020453 -0.024926 0.019510 -0.005656 -0.660094 0.642445 -0.268559 0.281810 -0.062419 0.031365 0.062150 0 1.00000000 0.00000000 0.00000000 1.00000000 0.00000000 1.00000000 1.00000000 0.00000000 0.00000000 1.00000000 0.00000000 1.00000000 0.00000000 0.00000000 0.00000000 0.00000000 0.00000000 0.00000000 0.00000000 0.00000000 0.00000000 0.00000000 0.00000000 0.00000000 1.00000000 0.00000000 0.00000000 0.00000000 1.00000000 
1700000040.17740 0.172350 0.160350 -0.971580 0.024803 0.039189 0.074522 0.014078 0.013725 -0.013476 -0.014033 0.002506 0.003038 -0.000177 0.022740 -0.006998 0.016557 0.0000000 1 418.629359 418.629359 505.740581 286.574774 -0.020453 -0.024926 0.019510 -0.005656 -0.660094 0.642445 -0.268559 0.281810 -0.062419 0.031365 0.062150 0 1.00000000 0.00000000 0.00000000 1.00000000 0.00000000 1.00000000 1.00000000 0.00000000 0.00000000 1.00000000 0.00000000 1.00000000 0.00000000 0.00000000 0.00000000 0.00000000 0.00000000 0.00000000 0.00000000 0.00000000 0.00000000 0.00000000 0.00000000 0.00000000 1.00000000 0.00000000 0.00000000 0.00000000 1.00000000 
1700000040.21130 0.170060 0.168659 -0.970523 0.026802 0.039286 0.073994 0.013659 0.008714 -0.017741 -0.015178 0.002454 0.002837 -0.000014 0.022753 -0.006909 0.016616 0.0000000 1 418.629359 418.629359 505.740581 286.574774 -0.020453 -0.024926 0.019510 -0.005656 -0.660094 0.642445 -0.268559 0.281810 -0.062419 0.031365 0.062150 0 1.00000000 0.00000000 0.00000000 1.00000000 0.00000000 1.00000000 1.00000000 0.00000000 0.00000000 1.00000000 0.00000000 1.00000000 0.00000000 0.00000000 0.00000000 0.00000000 0.00000000 0.00000000 0.00000000 0.00000000 0.00000000 0.00000000 0.00000000 0.00000000 1.00000000 0.00000000 0.00000000 0.00000000 1.00000000 
1700000040.24521 0.168294 0.176392 -0.969413 0.028311 0.039765 0.073103 0.013128 0.011323 -0.020920 -0.016500 0.002479 0.002755 0.000565 0.022760 -0.006921 0.016680 0.0000000 1 418.629359 418.629359 505.740581 286.574774 -0.020453 -0.024926 0.019510 -0.005656 -0.660094 0.642445 -0.268559 0.281810 -0.062419 0.031365 0.062150 0 1.00000000 0.00000000 0.00000000 1.00000000 0.00000000 1.00000000 1.00000000 0.00000000 0.00000000 1.00000000 0.00000000 1.00000000 0.00000000 0.00000000 0.00000000 0.00000000 0.00000000 0.00000000 0.00000000 0.00000000 0.00000000 0.00000000 0.00000000 0.00000000 1.00000000 0.00000000 0.00000000 0.00000000 1.00000000 
1700000040.27911 0.166856 0.182186 -0.968547 0.029750 0.039845 0.072470 0.012738 0.005991 -0.021181 -0.014211 0.002358 0.002518 0.000815 0.022829 -0.006785 0.016754 0.0000000 1 418.629359 418.629359 505.740581 286.574774 -0.020453 -0.024926 0.019510 -0.005656 -0.660094 0.642445 -0.268559 0.281810 -0.062419 0.031365 0.062150 0 1.00000000 0.00000000 0.00000000 1.00000000 0.00000000 1.00000000 1.00000000 0.00000000 0.00000000 1.00000000 0.00000000 1.00000000 0.00000000 0.00000000 0.00000000 0.00000000 0.00000000 0.00000000 0.00000000 0.00000000 0.00000000 0.00000000 0.00000000 0.00000000 1.00000000 0.00000000 0.00000000 0.00000000 1.00000000 
1700000040.31302 0.165972 0.188328 -0.967513 0.030082 0.039628 0.072296 0.011978 -0.000303 -0.015023 -0.028196 0.002386 0.002428 0.000862 0.023068 -0.006677 0.016984 0.0000000 1 418.629359 418.629359 505.740581 286.574774 -0.020453 -0.024926 0.019510 -0.005656 -0.660094 0.642445 -0.268559 0.281810 -0.062419 0.031365 0.062150 0 1.00000000 0.00000000 0.00000000 1.00000000 0.00000000 1.00000000 1.00000000 0.00000000 0.00000000 1.00000000 0.00000000 1.00000000 0.00000000 0.00000000 0.00000000 0.00000000 0.00000000 0.00000000 0.00000000 0.00000000 0.00000000 0.00000000 0.00000000 0.00000000 1.00000000 0.00000000 0.00000000 0.00000000 1.00000000 
1700000040.34692 0.164356 0.196173 -0.966226 0.030189 0.039456 0.072040 0.011230 0.002726 -0.012704 -0.029698 0.002494 0.002348 0.000981 0.023196 -0.006319 0.016983 0.0000000 1 418.629359 418.629359 505.740581 286.574774 -0.020453 -0.024926 0.019510 -0.005656 -0.660094 0.642445 -0.268559 0.281810 -0.062419 0.031365 0.062150 0 1.00000000 0.00000000 0.00000000 1.00000000 0.00000000 1.00000000 1.00000000 0.00000000 0.00000000 1.00000000 0.00000000 1.00000000 0.00000000 0.00000000 0.00000000 0.00000000 0.00000000 0.00000000 0.00000000 0.00000000 0.00000000 0.00000000 0.00000000 0.00000000 1.00000000 0.00000000 0.00000000 0.00000000 1.00000000 
1700000040.38083 0.161472 0.205724 -0.964719 0.030373 0.039191 0.071984 0.010332 0.005371 -0.009929 -0.037367 0.002788 0.002240 0.000934 0.023413 -0.005918 0.017089 0.0000000 1 418.629359 418.629359 505.740581 286.574774 -0.020453 -0.024926 0.019510 -0.005656 -0.660094 0.642445 -0.268559 0.281810 -0.062419 0.031365 0.062150 0 1.00000000 0.00000000 0.00000000 1.00000000 0.00000000 1.00000000 1.00000000 0.00000000 0.00000000 1.00000000 0.00000000 1.00000000 0.00000000 0.00000000 0.00000000 0.00000000 0.00000000 0.00000000 0.00000000 0.00000000 0.00000000 0.00000000 0.00000000 0.00000000 1.00000000 0.00000000 0.00000000 0.00000000 1.00000000 
1700000040.41473 0.157110 0.217778 -0.962753 0.031549 0.039086 0.071790 0.009337 0.011980 -0.010537 -0.038332 0.003194 0.002190 0.000885 0.023495 -0.005404 0.017091 0.0000000 1 418.629359 418.629359 505.740581 286.574774 -0.020453 -0.024926 0.019510 -0.005656 -0.660094 0.642445 -0.268559 0.281810 -0.062419 0.031365 0.062150 0 1.00000000 0.00000000 0.00000000 1.00000000 0.00000000 1.00000000 1.00000000 0.00000000 0.00000000 1.00000000 0.00000000 1.00000000 0.00000000 0.00000000 0.00000000 0.00000000 0.00000000 0.00000000 0.00000000 0.00000000 0.00000000 0.00000000 0.00000000 0.00000000 1.00000000 0.00000000 0.00000000 0.00000000 1.00000000 
1700000040.44864 0.152303 0.230066 -0.960601 0.033457 0.039247 0.071275 0.008103 0.015619 -0.014561 -0.038787 0.003462 0.001951 0.001008 0.023530 -0.005226 0.017171 0.0000000 1 418.629359 418.629359 505.740581 286.574774 -0.020453 -0.024926 0.019510 -0.005656 -0.660094 0.642445 -0.268559 0.281810 -0.062419 0.031365 0.062150 0 1.00000000 0.00000000 0.00000000 1.00000000 0.00000000 1.00000000 1.00000000 0.00000000 0.00000000 1.00000000 0.00000000 1.00000000 0.00000000 0.00000000 0.00000000 0.00000000 0.00000000 0.00000000 0.00000000 0.00000000 0.00000000 0.00000000 0.00000000 0.00000000 1.00000000 0.00000000 0.00000000 0.00000000 1.00000000 
1700000040.48254 0.148350 0.240901 -0.958474 0.035874 0.039469 0.070634 0.006873 0.015854 -0.017457 -0.036353 0.003509 0.001552 0.001099 0.023555 -0.005155 0.017253 0.0000000 1 418.629359 418.629359 505.740581 286.574774 -0.020453 -0.024926 0.019510 -0.005656 -0.660094 0.642445 -0.268559 0.281810 -0.062419 0.031365 0.062150 0 1.00000000 0.00000000 0.00000000 1.00000000 0.00000000 1.00000000 1.00000000 0.00000000 0.00000000 1.00000000 0.00000000 1.00000000 0.00000000 0.00000000 0.00000000 0.00000000 0.00000000 0.00000000 0.00000000 0.00000000 0.00000000 0.00000000 0.00000000 0.00000000 1.00000000 0.00000000 0.00000000 0.00000000 1.00000000 
1700000040.51645 0.145343 0.249543 -0.956623 0.038427 0.039916 0.069913 0.005664 0.017575 -0.019895 -0.029598 0.003351 0.001276 0.001196 0.023525 -0.005310 0.017292 0.0000000 1 418.629359 418.629359 505.740581 286.574774 -0.020453 -0.024926 0.019510 -0.005656 -0.660094 0.642445 -0.268559 0.281810 -0.062419 0.031365 0.062150 0 1.00000000 0.00000000 0.00000000 1.00000000 0.00000000 1.00000000 1.00000000 0.00000000 0.00000000 1.00000000 0.00000000 1.00000000 0.00000000 0.00000000 0.00000000 0.00000000 0.00000000 0.00000000 0.00000000 0.00000000 0.00000000 0.00000000 0.00000000 0.00000000 1.00000000 0.00000000 0.00000000 0.00000000 1.00000000 
1700000040.55035 0.143682 0.253938 -0.955624 0.040662 0.040360 0.069120 0.004890 0.013347 -0.021135 -0.012135 0.002959 0.001062 0.001337 0.023447 -0.005445 0.017292 0.0000000 1 418.629359 418.629359 505.740581 286.574774 -0.020453 -0.024926 0.019510 -0.005656 -0.660094 0.642445 -0.268559 0.281810 -0.062419 0.031365 0.062150 0 1.00000000 0.00000000 0.00000000 1.00000000 0.00000000 1.00000000 1.00000000 0.00000000 0.00000000 1.00000000 0.00000000 1.00000000 0.00000000 0.00000000 0.00000000 0.00000000 0.00000000 0.00000000 0.00000000 0.00000000 0.00000000 0.00000000 0.00000000 0.00000000 1.00000000 0.00000000 0.00000000 0.00000000 1.00000000 
1700000040.58426 0.143429 0.254061 -0.955593 0.041501 0.040740 0.068355 0.004524 0.009762 -0.020061 -0.001539 0.002434 0.000816 0.001603 0.023470 -0.005789 0.017355 0.0000000 1 418.629359 418.629359 505.740581 286.574774 -0.020453 -0.024926 0.019510 -0.005656 -0.660094 0.642445 -0.268559 0.281810 -0.062419 0.031365 0.062150 0 1.00000000 0.00000000 0.00000000 1.00000000 0.00000000 1.00000000 1.00000000 0.00000000 0.00000000 1.00000000 0.00000000 1.00000000 0.00000000 0.00000000 0.00000000 0.00000000 0.00000000 0.00000000 0.00000000 0.00000000 0.00000000 0.00000000 0.00000000 0.00000000 1.00000000 0.00000000 0.00000000 0.00000000 1.00000000 
1700000040.61816 0.144480 0.251733 -0.956043 0.041698 0.040879 0.067541 0.004463 0.004930 -0.018891 0.003562 0.001982 0.000534 0.001823 0.023443 -0.006009 0.017401 0.0000000 1 418.629359 418.629359 505.740581 286.574774 -0.020453 -0.024926 0.019510 -0.005656 -0.660094 0.642445 -0.268559 0.281810 -0.062419 0.031365 0.062150 0 1.00000000 0.00000000 0.00000000 1.00000000 0.00000000 1.00000000 1.00000000 0.00000000 0.00000000 1.00000000 0.00000000 1.00000000 0.00000000 0.00000000 0.00000000 0.00000000 0.00000000 0.00000000 0.00000000 0.00000000 0.00000000 0.00000000 0.00000000 0.00000000 1.00000000 0.00000000 0.00000000 0.00000000 1.00000000 
1700000040.65207 0.145956 0.247950 -0.956840 0.040930 0.040685 0.066972 0.004619 -0.002316 -0.015489 0.006739 0.001782 0.000327 0.001980 0.023488 -0.005939 0.017493 0.0000000 1 418.629359 418.629359 505.740581 286.574774 -0.020453 -0.024926 0.019510 -0.005656 -0.660094 0.642445 -0.268559 0.281810 -0.062419 0.031365 0.062150 0 1.00000000 0.00000000 0.00000000 1.00000000 0.00000000 1.00000000 1.00000000 0.00000000 0.00000000 1.00000000 0.00000000 1.00000000 0.00000000 0.00000000 0.00000000 0.00000000 0.00000000 0.00000000 0.00000000 0.00000000 0.00000000 0.00000000 0.00000000 0.00000000 1.00000000 0.00000000 0.00000000 0.00000000 1.00000000 
1700000040.68597 0.147241 0.242862 -0.958007 0.039503 0.040368 0.066478 0.004897 -0.004439 -0.013964 0.010968 0.001531 0.000267 0.002038 0.023462 -0.005836 0.017532 0.0000000 1 418.629359 418.629359 505.740581 286.574774 -0.020453 -0.024926 0.019510 -0.005656 -0.660094 0.642445 -0.268559 0.281810 -0.062419 0.031365 0.062150 0 1.00000000 0.00000000 0.00000000 1.00000000 0.00000000 1.00000000 1.00000000 0.00000000 0.00000000 1.00000000 0.00000000 1.00000000 0.00000000 0.00000000 0.00000000 0.00000000 0.00000000 0.00000000 0.00000000 0.00000000 0.00000000 0.00000000 0.00000000 0.00000000 1.00000000 0.00000000 0.00000000 0.00000000 1.00000000 
1700000040.71988 0.148616 0.236653 -0.959413 0.037872 0.040099 0.066042 0.005269 -0.005875 -0.012782 0.012073 0.001312 0.000251 0.002180 0.023478 -0.005809 0.017578 0.0000000 1 418.629359 418.629359 505.740581 286.574774 -0.020453 -0.024926 0.019510 -0.005656 -0.660094 0.642445 -0.268559 0.281810 -0.062419 0.031365 0.062150 0 1.00000000 0.00000000 0.00000000 1.00000000 0.00000000 1.00000000 1.00000000 0.00000000 0.00000000 1.00000000 0.00000000 1.00000000 0.00000000 0.00000000 0.00000000 0.00000000 0.00000000 0.00000000 0.00000000 0.00000000 0.00000000 0.00000000 0.00000000 0.00000000 1.00000000 0.00000000 0.00000000 0.00000000 1.00000000 
1700000040.75378 0.150875 0.230082 -0.960712 0.036501 0.039878 0.065708 0.005564 -0.002029 -0.010720 0.010315 0.001167 0.000213 0.002154 0.023514 -0.005958 0.017643 0.0000000 1 418.629359 418.629359 505.740581 286.574774 -0.020453 -0.024926 0.019510 -0.005656 -0.660094 0.642445 -0.268559 0.281810 -0.062419 0.031365 0.062150 0 1.00000000 0.00000000 0.00000000 1.00000000 0.00000000 1.00000000 1.00000000 0.00000000 0.00000000 1.00000000 0.00000000 1.00000000 0.00000000 0.00000000 0.00000000 0.00000000 0.00000000 0.00000000 0.00000000 0.00000000 0.00000000 0.00000000 0.00000000 0.00000000 1.00000000 0.00000000 0.00000000 0.00000000 1.00000000 
1700000040.78769 0.153343 0.223248 -0.961958 0.035816 0.039560 0.065411 0.006071 -0.000491 -0.008756 0.014202 0.001052 0.000096 0.002053 0.023497 -0.005765 0.017676 0.0000000 1 418.629359 418.629359 505.740581 286.574774 -0.020453 -0.024926 0.019510 -0.005656 -0.660094 0.642445 -0.268559 0.281810 -0.062419 0.031365 0.062150 0 1.00000000 0.00000000 0.00000000 1.00000000 0.00000000 1.00000000 1.00000000 0.00000000 0.00000000 1.00000000 0.00000000 1.00000000 0.00000000 0.00000000 0.00000000 0.00000000 0.00000000 0.00000000 0.00000000 0.00000000 0.00000000 0.00000000 0.00000000 0.00000000 1.00000000 0.00000000 0.00000000 0.00000000 1.00000000 
1700000040.82159 0.154996 0.216094 -0.963334 0.035604 0.039259 0.065215 0.006774 -0.000476 -0.006613 0.021127 0.000987 0.000019 0.001869 0.023442 -0.005521 0.017674 0.0000000 1 418.629359 418.629359 505.740581 286.574774 -0.020453 -0.024926 0.019510 -0.005656 -0.660094 0.642445 -0.268559 0.281810 -0.062419 0.031365 0.062150 0 1.00000000 0.00000000 0.00000000 1.00000000 0.00000000 1.00000000 1.00000000 0.00000000 0.00000000 1.00000000 0.00000000 1.00000000 0.00000000 0.00000000 0.00000000 0.00000000 0.00000000 0.00000000 0.00000000 0.00000000 0.00000000 0.00000000 0.00000000 0.00000000 1.00000000 0.00000000 0.00000000 0.00000000 1.00000000 
1700000040.85550 0.156519 0.207960 -0.964876 0.035615 0.039034 0.065083 0.007660 -0.002972 -0.006191 0.026865 0.000752 -0.000143 0.001698 0.023414 -0.005494 0.017692 0.0000000 1 418.629359 418.629359 505.740581 286.574774 -0.020453 -0.024926 0.019510 -0.005656 -0.660094 0.642445 -0.268559 0.281810 -0.062419 0.031365 0.062150 0 1.00000000 0.00000000 0.00000000 1.00000000 0.00000000 1.00000000 1.00000000 0.00000000 0.00000000 1.00000000 0.00000000 1.00000000 0.00000000 0.00000000 0.00000000 0.00000000 0.00000000 0.00000000 0.00000000 0.00000000 0.00000000 0.00000000 0.00000000 0.00000000 1.00000000 0.00000000 0.00000000 0.00000000 1.00000000 
1700000040.88940 0.158787 0.199202 -0.966373 0.035052 0.038736 0.065035 0.008557 -0.005838 -0.003451 0.028016 0.000550 -0.000270 0.001631 0.023469 -0.005578 0.017778 0.0000000 1 418.629359 418.629359 505.740581 286.574774 -0.020453 -0.024926 0.019510 -0.005656 -0.660094 0.642445 -0.268559 0.281810 -0.062419 0.031365 0.062150 0 1.00000000 0.00000000 0.00000000 1.00000000 0.00000000 1.00000000 1.00000000 0.00000000 0.00000000 1.00000000 0.00000000 1.00000000 0.00000000 0.00000000 0.00000000 0.00000000 0.00000000 0.00000000 0.00000000 0.00000000 0.00000000 0.00000000 0.00000000 0.00000000 1.00000000 0.00000000 0.00000000 0.00000000 1.00000000 
1700000040.92331 0.161555 0.189266 -0.967935 0.034356 0.038346 0.065036 0.009612 -0.010208 -0.002444 0.032090 0.000288 -0.000423 0.001490 0.023457 -0.005615 0.017793 0.0000000 1 418.629359 418.629359 505.740581 286.574774 -0.020453 -0.024926 0.019510 -0.005656 -0.660094 0.642445 -0.268559 0.281810 -0.062419 0.031365 0.062150 0 1.00000000 0.00000000 0.00000000 1.00000000 0.00000000 1.00000000 1.00000000 0.00000000 0.00000000 1.00000000 0.00000000 1.00000000 0.00000000 0.00000000 0.00000000 0.00000000 0.00000000 0.00000000 0.00000000 0.00000000 0.00000000 0.00000000 0.00000000 0.00000000 1.00000000 0.00000000 0.00000000 0.00000000 1.00000000 
1700000040.95721 0.164983 0.177994 -0.969551 0.032703 0.037787 0.065101 0.010826 -0.015060 -0.002840 0.036144 -0.000067 -0.000662 0.001475 0.023472 -0.005666 0.017821 0.0000000 1 418.629359 418.629359 505.740581 286.574774 -0.020453 -0.024926 0.019510 -0.005656 -0.660094 0.642445 -0.268559 0.281810 -0.062419 0.031365 0.062150 0 1.00000000 0.00000000 0.00000000 1.00000000 0.00000000 1.00000000 1.00000000 0.00000000 0.00000000 1.00000000 0.00000000 1.00000000 0.00000000 0.00000000 0.00000000 0.00000000 0.00000000 0.00000000 0.00000000 0.00000000 0.00000000 0.00000000 0.00000000 0.00000000 1.00000000 0.00000000 0.00000000 0.00000000 1.00000000 
1700000040.99112 0.168749 0.165731 -0.971157 0.030176 0.037125 0.065098 0.012272 -0.013962 -0.004378 0.042090 -0.000374 -0.000939 0.001440 0.023476 -0.005693 0.017817 0.0000000 1 418.629359 418.629359 505.740581 286.574774 -0.020453 -0.024926 0.019510 -0.005656 -0.660094 0.642445 -0.268559 0.281810 -0.062419 0.031365 0.062150 0 1.00000000 0.00000000 0.00000000 1.00000000 0.00000000 1.00000000 1.00000000 0.00000000 0.00000000 1.00000000 0.00000000 1.00000000 0.00000000 0.00000000 0.00000000 0.00000000 0.00000000 0.00000000 0.00000000 0.00000000 0.00000000 0.00000000 0.00000000 0.00000000 1.00000000 0.00000000 0.00000000 0.00000000 1.00000000 
1700000041.02502 0.172475 0.152974 -0.972660 0.027994 0.036370 0.065168 0.013887 -0.016075 -0.004684 0.045930 -0.000622 -0.001157 0.001233 0.023501 -0.005616 0.017846 0.0000000 1 418.629359 418.629359 505.740581 286.574774 -0.020453 -0.024926 0.019510 -0.005656 -0.660094 0.642445 -0.268559 0.281810 -0.062419 0.031365 0.062150 0 1.00000000 0.00000000 0.00000000 1.00000000 0.00000000 1.00000000 1.00000000 0.00000000 0.00000000 1.00000000 0.00000000 1.00000000 0.00000000 0.00000000 0.00000000 0.00000000 0.00000000 0.00000000 0.00000000 0.00000000 0.00000000 0.00000000 0.00000000 0.00000000 1.00000000 0.00000000 0.00000000 0.00000000 1.00000000 
1700000041.05893 0.176044 0.140141 -0.974023 0.025445 0.035614 0.065458 0.015530 -0.018038 -0.001380 0.045809 -0.000838 -0.001363 0.001058 0.023635 -0.005586 0.017950 0.0000000 1 418.629359 418.629359 505.740581 286.574774 -0.020453 -0.024926 0.019510 -0.005656 -0.660094 0.642445 -0.268559 0.281810 -0.062419 0.031365 0.062150 0 1.00000000 0.00000000 0.00000000 1.00000000 0.00000000 1.00000000 1.00000000 0.00000000 0.00000000 1.00000000 0.00000000 1.00000000 0.00000000 0.00000000 0.00000000 0.00000000 0.00000000 0.00000000 0.00000000 0.00000000 0.00000000 0.00000000 0.00000000 0.00000000 1.00000000 0.00000000 0.00000000 0.00000000 1.00000000 
1700000041.09283 0.179745 0.127673 -0.975117 0.023177 0.034902 0.065467 0.017092 -0.013674 -0.002191 0.048956 -0.000926 -0.001518 0.000945 0.023631 -0.005633 0.017958 0.0000000 1 418.629359 418.629359 505.740581 286.574774 -0.020453 -0.024926 0.019510 -0.005656 -0.660094 0.642445 -0.268559 0.281810 -0.062419 0.031365 0.062150 0 1.00000000 0.00000000 0.00000000 1.00000000 0.00000000 1.00000000 1.00000000 0.00000000 0.00000000 1.00000000 0.00000000 1.00000000 0.00000000 0.00000000 0.00000000 0.00000000 0.00000000 0.00000000 0.00000000 0.00000000 0.00000000 0.00000000 0.00000000 0.00000000 1.00000000 0.00000000 0.00000000 0.00000000 1.00000000 
1700000041.12674 0.183357 0.114519 -0.976093 0.022536 0.034476 0.065449 0.018894 -0.008221 -0.005519 0.051606 -0.001129 -0.001710 0.000670 0.023600 -0.005682 0.017938 0.0000000 1 418.629359 418.629359 505.740581 286.574774 -0.020453 -0.024926 0.019510 -0.005656 -0.660094 0.642445 -0.268559 0.281810 -0.062419 0.031365 0.062150 0 1.00000000 0.00000000 0.00000000 1.00000000 0.00000000 1.00000000 1.00000000 0.00000000 0.00000000 1.00000000 0.00000000 1.00000000 0.00000000 0.00000000 0.00000000 0.00000000 0.00000000 0.00000000 0.00000000 0.00000000 0.00000000 0.00000000 0.00000000 0.00000000 1.00000000 0.00000000 0.00000000 0.00000000 1.00000000 
1700000041.16064 0.187249 0.101504 -0.976792 0.022633 0.034085 0.065343 0.020717 -0.005642 -0.009072 0.050843 -0.001231 -0.001920 0.000437 0.023608 -0.005686 0.017953 0.0000000 1 418.629359 418.629359 505.740581 286.574774 -0.020453 -0.024926 0.019510 -0.005656 -0.660094 0.642445 -0.268559 0.281810 -0.062419 0.031365 0.062150 0 1.00000000 0.00000000 0.00000000 1.00000000 0.00000000 1.00000000 1.00000000 0.00000000 0.00000000 1.00000000 0.00000000 1.00000000 0.00000000 0.00000000 0.00000000 0.00000000 0.00000000 0.00000000 0.00000000 0.00000000 0.00000000 0.00000000 0.00000000 0.00000000 1.00000000 0.00000000 0.00000000 0.00000000 1.00000000 
1700000041.19455 0.190461 0.088980 -0.977383 0.023028 0.033801 0.065261 0.022703 -0.004442 -0.009693 0.053331 -0.001198 -0.002025 0.000286 0.023682 -0.005636 0.017877 0.0000000 1 418.629359 418.629359 505.740581 286.574774 -0.020453 -0.024926 0.019510 -0.005656 -0.660094 0.642445 -0.268559 0.281810 -0.062419 0.031365 0.062150 0 1.00000000 0.00000000 0.00000000 1.00000000 0.00000000 1.00000000 1.00000000 0.00000000 0.00000000 1.00000000 0.00000000 1.00000000 0.00000000 0.00000000 0.00000000 0.00000000 0.00000000 0.00000000 0.00000000 0.00000000 0.00000000 0.00000000 0.00000000 0.00000000 1.00000000 0.00000000 0.00000000 0.00000000 1.00000000 
1700000041.22845 0.193681 0.076628 -0.977790 0.023280 0.033432 0.065230 0.024626 -0.008323 -0.008289 0.052538 -0.001297 -0.002284 0.000235 0.023744 -0.005569 0.017912 0.0000000 1 418.629359 418.629359 505.740581 286.574774 -0.020453 -0.024926 0.019510 -0.005656 -0.660094 0.642445 -0.268559 0.281810 -0.062419 0.031365 0.062150 0 1.00000000 0.00000000 0.00000000 1.00000000 0.00000000 1.00000000 1.00000000 0.00000000 0.00000000 1.00000000 0.00000000 1.00000000 0.00000000 0.00000000 0.00000000 0.00000000 0.00000000 0.00000000 0.00000000 0.00000000 0.00000000 0.00000000 0.00000000 0.00000000 1.00000000 0.00000000 0.00000000 0.00000000 1.00000000 
1700000041.26236 0.196373 0.064767 -0.978125 0.022695 0.032861 0.065234 0.026311 -0.012580 -0.010300 0.045614 -0.001325 -0.002388 0.000155 0.023798 -0.005471 0.017987 0.0000000 1 418.629359 418.629359 505.740581 286.574774 -0.020453 -0.024926 0.019510 -0.005656 -0.660094 0.642445 -0.268559 0.281810 -0.062419 0.031365 0.062150 0 1.00000000 0.00000000 0.00000000 1.00000000 0.00000000 1.00000000 1.00000000 0.00000000 0.00000000 1.00000000 0.00000000 1.00000000 0.00000000 0.00000000 0.00000000 0.00000000 0.00000000 0.00000000 0.00000000 0.00000000 0.00000000 0.00000000 0.00000000 0.00000000 1.00000000 0.00000000 0.00000000 0.00000000 1.00000000 
1700000041.29626 0.197891 0.055040 -0.978444 0.021389 0.032108 0.065451 0.027446 -0.018309 -0.012895 0.026328 -0.001162 -0.002278 -0.000004 0.023888 -0.005268 0.018163 0.0000000 1 418.629359 418.629359 505.740581 286.574774 -0.020453 -0.024926 0.019510 -0.005656 -0.660094 0.642445 -0.268559 0.281810 -0.062419 0.031365 0.062150 0 1.00000000 0.00000000 0.00000000 1.00000000 0.00000000 1.00000000 1.00000000 0.00000000 0.00000000 1.00000000 0.00000000 1.00000000 0.00000000 0.00000000 0.00000000 0.00000000 0.00000000 0.00000000 0.00000000 0.00000000 0.00000000 0.00000000 0.00000000 0.00000000 1.00000000 0.00000000 0.00000000 0.00000000 1.00000000 
1700000041.33017 0.197903 0.049060 -0.978800 0.019456 0.031371 0.065648 0.028180 -0.013723 -0.014471 0.014466 -0.000962 -0.002074 -0.000212 0.024063 -0.005145 0.018188 0.0000000 1 418.629359 418.629359 505.740581 286.574774 -0.020453 -0.024926 0.019510 -0.005656 -0.660094 0.642445 -0.268559 0.281810 -0.062419 0.031365 0.062150 0 1.00000000 0.00000000 0.00000000 1.00000000 0.00000000 1.00000000 1.00000000 0.00000000 0.00000000 1.00000000 0.00000000 1.00000000 0.00000000 0.00000000 0.00000000 0.00000000 0.00000000 0.00000000 0.00000000 0.00000000 0.00000000 0.00000000 0.00000000 0.00000000 1.00000000 0.00000000 0.00000000 0.00000000 1.00000000 
1700000041.36407 0.196545 0.044978 -0.979289 0.018461 0.031055 0.065446 0.028784 -0.004164 -0.019733 0.014993 -0.000846 -0.001856 -0.000495 0.024167 -0.005157 0.018116 0.0000000 1 418.629359 418.629359 505.740581 286.574774 -0.020453 -0.024926 0.019510 -0.005656 -0.660094 0.642445 -0.268559 0.281810 -0.062419 0.031365 0.062150 0 1.00000000 0.00000000 0.00000000 1.00000000 0.00000000 1.00000000 1.00000000 0.00000000 0.00000000 1.00000000 0.00000000 1.00000000 0.00000000 0.00000000 0.00000000 0.00000000 0.00000000 0.00000000 0.00000000 0.00000000 0.00000000 0.00000000 0.00000000 0.00000000 1.00000000 0.00000000 0.00000000 0.00000000 1.00000000 
1700000041.39798 0.195498 0.042337 -0.979608 0.018858 0.031213 0.065083 0.029157 0.006717 -0.024151 0.008033 -0.000579 -0.001581 -0.000755 0.024275 -0.005110 0.018157 0.0000000 1 418.629359 418.629359 505.740581 286.574774 -0.020453 -0.024926 0.019510 -0.005656 -0.660094 0.642445 -0.268559 0.281810 -0.062419 0.031365 0.062150 0 1.00000000 0.00000000 0.00000000 1.00000000 0.00000000 1.00000000 1.00000000 0.00000000 0.00000000 1.00000000 0.00000000 1.00000000 0.00000000 0.00000000 0.00000000 0.00000000 0.00000000 0.00000000 0.00000000 0.00000000 0.00000000 0.00000000 0.00000000 0.00000000 1.00000000 0.00000000 0.00000000 0.00000000 1.00000000 
1700000041.43188 0.194642 0.041035 -0.979808 0.020169 0.031647 0.064340 0.029361 0.016370 -0.026857 0.005769 -0.000489 -0.001380 -0.000895 0.024326 -0.005087 0.018167 0.0000000 1 418.629359 418.629359 505.740581 286.574774 -0.020453 -0.024926 0.019510 -0.005656 -0.660094 0.642445 -0.268559 0.281810 -0.062419 0.031365 0.062150 0 1.00000000 0.00000000 0.00000000 1.00000000 0.00000000 1.00000000 1.00000000 0.00000000 0.00000000 1.00000000 0.00000000 1.00000000 0.00000000 0.00000000 0.00000000 0.00000000 0.00000000 0.00000000 0.00000000 0.00000000 0.00000000 0.00000000 0.00000000 0.00000000 1.00000000 0.00000000 0.00000000 0.00000000 1.00000000 
1700000041.46579 0.193878 0.039643 -0.979969 0.022360 0.032091 0.063540 0.029539 0.015402 -0.028020 0.006695 -0.000384 -0.001176 -0.001047 0.024362 -0.005030 0.018220 0.0000000 1 418.629359 418.629359 505.740581 286.574774 -0.020453 -0.024926 0.019510 -0.005656 -0.660094 0.642445 -0.268559 0.281810 -0.062419 0.031365 0.062150 0 1.00000000 0.00000000 0.00000000 1.00000000 0.00000000 1.00000000 1.00000000 0.00000000 0.00000000 1.00000000 0.00000000 1.00000000 0.00000000 0.00000000 0.00000000 0.00000000 0.00000000 0.00000000 0.00000000 0.00000000 0.00000000 0.00000000 0.00000000 0.00000000 1.00000000 0.00000000 0.00000000 0.00000000 1.00000000 
1700000041.49969 0.193631 0.038542 -0.980021 0.024085 0.032288 0.063014 0.029737 0.011744 -0.021077 0.006603 -0.000311 -0.001103 -0.001240 0.024403 -0.004956 0.018236 0.0000000 1 418.629359 418.629359 505.740581 286.574774 -0.020453 -0.024926 0.019510 -0.005656 -0.660094 0.642445 -0.268559 0.281810 -0.062419 0.031365 0.062150 0 1.00000000 0.00000000 0.00000000 1.00000000 0.00000000 1.00000000 1.00000000 0.00000000 0.00000000 1.00000000 0.00000000 1.00000000 0.00000000 0.00000000 0.00000000 0.00000000 0.00000000 0.00000000 0.00000000 0.00000000 0.00000000 0.00000000 0.00000000 0.00000000 1.00000000 0.00000000 0.00000000 0.00000000 1.00000000 
1700000041.53360 0.193534 0.037223 -0.980061 0.025280 0.032615 0.062535 0.029973 0.013200 -0.013784 0.008785 -0.000334 -0.001073 -0.001323 0.024402 -0.004904 0.018256 0.0000000 1 418.629359 418.629359 505.740581 286.574774 -0.020453 -0.024926 0.019510 -0.005656 -0.660094 0.642445 -0.268559 0.281810 -0.062419 0.031365 0.062150 0 1.00000000 0.00000000 0.00000000 1.00000000 0.00000000 1.00000000 1.00000000 0.00000000 0.00000000 1.00000000 0.00000000 1.00000000 0.00000000 0.00000000 0.00000000 0.00000000 0.00000000 0.00000000 0.00000000 0.00000000 0.00000000 0.00000000 0.00000000 0.00000000 1.00000000 0.00000000 0.00000000 0.00000000 1.00000000 
1700000041.56750 0.193315 0.035995 -0.980122 0.026336 0.032950 0.062126 0.030084 0.013278 -0.011558 0.004097 -0.000295 -0.000981 -0.001411 0.024398 -0.004801 0.018366 0.0000000 1 418.629359 418.629359 505.740581 286.574774 -0.020453 -0.024926 0.019510 -0.005656 -0.660094 0.642445 -0.268559 0.281810 -0.062419 0.031365 0.062150 0 1.00000000 0.00000000 0.00000000 1.00000000 0.00000000 1.00000000 1.00000000 0.00000000 0.00000000 1.00000000 0.00000000 1.00000000 0.00000000 0.00000000 0.00000000 0.00000000 0.00000000 0.00000000 0.00000000 0.00000000 0.00000000 0.00000000 0.00000000 0.00000000 1.00000000 0.00000000 0.00000000 0.00000000 1.00000000 
1700000041.60141 0.192963 0.035547 -0.980176 0.027520 0.033315 0.061798 0.030167 0.013068 -0.008109 0.002350 -0.000247 -0.000906 -0.001463 0.024405 -0.004772 0.018383 0.0000000 1 418.629359 418.629359 505.740581 286.574774 -0.020453 -0.024926 0.019510 -0.005656 -0.660094 0.642445 -0.268559 0.281810 -0.062419 0.031365 0.062150 0 1.00000000 0.00000000 0.00000000 1.00000000 0.00000000 1.00000000 1.00000000 0.00000000 0.00000000 1.00000000 0.00000000 1.00000000 0.00000000 0.00000000 0.00000000 0.00000000 0.00000000 0.00000000 0.00000000 0.00000000 0.00000000 0.00000000 0.00000000 0.00000000 1.00000000 0.00000000 0.00000000 0.00000000 1.00000000 
1700000041.63531 0.192825 0.035060 -0.980199 0.028259 0.033616 0.061612 0.030149 0.006855 -0.004113 -0.002087 -0.000254 -0.000899 -0.001404 0.024413 -0.004716 0.018428 0.0000000 1 418.629359 418.629359 505.740581 286.574774 -0.020453 -0.024926 0.019510 -0.005656 -0.660094 0.642445 -0.268559 0.281810 -0.062419 0.031365 0.062150 0 1.00000000 0.00000000 0.00000000 1.00000000 0.00000000 1.00000000 1.00000000 0.00000000 0.00000000 1.00000000 0.00000000 1.00000000 0.00000000 0.00000000 0.00000000 0.00000000 0.00000000 0.00000000 0.00000000 0.00000000 0.00000000 0.00000000 0.00000000 0.00000000 1.00000000 0.00000000 0.00000000 0.00000000 1.00000000 
1700000041.66922 0.193031 0.034528 -0.980173 0.028430 0.033725 0.061599 0.030094 0.004342 0.000438 -0.004189 -0.000258 -0.000886 -0.001415 0.024436 -0.004739 0.018379 0.0000000 1 418.629359 418.629359 505.740581 286.574774 -0.020453 -0.024926 0.019510 -0.005656 -0.660094 0.642445 -0.268559 0.281810 -0.062419 0.031365 0.062150 0 1.00000000 0.00000000 0.00000000 1.00000000 0.00000000 1.00000000 1.00000000 0.00000000 0.00000000 1.00000000 0.00000000 1.00000000 0.00000000 0.00000000 0.00000000 0.00000000 0.00000000 0.00000000 0.00000000 0.00000000 0.00000000 0.00000000 0.00000000 0.00000000 1.00000000 0.00000000 0.00000000 0.00000000 1.00000000 
1700000041.70312 0.193141 0.034189 -0.980159 0.028567 0.033887 0.061608 0.029963 0.004211 0.001372 -0.004710 -0.000257 -0.000866 -0.001411 0.024452 -0.004756 0.018362 0.0000000 1 418.629359 418.629359 505.740581 286.574774 -0.020453 -0.024926 0.019510 -0.005656 -0.660094 0.642445 -0.268559 0.281810 -0.062419 0.031365 0.062150 0 1.00000000 0.00000000 0.00000000 1.00000000 0.00000000 1.00000000 1.00000000 0.00000000 0.00000000 1.00000000 0.00000000 1.00000000 0.00000000 0.00000000 0.00000000 0.00000000 0.00000000 0.00000000 0.00000000 0.00000000 0.00000000 0.00000000 0.00000000 0.00000000 1.00000000 0.00000000 0.00000000 0.00000000 1.00000000 
1700000041.73703 0.193275 0.033877 -0.980136 0.028835 0.033975 0.061671 0.029871 0.003326 0.002745 -0.002133 -0.000248 -0.000853 -0.001429 0.024464 -0.004766 0.018346 0.0000000 1 418.629359 418.629359 505.740581 286.574774 -0.020453 -0.024926 0.019510 -0.005656 -0.660094 0.642445 -0.268559 0.281810 -0.062419 0.031365 0.062150 0 1.00000000 0.00000000 0.00000000 1.00000000 0.00000000 1.00000000 1.00000000 0.00000000 0.00000000 1.00000000 0.00000000 1.00000000 0.00000000 0.00000000 0.00000000 0.00000000 0.00000000 0.00000000 0.00000000 0.00000000 0.00000000 0.00000000 0.00000000 0.00000000 1.00000000 0.00000000 0.00000000 0.00000000 1.00000000 
1700000041.77093 0.193230 0.033390 -0.980171 0.028485 0.033880 0.061900 0.029889 0.000769 0.005124 0.001581 -0.000334 -0.000870 -0.001426 0.024480 -0.004747 0.018327 0.0000000 1 418.629359 418.629359 505.740581 286.574774 -0.020453 -0.024926 0.019510 -0.005656 -0.660094 0.642445 -0.268559 0.281810 -0.062419 0.031365 0.062150 0 1.00000000 0.00000000 0.00000000 1.00000000 0.00000000 1.00000000 1.00000000 0.00000000 0.00000000 1.00000000 0.00000000 1.00000000 0.00000000 0.00000000 0.00000000 0.00000000 0.00000000 0.00000000 0.00000000 0.00000000 0.00000000 0.00000000 0.00000000 0.00000000 1.00000000 0.00000000 0.00000000 0.00000000 1.00000000 
1700000041.80484 0.192980 0.032879 -0.980253 0.027977 0.033947 0.062146 0.030021 0.003597 0.007215 0.005238 -0.000349 -0.000908 -0.001374 0.024497 -0.004731 0.018344 0.0000000 1 418.629359 418.629359 505.740581 286.574774 -0.020453 -0.024926 0.019510 -0.005656 -0.660094 0.642445 -0.268559 0.281810 -0.062419 0.031365 0.062150 0 1.00000000 0.00000000 0.00000000 1.00000000 0.00000000 1.00000000 1.00000000 0.00000000 0.00000000 1.00000000 0.00000000 1.00000000 0.00000000 0.00000000 0.00000000 0.00000000 0.00000000 0.00000000 0.00000000 0.00000000 0.00000000 0.00000000 0.00000000 0.00000000 1.00000000 0.00000000 0.00000000 0.00000000 1.00000000 
1700000041.83874 0.193001 0.032500 -0.980262 0.027957 0.033940 0.062433 0.030110 0.002742 0.006901 0.003824 -0.000308 -0.000911 -0.001483 0.024487 -0.004658 0.018416 0.0000000 1 418.629359 418.629359 505.740581 286.574774 -0.020453 -0.024926 0.019510 -0.005656 -0.660094 0.642445 -0.268559 0.281810 -0.062419 0.031365 0.062150 0 1.00000000 0.00000000 0.00000000 1.00000000 0.00000000 1.00000000 1.00000000 0.00000000 0.00000000 1.00000000 0.00000000 1.00000000 0.00000000 0.00000000 0.00000000 0.00000000 0.00000000 0.00000000 0.00000000 0.00000000 0.00000000 0.00000000 0.00000000 0.00000000 1.00000000 0.00000000 0.00000000 0.00000000 1.00000000 
1700000041.87265 0.192799 0.032431 -0.980313 0.027610 0.033942 0.062791 0.030210 0.004564 0.009146 0.004251 -0.000321 -0.000932 -0.001490 0.024499 -0.004608 0.018455 0.0000000 1 418.629359 418.629359 505.740581 286.574774 -0.020453 -0.024926 0.019510 -0.005656 -0.660094 0.642445 -0.268559 0.281810 -0.062419 0.031365 0.062150 0 1.00000000 0.00000000 0.00000000 1.00000000 0.00000000 1.00000000 1.00000000 0.00000000 0.00000000 1.00000000 0.00000000 1.00000000 0.00000000 0.00000000 0.00000000 0.00000000 0.00000000 0.00000000 0.00000000 0.00000000 0.00000000 0.00000000 0.00000000 0.00000000 1.00000000 0.00000000 0.00000000 0.00000000 1.00000000 
1700000041.90655 0.192164 0.032572 -0.980440 0.027363 0.034063 0.063174 0.030288 0.006344 0.009430 0.003730 -0.000313 -0.000897 -0.001510 0.024499 -0.004542 0.018509 0.0000000 1 418.629359 418.629359 505.740581 286.574774 -0.020453 -0.024926 0.019510 -0.005656 -0.660094 0.642445 -0.268559 0.281810 -0.062419 0.031365 0.062150 0 1.00000000 0.00000000 0.00000000 1.00000000 0.00000000 1.00000000 1.00000000 0.00000000 0.00000000 1.00000000 0.00000000 1.00000000 0.00000000 0.00000000 0.00000000 0.00000000 0.00000000 0.00000000 0.00000000 0.00000000 0.00000000 0.00000000 0.00000000 0.00000000 1.00000000 0.00000000 0.00000000 0.00000000 1.00000000 
1700000041.94046 0.191525 0.033235 -0.980553 0.026993 0.034206 0.063553 0.030300 0.006981 0.008540 -0.000184 -0.000264 -0.000850 -0.001467 0.024508 -0.004480 0.018554 0.0000000 1 418.629359 418.629359 505.740581 286.574774 -0.020453 -0.024926 0.019510 -0.005656 -0.660094 0.642445 -0.268559 0.281810 -0.062419 0.031365 0.062150 0 1.00000000 0.00000000 0.00000000 1.00000000 0.00000000 1.00000000 1.00000000 0.00000000 0.00000000 1.00000000 0.00000000 1.00000000 0.00000000 0.00000000 0.00000000 0.00000000 0.00000000 0.00000000 0.00000000 0.00000000 0.00000000 0.00000000 0.00000000 0.00000000 1.00000000 0.00000000 0.00000000 0.00000000 1.00000000 
1700000041.97436 0.190841 0.034399 -0.980643 0.027110 0.034420 0.063890 0.030220 0.009858 0.008257 -0.002404 -0.000222 -0.000766 -0.001507 0.024522 -0.004462 0.018565 0.0000000 1 418.629359 418.629359 505.740581 286.574774 -0.020453 -0.024926 0.019510 -0.005656 -0.660094 0.642445 -0.268559 0.281810 -0.062419 0.031365 0.062150 0 1.00000000 0.00000000 0.00000000 1.00000000 0.00000000 1.00000000 1.00000000 0.00000000 0.00000000 1.00000000 0.00000000 1.00000000 0.00000000 0.00000000 0.00000000 0.00000000 0.00000000 0.00000000 0.00000000 0.00000000 0.00000000 0.00000000 0.00000000 0.00000000 1.00000000 0.00000000 0.00000000 0.00000000 1.00000000 
1700000042.00827 0.190210 0.035930 -0.980700 0.027494 0.034749 0.064171 0.030087 0.010614 0.006372 -0.004609 -0.000126 -0.000695 -0.001446 0.024538 -0.004449 0.018570 0.0000000 1 418.629359 418.629359 505.740581 286.574774 -0.020453 -0.024926 0.019510 -0.005656 -0.660094 0.642445 -0.268559 0.281810 -0.062419 0.031365 0.062150 0 1.00000000 0.00000000 0.00000000 1.00000000 0.00000000 1.00000000 1.00000000 0.00000000 0.00000000 1.00000000 0.00000000 1.00000000 0.00000000 0.00000000 0.00000000 0.00000000 0.00000000 0.00000000 0.00000000 0.00000000 0.00000000 0.00000000 0.00000000 0.00000000 1.00000000 0.00000000 0.00000000 0.00000000 1.00000000 
1700000042.04217 0.189852 0.037182 -0.980722 0.027544 0.035056 0.064332 0.029989 0.011691 0.005868 -0.002146 -0.000170 -0.000742 -0.001301 0.024542 -0.004451 0.018557 0.0000000 1 418.629359 418.629359 505.740581 286.574774 -0.020453 -0.024926 0.019510 -0.005656 -0.660094 0.642445 -0.268559 0.281810 -0.062419 0.031365 0.062150 0 1.00000000 0.00000000 0.00000000 1.00000000 0.00000000 1.00000000 1.00000000 0.00000000 0.00000000 1.00000000 0.00000000 1.00000000 0.00000000 0.00000000 0.00000000 0.00000000 0.00000000 0.00000000 0.00000000 0.00000000 0.00000000 0.00000000 0.00000000 0.00000000 1.00000000 0.00000000 0.00000000 0.00000000 1.00000000 
1700000042.07608 0.189851 0.037223 -0.980710 0.027912 0.035458 0.064349 0.030096 0.013119 0.003308 0.003156 -0.000226 -0.000816 -0.001162 0.024532 -0.004501 0.018511 0.0000000 1 418.629359 418.629359 505.740581 286.574774 -0.020453 -0.024926 0.019510 -0.005656 -0.660094 0.642445 -0.268559 0.281810 -0.062419 0.031365 0.062150 0 1.00000000 0.00000000 0.00000000 1.00000000 0.00000000 1.00000000 1.00000000 0.00000000 0.00000000 1.00000000 0.00000000 1.00000000 0.00000000 0.00000000 0.00000000 0.00000000 0.00000000 0.00000000 0.00000000 0.00000000 0.00000000 0.00000000 0.00000000 0.00000000 1.00000000 0.00000000 0.00000000 0.00000000 1.00000000 
1700000042.10998 0.190333 0.036742 -0.980606 0.028890 0.035754 0.064504 0.030205 0.010786 0.001570 0.000982 -0.000159 -0.000906 -0.001162 0.024531 -0.004463 0.018526 0.0000000 1 418.629359 418.629359 505.740581 286.574774 -0.020453 -0.024926 0.019510 -0.005656 -0.660094 0.642445 -0.268559 0.281810 -0.062419 0.031365 0.062150 0 1.00000000 0.00000000 0.00000000 1.00000000 0.00000000 1.00000000 1.00000000 0.00000000 0.00000000 1.00000000 0.00000000 1.00000000 0.00000000 0.00000000 0.00000000 0.00000000 0.00000000 0.00000000 0.00000000 0.00000000 0.00000000 0.00000000 0.00000000 0.00000000 1.00000000 0.00000000 0.00000000 0.00000000 1.00000000 
1700000042.14389 0.190774 0.036855 -0.980511 0.029078 0.035788 0.064700 0.030118 0.004457 -0.000321 -0.004049 -0.000120 -0.001002 -0.001173 0.024539 -0.004384 0.018562 0.0000000 1 418.629359 418.629359 505.740581 286.574774 -0.020453 -0.024926 0.019510 -0.005656 -0.660094 0.642445 -0.268559 0.281810 -0.062419 0.031365 0.062150 0 1.00000000 0.00000000 0.00000000 1.00000000 0.00000000 1.00000000 1.00000000 0.00000000 0.00000000 1.00000000 0.00000000 1.00000000 0.00000000 0.00000000 0.00000000 0.00000000 0.00000000 0.00000000 0.00000000 0.00000000 0.00000000 0.00000000 0.00000000 0.00000000 1.00000000 0.00000000 0.00000000 0.00000000 1.00000000 
1700000042.17779 0.190898 0.036716 -0.980490 0.029131 0.035883 0.064764 0.030014 0.006268 -0.002246 -0.001682 -0.000154 -0.001050 -0.001313 0.024529 -0.004369 0.018565 0.0000000 1 418.629359 418.629359 505.740581 286.574774 -0.020453 -0.024926 0.019510 -0.005656 -0.660094 0.642445 -0.268559 0.281810 -0.062419 0.031365 0.062150 0 1.00000000 0.00000000 0.00000000 1.00000000 0.00000000 1.00000000 1.00000000 0.00000000 0.00000000 1.00000000 0.00000000 1.00000000 0.00000000 0.00000000 0.00000000 0.00000000 0.00000000 0.00000000 0.00000000 0.00000000 0.00000000 0.00000000 0.00000000 0.00000000 1.00000000 0.00000000 0.00000000 0.00000000 1.00000000 
1700000042.21170 0.191162 0.036501 -0.980427 0.029785 0.036145 0.064835 0.029970 0.010107 -0.004220 -0.001620 -0.000118 -0.001077 -0.001431 0.024542 -0.004356 0.018567 0.0000000 1 418.629359 418.629359 505.740581 286.574774 -0.020453 -0.024926 0.019510 -0.005656 -0.660094 0.642445 -0.268559 0.281810 -0.062419 0.031365 0.062150 0 1.00000000 0.00000000 0.00000000 1.00000000 0.00000000 1.00000000 1.00000000 0.00000000 0.00000000 1.00000000 0.00000000 1.00000000 0.00000000 0.00000000 0.00000000 0.00000000 0.00000000 0.00000000 0.00000000 0.00000000 0.00000000 0.00000000 0.00000000 0.00000000 1.00000000 0.00000000 0.00000000 0.00000000 1.00000000 
1700000042.24560 0.191210 0.036560 -0.980397 0.030412 0.036385 0.064889 0.029899 0.010529 -0.005294 -0.002155 -0.000168 -0.001105 -0.001537 0.024557 -0.004321 0.018568 0.0000000 1 418.629359 418.629359 505.740581 286.574774 -0.020453 -0.024926 0.019510 -0.005656 -0.660094 0.642445 -0.268559 0.281810 -0.062419 0.031365 0.062150 0 1.00000000 0.00000000 0.00000000 1.00000000 0.00000000 1.00000000 1.00000000 0.00000000 0.00000000 1.00000000 0.00000000 1.00000000 0.00000000 0.00000000 0.00000000 0.00000000 0.00000000 0.00000000 0.00000000 0.00000000 0.00000000 0.00000000 0.00000000 0.00000000 1.00000000 0.00000000 0.00000000 0.00000000 1.00000000 
1700000042.27951 0.190923 0.036810 -0.980423 0.031065 0.036724 0.064885 0.029874 0.012726 -0.004429 -0.001468 -0.000164 -0.001115 -0.001595 0.024575 -0.004320 0.018547 0.0000000 1 418.629359 418.629359 505.740581 286.574774 -0.020453 -0.024926 0.019510 -0.005656 -0.660094 0.642445 -0.268559 0.281810 -0.062419 0.031365 0.062150 0 1.00000000 0.00000000 0.00000000 1.00000000 0.00000000 1.00000000 1.00000000 0.00000000 0.00000000 1.00000000 0.00000000 1.00000000 0.00000000 0.00000000 0.00000000 0.00000000 0.00000000 0.00000000 0.00000000 0.00000000 0.00000000 0.00000000 0.00000000 0.00000000 1.00000000 0.00000000 0.00000000 0.00000000 1.00000000 
1700000042.31341 0.190320 0.037823 -0.980473 0.031936 0.037058 0.064942 0.029728 0.011576 -0.004388 -0.005789 -0.000103 -0.001089 -0.001667 0.024592 -0.004270 0.018563 0.0000000 1 418.629359 418.629359 505.740581 286.574774 -0.020453 -0.024926 0.019510 -0.005656 -0.660094 0.642445 -0.268559 0.281810 -0.062419 0.031365 0.062150 0 1.00000000 0.00000000 0.00000000 1.00000000 0.00000000 1.00000000 1.00000000 0.00000000 0.00000000 1.00000000 0.00000000 1.00000000 0.00000000 0.00000000 0.00000000 0.00000000 0.00000000 0.00000000 0.00000000 0.00000000 0.00000000 0.00000000 0.00000000 0.00000000 1.00000000 0.00000000 0.00000000 0.00000000 1.00000000 
1700000042.34732 0.189462 0.039613 -0.980556 0.032314 0.037244 0.064937 0.029393 0.007342 -0.004693 -0.010738 -0.000089 -0.001083 -0.001715 0.024592 -0.004203 0.018595 0.0000000 1 418.629359 418.629359 505.740581 286.574774 -0.020453 -0.024926 0.019510 -0.005656 -0.660094 0.642445 -0.268559 0.281810 -0.062419 0.031365 0.062150 0 1.00000000 0.00000000 0.00000000 1.00000000 0.00000000 1.00000000 1.00000000 0.00000000 0.00000000 1.00000000 0.00000000 1.00000000 0.00000000 0.00000000 0.00000000 0.00000000 0.00000000 0.00000000 0.00000000 0.00000000 0.00000000 0.00000000 0.00000000 0.00000000 1.00000000 0.00000000 0.00000000 0.00000000 1.00000000 
1700000042.38122 0.188676 0.041486 -0.980622 0.032558 0.037513 0.064828 0.029125 0.006589 -0.002628 -0.008305 -0.000062 -0.001108 -0.001651 0.024603 -0.004243 0.018542 0.0000000 1 418.629359 418.629359 505.740581 286.574774 -0.020453 -0.024926 0.019510 -0.005656 -0.660094 0.642445 -0.268559 0.281810 -0.062419 0.031365 0.062150 0 1.00000000 0.00000000 0.00000000 1.00000000 0.00000000 1.00000000 1.00000000 0.00000000 0.00000000 1.00000000 0.00000000 1.00000000 0.00000000 0.00000000 0.00000000 0.00000000 0.00000000 0.00000000 0.00000000 0.00000000 0.00000000 0.00000000 0.00000000 0.00000000 1.00000000 0.00000000 0.00000000 0.00000000 1.00000000 
1700000042.41513 0.188757 0.042284 -0.980556 0.033060 0.037765 0.064622 0.028923 0.004882 -0.003242 -0.004994 -0.000111 -0.001188 -0.001594 0.024575 -0.004271 0.018533 0.0000000 1 418.629359 418.629359 505.740581 286.574774 -0.020453 -0.024926 0.019510 -0.005656 -0.660094 0.642445 -0.268559 0.281810 -0.062419 0.031365 0.062150 0 1.00000000 0.00000000 0.00000000 1.00000000 0.00000000 1.00000000 1.00000000 0.00000000 0.00000000 1.00000000 0.00000000 1.00000000 0.00000000 0.00000000 0.00000000 0.00000000 0.00000000 0.00000000 0.00000000 0.00000000 0.00000000 0.00000000 0.00000000 0.00000000 1.00000000 0.00000000 0.00000000 0.00000000 1.00000000 
1700000042.44903 0.189296 0.042215 -0.980437 0.033580 0.038014 0.064460 0.028906 0.006289 -0.002069 -0.000131 -0.000148 -0.001243 -0.001505 0.024565 -0.004332 0.018483 0.0000000 1 418.629359 418.629359 505.740581 286.574774 -0.020453 -0.024926 0.019510 -0.005656 -0.660094 0.642445 -0.268559 0.281810 -0.062419 0.031365 0.062150 0 1.00000000 0.00000000 0.00000000 1.00000000 0.00000000 1.00000000 1.00000000 0.00000000 0.00000000 1.00000000 0.00000000 1.00000000 0.00000000 0.00000000 0.00000000 0.00000000 0.00000000 0.00000000 0.00000000 0.00000000 0.00000000 0.00000000 0.00000000 0.00000000 1.00000000 0.00000000 0.00000000 0.00000000 1.00000000 
1700000042.48294 0.189789 0.041974 -0.980331 0.034200 0.038155 0.064425 0.028910 0.005098 -0.000697 0.000853 -0.000104 -0.001304 -0.001504 0.024549 -0.004300 0.018506 0.0000000 1 418.629359 418.629359 505.740581 286.574774 -0.020453 -0.024926 0.019510 -0.005656 -0.660094 0.642445 -0.268559 0.281810 -0.062419 0.031365 0.062150 0 1.00000000 0.00000000 0.00000000 1.00000000 0.00000000 1.00000000 1.00000000 0.00000000 0.00000000 1.00000000 0.00000000 1.00000000 0.00000000 0.00000000 0.00000000 0.00000000 0.00000000 0.00000000 0.00000000 0.00000000 0.00000000 0.00000000 0.00000000 0.00000000 1.00000000 0.00000000 0.00000000 0.00000000 1.00000000 
1700000042.51684 0.189840 0.042103 -0.980304 0.034534 0.038181 0.064513 0.028882 0.000889 0.000759 -0.000087 -0.000080 -0.001331 -0.001499 0.024541 -0.004238 0.018547 0.0000000 1 418.629359 418.629359 505.740581 286.574774 -0.020453 -0.024926 0.019510 -0.005656 -0.660094 0.642445 -0.268559 0.281810 -0.062419 0.031365 0.062150 0 1.00000000 0.00000000 0.00000000 1.00000000 0.00000000 1.00000000 1.00000000 0.00000000 0.00000000 1.00000000 0.00000000 1.00000000 0.00000000 0.00000000 0.00000000 0.00000000 0.00000000 0.00000000 0.00000000 0.00000000 0.00000000 0.00000000 0.00000000 0.00000000 1.00000000 0.00000000 0.00000000 0.00000000 1.00000000 
1700000042.55075 0.189723 0.042538 -0.980318 0.034245 0.038081 0.064595 0.028836 -0.002353 0.001905 -0.000528 -0.000102 -0.001383 -0.001457 0.024535 -0.004195 0.018577 0.0000000 1 418.629359 418.629359 505.740581 286.574774 -0.020453 -0.024926 0.019510 -0.005656 -0.660094 0.642445 -0.268559 0.281810 -0.062419 0.031365 0.062150 0 1.00000000 0.00000000 0.00000000 1.00000000 0.00000000 1.00000000 1.00000000 0.00000000 0.00000000 1.00000000 0.00000000 1.00000000 0.00000000 0.00000000 0.00000000 0.00000000 0.00000000 0.00000000 0.00000000 0.00000000 0.00000000 0.00000000 0.00000000 0.00000000 1.00000000 0.00000000 0.00000000 0.00000000 1.00000000 
1700000042.58465 0.189570 0.042640 -0.980343 0.034256 0.038130 0.064630 0.028930 0.000225 0.003218 0.004722 -0.000130 -0.001386 -0.001384 0.024530 -0.004234 0.018553 0.0000000 1 418.629359 418.629359 505.740581 286.574774 -0.020453 -0.024926 0.019510 -0.005656 -0.660094 0.642445 -0.268559 0.281810 -0.062419 0.031365 0.062150 0 1.00000000 0.00000000 0.00000000 1.00000000 0.00000000 1.00000000 1.00000000 0.00000000 0.00000000 1.00000000 0.00000000 1.00000000 0.00000000 0.00000000 0.00000000 0.00000000 0.00000000 0.00000000 0.00000000 0.00000000 0.00000000 0.00000000 0.00000000 0.00000000 1.00000000 0.00000000 0.00000000 0.00000000 1.00000000 
1700000042.61856 0.189565 0.042504 -0.980341 0.034489 0.038140 0.064765 0.029012 -0.000135 0.002960 0.003337 -0.000136 -0.001379 -0.001297 0.024525 -0.004186 0.018607 0.0000000 1 418.629359 418.629359 505.740581 286.574774 -0.020453 -0.024926 0.019510 -0.005656 -0.660094 0.642445 -0.268559 0.281810 -0.062419 0.031365 0.062150 0 1.00000000 0.00000000 0.00000000 1.00000000 0.00000000 1.00000000 1.00000000 0.00000000 0.00000000 1.00000000 0.00000000 1.00000000 0.00000000 0.00000000 0.00000000 0.00000000 0.00000000 0.00000000 0.00000000 0.00000000 0.00000000 0.00000000 0.00000000 0.00000000 1.00000000 0.00000000 0.00000000 0.00000000 1.00000000 
1700000042.65246 0.189282 0.042837 -0.980386 0.034354 0.038115 0.064925 0.029060 0.000761 0.004121 0.002164 -0.000106 -0.001317 -0.001209 0.024534 -0.004149 0.018628 0.0000000 1 418.629359 418.629359 505.740581 286.574774 -0.020453 -0.024926 0.019510 -0.005656 -0.660094 0.642445 -0.268559 0.281810 -0.062419 0.031365 0.062150 0 1.00000000 0.00000000 0.00000000 1.00000000 0.00000000 1.00000000 1.00000000 0.00000000 0.00000000 1.00000000 0.00000000 1.00000000 0.00000000 0.00000000 0.00000000 0.00000000 0.00000000 0.00000000 0.00000000 0.00000000 0.00000000 0.00000000 0.00000000 0.00000000 1.00000000 0.00000000 0.00000000 0.00000000 1.00000000 
1700000042.68637 0.188874 0.043686 -0.980426 0.034400 0.037977 0.065165 0.029058 -0.000468 0.005867 0.000600 -0.000033 -0.001307 -0.001217 0.024532 -0.004077 0.018669 0.0000000 1 418.629359 418.629359 505.740581 286.574774 -0.020453 -0.024926 0.019510 -0.005656 -0.660094 0.642445 -0.268559 0.281810 -0.062419 0.031365 0.062150 0 1.00000000 0.00000000 0.00000000 1.00000000 0.00000000 1.00000000 1.00000000 0.00000000 0.00000000 1.00000000 0.00000000 1.00000000 0.00000000 0.00000000 0.00000000 0.00000000 0.00000000 0.00000000 0.00000000 0.00000000 0.00000000 0.00000000 0.00000000 0.00000000 1.00000000 0.00000000 0.00000000 0.00000000 1.00000000 
1700000042.72027 0.188063 0.044444 -0.980552 0.034287 0.038012 0.065360 0.029139 0.000292 0.007978 0.002607 -0.000057 -0.001260 -0.001138 0.024528 -0.004109 0.018632 0.0000000 1 418.629359 418.629359 505.740581 286.574774 -0.020453 -0.024926 0.019510 -0.005656 -0.660094 0.642445 -0.268559 0.281810 -0.062419 0.031365 0.062150 0 1.00000000 0.00000000 0.00000000 1.00000000 0.00000000 1.00000000 1.00000000 0.00000000 0.00000000 1.00000000 0.00000000 1.00000000 0.00000000 0.00000000 0.00000000 0.00000000 0.00000000 0.00000000 0.00000000 0.00000000 0.00000000 0.00000000 0.00000000 0.00000000 1.00000000 0.00000000 0.00000000 0.00000000 1.00000000 
1700000042.75418 0.187932 0.044594 -0.980566 0.034410 0.038018 0.065581 0.029164 -0.002909 0.006682 -0.000032 -0.000074 -0.001284 -0.001086 0.024513 -0.004095 0.018663 0.0000000 1 418.629359 418.629359 505.740581 286.574774 -0.020453 -0.024926 0.019510 -0.005656 -0.660094 0.642445 -0.268559 0.281810 -0.062419 0.031365 0.062150 0 1.00000000 0.00000000 0.00000000 1.00000000 0.00000000 1.00000000 1.00000000 0.00000000 0.00000000 1.00000000 0.00000000 1.00000000 0.00000000 0.00000000 0.00000000 0.00000000 0.00000000 0.00000000 0.00000000 0.00000000 0.00000000 0.00000000 0.00000000 0.00000000 1.00000000 0.00000000 0.00000000 0.00000000 1.00000000 
1700000042.78808 0.188267 0.044702 -0.980494 0.034467 0.037888 0.065798 0.029066 -0.005590 0.005294 -0.004096 -0.000061 -0.001251 -0.001032 0.024517 -0.004086 0.018676 0.0000000 1 418.629359 418.629359 505.740581 286.574774 -0.020453 -0.024926 0.019510 -0.005656 -0.660094 0.642445 -0.268559 0.281810 -0.062419 0.031365 0.062150 0 1.00000000 0.00000000 0.00000000 1.00000000 0.00000000 1.00000000 1.00000000 0.00000000 0.00000000 1.00000000 0.00000000 1.00000000 0.00000000 0.00000000 0.00000000 0.00000000 0.00000000 0.00000000 0.00000000 0.00000000 0.00000000 0.00000000 0.00000000 0.00000000 1.00000000 0.00000000 0.00000000 0.00000000 1.00000000 
1700000042.82199 0.188298 0.045087 -0.980476 0.034332 0.037629 0.066131 0.028906 -0.008333 0.006026 -0.005255 -0.000047 -0.001190 -0.001015 0.024540 -0.004070 0.018663 0.0000000 1 418.629359 418.629359 505.740581 286.574774 -0.020453 -0.024926 0.019510 -0.005656 -0.660094 0.642445 -0.268559 0.281810 -0.062419 0.031365 0.062150 0 1.00000000 0.00000000 0.00000000 1.00000000 0.00000000 1.00000000 1.00000000 0.00000000 0.00000000 1.00000000 0.00000000 1.00000000 0.00000000 0.00000000 0.00000000 0.00000000 0.00000000 0.00000000 0.00000000 0.00000000 0.00000000 0.00000000 0.00000000 0.00000000 1.00000000 0.00000000 0.00000000 0.00000000 1.00000000 
1700000042.85589 0.188276 0.045629 -0.980470 0.033890 0.037240 0.066417 0.028870 -0.010190 0.008459 0.000154 -0.000056 -0.001232 -0.000981 0.024547 -0.004083 0.018615 0.0000000 1 418.629359 418.629359 505.740581 286.574774 -0.020453 -0.024926 0.019510 -0.005656 -0.660094 0.642445 -0.268559 0.281810 -0.062419 0.031365 0.062150 0 1.00000000 0.00000000 0.00000000 1.00000000 0.00000000 1.00000000 1.00000000 0.00000000 0.00000000 1.00000000 0.00000000 1.00000000 0.00000000 0.00000000 0.00000000 0.00000000 0.00000000 0.00000000 0.00000000 0.00000000 0.00000000 0.00000000 0.00000000 0.00000000 1.00000000 0.00000000 0.00000000 0.00000000 1.00000000 
1700000042.88980 0.188204 0.045646 -0.980502 0.033334 0.036922 0.066807 0.028983 -0.008785 0.011088 0.004830 -0.000057 -0.001256 -0.000939 0.024560 -0.004088 0.018607 0.0000000 1 418.629359 418.629359 505.740581 286.574774 -0.020453 -0.024926 0.019510 -0.005656 -0.660094 0.642445 -0.268559 0.281810 -0.062419 0.031365 0.062150 0 1.00000000 0.00000000 0.00000000 1.00000000 0.00000000 1.00000000 1.00000000 0.00000000 0.00000000 1.00000000 0.00000000 1.00000000 0.00000000 0.00000000 0.00000000 0.00000000 0.00000000 0.00000000 0.00000000 0.00000000 0.00000000 0.00000000 0.00000000 0.00000000 1.00000000 0.00000000 0.00000000 0.00000000 1.00000000 
1700000042.92370 0.187829 0.045822 -0.980584 0.032812 0.036575 0.067188 0.029176 -0.007780 0.012677 0.009219 -0.000077 -0.001235 -0.000919 0.024542 -0.004063 0.018620 0.0000000 1 418.629359 418.629359 505.740581 286.574774 -0.020453 -0.024926 0.019510 -0.005656 -0.660094 0.642445 -0.268559 0.281810 -0.062419 0.031365 0.062150 0 1.00000000 0.00000000 0.00000000 1.00000000 0.00000000 1.00000000 1.00000000 0.00000000 0.00000000 1.00000000 0.00000000 1.00000000 0.00000000 0.00000000 0.00000000 0.00000000 0.00000000 0.00000000 0.00000000 0.00000000 0.00000000 0.00000000 0.00000000 0.00000000 1.00000000 0.00000000 0.00000000 0.00000000 1.00000000 
1700000042.95761 0.187226 0.045372 -0.980747 0.031995 0.036106 0.067584 0.029544 -0.015210 0.012419 0.014460 -0.000158 -0.001270 -0.000864 0.024515 -0.004020 0.018660 0.0000000 1 418.629359 418.629359 505.740581 286.574774 -0.020453 -0.024926 0.019510 -0.005656 -0.660094 0.642445 -0.268559 0.281810 -0.062419 0.031365 0.062150 0 1.00000000 0.00000000 0.00000000 1.00000000 0.00000000 1.00000000 1.00000000 0.00000000 0.00000000 1.00000000 0.00000000 1.00000000 0.00000000 0.00000000 0.00000000 0.00000000 0.00000000 0.00000000 0.00000000 0.00000000 0.00000000 0.00000000 0.00000000 0.00000000 1.00000000 0.00000000 0.00000000 0.00000000 1.00000000 
1700000042.99151 0.186926 0.044410 -0.980887 0.030781 0.035556 0.068029 0.029970 -0.015293 0.013172 0.014561 -0.000254 -0.001323 -0.000807 0.024507 -0.003988 0.018722 0.0000000 1 418.629359 418.629359 505.740581 286.574774 -0.020453 -0.024926 0.019510 -0.005656 -0.660094 0.642445 -0.268559 0.281810 -0.062419 0.031365 0.062150 0 1.00000000 0.00000000 0.00000000 1.00000000 0.00000000 1.00000000 1.00000000 0.00000000 0.00000000 1.00000000 0.00000000 1.00000000 0.00000000 0.00000000 0.00000000 0.00000000 0.00000000 0.00000000 0.00000000 0.00000000 0.00000000 0.00000000 0.00000000 0.00000000 1.00000000 0.00000000 0.00000000 0.00000000 1.00000000 
1700000043.02542 0.185934 0.043344 -0.981134 0.030433 0.035022 0.068480 0.030477 -0.012990 0.011385 0.015236 -0.000267 -0.001302 -0.000905 0.024484 -0.003986 0.018716 0.0000000 1 418.629359 418.629359 505.740581 286.574774 -0.020453 -0.024926 0.019510 -0.005656 -0.660094 0.642445 -0.268559 0.281810 -0.062419 0.031365 0.062150 0 1.00000000 0.00000000 0.00000000 1.00000000 0.00000000 1.00000000 1.00000000 0.00000000 0.00000000 1.00000000 0.00000000 1.00000000 0.00000000 0.00000000 0.00000000 0.00000000 0.00000000 0.00000000 0.00000000 0.00000000 0.00000000 0.00000000 0.00000000 0.00000000 1.00000000 0.00000000 0.00000000 0.00000000 1.00000000 
1700000043.05932 0.184752 0.042603 -0.981406 0.029900 0.034679 0.068924 0.030880 -0.010213 0.010825 0.010023 -0.000341 -0.001242 -0.000812 0.024497 -0.003983 0.018722 0.0000000 1 418.629359 418.629359 505.740581 286.574774 -0.020453 -0.024926 0.019510 -0.005656 -0.660094 0.642445 -0.268559 0.281810 -0.062419 0.031365 0.062150 0 1.00000000 0.00000000 0.00000000 1.00000000 0.00000000 1.00000000 1.00000000 0.00000000 0.00000000 1.00000000 0.00000000 1.00000000 0.00000000 0.00000000 0.00000000 0.00000000 0.00000000 0.00000000 0.00000000 0.00000000 0.00000000 0.00000000 0.00000000 0.00000000 1.00000000 0.00000000 0.00000000 0.00000000 1.00000000 
1700000043.09323 0.183660 0.042030 -0.981648 0.029504 0.034373 0.069269 0.031076 -0.010735 0.008030 0.002976 -0.000380 -0.001165 -0.000716 0.024496 -0.003971 0.018729 0.0000000 1 418.629359 418.629359 505.740581 286.574774 -0.020453 -0.024926 0.019510 -0.005656 -0.660094 0.642445 -0.268559 0.281810 -0.062419 0.031365 0.062150 0 1.00000000 0.00000000 0.00000000 1.00000000 0.00000000 1.00000000 1.00000000 0.00000000 0.00000000 1.00000000 0.00000000 1.00000000 0.00000000 0.00000000 0.00000000 0.00000000 0.00000000 0.00000000 0.00000000 0.00000000 0.00000000 0.00000000 0.00000000 0.00000000 1.00000000 0.00000000 0.00000000 0.00000000 1.00000000 
1700000043.12713 0.183024 0.042156 -0.981782 0.028797 0.033895 0.069687 0.030938 -0.014970 0.007171 -0.009130 -0.000314 -0.001068 -0.000627 0.024530 -0.003925 0.018743 0.0000000 1 418.629359 418.629359 505.740581 286.574774 -0.020453 -0.024926 0.019510 -0.005656 -0.660094 0.642445 -0.268559 0.281810 -0.062419 0.031365 0.062150 0 1.00000000 0.00000000 0.00000000 1.00000000 0.00000000 1.00000000 1.00000000 0.00000000 0.00000000 1.00000000 0.00000000 1.00000000 0.00000000 0.00000000 0.00000000 0.00000000 0.00000000 0.00000000 0.00000000 0.00000000 0.00000000 0.00000000 0.00000000 0.00000000 1.00000000 0.00000000 0.00000000 0.00000000 1.00000000 
1700000043.16104 0.182455 0.042428 -0.981904 0.027839 0.033528 0.069927 0.030676 -0.012866 0.005657 -0.011020 -0.000327 -0.000978 -0.000517 0.024546 -0.003993 0.018645 0.0000000 1 418.629359 418.629359 505.740581 286.574774 -0.020453 -0.024926 0.019510 -0.005656 -0.660094 0.642445 -0.268559 0.281810 -0.062419 0.031365 0.062150 0 1.00000000 0.00000000 0.00000000 1.00000000 0.00000000 1.00000000 1.00000000 0.00000000 0.00000000 1.00000000 0.00000000 1.00000000 0.00000000 0.00000000 0.00000000 0.00000000 0.00000000 0.00000000 0.00000000 0.00000000 0.00000000 0.00000000 0.00000000 0.00000000 1.00000000 0.00000000 0.00000000 0.00000000 1.00000000 
1700000043.19494 0.183042 0.042222 -0.981815 0.027410 0.033223 0.070095 0.030271 -0.010020 0.003142 -0.016329 -0.000281 -0.000923 -0.000473 0.024565 -0.004042 0.018590 0.0000000 1 418.629359 418.629359 505.740581 286.574774 -0.020453 -0.024926 0.019510 -0.005656 -0.660094 0.642445 -0.268559 0.281810 -0.062419 0.031365 0.062150 0 1.00000000 0.00000000 0.00000000 1.00000000 0.00000000 1.00000000 1.00000000 0.00000000 0.00000000 1.00000000 0.00000000 1.00000000 0.00000000 0.00000000 0.00000000 0.00000000 0.00000000 0.00000000 0.00000000 0.00000000 0.00000000 0.00000000 0.00000000 0.00000000 1.00000000 0.00000000 0.00000000 0.00000000 1.00000000 
1700000043.22885 0.183721 0.042326 -0.981685 0.027394 0.032901 0.070266 0.029769 -0.008055 0.001347 -0.018954 -0.000163 -0.000824 -0.000433 0.024597 -0.004092 0.018495 0.0000000 1 418.629359 418.629359 505.740581 286.574774 -0.020453 -0.024926 0.019510 -0.005656 -0.660094 0.642445 -0.268559 0.281810 -0.062419 0.031365 0.062150 0 1.00000000 0.00000000 0.00000000 1.00000000 0.00000000 1.00000000 1.00000000 0.00000000 0.00000000 1.00000000 0.00000000 1.00000000 0.00000000 0.00000000 0.00000000 0.00000000 0.00000000 0.00000000 0.00000000 0.00000000 0.00000000 0.00000000 0.00000000 0.00000000 1.00000000 0.00000000 0.00000000 0.00000000 1.00000000 
1700000043.26275 0.184291 0.043007 -0.981565 0.026778 0.032478 0.070487 0.029109 -0.008927 0.002018 -0.021509 -0.000124 -0.000838 -0.000379 0.024629 -0.004059 0.018478 0.0000000 1 418.629359 418.629359 505.740581 286.574774 -0.020453 -0.024926 0.019510 -0.005656 -0.660094 0.642445 -0.268559 0.281810 -0.062419 0.031365 0.062150 0 1.00000000 0.00000000 0.00000000 1.00000000 0.00000000 1.00000000 1.00000000 0.00000000 0.00000000 1.00000000 0.00000000 1.00000000 0.00000000 0.00000000 0.00000000 0.00000000 0.00000000 0.00000000 0.00000000 0.00000000 0.00000000 0.00000000 0.00000000 0.00000000 1.00000000 0.00000000 0.00000000 0.00000000 1.00000000 
1700000043.29666 0.185001 0.043516 -0.981429 0.026035 0.032192 0.070632 0.028459 -0.007671 0.000456 -0.019350 -0.000054 -0.000834 -0.000411 0.024646 -0.004067 0.018446 0.0000000 1 418.629359 418.629359 505.740581 286.574774 -0.020453 -0.024926 0.019510 -0.005656 -0.660094 0.642445 -0.268559 0.281810 -0.062419 0.031365 0.062150 0 1.00000000 0.00000000 0.00000000 1.00000000 0.00000000 1.00000000 1.00000000 0.00000000 0.00000000 1.00000000 0.00000000 1.00000000 0.00000000 0.00000000 0.00000000 0.00000000 0.00000000 0.00000000 0.00000000 0.00000000 0.00000000 0.00000000 0.00000000 0.00000000 1.00000000 0.00000000 0.00000000 0.00000000 1.00000000 
1700000043.33056 0.186434 0.044017 -0.981144 0.025719 0.032043 0.070707 0.027883 0.000293 -0.000513 -0.013911 -0.000008 -0.000845 -0.000421 0.024667 -0.004060 0.018455 0.0000000 1 418.629359 418.629359 505.740581 286.574774 -0.020453 -0.024926 0.019510 -0.005656 -0.660094 0.642445 -0.268559 0.281810 -0.062419 0.031365 0.062150 0 1.00000000 0.00000000 0.00000000 1.00000000 0.00000000 1.00000000 1.00000000 0.00000000 0.00000000 1.00000000 0.00000000 1.00000000 0.00000000 0.00000000 0.00000000 0.00000000 0.00000000 0.00000000 0.00000000 0.00000000 0.00000000 0.00000000 0.00000000 0.00000000 1.00000000 0.00000000 0.00000000 0.00000000 1.00000000 
1700000043.36447 0.187387 0.044631 -0.980933 0.025767 0.031946 0.070860 0.027436 0.003207 -0.002050 -0.010538 0.000043 -0.000833 -0.000489 0.024695 -0.003986 0.018506 0.0000000 1 418.629359 418.629359 505.740581 286.574774 -0.020453 -0.024926 0.019510 -0.005656 -0.660094 0.642445 -0.268559 0.281810 -0.062419 0.031365 0.062150 0 1.00000000 0.00000000 0.00000000 1.00000000 0.00000000 1.00000000 1.00000000 0.00000000 0.00000000 1.00000000 0.00000000 1.00000000 0.00000000 0.00000000 0.00000000 0.00000000 0.00000000 0.00000000 0.00000000 0.00000000 0.00000000 0.00000000 0.00000000 0.00000000 1.00000000 0.00000000 0.00000000 0.00000000 1.00000000 
1700000043.39837 0.187763 0.045987 -0.980794 0.025946 0.031934 0.070869 0.027047 0.006945 -0.004104 -0.006418 0.000094 -0.000818 -0.000611 0.024701 -0.003908 0.018575 0.0000000 1 418.629359 418.629359 505.740581 286.574774 -0.020453 -0.024926 0.019510 -0.005656 -0.660094 0.642445 -0.268559 0.281810 -0.062419 0.031365 0.062150 0 1.00000000 0.00000000 0.00000000 1.00000000 0.00000000 1.00000000 1.00000000 0.00000000 0.00000000 1.00000000 0.00000000 1.00000000 0.00000000 0.00000000 0.00000000 0.00000000 0.00000000 0.00000000 0.00000000 0.00000000 0.00000000 0.00000000 0.00000000 0.00000000 1.00000000 0.00000000 0.00000000 0.00000000 1.00000000 
1700000043.43228 0.187635 0.047357 -0.980737 0.026541 0.032065 0.070772 0.026887 0.007087 -0.004748 0.000559 0.000095 -0.000821 -0.000628 0.024703 -0.003854 0.018629 0.0000000 1 418.629359 418.629359 505.740581 286.574774 -0.020453 -0.024926 0.019510 -0.005656 -0.660094 0.642445 -0.268559 0.281810 -0.062419 0.031365 0.062150 0 1.00000000 0.00000000 0.00000000 1.00000000 0.00000000 1.00000000 1.00000000 0.00000000 0.00000000 1.00000000 0.00000000 1.00000000 0.00000000 0.00000000 0.00000000 0.00000000 0.00000000 0.00000000 0.00000000 0.00000000 0.00000000 0.00000000 0.00000000 0.00000000 1.00000000 0.00000000 0.00000000 0.00000000 1.00000000 
1700000043.46618 0.187471 0.048189 -0.980714 0.027065 0.032068 0.070638 0.026996 0.002118 -0.002883 0.008869 0.000019 -0.000944 -0.000557 0.024693 -0.003789 0.018696 0.0000000 1 418.629359 418.629359 505.740581 286.574774 -0.020453 -0.024926 0.019510 -0.005656 -0.660094 0.642445 -0.268559 0.281810 -0.062419 0.031365 0.062150 0 1.00000000 0.00000000 0.00000000 1.00000000 0.00000000 1.00000000 1.00000000 0.00000000 0.00000000 1.00000000 0.00000000 1.00000000 0.00000000 0.00000000 0.00000000 0.00000000 0.00000000 0.00000000 0.00000000 0.00000000 0.00000000 0.00000000 0.00000000 0.00000000 1.00000000 0.00000000 0.00000000 0.00000000 1.00000000 
1700000043.50009 0.187220 0.047991 -0.980779 0.026795 0.031894 0.070645 0.027282 -0.005527 -0.000512 0.012337 -0.000123 -0.001080 -0.000422 0.024690 -0.003692 0.018809 0.0000000 1 418.629359 418.629359 505.740581 286.574774 -0.020453 -0.024926 0.019510 -0.005656 -0.660094 0.642445 -0.268559 0.281810 -0.062419 0.031365 0.062150 0 1.00000000 0.00000000 0.00000000 1.00000000 0.00000000 1.00000000 1.00000000 0.00000000 0.00000000 1.00000000 0.00000000 1.00000000 0.00000000 0.00000000 0.00000000 0.00000000 0.00000000 0.00000000 0.00000000 0.00000000 0.00000000 0.00000000 0.00000000 0.00000000 1.00000000 0.00000000 0.00000000 0.00000000 1.00000000 
1700000043.53399 0.186999 0.047760 -0.980852 0.026073 0.031637 0.070634 0.027564 -0.005031 0.000463 0.010976 -0.000150 -0.001118 -0.000415 0.024676 -0.003625 0.018908 0.0000000 1 418.629359 418.629359 505.740581 286.574774 -0.020453 -0.024926 0.019510 -0.005656 -0.660094 0.642445 -0.268559 0.281810 -0.062419 0.031365 0.062150 0 1.00000000 0.00000000 0.00000000 1.00000000 0.00000000 1.00000000 1.00000000 0.00000000 0.00000000 1.00000000 0.00000000 1.00000000 0.00000000 0.00000000 0.00000000 0.00000000 0.00000000 0.00000000 0.00000000 0.00000000 0.00000000 0.00000000 0.00000000 0.00000000 1.00000000 0.00000000 0.00000000 0.00000000 1.00000000 
1700000043.56790 0.186322 0.047566 -0.980998 0.025759 0.031515 0.070621 0.027885 -0.003691 0.000039 0.010807 -0.000165 -0.001076 -0.000363 0.024668 -0.003605 0.018945 0.0000000 1 418.629359 418.629359 505.740581 286.574774 -0.020453 -0.024926 0.019510 -0.005656 -0.660094 0.642445 -0.268559 0.281810 -0.062419 0.031365 0.062150 0 1.00000000 0.00000000 0.00000000 1.00000000 0.00000000 1.00000000 1.00000000 0.00000000 0.00000000 1.00000000 0.00000000 1.00000000 0.00000000 0.00000000 0.00000000 0.00000000 0.00000000 0.00000000 0.00000000 0.00000000 0.00000000 0.00000000 0.00000000 0.00000000 1.00000000 0.00000000 0.00000000 0.00000000 1.00000000 
1700000043.60180 0.185734 0.047294 -0.981130 0.025497 0.031343 0.070628 0.028127 -0.006817 -0.001212 0.007364 -0.000199 -0.001033 -0.000330 0.024670 -0.003576 0.018992 0.0000000 1 418.629359 418.629359 505.740581 286.574774 -0.020453 -0.024926 0.019510 -0.005656 -0.660094 0.642445 -0.268559 0.281810 -0.062419 0.031365 0.062150 0 1.00000000 0.00000000 0.00000000 1.00000000 0.00000000 1.00000000 1.00000000 0.00000000 0.00000000 1.00000000 0.00000000 1.00000000 0.00000000 0.00000000 0.00000000 0.00000000 0.00000000 0.00000000 0.00000000 0.00000000 0.00000000 0.00000000 0.00000000 0.00000000 1.00000000 0.00000000 0.00000000 0.00000000 1.00000000 
1700000043.63571 0.185402 0.046852 -0.981222 0.025198 0.031165 0.070677 0.028316 -0.007356 -0.001612 0.005030 -0.000230 -0.000967 -0.000279 0.024689 -0.003572 0.019001 0.0000000 1 418.629359 418.629359 505.740581 286.574774 -0.020453 -0.024926 0.019510 -0.005656 -0.660094 0.642445 -0.268559 0.281810 -0.062419 0.031365 0.062150 0 1.00000000 0.00000000 0.00000000 1.00000000 0.00000000 1.00000000 1.00000000 0.00000000 0.00000000 1.00000000 0.00000000 1.00000000 0.00000000 0.00000000 0.00000000 0.00000000 0.00000000 0.00000000 0.00000000 0.00000000 0.00000000 0.00000000 0.00000000 0.00000000 1.00000000 0.00000000 0.00000000 0.00000000 1.00000000 
1700000043.66961 0.185149 0.046843 -0.981279 0.024838 0.030950 0.070702 0.028424 -0.005368 -0.002591 0.005131 -0.000207 -0.000901 -0.000250 0.024707 -0.003548 0.019025 0.0000000 1 418.629359 418.629359 505.740581 286.574774 -0.020453 -0.024926 0.019510 -0.005656 -0.660094 0.642445 -0.268559 0.281810 -0.062419 0.031365 0.062150 0 1.00000000 0.00000000 0.00000000 1.00000000 0.00000000 1.00000000 1.00000000 0.00000000 0.00000000 1.00000000 0.00000000 1.00000000 0.00000000 0.00000000 0.00000000 0.00000000 0.00000000 0.00000000 0.00000000 0.00000000 0.00000000 0.00000000 0.00000000 0.00000000 1.00000000 0.00000000 0.00000000 0.00000000 1.00000000 
1700000043.70352 0.184541 0.047215 -0.981374 0.024903 0.030735 0.070672 0.028780 -0.001660 -0.002819 0.015127 -0.000155 -0.000809 -0.000304 0.024716 -0.003563 0.018981 0.0000000 1 418.629359 418.629359 505.740581 286.574774 -0.020453 -0.024926 0.019510 -0.005656 -0.660094 0.642445 -0.268559 0.281810 -0.062419 0.031365 0.062150 0 1.00000000 0.00000000 0.00000000 1.00000000 0.00000000 1.00000000 1.00000000 0.00000000 0.00000000 1.00000000 0.00000000 1.00000000 0.00000000 0.00000000 0.00000000 0.00000000 0.00000000 0.00000000 0.00000000 0.00000000 0.00000000 0.00000000 0.00000000 0.00000000 1.00000000 0.00000000 0.00000000 0.00000000 1.00000000 
1700000043.73742 0.183287 0.047513 -0.981590 0.025082 0.030693 0.070666 0.029381 0.002808 0.000165 0.022790 -0.000183 -0.000773 -0.000248 0.024722 -0.003531 0.019017 0.0000000 1 418.629359 418.629359 505.740581 286.574774 -0.020453 -0.024926 0.019510 -0.005656 -0.660094 0.642445 -0.268559 0.281810 -0.062419 0.031365 0.062150 0 1.00000000 0.00000000 0.00000000 1.00000000 0.00000000 1.00000000 1.00000000 0.00000000 0.00000000 1.00000000 0.00000000 1.00000000 0.00000000 0.00000000 0.00000000 0.00000000 0.00000000 0.00000000 0.00000000 0.00000000 0.00000000 0.00000000 0.00000000 0.00000000 1.00000000 0.00000000 0.00000000 0.00000000 1.00000000 
1700000043.77133 0.181810 0.047450 -0.981862 0.025295 0.030638 0.070738 0.030154 0.001758 0.003987 0.028230 -0.000254 -0.000767 -0.000221 0.024716 -0.003463 0.019094 0.0000000 1 418.629359 418.629359 505.740581 286.574774 -0.020453 -0.024926 0.019510 -0.005656 -0.660094 0.642445 -0.268559 0.281810 -0.062419 0.031365 0.062150 0 1.00000000 0.00000000 0.00000000 1.00000000 0.00000000 1.00000000 1.00000000 0.00000000 0.00000000 1.00000000 0.00000000 1.00000000 0.00000000 0.00000000 0.00000000 0.00000000 0.00000000 0.00000000 0.00000000 0.00000000 0.00000000 0.00000000 0.00000000 0.00000000 1.00000000 0.00000000 0.00000000 0.00000000 1.00000000 
1700000043.80523 0.180163 0.046926 -0.982204 0.024787 0.030381 0.070952 0.031094 -0.003973 0.009504 0.031408 -0.000294 -0.000736 -0.000147 0.024705 -0.003389 0.019159 0.0000000 1 418.629359 418.629359 505.740581 286.574774 -0.020453 -0.024926 0.019510 -0.005656 -0.660094 0.642445 -0.268559 0.281810 -0.062419 0.031365 0.062150 0 1.00000000 0.00000000 0.00000000 1.00000000 0.00000000 1.00000000 1.00000000 0.00000000 0.00000000 1.00000000 0.00000000 1.00000000 0.00000000 0.00000000 0.00000000 0.00000000 0.00000000 0.00000000 0.00000000 0.00000000 0.00000000 0.00000000 0.00000000 0.00000000 1.00000000 0.00000000 0.00000000 0.00000000 1.00000000 
1700000043.83914 0.178491 0.045807 -0.982589 0.023715 0.030032 0.071295 0.031945 -0.009250 0.013280 0.026817 -0.000399 -0.000755 -0.000143 0.024684 -0.003292 0.019285 0.0000000 1 418.629359 418.629359 505.740581 286.574774 -0.020453 -0.024926 0.019510 -0.005656 -0.660094 0.642445 -0.268559 0.281810 -0.062419 0.031365 0.062150 0 1.00000000 0.00000000 0.00000000 1.00000000 0.00000000 1.00000000 1.00000000 0.00000000 0.00000000 1.00000000 0.00000000 1.00000000 0.00000000 0.00000000 0.00000000 0.00000000 0.00000000 0.00000000 0.00000000 0.00000000 0.00000000 0.00000000 0.00000000 0.00000000 1.00000000 0.00000000 0.00000000 0.00000000 1.00000000 
1700000043.87304 0.177443 0.044257 -0.982887 0.022122 0.029694 0.071744 0.032696 -0.014069 0.015852 0.019365 -0.000490 -0.000770 0.000001 0.024684 -0.003274 0.019329 0.0000000 1 418.629359 418.629359 505.740581 286.574774 -0.020453 -0.024926 0.019510 -0.005656 -0.660094 0.642445 -0.268559 0.281810 -0.062419 0.031365 0.062150 0 1.00000000 0.00000000 0.00000000 1.00000000 0.00000000 1.00000000 1.00000000 0.00000000 0.00000000 1.00000000 0.00000000 1.00000000 0.00000000 0.00000000 0.00000000 0.00000000 0.00000000 0.00000000 0.00000000 0.00000000 0.00000000 0.00000000 0.00000000 0.00000000 1.00000000 0.00000000 0.00000000 0.00000000 1.00000000 
1700000043.90695 0.177006 0.042428 -0.983094 0.019888 0.029318 0.072332 0.033224 -0.014899 0.017166 0.010275 -0.000588 -0.000789 0.000143 0.024699 -0.003282 0.019326 0.0000000 1 418.629359 418.629359 505.740581 286.574774 -0.020453 -0.024926 0.019510 -0.005656 -0.660094 0.642445 -0.268559 0.281810 -0.062419 0.031365 0.062150 0 1.00000000 0.00000000 0.00000000 1.00000000 0.00000000 1.00000000 1.00000000 0.00000000 0.00000000 1.00000000 0.00000000 1.00000000 0.00000000 0.00000000 0.00000000 0.00000000 0.00000000 0.00000000 0.00000000 0.00000000 0.00000000 0.00000000 0.00000000 0.00000000 1.00000000 0.00000000 0.00000000 0.00000000 1.00000000 
1700000043.94085 0.177153 0.041062 -0.983161 0.018004 0.028937 0.072891 0.033483 -0.013150 0.014524 0.003805 -0.000535 -0.000730 0.000156 0.024709 -0.003305 0.019298 0.0000000 1 418.629359 418.629359 505.740581 286.574774 -0.020453 -0.024926 0.019510 -0.005656 -0.660094 0.642445 -0.268559 0.281810 -0.062419 0.031365 0.062150 0 1.00000000 0.00000000 0.00000000 1.00000000 0.00000000 1.00000000 1.00000000 0.00000000 0.00000000 1.00000000 0.00000000 1.00000000 0.00000000 0.00000000 0.00000000 0.00000000 0.00000000 0.00000000 0.00000000 0.00000000 0.00000000 0.00000000 0.00000000 0.00000000 1.00000000 0.00000000 0.00000000 0.00000000 1.00000000 
1700000043.97476 0.177301 0.040499 -0.983190 0.016190 0.028523 0.073532 0.033625 -0.009746 0.011575 0.001976 -0.000458 -0.000618 0.000082 0.024725 -0.003321 0.019234 0.0000000 1 418.629359 418.629359 505.740581 286.574774 -0.020453 -0.024926 0.019510 -0.005656 -0.660094 0.642445 -0.268559 0.281810 -0.062419 0.031365 0.062150 0 1.00000000 0.00000000 0.00000000 1.00000000 0.00000000 1.00000000 1.00000000 0.00000000 0.00000000 1.00000000 0.00000000 1.00000000 0.00000000 0.00000000 0.00000000 0.00000000 0.00000000 0.00000000 0.00000000 0.00000000 0.00000000 0.00000000 0.00000000 0.00000000 1.00000000 0.00000000 0.00000000 0.00000000 1.00000000 
1700000044.00866 0.176982 0.040592 -0.983269 0.014574 0.028306 0.074002 0.033831 -0.002036 0.008349 0.006103 -0.000439 -0.000536 0.000068 0.024729 -0.003361 0.019145 0.0000000 1 418.629359 418.629359 505.740581 286.574774 -0.020453 -0.024926 0.019510 -0.005656 -0.660094 0.642445 -0.268559 0.281810 -0.062419 0.031365 0.062150 0 1.00000000 0.00000000 0.00000000 1.00000000 0.00000000 1.00000000 1.00000000 0.00000000 0.00000000 1.00000000 0.00000000 1.00000000 0.00000000 0.00000000 0.00000000 0.00000000 0.00000000 0.00000000 0.00000000 0.00000000 0.00000000 0.00000000 0.00000000 0.00000000 1.00000000 0.00000000 0.00000000 0.00000000 1.00000000 
1700000044.04257 0.176356 0.040782 -0.983389 0.013484 0.028262 0.074309 0.034075 0.000854 0.003085 0.007621 -0.000423 -0.000438 0.000064 0.024731 -0.003359 0.019119 0.0000000 1 418.629359 418.629359 505.740581 286.574774 -0.020453 -0.024926 0.019510 -0.005656 -0.660094 0.642445 -0.268559 0.281810 -0.062419 0.031365 0.062150 0 1.00000000 0.00000000 0.00000000 1.00000000 0.00000000 1.00000000 1.00000000 0.00000000 0.00000000 1.00000000 0.00000000 1.00000000 0.00000000 0.00000000 0.00000000 0.00000000 0.00000000 0.00000000 0.00000000 0.00000000 0.00000000 0.00000000 0.00000000 0.00000000 1.00000000 0.00000000 0.00000000 0.00000000 1.00000000 
1700000044.07647 0.175868 0.041092 -0.983476 0.012493 0.028247 0.074374 0.034323 0.001798 -0.001770 0.008330 -0.000426 -0.000392 0.000136 0.024735 -0.003346 0.019120 0.0000000 1 418.629359 418.629359 505.740581 286.574774 -0.020453 -0.024926 0.019510 -0.005656 -0.660094 0.642445 -0.268559 0.281810 -0.062419 0.031365 0.062150 0 1.00000000 0.00000000 0.00000000 1.00000000 0.00000000 1.00000000 1.00000000 0.00000000 0.00000000 1.00000000 0.00000000 1.00000000 0.00000000 0.00000000 0.00000000 0.00000000 0.00000000 0.00000000 0.00000000 0.00000000 0.00000000 0.00000000 0.00000000 0.00000000 1.00000000 0.00000000 0.00000000 0.00000000 1.00000000 
1700000044.11037 0.175361 0.040959 -0.983580 0.011881 0.028233 0.074301 0.034617 0.001295 -0.005694 0.011280 -0.000402 -0.000302 0.000110 0.024738 -0.003323 0.019143 0.0000000 1 418.629359 418.629359 505.740581 286.574774 -0.020453 -0.024926 0.019510 -0.005656 -0.660094 0.642445 -0.268559 0.281810 -0.062419 0.031365 0.062150 0 1.00000000 0.00000000 0.00000000 1.00000000 0.00000000 1.00000000 1.00000000 0.00000000 0.00000000 1.00000000 0.00000000 1.00000000 0.00000000 0.00000000 0.00000000 0.00000000 0.00000000 0.00000000 0.00000000 0.00000000 0.00000000 0.00000000 0.00000000 0.00000000 1.00000000 0.00000000 0.00000000 0.00000000 1.00000000 
1700000044.14428 0.175159 0.040301 -0.983651 0.011237 0.028184 0.074223 0.035018 0.000396 -0.005854 0.012638 -0.000451 -0.000325 0.000146 0.024744 -0.003295 0.019158 0.0000000 1 418.629359 418.629359 505.740581 286.574774 -0.020453 -0.024926 0.019510 -0.005656 -0.660094 0.642445 -0.268559 0.281810 -0.062419 0.031365 0.062150 0 1.00000000 0.00000000 0.00000000 1.00000000 0.00000000 1.00000000 1.00000000 0.00000000 0.00000000 1.00000000 0.00000000 1.00000000 0.00000000 0.00000000 0.00000000 0.00000000 0.00000000 0.00000000 0.00000000 0.00000000 0.00000000 0.00000000 0.00000000 0.00000000 1.00000000 0.00000000 0.00000000 0.00000000 1.00000000 
1700000044.17818 0.174832 0.039130 -0.983769 0.010079 0.028045 0.074152 0.035463 -0.004620 -0.005231 0.013528 -0.000529 -0.000368 0.000267 0.024739 -0.003256 0.019173 0.0000000 1 418.629359 418.629359 505.740581 286.574774 -0.020453 -0.024926 0.019510 -0.005656 -0.660094 0.642445 -0.268559 0.281810 -0.062419 0.031365 0.062150 0 1.00000000 0.00000000 0.00000000 1.00000000 0.00000000 1.00000000 1.00000000 0.00000000 0.00000000 1.00000000 0.00000000 1.00000000 0.00000000 0.00000000 0.00000000 0.00000000 0.00000000 0.00000000 0.00000000 0.00000000 0.00000000 0.00000000 0.00000000 0.00000000 1.00000000 0.00000000 0.00000000 0.00000000 1.00000000 
1700000044.21209 0.174628 0.037973 -0.983865 0.008548 0.027932 0.073944 0.035888 -0.002687 -0.006289 0.012538 -0.000478 -0.000296 0.000397 0.024746 -0.003239 0.019191 0.0000000 1 418.629359 418.629359 505.740581 286.574774 -0.020453 -0.024926 0.019510 -0.005656 -0.660094 0.642445 -0.268559 0.281810 -0.062419 0.031365 0.062150 0 1.00000000 0.00000000 0.00000000 1.00000000 0.00000000 1.00000000 1.00000000 0.00000000 0.00000000 1.00000000 0.00000000 1.00000000 0.00000000 0.00000000 0.00000000 0.00000000 0.00000000 0.00000000 0.00000000 0.00000000 0.00000000 0.00000000 0.00000000 0.00000000 1.00000000 0.00000000 0.00000000 0.00000000 1.00000000 
1700000044.24599 0.174230 0.036816 -0.983988 0.007535 0.027893 0.073716 0.036356 0.001231 -0.007754 0.014897 -0.000474 -0.000273 0.000469 0.024751 -0.003240 0.019185 0.0000000 1 418.629359 418.629359 505.740581 286.574774 -0.020453 -0.024926 0.019510 -0.005656 -0.660094 0.642445 -0.268559 0.281810 -0.062419 0.031365 0.062150 0 1.00000000 0.00000000 0.00000000 1.00000000 0.00000000 1.00000000 1.00000000 0.00000000 0.00000000 1.00000000 0.00000000 1.00000000 0.00000000 0.00000000 0.00000000 0.00000000 0.00000000 0.00000000 0.00000000 0.00000000 0.00000000 0.00000000 0.00000000 0.00000000 1.00000000 0.00000000 0.00000000 0.00000000 1.00000000 
1700000044.27990 0.173728 0.035162 -0.984140 0.007116 0.027987 0.073460 0.036932 0.004178 -0.009881 0.017472 -0.000518 -0.000242 0.000458 0.024755 -0.003241 0.019183 0.0000000 1 418.629359 418.629359 505.740581 286.574774 -0.020453 -0.024926 0.019510 -0.005656 -0.660094 0.642445 -0.268559 0.281810 -0.062419 0.031365 0.062150 0 1.00000000 0.00000000 0.00000000 1.00000000 0.00000000 1.00000000 1.00000000 0.00000000 0.00000000 1.00000000 0.00000000 1.00000000 0.00000000 0.00000000 0.00000000 0.00000000 0.00000000 0.00000000 0.00000000 0.00000000 0.00000000 0.00000000 0.00000000 0.00000000 1.00000000 0.00000000 0.00000000 0.00000000 1.00000000 
1700000044.31380 0.173340 0.033843 -0.984254 0.007242 0.028011 0.073317 0.037273 0.004065 -0.011029 0.008388 -0.000456 -0.000179 0.000355 0.024750 -0.003162 0.019259 0.0000000 1 418.629359 418.629359 505.740581 286.574774 -0.020453 -0.024926 0.019510 -0.005656 -0.660094 0.642445 -0.268559 0.281810 -0.062419 0.031365 0.062150 0 1.00000000 0.00000000 0.00000000 1.00000000 0.00000000 1.00000000 1.00000000 0.00000000 0.00000000 1.00000000 0.00000000 1.00000000 0.00000000 0.00000000 0.00000000 0.00000000 0.00000000 0.00000000 0.00000000 0.00000000 0.00000000 0.00000000 0.00000000 0.00000000 1.00000000 0.00000000 0.00000000 0.00000000 1.00000000 
1700000044.34771 0.172465 0.033634 -0.984416 0.007076 0.028055 0.073130 0.037401 0.003362 -0.009624 0.002977 -0.000408 -0.000073 0.000343 0.024735 -0.003130 0.019264 0.0000000 1 418.629359 418.629359 505.740581 286.574774 -0.020453 -0.024926 0.019510 -0.005656 -0.660094 0.642445 -0.268559 0.281810 -0.062419 0.031365 0.062150 0 1.00000000 0.00000000 0.00000000 1.00000000 0.00000000 1.00000000 1.00000000 0.00000000 0.00000000 1.00000000 0.00000000 1.00000000 0.00000000 0.00000000 0.00000000 0.00000000 0.00000000 0.00000000 0.00000000 0.00000000 0.00000000 0.00000000 0.00000000 0.00000000 1.00000000 0.00000000 0.00000000 0.00000000 1.00000000 
1700000044.38161 0.171883 0.033513 -0.984522 0.006991 0.028201 0.072826 0.037446 0.004104 -0.009626 0.001175 -0.000378 0.000012 0.000342 0.024739 -0.003118 0.019276 0.0000000 1 418.629359 418.629359 505.740581 286.574774 -0.020453 -0.024926 0.019510 -0.005656 -0.660094 0.642445 -0.268559 0.281810 -0.062419 0.031365 0.062150 0 1.00000000 0.00000000 0.00000000 1.00000000 0.00000000 1.00000000 1.00000000 0.00000000 0.00000000 1.00000000 0.00000000 1.00000000 0.00000000 0.00000000 0.00000000 0.00000000 0.00000000 0.00000000 0.00000000 0.00000000 0.00000000 0.00000000 0.00000000 0.00000000 1.00000000 0.00000000 0.00000000 0.00000000 1.00000000 
1700000044.41552 0.171725 0.033302 -0.984557 0.006935 0.028338 0.072535 0.037548 0.003863 -0.009533 0.001670 -0.000355 0.000087 0.000393 0.024734 -0.003158 0.019214 0.0000000 1 418.629359 418.629359 505.740581 286.574774 -0.020453 -0.024926 0.019510 -0.005656 -0.660094 0.642445 -0.268559 0.281810 -0.062419 0.031365 0.062150 0 1.00000000 0.00000000 0.00000000 1.00000000 0.00000000 1.00000000 1.00000000 0.00000000 0.00000000 1.00000000 0.00000000 1.00000000 0.00000000 0.00000000 0.00000000 0.00000000 0.00000000 0.00000000 0.00000000 0.00000000 0.00000000 0.00000000 0.00000000 0.00000000 1.00000000 0.00000000 0.00000000 0.00000000 1.00000000 
1700000044.44942 0.171725 0.032915 -0.984571 0.006901 0.028423 0.072288 0.037620 0.003350 -0.008015 0.001834 -0.000310 0.000117 0.000381 0.024730 -0.003159 0.019206 0.0000000 1 418.629359 418.629359 505.740581 286.574774 -0.020453 -0.024926 0.019510 -0.005656 -0.660094 0.642445 -0.268559 0.281810 -0.062419 0.031365 0.062150 0 1.00000000 0.00000000 0.00000000 1.00000000 0.00000000 1.00000000 1.00000000 0.00000000 0.00000000 1.00000000 0.00000000 1.00000000 0.00000000 0.00000000 0.00000000 0.00000000 0.00000000 0.00000000 0.00000000 0.00000000 0.00000000 0.00000000 0.00000000 0.00000000 1.00000000 0.00000000 0.00000000 0.00000000 1.00000000 
1700000044.48333 0.171719 0.032605 -0.984581 0.007108 0.028441 0.072093 0.037615 0.002916 -0.008046 0.000307 -0.000266 0.000170 0.000297 0.024723 -0.003139 0.019225 0.0000000 1 418.629359 418.629359 505.740581 286.574774 -0.020453 -0.024926 0.019510 -0.005656 -0.660094 0.642445 -0.268559 0.281810 -0.062419 0.031365 0.062150 0 1.00000000 0.00000000 0.00000000 1.00000000 0.00000000 1.00000000 1.00000000 0.00000000 0.00000000 1.00000000 0.00000000 1.00000000 0.00000000 0.00000000 0.00000000 0.00000000 0.00000000 0.00000000 0.00000000 0.00000000 0.00000000 0.00000000 0.00000000 0.00000000 1.00000000 0.00000000 0.00000000 0.00000000 1.00000000 
1700000044.51723 0.171525 0.032492 -0.984617 0.007245 0.028497 0.071920 0.037606 0.002194 -0.007653 0.000527 -0.000294 0.000207 0.000265 0.024714 -0.003125 0.019230 0.0000000 1 418.629359 418.629359 505.740581 286.574774 -0.020453 -0.024926 0.019510 -0.005656 -0.660094 0.642445 -0.268559 0.281810 -0.062419 0.031365 0.062150 0 1.00000000 0.00000000 0.00000000 1.00000000 0.00000000 1.00000000 1.00000000 0.00000000 0.00000000 1.00000000 0.00000000 1.00000000 0.00000000 0.00000000 0.00000000 0.00000000 0.00000000 0.00000000 0.00000000 0.00000000 0.00000000 0.00000000 0.00000000 0.00000000 1.00000000 0.00000000 0.00000000 0.00000000 1.00000000 
1700000044.55114 0.171529 0.032680 -0.984610 0.007242 0.028574 0.071728 0.037610 0.002143 -0.006987 0.001211 -0.000271 0.000262 0.000299 0.024712 -0.003110 0.019232 0.0000000 1 418.629359 418.629359 505.740581 286.574774 -0.020453 -0.024926 0.019510 -0.005656 -0.660094 0.642445 -0.268559 0.281810 -0.062419 0.031365 0.062150 0 1.00000000 0.00000000 0.00000000 1.00000000 0.00000000 1.00000000 1.00000000 0.00000000 0.00000000 1.00000000 0.00000000 1.00000000 0.00000000 0.00000000 0.00000000 0.00000000 0.00000000 0.00000000 0.00000000 0.00000000 0.00000000 0.00000000 0.00000000 0.00000000 1.00000000 0.00000000 0.00000000 0.00000000 1.00000000 
1700000044.58504 0.171367 0.032763 -0.984633 0.007566 0.028665 0.071506 0.037821 0.004610 -0.006623 0.007194 -0.000243 0.000297 0.000343 0.024705 -0.003154 0.019175 0.0000000 1 418.629359 418.629359 505.740581 286.574774 -0.020453 -0.024926 0.019510 -0.005656 -0.660094 0.642445 -0.268559 0.281810 -0.062419 0.031365 0.062150 0 1.00000000 0.00000000 0.00000000 1.00000000 0.00000000 1.00000000 1.00000000 0.00000000 0.00000000 1.00000000 0.00000000 1.00000000 0.00000000 0.00000000 0.00000000 0.00000000 0.00000000 0.00000000 0.00000000 0.00000000 0.00000000 0.00000000 0.00000000 0.00000000 1.00000000 0.00000000 0.00000000 0.00000000 1.00000000 
1700000044.61895 0.170684 0.032873 -0.984745 0.008017 0.028724 0.071276 0.038008 0.004064 -0.007212 0.007658 -0.000235 0.000345 0.000357 0.024705 -0.003117 0.019229 0.0000000 1 418.629359 418.629359 505.740581 286.574774 -0.020453 -0.024926 0.019510 -0.005656 -0.660094 0.642445 -0.268559 0.281810 -0.062419 0.031365 0.062150 0 1.00000000 0.00000000 0.00000000 1.00000000 0.00000000 1.00000000 1.00000000 0.00000000 0.00000000 1.00000000 0.00000000 1.00000000 0.00000000 0.00000000 0.00000000 0.00000000 0.00000000 0.00000000 0.00000000 0.00000000 0.00000000 0.00000000 0.00000000 0.00000000 1.00000000 0.00000000 0.00000000 0.00000000 1.00000000 
1700000044.65285 0.169751 0.032955 -0.984902 0.008199 0.028695 0.071082 0.038196 -0.000914 -0.005696 0.006207 -0.000286 0.000342 0.000449 0.024700 -0.003080 0.019274 0.0000000 1 418.629359 418.629359 505.740581 286.574774 -0.020453 -0.024926 0.019510 -0.005656 -0.660094 0.642445 -0.268559 0.281810 -0.062419 0.031365 0.062150 0 1.00000000 0.00000000 0.00000000 1.00000000 0.00000000 1.00000000 1.00000000 0.00000000 0.00000000 1.00000000 0.00000000 1.00000000 0.00000000 0.00000000 0.00000000 0.00000000 0.00000000 0.00000000 0.00000000 0.00000000 0.00000000 0.00000000 0.00000000 0.00000000 1.00000000 0.00000000 0.00000000 0.00000000 1.00000000 
1700000044.68676 0.169348 0.032663 -0.984982 0.008006 0.028564 0.070932 0.038303 -0.005186 -0.005128 0.002536 -0.000361 0.000277 0.000525 0.024701 -0.003026 0.019333 0.0000000 1 418.629359 418.629359 505.740581 286.574774 -0.020453 -0.024926 0.019510 -0.005656 -0.660094 0.642445 -0.268559 0.281810 -0.062419 0.031365 0.062150 0 1.00000000 0.00000000 0.00000000 1.00000000 0.00000000 1.00000000 1.00000000 0.00000000 0.00000000 1.00000000 0.00000000 1.00000000 0.00000000 0.00000000 0.00000000 0.00000000 0.00000000 0.00000000 0.00000000 0.00000000 0.00000000 0.00000000 0.00000000 0.00000000 1.00000000 0.00000000 0.00000000 0.00000000 1.00000000 
1700000044.72066 0.169352 0.031901 -0.985009 0.007705 0.028454 0.070693 0.038443 -0.002617 -0.006529 0.002802 -0.000439 0.000234 0.000612 0.024698 -0.003045 0.019311 0.0000000 1 418.629359 418.629359 505.740581 286.574774 -0.020453 -0.024926 0.019510 -0.005656 -0.660094 0.642445 -0.268559 0.281810 -0.062419 0.031365 0.062150 0 1.00000000 0.00000000 0.00000000 1.00000000 0.00000000 1.00000000 1.00000000 0.00000000 0.00000000 1.00000000 0.00000000 1.00000000 0.00000000 0.00000000 0.00000000 0.00000000 0.00000000 0.00000000 0.00000000 0.00000000 0.00000000 0.00000000 0.00000000 0.00000000 1.00000000 0.00000000 0.00000000 0.00000000 1.00000000 
1700000044.75457 0.169299 0.030971 -0.985049 0.007522 0.028362 0.070526 0.038601 -0.000892 -0.007918 0.003240 -0.000436 0.000267 0.000653 0.024685 -0.003071 0.019259 0.0000000 1 418.629359 418.629359 505.740581 286.574774 -0.020453 -0.024926 0.019510 -0.005656 -0.660094 0.642445 -0.268559 0.281810 -0.062419 0.031365 0.062150 0 1.00000000 0.00000000 0.00000000 1.00000000 0.00000000 1.00000000 1.00000000 0.00000000 0.00000000 1.00000000 0.00000000 1.00000000 0.00000000 0.00000000 0.00000000 0.00000000 0.00000000 0.00000000 0.00000000 0.00000000 0.00000000 0.00000000 0.00000000 0.00000000 1.00000000 0.00000000 0.00000000 0.00000000 1.00000000 
1700000044.78847 0.169019 0.030588 -0.985111 0.007355 0.028315 0.070384 0.038567 0.001125 -0.009539 -0.001703 -0.000349 0.000338 0.000673 0.024675 -0.003014 0.019295 0.0000000 1 418.629359 418.629359 505.740581 286.574774 -0.020453 -0.024926 0.019510 -0.005656 -0.660094 0.642445 -0.268559 0.281810 -0.062419 0.031365 0.062150 0 1.00000000 0.00000000 0.00000000 1.00000000 0.00000000 1.00000000 1.00000000 0.00000000 0.00000000 1.00000000 0.00000000 1.00000000 0.00000000 0.00000000 0.00000000 0.00000000 0.00000000 0.00000000 0.00000000 0.00000000 0.00000000 0.00000000 0.00000000 0.00000000 1.00000000 0.00000000 0.00000000 0.00000000 1.00000000 
1700000044.82238 0.168819 0.030782 -0.985139 0.007323 0.028345 0.070063 0.038513 0.002579 -0.011952 -0.001784 -0.000288 0.000376 0.000701 0.024661 -0.003020 0.019269 0.0000000 1 418.629359 418.629359 505.740581 286.574774 -0.020453 -0.024926 0.019510 -0.005656 -0.660094 0.642445 -0.268559 0.281810 -0.062419 0.031365 0.062150 0 1.00000000 0.00000000 0.00000000 1.00000000 0.00000000 1.00000000 1.00000000 0.00000000 0.00000000 1.00000000 0.00000000 1.00000000 0.00000000 0.00000000 0.00000000 0.00000000 0.00000000 0.00000000 0.00000000 0.00000000 0.00000000 0.00000000 0.00000000 0.00000000 1.00000000 0.00000000 0.00000000 0.00000000 1.00000000 
1700000044.85628 0.168837 0.030689 -0.985139 0.007320 0.028283 0.069718 0.038495 -0.000148 -0.013005 0.000071 -0.000290 0.000389 0.000735 0.024645 -0.003017 0.019255 0.0000000 1 418.629359 418.629359 505.740581 286.574774 -0.020453 -0.024926 0.019510 -0.005656 -0.660094 0.642445 -0.268559 0.281810 -0.062419 0.031365 0.062150 0 1.00000000 0.00000000 0.00000000 1.00000000 0.00000000 1.00000000 1.00000000 0.00000000 0.00000000 1.00000000 0.00000000 1.00000000 0.00000000 0.00000000 0.00000000 0.00000000 0.00000000 0.00000000 0.00000000 0.00000000 0.00000000 0.00000000 0.00000000 0.00000000 1.00000000 0.00000000 0.00000000 0.00000000 1.00000000 
1700000044.89019 0.168930 0.030244 -0.985137 0.007294 0.028228 0.069340 0.038581 0.001057 -0.012472 0.004025 -0.000295 0.000400 0.000727 0.024634 -0.003032 0.019229 0.0000000 1 418.629359 418.629359 505.740581 286.574774 -0.020453 -0.024926 0.019510 -0.005656 -0.660094 0.642445 -0.268559 0.281810 -0.062419 0.031365 0.062150 0 1.00000000 0.00000000 0.00000000 1.00000000 0.00000000 1.00000000 1.00000000 0.00000000 0.00000000 1.00000000 0.00000000 1.00000000 0.00000000 0.00000000 0.00000000 0.00000000 0.00000000 0.00000000 0.00000000 0.00000000 0.00000000 0.00000000 0.00000000 0.00000000 1.00000000 0.00000000 0.00000000 0.00000000 1.00000000 
1700000044.92409 0.168871 0.029516 -0.985169 0.007364 0.028261 0.068967 0.038819 0.004272 -0.012187 0.008528 -0.000307 0.000431 0.000764 0.024622 -0.003043 0.019208 0.0000000 1 418.629359 418.629359 505.740581 286.574774 -0.020453 -0.024926 0.019510 -0.005656 -0.660094 0.642445 -0.268559 0.281810 -0.062419 0.031365 0.062150 0 1.00000000 0.00000000 0.00000000 1.00000000 0.00000000 1.00000000 1.00000000 0.00000000 0.00000000 1.00000000 0.00000000 1.00000000 0.00000000 0.00000000 0.00000000 0.00000000 0.00000000 0.00000000 0.00000000 0.00000000 0.00000000 0.00000000 0.00000000 0.00000000 1.00000000 0.00000000 0.00000000 0.00000000 1.00000000 
1700000044.95800 0.168628 0.028994 -0.985224 0.007614 0.028325 0.068679 0.038988 0.005110 -0.011208 0.005916 -0.000281 0.000416 0.000765 0.024617 -0.002969 0.019285 0.0000000 1 418.629359 418.629359 505.740581 286.574774 -0.020453 -0.024926 0.019510 -0.005656 -0.660094 0.642445 -0.268559 0.281810 -0.062419 0.031365 0.062150 0 1.00000000 0.00000000 0.00000000 1.00000000 0.00000000 1.00000000 1.00000000 0.00000000 0.00000000 1.00000000 0.00000000 1.00000000 0.00000000 0.00000000 0.00000000 0.00000000 0.00000000 0.00000000 0.00000000 0.00000000 0.00000000 0.00000000 0.00000000 0.00000000 1.00000000 0.00000000 0.00000000 0.00000000 1.00000000 
1700000045.02581 0.168206 0.028645 -0.985307 0.007469 0.028288 0.068438 0.038982 0.003021 -0.001105 -0.000252 -0.000068 0.000296 0.000775 0.024597 -0.002818 0.019422 0.0000000 1 418.629359 418.629359 505.740581 286.574774 -0.020453 -0.024926 0.019510 -0.005656 -0.660094 0.642445 -0.268559 0.281810 -0.062419 0.031365 0.062150 0 1.00000000 0.00000000 0.00000000 1.00000000 0.00000000 1.00000000 1.00000000 0.00000000 0.00000000 1.00000000 0.00000000 1.00000000 0.00000000 0.00000000 0.00000000 0.00000000 0.00000000 0.00000000 0.00000000 0.00000000 0.00000000 0.00000000 0.00000000 0.00000000 1.00000000 0.00000000 0.00000000 0.00000000 1.00000000 
