frame_index,receive_monotonic_ns,relative_s,uvc_pts,uvc_scr_stc,uvc_payload_host_monotonic_ns,uvc_source_mapped_monotonic_ns,uvc_source_relative_s,source_minus_receive_ms
0,234435176352557,0.000000000,4142786985,4142980762,234435182560810,234435167993941,0.000000000,-8.358616
1,234435210303041,0.033950484,4143295417,4143297639,234435202634863,234435201892048,0.033898107,-8.410993
2,234435244121173,0.067768616,4143803849,4143805781,234435234634280,234435235790154,0.067796213,-8.331019
3,234435278149530,0.101796973,4144312281,4144313913,234435270628021,234435269688261,0.101694320,-8.461269
4,234435315563609,0.139211052,4144820713,4144823913,234435302623254,234435303586367,0.135592426,-11.977242
5,234435348548216,0.172195659,4145329146,4145332010,234435338624435,234435337484540,0.169490599,-11.063676
6,234435377144167,0.200791610,4145837578,4145840143,234435370664801,234435371382647,0.203388706,-5.761520
7,234435417439828,0.241087271,4146346010,4146348243,234435406649649,234435405280754,0.237286813,-12.159074
8,234435446728713,0.270376156,4146854442,4146856360,234435438655447,234435439178860,0.271184919,-7.549853
9,234435482958569,0.306606012,4147362874,4147364482,234435474649551,234435473076967,0.305083026,-9.881602
10,234435513090758,0.336738201,4147871306,4147874459,234435506684884,234435506975073,0.338981132,-6.115685
11,234435555144562,0.378792005,4148379738,4148382612,234435542666036,234435540873180,0.372879239,-14.271382
12,234435623865613,0.447513056,4149396603,4149398824,234435606646020,234435608669459,0.440675518,-15.196154
13,234435656720370,0.480367813,4149905035,4149906972,234435642678673,234435642567566,0.474573625,-14.152804
14,234435684037905,0.507685348,4150413467,4150415116,234435674639501,234435676465673,0.508471732,-7.572232
15,234435710959276,0.534606719,4150921899,4150925083,234435710644953,234435710363779,0.542369838,-0.595497
16,234435736203027,0.559850470,4151430331,4151433234,234435742633666,234435744261886,0.576267945,8.058859
17,234435776242547,0.599889990,4151938763,4151941351,234435778663332,234435778159992,0.610166051,1.917445
18,234435805957689,0.629605132,4152447196,4152449466,234435810638584,234435812058165,0.644064224,6.100476
19,234435841866878,0.665514321,4152955628,4152957617,234435846638419,234435845956272,0.677962331,4.089394
20,234435869663874,0.693311317,4153464060,4153465706,234435878645753,234435879854378,0.711860437,10.190504
21,234435914794499,0.738441942,4153972492,4153975704,234435914692733,234435913752485,0.745758544,-1.042014
22,234435938883129,0.762530572,4154480924,4154483790,234435946696547,234435947650592,0.779656651,8.767463
23,234435964213787,0.787861230,4154480924,4154483790,234435946696547,234435947650592,0.779656651,-16.563195
24,234435989659508,0.813306951,4154989356,4154991939,234435982648684,234435981548698,0.813554757,-8.110810
25,234436025350987,0.848998430,4155497788,4155500058,234436014674789,234436015446805,0.847452864,-9.904182
26,234436057376298,0.881023741,4156006220,4156008188,234436050711055,234436049344911,0.881350970,-8.031387
27,234436093074943,0.916722386,4156514652,4156516323,234436082696994,234436083243018,0.915249077,-9.831925
28,234436127232347,0.950879790,4157023085,4157026301,234436118648279,234436117141191,0.949147250,-10.091156
29,234436179194277,1.002841720,4158039949,4158042528,234436186667536,234436184937404,1.016943463,5.743127
30,234436205661894,1.029309337,4158548381,4158550627,234436218728991,234436218835511,1.050841570,13.173617
31,234436226800504,1.050447947,4158548381,4158550627,234436218728991,234436218835511,1.050841570,-7.964993
32,234436258386426,1.082033869,4159056813,4159058754,234436250746211,234436252733617,1.084739676,-5.652809
33,234436299428166,1.123075609,4159565245,4159566878,234436286672780,234436286631724,1.118637783,-12.796442
34,234436325129733,1.148777176,4160073677,4160076882,234436318714227,234436320529830,1.152535889,-4.599903
35,234436363115169,1.186762612,4160582110,4160585001,234436354737457,234436354428003,1.186434062,-8.687166
36,234436394840199,1.218487642,4161090542,4161093132,234436386705161,234436388326110,1.220332169,-6.514089
37,234436438962735,1.262610178,4161598974,4161601261,234436422703795,234436422224216,1.254230275,-16.738519
38,234436463372435,1.287019878,4162107406,4162109361,234436454716415,234436456122323,1.288128382,-7.250112
39,234436503125025,1.326772468,4162615838,4162617494,234436490706166,234436490020430,1.322026489,-13.104595
40,234436529835121,1.353482564,4163124270,4163127494,234436522729819,234436523918536,1.355924595,-5.916585
41,234436573516141,1.397163584,4163632702,4163635654,234436558692898,234436557816643,1.389822702,-15.699498
42,234436597129739,1.420777182,4164141134,4164143749,234436590752071,234436591714749,1.423720808,-5.414990
43,234436636846725,1.460494168,4164649567,4164651915,234436626769529,234436625612922,1.457618981,-11.233803
44,234436666705922,1.490353365,4165157999,4165160044,234436658750755,234436659511029,1.491517088,-7.194893
45,234436709619110,1.533266553,4165666431,4165668184,234436694727278,234436693409136,1.525415195,-16.209974
46,234436733277184,1.556924627,4166174863,4166178172,234436726781665,234436727307242,1.559313301,-5.969942
47,234436771515978,1.595163421,4166683295,4166686262,234436762764601,234436761205349,1.593211408,-10.310629
48,234436807219238,1.630866681,4167191727,4167194382,234436794774696,234436795103455,1.627109514,-12.115783
49,234436853124351,1.676771794,4168208591,4168210621,234436862755167,234436862899668,1.694905727,9.775317
50,234436876872925,1.700520368,4168208591,4168210621,234436862755167,234436862899668,1.694905727,-13.973257
51,234436904566817,1.728214260,4168717024,4168718756,234436894739674,234436896797841,1.728803900,-7.768976
52,234436943767070,1.767414513,4169225456,4169228754,234436930736965,234436930695948,1.762702007,-13.071122
53,234436998331643,1.821979086,4170242320,4170244959,234436998724494,234436998492161,1.830498220,0.160518
54,234437018197793,1.841845236,4170750752,4170753084,234437030769407,234437032390268,1.864396327,14.192475
55,234437039801123,1.863448566,4170750752,4170753084,234437030769407,234437032390268,1.864396327,-7.410855
56,234437075722078,1.899369521,4171259184,4171261182,234437066734156,234437066288374,1.898294433,-9.433704
57,234437117888802,1.941536245,4172276049,4172279326,234437134795982,234437134084654,1.966090713,16.195852
58,234437147381865,1.971029308,4172276049,4172279326,234437134795982,234437134084654,1.966090713,-13.297211
59,234437175006025,1.998653468,4172784481,4172787469,234437166741338,234437167982760,1.999988819,-7.023265
60,234437211678705,2.035326148,4173292913,4173295603,234437202772935,234437201880867,2.033886926,-9.797838
61,234437251534982,2.075182425,4173801345,4173803728,234437234763482,234437235778974,2.067785033,-15.756008
62,234437277379123,2.101026566,4174309777,4174311871,234437270815763,234437269677080,2.101683139,-7.702043
63,234437310997142,2.134644585,4174818209,4174819987,234437302793808,234437303575187,2.135581246,-7.421955
64,234437347996040,2.171643483,4175326641,4175328113,234437338823704,234437337473293,2.169479352,-10.522747
65,234437391816605,2.215464048,4176343506,4176346260,234437406820564,234437405269573,2.237275632,13.452968
66,234437413318058,2.236965501,4176343506,4176346260,234437406820564,234437405269573,2.237275632,-8.048485
67,234437453265380,2.276912823,4176851938,4176854339,234437438781046,234437439167679,2.271173738,-14.097701
68,234437481834651,2.305482094,4177360370,4177362428,234437474758762,234437473065786,2.305071845,-8.768865
69,234437521474920,2.345122363,4177868802,4177870528,234437506776352,234437506963893,2.338969952,-14.511027
70,234437545140612,2.368788055,4178377234,4178378694,234437538854459,234437540861999,2.372868058,-4.278613
71,234437584866263,2.408513706,4178885666,4178888685,234437574773918,234437574760106,2.406766165,-10.106157
72,234437617214689,2.440862132,4179394098,4179396812,234437606800039,234437608658212,2.440664271,-8.556477
73,234437660061863,2.483709306,4180410963,4180413077,234437674846760,234437676454492,2.508460551,16.392629
74,234437681694482,2.505341925,4180410963,4180413077,234437674846760,234437676454492,2.508460551,-5.239990
75,234437724748432,2.548395875,4180919395,4180921181,234437710817596,234437710352598,2.542358657,-14.395834
76,234437751600513,2.575247956,4181427827,4181429294,234437742838273,234437744250705,2.576256764,-7.349808
77,234437793095792,2.616743235,4181936259,4181939272,234437778786463,234437778148812,2.610154871,-14.946980
78,234437817377626,2.641025069,4182444691,4182447395,234437810847798,234437812046918,2.644052977,-5.330708
79,234437857329273,2.680976716,4182953123,4182955537,234437846787907,234437845945025,2.677951084,-11.384248
80,234437889241289,2.712888732,4183461556,4183463660,234437878838747,234437879843198,2.711849257,-9.398091
81,234437930959334,2.754606777,4184478420,4184479879,234437946863276,234437947639411,2.779645470,16.680077
82,234437953982826,2.777630269,4184478420,4184479879,234437946863276,234437947639411,2.779645470,-6.343415
83,234437993649211,2.817296654,4184986852,4184989889,234437982838217,234437981537518,2.813543577,-12.111693
84,234438025095034,2.848742477,4185495284,4185498029,234438014813619,234438015435624,2.847441683,-9.659410
85,234438074050097,2.897697540,4186512148,4186514238,234438082837581,234438083231837,2.915237896,9.181740
86,234438094439964,2.918087407,4186512148,4186514238,234438082837581,234438083231837,2.915237896,-11.208127
87,234438130741906,2.954389349,4187020580,4187022363,234438118805040,234438117129944,2.949136003,-13.611962
88,234438157560767,2.981208210,4187529012,4187530482,234438150827365,234438151028050,2.983034109,-6.532717
89,234438207422122,3.031069565,4188545877,4188548584,234438218865811,234438218824330,3.050830389,11.402208
90,234438228535359,3.052182802,4188545877,4188548584,234438218865811,234438218824330,3.050830389,-9.711029
91,234438258405320,3.082052763,4189054309,4189056697,234438250835162,234438252722437,3.084728496,-5.682883
92,234438297463049,3.121110492,4189562741,4189564831,234438286832365,234438286620543,3.118626602,-10.842506
93,234438338358395,3.162005838,4190579605,4190581077,234438354897058,234438354416756,3.186422815,16.058361
94,234438363158837,3.186806280,4190579605,4190581077,234438354897058,234438354416756,3.186422815,-8.742081
95,234438396804739,3.220452182,4191088037,4191091082,234438386872326,234438388314863,3.220320922,-8.489876
96,234438432868581,3.256516024,4191596470,4191599216,234438422874576,234438422213036,3.254219095,-10.655545
97,234438483252982,3.306900425,4192613334,4192615491,234438490864627,234438490009249,3.322015308,6.756267
98,234438503983693,3.327631136,4192613334,4192615491,234438490864627,234438490009249,3.322015308,-13.974444
99,234438530448229,3.354095672,4193121766,4193123630,234438522895603,234438523907356,3.355913415,-6.540873
100,234438566558886,3.390206329,4193630198,4193631751,234438558876388,234438557805462,3.389811521,-8.753424
101,234438611176186,3.434823629,4194647062,4194649903,234438626916224,234438625601675,3.457607734,14.425489
102,234438634024618,3.457672061,4194647062,4194649903,234438626916224,234438625601675,3.457607734,-8.422943
103,234438666566894,3.490214337,4195155494,4195158016,234438658905078,234438659499782,3.491505841,-7.067112
104,234438703860480,3.527507923,4195663927,4195666129,234438694905245,234438693397955,3.525404014,-10.462525
105,234438747156956,3.570804399,4196680791,4196682421,234438762901004,234438761194168,3.593200227,14.037212
106,234438771933267,3.595580710,4196680791,4196682421,234438762901004,234438761194168,3.593200227,-10.739099
107,234438804254125,3.627901568,4197189223,4197192381,234438794901101,234438795092275,3.627098334,-9.161850
108,234438836447794,3.660095237,4197697655,4197700491,234438830857403,234438828990381,3.660996440,-7.457413
109,234438886936344,3.710583787,4198714519,4198716718,234438894891340,234438896786594,3.728792653,9.850250
110,234438906531188,3.730178631,4198714519,4198716718,234438894891340,234438896786594,3.728792653,-9.744594
111,234438939250062,3.762897505,4199222951,4199224867,234438930920001,234438930684701,3.762690760,-8.565361
112,234438970793698,3.794441141,4199731384,4199732962,234438962921118,234438964582874,3.796588933,-6.210824
113,234439014071614,3.837719057,4200239816,4200242986,234438998923389,234438998480980,3.830487039,-15.590634
114,234439037980313,3.861627756,4200748248,4200751097,234439031019431,234439032379087,3.864385146,-5.601226
115,234439078539554,3.902186997,4201256680,4201259241,234439066929421,234439066277194,3.898283253,-12.262360
116,234439109585093,3.933232536,4201765112,4201767365,234439098919393,234439100175300,3.932181359,-9.409793
117,234439153300805,3.976948248,4202781976,4202783617,234439166930806,234439167971513,3.999977572,14.670708
118,234439176903766,4.000551209,4202781976,4202783617,234439166930806,234439167971513,3.999977572,-8.932253
119,234439210791572,4.034439015,4203290409,4203293640,234439202906363,234439201869686,4.033875745,-8.921886
120,234439247346673,4.070994116,4203798841,4203801762,234439234936652,234439235767793,4.067773852,-11.578880
121,234439297478898,4.121126341,4204815705,4204817983,234439302956757,234439303564006,4.135570065,6.085108
122,234439316509885,4.140157328,4204815705,4204817983,234439302956757,234439303564006,4.135570065,-12.945879
123,234439347449791,4.171097234,4205324137,4205326107,234439338911389,234439337462113,4.169468172,-9.987678
124,234439378870462,4.202517905,4205832569,4205834240,234439370978343,234439371360219,4.203366278,-7.510243
125,234439420406426,4.244053869,4206341001,4206344262,234439406896998,234439405258326,4.237264385,-15.148100
126,234439445941136,4.269588579,4206849433,4206852407,234439438919542,234439439156432,4.271162491,-6.784704
127,234439484428699,4.308076142,4207357866,4207360474,234439474899512,234439473054605,4.305060664,-11.374094
128,234439513741219,4.337388662,4207866298,4207868599,234439506964109,234439506952712,4.338958771,-6.788507
129,234439554956669,4.378604112,4208374730,4208376718,234439538941738,234439540850819,4.372856878,-14.105850
130,234439581409387,4.405056830,4208883162,4208884791,234439574990239,234439574748925,4.406754984,-6.660462
131,234439614594917,4.438242360,4209391594,4209394805,234439606972395,234439608647032,4.440653091,-5.947885
132,234439657724934,4.481372377,4209900026,4209902917,234439642951991,234439642545138,4.474551197,-15.179796
133,234439705926780,4.529574223,4210916890,4210919195,234439710978843,234439710341351,4.542347410,4.414571
134,234439726370048,4.550017491,4210916890,4210919195,234439710978843,234439710341351,4.542347410,-16.028697
135,234439750842982,4.574490425,4211425323,4211427320,234439742938488,234439744239524,4.576245583,-6.603458
136,234439788590825,4.612238268,4211933755,4211935437,234439778951570,234439778137631,4.610143690,-10.453194
137,234439832647890,4.656295333,4212950619,4212953468,234439846958876,234439845933844,4.677939903,13.285954
138,234439853395996,4.677043439,4212950619,4212953468,234439846958876,234439845933844,4.677939903,-7.462152
139,234439891611904,4.715259347,4213459051,4213461612,234439879012356,234439879831951,4.711838010,-11.779953
140,234439923648717,4.747296160,4213967483,4213969759,234439914953106,234439913730057,4.745736116,-9.918660
141,234439965791508,4.789438951,4214984348,4214985989,234439982944922,234439981526337,4.813532396,15.734829
142,234439989408744,4.813056187,4214984348,4214985989,234439982944922,234439981526337,4.813532396,-7.882407
143,234440022686670,4.846334113,4215492780,4215495985,234440014999724,234440015424444,4.847430503,-7.262226
144,234440059672510,4.883319953,4216001212,4216004087,234440051013779,234440049322550,4.881328609,-10.349960
145,234440099203614,4.922851057,4216509644,4216512267,234440082981011,234440083220657,4.915226716,-15.982957
146,234440121379590,4.945027033,4217018076,4217020393,234440118951372,234440117118763,4.949124822,-4.260827
147,234440164630700,4.988278143,4217526508,4217528500,234440150973026,234440151016870,4.983022929,-13.613830
148,234440195583546,5.019230989,4218034940,4218036623,234440183023363,234440184914976,5.016921035,-10.668570
149,234440251793101,5.075440544,4219051805,4219054751,234440250991420,234440252711256,5.084717315,0.918155
150,234440274432224,5.098079667,4219560237,4219562909,234440287005001,234440286609363,5.118615422,12.177139
151,234440298088304,5.121735747,4219560237,4219562909,234440287005001,234440286609363,5.118615422,-11.478941
152,234440326910637,5.150558080,4220068669,4220071021,234440319040615,234440320507469,5.152513528,-6.403168
153,234440377980906,5.201628349,4221085533,4221087274,234440387049691,234440388303682,5.220309741,10.322776
154,234440397642086,5.221289529,4221085533,4221087274,234440387049691,234440388303682,5.220309741,-9.338404
155,234440436715679,5.260363122,4221593965,4221597266,234440423048930,234440422201789,5.254207848,-14.513890
156,234440461684865,5.285332308,4222102397,4222105435,234440454996415,234440456099895,5.288105954,-5.584970
157,234440505131745,5.328779188,4222610830,4222613546,234440491044866,234440489998068,5.322004127,-15.133677
158,234440529432607,5.353080050,4223119262,4223121656,234440523019173,234440523896175,5.355902234,-5.536432
159,234440571690629,5.395338072,4223627694,4223629814,234440559051473,234440557794282,5.389800341,-13.896347
160,234440601397138,5.425044581,4224136126,4224137938,234440591083656,234440591692388,5.423698447,-9.704750
161,234440641586362,5.465233805,4224644558,4224646092,234440627050528,234440625590495,5.457596554,-15.995867
162,234440665540157,5.489187600,4225152990,4225156057,234440659059240,234440659488601,5.491494660,-6.051556
163,234440708541128,5.532188571,4225661422,4225664188,234440695045098,234440693386708,5.525392767,-15.154420
164,234440733415068,5.557062511,4226169854,4226172306,234440727104558,234440727284814,5.559290873,-6.130254
165,234440779010721,5.602658164,4227186719,4227188585,234440795081523,234440795081094,5.627087153,16.070373
166,234440801423187,5.625070630,4227186719,4227188585,234440795081523,234440795081094,5.627087153,-6.342093
167,234440834451395,5.658098838,4227695151,4227696705,234440827097408,234440828979201,5.660985260,-5.472194
168,234440870789225,5.694436668,4228203583,4228206720,234440863078320,234440862877307,5.694883366,-7.911918
169,234440912154543,5.735801986,4228712015,4228714850,234440895087662,234440896775414,5.728781473,-15.379129
170,234440938170337,5.761817780,4229220447,4229222963,234440931127785,234440930673520,5.762679579,-7.496817
171,234440971150769,5.794798212,4229728879,4229731089,234440963100105,234440964571627,5.796577686,-6.579142
172,234441009308545,5.832955988,4230237311,4230239195,234440999102299,234440998469733,5.830475792,-10.838812
173,234441053416517,5.877063960,4231254176,4231257302,234441067048585,234441066266013,5.898272072,12.849496
174,234441073675880,5.897323323,4231254176,4231257302,234441067048585,234441066266013,5.898272072,-7.409867
175,234441111447778,5.935095221,4231762608,4231765432,234441099085623,234441100164120,5.932170179,-11.283658
176,234441147080534,5.970727977,4232271040,4232273579,234441135094616,234441134062226,5.966068285,-13.018308
177,234441199867615,6.023515058,4233287904,4233289811,234441203092919,234441201858439,6.033864498,1.990824
178,234441225117342,6.048764785,4233796336,4233797919,234441235073216,234441235756546,6.067762605,10.639204
179,234441246524280,6.070171723,4233796336,4233797919,234441235073216,234441235756546,6.067762605,-10.767734
180,234441279324186,6.102971629,4234304769,4234307942,234441271103170,234441269654719,6.101660778,-9.669467
181,234441322210390,6.145857833,4235321633,4235324158,234441339064983,234441337450932,6.169456991,15.240542
182,234441345621629,6.169269072,4235321633,4235324158,234441339064983,234441337450932,6.169456991,-8.170697
183,234441383470468,6.207117911,4235830065,4235832234,234441371124707,234441371349039,6.203355098,-12.121429
184,234441414121389,6.237768832,4236338497,4236340379,234441407060909,234441405247145,6.237253204,-8.874244
185,234441462290732,6.285938175,4237355361,4237358536,234441471102952,234441473043358,6.305049417,10.752626
186,234441485208240,6.308855683,4237355361,4237358536,234441471102952,234441473043358,6.305049417,-12.164882
187,234441516390804,6.340038247,4237863793,4237866662,234441507136872,234441506941465,6.338947524,-9.449339
188,234441547304907,6.370952350,4238372226,4238374788,234441539085579,234441540839638,6.372845697,-6.465269
189,234441597211441,6.420858884,4239389090,4239391014,234441607095996,234441608635851,6.440641910,11.424410
190,234441618444380,6.442091823,4239389090,4239391014,234441607095996,234441608635851,6.440641910,-9.808529
191,234441650939358,6.474586801,4239897522,4239899148,234441643077600,234441642533958,6.474540017,-8.405400
192,234441681630027,6.505277470,4240405954,4240409152,234441675117815,234441676432064,6.508438123,-5.197963
193,234441722006750,6.545654193,4240914386,4240917270,234441711109057,234441710330171,6.542336230,-11.676579
194,234441750282042,6.573929485,4241422818,4241425373,234441743094352,234441744228277,6.576234336,-6.053765
195,234441787872549,6.611519992,4241931250,4241933483,234441779116641,234441778126384,6.610132443,-9.746165
196,234441821602328,6.645249771,4242439683,4242441577,234441811134118,234441812024557,6.644030616,-9.577771
197,234441871591316,6.695238759,4243456547,4243459692,234441879124024,234441879820770,6.711826829,8.229454
198,234441893486218,6.717133661,4243456547,4243459692,234441879124024,234441879820770,6.711826829,-13.665448
199,234441924455274,6.748102717,4243964979,4243967827,234441915134749,234441913718877,6.745724936,-10.736397
200,234441955759436,6.779406879,4244473411,4244475953,234441947116109,234441947616983,6.779623042,-8.142453
201,234442003937561,6.827585004,4245490275,4245492185,234442015188431,234442015413196,6.847419255,11.475635
202,234442027203671,6.850851114,4245490275,4245492185,234442015188431,234442015413196,6.847419255,-11.790475
203,234442056245000,6.879892443,4245998708,4246000311,234442051108777,234442049311369,6.881317428,-6.933631
204,234442091427036,6.915074479,4246507140,4246510318,234442083126885,234442083209476,6.915215535,-8.217560
205,234442137364239,6.961011682,4247524004,4247526584,234442151136733,234442151005689,6.983011748,13.641450
206,234442159680369,6.983327812,4247524004,4247526584,234442151136733,234442151005689,6.983011748,-8.674680
207,234442192939788,7.016587231,4248032436,4248034708,234442183139868,234442184903796,7.016909855,-8.035992
208,234442227876314,7.051523757,4248540868,4248542846,234442219139773,234442218801902,7.050807961,-9.074412
209,234442287947440,7.111594883,4249557732,4249560928,234442287150319,234442286598115,7.118604174,-1.349325
210,234442307824480,7.131471923,4250066165,4250069105,234442319215084,234442320496288,7.152502347,12.671808
211,234442330849243,7.154496686,4250066165,4250069105,234442319215084,234442320496288,7.152502347,-10.352955
212,234442362691891,7.186339334,4250574597,4250577249,234442355629806,234442354394395,7.186400454,-8.297496
213,234442402696156,7.226343599,4251083029,4251085363,234442387153111,234442388292502,7.220298561,-14.403654
214,234442429847140,7.253494583,4251591461,4251593442,234442423138615,234442422190608,7.254196667,-7.656532
215,234442463830712,7.287478155,4252099893,4252101579,234442455157910,234442456088715,7.288094774,-7.741997
216,234442505431027,7.329078470,4252608325,4252611573,234442491152173,234442489986821,7.321992880,-15.444206
217,234442568496749,7.392144192,4253625190,4253627850,234442559184901,234442557783101,7.389789160,-10.713648
218,234442594394131,7.418041574,4254133622,4254135943,234442591191310,234442591681208,7.423687267,-2.712923
219,234442616817903,7.440465346,4254642054,4254644109,234442627215355,234442625579314,7.457585373,8.761411
220,234442638456299,7.462103742,4254642054,4254644109,234442627215355,234442625579314,7.457585373,-12.876985
221,234442685642171,7.509289614,4255658918,4255662222,234442695174205,234442693375527,7.525381586,7.733356
222,234442707394803,7.531042246,4255658918,4255662222,234442695174205,234442693375527,7.525381586,-14.019276
223,234442735075180,7.558722623,4256167350,4256170332,234442727198936,234442727273634,7.559279693,-7.801546
224,234442767852484,7.591499927,4256675782,4256678441,234442759198313,234442761171740,7.593177799,-6.680744
225,234442823530181,7.647177624,4257692647,4257694677,234442827179336,234442828968020,7.660974079,5.437839
226,234442845794660,7.669442103,4257692647,4257694677,234442827179336,234442828968020,7.660974079,-16.826640
227,234442871402159,7.695049602,4258201079,4258202771,234442863202691,234442862866127,7.694872186,-8.536032
228,234442901942720,7.725590163,4258709511,4258712775,234442895211319,234442896764233,7.728770292,-5.178487
229,234442946132407,7.769779850,4259217943,4259220868,234442931186642,234442930662340,7.762668399,-15.470067
230,234442971284644,7.794932087,4259726375,4259729030,234442963186481,234442964560446,7.796566505,-6.724198
231,234443007926742,7.831574185,4260234807,4260237146,234442999223505,234442998458553,7.830464612,-9.468189
232,234443039094281,7.862741724,4260743239,4260745250,234443031218179,234443032356659,7.864362718,-6.737622
233,234443093403999,7.917051442,4261760104,4261763403,234443099220698,234443100152939,7.932158998,6.748940
234,234443112625009,7.936272452,4261760104,4261763403,234443099220698,234443100152939,7.932158998,-12.472070
235,234443143632221,7.967279664,4262268536,4262271504,234443135189850,234443134051046,7.966057105,-9.581175
236,234443175375925,7.999023368,4262776968,4262779618,234443167224957,234443167949152,7.999955211,-7.426773
237,234443222609149,8.046256592,4263793832,4263795853,234443235284429,234443235745365,8.067751424,13.136216
238,234443246279535,8.069926978,4263793832,4263795853,234443235284429,234443235745365,8.067751424,-10.534170
239,234443279554207,8.103201650,4264302264,4264303969,234443271209981,234443269643472,8.101649531,-9.910735
240,234443316575500,8.140222943,4264810696,4264813988,234443303216323,234443303541578,8.135547637,-13.033922
241,234443367426781,8.191074224,4265827561,4265830226,234443371253371,234443371337858,8.203343917,3.911077
242,234443390221245,8.213868688,4266335993,4266338324,234443403292859,234443405235965,8.237242024,15.014720
243,234443414463803,8.238111246,4266335993,4266338324,234443403292859,234443405235965,8.237242024,-9.227838
244,234443446098180,8.269745623,4266844425,4266846448,234443439231510,234443439134071,8.271140130,-6.964109
245,234443495406322,8.319053765,4267861289,4267864588,234443507237207,234443506930284,8.338936343,11.523962
246,234443514689380,8.338336823,4267861289,4267864588,234443507237207,234443506930284,8.338936343,-7.759096
247,234443552380161,8.376027604,4268369721,4268372715,234443539267897,234443540828391,8.372834450,-11.551770
248,234443586504400,8.410151843,4268878153,4268880842,234443575237463,234443574726497,8.406732556,-11.777903
249,234443643746071,8.467393514,4269895018,4269897116,234443643233227,234443642522777,8.474528836,-1.223294
250,234443669267512,8.492914955,4270403450,4270405237,234443675349331,234443676420884,8.508426943,7.153372
251,234443693750683,8.517398126,4270911882,4270913357,234443711228889,234443710318990,8.542325049,16.568307
252,234443717964905,8.541612348,4270911882,4270913357,234443711228889,234443710318990,8.542325049,-7.645915
253,234443768751081,8.592398524,4271928746,4271931467,234443779250223,234443778115203,8.610121262,9.364122
254,234443792282229,8.615929672,4271928746,4271931467,234443779250223,234443778115203,8.610121262,-14.167026
255,234443820270635,8.643918078,4272437178,4272439610,234443811341376,234443812013310,8.644019369,-8.257325
256,234443860206788,8.683854231,4272945610,4272947763,234443847254439,234443845911416,8.677917475,-14.295372
257,234443909384110,8.733031553,4273962475,4273963993,234443915361741,234443913707696,8.745713755,4.323586
258,234443931980185,8.755627628,4274470907,4274474019,234443947279695,234443947605803,8.779611862,15.625618
259,234443958329854,8.781977297,4274470907,4274474019,234443947279695,234443947605803,8.779611862,-10.724051
260,234443990318623,8.813966066,4274979339,4274982091,234443983247655,234443981503909,8.813509968,-8.814714
261,234444035802121,8.859449564,4275996203,4275998375,234444047302911,234444049300122,8.881306181,13.498001
262,234444091043709,8.914691152,4276504636,4276506520,234444083283033,234444083198295,8.915204354,-7.845414
263,234444122734231,8.946381674,4277013068,4277014661,234444115280481,234444117096402,8.949102461,-5.637829
264,234444148070327,8.971717770,4277521500,4277524643,234444151273532,234444150994509,8.983000568,2.924182
265,234444175332688,8.998980131,4278029932,4278032799,234444183304635,234444184892615,9.016898674,9.559927
266,234444197373295,9.021020738,4278029932,4278032799,234444183304635,234444184892615,9.016898674,-12.480680
267,234444235832826,9.059480269,4279046796,4279049070,234444251319148,234444252688828,9.084694887,16.856002
268,234444263645047,9.087292490,4279046796,4279049070,234444251319148,234444252688828,9.084694887,-10.956219
269,234444295152222,9.118799665,4279555228,4279557230,234444287407030,234444286586935,9.118592994,-8.565287
270,234444326333129,9.149980572,4280063660,4280065325,234444319449700,234444320485041,9.152491100,-5.848088
271,234444376074644,9.199722087,4281080525,4281083448,234444387317601,234444388281321,9.220287380,12.206677
272,234444399170528,9.222817971,4281080525,4281083448,234444387317601,234444388281321,9.220287380,-10.889207
273,234444432152071,9.255799514,4281588957,4281591555,234444423456784,234444422179428,9.254185487,-9.972643
274,234444462583604,9.286231047,4282097389,4282099659,234444455380136,234444456077534,9.288083593,-6.506070
275,234444511014751,9.334662194,4283114253,4283115933,234444523315593,234444523873747,9.355879806,12.858996
276,234444534101094,9.357748537,4283114253,4283115933,234444523315593,234444523873747,9.355879806,-10.227347
277,234444566898980,9.390546423,4283622685,4283625950,234444559353718,234444557771854,9.389777913,-9.127126
278,234444598135174,9.421782617,4284131117,4284134060,234444591481867,234444591669960,9.423676019,-6.465214
279,234444645600749,9.469248192,4285147982,4285150309,234444659425492,234444659466240,9.491472299,13.865491
280,234444667707616,9.491355059,4285147982,4285150309,234444659425492,234444659466240,9.491472299,-8.241376
281,234444700031395,9.523678838,4285656414,4285658469,234444691364477,234444693364347,9.525370406,-6.667048
282,234444735482797,9.559130240,4286164846,4286166531,234444727480721,234444727262453,9.559268512,-8.220344
283,234444791205906,9.614853349,4287181710,4287184651,234444795433575,234444795058666,9.627064725,3.852760
284,234444814060559,9.637708002,4287690142,4287692774,234444827393393,234444828956773,9.660962832,14.896214
285,234444836091961,9.659739404,4287690142,4287692774,234444827393393,234444828956773,9.660962832,-7.135188
286,234444871110735,9.694758178,4288198574,4288200905,234444863329633,234444862854879,9.694860938,-8.255856
287,234444916015680,9.739663123,4289215439,4289217155,234444931378132,234444930651159,9.762657218,14.635479
288,234444939488082,9.763135525,4289215439,4289217155,234444931378132,234444930651159,9.762657218,-8.836923
289,234444972219672,9.795867115,4289723871,4289725329,234444963457271,234444964549266,9.796555325,-7.670406
290,234445008056902,9.831704345,4290232303,4290235321,234444999471148,234444998447372,9.830453431,-9.609530
291,234445055242643,9.878890086,4291249167,4291251538,234445067353132,234445066243585,9.898249644,11.000942
292,234445078524943,9.902172386,4291249167,4291251538,234445067353132,234445066243585,9.898249644,-12.281358
293,234445111016390,9.934663833,4291757599,4291759649,234445099468847,234445100141692,9.932147751,-10.874698
294,234445143365281,9.967012724,4292266031,4292267775,234445135493441,234445134039798,9.966045857,-9.325483
295,234445195558705,10.019206148,4293282896,4293285898,234445203395591,234445201836078,10.033842137,6.277373
296,234445218304142,10.041951585,4293282896,4293285898,234445203395591,234445201836078,10.033842137,-16.468064
297,234445243032738,10.066680181,4293791328,4293794014,234445235430803,234445235734185,10.067740244,-7.298553
298,234445278322203,10.101969646,4294299760,4294302163,234445271402452,234445269632291,10.101638350,-8.689912
299,234445323216596,10.146864039,349328,351130,234445335466476,234445337428504,10.169434563,14.211908
300,234445341858749,10.165506192,349328,351130,234445335466476,234445337428504,10.169434563,-4.430245
301,234445379174547,10.202821990,857760,859258,234445371419155,234445371326611,10.203332670,-7.847936
302,234445415429162,10.239076605,1366193,1369258,234445403447871,234445405224784,10.237230843,-10.204378
303,234445467806987,10.291454430,2383057,2385520,234445471497719,234445473020997,10.305027056,5.214010
304,234445489391227,10.313038670,2383057,2385520,234445471497719,234445473020997,10.305027056,-16.370230
305,234445515411161,10.339058604,2891489,2893645,234445507454324,234445506919104,10.338925163,-8.492057
306,234445547600844,10.371248287,3399921,3401760,234445539426472,234445540817210,10.372823269,-6.783634
307,234445608143377,10.431790820,4416785,4419816,234445607398398,234445608613423,10.440619482,0.470046
308,234445628104421,10.451751864,4925217,4927963,234445643567620,234445642511530,10.474517589,14.407109
309,234445651422993,10.475070436,4925217,4927963,234445643567620,234445642511530,10.474517589,-8.911463
310,234445689135003,10.512782446,5433650,5436071,234445675528153,234445676409703,10.508415762,-12.725300
311,234445740272552,10.563919995,6450514,6452334,234445743409622,234445744205916,10.576211975,3.933364
312,234445762032593,10.585680036,6958946,6960452,234445779390565,234445778104023,10.610110082,16.071430
313,234445788793947,10.612441390,6958946,6960452,234445779390565,234445778104023,10.610110082,-10.689924
314,234445823978532,10.647625975,7467378,7470436,234445811517579,234445812002129,10.644008188,-11.976403
315,234445880413139,10.704060582,8484242,8486734,234445879410571,234445879798342,10.711804401,-0.614797
316,234445900653327,10.724300770,8992674,8994873,234445915435827,234445913696449,10.745702508,13.043122
317,234445924626705,10.748274148,8992674,8994873,234445915435827,234445913696449,10.745702508,-10.930256
318,234445954721909,10.778369352,9501107,9502992,234445947549763,234445947594622,10.779600681,-7.127287
319,234446004961249,10.828608692,10517971,10521189,234446015430496,234446015390835,10.847396894,10.429586
320,234446024747629,10.848395072,10517971,10521189,234446015430496,234446015390835,10.847396894,-9.356794
321,234446055446159,10.879093602,11026403,11029365,234446047473571,234446049288942,10.881295001,-6.157217
322,234446095687746,10.919335189,11534835,11537478,234446083484272,234446083187048,10.915193107,-12.500698
323,234446142598029,10.966245472,12551700,12553654,234446151495588,234446150983328,10.982989387,8.385299
324,234446168562417,10.992209860,13060132,13061784,234446183557992,234446184881435,11.016887494,16.319018
325,234446193047422,11.016694865,13060132,13061784,234446183557992,234446184881435,11.016887494,-8.165987
326,234446229055015,11.052702458,13568564,13571783,234446219430798,234446218779541,11.050785600,-10.275474
327,234446281568138,11.105215581,14585428,14588075,234446287449795,234446286575754,11.118581813,5.007616
328,234446306916751,11.130564194,15093860,15096186,234446319453453,234446320473861,11.152479920,13.557110
329,234446333145798,11.156793241,15093860,15096186,234446319453453,234446320473861,11.152479920,-12.671937
330,234446362429022,11.186076465,15602292,15604333,234446355492297,234446354371967,11.186378026,-8.057055
331,234446408537062,11.232184505,16619156,16622464,234446423570593,234446422168180,11.254174239,13.631118
332,234446430227022,11.253874465,16619156,16622464,234446423570593,234446422168180,11.254174239,-8.058842
333,234446466796000,11.290443443,17127589,17130549,234446455575103,234446456066354,11.288072413,-10.729646
334,234446503606877,11.327254320,17636021,17638700,234446491573708,234446489964460,11.321970519,-13.642417
335,234446550580804,11.374228247,18652885,18654951,234446559500324,234446557760673,11.389766732,7.179869
336,234446573479066,11.397126509,18652885,18654951,234446559500324,234446557760673,11.389766732,-15.718393
337,234446599537663,11.423185106,19161317,19163077,234446591654699,234446591658780,11.423664839,-7.878883
338,234446630036822,11.453684265,19669749,19673042,234446627552798,234446625556886,11.457562945,-4.479936
339,234446674723243,11.498370686,20178181,20181150,234446659477683,234446659454993,11.491461052,-15.268250
340,234446698431119,11.522078562,20686614,20689296,234446691577470,234446693353166,11.525359225,-5.077953
341,234446739728881,11.563376324,21195046,21197443,234446727630723,234446727251273,11.559257332,-12.477608
342,234446766548351,11.590195794,21703478,21705614,234446759556513,234446761149379,11.593155438,-5.398972
343,234446812096719,11.635744162,22720342,22721835,234446827640335,234446828945592,11.660951651,16.848873
344,234446834193444,11.657840887,22720342,22721835,234446827640335,234446828945592,11.660951651,-5.247852
345,234446874609361,11.698256804,23228774,23231869,234446863555179,234446862843699,11.694849758,-11.765662
346,234446907614699,11.731262142,23737206,23739977,234446895497740,234446896741805,11.728747864,-10.872894
347,234446959252537,11.782899980,24754071,24756176,234446963492557,234446964538085,11.796544144,5.285548
348,234446984423943,11.808071386,25262503,25264294,234446999509155,234446998436192,11.830442251,14.012249
349,234447007748704,11.831396147,25262503,25264294,234446999509155,234446998436192,11.830442251,-9.312512
350,234447038164984,11.861812427,25770935,25772393,234447031633799,234447032334298,11.864340357,-5.830686
351,234447094497822,11.918145265,26787799,26790552,234447099511478,234447100130511,11.932136570,5.632689
352,234447115715732,11.939363175,26787799,26790552,234447099511478,234447100130511,11.932136570,-15.585221
353,234447143296945,11.966944388,27296231,27298649,234447135689842,234447134028618,11.966034677,-9.268327
354,234447174566516,11.998213959,27804663,27806764,234447167521292,234447167926724,11.999932783,-6.639792
355,234447217384817,12.041032260,28313095,28314887,234447203536336,234447201824831,12.033830890,-15.559986
356,234447242297616,12.065945059,28821528,28822986,234447235628899,234447235723004,12.067729063,-6.574612
357,234447275242129,12.098889572,29329960,29332994,234447271623907,234447269621111,12.101627170,-5.621018
358,234447310127349,12.133774792,29838392,29841108,234447303522502,234447303519217,12.135525276,-6.608132
359,234447352999423,12.176646866,30346824,30349237,234447335534213,234447337417324,12.169423383,-15.582099
360,234447378455850,12.202103293,30855256,30857344,234447371612938,234447371315430,12.203321489,-7.140420
361,234447411085915,12.234733358,31363688,31365452,234447403633936,234447405213537,12.237219596,-5.872378
362,234447449971427,12.273618870,31872120,31873591,234447439684573,234447439111643,12.271117702,-10.859784
363,234447491441140,12.315088583,32888985,32891722,234447507669964,234447506907923,12.338913982,15.466783
364,234447514397374,12.338044817,32888985,32891722,234447507669964,234447506907923,12.338913982,-7.489451
365,234447549283255,12.372930698,33397417,33399832,234447539692760,234447540806030,12.372812089,-8.477225
366,234447585184587,12.408832030,33905849,33907992,234447575593594,234447574704136,12.406710195,-10.480451
367,234447627634679,12.451282122,34922713,34924199,234447643676292,234447642500349,12.474506408,14.865670
368,234447650453395,12.474100838,34922713,34924199,234447643676292,234447642500349,12.474506408,-7.953046
369,234447685105723,12.508753166,35431145,35434227,234447675676948,234447676398456,12.508404515,-8.707267
370,234447725527589,12.549175032,35939577,35942354,234447711679141,234447710296562,12.542302621,-15.231027
371,234447771764317,12.595411760,36956442,36958626,234447779577551,234447778092842,12.610098901,6.328525
372,234447791407186,12.615054629,36956442,36958626,234447779577551,234447778092842,12.610098901,-13.314344
373,234447819304819,12.642952262,37464874,37466759,234447811634871,234447811990949,12.643997008,-7.313870
374,234447861140665,12.684788108,37973306,37974901,234447847678616,234447845889055,12.677895114,-15.251610
375,234447910438332,12.734085775,38990170,38993024,234447915571403,234447913685268,12.745691327,3.246936
376,234447930660802,12.754308245,39498602,39501141,234447947619082,234447947583375,12.779589434,16.922573
377,234447959870166,12.783517609,39498602,39501141,234447947619082,234447947583375,12.779589434,-12.286791
378,234447987341683,12.810989126,40007034,40009279,234447979646488,234447981481481,12.813487540,-5.860202
379,234448030418887,12.854066330,40515467,40517376,234448015613345,234448015379655,12.847385714,-15.039232
380,234448054417354,12.878064797,41023899,41025528,234448047636579,234448049277761,12.881283820,-5.139593
381,234448096363599,12.920011042,41532331,41535513,234448083592984,234448083175868,12.915181927,-13.187731
382,234448124396936,12.948044379,42040763,42043639,234448115621852,234448117073974,12.949080033,-7.322962
383,234448168937397,12.992584840,43057627,43059914,234448183584259,234448184870187,13.016876246,15.932790
384,234448190181932,13.013829375,43057627,43059914,234448183584259,234448184870187,13.016876246,-5.311745
385,234448229165542,13.052812985,43566059,43568043,234448219613084,234448218768294,13.050774353,-10.397248
386,234448261063368,13.084710811,44074492,44076156,234448251646734,234448252666467,13.084672526,-8.396901
387,234448314189101,13.137836544,45091356,45094267,234448319608237,234448320462680,13.152468739,6.273579
388,234448336340866,13.159988309,45091356,45094267,234448319608237,234448320462680,13.152468739,-15.878186
389,234448365524622,13.189172065,45599788,45602370,234448355658815,234448354360787,13.186366846,-11.163835
390,234448394153605,13.217801048,46108220,46110489,234448387602016,234448388258893,13.220264952,-5.894712
391,234448435016800,13.258664243,46616652,46618599,234448423594344,234448422157000,13.254163059,-12.859800
392,234448462390075,13.286037518,47125084,47126718,234448455619980,234448456055106,13.288061165,-6.334969
393,234448508386081,13.332033524,48141949,48144835,234448523661239,234448523851386,13.355857445,15.465305
394,234448539505472,13.363152915,48141949,48144835,234448523661239,234448523851386,13.355857445,-15.654086
395,234448598911178,13.422558621,49158813,49161069,234448591649341,234448591647599,13.423653658,-7.263579
396,234448620756192,13.444403635,49667245,49669193,234448623641799,234448625545706,13.457551765,4.789514
397,234448649757520,13.473404963,50175677,50177318,234448659675132,234448659443812,13.491449871,9.686292
398,234448672225229,13.495872672,50175677,50177318,234448659675132,234448659443812,13.491449871,-12.781417
399,234448712362098,13.536009541,51192541,51195437,234448727741646,234448727240025,13.559246084,14.877927
400,234448736024171,13.559671614,51192541,51195437,234448727741646,234448727240025,13.559246084,-8.784146
401,234448767449570,13.591097013,51700974,51703557,234448759749292,234448761138199,13.593144258,-6.311371
402,234448803082675,13.626730118,52209406,52211668,234448795659252,234448795036305,13.627042364,-8.046370
403,234448845445296,13.669092739,52717838,52719776,234448827649350,234448828934412,13.660940471,-16.510884
404,234448878438651,13.702086094,53226270,53227936,234448863658120,234448862832518,13.694838577,-15.606133
405,234448903644343,13.727291786,53734702,53737929,234448895724659,234448896730625,13.728736684,-6.913718
406,234448945078055,13.768725498,54243134,54246074,234448931698366,234448930628731,13.762634790,-14.449324
407,234448993479178,13.817126621,55259998,55262309,234448999667885,234448998424944,13.830431003,4.945766
408,234449016425395,13.840072838,55768431,55770374,234449031724098,234449032323118,13.864329177,15.897723
409,234449039248004,13.862895447,55768431,55770374,234449031724098,234449032323118,13.864329177,-6.924886
410,234449074845988,13.898493431,56276863,56278511,234449067696980,234449066221224,13.898227283,-8.624764
411,234449117310126,13.940957569,57293727,57296624,234449135699744,234449134017437,13.966023496,16.707311
412,234449142223820,13.965871263,57293727,57296624,234449135699744,234449134017437,13.966023496,-8.206383
413,234449175170829,13.998818272,57802159,57804741,234449167666731,234449167915544,13.999921603,-7.255285
414,234449206357474,14.030004917,58310591,58312878,234449203647462,234449201813650,14.033819709,-4.543824
415,234449246859210,14.070506653,58819023,58820986,234449235710516,234449235711757,14.067717816,-11.147453
416,234449273898050,14.097545493,59327455,59329160,234449267746627,234449269609863,14.101615922,-4.288187
417,234449318902814,14.142550257,59835888,59839168,234449303723839,234449303508037,14.135514096,-15.394777
418,234449350273393,14.173920836,60344320,60347282,234449335729937,234449337406143,14.169412202,-12.867250
419,234449390157690,14.213805133,61361184,61363588,234449403696544,234449405202356,14.237208415,15.044666
420,234449410484475,14.234131918,61361184,61363588,234449403696544,234449405202356,14.237208415,-5.282119
421,234449454318714,14.277966157,61869616,61871711,234449439730824,234449439100463,14.271106522,-15.218251
422,234449481366201,14.305013644,62378048,62379827,234449471695733,234449472998569,14.305004628,-8.367632
423,234449518747028,14.342394471,62886480,62889791,234449507681676,234449506896676,14.338902735,-11.850352
424,234449546391920,14.370039363,63394913,63397926,234449539743200,234449540794849,14.372800908,-5.597071
425,234449584031907,14.407679350,63903345,63906033,234449575729285,234449574692956,14.406699015,-9.338951
426,234449614205907,14.437853350,64411777,64414113,234449607751044,234449608591062,14.440597121,-5.614845
427,234449658051705,14.481699148,64920209,64922266,234449643696578,234449642489169,14.474495228,-15.562536
428,234449682072349,14.505719792,65428641,65430364,234449675695624,234449676387275,14.508393334,-5.685074
429,234449720715094,14.544362537,65937073,65940377,234449711751397,234449710285382,14.542291441,-10.429712
430,234449750250999,14.573898442,66445505,66448549,234449743729673,234449744183488,14.576189547,-6.067511
431,234449792486515,14.616133958,66953937,66956665,234449779756277,234449778081595,14.610087654,-14.404920
432,234449818105040,14.641752483,67462370,67464753,234449811733834,234449811979768,14.643985827,-6.125272
433,234449852186145,14.675833588,67970802,67972857,234449847695025,234449845877875,14.677883934,-6.308270
434,234449887216732,14.710864175,68479234,68481006,234449879719534,234449879775981,14.711782040,-7.440751
435,234449931856626,14.755504069,69496098,69499138,234449947759340,234449947572194,14.779578253,15.715568
436,234449956539751,14.780187194,69496098,69499138,234449947759340,234449947572194,14.779578253,-8.967557
437,234449989963862,14.813611305,70004530,70007256,234449979730255,234449981470301,14.813476360,-8.493561
438,234450025611608,14.849259051,70512962,70515377,234450015724907,234450015368407,14.847374466,-10.243201
439,234450077758005,14.901405448,71529827,71531628,234450083730523,234450083164687,14.915170746,5.406682
440,234450106612759,14.930260202,72038259,72041581,234450115760799,234450117062794,14.949068853,10.450035
441,234450128948752,14.952596195,72038259,72041581,234450115760799,234450117062794,14.949068853,-11.885958
442,234450161877553,14.985524996,72546691,72549694,234450151795249,234450150960900,14.982966959,-10.916653
443,234450208692290,15.032339733,73563555,73565939,234450219757642,234450218757113,15.050763172,10.064823
444,234450230243528,15.053890971,73563555,73565939,234450219757642,234450218757113,15.050763172,-11.486415
445,234450259838115,15.083485558,74071987,74074058,234450251832737,234450252655220,15.084661279,-7.182895
446,234450295522882,15.119170325,74580420,74582168,234450287764684,234450286553393,15.118559452,-8.969489
447,234450342936218,15.166583661,75597284,75600324,234450356941850,234450354349606,15.186355665,11.413388
448,234450369723077,15.193370520,75597284,75600324,234450356941850,234450354349606,15.186355665,-15.373471
449,234450395517946,15.219165389,76105716,76108419,234450387836433,234450388247713,15.220253772,-7.270233
450,234450436464800,15.260112243,76614148,76616542,234450423758569,234450422145819,15.254151878,-14.318981
451,234450490854897,15.314502340,77631012,77632795,234450491755684,234450489942032,15.321948091,-0.912865
452,234450511023076,15.334670519,78139444,78140986,234450523793482,234450523840139,15.355846198,12.817063
453,234450536773927,15.360421370,78139444,78140986,234450523793482,234450523840139,15.355846198,-12.933788
454,234450562894486,15.386541929,78647876,78650984,234450555778903,234450557738245,15.389744304,-5.156241
455,234450609679738,15.433327181,79664741,79667232,234450623844435,234450625534525,15.457540584,15.854787
456,234450632556293,15.456203736,79664741,79667232,234450623844435,234450625534525,15.457540584,-7.021768
457,234450668121173,15.491768616,80173173,80175334,234450659823973,234450659432632,15.491438691,-8.688541
458,234450701892741,15.525540184,80681605,80683473,234450691834394,234450693330738,15.525336797,-8.562003
459,234450747590183,15.571237626,81698469,81701607,234450759799437,234450761126951,15.593133010,13.536768
460,234450772722813,15.596370256,81698469,81701607,234450759799437,234450761126951,15.593133010,-11.595862
461,234450805061937,15.628709380,82206901,82209734,234450795833834,234450795025058,15.627031117,-10.036879
462,234450837036448,15.660683891,82715334,82717857,234450827801927,234450828923231,15.660929290,-8.113217
463,234450891371550,15.715018993,83732198,83734086,234450895834883,234450896719444,15.728725503,5.347894
464,234450912739834,15.736387277,83732198,83734086,234450895834883,234450896719444,15.728725503,-16.020390
465,234450939619331,15.763266774,84240630,84242224,234450931832813,234450930617551,15.762623610,-9.001780
466,234450970909290,15.794556733,84749062,84752228,234450963823360,234450964515657,15.796521716,-6.393633
467,234451024825498,15.848472941,85765926,85768483,234451031824093,234451032311870,15.864317929,7.486372
468,234451049060061,15.872707504,85765926,85768483,234451031824093,234451032311870,15.864317929,-16.748191
469,234451075803118,15.899450561,86274358,86276597,234451067819097,234451066209977,15.898216036,-9.593141
470,234451106487084,15.930134527,86782791,86784722,234451099861972,234451100108150,15.932114209,-6.378934
471,234451148059419,15.971706862,87291223,87292857,234451135847718,234451134006257,15.966012316,-14.053162
472,234451174692131,15.998339574,87799655,87802846,234451167827709,234451167904363,15.999910422,-6.787768
473,234451208526406,16.032173849,88308087,88310950,234451199867581,234451201802470,16.033808529,-6.723936
474,234451247840827,16.071488270,88816519,88819121,234451235874835,234451235700576,16.067706635,-12.140251
475,234451302683496,16.126330939,89833383,89835425,234451303880115,234451303496789,16.135502848,0.813293
476,234451325872796,16.149520239,90341815,90343566,234451335840117,234451337394896,16.169400955,11.522100
477,234451351427710,16.175075153,90341815,90343566,234451335840117,234451337394896,16.169400955,-14.032814
478,234451383676626,16.207324069,90850248,90851732,234451371931158,234451371293069,16.203299128,-12.383557
479,234451429432226,16.253079669,91867112,91869834,234451439892122,234451439089282,16.271095341,9.657056
480,234451450493478,16.274140921,91867112,91869834,234451439892122,234451439089282,16.271095341,-11.404196
481,234451483655817,16.307303260,92375544,92377980,234451471900377,234451472987389,16.304993448,-10.668428
482,234451518059322,16.341706765,92883976,92886107,234451507903910,234451506885495,16.338891554,-11.173827
483,234451563333216,16.386980659,93900840,93902346,234451575834974,234451574681708,16.406687767,11.348492
484,234451588508830,16.412156273,93900840,93902346,234451575834974,234451574681708,16.406687767,-13.827122
485,234451615809699,16.439457142,94409273,94412387,234451607928768,234451608579882,16.440585941,-7.229817
486,234451654098014,16.477745457,94917705,94920494,234451643887151,234451642477988,16.474484047,-11.620026
487,234451715828054,16.539475497,95934569,95936752,234451711851211,234451710274201,16.542280260,-5.553853
488,234451742435174,16.566082617,96443001,96444895,234451743870877,234451744172308,16.576178367,1.737134
489,234451774068728,16.597716171,96951433,96952954,234451779900033,234451778070414,16.610076473,4.001686
490,234451793737597,16.617385040,96951433,96952954,234451779900033,234451778070414,16.610076473,-15.667183
491,234451832899073,16.656546516,97968297,97971122,234451843883083,234451845866627,16.677872686,12.967554
492,234451855590624,16.679238067,97968297,97971122,234451843883083,234451845866627,16.677872686,-9.723997
493,234451889579422,16.713226865,98476730,98479235,234451879903685,234451879764801,16.711770860,-9.814621
494,234451920457687,16.744105130,98985162,98987362,234451911941895,234451913662907,16.745668966,-6.794780
495,234451973313038,16.796960481,100002026,100003662,234451979881907,234451981459120,16.813465179,8.146082
496,234451996381382,16.820028825,100002026,100003662,234451979881907,234451981459120,16.813465179,-14.922262
497,234452026579438,16.850226881,100510458,100513612,234452015875265,234452015357227,16.847363286,-11.222211
498,234452060344500,16.883991943,101018890,101021696,234452047906397,234452049255333,16.881261392,-11.089167
499,234452110788093,16.934435536,102035754,102038003,234452115915656,234452117051546,16.949057605,6.263453
500,234452132288402,16.955935845,102035754,102038003,234452115915656,234452117051546,16.949057605,-15.236856
501,234452160406565,16.984054008,102544187,102546135,234452151934272,234452150949720,16.982955779,-9.456845
502,234452192912164,17.016559607,103052619,103054210,234452183976979,234452184847826,17.016853885,-8.064338
503,234452241157569,17.064805012,104069483,104072306,234452251951094,234452252644039,17.084650098,11.486470
504,234452266706988,17.090354431,104069483,104072306,234452251951094,234452252644039,17.084650098,-14.062949
505,234452295817770,17.119465213,104577915,104580443,234452288049497,234452286542146,17.118548205,-9.275624
506,234452326754755,17.150402198,105086347,105088542,234452320035070,234452320440252,17.152446311,-6.314503
507,234452375257023,17.198904466,106103212,106104758,234452388047951,234452388236532,17.220242591,12.979509
508,234452396753827,17.220401270,106103212,106104758,234452388047951,234452388236532,17.220242591,-8.517295
509,234452432409243,17.256056686,106611644,106614761,234452424058358,234452422134639,17.254140698,-10.274604
510,234452462936858,17.286584301,107120076,107122874,234452455917191,234452456032745,17.288038804,-6.904113
511,234452503174313,17.326821756,107628508,107631011,234452487978777,234452489930852,17.321936911,-13.243461
512,234452538446330,17.362093773,108136940,108139156,234452523978652,234452523828958,17.355835017,-14.617372
513,234452576367777,17.400015220,109153804,109155393,234452592088622,234452591625171,17.423631230,15.257394
514,234452603211299,17.426858742,109153804,109155393,234452592088622,234452591625171,17.423631230,-11.586128
515,234452631807111,17.455454554,109662236,109665404,234452623979415,234452625523278,17.457529337,-6.283833
516,234452667916094,17.491563537,110170669,110173504,234452659934728,234452659421451,17.491427510,-8.494643
517,234452714061190,17.537708633,111187533,111189733,234452727960444,234452727217664,17.559223723,13.156474
518,234452736416181,17.560063624,111187533,111189733,234452727960444,234452727217664,17.559223723,-9.198517
519,234452770094089,17.593741532,111695965,111697871,234452760058727,234452761115771,17.593121830,-8.978318
520,234452804305975,17.627953418,112204397,112205988,234452796116398,234452795013877,17.627019936,-9.292098
521,234452849364769,17.673012212,113221261,113224099,234452864053587,234452862810090,17.694816149,13.445321
522,234452874518366,17.698165809,113221261,113224099,234452864053587,234452862810090,17.694816149,-11.708276
523,234452907316815,17.730964258,113729694,113732231,234452896095840,234452896708264,17.728714323,-10.608551
524,234452940085474,17.763732917,114238126,114240331,234452932110020,234452930606370,17.762612429,-9.479104
525,234452992992015,17.816639458,115254990,115256563,234452999949153,234452998402583,17.830408642,5.410568
526,234453015196488,17.838843931,115254990,115256563,234452999949153,234452998402583,17.830408642,-16.793905
527,234453039856485,17.863503928,115763422,115766548,234453032052305,234453032300690,17.864306749,-7.555795
528,234453076385645,17.900033088,116271854,116274711,234453068015610,234453066198796,17.898204855,-10.186849
529,234453130293162,17.953940605,117288718,117290942,234453131989869,234453133995009,17.966001068,3.701847
530,234453153842969,17.977490412,117797151,117799080,234453168113557,234453167893183,17.999899242,14.050214
531,234453177880682,18.001528125,117797151,117799080,234453168113557,234453167893183,17.999899242,-9.987499
532,234453206846168,18.030493611,118305583,118307193,234453200148996,234453201791289,18.033797348,-5.054879
533,234453254013848,18.077661291,119322447,119325337,234453268040312,234453269587502,18.101593561,15.573654
534,234453277591958,18.101239401,119322447,119325337,234453268040312,234453269587502,18.101593561,-8.004456
535,234453314607420,18.138254863,119830879,119833435,234453304136275,234453303485609,18.135491668,-11.121811
536,234453346146719,18.169794162,120339311,120341575,234453336117194,234453337383715,18.169389774,-8.763004
537,234453397601506,18.221248949,121356175,121357839,234453403989952,234453405179928,18.237185987,7.578422
538,234453420899234,18.244546677,121356175,121357839,234453403989952,234453405179928,18.237185987,-15.719306
539,234453447657829,18.271305272,121864608,121867878,234453440142562,234453439078102,18.271084161,-8.579727
540,234453480380410,18.304027853,122373040,122375999,234453472144297,234453472976208,18.304982267,-7.404202
541,234453524107347,18.347754790,123389904,123392245,234453540043779,234453540772421,18.372778480,16.665074
542,234453550433996,18.374081439,123389904,123392245,234453540043779,234453540772421,18.372778480,-9.661575
543,234453583853300,18.407500743,123898336,123900341,234453576157824,234453574670528,18.406676587,-9.182772
544,234453615120610,18.438768053,124406768,124408462,234453608173133,234453608568634,18.440574693,-6.551976
545,234453657776560,18.481424003,124915200,124918432,234453644051015,234453642466741,18.474472800,-15.309819
546,234453683012371,18.506659814,125423633,125426560,234453676203629,234453676364914,18.508370973,-6.647457
547,234453720436973,18.544084416,125932065,125934660,234453712073398,234453710263021,18.542269080,-10.173952
548,234453751578078,18.575225521,126440497,126442797,234453744007450,234453744161127,18.576167186,-7.416951
549,234453805620269,18.629267712,127457361,127459031,234453812036344,234453811957340,18.643963399,6.337071
550,234453825896138,18.649543581,127457361,127459031,234453812036344,234453811957340,18.643963399,-13.938798
551,234453854219212,18.677866655,127965793,127969006,234453844041623,234453845855447,18.677861506,-8.363765
552,234453893184899,18.716832342,128474225,128477112,234453880041279,234453879753553,18.711759612,-13.431346
553,234453936164248,18.759811691,129491090,129493367,234453948029583,234453947549833,18.779555892,11.385585
554,234453958863453,18.782510896,129491090,129493367,234453948029583,234453947549833,18.779555892,-11.313620
555,234453988265737,18.811913180,129999522,130001472,234453980073436,234453981447940,18.813453999,-6.817797
556,234454030095160,18.853742603,130507954,130509604,234454016040883,234454015346046,18.847352105,-14.749114
557,234454085513118,18.909160561,131524818,131527763,234454084030730,234454083142259,18.915148318,-2.370859
558,234454106800940,18.930448383,132033250,132035884,234454116050711,234454117040366,18.949046425,10.239426
559,234454131189431,18.954836874,132033250,132035884,234454116050711,234454117040366,18.949046425,-14.149065
560,234454159130170,18.982777613,132541682,132543994,234454152058576,234454150938472,18.982944531,-8.191698
561,234454208916065,19.032563508,133558547,133560249,234454220053359,234454218734752,19.050740811,9.818687
562,234454231625022,19.055272465,133558547,133560249,234454220053359,234454218734752,19.050740811,-12.890270
563,234454260650522,19.084297965,134066979,134070223,234454252060307,234454252632859,19.084638918,-8.017663
564,234454299814324,19.123461767,134575411,134578386,234454288077815,234454286530965,19.118537024,-13.283359
565,234454345025362,19.168672805,135592275,135594609,234454356086080,234454354327178,19.186333237,9.301816
566,234454370827090,19.194474533,135592275,135594609,234454356086080,234454354327178,19.186333237,-16.499912
567,234454397026994,19.220674437,136100707,136102725,234454388071303,234454388225285,19.220231344,-8.801709
568,234454430079842,19.253727285,136609140,136610857,234454420115567,234454422123458,19.254129517,-7.956384
569,234454477740187,19.301387630,137626004,137628929,234454488093575,234454489919671,19.321925730,12.179484
570,234454497133523,19.320780966,137626004,137628929,234454488093575,234454489919671,19.321925730,-7.213852
571,234454531834008,19.355481451,138134436,138137074,234454524073637,234454523817778,19.355823837,-8.016230
572,234454563418585,19.387066028,138642868,138645185,234454556103966,234454557715884,19.389721943,-5.702701
573,234454608937967,19.432585410,139659732,139661501,234454624104400,234454625512097,19.457518156,16.574130
574,234454632480947,19.456128390,139659732,139661501,234454624104400,234454625512097,19.457518156,-6.968850
575,234454667674885,19.491322328,140168164,140171477,234454660099256,234454659410204,19.491416263,-8.264681
576,234454699855151,19.523502594,140676596,140679614,234454692102897,234454693308310,19.525314369,-6.546841
577,234454742577246,19.566224689,141185029,141187760,234454728085795,234454727206484,19.559212543,-15.370762
578,234454768276289,19.591923732,141693461,141695811,234454760101893,234454761104590,19.593110649,-7.171699
579,234454804525500,19.628172943,142201893,142203937,234454796101165,234454795002697,19.627008756,-9.522803
580,234454839824975,19.663472418,142710325,142712063,234454828131497,234454828900803,19.660906862,-10.924172
581,234454892176872,19.715824315,143727189,143730153,234454896143067,234454896697016,19.728703075,4.520144
582,234454913305627,19.736953070,143727189,143730153,234454896143067,234454896697016,19.728703075,-16.608611
583,234454939968416,19.763615859,144235621,144238296,234454932089828,234454930595123,19.762601182,-9.373293
584,234454971494979,19.795142422,144744054,144746422,234454964133758,234454964493296,19.796499355,-7.001683
585,234455017303771,19.840951214,145760918,145762633,234455032190344,234455032289509,19.864295568,14.985738
586,234455038792453,19.862439896,145760918,145762633,234455032190344,234455032289509,19.864295568,-6.502944
587,234455071930785,19.895578228,146269350,146272609,234455068098209,234455066187616,19.898193675,-5.743169
588,234455109559891,19.933207334,146777782,146780713,234455100127226,234455100085722,19.932091781,-9.474169
589,234455152554980,19.976202423,147794646,147796966,234455168125994,234455167881935,19.999887994,15.326955
590,234455174485100,19.998132543,147794646,147796966,234455168125994,234455167881935,19.999887994,-6.603165
591,234455207658961,20.031306404,148303078,148305036,234455200179755,234455201780042,20.033786101,-5.878919
592,234455247085195,20.070732638,148811511,148813158,234455236133947,234455235678215,20.067684274,-11.406980
593,234455294530930,20.118178373,149828375,149831279,234455304210946,234455303474428,20.135480487,8.943498
594,234455315370640,20.139018083,149828375,149831279,234455304210946,234455303474428,20.135480487,-11.896212
595,234455345860744,20.169508187,150336807,150339433,234455336136889,234455337372535,20.169378594,-8.488209
596,234455378602066,20.202249509,150845239,150847540,234455372126700,234455371270641,20.203276700,-7.331425
597,234455423140603,20.246788046,151862103,151863772,234455440137561,234455439066854,20.271072913,15.926251
598,234455446797304,20.270444747,151862103,151863772,234455440137561,234455439066854,20.271072913,-7.730450
599,234455480994561,20.304642004,152370535,152373788,234455472184781,234455472964961,20.304971020,-8.029600
600,234455514789888,20.338437331,152878968,152881913,234455508148237,234455506863134,20.338869193,-7.926754
601,234455562399394,20.386046837,153895832,153898166,234455576154077,234455574659347,20.406665406,12.259953
602,234455585846905,20.409494348,153895832,153898166,234455576154077,234455574659347,20.406665406,-11.187558
603,234455617609633,20.441257076,154404264,154406293,234455608209236,234455608557454,20.440563513,-9.052179
604,234455652944464,20.476591907,154912696,154914441,234455644156231,234455642455560,20.474461619,-10.488904
605,234455698018475,20.521665918,155929560,155932574,234455712185023,234455710251773,20.542257832,12.233298
606,234455719595680,20.543243123,155929560,155932574,234455712185023,234455710251773,20.542257832,-9.343907
607,234455752100311,20.575747754,156437993,156440683,234455744166918,234455744149947,20.576156006,-7.950364
608,234455782606143,20.606253586,156946425,156948821,234455776174135,234455778048053,20.610054112,-4.558090
609,234455823818844,20.647466287,157454857,157456926,234455812165585,234455811946160,20.643952219,-11.872684
610,234455851438889,20.675086332,157963289,157965053,234455844216861,234455845844266,20.677850325,-5.594623
611,234455893243552,20.716890995,158471721,158473210,234455880215750,234455879742373,20.711748432,-13.501179
612,234455918857115,20.742504558,158980153,158983213,234455912249184,234455913640479,20.745646538,-5.216636
613,234455965577666,20.789225109,159997017,159999429,234455980181264,234455981436692,20.813442751,15.859026
614,234455986591550,20.810238993,159997017,159999429,234455980181264,234455981436692,20.813442751,-5.154858
615,234456024087215,20.847734658,160505450,160507530,234456016186897,234456015334866,20.847340925,-8.752349
616,234456055692916,20.879340359,161013882,161015669,234456048189397,234456049232972,20.881239031,-6.459944
617,234456095840942,20.919488385,161522314,161523805,234456084190049,234456083131079,20.915137138,-12.709863
618,234456122583871,20.946231314,162030746,162033806,234456116207431,234456117029185,20.949035244,-5.554686
619,234456159800895,20.983448338,162539178,162541968,234456152186593,234456150927292,20.982933351,-8.873603
620,234456191038670,21.014686113,163047610,163050062,234456184205767,234456184825398,21.016831457,-6.213272
621,234456233017080,21.056664523,163556042,163558179,234456220205951,234456218723505,21.050729564,-14.293575
622,234456258970661,21.082618104,164064474,164066317,234456252257051,234456252621611,21.084627670,-6.349050
623,234456296280816,21.119928259,164572907,164574449,234456288194956,234456286519785,21.118525844,-9.761031
624,234456327595634,21.151243077,165081339,165084444,234456320314516,234456320417891,21.152423950,-7.177743
625,234456387056556,21.210703999,166098203,166100673,234456388242765,234456388214104,21.220220163,1.157548
626,234456408995094,21.232642537,166606635,166608815,234456420246191,234456422112211,21.254118270,13.117117
627,234456437267692,21.260915135,166606635,166608815,234456420246191,234456422112211,21.254118270,-15.155481
628,234456464605575,21.288253018,167115067,167116954,234456456219112,234456456010317,21.288016376,-8.595258
629,234456507136800,21.330784243,168131932,168135026,234456524234921,234456523806597,21.355812656,16.669797
630,234456531351823,21.354999266,168131932,168135026,234456524234921,234456523806597,21.355812656,-7.545226
631,234456564549214,21.388196657,168640364,168643177,234456556232666,234456557704704,21.389710763,-6.844510
632,234456600571614,21.424219057,169148796,169151294,234456592278953,234456591602810,21.423608869,-8.968804
633,234456639894775,21.463542218,169657228,169659411,234456624245478,234456625500917,21.457506976,-14.393858
634,234456667966690,21.491614133,170165660,170167539,234456660228662,234456659399023,21.491405082,-8.567667
635,234456699962435,21.523609878,170674092,170675674,234456692234946,234456693297130,21.525303189,-6.665305
636,234456736492478,21.560139921,171182524,171185656,234456728235540,234456727195236,21.559201295,-9.297242
637,234456781086758,21.604734201,172199389,172201874,234456796256302,234456794991516,21.626997575,13.904758
638,234456803998670,21.627646113,172199389,172201874,234456796256302,234456794991516,21.626997575,-9.007154
639,234456836392780,21.660040223,172707821,172710001,234456828287852,234456828889623,21.660895682,-7.503157
640,234456872667049,21.696314492,173216253,173218112,234456864255751,234456862787729,21.694793788,-9.879320
641,234456921724527,21.745371970,174233117,174236197,234456932262233,234456930583942,21.762590001,8.859415
642,234456945522809,21.769170252,174233117,174236197,234456932262233,234456930583942,21.762590001,-14.938867
643,234456971709160,21.795356603,174741549,174744302,234456964263068,234456964482049,21.796488108,-7.227111
644,234457008165339,21.831812782,175249981,175252442,234457000257865,234456998380155,21.830386214,-9.785184
645,234457061657569,21.885305012,176266846,176268633,234457064325838,234457066176435,21.898182494,4.518866
646,234457085790450,21.909437893,176775278,176778602,234457100292887,234457100074542,21.932080601,14.284092
647,234457107934428,21.931581871,176775278,176778602,234457100292887,234457100074542,21.932080601,-7.859886
648,234457140054667,21.963702110,177283710,177286719,234457132318601,234457133972648,21.965978707,-6.082019
649,234457189872295,22.013519738,178300574,178302983,234457200288103,234457201768861,22.033774920,11.896566
650,234457210780846,22.034428289,178300574,178302983,234457200288103,234457201768861,22.033774920,-9.011985
651,234457246686617,22.070334060,178809006,178811159,234457236303484,234457235666968,22.067673027,-11.019649
652,234457278314656,22.101962099,179317438,179319290,234457268281738,234457269565074,22.101571133,-8.749582
653,234457330321099,22.153968542,180334303,180337374,234457336320578,234457337361354,22.169367413,7.040255
654,234457353471219,22.177118662,180334303,180337374,234457336320578,234457337361354,22.169367413,-16.109865
655,234457380614236,22.204261679,180842735,180845463,234457372330306,234457371259461,22.203265520,-9.354775
656,234457416525825,22.240173268,181351167,181353567,234457404346358,234457405157567,22.237163626,-11.368258
657,234457477351556,22.300998999,182368031,182369820,234457472319574,234457472953780,22.304959839,-4.397776
658,234457496603223,22.320250666,182876463,182877944,234457508306463,234457506851887,22.338857946,10.248664
659,234457519135395,22.342782838,182876463,182877944,234457508306463,234457506851887,22.338857946,-12.283508
660,234457546815554,22.370462997,183384895,183387928,234457540350105,234457540749993,22.372756052,-6.065561
661,234457593081435,22.416728878,184401760,184404205,234457608366711,234457608546273,22.440552332,15.464838
662,234457616361930,22.440009373,184401760,184404205,234457608366711,234457608546273,22.440552332,-7.815657
663,234457648701031,22.472348474,184910192,184912322,234457644287239,234457642444380,22.474450439,-6.256651
664,234457683086128,22.506733571,185418624,185420462,234457676320066,234457676342486,22.508348545,-6.743642
665,234457727311259,22.550958702,186435488,186438597,234457744356138,234457744138699,22.576144758,16.827440
666,234457751142457,22.574789900,186435488,186438597,234457744356138,234457744138699,22.576144758,-7.003758
667,234457784439542,22.608086985,186943920,186946672,234457776335149,234457778036806,22.610042865,-6.402736
668,234457821350107,22.644997550,187452353,187454813,234457812366760,234457811934979,22.643941038,-9.415128
669,234457872878220,22.696525663,188469217,188471040,234457880329313,234457879731192,22.711737251,6.852972
670,234457894337941,22.717985384,188469217,188471040,234457880329313,234457879731192,22.711737251,-14.606749
671,234457919922582,22.743570025,188977649,188979145,234457912331470,234457913629299,22.745635358,-6.293283
672,234457959443502,22.783090945,189486081,189489140,234457948380021,234457947527405,22.779533464,-11.916097
673,234458009340635,22.832988078,190502945,190505391,234458016341988,234458015323618,22.847329677,5.982983
674,234458032261876,22.855909319,190502945,190505391,234458016341988,234458015323618,22.847329677,-16.938258
675,234458056924431,22.880571874,191011377,191013473,234458048354074,234458049221725,22.881227784,-7.702706
676,234458094099120,22.917746563,191519810,191521565,234458084349211,234458083119898,22.915125957,-10.979222
677,234458143725979,22.967373422,192536674,192539688,234458152363416,234458150916111,22.982922170,7.190132
678,234458168180590,22.991828033,193045106,193047807,234458184432396,234458184814218,23.016820277,16.633628
679,234458194615245,23.018262688,193045106,193047807,234458184432396,234458184814218,23.016820277,-9.801027
680,234458230117956,23.053765399,193553538,193555939,234458220342107,234458218712324,23.050718383,-11.405632
681,234458288391739,23.112039182,194570402,194572194,234458288344896,234458286508537,23.118514596,-1.883202
682,234458313176838,23.136824281,195078834,195080300,234458320474690,234458320406644,23.152412703,7.229806
683,234458342898913,23.166546356,195587267,195590303,234458352387425,234458354304817,23.186310876,11.405904
684,234458368430563,23.192078006,195587267,195590303,234458352387425,234458354304817,23.186310876,-14.125746
685,234458417383270,23.241030713,196604131,196606609,234458420416179,234458422101030,23.254107089,4.717760
686,234458440447018,23.264094461,197112563,197114770,234458456374760,234458455999137,23.288005196,15.552119
687,234458470627419,23.294274862,197112563,197114770,234458456374760,234458455999137,23.288005196,-14.628282
688,234458497059158,23.320706601,197620995,197622945,234458488405091,234458489897243,23.321903302,-7.161915
689,234458544323353,23.367970796,198637860,198641105,234458556426602,234458557693523,23.389699582,13.370170
690,234458572710239,23.396357682,198637860,198641105,234458556426602,234458557693523,23.389699582,-15.016716
691,234458600216143,23.423863586,199146292,199149224,234458592439085,234458591591630,23.423597689,-8.624513
692,234458633746323,23.457393766,199654724,199657304,234458624500722,234458625489736,23.457495795,-8.256587
693,234458687390375,23.511037818,200671588,200673572,234458692401546,234458693285949,23.525292008,5.895574
694,234458710742935,23.534390378,201180020,201181697,234458728446783,234458727184056,23.559190115,16.441121
695,234458736143168,23.559790611,201180020,201181697,234458728446783,234458727184056,23.559190115,-8.959112
696,234458767140817,23.590788260,201688452,201691652,234458760441088,234458761082162,23.593088221,-6.058655
697,234458811102243,23.634749686,202196884,202199806,234458796416040,234458794980269,23.626986328,-16.121974
698,234458835403227,23.659050670,202705316,202707936,234458828470756,234458828878375,23.660884434,-6.524852
699,234458875339339,23.698986782,203213749,203216050,234458864437037,234458862776549,23.694782608,-12.562790
700,234458904908311,23.728555754,203722181,203724122,234458896467349,234458896674655,23.728680714,-8.233656
701,234458949445985,23.773093428,204739045,204742224,234458964428336,234458964470868,23.796476927,15.024883
702,234458975096569,23.798744012,204739045,204742224,234458964428336,234458964470868,23.796476927,-10.625701
703,234459005039151,23.828686594,205247477,205250372,234458996460043,234458998368975,23.830375034,-6.670176
704,234459046539762,23.870187205,205755909,205758489,234459032472492,234459032267081,23.864273140,-14.272681
705,234459101369684,23.925017127,206772774,206774784,234459100418865,234459100063361,23.932069420,-1.306323
706,234459123056889,23.946704332,207281206,207282900,234459132443872,234459133961468,23.965967527,10.904579
707,234459145280582,23.968928025,207281206,207282900,234459132443872,234459133961468,23.965967527,-11.319114
708,234459175299696,23.998947139,207789638,207792892,234459168449974,234459167859574,23.999865633,-7.440122
709,234459216294397,24.039941840,208298070,208300999,234459200436403,234459201757681,24.033763740,-14.536716
710,234459244212267,24.067859710,208806502,208809094,234459236583202,234459235655787,24.067661846,-8.556480
711,234459276500360,24.100147803,209314934,209317198,234459268594575,234459269553894,24.101559953,-6.946466
712,234459315602367,24.139249810,209823366,209825302,234459304430590,234459303452000,24.135458059,-12.150367
713,234459363167973,24.186815416,210840231,210843421,234459372447712,234459371248280,24.203254339,8.080307
714,234459387883483,24.211530926,210840231,210843421,234459372447712,234459371248280,24.203254339,-16.635203
715,234459413023125,24.236670568,211348663,211351491,234459404600259,234459405146387,24.237152446,-7.876738
716,234459454283639,24.277931082,211857095,211859634,234459440587274,234459439044493,24.271050552,-15.239146
717,234459517901875,24.341549318,212873959,212875884,234459508491422,234459506840706,24.338846765,-11.061169
718,234459538056246,24.361703689,213382391,213384026,234459540467123,234459540738813,24.372744872,2.682567
719,234459563781287,24.387428730,213890823,213893988,234459576566594,234459574636919,24.406642978,10.855632
720,234459584048133,24.407695576,213890823,213893988,234459576566594,234459574636919,24.406642978,-9.411214
721,234459627624292,24.451271735,214907688,214910260,234459640486067,234459642433199,24.474439258,14.808907
722,234459648190630,24.471838073,214907688,214910260,234459640486067,234459642433199,24.474439258,-5.757431
723,234459684617328,24.508264771,215416120,215418378,234459676578685,234459676331306,24.508337365,-8.286022
724,234459718167773,24.541815216,215924552,215926474,234459708507185,234459710229412,24.542235471,-7.938361
725,234459763522037,24.587169480,216941416,216944616,234459776503383,234459778025625,24.610031684,14.503588
726,234459785462814,24.609110257,216941416,216944616,234459776503383,234459778025625,24.610031684,-7.437189
727,234459823880753,24.647528196,217449848,217452745,234459812582025,234459811923732,24.643929791,-11.957021
728,234459853529715,24.677177158,217958280,217960896,234459844646931,234459845821838,24.677827897,-7.707877
729,234459908071613,24.731719056,218975145,218977121,234459912594490,234459913618118,24.745624177,5.546505
730,234459929531982,24.753179425,218975145,218977121,234459912594490,234459913618118,24.745624177,-15.913864
731,234459956344444,24.779991887,219483577,219485268,234459948491469,234459947516225,24.779522284,-8.828219
732,234459989563862,24.813211305,219992009,219995308,234459980541810,234459981414331,24.813420390,-8.149531
733,234460032840516,24.856487959,221008873,221011580,234460048508059,234460049210544,24.881216603,16.370028
734,234460055463098,24.879110541,221008873,221011580,234460048508059,234460049210544,24.881216603,-6.252554
735,234460094280442,24.917927885,221517305,221519635,234460084646795,234460083108651,24.915114710,-11.171791
736,234460123406231,24.947053674,222025737,222027737,234460116668211,234460117006757,24.949012816,-6.399474
737,234460166276639,24.989924082,222534170,222535884,234460152512352,234460150904931,24.982910990,-15.371708
738,234460191349267,25.014996710,223042602,223045871,234460184680617,234460184803037,25.016809096,-6.546230
739,234460228586311,25.052233754,223551034,223554001,234460220544583,234460218701144,25.050707203,-9.885167
740,234460259847280,25.083494723,224059466,224062126,234460252525211,234460252599250,25.084605309,-7.248030
741,234460301534350,25.125181793,224567898,224570246,234460284537370,234460286497357,25.118503416,-15.036993
742,234460327242099,25.150889542,225076330,225078370,234460320547014,234460320395463,25.152401522,-6.846636
743,234460362702316,25.186349759,225584762,225586470,234460352530098,234460354293570,25.186299629,-8.408746
744,234460395860463,25.219507906,226093194,226096455,234460388570134,234460388191676,25.220197735,-7.668787
745,234460439854804,25.263502247,227110059,227112696,234460456548769,234460455987956,25.287994015,16.133152
746,234460463752408,25.287399851,227110059,227112696,234460456548769,234460455987956,25.287994015,-7.764452
747,234460496224329,25.319871772,227618491,227620816,234460488549144,234460489886063,25.321892122,-6.338266
748,234460535959593,25.359607036,228126923,228128974,234460524593792,234460523784169,25.355790228,-12.175424
749,234460588401728,25.412049171,229143787,229147096,234460592531269,234460591580382,25.423586441,3.178654
750,234460607974983,25.431622426,229143787,229147096,234460592531269,234460591580382,25.423586441,-16.394601
751,234460633058444,25.456705887,229652220,229655248,234460624545020,234460625478556,25.457484615,-7.579888
752,234460667559520,25.491206963,230160652,230163363,234460660604627,234460659376662,25.491382721,-8.182858
753,234460714422882,25.538070325,231177516,231179615,234460728539944,234460727172875,25.559178934,12.749993
754,234460734978342,25.558625785,231177516,231179615,234460728539944,234460727172875,25.559178934,-7.805467
755,234460768805259,25.592452702,231685948,231687727,234460760563572,234460761070982,25.593077041,-7.734277
756,234460809102451,25.632749894,232194380,232197689,234460796545048,234460794969088,25.626975147,-14.133363
757,234460854930770,25.678578213,233211244,233213920,234460864613135,234460862765301,25.694771360,7.834531
758,234460875905380,25.699552823,233211244,233213920,234460864613135,234460862765301,25.694771360,-13.140079
759,234460904253130,25.727900573,233719676,233722024,234460896617515,234460896663408,25.728669467,-7.589722
760,234460935147085,25.758794528,234228109,234230163,234460928734434,234460930561581,25.762567640,-4.585504
761,234460979717147,25.803364590,234736541,234738281,234460964572034,234460964459688,25.796465747,-15.257459
762,234461013343216,25.836990659,235244973,235248266,234460996576074,234460998357794,25.830363853,-14.985422
763,234461045298018,25.868945461,235753405,235756391,234461032627563,234461032255901,25.864261960,-13.042117
764,234461071419280,25.895066723,236261837,236264524,234461064630788,234461066154007,25.898160066,-5.265273
765,234461111107469,25.934754912,236770269,236772614,234461100640221,234461100052114,25.932058173,-11.055355
766,234461139126653,25.962774096,237278701,237280732,234461132617629,234461133950220,25.965956279,-5.176433
767,234461183026626,26.006674069,237787134,237788894,234461168608511,234461167848394,25.999854453,-15.178232
768,234461207130845,26.030778288,238295566,238298886,234461200583616,234461201746500,26.033752559,-5.384345
769,234461248046596,26.071694039,238803998,238806995,234461236631723,234461235644607,26.067650666,-12.401989
770,234461276898409,26.100545852,239312430,239315073,234461268591099,234461269542713,26.101548772,-7.355696
771,234461322271643,26.145919086,240329294,240331323,234461336600182,234461337338926,26.169344985,15.067283
772,234461343081561,26.166729004,240329294,240331323,234461336600182,234461337338926,26.169344985,-5.742635
773,234461381786917,26.205434360,240837726,240839425,234461372598838,234461371237033,26.203243092,-10.549884
774,234461415887397,26.239534840,241346158,241349396,234461404650604,234461405135139,26.237141198,-10.752258
775,234461464704053,26.288351496,242363023,242365652,234461472623875,234461472931419,26.304937478,8.227366
776,234461484802158,26.308449601,242363023,242365652,234461472623875,234461472931419,26.304937478,-11.870739
777,234461516592459,26.340239902,242871455,242873784,234461508638285,234461506829526,26.338835585,-9.762933
778,234461547216267,26.370863710,243379887,243381871,234461540619028,234461540727632,26.372733691,-6.488635
779,234461591712720,26.415360163,244396751,244399952,234461608649464,234461608523845,26.440529904,16.811125
780,234461618419533,26.442066976,244396751,244399952,234461608649464,234461608523845,26.440529904,-9.895688
781,234461651784703,26.475432146,244905183,244908131,234461640632226,234461642421952,26.474428011,-9.362751
782,234461688013143,26.511660586,245413615,245416242,234461676637579,234461676320058,26.508326117,-11.693085
783,234461746445542,26.570092985,246430480,246432475,234461744669032,234461744116338,26.576122397,-2.329204
784,234461779936599,26.603584042,246938912,246940623,234461776686498,234461778014445,26.610020504,-1.922154
785,234461805144120,26.628791563,247447344,247450624,234461812641657,234461811912551,26.643918610,6.768431
786,234461822923210,26.646570653,247447344,247450624,234461812641657,234461811912551,26.643918610,-11.010659
787,234461871335140,26.694982583,248464208,248466876,234461880643576,234461879708764,26.711714823,8.373624
788,234461891265900,26.714913343,248464208,248466876,234461880643576,234461879708764,26.711714823,-11.557136
789,234461920370474,26.744017917,248972640,248975001,234461912646918,234461913606871,26.745612930,-6.763603
790,234461957781362,26.781428805,249481073,249483140,234461948696381,234461947505044,26.779511103,-10.276318
791,234462003065992,26.826713435,250497937,250501261,234462016628625,234462015301257,26.847307316,12.235265
792,234462023013007,26.846660450,250497937,250501261,234462016628625,234462015301257,26.847307316,-7.711750
793,234462056692652,26.880340095,251006369,251009361,234462048674250,234462049199364,26.881205423,-7.493288
794,234462095108890,26.918756333,251514801,251517511,234462084646872,234462083097470,26.915103529,-12.011420
795,234462144610666,26.968258109,252531665,252533743,234462152675519,234462150893683,26.982899742,6.283017
796,234462169286788,26.992934231,253040097,253041886,234462184693796,234462184791790,27.016797849,15.505002
797,234462192810834,27.016458277,253040097,253041886,234462184693796,234462184791790,27.016797849,-8.019044
798,234462226369359,27.050016802,253548530,253549996,234462216706204,234462218689963,27.050696022,-7.679396
799,234462281106472,27.104753915,254565394,254568077,234462284702512,234462286486176,27.118492235,5.379704
800,234462301599140,27.125246583,254565394,254568077,234462284702512,234462286486176,27.118492235,-15.112964
801,234462328389946,27.152037389,255073826,255076200,234462320732128,234462320384283,27.152390342,-8.005663
802,234462359639911,27.183287354,255582258,255584334,234462352706113,234462354282389,27.186288448,-5.357522
803,234462405685817,27.229333260,256599122,256602437,234462420684400,234462422078602,27.254084661,16.392785
804,234462428235578,27.251883021,256599122,256602437,234462420684400,234462422078602,27.254084661,-6.156976
805,234462464885317,27.288532760,257107554,257110539,234462456714085,234462455976709,27.287982768,-8.908608
806,234462497984546,27.321631989,257615987,257618679,234462488724989,234462489874882,27.321880941,-8.109664
807,234462551739080,27.375386523,258632851,258634936,234462556720071,234462557671095,27.389677154,5.932015
808,234462573297611,27.396945054,258632851,258634936,234462556720071,234462557671095,27.389677154,-15.626516
809,234462600723268,27.424370711,259141283,259143035,234462592843845,234462591569202,27.423575261,-9.154066
810,234462631941590,27.455589033,259649715,259652992,234462624753755,234462625467308,27.457473367,-6.474282
811,234462684975092,27.508622535,260666579,260669302,234462692742276,234462693263521,27.525269580,8.288429
812,234462706539728,27.530187171,260666579,260669302,234462692742276,234462693263521,27.525269580,-13.276207
813,234462739382352,27.563029795,261175012,261177460,234462728728295,234462727161695,27.559167754,-12.220657
814,234462769515858,27.593163301,261683444,261685587,234462760713338,234462761059801,27.593065860,-8.456057
815,234462816672739,27.640320182,262700308,262701845,234462828796637,234462828856014,27.660862073,12.183275
816,234462838508724,27.662156167,262700308,262701845,234462828796637,234462828856014,27.660862073,-9.652710
817,234462870560805,27.694208248,263208740,263211875,234462864706819,234462862754121,27.694760180,-7.806684
818,234462905568042,27.729215485,263717172,263719971,234462896833273,234462896652227,27.728658286,-8.915815
819,234462946251384,27.769898827,264225604,264228106,234462928731460,234462930550334,27.762556393,-15.701050
820,234462971672848,27.795320291,264734036,264736275,234462964852361,234462964448440,27.796454499,-7.224408
821,234463009523542,27.833170985,265242469,265244401,234462996800211,234462998346614,27.830352673,-11.176928
822,234463042904060,27.866551503,265750901,265752526,234463032881283,234463032244720,27.864250779,-10.659340
823,234463099944389,27.923591832,266767765,266770606,234463100834765,234463100040933,27.932046992,0.096544
824,234463123259080,27.946906523,267276197,267278738,234463132764131,234463133939040,27.965945099,10.679960
825,234463145464392,27.969111835,267276197,267278738,234463132764131,234463133939040,27.965945099,-11.525352
826,234463176316563,27.999964006,267784629,267786855,234463168810974,234463167837146,27.999843205,-8.479417
827,234463220407873,28.044055316,268801494,268803106,234463236902686,234463235633426,28.067639485,15.225553
828,234463245283427,28.068930870,268801494,268803106,234463236902686,234463235633426,28.067639485,-9.650001
829,234463277939188,28.101586631,269309926,269313107,234463268859833,234463269531533,28.101537592,-8.407655
830,234463317130054,28.140777497,269818358,269821262,234463304851923,234463303429639,28.135435698,-13.700415
831,234463362626100,28.186273543,270835222,270837532,234463372762973,234463371225852,28.203231911,8.599752
832,234463385276862,28.208924305,270835222,270837532,234463372762973,234463371225852,28.203231911,-14.051010
833,234463412530786,28.236178229,271343654,271345650,234463404926613,234463405123959,28.237130018,-7.406827
834,234463449799384,28.273446827,271852086,271853792,234463440859032,234463439022065,28.271028124,-10.777319
835,234463498979147,28.322626590,272868951,272871896,234463508751448,234463506818345,28.338824404,7.839198
836,234463523662594,28.347310037,272868951,272871896,234463508751448,234463506818345,28.338824404,-16.844249
837,234463549744236,28.373391679,273377383,273380034,234463540892653,234463540716452,28.372722511,-9.027784
838,234463580931580,28.404579023,273885815,273888145,234463572892677,234463574614558,28.406620617,-6.317022
839,234463627147030,28.450794473,274902679,274904368,234463640823801,234463642410771,28.474416830,15.263741
840,234463647957659,28.471605102,274902679,274904368,234463640823801,234463642410771,28.474416830,-5.546888
841,234463685472040,28.509119483,275411111,275414363,234463676771286,234463676308878,28.508314937,-9.163162
842,234463716981023,28.540628466,275919543,275922496,234463708836268,234463710206984,28.542213043,-6.774039
843,234463768939350,28.592586793,276936408,276938749,234463776792900,234463778003264,28.610009323,9.063914
844,234463788274673,28.611922116,276936408,276938749,234463776792900,234463778003264,28.610009323,-10.271409
845,234463820506340,28.644153783,277444840,277446843,234463812893518,234463811901371,28.643907430,-8.604969
846,234463852133369,28.675780812,277953272,277955000,234463844951787,234463845799477,28.677805536,-6.333892
847,234463904082998,28.727730441,278970136,278973097,234463912831210,234463913595690,28.745601749,9.512692
848,234463924454348,28.748101791,278970136,278973097,234463912831210,234463913595690,28.745601749,-10.858658
849,234463957118220,28.780765663,279478568,279481243,234463948791895,234463947493797,28.779499856,-9.624423
850,234463991415973,28.815063416,279987000,279989383,234463980869147,234463981391903,28.813397962,-10.024070
851,234464040851333,28.864498776,281003865,281005670,234464048842820,234464049188183,28.881194242,8.336850
852,234464063991536,28.887638979,281003865,281005670,234464048842820,234464049188183,28.881194242,-14.803353
853,234464092755997,28.916403440,281512297,281513822,234464084788590,234464083086290,28.915092349,-9.669707
854,234464126823483,28.950470926,282020729,282023841,234464116979361,234464116984396,28.948990455,-9.839087
855,234464174886047,28.998533490,283037593,283040092,234464184821324,234464184780609,29.016786668,9.894562
856,234464196301534,29.019948977,283037593,283040092,234464184821324,234464184780609,29.016786668,-11.520925
857,234464224494194,29.048141637,283546025,283548202,234464216884887,234464218678716,29.050684775,-5.815478
858,234464260742303,29.084389746,284054457,284056319,234464252855709,234464252576822,29.084582881,-8.165481
859,234464304384615,29.128032058,285071322,285074413,234464320959443,234464320373102,29.152379161,15.988487
860,234464328871816,29.152519259,285071322,285074413,234464320959443,234464320373102,29.152379161,-8.498714
861,234464361751563,29.185399006,285579754,285582471,234464352867727,234464354271209,29.186277268,-7.480354
862,234464395323986,29.218971429,286088186,286090649,234464388894333,234464388169315,29.220175374,-7.154671
863,234464438610092,29.262257535,286596618,286598825,234464420878516,234464422067422,29.254073481,-16.542670
864,234464463579000,29.287226443,287105050,287106944,234464456844355,234464455965528,29.287971587,-7.613472
865,234464499350423,29.322997866,287613482,287615108,234464488984359,234464489863635,29.321869694,-9.486788
866,234464536661259,29.360308702,288121914,288125114,234464524887549,234464523761742,29.355767801,-12.899517
867,234464598827034,29.422474477,289138779,289141384,234464592833399,234464591558021,29.423564080,-7.269013
868,234464618314214,29.441961657,289647211,289649485,234464624955989,234464625456128,29.457462187,7.141914
869,234464641544940,29.465192383,289647211,289649485,234464624955989,234464625456128,29.457462187,-16.088812
870,234464667584957,29.491232400,290155643,290157607,234464660893573,234464659354234,29.491360293,-8.230723
871,234464715592000,29.539239443,291172507,291175781,234464729022214,234464727150447,29.559156506,11.558447
872,234464736044171,29.559691614,291172507,291175781,234464729022214,234464727150447,29.559156506,-8.893724
873,234464770510788,29.594158231,291680940,291683875,234464760865646,234464761048621,29.593054680,-9.462167
874,234464803560130,29.627207573,292189372,292191940,234464796939936,234464794946727,29.626952786,-8.613403
875,234464852369719,29.676017162,293206236,293208261,234464860878847,234464862742940,29.694748999,10.373221
876,234464874455475,29.698102918,293206236,293208261,234464860878847,234464862742940,29.694748999,-11.712535
877,234464904625840,29.728273283,293714668,293716428,234464896946848,234464896641047,29.728647106,-7.984793
878,234464938519088,29.762166531,294223100,294224583,234464929060195,234464930539153,29.762545212,-7.979935
879,234464991839829,29.815487272,295239964,295242661,234464996987002,234464998335366,29.830341425,6.495537
880,234465011484693,29.835132136,295239964,295242661,234464996987002,234464998335366,29.830341425,-13.149327
881,234465041107118,29.864754561,295748396,295750805,234465032979663,234465032233473,29.864239532,-8.873645
882,234465071713196,29.895360639,296256829,296258901,234465064916884,234465066131646,29.898137705,-5.581550
883,234465115966248,29.939613691,296765261,296767025,234465100914715,234465100029753,29.932035812,-15.936495
884,234465139447813,29.963095256,297273693,297275151,234465133005790,234465133927859,29.965933918,-5.519954
885,234465178529457,30.002176900,297782125,297785118,234465168925592,234465167825966,29.999832025,-10.703491
886,234465210189496,30.033836939,298290557,298293262,234465200901863,234465201724072,30.033730131,-8.465424
887,234465261387444,30.085034887,299307421,299309493,234465268912374,234465269520286,30.101526345,8.132842
888,234465281791459,30.105438902,299307421,299309493,234465268912374,234465269520286,30.101526345,-12.271173
889,234465313190490,30.136837933,299815854,299817630,234465304940199,234465303418459,30.135424518,-9.772031
890,234465345283418,30.168930861,300324286,300327596,234465336911067,234465337316565,30.169322624,-7.966853
891,234465400330097,30.223977540,301341150,301343899,234465404905642,234465405112778,30.237118837,4.782681
892,234465426722766,30.250370209,301849582,301852032,234465440899755,234465439010885,30.271016944,12.288119
893,234465452987027,30.276634470,301849582,301852032,234465440899755,234465439010885,30.271016944,-13.976142
894,234465479742089,30.303389532,302358014,302360178,234465473106234,234465472908991,30.304915050,-6.833098
895,234465523288953,30.346936396,302866446,302868311,234465504924941,234465506807098,30.338813157,-16.481855
896,234465548164941,30.371812384,303374878,303376475,234465541031897,234465540705204,30.372711263,-7.459737
897,234465595123648,30.418771091,304391743,304394590,234465609068025,234465608501484,30.440507543,13.377836
898,234465622886407,30.446533850,304391743,304394590,234465609068025,234465608501484,30.440507543,-14.384923
899,234465663689163,30.487336606,305408607,305410843,234465676963578,234465676297697,30.508303756,12.608534
900,234465688226944,30.511874387,305408607,305410843,234465676963578,234465676297697,30.508303756,-11.929247
901,234465717018515,30.540665958,305917039,305918957,234465708933877,234465710195804,30.542201863,-6.822711
902,234465758703528,30.582350971,306425471,306427053,234465745054685,234465744093910,30.576099969,-14.609618
903,234465806821602,30.630469045,307442335,307445149,234465813045818,234465811890124,30.643896183,5.068522
904,234465827664636,30.651312079,307442335,307445149,234465813045818,234465811890124,30.643896183,-15.774512
905,234465854196314,30.677843757,307950768,307953261,234465845067435,234465845788297,30.677794356,-8.408017
906,234465890959123,30.714606566,308459200,308461386,234465881110072,234465879686403,30.711692462,-11.272720
907,234465932117679,30.755765122,309476064,309477665,234465948944189,234465947482616,30.779488675,15.364937
908,234465964151882,30.787799325,309476064,309477665,234465948944189,234465947482616,30.779488675,-16.669266
909,234465988564181,30.812211624,309984496,309987682,234465981079303,234465981380723,30.813386782,-7.183458
910,234466030492178,30.854139621,310492928,310495769,234466017129267,234466015278829,30.847284888,-15.213349
911,234466082332620,30.905980063,311509793,311512043,234466085053832,234466083075109,30.915081168,0.742489
912,234466104859907,30.928507350,312018225,312020182,234466117034735,234466116973216,30.948979275,12.113309
913,234466131344975,30.954992418,312018225,312020182,234466117034735,234466116973216,30.948979275,-14.371759
914,234466155950403,30.979597846,312526657,312528295,234466148973086,234466150871322,30.982877381,-5.079081
915,234466203987445,31.027634888,313543521,313546414,234466217134958,234466218667535,31.050673594,14.680090
916,234466224931086,31.048578529,313543521,313546414,234466217134958,234466218667535,31.050673594,-6.263551
917,234466261395497,31.085042940,314051953,314054557,234466252979600,234466252565642,31.084571701,-8.829855
918,234466296969960,31.120617403,314560385,314562707,234466285102322,234466286463748,31.118469807,-10.506212
919,234466343841436,31.167488879,315577250,315578931,234466352988485,234466354260028,31.186266087,10.418592
920,234466367852741,31.191500184,315577250,315578931,234466352988485,234466354260028,31.186266087,-13.592713
921,234466396740363,31.220387806,316085682,316088968,234466389128310,234466388158135,31.220164194,-8.582228
922,234466431921797,31.255569240,316594114,316597084,234466421093863,234466422056241,31.254062300,-9.865556
923,234466483600430,31.307247873,317610978,317613378,234466489002301,234466489852454,31.321858513,6.252024
924,234466504404921,31.328052364,317610978,317613378,234466489002301,234466489852454,31.321858513,-14.552467
925,234466532812855,31.356460298,318119410,318121486,234466525154263,234466523750561,31.355756620,-9.062294
926,234466564350884,31.387998327,318627842,318629631,234466557028512,234466557648668,31.389654727,-6.702216
927,234466625257128,31.448904571,319644707,319647729,234466625129910,234466625444947,31.457451006,0.187819
928,234466644484845,31.468132288,320153139,320155841,234466661027164,234466659343054,31.491349113,14.858209
929,234466668715809,31.492363252,320153139,320155841,234466661027164,234466659343054,31.491349113,-9.372755
930,234466699686626,31.523334069,320661571,320663984,234466693075267,234466693241160,31.525247219,-6.445466
931,234466753429681,31.577077124,321678435,321680269,234466761040030,234466761037373,31.593043432,7.607692
932,234466776411968,31.600059411,321678435,321680269,234466761040030,234466761037373,31.593043432,-15.374595
933,234466800888216,31.624535659,322186867,322188393,234466793195123,234466794935480,31.626941539,-5.952736
934,234466836963596,31.660611039,322695299,322698409,234466829167052,234466828833586,31.660839645,-8.130010
935,234466892819927,31.716467370,323712164,323714708,234466897145349,234466896629866,31.728635925,3.809939
936,234466912291286,31.735938729,323712164,323714708,234466897145349,234466896629866,31.728635925,-15.661420
937,234466936629567,31.760277010,324220596,324222841,234466929110390,234466930527973,31.762534032,-6.101594
938,234466973956965,31.797604408,324729028,324730924,234466965059510,234466964426079,31.796432138,-9.530886
939,234467017833193,31.841480636,325745892,325749034,234467033143521,234467032222292,31.864228351,14.389099
940,234467039914576,31.863562019,325745892,325749034,234467033143521,234467032222292,31.864228351,-7.692284
941,234467072866563,31.896514006,326254324,326257165,234467065034737,234467066120399,31.898126458,-6.746164
942,234467110241266,31.933888709,326762756,326765321,234467101215006,234467100018506,31.932024565,-10.222760
943,234467159223138,31.982870581,327779621,327781543,234467169081902,234467167814785,31.999820844,8.591647
944,234467183169073,32.006816516,327779621,327781543,234467169081902,234467167814785,31.999820844,-15.354288
945,234467208816913,32.032464356,328288053,328289718,234467201143743,234467201712892,32.033718951,-7.104021
946,234467245126695,32.068774138,328796485,328799731,234467237035051,234467235610998,32.067617057,-9.515697
947,234467297125032,32.120772475,329813349,329815922,234467305076490,234467303407211,32.135413270,6.282179
948,234467319767585,32.143415028,329813349,329815922,234467305076490,234467303407211,32.135413270,-16.360374
949,234467346171501,32.169818944,330321781,330324058,234467337152692,234467337305318,32.169311377,-8.866183
950,234467378206513,32.201853956,330830214,330832168,234467373036577,234467371203491,32.203209550,-7.003022
951,234467425355125,32.249002568,331847078,331850316,234467437159331,234467438999704,32.271005763,13.644579
952,234467446089580,32.269737023,331847078,331850316,234467437159331,234467438999704,32.271005763,-7.089876
953,234467482921567,32.306569010,332355510,332358412,234467473066574,234467472897811,32.304903870,-10.023756
954,234467512094526,32.335741969,332863942,332866527,234467505118522,234467506795917,32.338801976,-5.298609
955,234467560650078,32.384297521,333880806,333882729,234467573124185,234467574592130,32.406598189,13.942052
956,234467584235872,32.407883315,333880806,333882729,234467573124185,234467574592130,32.406598189,-9.643742
957,234467616726272,32.440373715,334389238,334390837,234467609109588,234467608490237,32.440496296,-8.236035
958,234467647957478,32.471604921,334897671,334900820,234467641262033,234467642388410,32.474394469,-5.569068
959,234467697052178,32.520699621,335914535,335917081,234467709115408,234467710184623,32.542190682,13.132445
960,234467716294031,32.539941474,335914535,335917081,234467709115408,234467710184623,32.542190682,-6.109408
961,234467761633106,32.585280549,336931399,336933292,234467777128795,234467777980836,32.609986895,16.347730
962,234467784160594,32.607808037,336931399,336933292,234467777128795,234467777980836,32.609986895,-6.179758
963,234467825680694,32.649328137,337439831,337441415,234467813101043,234467811878943,32.643885002,-13.801751
964,234467851945470,32.675592913,337948263,337951421,234467845167963,234467845777050,32.677783109,-6.168420
965,234467890863372,32.714510815,338456695,338459511,234467881152816,234467879675156,32.711681215,-11.188216
966,234467927554421,32.751201864,338965128,338967679,234467913264099,234467913573329,32.745579388,-13.981092
967,234467987699579,32.811347022,339981992,339983908,234467981104170,234467981369542,32.813375601,-6.330037
968,234468007660883,32.831308326,340490424,340492043,234468017112064,234468015267649,32.847273708,7.606766
969,234468031136344,32.854783787,340490424,340492043,234468017112064,234468015267649,32.847273708,-15.868695
970,234468055261517,32.878908960,340998856,341002065,234468049112977,234468049165755,32.881171814,-6.095762
971,234468098610072,32.922257515,341507288,341510154,234468081122268,234468083063862,32.915069921,-15.546210
972,234468123914471,32.947561914,342015720,342018299,234468117134209,234468116961969,32.948968028,-6.952502
973,234468157180796,32.980828239,342524153,342526377,234468149140379,234468150860142,32.982866201,-6.320654
974,234468197317265,33.020964708,343032585,343034539,234468185124325,234468184758248,33.016764307,-12.559017
975,234468269898923,33.093546366,344557881,344560829,234468285153802,234468286452568,33.118458627,16.553645
976,234468296075163,33.119722606,344557881,344560829,234468285153802,234468286452568,33.118458627,-9.622595
977,234468318879153,33.142526596,345066313,345068961,234468321138929,234468320350674,33.152356733,1.471521
978,234468341025656,33.164673099,345574745,345577106,234468353130565,234468354248781,33.186254840,13.223125
979,234468391777442,33.215424885,346083177,346085209,234468389276883,234468388146888,33.220152947,-3.630554
980,234468410335375,33.233982818,346591610,346593323,234468421165017,234468422045061,33.254051120,11.709686
981,234468433812900,33.257460343,346591610,346593323,234468421165017,234468422045061,33.254051120,-11.767839
982,234468466115275,33.289762718,347100042,347103320,234468457134719,234468455943167,33.287949226,-10.172108
983,234468513406635,33.337054078,348116906,348119559,234468525130734,234468523739380,33.355745439,10.332745
984,234468534239427,33.357886870,348116906,348119559,234468525130734,234468523739380,33.355745439,-10.500047
985,234468565010563,33.388658006,348625338,348627651,234468557152226,234468557637487,33.389643546,-7.373076
986,234468604775411,33.428422854,349133770,349135748,234468593231667,234468591535593,33.423541652,-13.239818
987,234468660925368,33.484572811,350150634,350153861,234468661136343,234468659331807,33.491337866,-1.593561
988,234468683611158,33.507258601,350659067,350661996,234468693183917,234468693229980,33.525236039,9.618822
989,234468706883548,33.530530991,350659067,350661996,234468693183917,234468693229980,33.525236039,-13.653568
990,234468731925153,33.555572596,351167499,351170075,234468725265884,234468727128086,33.559134145,-4.797067
991,234468779186618,33.602834061,352184363,352186380,234468793282917,234468794924299,33.626930358,15.737681
992,234468801534622,33.625182065,352184363,352186380,234468793282917,234468794924299,33.626930358,-6.610323
993,234468836794203,33.660441646,352692795,352694484,234468829161222,234468828822406,33.660828465,-7.971797
994,234468868074142,33.691721585,353201227,353204485,234468861177741,234468862720512,33.694726571,-5.353630
995,234468912367224,33.736014667,353709660,353712570,234468897187164,234468896618686,33.728624745,-15.748538
996,234468935937677,33.759585120,354218092,354220714,234468929183554,234468930516792,33.762522851,-5.420885
997,234468978916979,33.802564422,354726524,354728817,234468965175359,234468964414899,33.796420958,-14.502080
998,234469005098263,33.828745706,355234956,355236932,234468997282348,234468998313005,33.830319064,-6.785258
999,234469050775508,33.874422951,356251820,356255013,234469065323918,234469066109218,33.898115277,15.333710
1000,234469074099224,33.897746667,356251820,356255013,234469065323918,234469066109218,33.898115277,-7.990006
1001,234469116349156,33.939996599,356760252,356763117,234469101290890,234469100007325,33.932013384,-16.341831
1002,234469140670737,33.964318180,357268684,357271257,234469133354411,234469133905432,33.965911491,-6.765305
1003,234469196483424,34.020130867,358285549,358287478,234469201256698,234469201701711,34.033707770,5.218287
1004,234469220780256,34.044427699,358793981,358795614,234469237288379,234469235599818,34.067605877,14.819562
1005,234469245076573,34.068724016,358793981,358795614,234469237288379,234469235599818,34.067605877,-9.476755
1006,234469275740269,34.099387712,359302413,359305625,234469269267247,234469269497924,34.101503983,-6.242345
1007,234469318337543,34.141984986,359810845,359813749,234469305189095,234469303396031,34.135402090,-14.941512
1008,234469343815979,34.167463422,360319277,360321851,234469337316247,234469337294137,34.169300196,-6.521842
1009,234469380701330,34.204348773,360827709,360829972,234469369376567,234469371192244,34.203198303,-9.509086
1010,234469413887286,34.237534729,361336141,361338088,234469405276358,234469405090351,34.237096410,-8.796935
1011,234469455575279,34.279222722,361844574,361846208,234469437234700,234469438988524,34.270994583,-16.586755
1012,234469495763415,34.319410858,362861438,362864325,234469505259529,234469506784737,34.338790796,11.021322
1013,234469528810357,34.352457800,363369870,363372470,234469541242761,234469540682843,34.372688902,11.872486
1014,234469556190740,34.379838183,363369870,363372470,234469541242761,234469540682843,34.372688902,-15.507897
1015,234469580917072,34.404564515,363878302,363880568,234469573345125,234469574580950,34.406587009,-6.336122
1016,234469617077044,34.440724487,364386734,364388741,234469609234148,234469608479056,34.440485115,-8.597988
1017,234469664510823,34.488158266,365403598,365406896,234469677268313,234469676275270,34.508281329,11.764447
1018,234469688124691,34.511772134,365403598,365406896,234469677268313,234469676275270,34.508281329,-11.849421
1019,234469717086089,34.540733532,365912031,365915003,234469709239011,234469710173443,34.542179502,-6.912646
1020,234469753403838,34.577051281,366420463,366423125,234469745229337,234469744071549,34.576077608,-9.332289
1021,234469802128946,34.625776389,367437327,367439345,234469813238434,234469811867762,34.643873821,9.738816
1022,234469822158761,34.645806204,367437327,367439345,234469813238434,234469811867762,34.643873821,-10.290999
1023,234469853164553,34.676811996,367945759,367947497,234469845318170,234469845765869,34.677771928,-7.398684
1024,234469888783731,34.712431174,368454191,368457516,234469881328153,234469879663975,34.711670034,-9.119756
1025,234469932832353,34.756479796,369471055,369473765,234469949253741,234469947460189,34.779466248,14.627836
1026,234469956932747,34.780580190,369471055,369473765,234469949253741,234469947460189,34.779466248,-9.472558
1027,234469993430672,34.817078115,369979488,369981892,234469981313378,234469981358362,34.813364421,-12.072310
1028,234470023039000,34.846686443,370487920,370489980,234470013406895,234470015256468,34.847262527,-7.782532
1029,234470076645158,34.900292601,371504784,371506245,234470081312947,234470083052681,34.915058740,6.407523
1030,234470097358449,34.921005892,371504784,371506245,234470081312947,234470083052681,34.915058740,-14.305768
1031,234470124918982,34.948566425,372013216,372016221,234470117260910,234470116950788,34.948956847,-7.968194
1032,234470156492075,34.980139518,372521648,372524364,234470149277875,234470150848894,34.982854953,-5.643181
1033,234470206481779,35.030129222,373538513,373540628,234470217289362,234470218645174,35.050651233,12.163395
1034,234470230599427,35.054246870,373538513,373540628,234470217289362,234470218645174,35.050651233,-11.954253
1035,234470263149403,35.086796846,374046945,374048762,234470253279917,234470252543281,35.084549340,-10.606122
1036,234470291873857,35.115521300,374555377,374556888,234470285310440,234470286441387,35.118447446,-5.432470
1037,234470337827457,35.161474900,375572241,375575025,234470353289646,234470354237600,35.186243659,16.410143
1038,234470359774806,35.183422249,375572241,375575025,234470353289646,234470354237600,35.186243659,-5.537206
1039,234470398236421,35.221883864,376080673,376083151,234470389354352,234470388135707,35.220141766,-10.100714
1040,234470430567693,35.254215136,376589105,376591274,234470421386104,234470422033814,35.254039873,-8.533879
1041,234470482705950,35.306353393,377605970,377607534,234470489300587,234470489830093,35.321836152,7.124143
1042,234470501887476,35.325534919,377605970,377607534,234470489300587,234470489830093,35.321836152,-12.057383
1043,234470533750409,35.357397852,378114402,378117554,234470525393068,234470523728200,35.355734259,-10.022209
1044,234470565025835,35.388673278,378622834,378625662,234470557316306,234470557626306,35.389632365,-7.399529
1045,234470615675411,35.439322854,379639698,379641877,234470625338036,234470625422519,35.457428578,9.747108
1046,234470640438074,35.464085517,379639698,379641877,234470625338036,234470625422519,35.457428578,-15.015555
1047,234470668956934,35.492604377,380148130,380149980,234470657481636,234470659320626,35.491326685,-9.636308
1048,234470705167215,35.528814658,380656562,380658096,234470693371840,234470693218733,35.525224792,-11.948482
1049,234470756919063,35.580566506,381673427,381676240,234470761341961,234470761015012,35.593021071,4.095949
1050,234470778412970,35.602060413,382181859,382184399,234470793323141,234470794913119,35.626919178,16.500149
1051,234470801084405,35.624731848,382181859,382184399,234470793323141,234470794913119,35.626919178,-6.171286
1052,234470838945748,35.662593191,382690291,382692525,234470829368614,234470828811225,35.660817284,-10.134523
1053,234470892813224,35.716460667,383707155,383708828,234470897319097,234470896607438,35.728613497,3.794214
1054,234470916297545,35.739944988,384215587,384218813,234470929469083,234470930505545,35.762511604,14.208000
1055,234470941298406,35.764945849,384215587,384218813,234470929469083,234470930505545,35.762511604,-10.792861
1056,234470973141955,35.796789398,384724019,384726931,234470965384215,234470964403652,35.796409711,-8.738303
1057,234471018900710,35.842548153,385740884,385743191,234471033454158,234471032199931,35.864205990,13.299221
1058,234471041926688,35.865574131,385740884,385743191,234471033454158,234471032199931,35.864205990,-9.726757
1059,234471072945859,35.896593302,386249316,386251306,234471065355930,234471066098038,35.898104097,-6.847821
1060,234471109524181,35.933171624,386757748,386759430,234471101457031,234471099996144,35.932002203,-9.528037
1061,234471155998674,35.979646117,387774612,387777557,234471169365051,234471167792358,35.999798417,11.793684
1062,234471178150777,36.001798220,387774612,387777557,234471169365051,234471167792358,35.999798417,-10.358419
1063,234471209558307,36.033205750,388283044,388285672,234471201440668,234471201690464,36.033696523,-7.867843
1064,234471245602106,36.069249549,388791476,388793798,234471237492720,234471235588571,36.067594630,-10.013535
1065,234471293448792,36.117096235,389808341,389809982,234471301418760,234471303384850,36.135390909,9.936058
1066,234471312160345,36.135807788,389808341,389809982,234471301418760,234471303384850,36.135390909,-8.775495
1067,234471345201748,36.168849191,390316773,390319990,234471337468989,234471337282957,36.169289016,-7.918791
1068,234471379814902,36.203462345,390825205,390828122,234471369393871,234471371181063,36.203187122,-8.633839
1069,234471426775806,36.250423249,391842069,391844380,234471437421916,234471438977276,36.270983335,12.201470
1070,234471448533575,36.272181018,391842069,391844380,234471437421916,234471438977276,36.270983335,-9.556299
1071,234471480940309,36.304587752,392350501,392352476,234471473423781,234471472875383,36.304881442,-8.064926
1072,234471512568281,36.336215724,392858934,392860606,234471505419291,234471506773556,36.338779615,-5.794725
1073,234471567626467,36.391273910,393875798,393878734,234471573406755,234471574569769,36.406575828,6.943302
1074,234471591564698,36.415212141,394384230,394386858,234471609421905,234471608467876,36.440473935,16.903178
1075,234471617058556,36.440705999,394384230,394386858,234471609421905,234471608467876,36.440473935,-8.590680
1076,234471650683635,36.474331078,394892662,394894969,234471641420347,234471642365982,36.474372041,-8.317653
1077,234471705270516,36.528917959,395909526,395911297,234471709391900,234471710162196,36.542168255,4.891680
1078,234471728713580,36.552361023,396417958,396421255,234471745470922,234471744060302,36.576066361,15.346722
1079,234471753070453,36.576717896,396417958,396421255,234471745470922,234471744060302,36.576066361,-9.010151
1080,234471783487052,36.607134495,396926391,396929381,234471777391908,234471777958475,36.609964534,-5.528577
1081,234471828287816,36.651935259,397434823,397437497,234471813393674,234471811856582,36.643862641,-16.431234
1082,234471852014076,36.675661519,397943255,397945568,234471845468794,234471845754688,36.677760747,-6.259388
1083,234471889339894,36.712987337,398451687,398453754,234471881444429,234471879652795,36.711658854,-9.687099
1084,234471920294121,36.743941564,398960119,398961856,234471913593252,234471913550901,36.745556960,-6.743220
1085,234471958026932,36.781674375,399468551,399471856,234471949414856,234471947449008,36.779455067,-10.577924
1086,234471991151776,36.814799219,399976983,399979996,234471981497476,234471981347115,36.813353174,-9.804661
1087,234472021116168,36.844763611,400485415,400488101,234472013542432,234472015245221,36.847251280,-5.870947
1088,234472058148678,36.881796121,400993848,400996264,234472049440750,234472049143394,36.881149453,-9.005284
1089,234472101890132,36.925537575,402010712,402012530,234472117463573,234472116939607,36.948945666,15.049475
1090,234472124149107,36.947796550,402010712,402012530,234472117463573,234472116939607,36.948945666,-7.209500
1091,234472158217011,36.981864454,402519144,402520618,234472149424726,234472150837714,36.982843773,-7.379297
1092,234472194024946,37.017672389,403027576,403030598,234472185428771,234472184735820,37.016741879,-9.289126
1093,234472239754551,37.063401994,404044440,404046786,234472253459343,234472252532034,37.084538093,12.777483
1094,234472260093030,37.083740473,404044440,404046786,234472253459343,234472252532034,37.084538093,-7.560996
1095,234472295573569,37.119221012,404552873,404554927,234472285472185,234472286430207,37.118436266,-9.143362
1096,234472330945221,37.154592664,405061305,405063005,234472321468776,234472320328313,37.152334372,-10.616908
1097,234472379084358,37.202731801,406078169,406081162,234472389429976,234472388124526,37.220130585,9.040168
1098,234472399176881,37.222824324,406078169,406081162,234472389429976,234472388124526,37.220130585,-11.052355
1099,234472432510710,37.256158153,406586601,406589285,234472421509754,234472422022633,37.254028692,-10.488077
1100,234472464381333,37.288028776,407095033,407097421,234472457473588,234472455920740,37.287926799,-8.460593
1101,234472511536102,37.335183545,408111897,408113716,234472525481655,234472523716953,37.355723012,12.180851
1102,234472535446428,37.359093871,408111897,408113716,234472525481655,234472523716953,37.355723012,-11.729475
1103,234472565362741,37.389010184,408620330,408621822,234472557487832,234472557615126,37.389621185,-7.747615
1104,234472596785486,37.420432929,409128762,409131811,234472593459789,234472591513232,37.423519291,-5.272254
1105,234472638650968,37.462298411,409637194,409639921,234472625495822,234472625411339,37.457417398,-13.239629
1106,234472665012030,37.488659473,410145626,410148065,234472657500591,234472659309445,37.491315504,-5.702585
1107,234472703835212,37.527482655,410654058,410656201,234472693511618,234472693207552,37.525213611,-10.627660
1108,234472732917410,37.556564853,411162490,411164331,234472725473439,234472727105658,37.559111717,-5.811752
1109,234472789869168,37.613516611,412179354,412182487,234472793481175,234472794901872,37.626907931,5.032704
1110,234472811472263,37.635119706,412179354,412182487,234472793481175,234472794901872,37.626907931,-16.570391
1111,234472837202973,37.660850416,412687787,412690586,234472829523055,234472828800045,37.660806104,-8.402928
1112,234472869295097,37.692942540,413196219,413198726,234472861526512,234472862698151,37.694704210,-6.596946
1113,234472914074620,37.737722063,414213083,414214941,234472929545400,234472930494364,37.762500423,16.419744
1114,234472936097364,37.759744807,414213083,414214941,234472929545400,234472930494364,37.762500423,-5.603000
1115,234472974555860,37.798203303,414721515,414723053,234472965518905,234472964392471,37.796398530,-10.163389
1116,234473008423165,37.832070608,415229947,415233072,234472997543809,234472998290578,37.830296637,-10.132587
1117,234473053617833,37.877265276,416246812,416249334,234473065495088,234473066086857,37.898092916,12.469024
1118,234473079703663,37.903351106,416246812,416249334,234473065495088,234473066086857,37.898092916,-13.616806
1119,234473109342116,37.932989559,416755244,416757505,234473101631377,234473099984964,37.931991023,-9.357152
1120,234473140224704,37.963872147,417263676,417265579,234473133566974,234473133883070,37.965889129,-6.341634
1121,234473189873157,38.013520600,418280540,418283675,234473201552558,234473201679283,38.033685342,11.806126
1122,234473212386634,38.036034077,418280540,418283675,234473201552558,234473201679283,38.033685342,-10.707351
1123,234473241515371,38.065162814,418788972,418791756,234473237531564,234473235577390,38.067583449,-5.937981
1124,234473280595828,38.104243271,419297404,419299901,234473269509660,234473269475497,38.101481556,-11.120331
1125,234473330817860,38.154465303,420314269,420316088,234473337566873,234473337271776,38.169277835,6.453916
1126,234473351761423,38.175408866,420314269,420316088,234473337566873,234473337271776,38.169277835,-14.489647
1127,234473381447144,38.205094587,420822701,420824225,234473369530050,234473371169883,38.203175942,-10.277261
1128,234473417175530,38.240822973,421331133,421334224,234473405554097,234473405067989,38.237074048,-12.107541
1129,234473464510423,38.288157866,422347997,422350471,234473473538272,234473472864202,38.304870261,8.353779
1130,234473488659552,38.312306995,422347997,422350471,234473473538272,234473472864202,38.304870261,-15.795350
1131,234473513297408,38.336944851,422856429,422858597,234473505561693,234473506762309,38.338768368,-6.535099
1132,234473556014954,38.379662397,423364861,423366726,234473541573310,234473540660416,38.372666475,-15.354538
1133,234473615665431,38.439312874,424381726,424384857,234473609550233,234473608456695,38.440462754,-7.208736
1134,234473638063342,38.461710785,424890158,424892975,234473641574681,234473642354802,38.474360861,4.291460
1135,234473661973163,38.485620606,425398590,425401083,234473677524246,234473676252908,38.508258967,14.279745
1136,234473690624207,38.514271650,425398590,425401083,234473677524246,234473676252908,38.508258967,-14.371299
1137,234473735370016,38.559017459,426415454,426417304,234473745573997,234473744049122,38.576055181,8.679106
1138,234473757794551,38.581441994,426415454,426417304,234473745573997,234473744049122,38.576055181,-13.745429
1139,234473786242245,38.609889688,426923886,426925436,234473777573440,234473777947228,38.609953287,-8.295017
1140,234473822993778,38.646641221,427432318,427435437,234473813608578,234473811845335,38.643851394,-11.148443
1141,234473871906732,38.695554175,428449183,428451725,234473881539954,234473879641614,38.711647673,7.734882
1142,234473894825553,38.718472996,428449183,428451725,234473881539954,234473879641614,38.711647673,-15.183939
1143,234473921136913,38.744784356,428957615,428959872,234473913557504,234473913539721,38.745545780,-7.597192
1144,234473952221003,38.775868446,429466047,429468000,234473945610218,234473947437827,38.779443886,-4.783176
1145,234474008635101,38.832282544,430482911,430486102,234474013588748,234474015234041,38.847240100,6.598940
1146,234474031749641,38.855397084,430482911,430486102,234474013588748,234474015234041,38.847240100,-16.515600
1147,234474058215446,38.881862889,430991343,430994286,234474049599802,234474049132147,38.881138206,-9.083299
1148,234474090383430,38.914030873,431499775,431502425,234474081619907,234474083030254,38.915036313,-7.353176
1149,234474147634117,38.971281560,432516640,432518649,234474149584096,234474150826533,38.982832592,3.192416
1150,234474171075536,38.994722979,433025072,433026750,234474185616858,234474184724640,39.016730699,13.649104
1151,234474195369470,39.019016913,433025072,433026750,234474185616858,234474184724640,39.016730699,-10.644830
1152,234474224215192,39.047862635,433533504,433536691,234474217605700,234474218622746,39.050628805,-5.592446
1153,234474268079421,39.091726864,434041936,434044805,234474253588453,234474252520853,39.084526912,-15.558568
1154,234474292352171,39.115999614,434550368,434552958,234474285628448,234474286418960,39.118425019,-5.933211
1155,234474329726246,39.153373689,435058800,435061096,234474321629304,234474320317066,39.152323125,-9.409180
1156,234474360654197,39.184301640,435567233,435569214,234474353727605,234474354215239,39.186221298,-6.438958
1157,234474403335890,39.226983333,436075665,436077328,234474389583271,234474388113346,39.220119405,-15.222544
1158,234474430200912,39.253848355,436584097,436587355,234474421722297,234474422011452,39.254017511,-8.189460
1159,234474465752413,39.289399856,437092529,437095495,234474457604753,234474455909559,39.287915618,-9.842854
1160,234474500346202,39.323993645,437600961,437603643,234474489763991,234474489807665,39.321813724,-10.538537
1161,234474547279122,39.370926565,438617825,438619899,234474557610991,234474557603879,39.389609938,10.324757
1162,234474571832595,39.395480038,438617825,438619899,234474557610991,234474557603879,39.389609938,-14.228716
1163,234474598225830,39.421873273,439126257,439128051,234474589747703,234474591501985,39.423508044,-6.723845
1164,234474640977123,39.464624566,439634690,439636147,234474625773285,234474625400158,39.457406217,-15.576965
1165,234474701139316,39.524786759,440651554,440654294,234474693636361,234474693196371,39.525202430,-7.942945
1166,234474722456554,39.546103997,441159986,441162445,234474725720008,234474727094478,39.559100537,4.637924
1167,234474744283991,39.567931434,441668418,441670551,234474761615038,234474760992584,39.592998643,16.708593
1168,234474768232381,39.591879824,441668418,441670551,234474761615038,234474760992584,39.592998643,-7.239797
1169,234474807275340,39.630922783,442176850,442178625,234474793686588,234474794890691,39.626896750,-12.384649
1170,234474837982293,39.661629736,442685282,442688596,234474829784352,234474828788798,39.660794857,-9.193495
1171,234474869578827,39.693226270,443193714,443196759,234474861619643,234474862686904,39.694692963,-6.891923
1172,234474906169359,39.729816802,443702147,443704896,234474897657420,234474896585077,39.728591136,-9.584282
1173,234474954763086,39.778410529,444719011,444721159,234474965623942,234474964381290,39.796387349,9.618204
1174,234474976442395,39.800089838,444719011,444721159,234474965623942,234474964381290,39.796387349,-12.061105
1175,234475006440859,39.830088302,445227443,445229305,234474997820022,234474998279397,39.830285456,-8.161462
1176,234475047142061,39.870789504,445735875,445737433,234475033784988,234475032177504,39.864183563,-14.964557
1177,234475100472417,39.924119860,446752740,446755622,234475101697030,234475099973783,39.931979842,-0.498634
1178,234475122819897,39.946467340,447261172,447263730,234475133687399,234475133871890,39.965877949,11.051993
1179,234475144507224,39.968154667,447261172,447263730,234475133687399,234475133871890,39.965877949,-10.635334
1180,234475172462465,39.996109908,447769604,447771846,234475169632630,234475167769996,39.999776055,-4.692469
1181,234475218310712,40.041958155,448278036,448279986,234475201738974,234475201668103,40.033674162,-16.642609
1182,234475240441893,40.064089336,448786468,448788127,234475233839352,234475235566209,40.067572268,-4.875684
1183,234475282211672,40.105859115,449294900,449298148,234475269725296,234475269464316,40.101470375,-12.747356
1184,234475313008451,40.136655894,449803332,449806266,234475301807297,234475303362423,40.135368482,-9.646028
1185,234475361012351,40.184659794,450820196,450822480,234475369686465,234475371158636,40.203164695,10.146285
1186,234475382286238,40.205933681,450820196,450822480,234475369686465,234475371158636,40.203164695,-11.127602
1187,234475414465430,40.238112873,451328629,451330600,234475405662282,234475405056809,40.237062868,-9.408621
1188,234475448247213,40.271894656,451837061,451838689,234475437733157,234475438954915,40.270960974,-9.292298
1189,234475498701241,40.322348684,452853925,452856807,234475505703390,234475506751128,40.338757187,8.049887
1190,234475519876053,40.343523496,452853925,452856807,234475505703390,234475506751128,40.338757187,-13.124925
1191,234475550903451,40.374550894,453362357,453364947,234475541793290,234475540649235,40.372655294,-10.254216
1192,234475582916122,40.406563565,453870789,453873111,234475573758513,234475574547342,40.406553401,-8.368780
1193,234475628808875,40.452456318,454887654,454889341,234475641762675,234475642343621,40.474349680,13.534746
1194,234475648445327,40.472092770,454887654,454889341,234475641762675,234475642343621,40.474349680,-6.101706
1195,234475688280338,40.511927781,455396086,455399341,234475677813169,234475676241728,40.508247787,-12.038610
1196,234475716310368,40.539957811,455904518,455907484,234475709707911,234475710139834,40.542145893,-6.170534
1197,234475762608571,40.586256014,456921382,456923726,234475777833280,234475777936047,40.609942106,15.327476
1198,234475785279760,40.608927203,456921382,456923726,234475777833280,234475777936047,40.609942106,-7.343713
1199,234475818107477,40.641754920,457429814,457431823,234475813784550,234475811834154,40.643840213,-6.273323
1200,234475857325384,40.680972827,457938246,457939956,234475845818741,234475845732261,40.677738320,-11.593123
1201,234475905868316,40.729515759,458955111,458958032,234475913775393,234475913528540,40.745534599,7.660224
1202,234475926885901,40.750533344,458955111,458958032,234475913775393,234475913528540,40.745534599,-13.357361
1203,234475954122548,40.777769991,459463543,459466183,234475945829738,234475947426647,40.779432706,-6.695901
1204,234475991454978,40.815102421,459971975,459974333,234475981873462,234475981324753,40.813330812,-10.130225
1205,234476036568389,40.860215832,460988839,460990550,234476049763757,234476049120966,40.881127025,12.552577
1206,234476056489534,40.880136977,460988839,460990550,234476049763757,234476049120966,40.881127025,-7.368568
1207,234476089499688,40.913147131,461497271,461500548,234476081854904,234476083019073,40.915025132,-6.480615
1208,234476125723120,40.949370563,462005703,462008663,234476117866792,234476116917180,40.948923239,-8.805940
1209,234476175240435,40.998887878,463022568,463024881,234476185724769,234476184713459,41.016719518,9.473024
1210,234476193867685,41.017515128,463022568,463024881,234476185724769,234476184713459,41.016719518,-9.154226
1211,234476225419782,41.049067225,463531000,463533002,234476217802201,234476218611566,41.050617625,-6.808216
1212,234476261996997,41.085644440,464039432,464041123,234476253737549,234476252509672,41.084515731,-9.487325
1213,234476307600440,41.131247883,465056296,465059245,234476321814844,234476320305886,41.152311945,12.705446
1214,234476328397714,41.152045157,465056296,465059245,234476321814844,234476320305886,41.152311945,-8.091828
1215,234476362756960,41.186404403,465564728,465567397,234476353809104,234476354203992,41.186210051,-8.552968
1216,234476403323748,41.226971191,466073160,466075531,234476389773529,234476388102099,41.220108158,-15.221649
1217,234476446718319,41.270365762,467090025,467091771,234476457734135,234476455898378,41.287904437,9.180059
1218,234476472609544,41.296256987,467090025,467091771,234476457734135,234476455898378,41.287904437,-16.711166
1219,234476497512889,41.321160332,467598457,467601750,234476489754774,234476489796485,41.321802544,-7.716404
1220,234476530421826,41.354069269,468106889,468109868,234476521821358,234476523694591,41.355700650,-6.727235
1221,234476579596751,41.403244194,469123753,469126139,234476589790202,234476591490805,41.423496864,11.894054
1222,234476599237641,41.422885084,469123753,469126139,234476589790202,234476591490805,41.423496864,-7.746836
1223,234476633459426,41.457106869,469632185,469634256,234476625834224,234476625388911,41.457394970,-8.070515
1224,234476665234269,41.488881712,470140617,470142399,234476657878713,234476659287018,41.491293077,-5.947251
1225,234476707952344,41.531599787,470649050,470650515,234476693756621,234476693185191,41.525191250,-14.767153
1226,234476732371246,41.556018689,471157482,471160517,234476725777501,234476727083297,41.559089356,-5.287949
1227,234476769396221,41.593043664,471665914,471668616,234476761770524,234476760981404,41.592987463,-8.414817
1228,234476805019999,41.628667442,472174346,472176744,234476793771851,234476794879510,41.626885569,-10.140489
1229,234476853208900,41.676856343,473191210,473192935,234476861822185,234476862675724,41.694681783,9.466824
1230,234476875456004,41.699103447,473191210,473192935,234476861822185,234476862675724,41.694681783,-12.780280
1231,234476905411474,41.729058917,473699642,473702930,234476897835985,234476896573830,41.728579889,-8.837644
1232,234476937220310,41.760867753,474208074,474211055,234476929859618,234476930471937,41.762477996,-6.748373
1233,234476983218364,41.806865807,475224939,475227392,234476997816562,234476998268216,41.830274275,15.049852
1234,234477004664978,41.828312421,475224939,475227392,234476997816562,234476998268216,41.830274275,-6.396762
1235,234477041664486,41.865311929,475733371,475735450,234477033806056,234477032166323,41.864172382,-9.498163
1236,234477073118831,41.896766274,476241803,476243575,234477065854661,234477066064430,41.898070489,-7.054401
1237,234477117703033,41.941350476,477258667,477261674,234477133850559,234477133860643,41.965866702,16.157610
1238,234477140292422,41.963939865,477258667,477261674,234477133850559,234477133860643,41.965866702,-6.431779
1239,234477174458871,41.998106314,477767099,477769848,234477165819016,234477167758749,41.999764808,-6.700122
1240,234477215009514,42.038656957,478275532,478277999,234477201816128,234477201656922,42.033662981,-13.352592
1241,234477258918372,42.082565815,479292396,479294247,234477269823754,234477269453135,42.101459194,10.534763
1242,234477280568531,42.104215974,479292396,479294247,234477269823754,234477269453135,42.101459194,-11.115396
1243,234477309410918,42.133058361,479800828,479802364,234477301846403,234477303351242,42.135357301,-6.059676
1244,234477346229621,42.169877064,480309260,480312374,234477337843876,234477337249348,42.169255407,-8.980273
1245,234477392386005,42.216033448,481326124,481328622,234477405820609,234477405045562,42.237051621,12.659557
1246,234477412177225,42.235824668,481326124,481328622,234477405820609,234477405045562,42.237051621,-7.131663
1247,234477445400856,42.269048299,481834556,481836728,234477437872537,234477438943668,42.270949727,-6.457188
1248,234477480128630,42.303776073,482342989,482344860,234477473815826,234477472841841,42.304847900,-7.286789
1249,234477521146740,42.344794183,482851421,482852965,234477505860095,234477506739948,42.338746007,-14.406792
1250,234477548371035,42.372018478,483359853,483362945,234477541833245,234477540638054,42.372644113,-7.732981
1251,234477581377277,42.405024720,483868285,483871055,234477573882809,234477574536161,42.406542220,-6.841116
1252,234477618648432,42.442295875,484376717,484379156,234477609880837,234477608434268,42.440440327,-10.214164
1253,234477666577042,42.490224485,485393581,485395432,234477677848520,234477676230481,42.508236540,9.653439
1254,234477687865941,42.511513384,485393581,485395432,234477677848520,234477676230481,42.508236540,-11.635460
1255,234477718931256,42.542578699,485902014,485903528,234477709898486,234477710128654,42.542134713,-8.802602
1256,234477752574754,42.576222197,486410446,486413565,234477745831845,234477744026760,42.576032819,-8.547994
1257,234477799433780,42.623081223,487427310,487429810,234477809881440,234477811822973,42.643829032,12.389193
1258,234477820168551,42.643815994,487427310,487429810,234477809881440,234477811822973,42.643829032,-8.345578
1259,234477859472533,42.683119976,487935742,487937959,234477845852523,234477845721080,42.677727139,-13.751453
1260,234477888535496,42.712182939,488444174,488446110,234477877931370,234477879619187,42.711625246,-8.916309
1261,234477934276507,42.757923950,489461038,489464221,234477945863052,234477947415400,42.779421459,13.138893
1262,234477979975619,42.803623062,489969471,489972328,234477981876344,234477981313573,42.813319632,1.337954
1263,234478009362226,42.833009669,490477903,490480448,234478013865637,234478015211679,42.847217738,5.849453
1264,234478036197305,42.859844748,490986335,490988570,234478049925706,234478049109786,42.881115845,12.912481
1265,234478059577230,42.883224673,490986335,490988570,234478049925706,234478049109786,42.881115845,-10.467444
1266,234478090356091,42.914003534,491494767,491496725,234478082017225,234478083007892,42.915013951,-7.348199
1267,234478130236834,42.953884277,492003199,492004778,234478117898052,234478116905999,42.948912058,-13.330835
1268,234478156436534,42.980083977,492511631,492514746,234478149887600,234478150804106,42.982810165,-5.632428
1269,234478198891184,43.022538627,493020063,493022896,234478185925238,234478184702212,43.016708271,-14.188972
1270,234478224493258,43.048140701,493528495,493531022,234478217929131,234478218600319,43.050606378,-5.892939
1271,234478264556052,43.088203495,494036928,494039180,234478253884311,234478252498492,43.084504551,-12.057560
1272,234478292654089,43.116301532,494545360,494547303,234478285892933,234478286396598,43.118402657,-6.257491
1273,234478335838427,43.159485870,495053792,495055426,234478321884667,234478320294705,43.152300764,-15.543722
1274,234478361316092,43.184963535,495562224,495565428,234478353945392,234478354192812,43.186198871,-7.123280
1275,234478406936058,43.230583501,496579088,496581636,234478421940858,234478421989025,43.253995084,15.052967
1276,234478429086749,43.252734192,496579088,496581636,234478421940858,234478421989025,43.253995084,-7.097724
1277,234478462636678,43.286284121,497087520,497089788,234478453921433,234478455887131,43.287893190,-6.749547
1278,234478501241899,43.324889342,497595953,497597907,234478489918386,234478489785304,43.321791363,-11.456595
1279,234478546417455,43.370064898,498612817,498616034,234478557913744,234478557581517,43.389587576,11.164062
1280,234478571842222,43.395489665,498612817,498616034,234478557913744,234478557581517,43.389587576,-14.260705
1281,234478597697689,43.421345132,499121249,499124155,234478589967817,234478591479624,43.423485683,-6.218065
1282,234478639372463,43.463019906,499629681,499632234,234478625914091,234478625377730,43.457383789,-13.994733
1283,234478696119225,43.519766668,500646545,500648435,234478693954119,234478693173944,43.525180003,-2.945281
1284,234478718345521,43.541992964,501154977,501156560,234478725922518,234478727072050,43.559078109,8.726529
1285,234478742161336,43.565808779,501154977,501156560,234478725922518,234478727072050,43.559078109,-15.089286
1286,234478768758961,43.592406404,501663410,501666584,234478761954488,234478760970223,43.592976282,-7.788738
1287,234478828183959,43.651831402,502680274,502682844,234478829922456,234478828766436,43.660772495,0.582477
1288,234478851830983,43.675478426,503188706,503190948,234478861950255,234478862664543,43.694670602,10.833560
1289,234478876693347,43.700340790,503188706,503190948,234478861950255,234478862664543,43.694670602,-14.028804
1290,234478904888127,43.728535570,503697138,503699070,234478897924932,234478896562650,43.728568709,-8.325477
1291,234478955313352,43.778960795,504714002,504717226,234478965930999,234478964358863,43.796364922,9.045511
1292,234478981776942,43.805424385,505222434,505225329,234478997961047,234478998256969,43.830263028,16.480027
1293,234479005837812,43.829485255,505222434,505225329,234478997961047,234478998256969,43.830263028,-7.580843
1294,234479046913814,43.870561257,505730867,505733492,234479033921761,234479032155142,43.864161201,-14.758672
1295,234479097220772,43.920868215,506747731,506749789,234479097994052,234479099951355,43.931957414,2.730583
1296,234479119260061,43.942907504,507256163,507257887,234479133952630,234479133849462,43.965855521,14.589401
1297,234479141785513,43.965432956,507256163,507257887,234479133952630,234479133849462,43.965855521,-7.936051
1298,234479172748588,43.996396031,507764595,507767883,234479166012201,234479167747569,43.999753628,-5.001019
1299,234479220673110,44.044320553,508781459,508784097,234479233976522,234479235543782,44.067549841,14.870672
1300,234479244536191,44.068183634,508781459,508784097,234479233976522,234479235543782,44.067549841,-8.992409
1301,234479278279768,44.101927211,509289892,509292217,234479270002576,234479269441955,44.101448014,-8.837813
1302,234479312130687,44.135778130,509798324,509800372,234479301986089,234479303340061,44.135346120,-8.790626
1303,234479356629425,44.180276868,510815188,510818475,234479369992192,234479371136274,44.203142333,14.506849
1304,234479377172563,44.200820006,510815188,510818475,234479369992192,234479371136274,44.203142333,-6.036289
1305,234479420978376,44.244625819,511323620,511326583,234479406025198,234479405034381,44.237040440,-15.943995
1306,234479444545829,44.268193272,511832052,511834701,234479438018639,234479438932488,44.270938547,-5.613341
1307,234479490709009,44.314356452,512848916,512850908,234479506037035,234479506728701,44.338734760,16.019692
1308,234479512470263,44.336117706,512848916,512850908,234479506037035,234479506728701,44.338734760,-5.741562
1309,234479552085315,44.375732758,513357349,513359016,234479542080606,234479540626874,44.372632933,-11.458441
1310,234479582367205,44.406014648,513865781,513869015,234479573994947,234479574524980,44.406531039,-7.842225
1311,234479630297622,44.453945065,514882645,514885287,234479642026478,234479642321194,44.474327253,12.023572
1312,234479650025955,44.473673398,514882645,514885287,234479642026478,234479642321194,44.474327253,-7.704761
1313,234479690957104,44.514604547,515391077,515393397,234479678017082,234479676219300,44.508225359,-14.737804
1314,234479721424549,44.545071992,515899509,515901532,234479710042816,234479710117407,44.542123466,-11.307142
1315,234479782851029,44.606498472,516916374,516919652,234479778018775,234479777913686,44.609919745,-4.937343
1316,234479807556966,44.631204409,517424806,517427824,234479810029870,234479811811793,44.643817852,4.254827
1317,234479829645795,44.653293238,517933238,517935936,234479846142784,234479845709899,44.677715958,16.064104
1318,234479852762087,44.676409530,517933238,517935936,234479846142784,234479845709899,44.677715958,-7.052188
1319,234479897729549,44.721376992,518950102,518952178,234479914039722,234479913506113,44.745512172,15.776564
1320,234479922561394,44.746208837,518950102,518952178,234479914039722,234479913506113,44.745512172,-9.055281
1321,234479956148507,44.779795950,519458534,519460277,234479946060996,234479947404219,44.779410278,-8.744288
1322,234479995816432,44.819463875,519966966,519970252,234479982077511,234479981302326,44.813308385,-14.514106
1323,234480042084581,44.865732024,520983831,520986496,234480050050461,234480049098605,44.881104664,7.014024
1324,234480067591670,44.891239113,521492263,521494615,234480082031859,234480082996712,44.915002771,15.405042
1325,234480091527662,44.915175105,521492263,521494615,234480082031859,234480082996712,44.915002771,-8.530950
1326,234480125138476,44.948785919,522000695,522002711,234480118027629,234480116894818,44.948900877,-8.243658
1327,234480169932146,44.993579589,523017559,523020827,234480186097019,234480184691032,45.016697091,14.758886
1328,234480192580068,45.016227511,523017559,523020827,234480186097019,234480184691032,45.016697091,-7.889036
1329,234480231739214,45.055386657,523525991,523528943,234480218097639,234480218589138,45.050595197,-13.150076
1330,234480262791312,45.086438755,524034423,524037070,234480254031153,234480252487245,45.084493304,-10.304067
1331,234480312232519,45.135879962,525051288,525053318,234480322072810,234480320283524,45.152289583,8.051005
1332,234480333694953,45.157342396,525051288,525053318,234480322072810,234480320283524,45.152289583,-13.411429
1333,234480362184859,45.185832302,525559720,525561428,234480354111536,234480354181631,45.186187690,-8.003228
1334,234480396343456,45.219990899,526068152,526071398,234480390085653,234480388079737,45.220085796,-8.263719
1335,234480438707932,45.262355375,526576584,526579519,234480422049596,234480421977844,45.253983903,-16.730088
1336,234480461826112,45.285473555,527085016,527087662,234480454062523,234480455875951,45.287882010,-5.950161
1337,234480505772833,45.329420276,527593448,527595749,234480490112338,234480489774057,45.321780116,-15.998776
1338,234480534333490,45.357980933,528101880,528103847,234480522129377,234480523672164,45.355678223,-10.661326
1339,234480592218939,45.415866382,529118745,529121971,234480590077129,234480591468443,45.423474502,-0.750496
1340,234480613081462,45.436728905,529627177,529630145,234480626087024,234480625366550,45.457372609,12.285088
1341,234480636660418,45.460307861,529627177,529630145,234480626087024,234480625366550,45.457372609,-11.293868
1342,234480664860306,45.488507749,530135609,530138260,234480658096341,234480659264656,45.491270715,-5.595650
1343,234480707984945,45.531632388,530644041,530646377,234480694126528,234480693162763,45.525168822,-14.822182
1344,234480732461390,45.556108833,531152473,531154485,234480726111435,234480727060870,45.559066929,-5.400520
1345,234480770434155,45.594081598,531660905,531662610,234480762067160,234480760958976,45.592965035,-9.475179
1346,234480800858987,45.624506430,532169337,532172644,234480794093290,234480794857083,45.626863142,-6.001904
1347,234480845062931,45.668710374,532677770,532680720,234480830086881,234480828755256,45.660761315,-16.307675
1348,234480868945684,45.692593127,533186202,533188848,234480862087623,234480862653362,45.694659421,-6.292322
1349,234480906560179,45.730207622,533694634,533696955,234480898116208,234480896551469,45.728557528,-10.008710
1350,234480939774455,45.763421898,534203066,534205046,234480930107316,234480930449576,45.762455635,-9.324879
1351,234480993913921,45.817561364,535219930,535223223,234480998141311,234480998245789,45.830251848,4.331868
1352,234481018644147,45.842291590,535728362,535731334,234481034083632,234481032143895,45.864149954,13.499748
1353,234481041175011,45.864822454,535728362,535731334,234481034083632,234481032143895,45.864149954,-9.031116
1354,234481072706904,45.896354347,536236794,536239430,234481066158426,234481066042002,45.898048061,-6.664902
1355,234481120740555,45.944387998,537253659,537255670,234481134160355,234481133838281,45.965844340,13.097726
1356,234481140943440,45.964590883,537253659,537255670,234481134160355,234481133838281,45.965844340,-7.105159
1357,234481174489838,45.998137281,537762091,537763805,234481166118969,234481167736388,45.999742447,-6.753450
1358,234481215979865,46.039627308,538270523,538273795,234481202158294,234481201634495,46.033640554,-14.345370
1359,234481258841470,46.082488913,539287387,539290053,234481270142655,234481269430708,46.101436767,10.589238
1360,234481279517729,46.103165172,539287387,539290053,234481270142655,234481269430708,46.101436767,-10.087021
1361,234481310807410,46.134454853,539795820,539798239,234481302157793,234481303328881,46.135334940,-7.478529
1362,234481351573022,46.175220465,540304252,540306365,234481338123531,234481337226987,46.169233046,-14.346035
1363,234481407255475,46.230902918,541321116,541322618,234481406122780,234481405023200,46.237029259,-2.232275
1364,234481427018545,46.250665988,541829548,541832634,234481438145396,234481438921307,46.270927366,11.902762
1365,234481449660295,46.273307738,541829548,541832634,234481438145396,234481438921307,46.270927366,-10.738988
1366,234481481653878,46.305301321,542337980,542340728,234481474179747,234481472819414,46.304825473,-8.834464
1367,234481527486395,46.351133838,543354844,543356976,234481542110447,234481540615627,46.372621686,13.129232
1368,234481549185660,46.372833103,543354844,543356976,234481542110447,234481540615627,46.372621686,-8.570033
1369,234481583715812,46.407363255,543863276,543865095,234481574151237,234481574513733,46.406519792,-9.202079
1370,234481618248687,46.441896130,544371709,544373206,234481610124182,234481608411906,46.440417965,-9.836781
1371,234481662823072,46.486470515,545388573,545391317,234481678170704,234481676208119,46.508214178,13.385047
1372,234481683441288,46.507088731,545388573,545391317,234481678170704,234481676208119,46.508214178,-7.233169
1373,234481720104697,46.543752140,545897005,545899443,234481710147405,234481710106226,46.542112285,-9.998471
1374,234481751948755,46.575596198,546405437,546407516,234481742164892,234481744004333,46.576010392,-7.944422
1375,234481806912658,46.630560101,547422301,547423809,234481810157939,234481811800546,46.643806605,4.887888
1376,234481832813860,46.656461303,547930734,547933797,234481846251316,234481845698719,46.677704778,12.884859
1377,234481856936464,46.680583907,547930734,547933797,234481846251316,234481845698719,46.677704778,-11.237745
1378,234481885115951,46.708763394,548439166,548441930,234481878202402,234481879596825,46.711602884,-5.519126
1379,234481925098399,46.748745842,548947598,548950076,234481914169127,234481913494932,46.745500991,-11.603467
1380,234481953185959,46.776833402,549456030,549458189,234481946192521,234481947393038,46.779399097,-5.792921
1381,234481993862504,46.817509947,549964462,549966319,234481982180813,234481981291145,46.813297204,-12.571359
1382,234482023262953,46.846910396,550472894,550474461,234482014213553,234482015189252,46.847195311,-8.073701
1383,234482069519998,46.893167441,551489758,551492571,234482082302390,234482082985465,46.914991524,13.465467
1384,234482092355018,46.916002461,551489758,551492571,234482082302390,234482082985465,46.914991524,-9.369553
1385,234482125693183,46.949340626,551998191,552000693,234482118166586,234482116883638,46.948889697,-8.809545
1386,234482159766261,46.983413704,552506623,552508806,234482150190534,234482150781744,46.982787803,-8.984517
1387,234482216809083,47.040456526,553523487,553525095,234482218202427,234482218577958,47.050584017,1.768875
1388,234482236888236,47.060535679,554031919,554035074,234482254206017,234482252476064,47.084482123,15.587828
1389,234482262086818,47.085734261,554031919,554035074,234482254206017,234482252476064,47.084482123,-9.610754
1390,234482292774195,47.116421638,554540351,554543218,234482286216775,234482286374171,47.118380230,-6.400024
1391,234482333291292,47.156938735,555048783,555051309,234482322218423,234482320272277,47.152278336,-13.019015
1392,234482361552832,47.185200275,555557215,555559442,234482354201054,234482354170384,47.186176443,-7.382448
1393,234482394583406,47.218230849,556065648,556067576,234482386234459,234482388068557,47.220074616,-6.514849
1394,234482435476571,47.259124014,556574080,556575696,234482422207079,234482421966663,47.253972722,-13.509908
1395,234482486368110,47.310015553,557590944,557593819,234482490203003,234482489762877,47.321768936,3.394767
1396,234482505907922,47.329555365,557590944,557593819,234482490203003,234482489762877,47.321768936,-16.145045
1397,234482529761258,47.353408701,558099376,558101937,234482522248466,234482523660983,47.355667042,-6.100275
1398,234482565623802,47.389271245,558607808,558610055,234482558249682,234482557559090,47.389565149,-8.064712
1399,234482606802192,47.430449635,559116240,559118179,234482590221218,234482591457196,47.423463255,-15.344996
1400,234482633171395,47.456818838,559624673,559626306,234482626218046,234482625355369,47.457361428,-7.816026
1401,234482666840231,47.490487674,560133105,560136279,234482658220083,234482659253476,47.491259535,-7.586755
1402,234482708017036,47.531664479,560641537,560644385,234482694217615,234482693151582,47.525157641,-14.865454
1403,234482755070972,47.578718415,561658401,561660645,234482762246202,234482760947796,47.592953855,5.876824
1404,234482777829462,47.601476905,561658401,561660645,234482762246202,234482760947796,47.592953855,-16.881666
1405,234482803022613,47.626670056,562166833,562168779,234482794247214,234482794845902,47.626851961,-8.176711
1406,234482839749098,47.663396541,562675265,562676846,234482830283659,234482828744009,47.660750068,-11.005089
1407,234482894911510,47.718558953,563692130,563694971,234482898226913,234482896540288,47.728546347,1.628778
1408,234482917800139,47.741447582,564200562,564203151,234482930247021,234482930438395,47.762444454,12.638256
1409,234482939173206,47.762820649,564200562,564203151,234482930247021,234482930438395,47.762444454,-8.734811
1410,234482969371425,47.793018868,564708994,564711267,234482966232867,234482964336502,47.796342561,-5.034923
1411,234483015213347,47.838860790,565725858,565727510,234483030312867,234483032132715,47.864138774,16.919368
1412,234483036869769,47.860517212,565725858,565727510,234483030312867,234483032132715,47.864138774,-4.737054
1413,234483076955412,47.900602855,566234290,566237515,234483066260579,234483066030821,47.898036880,-10.924591
1414,234483105785731,47.929433174,566742722,566745668,234483098302072,234483099928928,47.931934987,-5.856803
1415,234483146469000,47.970116443,567251154,567253757,234483134263417,234483133827034,47.965833093,-12.641966
1416,234483173985973,47.997633416,567759587,567761848,234483166270552,234483167725207,47.999731266,-6.260766
1417,234483213857106,48.037504549,568268019,568269987,234483202262732,234483201623314,48.033629373,-12.233792
1418,234483240794353,48.064441796,568776451,568778088,234483234263251,234483235521420,48.067527479,-5.272933
1419,234483297096890,48.120744333,569793315,569796209,234483302267168,234483303317634,48.135323693,6.220744
1420,234483319971661,48.143619104,569793315,569796209,234483302267168,234483303317634,48.135323693,-16.654027
1421,234483347424882,48.171072325,570301747,570304326,234483338280281,234483337215740,48.169221799,-10.209142
1422,234483377088544,48.200735987,570810180,570812456,234483370285027,234483371113913,48.203119972,-5.974631
1423,234483418640773,48.242288216,571318612,571320559,234483406307245,234483405012020,48.237018079,-13.628753
1424,234483444855396,48.268502839,571827044,571828678,234483438313695,234483438910126,48.270916185,-5.945270
1425,234483483748184,48.307395627,572335476,572338679,234483474320552,234483472808233,48.304814292,-10.939951
1426,234483518052663,48.341700106,572843908,572846808,234483506324075,234483506706340,48.338712399,-11.346323
1427,234483564918599,48.388566042,573860772,573863053,234483574302919,234483574502553,48.406508612,9.583954
1428,234483585762635,48.409410078,573860772,573863053,234483574302919,234483574502553,48.406508612,-11.260082
1429,234483614590164,48.438237607,574369204,574371167,234483610275434,234483608400659,48.440406718,-6.189505
1430,234483655701245,48.479348688,574877636,574879286,234483642385649,234483642298766,48.474304825,-13.402479
1431,234483702575803,48.526223246,575894501,575897445,234483710323562,234483710095045,48.542101104,7.519242
1432,234483725270900,48.548918343,575894501,575897445,234483710323562,234483710095045,48.542101104,-15.175855
1433,234483751951244,48.575598687,576402933,576405554,234483742304749,234483743993152,48.575999211,-7.958092
1434,234483791931216,48.615578659,576911365,576913683,234483778315779,234483777891259,48.609897318,-14.039957
1435,234483844431567,48.668079010,577928229,577929920,234483846314806,234483845687472,48.677693531,1.255905
1436,234483867885947,48.691533390,578436661,578439925,234483878330070,234483879585578,48.711591637,11.699631
1437,234483891611038,48.715258481,578436661,578439925,234483878330070,234483879585578,48.711591637,-12.025460
1438,234483923916670,48.747564113,578945094,578948023,234483914355346,234483913483751,48.745489810,-10.432919
1439,234483976863085,48.800510528,579961958,579964302,234483982349469,234483981279964,48.813286023,4.416879
1440,234483996130664,48.819778107,579961958,579964302,234483982349469,234483981279964,48.813286023,-14.850700
1441,234484022197003,48.845844446,580470390,580472403,234484014400755,234484015178071,48.847184130,-7.018932
1442,234484063485813,48.887133256,580978822,580980519,234484050332217,234484049076178,48.881082237,-14.409635
1443,234484112986071,48.936633514,581995686,581998668,234484118320195,234484116872391,48.948878450,3.886320
1444,234484136942105,48.960589548,582504118,582506796,234484150351895,234484150770497,48.982776556,13.828392
1445,234484162370760,48.986018203,582504118,582506796,234484150351895,234484150770497,48.982776556,-11.600263
1446,234484193143064,49.016790507,583012551,583014936,234484186360930,234484184668670,49.016674729,-8.474394
1447,234484233981353,49.057628796,583520983,583523043,234484218337554,234484218566777,49.050572836,-15.414576
1448,234484256848432,49.080495875,584029415,584031173,234484254329260,234484252464884,49.084470943,-4.383548
1449,234484294282803,49.117930246,584537847,584539309,234484286365157,234484286362990,49.118369049,-7.919813
1450,234484330027690,49.153675133,585046279,585049286,234484318382390,234484320261097,49.152267156,-9.766593
1451,234484377652474,49.201299917,586063143,586065547,234484386402322,234484388057310,49.220063369,10.404836
1452,234484397572533,49.221219976,586063143,586065547,234484386402322,234484388057310,49.220063369,-9.515223
1453,234484432951375,49.256598818,586571575,586573649,234484422398492,234484421955416,49.253961475,-10.995959
1454,234484462453352,49.286100795,587080008,587081798,234484454378967,234484455853589,49.287859648,-6.599763
1455,234484505741375,49.329388818,587588440,587589919,234484490419082,234484489751696,49.321757755,-15.989679
1456,234484528883653,49.352531096,588096872,588099963,234484522398119,234484523649802,49.355655861,-5.233851
1457,234484569558828,49.393206271,588605304,588608075,234484558393176,234484557547909,49.389553968,-12.010919
1458,234484596932241,49.420579684,589113736,589116188,234484590393068,234484591446016,49.423452075,-5.486225
1459,234484637445323,49.461092766,589622168,589624310,234484626421058,234484625344122,49.457350181,-12.101201
1460,234484664839485,49.488486928,590130600,590132438,234484658390143,234484659242229,49.491248288,-5.597256
1461,234484703255875,49.526903318,590639033,590640592,234484694433718,234484693140402,49.525146461,-10.115473
1462,234484737531224,49.561178667,591147465,591150617,234484726430275,234484727038508,49.559044567,-10.492716
1463,234484794233279,49.617880722,592164329,592166845,234484794449851,234484794834722,49.626840781,0.601443
1464,234484814471020,49.638118463,592672761,592674947,234484830390566,234484828732828,49.660738887,14.261808
1465,234484841015205,49.664662648,592672761,592674947,234484830390566,234484828732828,49.660738887,-12.282377
1466,234484868901751,49.692549194,593181193,593183045,234484862447570,234484862630935,49.694636994,-6.270816
1467,234484914275584,49.737923027,594198057,594201145,234484930466789,234484930427148,49.762433207,16.151564
1468,234484937511385,49.761158828,594198057,594201145,234484930466789,234484930427148,49.762433207,-7.084237
1469,234484973064512,49.796711955,594706490,594709288,234484962417478,234484964325321,49.796331380,-8.739191
1470,234485009991461,49.833638904,595214922,595217440,234484998436933,234484998223427,49.830229486,-11.768034
1471,234485053203685,49.876851128,596231786,596233681,234485066413779,234485066019641,49.898025700,12.815956
1472,234485075761662,49.899409105,596231786,596233681,234485066413779,234485066019641,49.898025700,-9.742021
1473,234485106572882,49.930220325,596740218,596741847,234485098435288,234485099917747,49.931923806,-6.655135
1474,234485143263217,49.966910660,597248650,597251834,234485134456261,234485133815854,49.965821913,-9.447363
1475,234485192011920,50.015659363,598265514,598268082,234485202420713,234485201612067,50.033618126,9.600147
1476,234485214980751,50.038628194,598265514,598268082,234485202420713,234485201612067,50.033618126,-13.368684
1477,234485242655105,50.066302548,598773947,598776193,234485234450299,234485235510240,50.067516299,-7.144865
1478,234485277936806,50.101584249,599282379,599284265,234485270457161,234485269408346,50.101414405,-8.528460
1479,234485323857647,50.147505090,600299243,600302421,234485338441202,234485337204560,50.169210619,13.346913
1480,234485346881178,50.170528621,600299243,600302421,234485338441202,234485337204560,50.169210619,-9.676618
1481,234485378709937,50.202357380,600807675,600810526,234485370525332,234485371102666,50.203108725,-7.607271
1482,234485419806404,50.243453847,601316107,601318626,234485406426558,234485405000773,50.237006832,-14.805631
1483,234485463245976,50.286893419,602332972,602334848,234485474432026,234485472797052,50.304803111,9.551076
1484,234485483207281,50.306854724,602332972,602334848,234485474432026,234485472797052,50.304803111,-10.410229
1485,234485513957329,50.337604772,602841404,602842966,234485506496560,234485506695159,50.338701218,-7.262170
1486,234485557386749,50.381034192,603349836,603352970,234485542472004,234485540593266,50.372599325,-16.793483
1487,234485607412645,50.431060088,604366700,604369268,234485606489833,234485608389479,50.440395538,0.976834
1488,234485628287021,50.451934464,604875132,604877394,234485642489277,234485642287585,50.474293644,14.000564
1489,234485652227760,50.475875203,604875132,604877394,234485642489277,234485642287585,50.474293644,-9.940175
1490,234485681207822,50.504855265,605383564,605385491,234485674522431,234485676185692,50.508191751,-5.022130
1491,234485726428947,50.550076390,605891996,605893651,234485710484642,234485710083798,50.542089857,-16.345149
1492,234485749350110,50.572997553,606400429,606403662,234485742486734,234485743981971,50.575988030,-5.368139
1493,234485786269939,50.609917382,606908861,606911760,234485778499401,234485777880078,50.609886137,-8.389861
1494,234485817999665,50.641647108,607417293,607419912,234485810508882,234485811778185,50.643784244,-6.221480
1495,234485865928626,50.689576069,608434157,608436189,234485878474980,234485879574398,50.711580457,13.645772
1496,234485890424493,50.714071936,608434157,608436189,234485878474980,234485879574398,50.711580457,-10.850095
1497,234485922293610,50.745941053,608942589,608944315,234485914530962,234485913472504,50.745478563,-8.821106
1498,234485954239286,50.777886729,609451021,609454332,234485946499706,234485947370611,50.779376670,-6.868675
1499,234486003509708,50.827157151,610467886,610470562,234486014499492,234486015166890,50.847172949,11.657182
1500,234486022647222,50.846294665,610467886,610470562,234486014499492,234486015166890,50.847172949,-7.480332
1501,234486061292983,50.884940426,610976318,610978676,234486050517338,234486049064997,50.881071056,-12.227986
1502,234486091968009,50.915615452,611484750,611486803,234486082489417,234486082963104,50.914969163,-9.004905
1503,234486137558000,50.961205443,612501614,612504924,234486150504647,234486150759317,50.982765376,13.201317
1504,234486160940934,50.984588377,612501614,612504924,234486150504647,234486150759317,50.982765376,-10.181617
1505,234486199146272,51.022793715,613010046,613013055,234486186512061,234486184657423,51.016663482,-14.488849
1506,234486228420640,51.052068083,613518478,613521191,234486218535153,234486218555530,51.050561589,-9.865110
1507,234486278669501,51.102316944,614535343,614537445,234486286495435,234486286351809,51.118357868,7.682308
1508,234486300542403,51.124189846,614535343,614537445,234486286495435,234486286351809,51.118357868,-14.190594
1509,234486327083673,51.150731116,615043775,615045572,234486318507572,234486320249916,51.152255975,-6.833757
1510,234486365217071,51.188864514,615552207,615553672,234486354506540,234486354148023,51.186154082,-11.069048
1511,234486407256653,51.230904096,616569071,616571803,234486422509118,234486421944236,51.253950295,14.687583
1512,234486444703050,51.268350493,617077503,617079947,234486454520018,234486455842342,51.287848401,11.139292
1513,234486479100198,51.302747641,617585935,617588088,234486490560972,234486489740449,51.321746508,10.640251
1514,234486507448864,51.331096307,618094368,618096204,234486522600279,234486523638622,51.355644681,16.189758
1515,234486530253895,51.353901338,618094368,618096204,234486522600279,234486523638622,51.355644681,-6.615273
1516,234486568519761,51.392167204,618602800,618604325,234486558562699,234486557536728,51.389542787,-10.983033
1517,234486612622066,51.436269509,619619664,619622427,234486626516963,234486625332942,51.457339001,12.710876
1518,234486634815338,51.458462781,619619664,619622427,234486626516963,234486625332942,51.457339001,-9.482396
1519,234486666463043,51.490110486,620128096,620130575,234486658571907,234486659231048,51.491237107,-7.231995
1520,234486708972186,51.532619629,620636528,620638666,234486694574050,234486693129155,51.525135214,-15.843031
1521,234486767192021,51.590839464,621653393,621654955,234486762520014,234486760925434,51.592931493,-6.266587
1522,234486788431242,51.612078685,622161825,622164948,234486794542727,234486794823541,51.626829600,6.392299
1523,234486811898371,51.635545814,622670257,622673072,234486830566859,234486828721648,51.660727707,16.823277
1524,234486837779194,51.661426637,622670257,622673072,234486830566859,234486828721648,51.660727707,-9.057546
1525,234486891321415,51.714968858,623687121,623689286,234486894588463,234486896517861,51.728523920,5.196446
1526,234486912657814,51.736305257,623687121,623689286,234486894588463,234486896517861,51.728523920,-16.139953
1527,234486938230516,51.761877959,624195553,624197412,234486930598499,234486930415967,51.762422026,-7.814549
1528,234486969361865,51.793009308,624703985,624705539,234486962614990,234486964314074,51.796320133,-5.047791
1529,234487016506507,51.840153950,625720850,625723693,234487030596697,234487032110353,51.864116412,15.603846
1530,234487037168804,51.860816247,625720850,625723693,234487030596697,234487032110353,51.864116412,-5.058451
1531,234487074517748,51.898165191,626229282,626231813,234487066548626,234487066008460,51.898014519,-8.509288
1532,234487105659771,51.929307214,626737714,626739924,234487098609440,234487099906567,51.931912626,-5.753204
1533,234487149061117,51.972708560,627246146,627248064,234487134578350,234487133804673,51.965810732,-15.256444
1534,234487173367140,51.997014583,627754578,627756123,234487166623834,234487167702780,51.999708839,-5.664360
1535,234487217132425,52.040779868,628263010,628266097,234487202603898,234487201600886,52.033606945,-15.531539
1536,234487241238214,52.064885657,628771442,628774210,234487234601867,234487235498993,52.067505052,-5.739221
1537,234487292183240,52.115830683,629788307,629790385,234487302600909,234487303295272,52.135301331,11.112032
1538,234487315161761,52.138809204,629788307,629790385,234487302600909,234487303295272,52.135301331,-11.866489
1539,234487351720362,52.175367805,630296739,630298530,234487338573488,234487337193379,52.169199438,-14.526983
1540,234487378057559,52.201705002,630805171,630806658,234487370657921,234487371091486,52.203097545,-6.966073
1541,234487425927125,52.249574568,631822035,631824795,234487438603001,234487438887699,52.270893758,12.960574
1542,234487451782764,52.275430207,631822035,631824795,234487438603001,234487438887699,52.270893758,-12.895065
1543,234487487513824,52.311161267,632330467,632332936,234487474585184,234487472785805,52.304791864,-14.728019
1544,234487513452762,52.337100205,632838900,632841065,234487506640316,234487506683978,52.338690037,-6.768784
1545,234487558806357,52.382453800,633855764,633857272,234487574619436,234487574480191,52.406486250,15.673834
1546,234487581432672,52.405080115,633855764,633857272,234487574619436,234487574480191,52.406486250,-6.952481
1547,234487614241296,52.437888739,634364196,634367244,234487606677123,234487608378298,52.440384357,-5.862998
1548,234487652560310,52.476207753,634872628,634875376,234487642610869,234487642276405,52.474282464,-10.283905
1549,234487700541191,52.524188634,635889492,635891610,234487710631813,234487710072618,52.542078677,9.531427
1550,234487721784555,52.545431998,635889492,635891610,234487710631813,234487710072618,52.542078677,-11.711937
1551,234487750313852,52.573961295,636397924,636399743,234487742636777,234487743970724,52.575976783,-6.343128
1552,234487787868546,52.611515989,636906356,636907869,234487778655205,234487777868831,52.609874890,-9.999715
1553,234487834710656,52.658358099,637923221,637926007,234487846621823,234487845665110,52.677671169,10.954454
1554,234487857489056,52.681136499,637923221,637926007,234487846621823,234487845665110,52.677671169,-11.823946
1555,234487896811376,52.720458819,638940085,638942263,234487914686077,234487913461324,52.745467383,16.649948
1556,234487923779818,52.747427261,638940085,638942263,234487914686077,234487913461324,52.745467383,-10.318494
1557,234487968041377,52.791688820,639956949,639958559,234487982681372,234487981257537,52.813263596,13.216160
1558,234487991148206,52.814795649,639956949,639958559,234487982681372,234487981257537,52.813263596,-9.890669
1559,234488022732886,52.846380329,640465381,640468575,234488014705001,234488015155643,52.847161702,-7.577243
1560,234488062303583,52.885951026,640973814,640976664,234488050675700,234488049053816,52.881059875,-13.249767
1561,234488110540835,52.934188278,641990678,641992939,234488118640842,234488116850030,52.948856089,6.309195
1562,234488132795742,52.956443185,641990678,641992939,234488118640842,234488116850030,52.948856089,-15.945712
1563,234488158688230,52.982335673,642499110,642501091,234488150768978,234488150748136,52.982754195,-7.940094
1564,234488190979179,53.014626622,643007542,643009239,234488182823000,234488184646243,53.016652302,-6.332936
1565,234488233823139,53.057470582,643515974,643519260,234488218779920,234488218544349,53.050550408,-15.278790
1566,234488257339840,53.080987283,644024406,644027393,234488250710079,234488252442456,53.084448515,-4.897384
1567,234488300053618,53.123701061,644532838,644535511,234488286773724,234488286340562,53.118346621,-13.713056
1568,234488327444199,53.151091642,645041271,645043609,234488318657319,234488320238735,53.152244794,-7.205464
1569,234488383161174,53.206808617,646058135,646059871,234488386697604,234488388034949,53.220041008,4.873775
1570,234488403099156,53.226746599,646058135,646059871,234488386697604,234488388034949,53.220041008,-15.064207
1571,234488430391393,53.254038836,646566567,646569844,234488422663485,234488421933055,53.253939114,-8.458338
1572,234488461648315,53.285295758,647074999,647077990,234488454777588,234488455831162,53.287837221,-5.817153
1573,234488507771413,53.331418856,648091863,648094249,234488522672305,234488523627375,53.355633434,15.855962
1574,234488530458840,53.354106283,648091863,648094249,234488522672305,234488523627375,53.355633434,-6.831465
1575,234488566782665,53.390430108,648600295,648602346,234488558672398,234488557525481,53.389531540,-9.257184
1576,234488598542641,53.422190084,649108728,649110428,234488590796080,234488591423654,53.423429713,-7.118987
1577,234488652987755,53.476635198,650125592,650128592,234488658696600,234488659219868,53.491225927,6.232113
1578,234488683819502,53.507466945,650634024,650636691,234488694736873,234488693117974,53.525124033,9.298472
1579,234488708600277,53.532247720,650634024,650636691,234488694736873,234488693117974,53.525124033,-15.482303
1580,234488733507522,53.557154965,651142456,651144834,234488726852295,234488727016081,53.559022140,-6.491441
1581,234488786629704,53.610277147,652159320,652161105,234488794759522,234488794812294,53.626818353,8.182590
1582,234488806415639,53.630063082,652159320,652161105,234488794759522,234488794812294,53.626818353,-11.603345
1583,234488834776592,53.658424035,652667753,652669249,234488826872991,234488828710467,53.660716526,-6.066125
1584,234488869246029,53.692893472,653176185,653179263,234488862696553,234488862608574,53.694614633,-6.637455
1585,234488917851082,53.741498525,654193049,654195544,234488930823213,234488930404787,53.762410846,12.553705
1586,234488939322511,53.762969954,654193049,654195544,234488930823213,234488930404787,53.762410846,-8.917724
1587,234488970760362,53.794407805,654701481,654703685,234488962804782,234488964302893,53.796308952,-6.457469
1588,234489006941117,53.830588560,655209913,655211824,234488998841621,234488998201000,53.830207059,-8.740117
1589,234489046844043,53.870491486,655718345,655719939,234489030729987,234489032099106,53.864105165,-14.744937
1590,234489073593137,53.897240580,656226777,656229962,234489066816208,234489065997213,53.898003272,-7.595924
1591,234489107253133,53.930900576,656735210,656738090,234489098874092,234489099895386,53.931901445,-7.357747
1592,234489146341110,53.969988553,657243642,657246207,234489134758724,234489133793492,53.965799551,-12.547618
1593,234489197915788,54.021563231,658260506,658262456,234489202843563,234489201589706,54.033595765,3.673918
1594,234489217783944,54.041431387,658260506,658262456,234489202843563,234489201589706,54.033595765,-16.194238
1595,234489242886964,54.066534407,658768938,658770605,234489234805401,234489235487812,54.067493871,-7.399152
1596,234489279761259,54.103408702,659277370,659280599,234489270861124,234489269385919,54.101391978,-10.375340
1597,234489327861350,54.151508793,660294234,660296821,234489338739588,234489337182132,54.169188191,9.320782
1598,234489349759960,54.173407403,660294234,660296821,234489338739588,234489337182132,54.169188191,-12.577828
1599,234489379233185,54.202880628,660802667,660804923,234489370833588,234489371080305,54.203086364,-8.152880
1600,234489412902419,54.236549862,661311099,661313067,234489406778873,234489404978412,54.236984471,-7.924007
1601,234489449630504,54.273277947,661819531,661821212,234489438794306,234489438876518,54.270882577,-10.753986
1602,234489477434804,54.301082247,662327963,662331234,234489474823450,234489472774625,54.304780684,-4.660179
1603,234489521763263,54.345410706,662836395,662839368,234489506778917,234489506672731,54.338678790,-15.090532
1604,234489550685361,54.374332804,663344827,663347503,234489538819112,234489540570838,54.372576897,-10.114523
1605,234489589522386,54.413169829,663853260,663855627,234489574755303,234489574469011,54.406475070,-15.053375
1606,234489616178036,54.439825479,664361692,664363734,234489606903455,234489608367117,54.440373176,-7.810919
1607,234489653772157,54.477419600,664870124,664871821,234489642902006,234489642265224,54.474271283,-11.506933
1608,234489681797969,54.505445412,665378556,665381809,234489674928312,234489676163331,54.508169390,-5.634638
1609,234489718619254,54.542266697,665886988,665889917,234489710752680,234489710061437,54.542067496,-8.557817
1610,234489752049891,54.575697334,666395420,666398073,234489742759862,234489743959544,54.575965603,-8.090347
1611,234489786558758,54.610206201,666903852,666906238,234489778906866,234489777857650,54.609863709,-8.701108
1612,234489820930153,54.644577596,667412284,667414353,234489810917179,234489811755757,54.643761816,-9.174396
1613,234489858274554,54.681921997,667920716,667922435,234489846770408,234489845653863,54.677659922,-12.620691
1614,234489887660047,54.711307490,668429149,668432416,234489878896548,234489879552036,54.711558095,-8.108011
1615,234489926902086,54.750549529,668937581,668940522,234489914765615,234489913450143,54.745456202,-13.451943
1616,234489955231325,54.778878768,669446013,669448688,234489946898475,234489947348250,54.779354309,-7.883075
1617,234490001089009,54.824736452,670462877,670464917,234490014948057,234490015144463,54.847150522,14.055454
1618,234490021510720,54.845158163,670462877,670464917,234490014948057,234490015144463,54.847150522,-6.366257
1619,234490059172312,54.882819755,670971309,670973089,234490050776294,234490049042569,54.881048628,-10.129743
1620,234490090898252,54.914545695,671479741,671481206,234490082957223,234490082940676,54.914946735,-7.957576
1621,234490134227006,54.957874449,672496606,672499334,234490150847600,234490150736956,54.982743015,16.509950
1622,234490158681535,54.982328978,672496606,672499334,234490150847600,234490150736956,54.982743015,-7.944579
1623,234490193961614,55.017609057,673005038,673007478,234490182992461,234490184635062,55.016641121,-9.326552
1624,234490233548298,55.057195741,673513470,673515568,234490218963457,234490218533169,55.050539228,-15.015129
1625,234490286960345,55.110607788,674530334,674531831,234490286923174,234490286329382,55.118335441,-0.630963
1626,234490308150959,55.131798402,675038766,675041835,234490318832870,234490320227488,55.152233547,12.076529
1627,234490330983816,55.154631259,675038766,675041835,234490318832870,234490320227488,55.152233547,-10.756328
1628,234490361517573,55.185165016,675547198,675549936,234490354857764,234490354125595,55.186131654,-7.391978
1629,234490408255224,55.231902667,676564063,676566144,234490422921359,234490421921874,55.253927933,13.666650
1630,234490431552964,55.255200407,676564063,676566144,234490422921359,234490421921874,55.253927933,-9.631090
1631,234490463686378,55.287333821,677072495,677074282,234490454870015,234490455819981,55.287826040,-7.866397
1632,234490500335293,55.323982736,677580927,677582394,234490490836433,234490489718088,55.321724147,-10.617205
1633,234490546983426,55.370630869,678597791,678600558,234490558833553,234490557514301,55.389520360,10.530875
1634,234490578497586,55.402145029,679106223,679108699,234490590855445,234490591412407,55.423418466,12.914821
1635,234490608111202,55.431758645,679106223,679108699,234490590855445,234490591412407,55.423418466,-16.698795
1636,234490635990135,55.459637578,679614655,679616820,234490626973466,234490625310514,55.457316573,-10.679621
1637,234490682153893,55.505801336,680631520,680633128,234490694944946,234490693106794,55.525112853,10.952901
1638,234490704399281,55.528046724,680631520,680633128,234490694944946,234490693106794,55.525112853,-11.292487
1639,234490735028952,55.558676395,681139952,681143137,234490726886072,234490727004900,55.559010959,-8.024052
1640,234490765902056,55.589549499,681648384,681651262,234490762821371,234490760903007,55.592909066,-4.999049
1641,234490810523513,55.634170956,682156816,682159345,234490794851755,234490794801113,55.626807172,-15.722400
1642,234490833488943,55.657136386,682665248,682667468,234490826928834,234490828699220,55.660705279,-4.789723
1643,234490871226158,55.694873601,683173680,683175604,234490862897317,234490862597326,55.694603385,-8.628832
1644,234490903931137,55.727578580,683682113,683683746,234490894962686,234490896495499,55.728501558,-7.435638
1645,234490958033323,55.781680766,684698977,684701830,234490962904749,234490964291713,55.796297772,6.258390
1646,234490978930788,55.802578231,684698977,684701830,234490962904749,234490964291713,55.796297772,-14.639075
1647,234491006448539,55.830095982,685207409,685209967,234490998868126,234490998189819,55.830195878,-8.258720
1648,234491038504965,55.862152408,685715841,685718105,234491030964845,234491032087926,55.864093985,-6.417039
1649,234491094942361,55.918589804,686732705,686734385,234491098967575,234491099884139,55.931890198,4.941778
1650,234491113965346,55.937612789,686732705,686734385,234491098967575,234491099884139,55.931890198,-14.081207
1651,234491143751520,55.967398963,687241137,687244378,234491135017733,234491133782245,55.965788304,-9.969275
1652,234491173407028,55.997054471,687749570,687752492,234491166880544,234491167680418,55.999686477,-5.726610
1653,234491214087153,56.037734596,688258002,688260663,234491202864054,234491201578525,56.033584584,-12.508628
1654,234491241685672,56.065333115,688766434,688768763,234491235060600,234491235476632,56.067482691,-6.209040
1655,234491281038157,56.104685600,689274866,689276899,234491270997692,234491269374738,56.101380797,-11.663419
1656,234491312892547,56.136539990,689783298,689785019,234491303034675,234491303272845,56.135278904,-9.619702
1657,234491357548705,56.181196148,690800162,690803136,234491370939957,234491371069058,56.203075117,13.520353
1658,234491381504073,56.205151516,690800162,690803136,234491370939957,234491371069058,56.203075117,-10.435015
1659,234491411003237,56.234650680,691308594,691311267,234491406987428,234491404967164,56.236973223,-6.036073
1660,234491452154273,56.275801716,691817027,691819416,234491439005340,234491438865338,56.270871397,-13.288935
1661,234491498519755,56.322167198,692833891,692835648,234491506915676,234491506661551,56.338667610,8.141796
1662,234491517951446,56.341598889,692833891,692835648,234491506915676,234491506661551,56.338667610,-11.289895
1663,234491546749144,56.370396587,693342323,693343774,234491539027483,234491540559657,56.372565716,-6.189487
1664,234491582036685,56.405684128,693850755,693853741,234491574956603,234491574457764,56.406463823,-7.578921
1665,234491633219620,56.456867063,694867620,694869949,234491642945386,234491642254043,56.474260102,9.034423
1666,234491654817023,56.478464466,694867620,694869949,234491642945386,234491642254043,56.474260102,-12.562980
1667,234491683387130,56.507034573,695376052,695378098,234491675043048,234491676152150,56.508158209,-7.234980
1668,234491726296655,56.549944098,695884484,695886212,234491711048971,234491710050257,56.542056316,-16.246398
1669,234491784557851,56.608205294,696901348,696904340,234491779012278,234491777846470,56.609852529,-6.711381
1670,234491805122312,56.628769755,697409780,697412451,234491811049828,234491811744576,56.643750635,6.622264
1671,234491826778023,56.650425466,697409780,697412451,234491811049828,234491811744576,56.643750635,-15.033447
1672,234491853566475,56.677213918,697918212,697920559,234491847030257,234491845642683,56.677648742,-7.923792
1673,234491903267346,56.726914789,698935076,698936787,234491914920117,234491913438896,56.745444955,10.171550
1674,234491928062194,56.751709637,698935076,698936787,234491914920117,234491913438896,56.745444955,-14.623298
1675,234491955966517,56.779613960,699443509,699446823,234491946938801,234491947337069,56.779343128,-8.629448
1676,234491996269949,56.819917392,699951941,699954977,234491983074683,234491981235176,56.813241235,-15.034773
1677,234492041848144,56.865495587,700968805,700971245,234492050944168,234492049031389,56.881037448,7.183245
1678,234492065887672,56.889535115,700968805,700971245,234492050944168,234492049031389,56.881037448,-16.856283
1679,234492090723053,56.914370496,701477237,701479336,234492082936657,234492082929495,56.914935554,-7.793558
1680,234492124649948,56.948297391,701985669,701987447,234492115110018,234492116827602,56.948833661,-7.822346
1681,234492170955830,56.994603273,703002534,703005556,234492182958694,234492184623881,57.016629940,13.668051
1682,234492190585748,57.014233191,703002534,703005556,234492182958694,234492184623881,57.016629940,-5.961867
1683,234492231082626,57.054730069,703510966,703513656,234492219113998,234492218521988,57.050528047,-12.560638
1684,234492257908202,57.081555645,704019398,704021801,234492251093830,234492252420095,57.084426154,-5.488107
1685,234492301954755,57.125602198,704527830,704529922,234492286995815,234492286318201,57.118324260,-15.636554
1686,234492325682200,57.149329643,705036262,705038054,234492319111261,234492320216308,57.152222367,-5.465892
1687,234492363137726,57.186785169,705544694,705546165,234492355015155,234492354114414,57.186120473,-9.023312
1688,234492393870636,57.217518079,706053126,706056180,234492387150133,234492388012521,57.220018580,-5.858115
1689,234492437466281,57.261113724,706561558,706564318,234492422962193,234492421910627,57.253916686,-15.555654
1690,234492461740223,57.285387666,707069991,707072462,234492455092365,234492455808800,57.287814859,-5.931423
1691,234492499561013,57.323208456,707578423,707580595,234492490953910,234492489706907,57.321712966,-9.854106
1692,234492533706358,57.357353801,708086855,708088719,234492523037555,234492523605014,57.355611073,-10.101344
1693,234492591612967,57.415260410,709103719,709106840,234492590980669,234492591401227,57.423407286,-0.211740
1694,234492613396836,57.437044279,709612151,709614963,234492627029832,234492625299333,57.457305392,11.902497
1695,234492634942647,57.458590090,709612151,709614963,234492627029832,234492625299333,57.457305392,-9.643314
1696,234492665928138,57.489575581,710120583,710123079,234492659058527,234492659197440,57.491203499,-6.730698
1697,234492713741108,57.537388551,711137448,711139353,234492727004280,234492726993720,57.558999779,13.252612
1698,234492735698630,57.559346073,711137448,711139353,234492727004280,234492726993720,57.558999779,-8.704910
1699,234492767096724,57.590744167,711645880,711647475,234492759022073,234492760891826,57.592897885,-6.204898
1700,234492804982306,57.628629749,712154312,712157513,234492795059271,234492794789933,57.626795992,-10.192373
1701,234492856972536,57.680619979,713171176,713173719,234492863043161,234492862586146,57.694592205,5.613610
1702,234492881145905,57.704793348,713679608,713681836,234492895052254,234492896484252,57.728490311,15.338347
1703,234492904927171,57.728574614,713679608,713681836,234492895052254,234492896484252,57.728490311,-8.442919
1704,234492944343024,57.767990467,714188040,714189975,234492931040153,234492930382359,57.762388418,-13.960665
1705,234493007162293,57.830809736,715204905,715208076,234492999050138,234492998178639,57.830184698,-8.983654
1706,234493029231774,57.852879217,715713337,715716160,234493031044011,234493032076745,57.864082804,2.844971
1707,234493060015757,57.883663200,716221769,716224293,234493067003639,234493065974852,57.897980911,5.959095
1708,234493082350263,57.905997706,716221769,716224293,234493067003639,234493065974852,57.897980911,-16.375411
1709,234493128144850,57.951792293,717238633,717240462,234493135057753,234493133771065,57.965777124,5.626215
1710,234493150328985,57.973976428,717238633,717240462,234493135057753,234493133771065,57.965777124,-16.557920
1711,234493177057798,58.000705241,717747065,717748605,234493167034880,234493167669171,57.999675230,-9.388627
1712,234493212526020,58.036173463,718255497,718258611,234493203062124,234493201567278,58.033573337,-10.958742
1713,234493258185807,58.081833250,719272362,719274846,234493271058584,234493269363558,58.101369617,11.177751
1714,234493284331231,58.107978674,719272362,719274846,234493271058584,234493269363558,58.101369617,-14.967673
1715,234493314813165,58.138460608,719780794,719782954,234493303040152,234493303261664,58.135267723,-11.551501
1716,234493341751697,58.165399140,720289226,720291074,234493339070649,234493337159771,58.169165830,-4.591926
1717,234493391856571,58.215504014,721306090,721309179,234493403064576,234493404955984,58.236962043,13.099413
1718,234493412232285,58.235879728,721306090,721309179,234493403064576,234493404955984,58.236962043,-7.276301
1719,234493446780825,58.270428268,721814522,721817290,234493439106859,234493438854090,58.270860149,-7.926735
1720,234493483289228,58.306936671,722322954,722325423,234493471049017,234493472752197,58.304758256,-10.537031
1721,234493532671611,58.356319054,723339819,723341624,234493539057001,234493540548477,58.372554536,7.876866
1722,234493554184435,58.377831878,723339819,723341624,234493539057001,234493540548477,58.372554536,-13.635958
1723,234493582694893,58.406342336,723848251,723849728,234493575088536,234493574446583,58.406452642,-8.248310
1724,234493614060712,58.437708155,724356683,724359739,234493607055522,234493608344690,58.440350749,-5.716022
1725,234493656719240,58.480366683,724865115,724867865,234493643081175,234493642242796,58.474248855,-14.476444
1726,234493681882547,58.505529990,725373547,725376019,234493675113325,234493676140903,58.508146962,-5.741644
1727,234493720791858,58.544439301,725881980,725884131,234493711072451,234493710039076,58.542045135,-10.752782
1728,234493750556621,58.574204064,726390412,726392241,234493743102879,234493743937182,58.575943241,-6.619439
1729,234493795025020,58.618672463,727407276,727410376,234493811090266,234493811733396,58.643739455,16.708376
1730,234493817558128,58.641205571,727407276,727410376,234493811090266,234493811733396,58.643739455,-5.824732
1731,234493860230555,58.683877998,727915708,727918496,234493847109428,234493845631502,58.677637561,-14.599053
1732,234493886404299,58.710051742,728424140,728426656,234493879137866,234493879529609,58.711535668,-6.874690
1733,234493942062681,58.765710124,729441004,729442907,234493947096024,234493947325822,58.779331881,5.263141
1734,234493965365623,58.789013066,729949436,729951049,234493983065849,234493981223928,58.813229987,15.858305
1735,234493990833712,58.814481155,729949436,729951049,234493983065849,234493981223928,58.813229987,-9.609784
1736,234494021038492,58.844685935,730457869,730461034,234494015118425,234494015122102,58.847128161,-5.916390
1737,234494058638720,58.882286163,730966301,730969189,234494047104364,234494049020208,58.881026267,-9.618512
1738,234494089579036,58.913226479,731474733,731477309,234494083123593,234494082918315,58.914924374,-6.660721
1739,234494122913867,58.946561310,731983165,731985421,234494115160966,234494116816421,58.948822480,-6.097446
1740,234494159059796,58.982707239,732491597,732493558,234494151098076,234494150714528,58.982720587,-8.345268
1741,234494200545932,59.024193375,733000029,733001688,234494183109080,234494184612634,59.016618693,-15.933298
1742,234494225492041,59.049139484,733508461,733511703,234494219112406,234494218510741,59.050516800,-6.981300
1743,234494258564501,59.082211944,734016894,734019835,234494251106387,234494252408914,59.084414973,-6.155587
1744,234494301238240,59.124885683,734525326,734527949,234494287106740,234494286307021,59.118313080,-14.931219
1745,234494350762886,59.174410329,735542190,735544174,234494355110236,234494354103234,59.186109293,3.340348
1746,234494375655219,59.199302662,736050622,736052306,234494387140903,234494388001340,59.220007399,12.346121
1747,234494400450930,59.224098373,736050622,736052306,234494387140903,234494388001340,59.220007399,-12.449590
1748,234494431814723,59.255462166,736559054,736562296,234494423115334,234494421899447,59.253905506,-9.915276
1749,234494482860235,59.306507678,737575918,737578515,234494491133107,234494489695660,59.321701719,6.835425
1750,234494505249618,59.328897061,737575918,737578515,234494491133107,234494489695660,59.321701719,-15.553958
1751,234494531887766,59.355535209,738084351,738086640,234494523164700,234494523593833,59.355599892,-8.293933
1752,234494567145265,59.390792708,738592783,738594743,234494559178173,234494557491940,59.389497999,-9.653325
1753,234494612381391,59.436028834,739609647,739612879,234494627177783,234494625288153,59.457294212,12.906762
1754,234494634085876,59.457733319,739609647,739612879,234494627177783,234494625288153,59.457294212,-8.797723
1755,234494668466269,59.492113712,740118079,740120985,234494659134767,234494659186259,59.491192318,-9.280010
1756,234494701999394,59.525646837,740626511,740629082,234494691184182,234494693084366,59.525090425,-8.915028
1757,234494751349278,59.574996721,741643375,741645343,234494759158242,234494760880579,59.592886638,9.531301
1758,234494775539640,59.599187083,741643375,741645343,234494759158242,234494760880579,59.592886638,-14.659061
1759,234494804365088,59.628012531,742151808,742153471,234494795150841,234494794778752,59.626784811,-9.586336
1760,234494835966812,59.659614255,742660240,742663485,234494827152947,234494828676859,59.660682918,-7.289953
1761,234494886144302,59.709791745,743677104,743679754,234494895150682,234494896473072,59.728479131,10.328770
1762,234494924986298,59.748633741,744185536,744187869,234494931206959,234494930371178,59.762377237,5.384880
1763,234494958858798,59.782506241,744693968,744696018,234494963155425,234494964269285,59.796275344,5.410487
1764,234494989050404,59.812697847,745202400,745204122,234494999195389,234494998167391,59.830173450,9.116987
1765,234495013366113,59.837013556,745202400,745204122,234494999195389,234494998167391,59.830173450,-15.198722
1766,234495038683287,59.862330730,745710833,745714100,234495031240194,234495032065564,59.864071623,-6.617723
1767,234495092867339,59.916514782,746727697,746730385,234495099221833,234495099861778,59.931867837,6.994439
1768,234495113680114,59.937327557,746727697,746730385,234495099221833,234495099861778,59.931867837,-13.818336
1769,234495143652043,59.967299486,747236129,747238497,234495135169734,234495133759884,59.965765943,-9.892159
1770,234495173635287,59.997282730,747744561,747746628,234495167186800,234495167657991,59.999664050,-5.977296
1771,234495213988989,60.037636432,748252993,748254769,234495203169827,234495201556097,60.033562156,-12.432892
1772,234495241590947,60.065238390,748761425,748762895,234495235184388,234495235454204,60.067460263,-6.136743
1773,234495278910590,60.102558033,749269857,749272871,234495271173303,234495269352310,60.101358369,-9.558280
1774,234495310194435,60.133841878,749778290,749781009,234495303217216,234495303250484,60.135256543,-6.943951
1775,234495356921762,60.180569205,750795154,750797243,234495371204612,234495371046697,60.203052756,14.124935
1776,234495380059712,60.203707155,750795154,750797243,234495371204612,234495371046697,60.203052756,-9.013015
1777,234495411950924,60.235598367,751303586,751305320,234495403197197,234495404944803,60.236950862,-7.006121
1778,234495452412196,60.276059639,751812018,751813470,234495439184462,234495438842910,60.270848969,-13.569286
1779,234495522282612,60.345930055,752828882,752831593,234495507200352,234495506639123,60.338645182,-15.643489
1780,234495544320559,60.367968002,753337314,753339711,234495539198625,234495540537229,60.372543288,-3.783330
1781,234495574692199,60.398339642,753845747,753847820,234495575203106,234495574435403,60.406441462,-0.256796
1782,234495601188622,60.424836065,754354179,754355922,234495607204079,234495608333509,60.440339568,7.144887
1783,234495645580868,60.469228311,754862611,754865936,234495643205553,234495642231616,60.474237675,-3.349252
1784,234495672689309,60.496336752,755371043,755374090,234495675215407,234495676129722,60.508135781,3.440413
1785,234495695823243,60.519470686,755879475,755882222,234495711210531,234495710027829,60.542033888,14.204586
1786,234495717774349,60.541421792,755879475,755882222,234495711210531,234495710027829,60.542033888,-7.746520
1787,234495767788791,60.591436234,756896340,756898482,234495779214555,234495777824108,60.609830167,10.035317
1788,234495794438858,60.618086301,756896340,756898482,234495779214555,234495777824108,60.609830167,-16.614750
1789,234495821454233,60.645101676,757404772,757406599,234495811275229,234495811722215,60.643728274,-9.732018
1790,234495856078459,60.679725902,757913204,757914717,234495847214415,234495845620322,60.677626381,-10.458137
1791,234495905518319,60.729165762,758930068,758932853,234495915230963,234495913416535,60.745422594,7.898216
1792,234495925537796,60.749185239,758930068,758932853,234495915230963,234495913416535,60.745422594,-12.121261
1793,234495954942335,60.778589778,759438500,759440975,234495947233511,234495947314641,60.779320700,-7.627694
1794,234495988157381,60.811804824,759946932,759949105,234495979255248,234495981212748,60.813218807,-6.944633
1795,234496045772008,60.869419451,760963796,760965336,234496047242570,234496049008961,60.881015020,3.236953
1796,234496072713320,60.896360763,761472229,761475346,234496083258286,234496082907134,60.914913193,10.193814
1797,234496095040393,60.918687836,761472229,761475346,234496083258286,234496082907134,60.914913193,-12.133259
1798,234496123356404,60.947003847,761980661,761983471,234496115279508,234496116805241,60.948811300,-6.551163
1799,234496174184600,60.997832043,762997525,762999709,234496183289544,234496184601454,61.016607513,10.416854
1800,234496196091330,61.019738773,762997525,762999709,234496183289544,234496184601454,61.016607513,-11.489876
1801,234496229433092,61.053080535,763505957,763507837,234496219248881,234496218499560,61.050505619,-10.933532
1802,234496263624122,61.087271565,764014389,764015943,234496251261566,234496252397667,61.084403726,-11.226455
1803,234496318264592,61.141912035,765031254,765034104,234496319293463,234496320193946,61.152200005,1.929354
1804,234496342440148,61.166087591,765539686,765542237,234496355268792,234496354092053,61.186098112,11.651905
1805,234496371468141,61.195115584,766048118,766050359,234496387274374,234496387990160,61.219996219,16.522019
1806,234496393771604,61.217419047,766048118,766050359,234496387274374,234496387990160,61.219996219,-5.781444
1807,234496435381113,61.259028556,766556550,766558444,234496423277842,234496421888266,61.253894325,-13.492847
1808,234496461764416,61.285411859,767064982,767066547,234496455294861,234496455786373,61.287792432,-5.978043
1809,234496500383497,61.324030940,767573414,767576596,234496491368749,234496489684479,61.321690538,-10.699018
1810,234496529632481,61.353279924,768081846,768084662,234496523403851,234496523582586,61.355588645,-6.049895
1811,234496583293284,61.406940727,769098711,769100910,234496591306967,234496591378866,61.423384925,8.085582
1812,234496603234351,61.426881794,769098711,769100910,234496591306967,234496591378866,61.423384925,-11.855485
1813,234496631025711,61.454673154,769607143,769609038,234496623467026,234496625276972,61.457283031,-5.748739
1814,234496666933525,61.490580968,770115575,770117164,234496659322200,234496659175079,61.491181138,-7.758446
1815,234496714641051,61.538288494,771132439,771135253,234496727366409,234496726971292,61.558977351,12.330241
1816,234496736442160,61.560089603,771132439,771135253,234496727366409,234496726971292,61.558977351,-9.470868
1817,234496767939435,61.591586878,771640871,771643390,234496759376400,234496760869398,61.592875457,-7.070037
1818,234496803991316,61.627638759,772149303,772151535,234496795414961,234496794767505,61.626773564,-9.223811
1819,234496857611550,61.681258993,773166168,773167743,234496863296113,234496862563785,61.694569844,4.952235
1820,234496878412961,61.702060404,773166168,773167743,234496863296113,234496862563785,61.694569844,-15.849176
1821,234496903031599,61.726679042,773674600,773677747,234496895465991,234496896461891,61.728467950,-6.569708
1822,234496943245006,61.766892449,774183032,774185886,234496931453796,234496930359998,61.762366057,-12.885008
1823,234497006616441,61.830263884,775199896,775202131,234496999369346,234496998156211,61.830162270,-8.460230
1824,234497034517910,61.858165353,775708328,775710228,234497031344929,234497032054317,61.864060376,-2.463593
1825,234497063893402,61.887540845,776216760,776218351,234497067321411,234497065952424,61.897958483,2.059022
1826,234497086186098,61.909833541,776725193,776728332,234497099361093,234497099850597,61.931856656,13.664499
1827,234497129647851,61.953295294,777233625,777236476,234497135330994,234497133748704,61.965754763,4.100853
1828,234497151951111,61.975598554,777742057,777744606,234497167380139,234497167646810,61.999652869,15.695699
1829,234497179126481,62.002773924,777742057,777744606,234497167380139,234497167646810,61.999652869,-11.479671
1830,234497210153791,62.033801234,778250489,778252708,234497203332749,234497201544917,62.033550976,-8.608874
1831,234497252162332,62.075809775,778758921,778760799,234497235407036,234497235443023,62.067449082,-16.719309
1832,234497274017930,62.097665373,779267353,779268918,234497267389811,234497269341130,62.101347189,-4.676800
1833,234497311761427,62.135408870,779775785,779778881,234497303481925,234497303239236,62.135245295,-8.522191
1834,234497342955053,62.166602496,780284217,780287024,234497335500732,234497337137343,62.169143402,-5.817710
1835,234497390976086,62.214623529,781301082,781303287,234497403463901,234497404933623,62.236939682,13.957537
1836,234497411051022,62.234698465,781301082,781303287,234497403463901,234497404933623,62.236939682,-6.117399
1837,234497450697720,62.274345163,781809514,781811402,234497439342996,234497438831729,62.270837788,-11.865991
1838,234497478872389,62.302519832,782317946,782319528,234497471408700,234497472729836,62.304735895,-6.142553
1839,234497523592517,62.347239960,783334810,783337615,234497539400558,234497540526049,62.372532108,16.933532
1840,234497545821639,62.369469082,783334810,783337615,234497539400558,234497540526049,62.372532108,-5.295590
1841,234497582951730,62.406599173,783843242,783845733,234497575349929,234497574424155,62.406430214,-8.527575
1842,234497617990954,62.441638397,784351674,784353878,234497607384349,234497608322262,62.440328321,-9.668692
1843,234497663437470,62.487084913,785368539,785370138,234497675389527,234497676118542,62.508124601,12.681072
1844,234497683998643,62.507646086,785368539,785370138,234497675389527,234497676118542,62.508124601,-7.880101
1845,234497726457115,62.550104558,785876971,785880153,234497711412902,234497710016648,62.542022707,-16.440467
1846,234497754944138,62.578591581,786385403,786388301,234497743425741,234497743914755,62.575920814,-11.029383
1847,234497803999831,62.627647274,787402267,787404546,234497811416289,234497811710968,62.643717027,7.711137
1848,234497823492499,62.647139942,787402267,787404546,234497811416289,234497811710968,62.643717027,-11.781531
1849,234497857497133,62.681144576,787910700,787912665,234497847371346,234497845609141,62.677615200,-11.887992
1850,234497886189011,62.709836454,788419132,788420803,234497879407027,234497879507248,62.711513307,-6.681763
1851,234497929411735,62.753059178,788927564,788930819,234497915361073,234497913405354,62.745411413,-16.006381
1852,234497954825660,62.778473103,789435996,789438950,234497947387773,234497947303461,62.779309520,-7.522199
1853,234497987136820,62.810784263,789944428,789947076,234497979426904,234497981201567,62.813207626,-5.935253
1854,234498023242955,62.846890398,790452860,790455148,234498015446951,234498015099674,62.847105733,-8.143281
1855,234498077047943,62.900695386,791469724,791471448,234498083398164,234498082895887,62.914901946,5.847944
1856,234498096949586,62.920597029,791469724,791471448,234498083398164,234498082895887,62.914901946,-14.053699
1857,234498123028544,62.946675987,791978156,791981480,234498115422851,234498116793993,62.948800052,-6.234551
1858,234498162927282,62.986574725,792486589,792489590,234498151446217,234498150692167,62.982698226,-12.235115
1859,234498212263639,63.035911082,793503453,793505875,234498219472942,234498218488380,63.050494439,6.224741
1860,234498232963720,63.056611163,793503453,793505875,234498219472942,234498218488380,63.050494439,-14.475340
1861,234498259042604,63.082690047,794011885,794013961,234498251484645,234498252386486,63.084392545,-6.656118
1862,234498296707997,63.120355440,794520317,794522105,234498287427912,234498286284593,63.118290652,-10.423404
1863,234498351358675,63.175006118,795537181,795540220,234498355403741,234498354080806,63.186086865,2.722131
1864,234498379205870,63.202853313,796045614,796048337,234498387447851,234498387978979,63.219985038,8.773109
1865,234498402794668,63.226442111,796045614,796048337,234498387447851,234498387978979,63.219985038,-14.815689
1866,234498429975219,63.253622662,796554046,796556428,234498423413762,234498421877086,63.253883145,-8.098133
1867,234498476648340,63.300295783,797570910,797572663,234498491538886,234498489673299,63.321679358,13.024959
1868,234498501166822,63.324814265,797570910,797572663,234498491538886,234498489673299,63.321679358,-11.493523
1869,234498531927301,63.355574744,798079342,798082652,234498523475213,234498523571405,63.355577464,-8.355896
1870,234498564297633,63.387945076,798587774,798590776,234498559413560,234498557469512,63.389475571,-6.828121
1871,234498605650936,63.429298379,799096206,799098945,234498591489900,234498591367618,63.423373677,-14.283318
1872,234498629848573,63.453496016,799604638,799607086,234498623481908,234498625265725,63.457271784,-4.582848
1873,234498668483409,63.492130852,800113071,800115207,234498659482676,234498659163898,63.491169957,-9.319511
1874,234498702528111,63.526175554,800621503,800623299,234498691505764,234498693062005,63.525068064,-9.466106
1875,234498749563292,63.573210735,801638367,801641413,234498759460924,234498760858218,63.592864277,11.294926
1876,234498772027136,63.595674579,801638367,801641413,234498759460924,234498760858218,63.592864277,-11.168918
1877,234498803470580,63.627118023,802146799,802149554,234498795512475,234498794756324,63.626762383,-8.714256
1878,234498838342948,63.661990391,802655231,802657703,234498827481832,234498828654431,63.660660490,-9.688517
1879,234498890836206,63.714483649,803672095,803673965,234498895464250,234498896450644,63.728456703,5.614438
1880,234498913585154,63.737232597,804180528,804182114,234498931506267,234498930348817,63.762354876,16.763663
1881,234498939194272,63.762841715,804180528,804182114,234498931506267,234498930348817,63.762354876,-8.845455
1882,234498971579345,63.795226788,804688960,804692101,234498963472798,234498964246924,63.796252983,-7.332421
1883,234499021809926,63.845457369,805705824,805708325,234499031500805,234499032043137,63.864049196,10.233211
1884,234499043758079,63.867405522,805705824,805708325,234499031500805,234499032043137,63.864049196,-11.714942
1885,234499076318544,63.899965987,806214256,806216445,234499067442945,234499065941243,63.897947302,-10.377301
1886,234499108397591,63.932045034,806722688,806724590,234499099509382,234499099839350,63.931845409,-8.558241
1887,234499151456130,63.975103573,807739553,807742683,234499167492132,234499167635630,63.999641689,16.179500
1888,234499179775327,64.003422770,807739553,807742683,234499167492132,234499167635630,63.999641689,-12.139697
1889,234499208562026,64.032209469,808247985,808250715,234499203522969,234499201533736,64.033539795,-7.028290
1890,234499245760795,64.069408238,808756417,808758841,234499235485879,234499235431843,64.067437902,-10.328952
1891,234499293454117,64.117101560,809773281,809775034,234499303518681,234499303228056,64.135234115,9.773939
1892,234499313461921,64.137109364,809773281,809775034,234499303518681,234499303228056,64.135234115,-10.233865
1893,234499343117417,64.166764860,810281713,810285031,234499335542950,234499337126162,64.169132221,-5.991255
1894,234499379015826,64.202663269,810790145,810793142,234499371535024,234499371024269,64.203030328,-7.991557
1895,234499421159551,64.244806994,811298577,811301279,234499403502539,234499404922375,64.236928434,-16.237176
1896,234499446132205,64.269779648,811807010,811809409,234499439555594,234499438820549,64.270826608,-7.311656
1897,234499479294164,64.302941607,812315442,812317507,234499471527889,234499472718655,64.304724714,-6.575509
1898,234499516594117,64.340241560,812823874,812825601,234499507525696,234499506616762,64.338622821,-9.977355
1899,234499563550678,64.387198121,813840738,813843721,234499575525226,234499574412975,64.406419034,10.862297
1900,234499587287250,64.410934693,813840738,813843721,234499575525226,234499574412975,64.406419034,-12.874275
1901,234499615690396,64.439337839,814349170,814351866,234499607570214,234499608311081,64.440317140,-7.379315
1902,234499658018989,64.481666432,814857602,814859996,234499643564761,234499642209188,64.474215247,-15.809801
1903,234499707219708,64.530867151,815874467,815876296,234499711515370,234499710005468,64.542011527,2.785760
1904,234499729284070,64.552931513,816382899,816384413,234499743528797,234499743903574,64.575909633,14.619504
1905,234499751380830,64.575028273,816382899,816384413,234499743528797,234499743903574,64.575909633,-7.477256
1906,234499786553683,64.610201126,816891331,816894406,234499779579673,234499777801681,64.609807740,-8.752002
1907,234499837775209,64.661422652,817908195,817910648,234499847548128,234499845597894,64.677603953,7.822685
1908,234499859682912,64.683330355,817908195,817910648,234499847548128,234499845597894,64.677603953,-14.085018
1909,234499887213035,64.710860478,818416627,818418772,234499879613380,234499879496000,64.711502059,-7.717035
1910,234499918350284,64.741997727,818925060,818926883,234499911592513,234499913394174,64.745400233,-4.956110
1911,234499960432048,64.784079491,819433492,819435040,234499947544192,234499947292280,64.779298339,-13.139768
1912,234499987447389,64.811094832,819941924,819945014,234499979572788,234499981190387,64.813196446,-6.257002
1913,234500024319353,64.847966796,820450356,820453154,234500015594009,234500015088493,64.847094552,-9.230860
1914,234500058798828,64.882446271,820958788,820961313,234500047560173,234500048986600,64.880992659,-9.812228
1915,234500118444041,64.942091484,821975652,821977597,234500115549034,234500116782813,64.948788872,-1.661228
1916,234500151591443,64.975238886,822484084,822485714,234500151554488,234500150680919,64.982686978,-0.910524
1917,234500183260647,65.006908090,822992516,822995694,234500183550812,234500184579026,65.016585085,1.318379
1918,234500207362110,65.031009553,823500949,823503850,234500219557560,234500218477199,65.050483258,11.115089
1919,234500254593653,65.078241096,824009381,824011971,234500251568705,234500252375306,65.084381365,-2.218347
1920,234500279802313,65.103449756,824517813,824520095,234500287597473,234500286273412,65.118279471,6.471099
1921,234500301328493,65.124975936,824517813,824520095,234500287597473,234500286273412,65.118279471,-15.055081
1922,234500325905559,65.149553002,825026245,825028208,234500319583210,234500320171519,65.152177578,-5.734040
1923,234500363127004,65.186774447,825534677,825536352,234500355610240,234500354069625,65.186075684,-9.057379
1924,234500401373570,65.225021013,826043109,826046346,234500387649564,234500387967732,65.219973791,-13.405838
1925,234500431551435,65.255198878,826551541,826554489,234500423614855,234500421865838,65.253871897,-9.685597
1926,234500464793013,65.288440456,827059974,827062595,234500455635185,234500455764012,65.287770071,-9.029001
1927,234500514447763,65.338095206,828076838,828078786,234500523588840,234500523560225,65.355566284,9.112462
1928,234500533647479,65.357294922,828076838,828078786,234500523588840,234500523560225,65.355566284,-10.087254
1929,234500565639567,65.389287010,828585270,828586956,234500555630868,234500557458331,65.389464390,-8.181236
1930,234500599460004,65.423107447,829093702,829096912,234500591627840,234500591356438,65.423362497,-8.103566
1931,234500641704309,65.465351752,829602134,829605054,234500623618754,234500625254544,65.457260603,-16.449765
1932,234500670566076,65.494213519,830110566,830113184,234500659612073,234500659152651,65.491158710,-11.413425
1933,234500704207969,65.527855412,830618998,830621322,234500691633069,234500693050757,65.525056816,-11.157212
1934,234500740233252,65.563880695,831127431,831129454,234500727602402,234500726948931,65.558954990,-13.284321
1935,234500796954978,65.620602421,832144295,832147582,234500795589767,234500794745144,65.626751203,-2.209834
1936,234500818359617,65.642007060,832652727,832655699,234500827611387,234500828643250,65.660649309,10.283633
1937,234500840095086,65.663742529,832652727,832655699,234500827611387,234500828643250,65.660649309,-11.451836
1938,234500870348956,65.693996399,833161159,833163804,234500863648956,234500862541357,65.694547416,-7.807599
1939,234500919692414,65.743339857,834178023,834180028,234500931617187,234500930337570,65.762343629,10.645156
1940,234500943270649,65.766918092,834178023,834180028,234500931617187,234500930337570,65.762343629,-12.933079
1941,234500972780018,65.796427461,834686455,834688156,234500963655307,234500964235676,65.796241735,-8.544342
1942,234501012170260,65.835817703,835194888,835198142,234500999648252,234500998133850,65.830139909,-14.036410
1943,234501061491068,65.885138511,836211752,836214401,234501067659807,234501065930063,65.897936122,4.438995
1944,234501086309358,65.909956801,836720184,836722532,234501099664683,234501099828169,65.931834228,13.518811
1945,234501111151210,65.934798653,836720184,836722532,234501099664683,234501099828169,65.931834228,-11.323041
1946,234501138045117,65.961692560,837228616,837230648,234501135642475,234501133726276,65.965732335,-4.318841
1947,234501192194866,66.015842309,838245480,838248724,234501199657693,234501201522489,66.033528548,9.327623
1948,234501216487464,66.040134907,838245480,838248724,234501199657693,234501201522489,66.033528548,-14.964975
1949,234501243711900,66.067359343,838753913,838756887,234501235812419,234501235420662,66.067426721,-8.291238
1950,234501275253481,66.098900924,839262345,839265027,234501267763706,234501269318769,66.101324828,-5.934712
1951,234501321045737,66.144693180,840279209,840281249,234501335818601,234501337114982,66.169121041,16.069245
1952,234501342418706,66.166066149,840279209,840281249,234501335818601,234501337114982,66.169121041,-5.303724
1953,234501379479307,66.203126750,840787641,840789369,234501371688204,234501371013088,66.203019147,-8.466219
1954,234501410535426,66.234182869,841296073,841297530,234501403812748,234501404911195,66.236917254,-5.624231
1955,234501451096773,66.274744216,841804505,841807514,234501439681165,234501438809301,66.270815360,-12.287472
1956,234501478679454,66.302326897,842312937,842315596,234501471830051,234501472707408,66.304713467,-5.972046
1957,234501517154408,66.340801851,842821370,842823716,234501507650312,234501506605581,66.338611640,-10.548827
1958,234501546452935,66.370100378,843329802,843331824,234501539822900,234501540503688,66.372509747,-5.949247
1959,234501594858374,66.418505817,844346666,844349961,234501607804653,234501608299901,66.440305960,13.441527
1960,234501615363635,66.439011078,844346666,844349961,234501607804653,234501608299901,66.440305960,-7.063734
1961,234501654697881,66.478345324,844855098,844858112,234501643831455,234501642198007,66.474204066,-12.499874
1962,234501682892122,66.506539565,845363530,845366215,234501675734140,234501676096114,66.508102173,-6.796008
1963,234501721454243,66.545101686,845871962,845874383,234501711692715,234501709994220,66.542000279,-11.460023
1964,234501750789500,66.574436943,846380394,846382527,234501743731234,234501743892327,66.575898386,-6.897173
1965,234501783439008,66.607086451,846888827,846890634,234501779665219,234501777790500,66.609796559,-5.648508
1966,234501822985684,66.646633127,847397259,847398804,234501811719758,234501811688607,66.643694666,-11.297077
1967,234501870520947,66.694168390,848414123,848416936,234501879687165,234501879484820,66.711490879,8.963873
1968,234501893168681,66.716816124,848414123,848416936,234501879687165,234501879484820,66.711490879,-13.683861
1969,234501919216321,66.742863764,848922555,848925051,234501911731936,234501913382926,66.745388985,-5.833395
1970,234501957375656,66.781023099,849430987,849433146,234501947727178,234501947281033,66.779287092,-10.094623
1971,234502004027423,66.827674866,850447852,850449400,234502015692212,234502015077313,66.847083372,11.049890
1972,234502025605065,66.849252508,850447852,850449400,234502015692212,234502015077313,66.847083372,-10.527752
1973,234502057232187,66.880879630,850956284,850959389,234502047826042,234502048975419,66.880981478,-8.256768
1974,234502097138452,66.920785895,851464716,851467537,234502083694414,234502082873526,66.914879585,-14.264926
1975,234502150694894,66.974342337,852481580,852483747,234502151722273,234502150669739,66.982675798,-0.025155
1976,234502175699574,66.999347017,852990012,852991855,234502183735065,234502184567845,67.016573904,8.868271
1977,234502204964564,67.028612007,853498444,853500026,234502219742316,234502218465952,67.050472011,13.501388
1978,234502228833533,67.052480976,853498444,853500026,234502219742316,234502218465952,67.050472011,-10.367581
1979,234502272999188,67.096646631,854515309,854518126,234502287710534,234502286262232,67.118268291,13.263044
1980,234502294149232,67.117796675,854515309,854518126,234502287710534,234502286262232,67.118268291,-7.887000
1981,234502328058164,67.151705607,855023741,855026244,234502319776149,234502320160338,67.152166397,-7.897826
1982,234502364953559,67.188601002,855532173,855534375,234502355710927,234502354058445,67.186064504,-10.895114
1983,234502410700858,67.234348301,856549037,856550673,234502423728143,234502421854658,67.253860717,11.153800
1984,234502436058584,67.259706027,856549037,856550673,234502423728143,234502421854658,67.253860717,-14.203926
1985,234502464367096,67.288014539,857057469,857060660,234502455780856,234502455752764,67.287758823,-8.614332
1986,234502495526939,67.319174382,857565901,857568792,234502487774446,234502489650871,67.321656930,-5.876068
1987,234502548082513,67.371729956,858582766,858585031,234502555754039,234502557447151,67.389453210,9.364638
1988,234502574349347,67.397996790,858582766,858585031,234502555754039,234502557447151,67.389453210,-16.902196
1989,234502600203485,67.423850928,859091198,859093186,234502591762011,234502591345257,67.423351316,-8.858228
1990,234502634079231,67.457726674,859599630,859601295,234502623749613,234502625243364,67.457249423,-8.835867
1991,234502685591353,67.509238796,860616494,860619381,234502691784847,234502693039577,67.525045636,7.448224
1992,234502710503825,67.534151268,861124926,861127544,234502727801642,234502726937683,67.558943742,16.433858
1993,234502740559350,67.564206793,861124926,861127544,234502727801642,234502726937683,67.558943742,-13.621667
1994,234502766429563,67.590077006,861633358,861635679,234502759777051,234502760835790,67.592841849,-5.593773
1995,234502811353656,67.635001099,862141791,862143780,234502795753864,234502794733963,67.626740022,-16.619693
1996,234502834342531,67.657989974,862650223,862651903,234502827798345,234502828632070,67.660638129,-5.710461
1997,234502872740803,67.696388246,863158655,863161884,234502863741012,234502862530176,67.694536235,-10.210627
1998,234502905904440,67.729551883,863667087,863670006,234502895796722,234502896428283,67.728434342,-9.476157
1999,234502949469159,67.773116602,864683951,864686319,234502963783797,234502964224496,67.796230555,14.755337
2000,234502976530769,67.800178212,864683951,864686319,234502963783797,234502964224496,67.796230555,-12.306273
2001,234503009022538,67.832669981,865192383,865194443,234502999778590,234502998122602,67.830128661,-10.899936
2002,234503038755615,67.862403058,865700815,865702514,234503031775596,234503032020709,67.864026768,-6.734906
2003,234503084128171,67.907775614,866717680,866720632,234503099834052,234503099816989,67.931823048,15.688818
2004,234503106516887,67.930164330,866717680,866720632,234503099834052,234503099816989,67.931823048,-6.699898
2005,234503139411717,67.963059160,867226112,867228758,234503131789210,234503133715095,67.965721154,-5.696622
2006,234503175468679,67.999116122,867734544,867736901,234503167781351,234503167613202,67.999619261,-7.855477
2007,234503216586114,68.040233557,868242976,868245024,234503199793795,234503201511308,68.033517367,-15.074806
2008,234503242952851,68.066600294,868751408,868753140,234503235785529,234503235409415,68.067415474,-7.543436
2009,234503275886737,68.099534180,869259840,869263116,234503267829280,234503269307521,68.101313580,-6.579216
2010,234503312591018,68.136238461,869768273,869771241,234503303792407,234503303205695,68.135211754,-9.385323
2011,234503354988956,68.178636399,870785137,870787467,234503371790287,234503371001908,68.203007967,16.012952
2012,234503392167680,68.215815123,871293569,871295614,234503403801921,234503404900014,68.236906073,12.732334
2013,234503419261853,68.242909296,871293569,871295614,234503403801921,234503404900014,68.236906073,-14.361839
2014,234503446108765,68.269756208,871802001,871803748,234503439850386,234503438798121,68.270804180,-7.310644
2015,234503479363968,68.303011411,872310433,872313710,234503471873740,234503472696227,68.304702286,-6.667741
2016,234503520725838,68.344373281,872818865,872821812,234503507814258,234503506594334,68.338600393,-14.131504
2017,234503562577134,68.386224577,873835730,873838031,234503575808142,234503574390614,68.406396673,11.813480
2018,234503592405498,68.416052941,874344162,874346171,234503607867238,234503608288720,68.440294779,15.883222
2019,234503617284928,68.440932371,874344162,874346171,234503607867238,234503608288720,68.440294779,-8.996208
2020,234503657407571,68.481055014,874852594,874854312,234503643814663,234503642186827,68.474192886,-15.220744
2021,234503709466201,68.533113644,875869458,875872505,234503711807064,234503709983040,68.541989099,0.516839
2022,234503731990680,68.555638123,876377890,876380649,234503743893092,234503743881146,68.575887205,11.890466
2023,234503757924127,68.581571570,876377890,876380649,234503743893092,234503743881146,68.575887205,-14.042981
2024,234503782636158,68.606283601,876886322,876888782,234503775858936,234503777779253,68.609785312,-4.856905
2025,234503822350631,68.645998074,877394754,877396875,234503811825504,234503811677359,68.643683418,-10.673272
2026,234503852839705,68.676487148,877903187,877905017,234503843902281,234503845575533,68.677581592,-7.264172
2027,234503895413435,68.719060878,878411619,878413171,234503879863922,234503879473639,68.711479698,-15.939796
2028,234503921982621,68.745630064,878920051,878923147,234503911841694,234503913371746,68.745377805,-8.610875
2029,234503969136085,68.792783528,879936915,879939381,234503979868984,234503981167959,68.813174018,12.031874
2030,234503992919409,68.816566852,879936915,879939381,234503979868984,234503981167959,68.813174018,-11.751450
2031,234504026865044,68.850512487,880445347,880447521,234504015875470,234504015066065,68.847072124,-11.798979
2032,234504054473015,68.878120458,880953780,880955651,234504047875122,234504048964239,68.880970298,-5.508776
2033,234504091476407,68.915123850,881462212,881463777,234504083910230,234504082862345,68.914868404,-8.614062
2034,234504122878875,68.946526318,881970644,881973752,234504115889841,234504116760452,68.948766511,-6.118423
2035,234504160883460,68.984530903,882479076,882481906,234504151893349,234504150658558,68.982664617,-10.224902
2036,234504190785575,69.014433018,882987508,882989993,234504183919102,234504184556665,69.016562724,-6.228910
2037,234504227381151,69.051028594,883495940,883498131,234504220003916,234504218454771,69.050460830,-8.926380
2038,234504259651835,69.083299278,884004372,884006268,234504251904715,234504252352878,69.084358937,-7.298957
2039,234504295698878,69.119346321,884512804,884514400,234504287973650,234504286250984,69.118257043,-9.447894
2040,234504328996350,69.152643793,885021236,885024403,234504320049255,234504320149091,69.152155150,-8.847259
2041,234504373902703,69.197550146,886038101,886040692,234504388058129,234504387945371,69.219951430,14.042668
2042,234504400847244,69.224494687,886038101,886040692,234504388058129,234504387945371,69.219951430,-12.901873
2043,234504427412766,69.251060209,886546533,886548802,234504419957502,234504421843477,69.253849536,-5.569289
2044,234504463160280,69.286807723,887054965,887056905,234504455880412,234504455741584,69.287747643,-7.418696
2045,234504496513055,69.320160498,887563397,887564989,234504487920407,234504489639690,69.321645749,-6.873365
2046,234504531394200,69.355041643,888071829,888074995,234504523914926,234504523537797,69.355543856,-7.856403
2047,234504563988472,69.387635915,888580261,888583109,234504555930532,234504557435903,69.389441962,-6.552569
2048,234504602089438,69.425736881,889088694,889091246,234504591934794,234504591334077,69.423340136,-10.755361
2049,234504645340420,69.468987863,890105558,890107515,234504659886047,234504659130290,69.491136349,13.789870
2050,234504670656423,69.494303866,890105558,890107515,234504659886047,234504659130290,69.491136349,-11.526133
2051,234504700781470,69.524428913,890613990,890615678,234504691945878,234504693028396,69.525034455,-7.753074
2052,234504742255016,69.565902459,891122422,891125655,234504727960119,234504726926503,69.558932562,-15.328513
2053,234504793809717,69.617457160,892139286,892141905,234504795903991,234504794722716,69.626728775,0.912999
2054,234504818452697,69.642100140,892647718,892650019,234504827927319,234504828620822,69.660626881,10.168125
2055,234504841558965,69.665206408,892647718,892650019,234504827927319,234504828620822,69.660626881,-12.938143
2056,234504870762094,69.694409537,893156151,893158147,234504863897240,234504862518996,69.694525055,-8.243098
2057,234504911481967,69.735129410,893664583,893666294,234504895958340,234504896417102,69.728423161,-15.064865
2058,234504938591608,69.762239051,894173015,894176308,234504931971228,234504930315209,69.762321268,-8.276399
2059,234504971843276,69.795490719,894681447,894684415,234504963960432,234504964213315,69.796219374,-7.629961
2060,234505009488241,69.833135684,895189879,895192565,234504999963649,234504998111422,69.830117481,-11.376819
2061,234505054334143,69.877981586,896206743,896208835,234505063954817,234505065907635,69.897913694,11.573492
2062,234505076271403,69.899918846,896206743,896208835,234505063954817,234505065907635,69.897913694,-10.363768
2063,234505109107426,69.932754869,896715175,896716954,234505099969475,234505099805741,69.931811800,-9.301685
2064,234505138833090,69.962480533,897223608,897225078,234505131962119,234505133703915,69.965709974,-5.129175
2065,234505196885374,70.020532817,898240472,898243229,234505199964716,234505201500128,70.033506187,4.614754
2066,234505217123989,70.040771432,898240472,898243229,234505199964716,234505201500128,70.033506187,-15.623861
2067,234505244664733,70.068312176,898748904,898751333,234505235948473,234505235398234,70.067404293,-9.266499
2068,234505274728119,70.098375562,899257336,899259419,234505267956684,234505269296341,70.101302400,-5.431778
2069,234505313839190,70.137486633,899765768,899767548,234505303944002,234505303194447,70.135200506,-10.644743
2070,234505342615533,70.166262976,900274200,900275676,234505335964892,234505337092554,70.169098613,-5.522979
2071,234505385881240,70.209528683,900782633,900785680,234505371996423,234505370990727,70.202996786,-14.890513
2072,234505410841021,70.234488464,901291065,901293834,234505404026074,234505404888834,70.236894893,-5.952187
2073,234505460660702,70.284308145,902307929,902310075,234505471977072,234505472685047,70.304691106,12.024345
2074,234505482978937,70.306626380,902307929,902310075,234505471977072,234505472685047,70.304691106,-10.293890
2075,234505515658334,70.339305777,902816361,902818210,234505507991987,234505506583153,70.338589212,-9.075181
2076,234505551936426,70.375583869,903324793,903326316,234505540015094,234505540481260,70.372487319,-11.455166
2077,234505606397701,70.430045144,904341657,904344456,234505608041136,234505608277473,70.440283532,1.879772
2078,234505633648285,70.457295728,904850090,904852585,234505643998401,234505642175646,70.474181705,8.527361
2079,234505661787989,70.485435432,905358522,905360702,234505676035449,234505676073753,70.508079812,14.285764
2080,234505685895287,70.509542730,905358522,905360702,234505676035449,234505676073753,70.508079812,-9.821534
2081,234505735882761,70.559530204,906375386,906376959,234505743986209,234505743869966,70.575876025,7.987205
2082,234505757251121,70.580898564,906375386,906376959,234505743986209,234505743869966,70.575876025,-13.381155
2083,234505783462295,70.607109738,906883818,906886957,234505776043837,234505777768072,70.609774131,-5.694223
2084,234505819334207,70.642981650,907392250,907395090,234505812031045,234505811666179,70.643672238,-7.668028
2085,234505864204204,70.687851647,908409114,908411283,234505880033460,234505879462392,70.711468451,15.258188
2086,234505889350274,70.712997717,908409114,908411283,234505880033460,234505879462392,70.711468451,-9.887882
2087,234505919477795,70.743125238,908917547,908919414,234505912016799,234505913360565,70.745366624,-6.117230
2088,234505957451944,70.781099387,909425979,909427518,234505947995828,234505947258672,70.779264731,-10.193272
2089,234506005627815,70.829275258,910442843,910445620,234506016077498,234506015054885,70.847060944,9.427070
2090,234506029664175,70.853311618,910442843,910445620,234506016077498,234506015054885,70.847060944,-14.609290
2091,234506057619875,70.881267318,910951275,910953785,234506048020951,234506048952991,70.880959050,-8.666884
2092,234506092084915,70.915732358,911459707,911461902,234506084046639,234506082851098,70.914857157,-9.233817
2093,234506133989687,70.957637130,912476572,912478137,234506151999215,234506150647378,70.982653437,16.657691
2094,234506158766169,70.982413612,912476572,912478137,234506151999215,234506150647378,70.982653437,-8.118791
2095,234506192256874,71.015904317,912985004,912988189,234506184062297,234506184545484,71.016551543,-7.711390
2096,234506229099167,71.052746610,913493436,913496266,234506220048355,234506218443591,71.050449650,-10.655576
2097,234506275812821,71.099460264,914510300,914512513,234506288035556,234506286239804,71.118245863,10.426983
2098,234506295384893,71.119032336,914510300,914512513,234506288035556,234506286239804,71.118245863,-9.145089
2099,234506327616265,71.151263708,915018732,915020627,234506320092261,234506320137910,71.152143969,-7.478355
2100,234506361400355,71.185047798,915527164,915528776,234506352113853,234506354036017,71.186042076,-7.364338
2101,234506412435478,71.236082921,916544029,916546844,234506420056574,234506421832297,71.253838356,9.396819
2102,234506434392832,71.258040275,916544029,916546844,234506420056574,234506421832297,71.253838356,-12.560535
2103,234506463663380,71.287310823,917052461,917054959,234506456026929,234506455730403,71.287736462,-7.932977
2104,234506495354524,71.319001967,917560893,917563096,234506488060514,234506489628510,71.321634569,-5.726014
2105,234506537338203,71.360985646,918069325,918071213,234506524100175,234506523526616,71.355532675,-13.811587
2106,234506562560245,71.386207688,918577757,918579344,234506556085714,234506557424723,71.389430782,-5.135522
2107,234506605944345,71.429591788,919086189,919089362,234506592090774,234506591322829,71.423328888,-14.621516
2108,234506633507590,71.457155033,919594621,919597485,234506624109734,234506625220936,71.457226995,-8.286654
2109,234506687383228,71.511030671,920611486,920613732,234506692076853,234506693017216,71.525023275,5.633988
2110,234506709748573,71.533396016,920611486,920613732,234506692076853,234506693017216,71.525023275,-16.731357
2111,234506735866132,71.559513575,921119918,921121862,234506728061235,234506726915322,71.558921381,-8.950810
2112,234506767407236,71.591054679,921628350,921629977,234506760094512,234506760813429,71.592819488,-6.593807
2113,234506809100156,71.632747599,922136782,922139963,234506796056127,234506794711535,71.626717594,-14.388621
2114,234506834623751,71.658271194,922645214,922648100,234506828085167,234506828609642,71.660615701,-6.014109
2115,234506872326833,71.695974276,923153646,923156239,234506864059876,234506862507748,71.694513807,-9.819085
2116,234506905146475,71.728793918,923662078,923664357,234506896144044,234506896405855,71.728411914,-8.740620
2117,234506944136600,71.767784043,924170511,924172452,234506932093802,234506930304028,71.762310087,-13.832572
2118,234506970559481,71.794206924,924678943,924680570,234506964082876,234506964202135,71.796208194,-6.357346
2119,234507003803437,71.827450880,925187375,925190557,234507000094480,234506998100241,71.830106300,-5.703196
2120,234507045129671,71.868777114,925695807,925698637,234507032066869,234507031998348,71.864004407,-13.131323
2121,234507096815346,71.920462789,926712671,926714933,234507100074598,234507099794561,71.931800620,2.979215
2122,234507117290381,71.940937824,927221103,927223081,234507132160194,234507133692667,71.965698726,16.402286
2123,234507139570851,71.963218294,927221103,927223081,234507132160194,234507133692667,71.965698726,-5.878184
2124,234507177244095,72.000891538,927729535,927731193,234507168080410,234507167590774,71.999596833,-9.653321
2125,234507221724143,72.045371586,928746400,928749285,234507236083781,234507235387054,72.067393113,13.662911
2126,234507242435604,72.066083047,928746400,928749285,234507236083781,234507235387054,72.067393113,-7.048550
2127,234507275529804,72.099177247,929254832,929257392,234507268088637,234507269285160,72.101291219,-6.244644
2128,234507314561573,72.138209016,929763264,929765529,234507304110926,234507303183267,72.135189326,-11.378306
2129,234507365911940,72.189559383,930780128,930781745,234507372154116,234507370979480,72.202985539,5.067540
2130,234507390101197,72.213748640,931288560,931291732,234507404119900,234507404877586,72.236883645,14.776389
2131,234507421005979,72.244653422,931288560,931291732,234507404119900,234507404877586,72.236883645,-16.128393
2132,234507446472061,72.270119504,931796993,931799858,234507440087136,234507438775760,72.270781819,-7.696301
2133,234507500159112,72.323806555,932813857,932816082,234507508095167,234507506571973,72.338578032,6.412861
2134,234507522876106,72.346523549,932813857,932816082,234507508095167,234507506571973,72.338578032,-16.304133
2135,234507548188814,72.371836257,933322289,933324167,234507540123739,234507540470079,72.372476138,-7.718735
2136,234507582704989,72.406352432,933830721,933832325,234507576114013,234507574368186,72.406374245,-8.336803
2137,234507622398084,72.446045527,934339153,934342366,234507608112241,234507608266292,72.440272351,-14.131792
2138,234507646928887,72.470576330,934847585,934850445,234507644100395,234507642164399,72.474170458,-4.764488
2139,234507689683554,72.513330997,935356017,935358580,234507676123751,234507676062505,72.508068564,-13.621049
2140,234507719364454,72.543011897,935864450,935866738,234507708186435,234507709960679,72.541966738,-9.403775
2141,234507767640101,72.591287544,936881314,936883045,234507776162518,234507777756892,72.609762951,10.116791
2142,234507788753291,72.612400734,936881314,936883045,234507776162518,234507777756892,72.609762951,-10.996399
2143,234507825042396,72.648689839,937389746,937393007,234507812135553,234507811654998,72.643661057,-13.387398
2144,234507851039140,72.674686583,937898178,937901135,234507844138487,234507845553105,72.677559164,-5.486035
2145,234507895064652,72.718712095,938406610,938409251,234507880140666,234507879451211,72.711457270,-15.613441
2146,234507918888960,72.742536403,938915042,938917390,234507912141128,234507913349318,72.745355377,-5.539642
2147,234507961260923,72.784908366,939423474,939425494,234507948132982,234507947247424,72.779253483,-14.013499
2148,234507986896423,72.810543866,939931907,939933628,234507980146805,234507981145598,72.813151657,-5.750825
2149,234508029426868,72.853074311,940440339,940443590,234508016160520,234508015043704,72.847049763,-14.383164
2150,234508055386696,72.879034139,940948771,940951710,234508048155009,234508048941811,72.880947870,-6.444885
2151,234508093788516,72.917435959,941457203,941459827,234508084146705,234508082839917,72.914845976,-10.948599
2152,234508129412160,72.953059603,941965635,941967942,234508116199052,234508116738024,72.948744083,-12.674136
2153,234508187870785,73.011518228,942982500,942984162,234508184178629,234508184534304,73.016540363,-3.336481
2154,234508210763053,73.034410496,943490932,943494187,234508220174091,234508218432410,73.050438469,7.669357
2155,234508233003595,73.056651038,943490932,943494187,234508220174091,234508218432410,73.050438469,-14.571185
2156,234508260043363,73.083690806,943999364,944002292,234508252169649,234508252330517,73.084336576,-7.712846
2157,234508305900355,73.129547798,945016228,945018521,234508320169575,234508320126730,73.152132789,14.226375
2158,234508328596385,73.152243828,945016228,945018521,234508320169575,234508320126730,73.152132789,-8.469655
2159,234508360994014,73.184641457,945524660,945526664,234508352184014,234508354024836,73.186030895,-6.969178
2160,234508398393484,73.222040927,946033092,946034773,234508388171052,234508387922943,73.219929002,-10.470541
2161,234508442068080,73.265715523,947049956,947052915,234508456187001,234508455719156,73.287725215,13.651076
2162,234508466696618,73.290344061,947049956,947052915,234508456187001,234508455719156,73.287725215,-10.977462
2163,234508495836568,73.319484011,947558389,947561072,234508488182515,234508489617329,73.321623388,-6.219239
2164,234508532387127,73.356034570,948066821,948069202,234508524181673,234508523515436,73.355521495,-8.871691
2165,234508585804646,73.409452089,949083685,949085480,234508592196837,234508591311649,73.423317708,5.507003
2166,234508605757501,73.429404944,949083685,949085480,234508592196837,234508591311649,73.423317708,-14.445852
2167,234508632080905,73.455728348,949592117,949593607,234508624191009,234508625209755,73.457215814,-6.871150
2168,234508668772996,73.492420439,950100549,950103612,234508660190225,234508659107862,73.491113921,-9.665134
2169,234508711820791,73.535468234,951117414,951119893,234508728210669,234508726904142,73.558910201,15.083351
2170,234508737428470,73.561075913,951117414,951119893,234508728210669,234508726904142,73.558910201,-10.524328
2171,234508769400777,73.593048220,951625846,951628000,234508760216362,234508760802248,73.592808307,-8.598529
2172,234508804143625,73.627791068,952134278,952136137,234508796218858,234508794700355,73.626706414,-9.443270
2173,234508847854095,73.671501538,953151142,953154233,234508864204830,234508862496568,73.694502627,14.642473
2174,234508872740720,73.696388163,953151142,953154233,234508864204830,234508862496568,73.694502627,-10.244152
2175,234508905123405,73.728770848,953659574,953662348,234508896219917,234508896394674,73.728400733,-8.728731
2176,234508935239967,73.758887410,954168006,954170434,234508932197205,234508930292781,73.762298840,-4.947186
2177,234508982888936,73.806536379,955184871,955186642,234508996226026,234508998089061,73.830095120,15.200125
2178,234509002763716,73.826411159,955184871,955186642,234508996226026,234508998089061,73.830095120,-4.674655
2179,234509040761376,73.864408819,955693303,955694780,234509032225838,234509031987167,73.863993226,-8.774209
2180,234509073731234,73.897378677,956201735,956204786,234509064255795,234509065885274,73.897891333,-7.845960
2181,234509119498517,73.943145960,957218599,957221041,234509132261366,234509133681487,73.965687546,14.182970
2182,234509141229023,73.964876466,957218599,957221041,234509132261366,234509133681487,73.965687546,-7.547536
2183,234509178565907,74.002213350,957727031,957729168,234509168270201,234509167579593,73.999585652,-10.986314
2184,234509207136120,74.030783563,958235463,958237330,234509200243308,234509201477700,74.033483759,-5.658420
2185,234509248999351,74.072646794,958743895,958745428,234509236250655,234509235375806,74.067381865,-13.623545
2186,234509274662136,74.098309579,959252328,959255416,234509268266473,234509269273980,74.101280039,-5.388156
2187,234509312275462,74.135922905,959760760,959763531,234509304296043,234509303172086,74.135178145,-9.103376
2188,234509344716421,74.168363864,960269192,960271701,234509336265227,234509337070193,74.169076252,-7.646228
2189,234509394945255,74.218592698,961286056,961288019,234509404278508,234509404866406,74.236872465,9.921151
2190,234509416894895,74.240542338,961286056,961288019,234509404278508,234509404866406,74.236872465,-12.028489
2191,234509451477157,74.275124600,961794488,961796143,234509440301417,234509438764512,74.270770571,-12.712645
2192,234509480028561,74.303676004,962302920,962306170,234509472267145,234509472662619,74.304668678,-7.365942
2193,234509525577476,74.349224919,963319785,963322428,234509540280802,234509540458899,74.372464958,14.881423
2194,234509546631270,74.370278713,963319785,963322428,234509540280802,234509540458899,74.372464958,-6.172371
2195,234509582917180,74.406564623,963828217,963830542,234509576258191,234509574357005,74.406363064,-8.560175
2196,234509616142180,74.439789623,964336649,964338677,234509608269902,234509608255112,74.440261171,-7.887068
2197,234509664026514,74.487673957,965353513,965356802,234509676281886,234509676051325,74.508057384,12.024811
2198,234509687930785,74.511578228,965353513,965356802,234509676281886,234509676051325,74.508057384,-11.879460
2199,234509716108619,74.539756062,965861945,965864920,234509708279275,234509709949431,74.541955490,-6.159188
2200,234509757990319,74.581637762,966370377,966373057,234509744287941,234509743847538,74.575853597,-14.142781
2201,234509810925592,74.634573035,967387242,967389315,234509812281619,234509811643818,74.643649877,0.718226
2202,234509836049543,74.659696986,967895674,967897432,234509844286601,234509845541924,74.677547983,9.492381
2203,234509864478046,74.688125489,968404106,968407420,234509880376109,234509879440031,74.711446090,14.961985
2204,234509887241587,74.710889030,968404106,968407420,234509880376109,234509879440031,74.711446090,-7.801556
2205,234509937688635,74.761336078,969420970,969423675,234509948327712,234509947236244,74.779242303,9.547609
2206,234509963291555,74.786938998,969420970,969423675,234509948327712,234509947236244,74.779242303,-16.055311
2207,234509987937374,74.811584817,969929402,969931780,234509980361797,234509981134350,74.813140409,-6.803024
2208,234510024451392,74.848098835,970437834,970439913,234510016276456,234510015032457,74.847038516,-9.418935
2209,234510071772272,74.895419715,971454699,971458009,234510084411055,234510082828737,74.914834796,11.056465
2210,234510096074082,74.919721525,971454699,971458009,234510084411055,234510082828737,74.914834796,-13.245345
2211,234510123884464,74.947531907,971963131,971966168,234510116308481,234510116726843,74.948732902,-7.157621
2212,234510160034165,74.983681608,972471563,972474217,234510152308984,234510150624950,74.982631009,-9.409215
2213,234510203786394,75.027433837,973488427,973490497,234510220300844,234510218421163,75.050427222,14.634769
2214,234510230168277,75.053815720,973488427,973490497,234510220300844,234510218421163,75.050427222,-11.747114
2215,234510261770249,75.085417692,973996859,973998613,234510252320411,234510252319269,75.084325328,-9.450980
2216,234510291882543,75.115529986,974505292,974508606,234510284379256,234510286217443,75.118223502,-5.665100
2217,234510333732580,75.157380023,975013724,975016731,234510320327843,234510320115549,75.152121608,-13.617031
2218,234510361591012,75.185238455,975522156,975524854,234510352359137,234510354013656,75.186019715,-7.577356
2219,234510400673866,75.224321309,976030588,976032989,234510388356147,234510387911762,75.219917821,-12.762104
2220,234510431748630,75.255396073,976539020,976541133,234510420382036,234510421809869,75.253815928,-9.938761
2221,234510480737130,75.304384573,977555884,977557402,234510488365996,234510489606082,75.321612141,8.868952
2222,234510505387067,75.329034510,977555884,977557402,234510488365996,234510489606082,75.321612141,-15.780985
2223,234510533471634,75.357119077,978064316,978067377,234510524383947,234510523504188,75.355510247,-9.967446
2224,234510563662538,75.387309981,978572749,978575452,234510556349664,234510557402362,75.389408421,-6.260176
2225,234510615087436,75.438734879,979589613,979591706,234510624362478,234510625198575,75.457204634,10.111139
2226,234510634695796,75.458343239,979589613,979591706,234510624362478,234510625198575,75.457204634,-9.497221
2227,234510668401860,75.492049303,980098045,980099830,234510660412905,234510659096681,75.491102740,-9.305179
2228,234510699416854,75.523064297,980606477,980607942,234510692411307,234510692994788,75.525000847,-6.422066
2229,234510739274208,75.562921651,981114909,981117972,234510728348319,234510726892894,75.558898953,-12.381314
2230,234510767312663,75.590960106,981623341,981626106,234510760368776,234510760791001,75.592797060,-6.521662
2231,234510806689284,75.630336727,982131774,982134214,234510796348976,234510794689174,75.626695233,-12.000110
2232,234510835076205,75.658723648,982640206,982642375,234510828419460,234510828587281,75.660593340,-6.488924
2233,234510881353103,75.705000546,983657070,983658636,234510896397103,234510896383494,75.728389553,15.030391
2234,234510903833102,75.727480545,983657070,983658636,234510896397103,234510896383494,75.728389553,-7.449608
2235,234510937817163,75.761464606,984165502,984168627,234510928386370,234510930281600,75.762287659,-7.535563
2236,234510971533229,75.795180672,984673934,984676737,234510964371510,234510964179707,75.796185766,-7.353522
2237,234511022306329,75.845953772,985690798,985693051,234511032393966,234511031975920,75.863981979,9.669591
2238,234511045831860,75.869479303,985690798,985693051,234511032393966,234511031975920,75.863981979,-13.855940
2239,234511073623138,75.897270581,986199231,986201174,234511064379766,234511065874093,75.897880152,-7.749045
2240,234511115590660,75.939238103,986707663,986709319,234511100379147,234511099772200,75.931778259,-15.818460
2241,234511167194329,75.990841772,987724527,987727403,234511168425506,234511167568413,75.999574472,0.374084
2242,234511191320533,76.014967976,988232959,988235555,234511200401053,234511201466519,76.033472578,10.145986
2243,234511214052015,76.037699458,988232959,988235555,234511200401053,234511201466519,76.033472578,-12.585496
2244,234511242916753,76.066564196,988741391,988743646,234511236448205,234511235364626,76.067370685,-7.552127
2245,234511286073739,76.109721182,989249823,989251799,234511268411861,234511269262732,76.101268791,-16.811007
2246,234511310815086,76.134462529,989758255,989759918,234511304385811,234511303160839,76.135166898,-7.654247
2247,234511344102237,76.167749680,990266688,990269948,234511336454497,234511337059012,76.169065071,-7.043225
2248,234511382983647,76.206631090,990775120,990778052,234511372431847,234511370957119,76.202963178,-12.026528
2249,234511429228276,76.252875719,991791984,991794238,234511440398100,234511438753332,76.270759391,9.525056
2250,234511452255622,76.275903065,991791984,991794238,234511440398100,234511438753332,76.270759391,-13.502290
2251,234511481151484,76.304798927,992300416,992302336,234511472505861,234511472651438,76.304657497,-8.500046
2252,234511515284742,76.338932185,992808848,992810463,234511508402968,234511506549545,76.338555604,-8.735197
2253,234511564451860,76.388099303,993825713,993828599,234511572447353,234511574345825,76.406351884,9.893965
2254,234511585217296,76.408864739,993825713,993828599,234511572447353,234511574345825,76.406351884,-10.871471
2255,234511616484867,76.440132310,994334145,994336723,234511608473015,234511608243931,76.440249990,-8.240936
2256,234511649222587,76.472870030,994842577,994844879,234511640566043,234511642142038,76.474148097,-7.080549
2257,234511700150437,76.523797880,995859441,995861157,234511708458049,234511709938251,76.541944310,9.787814
2258,234511724413841,76.548061284,995859441,995861157,234511708458049,234511709938251,76.541944310,-14.475590
2259,234511753114946,76.576762389,996367873,996371146,234511744495036,234511743836357,76.575842416,-9.278589
2260,234511783383278,76.607030721,996876305,996879270,234511776440653,234511777734464,76.609740523,-5.648814
2261,234511825240662,76.648888105,997384737,997387397,234511812490901,234511811632570,76.643638629,-13.608092
2262,234511870688288,76.694335731,998401602,998403658,234511880448022,234511879428850,76.711434909,8.740562
2263,234511900810262,76.724457705,998910034,998911793,234511912461511,234511913326957,76.745333016,12.516695
2264,234511927567959,76.751215402,998910034,998911793,234511912461511,234511913326957,76.745333016,-14.241002
2265,234511956646791,76.780294234,999418466,999419928,234511948479487,234511947225063,76.779231122,-9.421728
2266,234511988540522,76.812187965,999926898,999929939,234511980588100,234511981123170,76.813129229,-7.417352
2267,234512035513298,76.859160741,1000943762,1000946199,234512048509264,234512048919383,76.880925442,13.406085
2268,234512060428112,76.884075555,1000943762,1000946199,234512048509264,234512048919383,76.880925442,-11.508729
2269,234512092305770,76.915953213,1001452194,1001454304,234512084582922,234512082817490,76.914823549,-9.488280
2270,234512124053649,76.947701092,1001960627,1001962439,234512116619254,234512116715663,76.948721722,-7.337986
2271,234512173615802,76.997263245,1002977491,1002980579,234512184510468,234512184511876,77.016517935,10.896074
2272,234512193427267,77.017074710,1002977491,1002980579,234512184510468,234512184511876,77.016517935,-8.915391
2273,234512224533093,77.048180536,1003485923,1003488693,234512216625113,234512218409982,77.050416041,-6.123111
2274,234512259718388,77.083365831,1003994355,1003996812,234512252519033,234512252308089,77.084314148,-7.410299
2275,234512302899754,77.126547197,1004502787,1004504927,234512284484995,234512286206195,77.118212254,-16.693559
2276,234512327479605,77.151127048,1005011219,1005013076,234512320639122,234512320104302,77.152110361,-7.375303
2277,234512363096831,77.186744274,1005519652,1005521184,234512352605175,234512354002475,77.186008534,-9.094356
2278,234512397606095,77.221253538,1006028084,1006031167,234512388556009,234512387900582,77.219906641,-9.705513
2279,234512442348124,77.265995567,1007044948,1007047375,234512456535190,234512455696795,77.287702854,13.348671
2280,234512468207105,77.291854548,1007044948,1007047375,234512456535190,234512455696795,77.287702854,-12.510310
2281,234512497138480,77.320785923,1007553380,1007555512,234512488505759,234512489594901,77.321600960,-7.543579
2282,234512533386114,77.357033557,1008061812,1008063633,234512524529479,234512523493008,77.355499067,-9.893106
2283,234512585046873,77.408694316,1009078676,1009081742,234512592495829,234512591289221,77.423295280,6.242348
2284,234512607112362,77.430759805,1009078676,1009081742,234512592495829,234512591289221,77.423295280,-15.823141
2285,234512633818595,77.457466038,1009587109,1009589875,234512624642589,234512625187394,77.457193453,-8.631201
2286,234512669717789,77.493365232,1010095541,1010097979,234512660613108,234512659085501,77.491091560,-10.632288
2287,234512714141143,77.537788586,1011112405,1011114276,234512728631683,234512726881714,77.558887773,12.740571
2288,234512737837003,77.561484446,1011112405,1011114276,234512728631683,234512726881714,77.558887773,-10.955289
2289,234512770540481,77.594187924,1011620837,1011622401,234512760636154,234512760779820,77.592785879,-9.760661
2290,234512807972484,77.631619927,1012129269,1012132413,234512796589012,234512794677927,77.626683986,-13.294557
2291,234512865416510,77.689063953,1013146134,1013148623,234512860542731,234512862474207,77.694480266,-2.942303
2292,234512886280177,77.709927620,1013654566,1013656741,234512896541554,234512896372313,77.728378372,10.092136
2293,234512909934727,77.733582170,1013654566,1013656741,234512896541554,234512896372313,77.728378372,-13.562414
2294,234512935758527,77.759405970,1014162998,1014164882,234512928709562,234512930270420,77.762276479,-5.488107
2295,234512988958756,77.812606199,1015179862,1015183007,234512996550832,234512998066633,77.830072692,9.107877
2296,234513010409535,77.834056978,1015179862,1015183007,234512996550832,234512998066633,77.830072692,-12.342902
2297,234513041866076,77.865513519,1015688294,1015691159,234513032638432,234513031964739,77.863970798,-9.901337
2298,234513071579033,77.895226476,1016196726,1016199265,234513064652413,234513065862846,77.897868905,-5.716187
2299,234513121364915,77.945012358,1017213591,1017215504,234513132636259,234513133659126,77.965665185,12.294211
2300,234513141251777,77.964899220,1017213591,1017215504,234513132636259,234513133659126,77.965665185,-7.592651
2301,234513177312352,78.000959795,1017722023,1017723640,234513168670883,234513167557232,77.999563291,-9.755120
2302,234513207289015,78.030936458,1018230455,1018233606,234513200717494,234513201455339,78.033461398,-5.833676
2303,234513255215655,78.078863098,1019247319,1019249856,234513268601028,234513269251552,78.101257611,14.035897
2304,234513282882209,78.106529652,1019247319,1019249856,234513268601028,234513269251552,78.101257611,-13.630657
2305,234513315348140,78.138995583,1019755751,1019757966,234513304717646,234513303149658,78.135155717,-12.198482
2306,234513343273652,78.166921095,1020264183,1020266104,234513336717006,234513337047765,78.169053824,-6.225887
2307,234513390197097,78.213844540,1021281048,1021284239,234513404720049,234513404844045,78.236850104,14.646948
2308,234513412304198,78.235951641,1021281048,1021284239,234513404720049,234513404844045,78.236850104,-7.460153
2309,234513451206005,78.274853448,1021789480,1021792387,234513440677617,234513438742151,78.270748210,-12.463854
2310,234513483882831,78.307530274,1022297912,1022300465,234513472692652,234513472640258,78.304646317,-11.242573
2311,234513532847714,78.356495157,1023314776,1023316695,234513540630636,234513540436471,78.372442530,7.588757
2312,234513556020199,78.379667642,1023314776,1023316695,234513540630636,234513540436471,78.372442530,-15.583728
2313,234513580487699,78.404135142,1023823208,1023824820,234513572763734,234513574334577,78.406340636,-6.153122
2314,234513615464554,78.439111997,1024331640,1024334842,234513608626427,234513608232684,78.440238743,-7.231870
2315,234513665072742,78.488720185,1025348505,1025351053,234513676630433,234513676028964,78.508035023,10.956222
2316,234513685274970,78.508922413,1025348505,1025351053,234513676630433,234513676028964,78.508035023,-9.246006
2317,234513716360974,78.540008417,1025856937,1025859187,234513708630183,234513709927070,78.541933129,-6.433904
2318,234513753279473,78.576926916,1026365369,1026367342,234513744739564,234513743825177,78.575831236,-9.454296
2319,234513803740326,78.627387769,1027382233,1027385467,234513812619418,234513811621390,78.643627449,7.881064
2320,234513828442583,78.652090026,1027382233,1027385467,234513812619418,234513811621390,78.643627449,-16.821193
2321,234513852640883,78.676288326,1027890665,1027893608,234513844720859,234513845519496,78.677525555,-7.121387
2322,234513893586303,78.717233746,1028399097,1028401713,234513880686384,234513879417603,78.711423662,-14.168700
2323,234513938282857,78.761930300,1029415962,1029417932,234513948642692,234513947213883,78.779219942,8.931026
2324,234513962059193,78.785706636,1029415962,1029417932,234513948642692,234513947213883,78.779219942,-14.845310
2325,234513988298830,78.811946273,1029924394,1029926032,234513980614055,234513981111989,78.813118048,-7.186841
2326,234514030641266,78.854288709,1030432826,1030436048,234514016660753,234514015010096,78.847016155,-15.631170
2327,234514082862063,78.906509506,1031449690,1031452343,234514084604542,234514082806309,78.914812368,-0.055754
2328,234514104945385,78.928592828,1031958122,1031960464,234514116625135,234514116704415,78.948710474,11.759030
2329,234514128041422,78.951688865,1031958122,1031960464,234514116625135,234514116704415,78.948710474,-11.337007
2330,234514155505420,78.979152863,1032466554,1032468602,234514148702371,234514150602522,78.982608581,-4.902898
2331,234514202286753,79.025934196,1033483419,1033484875,234514216671977,234514218398802,79.050404861,16.112049
2332,234514224562739,79.048210182,1033483419,1033484875,234514216671977,234514218398802,79.050404861,-6.163937
2333,234514260759947,79.084407390,1033991851,1033994861,234514252621972,234514252296908,79.084302967,-8.463039
2334,234514306884961,79.130532404,1035008715,1035011111,234514320625620,234514320093121,79.152099180,13.208160
2335,234514330645258,79.154292701,1035008715,1035011111,234514320625620,234514320093121,79.152099180,-10.552137
2336,234514359624202,79.183271645,1035517147,1035519244,234514352667657,234514353991228,79.185997287,-5.632974
2337,234514396456437,79.220103880,1036025579,1036027340,234514388676720,234514387889334,79.219895393,-8.567103
2338,234514427157730,79.250805173,1036534012,1036535485,234514420693845,234514421787508,79.253793567,-5.370222
2339,234514466982903,79.290630346,1037042444,1037045462,234514456634907,234514455685614,79.287691673,-11.297289
2340,234514496112707,79.319760150,1037550876,1037553572,234514488688206,234514489583721,79.321589780,-6.528986
2341,234514538451915,79.362099358,1038059308,1038061704,234514524629689,234514523481827,79.355487886,-14.970088
2342,234514563440300,79.387087743,1038567740,1038569823,234514556701136,234514557379934,79.389385993,-6.060366
2343,234514606667518,79.430314961,1039076172,1039077910,234514592666559,234514591278040,79.423284099,-15.389478
2344,234514633453618,79.457101061,1039584604,1039587913,234514624697691,234514625176147,79.457182206,-8.277471
2345,234514688723246,79.512370689,1040601469,1040604176,234514692703682,234514692972427,79.524978486,4.249181
2346,234514710030082,79.533677525,1041109901,1041112336,234514728709542,234514726870533,79.558876592,16.840451
2347,234514736288337,79.559935780,1041109901,1041112336,234514728709542,234514726870533,79.558876592,-9.417804
2348,234514771671941,79.595319384,1041618333,1041620487,234514760723126,234514760768640,79.592774699,-10.903301
2349,234514823220390,79.646867833,1042635197,1042636719,234514828737034,234514828564853,79.660570912,5.344463
2350,234514845092525,79.668739968,1042635197,1042636719,234514828737034,234514828564853,79.660570912,-16.527672
2351,234514875165203,79.698812646,1043143629,1043146714,234514860676506,234514862462959,79.694469018,-12.702244
2352,234514905862950,79.729510393,1043652061,1043654837,234514896736212,234514896361066,79.728367125,-9.501884
2353,234514952904473,79.776551916,1044668926,1044671070,234514964721926,234514964157346,79.796163405,11.252873
2354,234514976612806,79.800260249,1044668926,1044671070,234514964721926,234514964157346,79.796163405,-12.455460
2355,234515005339184,79.828986627,1045177358,1045179231,234514996681416,234514998055452,79.830061511,-7.283732
2356,234515045409177,79.869056620,1045685790,1045687362,234515032808920,234515031953559,79.863959618,-13.455618
2357,234515093702421,79.917349864,1046702654,1046705466,234515100695096,234515099749772,79.931755831,6.047351
2358,234515118073741,79.941721184,1047211086,1047213600,234515132685407,234515133647878,79.965653937,15.574137
2359,234515143876696,79.967524139,1047211086,1047213600,234515132685407,234515133647878,79.965653937,-10.228818
2360,234515178063469,80.001710912,1047719518,1047721726,234515168694090,234515167545985,79.999552044,-10.517484
2361,234515231533434,80.055180877,1048736383,1048737969,234515236750896,234515235342265,80.067348324,3.808831
2362,234515256358154,80.080005597,1049244815,1049247932,234515268840256,234515269240371,80.101246430,12.882217
2363,234515280282218,80.103929661,1049244815,1049247932,234515268840256,234515269240371,80.101246430,-11.041847
2364,234515313706228,80.137353671,1049753247,1049756031,234515304812699,234515303138478,80.135144537,-10.567750
2365,234515363184768,80.186832211,1050770111,1050772296,234515372716740,234515370934691,80.202940750,7.749923
2366,234515389614269,80.213261712,1051278543,1051280408,234515404848068,234515404832797,80.236838856,15.218528
2367,234515413121232,80.236768675,1051278543,1051280408,234515404848068,234515404832797,80.236838856,-8.288435
2368,234515443570549,80.267217992,1051786975,1051788544,234515436893836,234515438730904,80.270736963,-4.839645
2369,234515500104015,80.323751458,1052803840,1052806681,234515504844966,234515506527184,80.338533243,6.423169
2370,234515519787799,80.343435242,1052803840,1052806681,234515504844966,234515506527184,80.338533243,-13.260615
2371,234515548803039,80.372450482,1053312272,1053314833,234515540893571,234515540425290,80.372431349,-8.377749
2372,234515579575088,80.403222531,1053820704,1053822958,234515572833117,234515574323397,80.406329456,-5.251691
2373,234515620515348,80.444162791,1054329136,1054331034,234515608742492,234515608221503,80.440227562,-12.293845
2374,234515647293778,80.470941221,1054837568,1054839151,234515640840867,234515642119610,80.474125669,-5.174168
2375,234515689497009,80.513144452,1055346000,1055349202,234515676754392,234515676017716,80.508023775,-13.479293
2376,234515733313901,80.556961344,1056362865,1056365459,234515744781252,234515743813996,80.575820055,10.500095
2377,234515760292098,80.583939541,1056362865,1056365459,234515744781252,234515743813996,80.575820055,-16.478102
2378,234515783665386,80.607312829,1056871297,1056873630,234515776741019,234515777712103,80.609718162,-5.953283
2379,234515822954277,80.646601720,1057379729,1057381756,234515812908094,234515811610209,80.643616268,-11.344068
2380,234515864410630,80.688058073,1058396593,1058399811,234515880874186,234515879406422,80.711412481,14.995792
2381,234515889070880,80.712718323,1058396593,1058399811,234515880874186,234515879406422,80.711412481,-9.664458
2382,234515921217462,80.744864905,1058905025,1058907932,234515912935435,234515913304529,80.745310588,-7.912933
2383,234515960405558,80.784053001,1059413457,1059416046,234515948885569,234515947202636,80.779208695,-13.202922
2384,234516003322595,80.826970038,1060430322,1060432363,234516016796214,234516014998915,80.847004974,11.676320
2385,234516026297510,80.849944953,1060430322,1060432363,234516016796214,234516014998915,80.847004974,-11.298595
2386,234516058444154,80.882091597,1060938754,1060940457,234516048800566,234516048897022,80.880903081,-9.547132
2387,234516090039245,80.913686688,1061447186,1061450427,234516084788165,234516082795128,80.914801187,-7.244117
2388,234516130415341,80.954062784,1061955618,1061958512,234516116805469,234516116693235,80.948699294,-13.722106
2389,234516156879319,80.980526762,1062464050,1062466629,234516148770757,234516150591341,80.982597400,-6.287978
2390,234516196486875,81.020134318,1062972482,1062974762,234516184775525,234516184489448,81.016495507,-11.997427
2391,234516224300645,81.047948088,1063480914,1063482899,234516216772601,234516218387555,81.050393614,-5.913090
2392,234516271276212,81.094923655,1064497779,1064501020,234516284784088,234516286183834,81.118189893,14.907622
2393,234516293657925,81.117305368,1064497779,1064501020,234516284784088,234516286183834,81.118189893,-7.474091
2394,234516327181956,81.150829399,1065006211,1065009193,234516320783915,234516320081941,81.152088000,-7.100015
2395,234516360861784,81.184509227,1065514643,1065517309,234516352779140,234516353980047,81.185986106,-6.881737
2396,234516402974456,81.226621899,1066023075,1066025426,234516388843976,234516387878154,81.219884213,-15.096302
2397,234516429269570,81.252917013,1066531507,1066533552,234516420785604,234516421776260,81.253782319,-7.493310
2398,234516466592252,81.290239695,1067039939,1067041646,234516456838240,234516455674367,81.287680426,-10.917885
2399,234516496947454,81.320594897,1067548372,1067551663,234516488818940,234516489572540,81.321578599,-7.374914
2400,234516544425748,81.368073191,1068565236,1068567866,234516556802359,234516557368753,81.389374812,12.943005
2401,234516574317234,81.397964677,1068565236,1068567866,234516556802359,234516557368753,81.389374812,-16.948481
2402,234516599322300,81.422969743,1069073668,1069075986,234516592826494,234516591266860,81.423272919,-8.055440
2403,234516633569059,81.457216502,1069582100,1069584095,234516624879943,234516625164966,81.457171025,-8.404093
2404,234516682346638,81.505994081,1070598964,1070602248,234516692830158,234516692961180,81.524967239,10.614542
2405,234516705936251,81.529583694,1070598964,1070602248,234516692830158,234516692961180,81.524967239,-12.975071
2406,234516733653143,81.557300586,1071107396,1071110398,234516728846588,234516726859286,81.558865345,-6.793857
2407,234516768622305,81.592269748,1071615829,1071618491,234516760840253,234516760757459,81.592763518,-7.864846
2408,234516810536278,81.634183721,1072124261,1072126637,234516792837539,234516794655566,81.626661625,-15.880712
2409,234516837168222,81.660815665,1072632693,1072634784,234516828874264,234516828553672,81.660559731,-8.614550
2410,234516868034568,81.691682011,1073141125,1073142909,234516860853931,234516862451779,81.694457838,-5.582789
2411,234516912308342,81.735955785,1073649557,1073652877,234516896869005,234516896349885,81.728355944,-15.958457
2412,234516959443446,81.783090889,1074666421,1074669148,234516964869757,234516964146098,81.796152157,4.702652
2413,234516985212025,81.808859468,1075174854,1075177262,234516996867484,234516998044272,81.830050331,12.832247
2414,234517005344418,81.828991861,1075174854,1075177262,234516996867484,234516998044272,81.830050331,-7.300146
2415,234517040640061,81.864287504,1075683286,1075685379,234517032902259,234517031942378,81.863948437,-8.697683
2416,234517090537502,81.914184945,1076700150,1076703473,234517100872237,234517099738591,81.931744650,9.201089
2417,234517117038170,81.940685613,1077208582,1077211601,234517132886219,234517133636698,81.965642757,16.598528
2418,234517139604222,81.963251665,1077208582,1077211601,234517132886219,234517133636698,81.965642757,-5.967524
2419,234517179116431,82.002763874,1077717014,1077719712,234517168831144,234517167534804,81.999540863,-11.581627
2420,234517227135254,82.050782697,1078733878,1078735951,234517236891328,234517235331018,82.067337077,8.195764
2421,234517254715966,82.078363409,1079242311,1079244091,234517268884097,234517269229191,82.101235250,14.513225
2422,234517278813975,82.102461418,1079242311,1079244091,234517268884097,234517269229191,82.101235250,-9.584784
2423,234517317287242,82.140934685,1079750743,1079752220,234517304998471,234517303127297,82.135133356,-14.159945
2424,234517370776137,82.194423580,1080767607,1080770347,234517372886245,234517370923510,82.202929569,0.147373
2425,234517397741238,82.221388681,1081276039,1081278458,234517404913662,234517404821617,82.236827676,7.080379
2426,234517417050329,82.240697772,1081276039,1081278458,234517404913662,234517404821617,82.236827676,-12.228712
2427,234517444610833,82.268258276,1081784471,1081786594,234517436864781,234517438719723,82.270725782,-5.891110
2428,234517493183695,82.316831138,1082801335,1082802857,234517504910178,234517506515937,82.338521996,13.332242
2429,234517517723612,82.341371055,1082801335,1082802857,234517504910178,234517506515937,82.338521996,-11.207675
2430,234517548567290,82.372214733,1083309768,1083312823,234517540980519,234517540414110,82.372420169,-8.153180
2431,234517580597678,82.404245121,1083818200,1083820954,234517572912705,234517574312216,82.406318275,-6.285462
2432,234517621354972,82.445002415,1084326632,1084329039,234517608884478,234517608210323,82.440216382,-13.144649
2433,234517648876586,82.472524029,1084835064,1084837165,234517640870016,234517642108429,82.474114488,-6.768157
2434,234517691427838,82.515075281,1085343496,1085345279,234517677039153,234517676006536,82.508012595,-15.421302
2435,234517716423248,82.540070691,1085851928,1085855233,234517708943330,234517709904642,82.541910701,-6.518606
2436,234517758296612,82.581944055,1086360360,1086363365,234517745000266,234517743802749,82.575808808,-14.493863
2437,234517787242933,82.610890376,1086868793,1086871433,234517776985201,234517777700922,82.609706981,-9.542011
2438,234517821582886,82.645230329,1087377225,1087379556,234517813014067,234517811599029,82.643605088,-9.983857
2439,234517854948296,82.678595739,1087885657,1087887710,234517844913618,234517845497135,82.677503194,-9.451161
2440,234517901652214,82.725299657,1088902521,1088903979,234517912929474,234517913293348,82.745299407,11.641134
2441,234517927559569,82.751207012,1088902521,1088903979,234517912929474,234517913293348,82.745299407,-14.266221
2442,234517958977742,82.782625185,1089410953,1089413959,234517948924345,234517947191455,82.779197514,-11.786287
2443,234517989893779,82.813541222,1089919385,1089922079,234517981056500,234517981089562,82.813095621,-8.804217
2444,234518031817172,82.855464615,1090427817,1090430221,234518016928601,234518014987668,82.846993727,-16.829504
2445,234518060821282,82.884468725,1090936250,1090938314,234518048918710,234518048885841,82.880891900,-11.935441
2446,234518087825493,82.911472936,1091444682,1091446433,234518081082037,234518082783948,82.914790007,-5.041545
2447,234518127758524,82.951405967,1091953114,1091956434,234518116923747,234518116682054,82.948688113,-11.076470
2448,234518184314558,83.007962001,1092969978,1092972674,234518184922684,234518184478267,83.016484326,0.163709
2449,234518208170084,83.031817527,1093478410,1093480793,234518216959906,234518218376374,83.050382433,10.206290
2450,234518231060046,83.054707489,1093478410,1093480793,234518216959906,234518218376374,83.050382433,-12.683672
2451,234518261227326,83.084874769,1093986842,1093988909,234518252977127,234518252274480,83.084280539,-8.952846
2452,234518319544161,83.143191604,1095003707,1095005198,234518320995485,234518320070760,83.152076819,0.526599
2453,234518355848888,83.179496331,1095512139,1095515188,234518352998037,234518353968867,83.185974926,-1.880021
2454,234518383699028,83.207346471,1096020571,1096023324,234518388934248,234518387866973,83.219873032,4.167945
2455,234518408257342,83.231904785,1096529003,1096531436,234518420967125,234518421765080,83.253771139,13.507738
2456,234518452310315,83.275957758,1097037435,1097039547,234518456968002,234518455663186,83.287669245,3.352871
2457,234518483546254,83.307193697,1097545867,1097547682,234518489059853,234518489561293,83.321567352,6.015039
2458,234518505696747,83.329344190,1097545867,1097547682,234518489059853,234518489561293,83.321567352,-16.135454
2459,234518533099764,83.356747207,1098054300,1098055815,234518525109156,234518523459466,83.355465525,-9.640298
2460,234518587669890,83.411317333,1099071164,1099073945,234518593088042,234518591255679,83.423261738,3.585789
2461,234518612663032,83.436310475,1099579596,1099582033,234518625090656,234518625153786,83.457159845,12.490754
2462,234518632251931,83.455899374,1099579596,1099582033,234518625090656,234518625153786,83.457159845,-7.098145
2463,234518669300912,83.492948355,1100088028,1100090194,234518660932730,234518659051892,83.491057951,-10.249020
2464,234518718351905,83.541999348,1101104892,1101106425,234518724988913,234518726848105,83.558854164,8.496200
2465,234518742715064,83.566362507,1101104892,1101106425,234518724988913,234518726848105,83.558854164,-15.866959
2466,234518767997827,83.591645270,1101613324,1101616419,234518761130078,234518760746212,83.592752271,-7.251615
2467,234518802898656,83.626546099,1102121756,1102124529,234518792997774,234518794644319,83.626650378,-8.254337
2468,234518847302086,83.670949529,1103138621,1103140763,234518860974112,234518862440598,83.694446657,15.138512
2469,234518873912145,83.697559588,1103138621,1103140763,234518860974112,234518862440598,83.694446657,-11.471547
2470,234518903898865,83.727546308,1103647053,1103648907,234518897133909,234518896338705,83.728344764,-7.560160
2471,234518936900112,83.760547555,1104155485,1104157040,234518928972453,234518930236811,83.762242870,-6.663301
2472,234518998450272,83.822097715,1105172349,1105175159,234518996976037,234518998033024,83.830039083,-0.417248
2473,234519026054914,83.849702357,1105680781,1105683264,234519033030065,234519031931131,83.863937190,5.876217
2474,234519045127826,83.868775269,1105680781,1105683264,234519033030065,234519031931131,83.863937190,-13.196695
2475,234519073364582,83.897012025,1106189214,1106191405,234519065013429,234519065829304,83.897835363,-7.535278
2476,234519114897054,83.938544497,1106697646,1106699482,234519100977485,234519099727411,83.931733470,-15.169643
2477,234519142129507,83.965776950,1107206078,1107207646,234519132992883,234519133625517,83.965631576,-8.503990
2478,234519177391863,84.001039306,1107714510,1107717639,234519169124143,234519167523624,83.999529683,-9.868239
2479,234519211865379,84.035512822,1108222942,1108225755,234519201150899,234519201421730,84.033427789,-10.443649
2480,234519254777481,84.078424924,1109239806,1109241987,234519269034740,234519269217944,84.101224003,14.440463
2481,234519283320042,84.106967485,1109239806,1109241987,234519269034740,234519269217944,84.101224003,-14.102098
2482,234519307945312,84.131592755,1109748238,1109750072,234519305100710,234519303116050,84.135122109,-4.829262
2483,234519345510973,84.169158416,1110256671,1110258207,234519337029297,234519337014223,84.169020282,-8.496750
2484,234519408979161,84.232626604,1111273535,1111276336,234519405168100,234519404810436,84.236816495,-4.168725
2485,234519434288761,84.257936204,1111781967,1111784432,234519437140779,234519438708543,84.270714602,4.419782
2486,234519453400780,84.277048223,1111781967,1111784432,234519437140779,234519438708543,84.270714602,-14.692237
2487,234519480754565,84.304402008,1112290399,1112292526,234519473132032,234519472606649,84.304612708,-8.147916
2488,234519526601270,84.350248713,1113307263,1113308740,234519541103893,234519540402863,84.372408922,13.801593
2489,234519552525330,84.376172773,1113307263,1113308740,234519541103893,234519540402863,84.372408922,-12.122467
2490,234519579935049,84.403582492,1113815695,1113818707,234519573029288,234519574300969,84.406307028,-5.634080
2491,234519625848340,84.449495783,1114832560,1114834937,234519641054709,234519642097249,84.474103308,16.248909
2492,234519687414218,84.511061661,1115340992,1115343092,234519677090400,234519675995355,84.508001414,-11.418863
2493,234519711005291,84.534652734,1115849424,1115851236,234519709144564,234519709893462,84.541899521,-1.111829
2494,234519732760719,84.556408162,1116357856,1116359355,234519745036957,234519743791568,84.575797627,11.030849
2495,234519756382725,84.580030168,1116357856,1116359355,234519745036957,234519743791568,84.575797627,-12.591157
2496,234519805005008,84.628652451,1117374720,1117377466,234519813034941,234519811587782,84.643593841,6.582774
2497,234519830587641,84.654235084,1117883153,1117885570,234519845052422,234519845485955,84.677492014,14.898314
2498,234519851900721,84.675548164,1117883153,1117885570,234519845052422,234519845485955,84.677492014,-6.414766
2499,234519893825790,84.717473233,1118391585,1118393734,234519881200996,234519879384061,84.711390120,-14.441729
2500,234519943981427,84.767628870,1119408449,1119409994,234519949030361,234519947180274,84.779186333,3.198847
2501,234519972034027,84.795681470,1119916881,1119919978,234519981103733,234519981078381,84.813084440,9.044354
2502,234519992735350,84.816382793,1119916881,1119919978,234519981103733,234519981078381,84.813084440,-11.656969
2503,234520020998319,84.844645762,1120425313,1120428103,234520013203343,234520014976487,84.846982546,-6.021832
2504,234520070400044,84.894047487,1121442177,1121444372,234520081130045,234520082772701,84.914778760,12.372657
2505,234520095510351,84.919157794,1121442177,1121444372,234520081130045,234520082772701,84.914778760,-12.737650
2506,234520124334432,84.947981875,1121950610,1121952501,234520117196080,234520116670874,84.948676933,-7.663558
2507,234520159377269,84.983024712,1122459042,1122460620,234520149123754,234520150568980,84.982575039,-8.808289
2508,234520209378842,85.033026285,1123475906,1123478797,234520217155818,234520218365193,85.050371252,8.986351
2509,234520237068673,85.060716116,1123984338,1123986936,234520253115195,234520252263300,85.084269359,15.194627
2510,234520259900218,85.083547661,1123984338,1123986936,234520253115195,234520252263300,85.084269359,-7.636918
2511,234520297879275,85.121526718,1124492770,1124495009,234520285093043,234520286161406,85.118167465,-11.717869
2512,234520354785912,85.178433355,1125509634,1125511262,234520353098827,234520353957620,85.185963679,-0.828292
2513,234520409846698,85.233494141,1126526499,1126529377,234520421118534,234520421753899,85.253759958,11.907201
2514,234520432107535,85.255754978,1126526499,1126529377,234520421118534,234520421753899,85.253759958,-10.353636
2515,234520461040607,85.284688050,1127034931,1127037491,234520457163313,234520455652006,85.287658065,-5.388601
2516,234520482879216,85.306526659,1127543363,1127545620,234520489216564,234520489550112,85.321556171,6.670896
2517,234520517949205,85.341596648,1128051795,1128053728,234520525108511,234520523448219,85.355454278,5.499014
2518,234520540961647,85.364609090,1128560227,1128561884,234520557134213,234520557346326,85.389352385,16.384679
2519,234520573847865,85.397495308,1128560227,1128561884,234520557134213,234520557346326,85.389352385,-16.501539
2520,234520600085844,85.423733287,1129068660,1129071861,234520593153702,234520591244499,85.423250558,-8.841345
2521,234520639034233,85.462681676,1129577092,1129580013,234520625128285,234520625142605,85.457148664,-13.891628
2522,234520667893901,85.491541344,1130085524,1130088089,234520657197988,234520659040712,85.491046771,-8.853189
2523,234520701033420,85.524680863,1130593956,1130596242,234520693177183,234520692938818,85.524944877,-8.094602
2524,234520734901005,85.558548448,1131102388,1131104395,234520725215032,234520726836925,85.558842984,-8.064080
2525,234520782592275,85.606239718,1132119252,1132122513,234520793151503,234520794633138,85.626639197,12.040863
2526,234520808141323,85.631788766,1132119252,1132122513,234520793151503,234520794633138,85.626639197,-13.508185
2527,234520836830473,85.660477916,1132627684,1132630614,234520829188232,234520828531245,85.660537304,-8.299228
2528,234520871283441,85.694930884,1133136116,1133138725,234520861181138,234520862429351,85.694435410,-8.854090
2529,234520918373655,85.742021098,1134152981,1134154961,234520929195548,234520930225631,85.762231690,11.851976
2530,234520941009815,85.764657258,1134152981,1134154961,234520929195548,234520930225631,85.762231690,-10.784184
2531,234520976782440,85.800429883,1134661413,1134663084,234520965248656,234520964123737,85.796129796,-12.658703
2532,234521005922239,85.829569682,1135169845,1135173108,234520997214372,234520998021844,85.830027903,-7.900395
2533,234521050487381,85.874134824,1136186709,1136189331,234521065229354,234521065818057,85.897824116,15.330676
2534,234521074098014,85.897745457,1136186709,1136189331,234521065229354,234521065818057,85.897824116,-8.279957
2535,234521111538042,85.935185485,1136695141,1136697461,234521101209549,234521099716164,85.931722223,-11.821878
2536,234521140351523,85.963998966,1137203574,1137205593,234521133157918,234521133614337,85.965620396,-6.737186
2537,234521199451117,86.023098560,1138220438,1138223756,234521201151659,234521201410550,86.033416609,1.959433
2538,234521219694122,86.043341565,1138728870,1138731864,234521237162656,234521235308656,86.067314715,15.614534
2539,234521244686195,86.068333638,1138728870,1138731864,234521237162656,234521235308656,86.067314715,-9.377539
2540,234521276277078,86.099924521,1139237302,1139239987,234521269155435,234521269206763,86.101212822,-7.070315
2541,234521326236115,86.149883558,1140254166,1140256221,234521337171233,234521337002976,86.169009035,10.766861
2542,234521345889661,86.169537104,1140254166,1140256221,234521337171233,234521337002976,86.169009035,-8.886685
2543,234521376802616,86.200450059,1140762598,1140764352,234521369175146,234521370901083,86.202907142,-5.901533
2544,234521411939550,86.235586993,1141271031,1141274352,234521405287553,234521404799256,86.236805315,-7.140294
2545,234521463338703,86.286986146,1142287895,1142290624,234521473183060,234521472595469,86.304601528,9.256766
2546,234521488577408,86.312224851,1142287895,1142290624,234521473183060,234521472595469,86.304601528,-15.981939
2547,234521515297610,86.338945053,1142796327,1142798753,234521505176082,234521506493575,86.338499634,-8.804035
2548,234521551823869,86.375471312,1143304759,1143306839,234521541211491,234521540391682,86.372397741,-11.432187
2549,234521603502454,86.427149897,1144321623,1144323111,234521609310307,234521608187895,86.440193954,4.685441
2550,234521625751276,86.449398719,1144830055,1144833113,234521641184724,234521642086002,86.474092061,16.334726
2551,234521649934936,86.473582379,1144830055,1144833113,234521641184724,234521642086002,86.474092061,-7.848934
2552,234521685318227,86.508965670,1145338488,1145341258,234521677230900,234521675984175,86.507990234,-9.334052
2553,234521730412285,86.554059728,1146355352,1146357504,234521745177285,234521743780388,86.575786447,13.368103
2554,234521752208079,86.575855522,1146355352,1146357504,234521745177285,234521743780388,86.575786447,-8.427691
2555,234521785775235,86.609422678,1146863784,1146865651,234521777284799,234521777678494,86.609684553,-8.096741
2556,234521827443738,86.651091181,1147372216,1147373833,234521813197873,234521811576601,86.643582660,-15.867137
2557,234521878837273,86.702484716,1148389080,1148391978,234521881305252,234521879372814,86.711378873,0.535541
2558,234521904818307,86.728465750,1148897513,1148900093,234521913211571,234521913270987,86.745277046,8.452680
2559,234521927426133,86.751073576,1148897513,1148900093,234521913211571,234521913270987,86.745277046,-14.155146
2560,234521952190733,86.775838176,1149405945,1149408209,234521945368130,234521947169094,86.779175153,-5.021639
2561,234522010472660,86.834120103,1150422809,1150424475,234522013322834,234522014965307,86.846971366,4.492647
2562,234522030054962,86.853702405,1150422809,1150424475,234522013322834,234522014965307,86.846971366,-15.089655
2563,234522057348545,86.880995988,1150931241,1150934468,234522049211226,234522048863413,86.880869472,-8.485132
2564,234522088011575,86.911659018,1151439673,1151442576,234522081266348,234522082761520,86.914767579,-5.250055
2565,234522131018949,86.954666392,1151948105,1151950712,234522117201389,234522116659627,86.948665686,-14.359322
2566,234522156247359,86.979894802,1152456537,1152458825,234522149304757,234522150557733,86.982563792,-5.689626
2567,234522193989581,87.017637024,1152964970,1152966963,234522185286482,234522184455906,87.016461965,-9.533675
2568,234522226976790,87.050624233,1153473402,1153475100,234522217337494,234522218354013,87.050360072,-8.622777
2569,234522279582441,87.103229884,1154490266,1154493250,234522285277866,234522286150226,87.118156285,6.567785
2570,234522299655538,87.123302981,1154490266,1154493250,234522285277866,234522286150226,87.118156285,-13.505312
2571,234522330711779,87.154359222,1154998698,1155001336,234522321307870,234522320048332,87.152054391,-10.663447
2572,234522363140255,87.186787698,1155507130,1155509469,234522353298916,234522353946439,87.185952498,-9.193816
2573,234522413940992,87.237588435,1156523994,1156525729,234522421244873,234522421742652,87.253748711,7.801660
2574,234522435478321,87.259125764,1156523994,1156525729,234522421244873,234522421742652,87.253748711,-13.735669
2575,234522465583243,87.289230686,1157032427,1157033879,234522457236442,234522455640825,87.287646884,-9.942418
2576,234522499886862,87.323534305,1157540859,1157543899,234522489373962,234522489538932,87.321544991,-10.347930
2577,234522548085774,87.371733217,1158557723,1158560137,234522557258342,234522557335145,87.389341204,9.249371
2578,234522573453730,87.397101173,1158557723,1158560137,234522557258342,234522557335145,87.389341204,-16.118585
2579,234522596946250,87.420593693,1159066155,1159068316,234522589330210,234522591233252,87.423239311,-5.712998
2580,234522637790847,87.461438290,1159574587,1159576429,234522625366948,234522625131358,87.457137417,-12.659489
2581,234522693893171,87.517540614,1160591452,1160594544,234522693354914,234522692927638,87.524933697,-0.965533
2582,234522715153902,87.538801345,1161099884,1161102650,234522725292535,234522726825744,87.558831803,11.671842
2583,234522736895982,87.560543425,1161099884,1161102650,234522725292535,234522726825744,87.558831803,-10.070238
2584,234522768162130,87.591809573,1161608316,1161610780,234522761335142,234522760723851,87.592729910,-7.438279
2585,234522815179906,87.638827349,1162625180,1162627074,234522829392372,234522828520064,87.660526123,13.340158
2586,234522836103383,87.659750826,1162625180,1162627074,234522829392372,234522828520064,87.660526123,-7.583319
2587,234522872451083,87.696098526,1163133612,1163135173,234522861396867,234522862418170,87.694424229,-10.032913
2588,234522907632943,87.731280386,1163642044,1163645217,234522897387409,234522896316277,87.728322336,-11.316666
2589,234522960900811,87.784548254,1164658909,1164661474,234522965390495,234522964112557,87.796118616,3.211746
2590,234522992476358,87.816123801,1165167341,1165169596,234522997325575,234522998010663,87.830016722,5.534305
2591,234523018569619,87.842217062,1165675773,1165677675,234523033280481,234523031908770,87.863914829,13.339151
2592,234523040024626,87.863672069,1165675773,1165677675,234523033280481,234523031908770,87.863914829,-8.115856
2593,234523097096070,87.920743513,1166692637,1166695811,234523101414324,234523099704983,87.931711042,2.608913
2594,234523120828260,87.944475703,1167201069,1167203939,234523133360876,234523133603090,87.965609149,12.774830
2595,234523149446385,87.973093828,1167201069,1167203939,234523133360876,234523133603090,87.965609149,-15.843295
2596,234523175975773,87.999623216,1167709501,1167712069,234523169299190,234523167501196,87.999507255,-8.474577
2597,234523221264037,88.044911480,1168726366,1168728294,234523233399222,234523235297476,88.067303535,14.033439
2598,234523244122718,88.067770161,1168726366,1168728294,234523233399222,234523235297476,88.067303535,-8.825242
2599,234523277339509,88.100986952,1169234798,1169236418,234523269309274,234523269195582,88.101201641,-8.143927
2600,234523313784216,88.137431659,1169743230,1169746416,234523301387853,234523303093689,88.135099748,-10.690527
2601,234523363968068,88.187615511,1170760094,1170762615,234523369414106,234523370889902,88.202895961,6.921834
2602,234523388455399,88.212102842,1171268526,1171270751,234523405310326,234523404788009,88.236794068,16.332610
2603,234523413104151,88.236751594,1171268526,1171270751,234523405310326,234523404788009,88.236794068,-8.316142
2604,234523443633910,88.267281353,1171776958,1171778884,234523437425192,234523438686115,88.270692174,-4.947795
2605,234523489787465,88.313434908,1172793823,1172797025,234523505452355,234523506482395,88.338488454,16.694930
2606,234523513661878,88.337309321,1172793823,1172797025,234523505452355,234523506482395,88.338488454,-7.179483
2607,234523555046593,88.378694036,1173302255,1173305160,234523541371833,234523540380501,88.372386560,-14.666092
2608,234523579881037,88.403528480,1173810687,1173813303,234523573333487,234523574278608,88.406284667,-5.602429
2609,234523624302858,88.447950301,1174319119,1174321424,234523609413586,234523608176714,88.440182773,-16.126144
2610,234523649271386,88.472918829,1174827551,1174829563,234523641456967,234523642074821,88.474080880,-7.196565
2611,234523685977639,88.509625082,1175335983,1175337661,234523677397033,234523675972928,88.507978987,-10.004711
2612,234523719690961,88.543338404,1175844415,1175847663,234523709537062,234523709871034,88.541877093,-9.819927
2613,234523767114347,88.590761790,1176861280,1176863959,234523777355696,234523777667314,88.609673373,10.552967
2614,234523789151046,88.612798489,1176861280,1176863959,234523777355696,234523777667314,88.609673373,-11.483732
2615,234523822353331,88.646000774,1177369712,1177372092,234523813434206,234523811565420,88.643571479,-10.787911
2616,234523855303443,88.678950886,1177878144,1177880208,234523845474017,234523845463527,88.677469586,-9.839916
2617,234523901018577,88.724666020,1178895008,1178896466,234523913472518,234523913259740,88.745265799,12.241163
2618,234523923851974,88.747499417,1178895008,1178896466,234523913472518,234523913259740,88.745265799,-10.592234
2619,234523953493123,88.777140566,1179403440,1179406471,234523945523327,234523947157847,88.779163906,-6.335276
2620,234523995169775,88.818817218,1179911873,1179914621,234523981492647,234523981056020,88.813062079,-14.113755
2621,234524042554889,88.866202332,1180928737,1180930858,234524049425184,234524048852233,88.880858292,6.297344
2622,234524069805223,88.893452666,1181437169,1181439002,234524081385248,234524082750339,88.914756398,12.945116
2623,234524095046143,88.918693586,1181437169,1181439002,234524081385248,234524082750339,88.914756398,-12.295804
2624,234524125821930,88.949469373,1181945601,1181947112,234524117411728,234524116648446,88.948654505,-9.173484
2625,234524179352992,89.003000435,1182962465,1182965245,234524185368637,234524184444659,89.016450718,5.091667
2626,234524201091617,89.024739060,1182962465,1182965245,234524185368637,234524184444659,89.016450718,-16.646958
2627,234524225230952,89.048878395,1183470897,1183473364,234524217485615,234524218342766,89.050348825,-6.888186
2628,234524260878736,89.084526179,1183979330,1183981516,234524253378630,234524252240939,89.084246998,-8.637797
2629,234524307581919,89.131229362,1184996194,1184997783,234524321416966,234524320037152,89.152043211,12.455233
2630,234524329072194,89.152719637,1184996194,1184997783,234524321416966,234524320037152,89.152043211,-9.035042
2631,234524361400032,89.185047475,1185504626,1185507794,234524353409649,234524353935258,89.185941317,-7.464774
2632,234524399410090,89.223057533,1186013058,1186015936,234524389429920,234524387833365,89.219839424,-11.576725
2633,234524445574104,89.269221547,1187029922,1187032185,234524457384518,234524455629578,89.287635637,10.055474
2634,234524468426850,89.292074293,1187029922,1187032185,234524457384518,234524455629578,89.287635637,-12.797272
2635,234524497635700,89.321283143,1187538354,1187540295,234524489392880,234524489527685,89.321533744,-8.108015
2636,234524529152165,89.352799608,1188046787,1188048417,234524521454059,234524523425858,89.355431917,-5.726307
2637,234524584253736,89.407901179,1189063651,1189066535,234524589409605,234524591222071,89.423228130,6.968335
2638,234524606559003,89.430206446,1189063651,1189066535,234524589409605,234524591222071,89.423228130,-15.336932
2639,234524632962277,89.456609720,1189572083,1189574650,234524625451985,234524625120177,89.457126236,-7.842100
2640,234524664181381,89.487828824,1190080515,1190082814,234524657448840,234524659018284,89.491024343,-5.163097
2641,234524708593724,89.532241167,1190588947,1190590941,234524693419609,234524692916391,89.524922450,-15.677333
2642,234524732043012,89.555690455,1191097380,1191099033,234524725446354,234524726814564,89.558820623,-5.228448
2643,234524769863161,89.593510604,1191605812,1191609024,234524761467865,234524760712670,89.592718729,-9.150491
2644,234524800707209,89.624354652,1192114244,1192117126,234524793435577,234524794610777,89.626616836,-6.096432
2645,234524851918222,89.675565665,1193131108,1193133382,234524861422640,234524862406990,89.694413049,10.488768
2646,234524875798481,89.699445924,1193131108,1193133382,234524861422640,234524862406990,89.694413049,-13.391491
2647,234524905614454,89.729261897,1193639540,1193641504,234524897456396,234524896305096,89.728311155,-9.309358
2648,234524938104449,89.761751892,1194147972,1194149642,234524929495828,234524930203203,89.762209262,-7.901246
2649,234524990885433,89.814532876,1195164836,1195167790,234524997458450,234524997999416,89.830005475,7.113983
2650,234525013504532,89.837151975,1195164836,1195167790,234524997458450,234524997999416,89.830005475,-15.505116
2651,234525042901890,89.866549333,1195673269,1195675941,234525033492007,234525031897589,89.863903648,-11.004301
2652,234525072121282,89.895768725,1196181701,1196184033,234525065487618,234525065795696,89.897801755,-6.325586
2653,234525114548342,89.938195785,1196690133,1196692137,234525101433662,234525099693802,89.931699861,-14.854540
2654,234525140236044,89.963883487,1197198565,1197200266,234525133482913,234525133591909,89.965597968,-6.644135
2655,234525173176715,89.996824158,1197706997,1197710289,234525169466798,234525167490016,89.999496075,-5.686699
2656,234525214136067,90.037783510,1198215429,1198218425,234525201458381,234525201388122,90.033394181,-12.747945
2657,234525258458307,90.082105750,1199232294,1199234637,234525269508834,234525269184402,90.101190461,10.726095
2658,234525281182849,90.104830292,1199232294,1199234637,234525269508834,234525269184402,90.101190461,-11.998447
2659,234525309337709,90.132985152,1199740726,1199742783,234525301526729,234525303082508,90.135088567,-6.255201
2660,234525343916753,90.167564196,1200249158,1200250897,234525337505010,234525336980615,90.168986674,-6.936138
2661,234525398110851,90.221758294,1201266022,1201269021,234525405467318,234525404776828,90.236782887,6.665977
2662,234525419524234,90.243171677,1201266022,1201269021,234525405467318,234525404776828,90.236782887,-14.747406
2663,234525445438580,90.269086023,1201774454,1201777172,234525437525796,234525438674935,90.270680994,-6.763645
2664,234525484307596,90.307955039,1202282886,1202285302,234525473514512,234525472573041,90.304579100,-11.734555
2665,234525534416847,90.358064290,1203299751,1203301570,234525541475339,234525540369321,90.372375380,5.952474
2666,234525557307092,90.380954535,1203299751,1203301570,234525541475339,234525540369321,90.372375380,-16.937771
2667,234525584418438,90.408065881,1203808183,1203809677,234525573488961,234525574267427,90.406273486,-10.151011
2668,234525616087300,90.439734743,1204316615,1204319691,234525609533575,234525608165534,90.440171593,-7.921766
2669,234525658729585,90.482377028,1204825047,1204827840,234525641498515,234525642063640,90.474069699,-16.665945
2670,234525684073393,90.507720836,1205333479,1205335958,234525677509430,234525675961747,90.507967806,-8.111646
2671,234525717751181,90.541398624,1205841911,1205844078,234525709529355,234525709859854,90.541865913,-7.891327
2672,234525758596573,90.582244016,1206350343,1206352198,234525745502942,234525743757960,90.575764019,-14.838613
2673,234525815093417,90.638740860,1207367208,1207370299,234525813490961,234525811554240,90.643560299,-3.539177
2674,234525841143059,90.664790502,1207875640,1207878395,234525845555918,234525845452346,90.677458405,4.309287
2675,234525870245906,90.693893349,1208384072,1208386554,234525877510904,234525879350453,90.711356512,9.104547
2676,234525891051880,90.714699323,1208384072,1208386554,234525877510904,234525879350453,90.711356512,-11.701427
2677,234525931660505,90.755307948,1209400936,1209402784,234525945651837,234525947146666,90.779152725,15.486161
2678,234525956560360,90.780207803,1209400936,1209402784,234525945651837,234525947146666,90.779152725,-9.413694
2679,234525989287914,90.812935357,1209909368,1209910893,234525981544205,234525981044773,90.813050832,-8.243141
2680,234526020981444,90.844628887,1210417800,1210420878,234526013651873,234526014942879,90.846948938,-6.038565
2681,234526067871052,90.891518495,1211434665,1211437112,234526081521545,234526082739159,90.914745218,14.868107
2682,234526088146990,90.911794433,1211434665,1211437112,234526081521545,234526082739159,90.914745218,-5.407831
2683,234526133350961,90.956998404,1211943097,1211945253,234526117594632,234526116637265,90.948643324,-16.713696
2684,234526158259990,90.981907433,1212451529,1212453406,234526149594665,234526150535372,90.982541431,-7.724618
2685,234526205477286,91.029124729,1213468393,1213471521,234526217586199,234526218331585,91.050337644,12.854299
2686,234526224379666,91.048027109,1213468393,1213471521,234526217586199,234526218331585,91.050337644,-6.048081
2687,234526264640999,91.088288442,1213976825,1213979643,234526253560035,234526252229692,91.084235751,-12.411307
2688,234526295039744,91.118687187,1214485257,1214487752,234526285594466,234526286127798,91.118133857,-8.911946
2689,234526342891054,91.166538497,1215502122,1215503988,234526353564781,234526353924078,91.185930137,11.033024
2690,234526367237554,91.190884997,1215502122,1215503988,234526353564781,234526353924078,91.185930137,-13.313476
2691,234526399644528,91.223291971,1216010554,1216012081,234526389681627,234526387822184,91.219828243,-11.822344
2692,234526432642589,91.256290032,1216518986,1216522083,234526421689631,234526421720291,91.253726350,-10.922298
2693,234526491221296,91.314868739,1217535850,1217538289,234526489554782,234526489516504,91.321522563,-1.704792
2694,234526514757806,91.338405249,1218044282,1218046423,234526521558950,234526523414611,91.355420670,8.656805
2695,234526536611914,91.360259357,1218044282,1218046423,234526521558950,234526523414611,91.355420670,-13.197303
2696,234526564589030,91.388236473,1218552714,1218554538,234526557558383,234526557312717,91.389318776,-7.276313
2697,234526614964654,91.438612097,1219569579,1219572701,234526625580623,234526625108997,91.457115056,10.144343
2698,234526635322376,91.458969819,1219569579,1219572701,234526625580623,234526625108997,91.457115056,-10.213379
2699,234526666380925,91.490028368,1220078011,1220080837,234526657562304,234526659007103,91.491013162,-7.373822
2700,234526706135158,91.529782601,1220586443,1220588967,234526693669234,234526692905210,91.524911269,-13.229948
2701,234526755250746,91.578898189,1221603307,1221605226,234526761575825,234526760701423,91.592707482,5.450677
2702,234526781298687,91.604946130,1222111740,1222113318,234526793572125,234526794599596,91.626605655,13.300909
2703,234526805823426,91.629470869,1222111740,1222113318,234526793572125,234526794599596,91.626605655,-11.223830
2704,234526841953078,91.665600521,1222620172,1222623326,234526829717497,234526828497703,91.660503762,-13.455375
2705,234526896952898,91.720600341,1223637036,1223639620,234526897684429,234526896293916,91.728299975,-0.658982
2706,234526920492186,91.744139629,1224145468,1224147763,234526929610962,234526930192022,91.762198081,9.699836
2707,234526942161223,91.765808666,1224145468,1224147763,234526929610962,234526930192022,91.762198081,-11.969201
2708,234526972456884,91.796104327,1224653900,1224655891,234526965595240,234526964090129,91.796096188,-8.366755
2709,234527020194186,91.843841629,1225670764,1225673994,234527033627658,234527031886342,91.863892401,11.692156
2710,234527040604436,91.864251879,1225670764,1225673994,234527033627658,234527031886342,91.863892401,-8.718094
2711,234527074007061,91.897654504,1226179196,1226182124,234527065630320,234527065784449,91.897790508,-8.222612
2712,234527104672370,91.928319813,1226687629,1226690262,234527101574840,234527099682622,91.931688681,-4.989748
2713,234527152473771,91.976121214,1227704493,1227706474,234527165604229,234527167478835,91.999484894,15.005064
2714,234527175191332,91.998838775,1227704493,1227706474,234527165604229,234527167478835,91.999484894,-7.712497
2715,234527210720669,92.034368112,1228212925,1228214618,234527201754215,234527201376941,92.033383000,-9.343728
2716,234527241185548,92.064832991,1228721357,1228724614,234527233655786,234527235275048,92.067281107,-5.910500
2717,234527293907699,92.117555142,1229738221,1229740762,234527301612633,234527303071261,92.135077320,9.163562
2718,234527314548244,92.138195687,1229738221,1229740762,234527301612633,234527303071261,92.135077320,-11.476983
2719,234527345688668,92.169336111,1230246654,1230248897,234527337659653,234527336969434,92.168975493,-8.719234
2720,234527376374004,92.200021447,1230755086,1230757060,234527369639356,234527370867541,92.202873600,-5.506463
2721,234527417020654,92.240668097,1231263518,1231265135,234527405622688,234527404765647,92.236771706,-12.255007
2722,234527444502935,92.268150378,1231771950,1231775118,234527437657968,234527438663754,92.270669813,-5.839181
2723,234527482779682,92.306427125,1232280382,1232283275,234527473608897,234527472561860,92.304567919,-10.217822
2724,234527512660763,92.336308206,1232788814,1232791419,234527505744576,234527506459967,92.338466026,-6.200796
2725,234527555551861,92.379199304,1233297246,1233299583,234527541748682,234527540358074,92.372364133,-15.193787
2726,234527580383364,92.404030807,1233805678,1233807691,234527573741625,234527574256180,92.406262239,-6.127184
2727,234527617577410,92.441224853,1234314111,1234315836,234527609641195,234527608154353,92.440160412,-9.423057
2728,234527652579135,92.476226578,1234822543,1234823999,234527641787917,234527642052460,92.474058519,-10.526675
2729,234527700223204,92.523870647,1235839407,1235842138,234527709663959,234527709848673,92.541854732,9.625469
2730,234527721480437,92.545127880,1235839407,1235842138,234527709663959,234527709848673,92.541854732,-11.631764
2731,234527751854056,92.575501499,1236347839,1236350256,234527745651001,234527743746780,92.575752839,-8.107276
2732,234527788326959,92.611974402,1236856271,1236858388,234527777698416,234527777644886,92.609650945,-10.682073
2733,234527832223505,92.655870948,1237873135,1237874662,234527845670129,234527845441099,92.677447158,13.217594
2734,234527852731369,92.676378812,1237873135,1237874662,234527845670129,234527845441099,92.677447158,-7.290270
2735,234527887774770,92.711422213,1238381568,1238384663,234527877715325,234527879339272,92.711345331,-8.435498
2736,234527927077826,92.750725269,1238890000,1238892803,234527913721138,234527913237379,92.745243438,-13.840447
2737,234527974195574,92.797843017,1239906864,1239909055,234527981684795,234527981033592,92.813039651,6.838018
2738,234527995447404,92.819094847,1239906864,1239909055,234527981684795,234527981033592,92.813039651,-14.413812
2739,234528021273114,92.844920557,1240415296,1240417149,234528013710604,234528014931699,92.846937758,-6.341415
2740,234528056901176,92.880548619,1240923728,1240925265,234528049679229,234528048829805,92.880835864,-8.071371
2741,234528099833261,92.923480704,1241940593,1241943384,234528117740466,234528116626085,92.948632144,16.792824
2742,234528124434731,92.948082174,1241940593,1241943384,234528117740466,234528116626085,92.948632144,-7.808646
2743,234528160987602,92.984635045,1242449025,1242451490,234528149683820,234528150524191,92.982530250,-10.463411
2744,234528192906914,93.016554357,1242957457,1242959613,234528185730719,234528184422298,93.016428357,-8.484616
2745,234528237586326,93.061233769,1243974321,1243975840,234528253693913,234528252218511,93.084224570,14.632185
2746,234528261278747,93.084926190,1243974321,1243975840,234528253693913,234528252218511,93.084224570,-9.060236
2747,234528293853147,93.117500590,1244482753,1244485860,234528285688555,234528286116618,93.118122677,-7.736529
2748,234528334953318,93.158600761,1244991185,1244994025,234528321702606,234528320014724,93.152020783,-14.938594
2749,234528392690752,93.216338195,1246008050,1246010268,234528389670925,234528387811004,93.219817063,-4.879748
2750,234528413798856,93.237446299,1246516482,1246518391,234528421704183,234528421709110,93.253715169,7.910254
2751,234528437340948,93.260988391,1246516482,1246518391,234528421704183,234528421709110,93.253715169,-15.631838
2752,234528462430120,93.286077563,1247024914,1247026502,234528453826284,234528455607217,93.287613276,-6.822903
2753,234528512768962,93.336416405,1248041778,1248044635,234528521758108,234528523403430,93.355409489,10.634468
2754,234528535337792,93.358985235,1248041778,1248044635,234528521758108,234528523403430,93.355409489,-11.934362
2755,234528567373885,93.391021328,1248550210,1248552764,234528557699305,234528557301537,93.389307596,-10.072348
2756,234528596167592,93.419815035,1249058642,1249060917,234528589742295,234528591199643,93.423205702,-4.967949
2757,234528643451369,93.467098812,1250075507,1250077208,234528657730526,234528658995923,93.491001982,15.544554
2758,234528669793409,93.493440852,1250075507,1250077208,234528657730526,234528658995923,93.491001982,-10.797486
2759,234528702523189,93.526170632,1250583939,1250587203,234528693746779,234528692894029,93.524900088,-9.629160
2760,234528732680159,93.556327602,1251092371,1251095360,234528725763745,234528726792136,93.558798195,-5.888023
2761,234528789648333,93.613295776,1252109235,1252111621,234528793758396,234528794588349,93.626594408,4.940016
2762,234528830210106,93.653857549,1252617667,1252619734,234528829773516,234528828486456,93.660492515,-1.723650
2763,234528860320864,93.683968307,1253126100,1253127849,234528861723066,234528862384629,93.694390688,2.063765
2764,234528893713021,93.717360464,1253634532,1253637818,234528897763897,234528896282735,93.728288794,2.569714
2765,234528915879984,93.739527427,1254142964,1254145949,234528929767277,234528930180842,93.762186901,14.300858
2766,234528938359697,93.762007140,1254142964,1254145949,234528929767277,234528930180842,93.762186901,-8.178855
2767,234528988796097,93.812443540,1255159828,1255162220,234528997787679,234528997977055,93.829983114,9.180958
2768,234529017572529,93.841219972,1255668260,1255670348,234529033776393,234529031875162,93.863881221,14.302633
2769,234529043101964,93.866749407,1255668260,1255670348,234529033776393,234529031875162,93.863881221,-11.226802
2770,234529073502222,93.897149665,1256176692,1256178459,234529065792636,234529065773268,93.897779327,-7.728954
2771,234529119522257,93.943169700,1257193556,1257196567,234529133770635,234529133569481,93.965575540,14.047224
2772,234529140382716,93.964030159,1257193556,1257196567,234529133770635,234529133569481,93.965575540,-6.813235
2773,234529173487202,93.997134645,1257701989,1257704670,234529165863073,234529167467654,93.999473713,-6.019548
2774,234529214851020,94.038498463,1258210421,1258212787,234529201756172,234529201365761,94.033371820,-13.485259
2775,234529269594754,94.093242197,1259227285,1259229009,234529269790023,234529269161974,94.101168033,-0.432780
2776,234529291407917,94.115055360,1259735717,1259739043,234529301773034,234529303060081,94.135066140,11.652164
2777,234529317896293,94.141543736,1259735717,1259739043,234529301773034,234529303060081,94.135066140,-14.836212
2778,234529345703996,94.169351439,1260244149,1260247195,234529337795395,234529336958187,94.168964246,-8.745809
2779,234529412689062,94.236336505,1261261014,1261263405,234529405755576,234529404754467,94.236760526,-7.934595
2780,234529434191980,94.257839423,1261769446,1261771570,234529437895152,234529438652573,94.270658632,4.460593
2781,234529458325243,94.281972686,1262277878,1262279714,234529473793791,234529472550680,94.304556739,14.225437
2782,234529481640428,94.305287871,1262277878,1262279714,234529473793791,234529472550680,94.304556739,-9.089748
2783,234529548844766,94.372492209,1263294742,1263297811,234529541804384,234529540346893,94.372352952,-8.497873
2784,234529574197613,94.397845056,1263803174,1263805910,234529573787855,234529574245000,94.406251059,0.047387
2785,234529598254150,94.421901593,1264311606,1264314054,234529609790294,234529608143106,94.440149165,9.888956
2786,234529622218739,94.445866182,1264311606,1264314054,234529609790294,234529608143106,94.440149165,-14.075633
2787,234529669732545,94.493379988,1265328471,1265330330,234529677775131,234529675939386,94.507945445,6.206841
2788,234529690025700,94.513673143,1265328471,1265330330,234529677775131,234529675939386,94.507945445,-14.086314
2789,234529717549113,94.541196556,1265836903,1265838432,234529709864085,234529709837492,94.541843551,-7.711621
2790,234529748616509,94.572263952,1266345335,1266348440,234529741863141,234529743735599,94.575741658,-4.880910
2791,234529804150210,94.627797653,1267362199,1267364701,234529809844081,234529811531812,94.643537871,7.381602
2792,234529825959200,94.649606643,1267362199,1267364701,234529809844081,234529811531812,94.643537871,-14.427388
2793,234529853586754,94.677234197,1267870631,1267872834,234529845795419,234529845429919,94.677435978,-8.156835
2794,234529888045952,94.711693395,1268379063,1268380987,234529877856696,234529879328025,94.711334084,-8.717927
2795,234529934117182,94.757764625,1269395928,1269399079,234529945859681,234529947124305,94.779130364,13.007123
2796,234529954395191,94.778042634,1269395928,1269399079,234529945859681,234529947124305,94.779130364,-7.270886
2797,234529989666572,94.813314015,1269904360,1269907184,234529981854570,234529981022411,94.813028470,-8.644161
2798,234530024998569,94.848646012,1270412792,1270415292,234530013812297,234530014920518,94.846926577,-10.078051
2799,234530080463139,94.904110582,1271429656,1271431546,234530081825766,234530082716731,94.914722790,2.253592
2800,234530100745899,94.924393342,1271938088,1271939658,234530117851187,234530116614838,94.948620897,15.868939
2801,234530130270460,94.953917903,1271938088,1271939658,234530117851187,234530116614838,94.948620897,-13.655622
2802,234530156744143,94.980391586,1272446520,1272449627,234530149831457,234530150512944,94.982519003,-6.231199
2803,234530204806115,95.028453558,1273463385,1273465905,234530217965334,234530218309224,95.050315283,13.503109
2804,234530226555350,95.050202793,1273463385,1273465905,234530217965334,234530218309224,95.050315283,-8.246126
2805,234530262115600,95.085763043,1273971817,1273973996,234530253833701,234530252207330,95.084213389,-9.908270
2806,234530293726469,95.117373912,1274480249,1274482088,234530285904054,234530286105437,95.118111496,-7.621032
2807,234530341353535,95.165000978,1275497113,1275500242,234530353872524,234530353901650,95.185907709,12.548115
2808,234530366819987,95.190467430,1275497113,1275500242,234530353872524,234530353901650,95.185907709,-12.918337
2809,234530393990626,95.217638069,1276005545,1276008371,234530385931502,234530387799757,95.219805816,-6.190869
2810,234530434832230,95.258479673,1276513977,1276516516,234530421879196,234530421697863,95.253703922,-13.134367
2811,234530490457995,95.314105438,1277530842,1277532788,234530489881927,234530489494143,95.321500202,-0.963852
2812,234530513762916,95.337410359,1278039274,1278040946,234530521891739,234530523392249,95.355398308,9.629333
2813,234530540551628,95.364199071,1278547706,1278550933,234530557903097,234530557290356,95.389296415,16.738728
2814,234530566363589,95.390011032,1278547706,1278550933,234530557903097,234530557290356,95.389296415,-9.073233
2815,234530618428551,95.442075994,1279564570,1279567170,234530625864749,234530625086569,95.457092628,6.658018
2816,234530643154949,95.466802392,1280073002,1280075304,234530657876669,234530658984676,95.490990735,15.829727
2817,234530671689807,95.495337250,1280073002,1280075304,234530657876669,234530658984676,95.490990735,-12.705131
2818,234530700486457,95.524133900,1280581434,1280583420,234530693904337,234530692882782,95.524888841,-7.603675
2819,234530759666210,95.583313653,1281598299,1281601521,234530761975533,234530760679062,95.592685121,1.012852
2820,234530785298905,95.608946348,1282106731,1282109635,234530793885989,234530794577168,95.626583227,9.278263
2821,234530811871187,95.635518630,1282615163,1282617767,234530829961330,234530828475275,95.660481334,16.604088
2822,234530837614548,95.661261991,1282615163,1282617767,234530829961330,234530828475275,95.660481334,-9.139273
2823,234530894954725,95.718602168,1283632027,1283634000,234530897907364,234530896271488,95.728277547,1.316763
2824,234530915206544,95.738853987,1284140460,1284142136,234530930058327,234530930169661,95.762175720,14.963117
2825,234530937711910,95.761359353,1284140460,1284142136,234530930058327,234530930169661,95.762175720,-7.542249
2826,234530972650522,95.796297965,1284648892,1284652146,234530965876496,234530964067768,95.796073827,-8.582754
2827,234531005851302,95.829498745,1285157324,1285160302,234530998078658,234530997965874,95.829971933,-7.885428
2828,234531039008915,95.862656358,1285665756,1285668461,234531029998361,234531031863981,95.863870040,-7.144934
2829,234531074734851,95.898382294,1286174188,1286176570,234531066005884,234531065762088,95.897768147,-8.972763
2830,234531117403287,95.941050730,1287191052,1287192773,234531133984847,234531133558301,95.965564360,16.155014
2831,234531143208850,95.966856293,1287191052,1287192773,234531133984847,234531133558301,95.965564360,-9.650549
2832,234531173229200,95.996876643,1287699484,1287702771,234531166014802,234531167456407,95.999462466,-5.772793
2833,234531210512509,96.034159952,1288207916,1288210934,234531201972883,234531201354514,96.033360573,-9.157995
2834,234531259825264,96.083472707,1289224781,1289227150,234531269928231,234531269150793,96.101156852,9.325529
2835,234531286271828,96.109919271,1289733213,1289735257,234531302078272,234531303048900,96.135054959,16.777072
2836,234531309277037,96.132924480,1289733213,1289735257,234531302078272,234531303048900,96.135054959,-6.228137
2837,234531351364088,96.175011531,1290241645,1290243399,234531337961917,234531336947007,96.168953066,-14.417081
2838,234531401286956,96.224934399,1291258509,1291261532,234531406023534,234531404743220,96.236749279,3.456264
2839,234531424263976,96.247911419,1291766941,1291769645,234531437997613,234531438641326,96.270647385,14.377350
2840,234531444523280,96.268170723,1291766941,1291769645,234531437997613,234531438641326,96.270647385,-5.881954
2841,234531482088559,96.305736002,1292275374,1292277768,234531473960782,234531472539499,96.304545558,-9.549060
2842,234531522758601,96.346406044,1292783806,1292785905,234531505946077,234531506437606,96.338443665,-16.320995
2843,234531552352356,96.375999799,1293292238,1293294041,234531541913948,234531540335712,96.372341771,-12.016644
2844,234531580953986,96.404601429,1293800670,1293802175,234531574080414,234531574233819,96.406239878,-6.720167
2845,234531624349460,96.447996903,1294309102,1294312156,234531610058629,234531608131926,96.440137985,-16.217534
2846,234531666163131,96.489810574,1295325966,1295328435,234531674074095,234531675928139,96.507934198,9.765008
2847,234531693162414,96.516809857,1295834398,1295836531,234531710058704,234531709826245,96.541832304,16.663831
2848,234531716608311,96.540255754,1295834398,1295836531,234531710058704,234531709826245,96.541832304,-6.782066
2849,234531755504117,96.579151560,1296342831,1296344665,234531742111747,234531743724418,96.575730477,-11.779699
2850,234531810431477,96.634078920,1297359695,1297362802,234531809977964,234531811520631,96.643526690,1.089154
2851,234531836902202,96.660549645,1297868127,1297870914,234531845950573,234531845418738,96.677424797,8.516536
2852,234531857998370,96.681645813,1297868127,1297870914,234531845950573,234531845418738,96.677424797,-12.579632
2853,234531889591562,96.713239005,1298376559,1298379004,234531878044967,234531879316845,96.711322904,-10.274717
2854,234531935952066,96.759599509,1299393423,1299395273,234531945963413,234531947113058,96.779119117,11.160992
2855,234531962108541,96.785755984,1299393423,1299395273,234531945963413,234531947113058,96.779119117,-14.995483
2856,234531992025934,96.815673377,1299901855,1299903437,234531981985156,234531981011164,96.813017223,-11.014770
2857,234532021744020,96.845391463,1300410288,1300413432,234532013984869,234532014909337,96.846915396,-6.834683
2858,234532066056917,96.889704360,1301427152,1301429690,234532082054852,234532082705550,96.914711609,16.648633
2859,234532090307782,96.913955225,1301427152,1301429690,234532082054852,234532082705550,96.914711609,-7.602232
2860,234532127115156,96.950762599,1301935584,1301937817,234532118147623,234532116603657,96.948609716,-10.511499
2861,234532157905785,96.981553228,1302444016,1302445948,234532150032382,234532150501764,96.982507823,-7.404021
2862,234532207208155,97.030855598,1303460880,1303464044,234532218054160,234532218297977,97.050304036,11.089822
2863,234532230203120,97.053850563,1303460880,1303464044,234532218054160,234532218297977,97.050304036,-11.905143
2864,234532260671786,97.084319229,1303969313,1303972175,234532254027889,234532252196150,97.084202209,-8.475636
2865,234532295751192,97.119398635,1304477745,1304480332,234532286150928,234532286094256,97.118100315,-9.656936
2866,234532339690427,97.163337870,1305494609,1305496511,234532354008291,234532353890470,97.185896529,14.200043
2867,234532368524021,97.192171464,1305494609,1305496511,234532354008291,234532353890470,97.185896529,-14.633551
2868,234532393394266,97.217041709,1306003041,1306004624,234532386156021,234532387788576,97.219794635,-5.605690
2869,234532436833362,97.260480805,1306511473,1306514635,234532422118693,234532421686683,97.253692742,-15.146679
2870,234532483572000,97.307219443,1307528337,1307530883,234532490008928,234532489482896,97.321488955,5.910896
2871,234532509808249,97.333455692,1308036770,1308038990,234532522065782,234532523381069,97.355387128,13.572820
2872,234532532753417,97.356400860,1308036770,1308038990,234532522065782,234532523381069,97.355387128,-9.372348
2873,234532568178294,97.391825737,1308545202,1308547149,234532558111459,234532557279175,97.389285234,-10.899119
2874,234532614710116,97.438357559,1309562066,1309565298,234532626030313,234532625075389,97.457081448,10.365273
2875,234532638008313,97.461655756,1309562066,1309565298,234532626030313,234532625075389,97.457081448,-12.932924
2876,234532664989037,97.488636480,1310070498,1310073416,234532658016123,234532658973495,97.490979554,-6.015542
2877,234532706898657,97.530546100,1310578930,1310581548,234532694158338,234532692871602,97.524877661,-14.027055
2878,234532753967594,97.577615037,1311595794,1311597776,234532762035141,234532760667815,97.592673874,6.700221
2879,234532781545519,97.605192962,1312104227,1312105898,234532794173419,234532794565988,97.626572047,13.020469
2880,234532802389700,97.626037143,1312104227,1312105898,234532794173419,234532794565988,97.626572047,-7.823712
2881,234532844711936,97.668359379,1312612659,1312615913,234532830161076,234532828464094,97.660470153,-16.247842
2882,234532896291937,97.719939380,1313629523,1313632120,234532898031426,234532896260308,97.728266367,-0.031629
2883,234532922374459,97.746021902,1314137955,1314140255,234532930040662,234532930158414,97.762164473,7.783955
2884,234532943990210,97.767637653,1314137955,1314140255,234532930040662,234532930158414,97.762164473,-13.831796
2885,234532969758252,97.793405695,1314646387,1314648396,234532962145710,234532964056521,97.796062580,-5.701731
2886,234533010364086,97.834011529,1315154820,1315156535,234532998038297,234532997954694,97.829960753,-12.409392
2887,234533037590126,97.861237569,1315663252,1315666523,234533030119688,234533031852800,97.863858859,-5.737326
2888,234533073019406,97.896666849,1316171684,1316174633,234533066159102,234533065750907,97.897756966,-7.268499
2889,234533108922217,97.932569660,1316680116,1316682758,234533098218006,234533099649013,97.931655072,-9.273204
2890,234533153172780,97.976820223,1317696980,1317698964,234533166080332,234533167445227,97.999451286,14.272447
2891,234533181085447,98.004732890,1317696980,1317698964,234533166080332,234533167445227,97.999451286,-13.640220
2892,234533214222585,98.037870028,1318205412,1318207069,234533202232783,234533201343333,98.033349392,-12.879252
2893,234533243166295,98.066813738,1318713844,1318717092,234533234101560,234533235241440,98.067247499,-7.924855
2894,234533309469895,98.133117338,1319730709,1319733348,234533302197308,234533303037719,98.135043778,-6.432176
2895,234533337066508,98.160713951,1320239141,1320241518,234533338165564,234533336935826,98.168941885,-0.130682
2896,234533361260908,98.184908351,1320747573,1320749644,234533370079566,234533370833932,98.202839991,9.573024
2897,234533388131871,98.211779314,1321256005,1321257762,234533406075820,234533404732039,98.236738098,16.600168
2898,234533428827432,98.252474875,1321764437,1321765928,234533438081961,234533438630146,98.270636205,9.802714
2899,234533452448821,98.276096264,1321764437,1321765928,234533438081961,234533438630146,98.270636205,-13.818675
2900,234533481403201,98.305050644,1322272869,1322275894,234533474266216,234533472528252,98.304534311,-8.874949
2901,234533513884356,98.337531799,1322781301,1322784039,234533506232196,234533506426359,98.338432418,-7.457997
2902,234533553947876,98.377595319,1323289734,1323292178,234533542150463,234533540324532,98.372330591,-13.623344
2903,234533582136127,98.405783570,1323798166,1323800325,234533574121995,234533574222638,98.406228697,-7.913489
2904,234533614229558,98.437877001,1324306598,1324308428,234533606170253,234533608120745,98.440126804,-6.108813
2905,234533651346173,98.474993616,1324815030,1324816541,234533642202648,234533642018852,98.474024911,-9.327321
2906,234533696903506,98.520550949,1325831894,1325834704,234533710188995,234533709815065,98.541821124,12.911559
2907,234533723722350,98.547369793,1325831894,1325834704,234533710188995,234533709815065,98.541821124,-13.907285
2908,234533748848957,98.572496400,1326340326,1326342829,234533742101441,234533743713171,98.575719230,-5.135786
2909,234533789512371,98.613159814,1326848758,1326850930,234533778138545,234533777611278,98.609617337,-11.901093
2910,234533831169072,98.654816515,1327865623,1327867201,234533846180163,234533845407557,98.677413616,14.238485
2911,234533854679287,98.678326730,1327865623,1327867201,234533846180163,234533845407557,98.677413616,-9.271730
2912,234533886072199,98.709719642,1328374055,1328377206,234533878231836,234533879305664,98.711311723,-6.766535
2913,234533927803211,98.751450654,1328882487,1328885376,234533914140535,234533913203771,98.745209830,-14.599440
2914,234533972032828,98.795680271,1329899351,1329901593,234533982158830,234533980999984,98.813006043,8.967156
2915,234533995128417,98.818775860,1329899351,1329901593,234533982158830,234533980999984,98.813006043,-14.128433
2916,234534023868472,98.847515915,1330407783,1330409666,234534014225318,234534014898090,98.846904149,-8.970382
2917,234534063698841,98.887346284,1330916215,1330917815,234534050236685,234534048796197,98.880802256,-14.902644
2918,234534103295586,98.926943029,1331933080,1331935969,234534118171789,234534116592476,98.948598535,13.296890
2919,234534126957047,98.950604490,1331933080,1331935969,234534118171789,234534116592476,98.948598535,-10.364571
2920,234534157344417,98.980991860,1332441512,1332444083,234534150195822,234534150490583,98.982496642,-6.853834
2921,234534194722682,99.018370125,1332949944,1332952188,234534186153166,234534184388690,99.016394749,-10.333992
2922,234534236984787,99.060632230,1333966808,1333968460,234534250166445,234534252184903,99.084190962,15.200116
2923,234534266334383,99.089981826,1333966808,1333968460,234534250166445,234534252184903,99.084190962,-14.149480
2924,234534293622710,99.117270153,1334475240,1334478469,234534286133410,234534286083009,99.118089068,-7.539701
2925,234534326055995,99.149703438,1334983673,1334986580,234534318142459,234534319981182,99.151987241,-6.074813
2926,234534365253041,99.188900484,1335492105,1335494693,234534354177929,234534353879289,99.185885348,-11.373752
2927,234534393642121,99.217289564,1336000537,1336002810,234534386172738,234534387777396,99.219783455,-5.864725
2928,234534431322904,99.254970347,1336508969,1336510940,234534422148696,234534421675502,99.253681561,-9.647402
2929,234534464044599,99.287692042,1337017401,1337019078,234534454141376,234534455573609,99.287579668,-8.470990
2930,234534507215043,99.330862486,1338034265,1338037166,234534522159572,234534523369822,99.355375881,16.154779
2931,234534530179850,99.353827293,1338034265,1338037166,234534522159572,234534523369822,99.355375881,-6.810028
2932,234534566949965,99.390597408,1338542697,1338545319,234534558152106,234534557267928,99.389273987,-9.682037
2933,234534600272868,99.423920311,1339051130,1339053453,234534590159915,234534591166101,99.423172160,-9.106767
2934,234534645301093,99.468948536,1340067994,1340069685,234534658184699,234534658962314,99.490968373,13.661221
2935,234534669900550,99.493547993,1340067994,1340069685,234534658184699,234534658962314,99.490968373,-10.938236
2936,234534704530249,99.528177692,1340576426,1340579677,234534694165164,234534692860421,99.524866480,-11.669828
2937,234534735908920,99.559556363,1341084858,1341087791,234534726225105,234534726758528,99.558764587,-9.150392
2938,234534782669292,99.606316735,1342101722,1342104059,234534794246346,234534794554741,99.626560800,11.885449
2939,234534806140521,99.629787964,1342101722,1342104059,234534794246346,234534794554741,99.626560800,-11.585780
2940,234534837876910,99.661524353,1342610154,1342612186,234534830161007,234534828452847,99.660458906,-9.424063
2941,234534870743814,99.694391257,1343118587,1343120341,234534862181585,234534862351020,99.694357079,-8.392794
2942,234534913727967,99.737375410,1344135451,1344138436,234534930193385,234534930147234,99.762153293,16.419267
2943,234534937588654,99.761236097,1344135451,1344138436,234534930193385,234534930147234,99.762153293,-7.441420
2944,234534972570968,99.796218411,1344643883,1344646591,234534962222937,234534964045340,99.796051399,-8.525628
2945,234535012226378,99.835873821,1345152315,1345154721,234534998193579,234534997943447,99.829949506,-14.282931
2946,234535054501164,99.878148607,1346169180,1346170937,234535066236313,234535065739726,99.897745785,11.238562
2947,234535081088755,99.904736198,1346169180,1346170937,234535066236313,234535065739726,99.897745785,-15.349029
2948,234535104806744,99.928454187,1346677612,1346680928,234535098195494,234535099637833,99.931643892,-5.168911
2949,234535147659935,99.971307378,1347186044,1347189043,234535134211306,234535133535939,99.965541998,-14.123996
2950,234535193810619,100.017458062,1348202908,1348205315,234535202233163,234535201332153,100.033338212,7.521534
2951,234535217630403,100.041277846,1348202908,1348205315,234535202233163,234535201332153,100.033338212,-16.298250
2952,234535240718366,100.064365809,1348711340,1348713454,234535234236565,234535235230259,100.067236318,-5.488107
2953,234535283615292,100.107262735,1349219772,1349221560,234535270213925,234535269128366,100.101134425,-14.486926
2954,234535325565250,100.149212693,1350236636,1350239693,234535338212710,234535336924579,100.168930638,11.359329
2955,234535347524374,100.171171817,1350236636,1350239693,234535338212710,234535336924579,100.168930638,-10.599795
2956,234535377101090,100.200748533,1350745069,1350747831,234535370224602,234535370822752,100.202828811,-6.278338
2957,234535416046888,100.239694331,1351253501,1351256005,234535406223653,234535404720858,100.236726917,-11.326030
2958,234535456056553,100.279703996,1352270365,1352272284,234535474229589,234535472517072,100.304523131,16.460519
2959,234535485949334,100.309596777,1352270365,1352272284,234535474229589,234535472517072,100.304523131,-13.432262
2960,234535512901126,100.336548569,1352778797,1352780454,234535506306317,234535506415178,100.338421237,-6.485948
2961,234535551668033,100.375315476,1353287229,1353290427,234535542221958,234535540313285,100.372319344,-11.354748
2962,234535599949894,100.423597337,1354304094,1354306668,234535606244876,234535608109564,100.440115623,8.159670
2963,234535632854328,100.456501771,1354812526,1354814824,234535642251462,234535642007671,100.474013730,9.153343
2964,234535654680804,100.478328247,1354812526,1354814824,234535642251462,234535642007671,100.474013730,-12.673133
2965,234535682297207,100.505944650,1355320958,1355322936,234535674289330,234535675905778,100.507911837,-6.391429
2966,234535722768264,100.546415707,1355829390,1355831100,234535710237973,234535709803884,100.541809943,-12.964380
2967,234535751896784,100.575544227,1356337822,1356341108,234535742248752,234535743701991,100.575708050,-8.194793
2968,234535790676056,100.614323499,1356846254,1356849216,234535778301614,234535777600097,100.609606156,-13.075959
2969,234535819774015,100.643421458,1357354686,1357357360,234535810249145,234535811498204,100.643504263,-8.275811
2970,234535863217397,100.686864840,1358371551,1358373564,234535878258143,234535879294483,100.711300542,16.077086
2971,234535891187969,100.714835412,1358371551,1358373564,234535878258143,234535879294483,100.711300542,-11.893486
2972,234535921847212,100.745494655,1358879983,1358881669,234535914259228,234535913192590,100.745198649,-8.654622
2973,234535958539087,100.782186530,1359388415,1359391685,234535946309637,234535947090696,100.779096755,-11.448391
2974,234536007868202,100.831515645,1360405279,1360407885,234536014270330,234536014886910,100.846892969,7.018708
2975,234536034984799,100.858632242,1360913711,1360916025,234536050264324,234536048785016,100.880791075,13.800217
2976,234536056864553,100.880511996,1360913711,1360916025,234536050264324,234536048785016,100.880791075,-8.079537
2977,234536090175727,100.913823170,1361422143,1361424170,234536082279711,234536082683123,100.914689182,-7.492604
2978,234536131900592,100.955548035,1361930575,1361932282,234536118261273,234536116581229,100.948587288,-15.319363
2979,234536158041739,100.981689182,1362439008,1362442287,234536150379225,234536150479402,100.982485461,-7.562337
2980,234536189015890,101.012663333,1362947440,1362950417,234536186316135,234536184377509,101.016383568,-4.638381
2981,234536227271317,101.050918760,1363455872,1363458560,234536218396621,234536218275616,101.050281675,-8.995701
2982,234536271421906,101.095069349,1364472736,1364474781,234536286319934,234536286071829,101.118077888,14.649923
2983,234536298514362,101.122161805,1364472736,1364474781,234536286319934,234536286071829,101.118077888,-12.442533
2984,234536328285956,101.151933399,1364981168,1364982859,234536318301047,234536319969935,101.151975994,-8.316021
2985,234536362217281,101.185864724,1365489600,1365492867,234536354323147,234536353868042,101.185874101,-8.349239
2986,234536403599003,101.227246446,1365998033,1366000972,234536386318239,234536387766215,101.219772274,-15.832788
2987,234536429960664,101.253608107,1366506465,1366509122,234536422294524,234536421664321,101.253670380,-8.296343
2988,234536462517657,101.286165100,1367014897,1367017254,234536454981463,234536455562428,101.287568487,-6.955229
2989,234536504236779,101.327884222,1367523329,1367525384,234536490418641,234536489460535,101.321466594,-14.776244
2990,234536546055446,101.369702889,1368540193,1368541662,234536558337586,234536557256748,101.389262807,11.201302
2991,234536571643057,101.395290500,1368540193,1368541662,234536558337586,234536557256748,101.389262807,-14.386309
2992,234536596806435,101.420453878,1369048625,1369051697,234536590368944,234536591154854,101.423160913,-5.651581
2993,234536637038925,101.460686368,1369557057,1369559845,234536626331219,234536625052961,101.457059020,-11.985964
2994,234536688053294,101.511700737,1370573922,1370576109,234536694415918,234536692849240,101.524855299,4.795946
2995,234536711269732,101.534917175,1371082354,1371084259,234536726334008,234536726747347,101.558753406,15.477615
2996,234536733121096,101.556768539,1371082354,1371084259,234536726334008,234536726747347,101.558753406,-6.373749
2997,234536770321441,101.593968884,1371590786,1371592389,234536762364742,234536760645454,101.592651513,-9.675987
2998,234536811258046,101.634905489,1372099218,1372102354,234536794368271,234536794543560,101.626549619,-16.714486
2999,234536834367116,101.658014559,1372607650,1372610479,234536830370524,234536828441667,101.660447726,-5.925449
3000,234536869071463,101.692718906,1373116082,1373118588,234536862352680,234536862339773,101.694345832,-6.731690
3001,234536902022097,101.725669540,1373624514,1373626704,234536894368031,234536896237880,101.728243939,-5.784217
3002,234536943277987,101.766925430,1374132947,1374134829,234536930370511,234536930136053,101.762142112,-13.141934
3003,234536971322746,101.794970189,1374641379,1374642939,234536962350909,234536964034160,101.796040219,-7.288586
3004,234537008472777,101.832120220,1375149811,1375152954,234536998463544,234536997932266,101.829938325,-10.540511
3005,234537038294157,101.861941600,1375658243,1375661068,234537030515133,234537031830373,101.863836432,-6.463784
3006,234537086444923,101.910092366,1376675107,1376677365,234537098352958,234537099626586,101.931632645,13.181663
3007,234537110059996,101.933707439,1376675107,1376677365,234537098352958,234537099626586,101.931632645,-10.433410
3008,234537143632662,101.967280105,1377183539,1377185476,234537134507063,234537133524692,101.965530751,-10.107970
3009,234537174747932,101.998395375,1377691972,1377693590,234537166461303,234537167422865,101.999428924,-7.325067
3010,234537221145747,102.044793190,1378708836,1378711701,234537234477500,234537235219079,102.067225138,14.073332
3011,234537244359320,102.068006763,1378708836,1378711701,234537234477500,234537235219079,102.067225138,-9.140241
3012,234537287073867,102.110721310,1379725700,1379727899,234537302377058,234537303015292,102.135021351,15.941425
3013,234537315948648,102.139596091,1379725700,1379727899,234537302377058,234537303015292,102.135021351,-12.933356
3014,234537345072681,102.168720124,1380234132,1380236029,234537338370646,234537336913398,102.168919457,-8.159283
3015,234537378531393,102.202178836,1380742564,1380744155,234537370455351,234537370811505,102.202817564,-7.719888
3016,234537413312639,102.236960082,1381250996,1381254174,234537406381996,234537404709611,102.236715670,-8.603028
3017,234537447108000,102.270755443,1381759429,1381762279,234537438537566,234537438607784,102.270613843,-8.500216
3018,234537479598901,102.303246344,1382267861,1382270405,234537474355253,234537472505891,102.304511950,-7.093010
3019,234537517452731,102.341100174,1382776293,1382778537,234537506502922,234537506403998,102.338410057,-11.048733
3020,234537559523937,102.383171380,1383793157,1383794767,234537574388485,234537574200211,102.406206270,14.676274
3021,234537590857774,102.414505217,1383793157,1383794767,234537574388485,234537574200211,102.406206270,-16.657563
3022,234537613103806,102.436751249,1384301589,1384304782,234537606393382,234537608098317,102.440104376,-5.005489
3023,234537653915596,102.477563039,1384810021,1384812964,234537642534825,234537641996424,102.474002483,-11.919172
3024,234537701477365,102.525124808,1385826886,1385829198,234537710411513,234537709792703,102.541798762,8.315338
3025,234537724959509,102.548606952,1385826886,1385829198,234537710411513,234537709792703,102.541798762,-15.166806
3026,234537749608902,102.573256345,1386335318,1386337306,234537742550635,234537743690810,102.575696869,-5.918092
3027,234537787015440,102.610662883,1386843750,1386845453,234537778524831,234537777588917,102.609594976,-9.426523
3028,234537826786393,102.650433836,1387352182,1387355436,234537810411149,234537811487023,102.643493082,-15.299370
3029,234537854510223,102.678157666,1387860614,1387863525,234537846481270,234537845385130,102.677391189,-9.125093
3030,234537888162422,102.711809865,1388369046,1388371622,234537878459336,234537879283236,102.711289295,-8.879186
3031,234537929648071,102.753295514,1388877478,1388879789,234537914552467,234537913181343,102.745187402,-16.466728
3032,234537974287286,102.797934729,1389894343,1389896043,234537982485567,234537980977622,102.812983681,6.690336
3033,234537997189007,102.820836450,1389894343,1389896043,234537982485567,234537980977622,102.812983681,-16.211385
3034,234538021006241,102.844653684,1390402775,1390406053,234538014525175,234538014875729,102.846881788,-6.130512
3035,234538058854260,102.882501703,1390911207,1390914143,234538050426132,234538048773836,102.880779895,-10.080424
3036,234538097621956,102.921269399,1391419639,1391422271,234538082428326,234538082671942,102.914678001,-14.950014
3037,234538122147990,102.945795433,1391928071,1391930387,234538118413356,234538116570049,102.948576108,-5.577941
3038,234538157866638,102.981514081,1392436503,1392438504,234538150557281,234538150468155,102.982474214,-7.398483
3039,234538190469010,103.014116453,1392944935,1392946647,234538182595536,234538184366262,103.016372321,-6.102748
3040,234538233574333,103.057221776,1393453368,1393456643,234538218501018,234538218264435,103.050270494,-15.309898
3041,234538260837235,103.084484678,1393961800,1393964756,234538250502484,234538252162542,103.084168601,-8.674693
3042,234538293556681,103.117204124,1394470232,1394472878,234538286445504,234538286060648,103.118066707,-7.496033
3043,234538332252427,103.155899870,1394978664,1394980979,234538318483888,234538319958755,103.151964814,-12.293672
3044,234538378870420,103.202517863,1395995528,1395997233,234538386446209,234538387754968,103.219761027,8.884548
3045,234538406409374,103.230056817,1396503960,1396507218,234538422508913,234538421653074,103.253659133,15.243700
3046,234538430664717,103.254312160,1396503960,1396507218,234538422508913,234538421653074,103.253659133,-9.011643
3047,234538463225450,103.286872893,1397012393,1397015331,234538454483947,234538455551247,103.287557306,-7.674203
3048,234538506965148,103.330612591,1398029257,1398031673,234538522462951,234538523347461,103.355353520,16.382313
3049,234538531387088,103.355034531,1398029257,1398031673,234538522462951,234538523347461,103.355353520,-8.039627
3050,234538565594221,103.389241664,1398537689,1398539801,234538558509817,234538557245567,103.389251626,-8.348654
3051,234538598973985,103.422621428,1399046121,1399047906,234538590525443,234538591143674,103.423149733,-7.830311
3052,234538640304410,103.463951853,1399554553,1399556062,234538626466410,234538625041780,103.457047839,-15.262630
3053,234538673654779,103.497302222,1400062985,1400066055,234538658474477,234538658939887,103.490945946,-14.714892
3054,234538704027819,103.527675262,1400571417,1400574194,234538694487243,234538692837993,103.524844052,-11.189826
3055,234538734227306,103.557874749,1401079850,1401082290,234538726532989,234538726736166,103.558742225,-7.491140
3056,234538786794455,103.610441898,1402096714,1402098520,234538794486400,234538794532380,103.626538439,7.737925
3057,234538810928677,103.634576120,1402096714,1402098520,234538794486400,234538794532380,103.626538439,-16.396297
3058,234538833202379,103.656849822,1402605146,1402606644,234538826546347,234538828430486,103.660436545,-4.771893
3059,234538873358184,103.697005627,1403113578,1403116621,234538862533800,234538862328593,103.694334652,-11.029591
3060,234538915270345,103.738917788,1404130442,1404132878,234538930553474,234538930124806,103.762130865,14.854461
3061,234538940486156,103.764133599,1404130442,1404132878,234538930553474,234538930124806,103.762130865,-10.361350
3062,234538969463010,103.793110453,1404638874,1404640968,234538962523318,234538964022912,103.796028971,-5.440098
3063,234539007274091,103.830921534,1405147307,1405149096,234538998552811,234538997921085,103.829927144,-9.353006
3064,234539049646609,103.873294052,1406164171,1406167191,234539066620476,234539065717299,103.897723358,16.070690
3065,234539076874781,103.900522224,1406164171,1406167191,234539066620476,234539065717299,103.897723358,-11.157482
3066,234539105267619,103.928915062,1406672603,1406675319,234539098656841,234539099615405,103.931621464,-5.652214
3067,234539144534973,103.968182416,1407181035,1407183461,234539134545846,234539133513512,103.965519571,-11.021461
3068,234539195718977,104.019366420,1408197900,1408199640,234539202493547,234539201309791,104.033315850,5.590814
3069,234539223666434,104.047313877,1408706332,1408709652,234539234617757,234539235207898,104.067213957,11.541464
3070,234539246232574,104.069880017,1408706332,1408709652,234539234617757,234539235207898,104.067213957,-11.024676
3071,234539278412556,104.102059999,1409214764,1409217772,234539270509275,234539269106004,104.101112063,-9.306552
3072,234539320311312,104.143958755,1410231628,1410234047,234539338540751,234539336902218,104.168908277,16.590906
3073,234539348771229,104.172418672,1410231628,1410234047,234539338540751,234539336902218,104.168908277,-11.869011
3074,234539378057194,104.201704637,1410740060,1410742191,234539370532398,234539370800324,104.202806383,-7.256870
3075,234539410377957,104.234025400,1411248492,1411250309,234539406571609,234539404698431,104.236704490,-5.679526
3076,234539451160486,104.274807929,1411756924,1411758454,234539438538189,234539438596537,104.270602596,-12.563949
3077,234539478116250,104.301763693,1412265356,1412268445,234539470585271,234539472494644,104.304500703,-5.621606
3078,234539518219113,104.341866556,1412773789,1412776551,234539506594658,234539506392817,104.338398876,-11.826296
3079,234539546033347,104.369680790,1413282221,1413284699,234539538586373,234539540290924,104.372296983,-5.742423
3080,234539592479462,104.416126905,1414299085,1414300967,234539606569076,234539608087137,104.440093196,15.607675
3081,234539619307596,104.442955039,1414299085,1414300967,234539606569076,234539608087137,104.440093196,-11.220459
3082,234539652934929,104.476582372,1414807517,1414809046,234539642609175,234539641985243,104.473991302,-10.949686
3083,234539686394422,104.510041865,1415315949,1415319058,234539674574366,234539675883350,104.507889409,-10.511072
3084,234539734596203,104.558243646,1416332814,1416335247,234539742577412,234539743679629,104.575685688,9.083426
3085,234539762914705,104.586562148,1416841246,1416843388,234539778542148,234539777577736,104.609583795,14.663031
3086,234539786042137,104.609689580,1416841246,1416843388,234539778542148,234539777577736,104.609583795,-8.464401
3087,234539821656023,104.645303466,1417349678,1417351555,234539810605389,234539811475843,104.643481902,-10.180180
3088,234539864819113,104.688466556,1418366542,1418369691,234539878579555,234539879272056,104.711278115,14.452943
3089,234539891344510,104.714991953,1418366542,1418369691,234539878579555,234539879272056,104.711278115,-12.072454
3090,234539926067691,104.749715134,1418874974,1418877810,234539914703458,234539913170162,104.745176221,-12.897529
3091,234539958520771,104.782168214,1419383406,1419385950,234539946662961,234539947068269,104.779074328,-11.452502
3092,234540012072247,104.835719690,1420400271,1420402207,234540014707654,234540014864548,104.846870607,2.792301
3093,234540036048171,104.859695614,1420908703,1420910338,234540050592541,234540048762655,104.880768714,12.714484
3094,234540056242321,104.879889764,1420908703,1420910338,234540050592541,234540048762655,104.880768714,-7.479666
3095,234540091084170,104.914731613,1421417135,1421420338,234540082635450,234540082660762,104.914666821,-8.423408
3096,234540132595679,104.956243122,1421925567,1421928493,234540114612150,234540116558868,104.948564927,-16.036811
3097,234540158667500,104.982314943,1422433999,1422436613,234540150713280,234540150456975,104.982463034,-8.210525
3098,234540189194941,105.012842384,1422942431,1422944727,234540182654339,234540184355081,105.016361140,-4.839860
3099,234540233375772,105.057023215,1423450863,1423452849,234540218718236,234540218253188,105.050259247,-15.122584
3100,234540283302724,105.106950167,1424467728,1424471006,234540286712957,234540286049468,105.118055527,2.746744
3101,234540312086367,105.135733810,1424976160,1424979124,234540318765447,234540319947574,105.151953633,7.861207
3102,234540331330486,105.154977929,1424976160,1424979124,234540318765447,234540319947574,105.151953633,-11.382912
3103,234540365020204,105.188667647,1425484592,1425487270,234540354722573,234540353845681,105.185851740,-11.174523
3104,234540404918330,105.228565773,1426501456,1426503555,234540422735680,234540421641894,105.253647953,16.723564
3105,234540430409206,105.254056649,1426501456,1426503555,234540422735680,234540421641894,105.253647953,-8.767312
3106,234540462574530,105.286221973,1427009888,1427011694,234540454623468,234540455540000,105.287546059,-7.034530
3107,234540499563688,105.323211131,1427518320,1427519802,234540490655451,234540489438107,105.321444166,-10.125581
3108,234540540015224,105.363662667,1428026753,1428029815,234540522625094,234540523336280,105.355342339,-16.678944
3109,234540568339881,105.391987324,1428535185,1428537966,234540558636864,234540557234386,105.389240445,-11.105495
3110,234540602295190,105.425942633,1429043617,1429046104,234540590797130,234540591132493,105.423138552,-11.162697
3111,234540634613337,105.458260780,1429552049,1429554230,234540626783473,234540625030600,105.457036659,-9.582737
3112,234540685228757,105.508876200,1430568913,1430570496,234540694641449,234540692826813,105.524832872,7.598056
3113,234540719226007,105.542873450,1431077345,1431080479,234540726673404,234540726724919,105.558730978,7.498912
3114,234540739702606,105.563350049,1431077345,1431080479,234540726673404,234540726724919,105.558730978,-12.977687
3115,234540766664847,105.590312290,1431585777,1431588598,234540758689624,234540760623026,105.592629085,-6.041821
3116,234540810173527,105.633820970,1432094210,1432096708,234540794647325,234540794521199,105.626527258,-15.652328
3117,234540834381887,105.658029330,1432602642,1432604835,234540826757883,234540828419306,105.660425365,-5.962581
3118,234540869975306,105.693622749,1433111074,1433112971,234540862642005,234540862317412,105.694323471,-7.657894
3119,234540903935208,105.727582651,1433619506,1433621082,234540894752266,234540896215519,105.728221578,-7.719689
3120,234540944555808,105.768203251,1434127938,1434131085,234540930685254,234540930113625,105.762119684,-14.442183
3121,234540970279044,105.793926487,1434636370,1434639188,234540962711763,234540964011732,105.796017791,-6.267312
3122,234541005342046,105.828989489,1435144802,1435147291,234540998739731,234540997909838,105.829915897,-7.432208
3123,234541038869386,105.862516829,1435653234,1435655395,234541030805777,234541031807945,105.863814004,-7.061441
3124,234541081870538,105.905517981,1436161667,1436163532,234541066645069,234541065706118,105.897712177,-16.164420
3125,234541106413682,105.930061125,1436670099,1436671629,234541098733694,234541099604225,105.931610284,-6.809457
3126,234541142008549,105.965655992,1437178531,1437181640,234541134808617,234541133502331,105.965508390,-8.506218
3127,234541175263392,105.998910835,1437686963,1437689753,234541166706550,234541167400438,105.999406497,-7.862954
3128,234541216037059,106.039684502,1438195395,1438197872,234541202797412,234541201298544,106.033304603,-14.738515
3129,234541243055731,106.066703174,1438703827,1438706023,234541234831966,234541235196651,106.067202710,-7.859080
3130,234541281145345,106.104792788,1439212260,1439214166,234541270650935,234541269094824,106.101100883,-12.050521
3131,234541310725217,106.134372660,1439720692,1439722291,234541302843518,234541302992930,106.134998989,-7.732287
3132,234541349425707,106.173073150,1440229124,1440232305,234541338692543,234541336891037,106.168897096,-12.534670
3133,234541378416333,106.202063776,1440737556,1440740390,234541370732316,234541370789144,106.202795203,-7.627189
3134,234541409797712,106.233445155,1441245988,1441248493,234541402737908,234541404687250,106.236693309,-5.110462
3135,234541448906007,106.272553450,1441754420,1441756609,234541438783856,234541438585357,106.270591416,-10.320650
3136,234541493890678,106.317538121,1442771284,1442772835,234541506677091,234541506381570,106.338387629,12.490892
3137,234541517573942,106.341221385,1442771284,1442772835,234541506677091,234541506381570,106.338387629,-11.192372
3138,234541545173680,106.368821123,1443279716,1443282799,234541538745224,234541540279676,106.372285735,-4.894004
3139,234541582436670,106.406084113,1443788149,1443790923,234541574684301,234541574177850,106.406183909,-8.258820
3140,234541617704936,106.441352379,1444296581,1444299086,234541606698983,234541608075956,106.440082015,-9.628980
3141,234541654865765,106.478513208,1444805013,1444807224,234541642693657,234541641974063,106.473980122,-12.891702
3142,234541681921581,106.505569024,1445313445,1445315308,234541674749554,234541675872169,106.507878228,-6.049412
3143,234541718315627,106.541963070,1445821877,1445823428,234541710729466,234541709770276,106.541776335,-8.545351
3144,234541765718964,106.589366407,1446838741,1446841574,234541778708160,234541777566489,106.609572548,11.847525
3145,234541789565071,106.613212514,1446838741,1446841574,234541778708160,234541777566489,106.609572548,-11.998582
3146,234541817849235,106.641496678,1447347174,1447349708,234541810711951,234541811464662,106.643470721,-6.384573
3147,234541861914937,106.685562380,1447855606,1447857780,234541846829169,234541845362768,106.677368827,-16.552169
3148,234541909872600,106.733520043,1448872470,1448874029,234541914711884,234541913158982,106.745165041,3.286382
3149,234541936533780,106.760181223,1449380902,1449384027,234541946720235,234541947057088,106.779063147,10.523308
3150,234541957659398,106.781306841,1449380902,1449384027,234541946720235,234541947057088,106.779063147,-10.602310
3151,234541993971165,106.817618608,1449889334,1449892116,234541982770816,234541980955195,106.812961254,-13.015970
3152,234542034240476,106.857887919,1450906198,1450908285,234542046743632,234542048751408,106.880757467,14.510932
3153,234542060068627,106.883716070,1450906198,1450908285,234542046743632,234542048751408,106.880757467,-11.317219
3154,234542093854015,106.917501458,1451414631,1451416366,234542082724842,234542082649581,106.914655640,-11.204434
3155,234542122207022,106.945854465,1451923063,1451924515,234542114780748,234542116547688,106.948553747,-5.659334
3156,234542164077138,106.987724581,1452431495,1452434518,234542150730094,234542150445794,106.982451853,-13.631344
3157,234542190435855,107.014083298,1452939927,1452942616,234542182734245,234542184343901,107.016349960,-6.091954
3158,234542231414584,107.055062027,1453448359,1453450725,234542218796573,234542218242007,107.050248066,-13.172577
3159,234542260084937,107.083732380,1453956791,1453958871,234542250782074,234542252140114,107.084146173,-7.944823
3160,234542305045014,107.128692457,1454973655,1454975111,234542318748167,234542319936327,107.151942386,14.891313
3161,234542328792692,107.152440135,1454973655,1454975111,234542318748167,234542319936327,107.151942386,-8.856365
3162,234542365442763,107.189090206,1455482088,1455485109,234542354786409,234542353834500,107.185840559,-11.608263
3163,234542397172027,107.220819470,1455990520,1455993243,234542386818023,234542387732607,107.219738666,-9.439420
3164,234542438394026,107.262041469,1456498952,1456501363,234542422768274,234542421630713,107.253636772,-16.763313
3165,234542466684209,107.290331652,1457007384,1457009498,234542454792987,234542455528820,107.287534879,-11.155389
3166,234542501248632,107.324896075,1457515816,1457517611,234542490804105,234542489426926,107.321432985,-11.821706
3167,234542533278544,107.356925987,1458024248,1458025721,234542522849157,234542523325033,107.355331092,-9.953511
3168,234542578424982,107.402072425,1459041113,1459043859,234542590786692,234542591121312,107.423127371,12.696330
3169,234542602249352,107.425896795,1459041113,1459043859,234542590786692,234542591121312,107.423127371,-11.128040
3170,234542635269201,107.458916644,1459549545,1459551985,234542626803328,234542625019419,107.457025478,-10.249782
3171,234542669401683,107.493049126,1460057977,1460060097,234542658821886,234542658917526,107.490923585,-10.484157
3172,234542715552416,107.539199859,1461074841,1461076368,234542726816099,234542726713739,107.558719798,11.161323
3173,234542745881792,107.569529235,1461583273,1461586375,234542758790326,234542760611845,107.592617904,14.730053
3174,234542768350779,107.591998222,1461583273,1461586375,234542758790326,234542760611845,107.592617904,-7.738934
3175,234542807281540,107.630928983,1462091705,1462094462,234542794793007,234542794509952,107.626516011,-12.771588
3176,234542862786872,107.686434315,1463108570,1463110726,234542862783850,234542862306232,107.694312291,-0.480640
3177,234542892779780,107.716427223,1463617002,1463618847,234542894821611,234542896204338,107.728210397,3.424558
3178,234542912843741,107.736491184,1463617002,1463618847,234542894821611,234542896204338,107.728210397,-16.639403
3179,234542938263032,107.761910475,1464125434,1464126943,234542930810960,234542930102445,107.762108504,-8.160587
3180,234542988685455,107.812332898,1465142298,1465145055,234542998830422,234542997898658,107.829904717,9.213203
3181,234543016471938,107.840119381,1465650730,1465653178,234543030906538,234543031796764,107.863802823,15.324826
3182,234543037779974,107.861427417,1465650730,1465653178,234543030906538,234543031796764,107.863802823,-5.983210
3183,234543076042463,107.899689906,1466159162,1466161297,234543066832560,234543065694871,107.897700930,-10.347592
3184,234543120358348,107.944005791,1467176027,1467177529,234543134923046,234543133491151,107.965497210,13.132803
3185,234543148288499,107.971935942,1467176027,1467177529,234543134923046,234543133491151,107.965497210,-14.797348
3186,234543177299555,108.000946998,1467684459,1467687475,234543166931811,234543167389257,107.999395316,-9.910298
3187,234543215147604,108.038795047,1468192891,1468195603,234543202919403,234543201287364,108.033293423,-13.860240
3188,234543261391039,108.085038482,1469209755,1469211895,234543270850894,234543269083577,108.101089636,7.692538
3189,234543289697084,108.113344527,1469718187,1469720005,234543302885125,234543302981683,108.134987742,13.284599
3190,234543309409198,108.133056641,1469718187,1469720005,234543302885125,234543302981683,108.134987742,-6.427515
3191,234543344701677,108.168349120,1470226620,1470228166,234543334914712,234543336879856,108.168885915,-7.821821
3192,234543397531377,108.221178820,1471243484,1471246313,234543402880481,234543404676070,108.236682129,7.144693
3193,234543422094801,108.245742244,1471751916,1471754405,234543438821515,234543438574176,108.270580235,16.479375
3194,234543445393821,108.269041264,1471751916,1471754405,234543438821515,234543438574176,108.270580235,-6.819645
3195,234543478473654,108.302121097,1472260348,1472262557,234543470949881,234543472472283,108.304478342,-6.001371
3196,234543523018469,108.346665912,1472768780,1472770657,234543506843488,234543506370389,108.338376448,-16.648080
3197,234543547598078,108.371245521,1473277212,1473278746,234543538834878,234543540268496,108.372274555,-7.329582
3198,234543582695715,108.406343158,1473785644,1473788789,234543574924081,234543574166602,108.406172661,-8.529113
3199,234543615203899,108.438851342,1474294076,1474296928,234543607006170,234543608064709,108.440070768,-7.139190
3200,234543662411600,108.486059043,1475310941,1475313140,234543674863397,234543675860989,108.507867048,13.449389
3201,234543687574581,108.511222024,1475310941,1475313140,234543674863397,234543675860989,108.507867048,-11.713592
3202,234543718947672,108.542595115,1475819373,1475821235,234543711011836,234543709759095,108.541765154,-9.188577
3203,234543751996061,108.575643504,1476327805,1476329332,234543742923437,234543743657202,108.575663261,-8.338859
3204,234543806280419,108.629927862,1477344669,1477347412,234543810983113,234543811453415,108.643459474,5.172996
3205,234543833276399,108.656923842,1477853101,1477855542,234543846850491,234543845351521,108.677357580,12.075122
3206,234543855446446,108.679093889,1477853101,1477855542,234543846850491,234543845351521,108.677357580,-10.094925
3207,234543886740048,108.710387491,1478361534,1478363678,234543878994197,234543879249694,108.711255753,-7.490354
3208,234543929185111,108.752832554,1478869966,1478871847,234543914863524,234543913147801,108.745153860,-16.037310
3209,234543955409669,108.779057112,1479378398,1479379989,234543947052151,234543947045908,108.779051967,-8.363761
3210,234543985984157,108.809631600,1479886830,1479889999,234543982856492,234543980944014,108.812950073,-5.040143
3211,234544023913130,108.847560573,1480395262,1480398091,234544014932838,234544014842121,108.846848180,-9.071009
3212,234544067649049,108.891296492,1481412126,1481414342,234544082892640,234544082638334,108.914644393,14.989285
3213,234544091615835,108.915263278,1481412126,1481414342,234544082892640,234544082638334,108.914644393,-8.977501
3214,234544122532896,108.946180339,1481920558,1481922442,234544114877667,234544116536440,108.948542499,-5.996456
3215,234544162160961,108.985808404,1482428991,1482430599,234544150922504,234544150434614,108.982440673,-11.726347
3216,234544208760349,109.032407792,1483445855,1483448697,234544218909894,234544218230827,109.050236886,9.470478
3217,234544230890065,109.054537508,1483445855,1483448697,234544218909894,234544218230827,109.050236886,-12.659238
3218,234544257699653,109.081347096,1483954287,1483956829,234544251002657,234544252128933,109.084134992,-5.570720
3219,234544299763104,109.123410547,1484462719,1484464939,234544286957257,234544286027040,109.118033099,-13.736064
3220,234544341161662,109.164809105,1485479583,1485481170,234544354931811,234544353823253,109.185829312,12.661591
3221,234544371353824,109.195001267,1485988015,1485991188,234544386959909,234544387721359,109.219727418,16.367535
3222,234544395882488,109.219529931,1485988015,1485991188,234544386959909,234544387721359,109.219727418,-8.161129
3223,234544433322719,109.256970162,1486496448,1486499324,234544422947074,234544421619533,109.253625592,-11.703186
3224,234544478471516,109.302118959,1487513312,1487515562,234544490899484,234544489415746,109.321421805,10.944230
3225,234544501343999,109.324991442,1487513312,1487515562,234544490899484,234544489415746,109.321421805,-11.928253
3226,234544529520813,109.353168256,1488021744,1488023691,234544522912031,234544523313852,109.355319911,-6.206961
3227,234544567008335,109.390655778,1488530176,1488531829,234544558897472,234544557211959,109.389218018,-9.796376
3228,234544609878584,109.433526027,1489547040,1489549946,234544626916827,234544625008172,109.457014231,15.129588
3229,234544635412201,109.459059644,1489547040,1489549946,234544626916827,234544625008172,109.457014231,-10.404029
3230,234544665599640,109.489247083,1490055473,1490058030,234544658961939,234544658906345,109.490912404,-6.693295
3231,234544699216156,109.522863599,1490563905,1490566176,234544690928125,234544692804452,109.524810511,-6.411704
3232,234544740183349,109.563830792,1491072337,1491074307,234544726910334,234544726702558,109.558708617,-13.480791
3233,234544767391074,109.591038517,1491580769,1491582443,234544759008156,234544760600665,109.592606724,-6.790409
3234,234544802892552,109.626539995,1492089201,1492092470,234544794969266,234544794498771,109.626504830,-8.393781
3235,234544834651553,109.658298996,1492597633,1492600581,234544826985219,234544828396878,109.660402937,-6.254675
3236,234544885846541,109.709493984,1493614497,1493616839,234544894954507,234544896193091,109.728199150,10.346550
3237,234544912449080,109.736096523,1493614497,1493616839,234544894954507,234544896193091,109.728199150,-16.255989
3238,234544937708393,109.761355836,1494122930,1494124939,234544930978931,234544930091264,109.762097323,-7.617129
3239,234544972219613,109.795867056,1494631362,1494633091,234544962971984,234544963989371,109.795995430,-8.230242
3240,234545015066010,109.838713453,1495648226,1495651225,234545031022758,234545031785584,109.863791643,16.719574
3241,234545041781549,109.865428992,1495648226,1495651225,234545031022758,234545031785584,109.863791643,-9.995965
3242,234545075932780,109.899580223,1496156658,1496159334,234545066937243,234545065683690,109.897689749,-10.249090
3243,234545106948642,109.930596085,1496665090,1496667445,234545099012960,234545099581797,109.931587856,-7.366845
3244,234545143280473,109.966927916,1497173522,1497175568,234545134978147,234545133479903,109.965485962,-9.800570
3245,234545174636563,109.998284006,1497681954,1497683706,234545166995536,234545167378010,109.999384069,-7.258553
3246,234545216266459,110.039913902,1498190387,1498191853,234545203001167,234545201276183,110.033282242,-14.990276
3247,234545245998646,110.069646089,1498698819,1498701859,234545234972514,234545235174290,110.067180349,-10.824356
3248,234545289905448,110.113552891,1499715683,1499718087,234545302972550,234545302970503,110.134976562,13.065055
3249,234545315994120,110.139641563,1499715683,1499718087,234545302972550,234545302970503,110.134976562,-13.023617
3250,234545341785430,110.165432873,1500224115,1500226223,234545335033874,234545336868609,110.168874668,-4.916821
3251,234545379221883,110.202869326,1500732547,1500734340,234545371040295,234545370766716,110.202772775,-8.455167
3252,234545424772348,110.248419791,1501749412,1501752491,234545438975035,234545438562996,110.270569055,13.790648
3253,234545451726060,110.275373503,1501749412,1501752491,234545438975035,234545438562996,110.270569055,-13.163064
3254,234545479525898,110.303173341,1502257844,1502260637,234545470986649,234545472461102,110.304467161,-7.064796
3255,234545515087564,110.338735007,1502766276,1502768732,234545507124312,234545506359209,110.338365268,-8.728355
3256,234545552156798,110.375804241,1503274708,1503276848,234545538996349,234545540257315,110.372263374,-11.899483
3257,234545582848025,110.406495468,1503783140,1503784992,234545575108054,234545574155422,110.406161481,-8.692603
3258,234545614664635,110.438312078,1504291572,1504293154,234545606982997,234545608053528,110.440059587,-6.611107
3259,234545652119571,110.475767014,1504800004,1504803144,234545643134619,234545641951635,110.473957694,-10.167936
3260,234545697658456,110.521305899,1505816869,1505819409,234545711025685,234545709747915,110.541753974,12.089459
3261,234545721728196,110.545375639,1505816869,1505819409,234545711025685,234545709747915,110.541753974,-11.980281
3262,234545772088104,110.595735547,1506833733,1506835616,234545778994853,234545777544128,110.609550187,5.456024
3263,234545811520028,110.635167471,1507342165,1507343710,234545811025807,234545811442234,110.643448293,-0.077794
3264,234545832345880,110.655993323,1507850597,1507853678,234545847103740,234545845340341,110.677346400,12.994461
3265,234545859358021,110.683005464,1507850597,1507853678,234545847103740,234545845340341,110.677346400,-14.017680
3266,234545886858832,110.710506275,1508359029,1508361804,234545879173601,234545879238447,110.711244506,-7.620385
3267,234545932614869,110.756262312,1509375894,1509378033,234545947092113,234545947034727,110.779040786,14.419858
3268,234545953840304,110.777487747,1509375894,1509378033,234545947092113,234545947034727,110.779040786,-6.805577
3269,234545988061961,110.811709404,1509884326,1509886169,234545979112632,234545980932834,110.812938893,-7.129127
3270,234546027205823,110.850853266,1510392758,1510394278,234546015139150,234546014830940,110.846836999,-12.374883
3271,234546074910499,110.898557942,1511409622,1511412419,234546083097019,234546082627153,110.914633212,7.716654
3272,234546095673596,110.919321039,1511409622,1511412419,234546083097019,234546082627153,110.914633212,-13.046443
3273,234546122762308,110.946409751,1511918054,1511920542,234546115149422,234546116525260,110.948531319,-6.237048
3274,234546160571299,110.984218742,1512426486,1512428667,234546151035457,234546150423366,110.982429425,-10.147933
3275,234546206338149,111.029985592,1513443351,1513444908,234546219060243,234546218219646,111.050225705,11.881497
3276,234546228813450,111.052460893,1513443351,1513444908,234546219060243,234546218219646,111.050225705,-10.593804
3277,234546261061872,111.084709315,1513951783,1513954917,234546251094118,234546252117753,111.084123812,-8.944119
3278,234546300028450,111.123675893,1514460215,1514463051,234546287060458,234546286015859,111.118021918,-14.012591
3279,234546345841782,111.169489225,1515477079,1515479301,234546355048077,234546353812072,111.185818131,7.970290
3280,234546369902760,111.193550203,1515477079,1515479301,234546355048077,234546353812072,111.185818131,-16.090688
3281,234546395507772,111.219155215,1515985511,1515987427,234546387155043,234546387710179,111.219716238,-7.797593
3282,234546432911688,111.256559131,1516493943,1516495554,234546423080352,234546421608285,111.253614344,-11.303403
3283,234546483040845,111.306688288,1517510808,1517513691,234546491064067,234546489404565,111.321410624,6.363720
3284,234546505669385,111.329316828,1517510808,1517513691,234546491064067,234546489404565,111.321410624,-16.264820
3285,234546530655667,111.354303110,1518019240,1518021802,234546523105520,234546523302672,111.355308731,-7.352995
3286,234546561633745,111.385281188,1518527672,1518529903,234546559044238,234546557200778,111.389206837,-4.432967
3287,234546604809335,111.428456778,1519036104,1519038027,234546591062978,234546591098885,111.423104944,-13.710450
3288,234546632279672,111.455927115,1519544536,1519546138,234546623108957,234546624996991,111.457003050,-7.282681
3289,234546667200187,111.490847630,1520052968,1520056116,234546659089151,234546658895098,111.490901157,-8.305089
3290,234546698443327,111.522090770,1520561400,1520564252,234546691141982,234546692793204,111.524799263,-5.650123
3291,234546741883743,111.565531186,1521069833,1521072362,234546727092627,234546726691378,111.558697437,-15.192365
3292,234546767548301,111.591195744,1521578265,1521580495,234546759136678,234546760589484,111.592595543,-6.958817
3293,234546803037665,111.626685108,1522086697,1522088595,234546795121016,234546794487591,111.626493650,-8.550074
3294,234546834339170,111.657986613,1522595129,1522596711,234546827209732,234546828385697,111.660391756,-5.953473
3295,234546883267890,111.706915333,1523611993,1523614821,234546895141798,234546896181910,111.728187969,12.914020
3296,234546904089648,111.727737091,1523611993,1523614821,234546895141798,234546896181910,111.728187969,-7.907738
3297,234546938857965,111.762505408,1524120425,1524122902,234546931239648,234546930080017,111.762086076,-8.777948
3298,234546971907722,111.795555165,1524628857,1524631007,234546963201914,234546963978123,111.795984182,-7.929599
3299,234547022791132,111.846438575,1525645722,1525647235,234547031110970,234547031774403,111.863780462,8.983271
3300,234547043306040,111.866953483,1525645722,1525647235,234547031110970,234547031774403,111.863780462,-11.531637
3301,234547075242362,111.898889805,1526154154,1526157269,234547067163833,234547065672510,111.897678569,-9.569852
3302,234547109049019,111.932696462,1526662586,1526665391,234547099196658,234547099570616,111.931576675,-9.478403
3303,234547153212361,111.976859804,1527679450,1527681642,234547167143909,234547167366829,111.999372888,14.154468
3304,234547181100632,112.004748075,1527679450,1527681642,234547167143909,234547167366829,111.999372888,-13.733803
3305,234547207527127,112.031174570,1528187882,1528189781,234547203099364,234547201264936,112.033270995,-6.262191
3306,234547249075814,112.072723257,1528696314,1528697954,234547235219807,234547235163042,112.067169101,-13.912772
3307,234547301311853,112.124959296,1529713179,1529716064,234547303185072,234547302959322,112.134965381,1.647469
3308,234547323438734,112.147086177,1530221611,1530224216,234547335144517,234547336857429,112.168863488,13.418695
3309,234547345376483,112.169023926,1530221611,1530224216,234547335144517,234547336857429,112.168863488,-8.519054
3310,234547377759815,112.201407258,1530730043,1530732350,234547371121099,234547370755535,112.202761594,-7.004280
3311,234547422720884,112.246368327,1531746907,1531748615,234547439195955,234547438551748,112.270557807,15.830864
3312,234547445726364,112.269373807,1531746907,1531748615,234547439195955,234547438551748,112.270557807,-7.174616
3313,234547479484640,112.303132083,1532255340,1532258610,234547471227520,234547472449922,112.304455981,-7.034718
3314,234547519714880,112.343362323,1532763772,1532766731,234547507154162,234547506348028,112.338354087,-13.366852
3315,234547567247878,112.390895321,1533780636,1533782981,234547575183428,234547574144241,112.406150300,6.896363
3316,234547588430180,112.412077623,1533780636,1533782981,234547575183428,234547574144241,112.406150300,-14.285939
3317,234547616067103,112.439714546,1534289068,1534291120,234547607322721,234547608042348,112.440048407,-8.024755
3318,234547657777687,112.481425130,1534797500,1534799228,234547643208060,234547641940454,112.473946513,-15.837233
3319,234547702898018,112.526545461,1535814364,1535817322,234547711142692,234547709736667,112.541742726,6.838649
3320,234547723888275,112.547535718,1535814364,1535817322,234547711142692,234547709736667,112.541742726,-14.151608
3321,234547751469279,112.575116722,1536322796,1536325429,234547743177778,234547743634774,112.575640833,-7.834505
3322,234547786605303,112.610252746,1536831229,1536833521,234547779259993,234547777532947,112.609539006,-9.072356
3323,234547838742352,112.662389795,1537848093,1537849823,234547847145516,234547845329160,112.677335219,6.586808
3324,234547861228115,112.684875558,1537848093,1537849823,234547847145516,234547845329160,112.677335219,-15.898955
3325,234547888676908,112.712324351,1538356525,1538359844,234547879216167,234547879227267,112.711233326,-9.449641
3326,234547921860519,112.745507962,1538864957,1538867933,234547911180675,234547913125373,112.745131432,-8.735146
3327,234547967726642,112.791374085,1539881821,1539884209,234547979175203,234547980921586,112.812927645,13.194944
3328,234547988954601,112.812602044,1539881821,1539884209,234547979175203,234547980921586,112.812927645,-8.033015
3329,234548028680888,112.852328331,1540390254,1540392317,234548015164593,234548014819760,112.846825819,-13.861128
3330,234548053894039,112.877541482,1540898686,1540900419,234548047215795,234548048717866,112.880723925,-5.176173
3331,234548100080588,112.923728031,1541915550,1541918538,234548115182253,234548116514079,112.948520138,16.433491
3332,234548121877355,112.945524798,1541915550,1541918538,234548115182253,234548116514079,112.948520138,-5.363276
3333,234548159157403,112.982804846,1542423982,1542426657,234548151189869,234548150412186,112.982418245,-8.745217
3334,234548190357455,113.014004898,1542932414,1542934779,234548183284176,234548184310292,113.016316351,-6.047163
3335,234548233194201,113.056841644,1543440846,1543442872,234548219248647,234548218208399,113.050214458,-14.985802
3336,234548257682008,113.081329451,1543949278,1543951005,234548251240453,234548252106505,113.084112564,-5.575503
3337,234548302310494,113.125957937,1544457711,1544461030,234548287199890,234548286004679,113.118010738,-16.305815
3338,234548326472892,113.150120335,1544966143,1544969146,234548319209966,234548319902785,113.151908844,-6.570107
3339,234548366339010,113.189986453,1545474575,1545477277,234548355231645,234548353800892,113.185806951,-12.538118
3340,234548393651627,113.217299070,1545983007,1545985391,234548387204270,234548387698998,113.219705057,-5.952629
3341,234548435821919,113.259469362,1546491439,1546493514,234548423195302,234548421597105,113.253603164,-14.224814
3342,234548462684513,113.286331956,1546999871,1547001655,234548455333671,234548455495211,113.287501270,-7.189302
3343,234548505573904,113.329221347,1547508303,1547511617,234548491208892,234548489393318,113.321399377,-16.180586
3344,234548529967061,113.353614504,1548016735,1548019772,234548523217021,234548523291424,113.355297483,-6.675637
3345,234548564389379,113.388036822,1548525168,1548527853,234548555225422,234548557189598,113.389195657,-7.199781
3346,234548604619480,113.428266923,1549033600,1549035983,234548591218096,234548591087704,113.423093763,-13.531776
3347,234548651584461,113.475231904,1550050464,1550052195,234548659244846,234548658883917,113.490889976,7.299456
3348,234548674129090,113.497776533,1550050464,1550052195,234548659244846,234548658883917,113.490889976,-15.245173
3349,234548699096610,113.522744053,1550558896,1550562186,234548691256278,234548692782024,113.524788083,-6.314586
3350,234548739778582,113.563426025,1551067328,1551070297,234548727224142,234548726680130,113.558686189,-13.098452
3351,234548795524179,113.619171622,1552084193,1552086502,234548795219433,234548794476410,113.626482469,-1.047769
3352,234548820127882,113.643775325,1552592625,1552594658,234548827231066,234548828374517,113.660380576,8.246635
3353,234548846053373,113.669700816,1553101057,1553102750,234548863244407,234548862272623,113.694278682,16.219250
3354,234548873097961,113.696745404,1553101057,1553102750,234548863244407,234548862272623,113.694278682,-10.825338
3355,234548925386879,113.749034322,1554117921,1554120860,234548931273641,234548930068836,113.762074895,4.681957
3356,234548944884585,113.768532028,1554117921,1554120860,234548931273641,234548930068836,113.762074895,-14.815749
3357,234548972345759,113.795993202,1554626353,1554628994,234548963243451,234548963966943,113.795973002,-8.378816
3358,234549012197741,113.835845184,1555134785,1555137101,234548999242403,234548997865049,113.829871108,-14.332692
3359,234549061813607,113.885461050,1556151650,1556153357,234549067249077,234549065661329,113.897667388,3.847722
3360,234549088886500,113.912533943,1556660082,1556663358,234549099270854,234549099559436,113.931565495,10.672936
3361,234549120160647,113.943808090,1557168514,1557171503,234549135292800,234549133457542,113.965463601,13.296895
3362,234549141803719,113.965451162,1557168514,1557171503,234549135292800,234549133457542,113.965463601,-8.346177
3363,234549188135715,114.011783158,1558185378,1558187740,234549199283796,234549201253755,114.033259814,13.118040
3364,234549208809056,114.032456499,1558185378,1558187740,234549199283796,234549201253755,114.033259814,-7.555301
3365,234549244410842,114.068058285,1558693810,1558695867,234549235305907,234549235151862,114.067157921,-9.258980
3366,234549273633786,114.097281229,1559202242,1559204002,234549267268073,234549269049968,114.101056027,-4.583818
3367,234549313203531,114.136850974,1559710674,1559713962,234549303264247,234549302948075,114.134954134,-10.255456
3368,234549344925165,114.168572608,1560219107,1560222114,234549335272699,234549336846248,114.168852307,-8.078917
3369,234549381053792,114.204701235,1560727539,1560730241,234549371279555,234549370744355,114.202750414,-10.309437
3370,234549410926266,114.234573709,1561235971,1561238364,234549403297343,234549404642461,114.236648520,-6.283805
3371,234549458910135,114.282557578,1562252835,1562254602,234549471285982,234549472438674,114.304444733,13.528539
3372,234549482050982,114.305698425,1562252835,1562254602,234549471285982,234549472438674,114.304444733,-9.612308
3373,234549520403673,114.344051116,1562761267,1562762755,234549507312636,234549506336781,114.338342840,-14.066892
3374,234549548191590,114.371839033,1563269699,1563272744,234549539325838,234549540234887,114.372240946,-7.956703
3375,234549593509207,114.417156650,1564286564,1564288951,234549607430739,234549608031167,114.440037226,14.521960
3376,234549613828547,114.437475990,1564286564,1564288951,234549607430739,234549608031167,114.440037226,-5.797380
3377,234549656579048,114.480226491,1564794996,1564797064,234549643279966,234549641929274,114.473935333,-14.649774
3378,234549682234875,114.505882318,1565303428,1565305198,234549675311968,234549675827380,114.507833439,-6.407495
3379,234549729203055,114.552850498,1566320292,1566323318,234549743334236,234549743623593,114.575629652,14.420538
3380,234549753348016,114.576995459,1566320292,1566323318,234549743334236,234549743623593,114.575629652,-9.724423
3381,234549790009217,114.613656660,1566828724,1566831479,234549779289643,234549777521700,114.609527759,-12.487517
3382,234549819820936,114.643468379,1567337156,1567339606,234549811335469,234549811419806,114.643425865,-8.401130
3383,234549874242910,114.697890353,1568354021,1568355834,234549879362088,234549879216086,114.711222145,4.973176
3384,234549894807644,114.718455087,1568354021,1568355834,234549879362088,234549879216086,114.711222145,-15.591558
3385,234549919053870,114.742701313,1568862453,1568863979,234549911317129,234549913114193,114.745120252,-5.939677
3386,234549957218932,114.780866375,1569370885,1569373997,234549947395460,234549947012299,114.779018358,-10.206633
3387,234549998265879,114.821913322,1570387749,1570390194,234550015340522,234550014808512,114.846814571,16.542633
3388,234550021783588,114.845431031,1570387749,1570390194,234550015340522,234550014808512,114.846814571,-6.975076
3389,234550056026415,114.879673858,1570896181,1570898325,234550047335686,234550048706619,114.880712678,-7.319796
3390,234550091731177,114.915378620,1571404614,1571406437,234550083319561,234550082604792,114.914610851,-9.126385
3391,234550135530785,114.959178228,1572421478,1572424598,234550151391954,234550150401005,114.982407064,14.870220
3392,234550158064180,114.981711623,1572421478,1572424598,234550151391954,234550150401005,114.982407064,-7.663175
3393,234550190754675,115.014402118,1572929910,1572932667,234550183356490,234550184299112,115.016305171,-6.455563
3394,234550232438665,115.056086108,1573438342,1573440771,234550219390628,234550218197218,115.050203277,-14.241447
3395,234550285420151,115.109067594,1574455206,1574457071,234550287337439,234550285993431,115.117999490,0.573280
3396,234550305113703,115.128761146,1574963638,1574965155,234550319365799,234550319891538,115.151897597,14.777835
3397,234550326936162,115.150583605,1574963638,1574965155,234550319365799,234550319891538,115.151897597,-7.044624
3398,234550367173397,115.190820840,1575472071,1575475167,234550355348493,234550353789711,115.185795770,-13.383686
3399,234550419445897,115.243093340,1576488935,1576491373,234550423373326,234550421585924,115.253591983,2.140027
3400,234550438294933,115.261942376,1576488935,1576491373,234550423373326,234550421585924,115.253591983,-16.709009
3401,234550466856859,115.290504302,1576997367,1576999485,234550455366410,234550455484031,115.287490090,-11.372828
3402,234550493530026,115.317177469,1577505799,1577507577,234550487429768,234550489382137,115.321388196,-4.147889
3403,234550532673918,115.356321361,1578014231,1578017553,234550523381595,234550523280244,115.355286303,-9.393674
3404,234550562094664,115.385742107,1578522663,1578525672,234550555369542,234550557178350,115.389184409,-4.916314
3405,234550602592844,115.426240287,1579031095,1579033804,234550591449563,234550591076457,115.423082516,-11.516387
3406,234550633865733,115.457513176,1579539528,1579541956,234550623369771,234550624974630,115.456980689,-8.891103
3407,234550684287876,115.507935319,1580556392,1580558183,234550691380440,234550692770843,115.524776902,8.482967
3408,234550705929132,115.529576575,1580556392,1580558183,234550691380440,234550692770843,115.524776902,-13.158289
3409,234550736010619,115.559658062,1581064824,1581066365,234550727413474,234550726668950,115.558675009,-9.341669
3410,234550766069163,115.589716606,1581573256,1581576369,234550759376747,234550760567056,115.592573115,-5.502107
3411,234550806105984,115.629753427,1582081688,1582084514,234550795376820,234550794465163,115.626471222,-11.640821
3412,234550833570324,115.657217767,1582590120,1582592610,234550827384866,234550828363269,115.660369328,-5.207055
3413,234550871033095,115.694680538,1583098553,1583100739,234550863374258,234550862261443,115.694267502,-8.771652
3414,234550902034451,115.725681894,1583606985,1583608833,234550895428684,234550896159549,115.728165608,-5.874902
3415,234550946228732,115.769876175,1584115417,1584116957,234550931388263,234550930057656,115.762063715,-16.171076
3416,234550972590711,115.796238154,1584623849,1584627044,234550963400809,234550963955762,115.795961821,-8.634949
3417,234551014119249,115.837766692,1585132281,1585135138,234550999445770,234550997853869,115.829859928,-16.265380
3418,234551037929001,115.861576444,1585640713,1585643304,234551031403215,234551031751975,115.863758034,-6.177026
3419,234551089085195,115.912732638,1586657577,1586659499,234551099439653,234551099548188,115.931554247,10.462993
3420,234551111959303,115.935606746,1586657577,1586659499,234551099439653,234551099548188,115.931554247,-12.411115
3421,234551143334424,115.966981867,1587166010,1587167632,234551131461699,234551133446362,115.965452421,-9.888062
3422,234551176976401,116.000623844,1587674442,1587677611,234551167421100,234551167344468,115.999350527,-9.631933
3423,234551222892724,116.046540167,1588691306,1588693836,234551235456259,234551235140681,116.067146740,12.247957
3424,234551243067265,116.066714708,1588691306,1588693836,234551235456259,234551235140681,116.067146740,-7.926584
3425,234551275094321,116.098741764,1589199738,1589201983,234551267437190,234551269038788,116.101044847,-6.055533
3426,234551311821170,116.135468613,1589708170,1589710091,234551303537925,234551302936894,116.134942953,-8.884276
3427,234551352323845,116.175971288,1590216602,1590218225,234551335431784,234551336835001,116.168841060,-15.488844
3428,234551378276349,116.201923792,1590725034,1590728246,234551371481241,234551370733107,116.202739166,-7.543242
3429,234551415071753,116.238719196,1591233467,1591236354,234551403471797,234551404631281,116.236637340,-10.440472
3430,234551447744304,116.271391747,1591741899,1591744478,234551439436864,234551438529387,116.270535446,-9.214917
3431,234551493574816,116.317222259,1592758763,1592760701,234551507466211,234551506325600,116.338331659,12.750784
3432,234551515887884,116.339535327,1592758763,1592760701,234551507466211,234551506325600,116.338331659,-9.562284
3433,234551547768583,116.371416026,1593267195,1593268841,234551539507879,234551540223707,116.372229766,-7.544876
3434,234551584600143,116.408247586,1593775627,1593778832,234551575473885,234551574121813,116.406127872,-10.478330
3435,234551624493200,116.448140643,1594284060,1594287009,234551607467404,234551608019987,116.440026046,-16.473213
3436,234551651517659,116.475165102,1594792492,1594795159,234551643429063,234551641918093,116.473924152,-9.599566
3437,234551689295737,116.512943180,1595300924,1595303281,234551675511538,234551675816200,116.507822259,-13.479537
3438,234551724222121,116.547869564,1595809356,1595811396,234551711494426,234551709714306,116.541720365,-14.507815
3439,234551771564421,116.595211864,1596826220,1596829509,234551779451158,234551777510519,116.609516578,5.946098
3440,234551793837528,116.617484971,1596826220,1596829509,234551779451158,234551777510519,116.609516578,-16.327009
3441,234551819168811,116.642816254,1597334652,1597337646,234551811530505,234551811408626,116.643414685,-7.760185
3442,234551855407398,116.679054841,1597843084,1597845812,234551843460629,234551845306732,116.677312791,-10.100666
3443,234551906721594,116.730369037,1598859949,1598862001,234551911490862,234551913103012,116.745109071,6.381418
3444,234551926248785,116.749896228,1598859949,1598862001,234551911490862,234551913103012,116.745109071,-13.145773
3445,234551957868646,116.781516089,1599368381,1599370138,234551947470044,234551947001119,116.779007178,-10.867527
3446,234551987438323,116.811085766,1599876813,1599878289,234551979507681,234551980899225,116.812905284,-6.539098
3447,234552032272100,116.855919543,1600893677,1600896394,234552047537098,234552048695438,116.880701497,16.423338
3448,234552055747509,116.879394952,1600893677,1600896394,234552047537098,234552048695438,116.880701497,-7.052071
3449,234552093331724,116.916979167,1601402109,1601404534,234552083523228,234552082593545,116.914599604,-10.738179
3450,234552122828514,116.946475957,1601910541,1601912649,234552115526557,234552116491651,116.948497710,-6.336863
3451,234552163968719,116.987616162,1602418974,1602420773,234552151481407,234552150389825,116.982395884,-13.578894
3452,234552191135330,117.014782773,1602927406,1602928940,234552183497642,234552184287931,117.016293990,-6.847399
3453,234552234540137,117.058187580,1603435838,1603438944,234552219541143,234552218186038,117.050192097,-16.354099
3454,234552258102461,117.081749904,1603944270,1603947069,234552251535677,234552252084144,117.084090203,-6.018317
3455,234552300153898,117.123801341,1604452702,1604455167,234552287531670,234552285982251,117.117988310,-14.171647
3456,234552326706427,117.150353870,1604961134,1604963305,234552319570791,234552319880357,117.151886416,-6.826070
3457,234552363321689,117.186969132,1605469566,1605471423,234552355483092,234552353778464,117.185784523,-9.543225
3458,234552395052492,117.218699935,1605977998,1605979584,234552387595022,234552387676570,117.219682629,-7.375922
3459,234552435986370,117.259633813,1606486431,1606489600,234552423521399,234552421574744,117.253580803,-14.411626
3460,234552465143919,117.288791362,1606994863,1606997748,234552455555140,234552455472850,117.287478909,-9.671069
3461,234552497731339,117.321378782,1607503295,1607505848,234552487519986,234552489370957,117.321377016,-8.360382
3462,234552537467433,117.361114876,1608011727,1608013995,234552523574245,234552523269063,117.355275122,-14.198370
3463,234552588178548,117.411825991,1609028591,1609030247,234552591537412,234552591065276,117.423071335,2.886728
3464,234552607125848,117.430773291,1609028591,1609030247,234552591537412,234552591065276,117.423071335,-16.060572
3465,234552631231831,117.454879274,1609537023,1609540235,234552623572568,234552624963383,117.456969442,-6.268448
3466,234552669989353,117.493636796,1610045455,1610048347,234552659518073,234552658861489,117.490867548,-11.127864
3467,234552713324342,117.536971785,1611062320,1611064596,234552727525684,234552726657769,117.558663828,13.333427
3468,234552739151187,117.562798630,1611062320,1611064596,234552727525684,234552726657769,117.558663828,-12.493418
3469,234552767453099,117.591100542,1611570752,1611572738,234552759530282,234552760555876,117.592561935,-6.897223
3470,234552803412622,117.627060065,1612079184,1612080850,234552795584061,234552794453982,117.626460041,-8.958640
3471,234552847168615,117.670816058,1613096048,1613098963,234552863537111,234552862250195,117.694256254,15.081580
3472,234552874935874,117.698583317,1613096048,1613098963,234552863537111,234552862250195,117.694256254,-12.685679
3473,234552903168051,117.726815494,1613604480,1613607067,234552895610885,234552896148302,117.728154361,-7.019749
3474,234552939510960,117.763158403,1614112913,1614115188,234552931567477,234552930046475,117.762052534,-9.464485
3475,234552991691001,117.815338444,1615129777,1615131444,234552999546493,234552997842688,117.829848747,6.151687
3476,234553014301300,117.837948743,1615129777,1615131444,234552999546493,234552997842688,117.829848747,-16.458612
3477,234553039582232,117.863229675,1615638209,1615641404,234553031625526,234553031740795,117.863746854,-7.841437
3478,234553070241925,117.893889368,1616146641,1616149536,234553067542522,234553065638901,117.897644960,-4.603024
3479,234553107303908,117.930951351,1616655073,1616657653,234553099562652,234553099537008,117.931543067,-7.766900
3480,234553138078771,117.961726214,1617163505,1617165752,234553131704959,234553133435114,117.965441173,-4.643657
3481,234553175169601,117.998817044,1617671937,1617673900,234553167557863,234553167333221,117.999339280,-7.836380
3482,234553206555039,118.030202482,1618180370,1618182045,234553199623069,234553201231394,118.033237453,-5.323645
3483,234553248302418,118.071949861,1618688802,1618692068,234553235587251,234553235129501,118.067135560,-13.172917
3484,234553274166786,118.097814229,1619197234,1619200159,234553267621124,234553269027607,118.101033666,-5.139179
3485,234553312798198,118.136445641,1619705666,1619708304,234553303570197,234553302925714,118.134931773,-9.872484
3486,234553343074240,118.166721683,1620214098,1620216457,234553335622823,234553336823820,118.168829879,-6.250420
3487,234553393148744,118.216796187,1621230962,1621232656,234553403593959,234553404620033,118.236626092,11.471289
3488,234553414090467,118.237737910,1621230962,1621232656,234553403593959,234553404620033,118.236626092,-9.470434
3489,234553451965796,118.275613239,1621739394,1621742632,234553439571131,234553438518140,118.270524199,-13.447656
3490,234553479585741,118.303233184,1622247827,1622250732,234553471630095,234553472416313,118.304422372,-7.169428
3491,234553525809372,118.349456815,1623264691,1623267019,234553539657229,234553540212526,118.372218585,14.403154
3492,234553546166480,118.369813923,1623264691,1623267019,234553539657229,234553540212526,118.372218585,-5.953954
3493,234553587417997,118.411065440,1623773123,1623775107,234553575636655,234553574110633,118.406116692,-13.307364
3494,234553619703250,118.443350693,1624281555,1624283248,234553607665541,234553608008739,118.440014798,-11.694511
3495,234553664497645,118.488145088,1625298420,1625301325,234553675621216,234553675805019,118.507811078,11.307374
3496,234553685976321,118.509623764,1625298420,1625301325,234553675621216,234553675805019,118.507811078,-10.171302
3497,234553715132165,118.538779608,1625806852,1625809437,234553711606834,234553709703126,118.541709185,-5.429039
3498,234553753158303,118.576805746,1626315284,1626317563,234553743667712,234553743601232,118.575607291,-9.557071
3499,234553799161818,118.622809261,1627332148,1627333836,234553811658326,234553811397445,118.643403504,12.235627
3500,234553820150088,118.643797531,1627332148,1627333836,234553811658326,234553811397445,118.643403504,-8.752643
3501,234553851310004,118.674957447,1627840580,1627843823,234553843667553,234553845295552,118.677301611,-6.014452
3502,234553886201980,118.709849423,1628349012,1628351959,234553879670369,234553879193658,118.711199717,-7.008322
3503,234553929478831,118.753126274,1628857444,1628860080,234553911627287,234553913091765,118.745097824,-16.387066
3504,234553954110513,118.777757956,1629365876,1629368222,234553947634441,234553946989871,118.778995930,-7.120642
3505,234553990488792,118.814136235,1629874309,1629876373,234553979618646,234553980888045,118.812894104,-9.600747
3506,234554024667870,118.848315313,1630382741,1630384474,234554015633460,234554014786151,118.846792210,-9.881719
3507,234554067751715,118.891399158,1631399605,1631402614,234554083750866,234554082582364,118.914588423,14.830649
3508,234554092459627,118.916107070,1631399605,1631402614,234554083750866,234554082582364,118.914588423,-9.877263
3509,234554128859130,118.952506573,1631908037,1631910745,234554115697449,234554116480471,118.948486530,-12.378659
3510,234554162682458,118.986329901,1632416469,1632418868,234554151664695,234554150378577,118.982384636,-12.303881
3511,234554204004816,119.027652259,1633433334,1633435084,234554219630667,234554218174857,119.050180916,14.170041
3512,234554241618132,119.065265575,1633941766,1633945082,234554251672556,234554252072964,119.084079023,10.454832
3513,234554272313613,119.095961056,1634450198,1634453212,234554287705226,234554285971070,119.117977129,13.657457
3514,234554294521415,119.118168858,1634450198,1634453212,234554287705226,234554285971070,119.117977129,-8.550345
3515,234554327780801,119.151428244,1634958630,1634961320,234554319802721,234554319869177,119.151875236,-7.911624
3516,234554360200228,119.183847671,1635467062,1635469438,234554355632024,234554353767283,119.185773342,-6.432945
3517,234554395907121,119.219554564,1635975494,1635977579,234554387697124,234554387665390,119.219671449,-8.241731
3518,234554426179503,119.249826946,1636483926,1636485701,234554419698669,234554421563496,119.253569555,-4.616007
3519,234554466518690,119.290166133,1636992358,1636993833,234554455698278,234554455461603,119.287467662,-11.057087
3520,234554494527396,119.318174839,1637500791,1637503784,234554487749246,234554489359776,119.321365835,-5.167620
3521,234554531739419,119.355386862,1638009223,1638011910,234554523678924,234554523257883,119.355263942,-8.481536
3522,234554562298022,119.385945465,1638517655,1638519994,234554555702758,234554557155989,119.389162048,-5.142033
3523,234554600834352,119.424481795,1639026087,1639028124,234554591739926,234554591054096,119.423060155,-9.780256
3524,234554634861312,119.458508755,1639534519,1639536253,234554623804145,234554624952202,119.456958261,-9.909110
3525,234554687051933,119.510699376,1640551383,1640554410,234554691672359,234554692748415,119.524754474,5.696482
3526,234554708661731,119.532309174,1640551383,1640554410,234554691672359,234554692748415,119.524754474,-15.913316
3527,234554735266309,119.558913752,1641059815,1641062502,234554727662767,234554726646522,119.558652581,-8.619787
3528,234554767306171,119.590953614,1641568248,1641570594,234554759727554,234554760544695,119.592550754,-6.761476
3529,234554805473148,119.629120591,1642076680,1642078744,234554795687123,234554794442802,119.626448861,-11.030346
3530,234554835584106,119.659231549,1642585112,1642586907,234554827754435,234554828340908,119.660346967,-7.243198
3531,234554874744959,119.698392402,1643093544,1643095020,234554863714902,234554862239015,119.694245074,-12.505944
3532,234554918340678,119.741988121,1644110408,1644113121,234554931689593,234554930035228,119.762041287,11.694550
3533,234554984060382,119.807707825,1645127273,1645129385,234554999684318,234554997831508,119.829837567,13.771126
3534,234555003176462,119.826823905,1645127273,1645129385,234554999684318,234554997831508,119.829837567,-5.344954
3535,234555025508351,119.849155794,1645635705,1645637475,234555031751699,234555031729614,119.863735673,6.221263
3536,234555049540889,119.873188332,1646144137,1646147463,234555063727447,234555065627721,119.897633780,16.086832
3537,234555104918446,119.928565889,1646652569,1646655601,234555099750979,234555099525827,119.931531886,-5.392619
3538,234555125614630,119.949262073,1647161001,1647163716,234555131709881,234555133423934,119.965429993,7.809304
3539,234555147182341,119.970829784,1647161001,1647163716,234555131709881,234555133423934,119.965429993,-13.758407
3540,234555174436385,119.998083828,1647669433,1647671883,234555167706802,234555167322040,119.999328099,-7.114345
3541,234555218075546,120.041722989,1648177865,1648179988,234555199733308,234555201220147,120.033226206,-16.855399
