frame_index,receive_monotonic_ns,relative_s
0,234435176352557,0.000000000
1,234435210303041,0.033950484
2,234435244121173,0.067768616
3,234435278149530,0.101796973
4,234435315563609,0.139211052
5,234435348548216,0.172195659
6,234435377144167,0.200791610
7,234435417439828,0.241087271
8,234435446728713,0.270376156
9,234435482958569,0.306606012
10,234435513090758,0.336738201
11,234435555144562,0.378792005
12,234435623865613,0.447513056
13,234435656720370,0.480367813
14,234435684037905,0.507685348
15,234435710959276,0.534606719
16,234435736203027,0.559850470
17,234435776242547,0.599889990
18,234435805957689,0.629605132
19,234435841866878,0.665514321
20,234435869663874,0.693311317
21,234435914794499,0.738441942
22,234435938883129,0.762530572
23,234435964213787,0.787861230
24,234435989659508,0.813306951
25,234436025350987,0.848998430
26,234436057376298,0.881023741
27,234436093074943,0.916722386
28,234436127232347,0.950879790
29,234436179194277,1.002841720
30,234436205661894,1.029309337
31,234436226800504,1.050447947
32,234436258386426,1.082033869
33,234436299428166,1.123075609
34,234436325129733,1.148777176
35,234436363115169,1.186762612
36,234436394840199,1.218487642
37,234436438962735,1.262610178
38,234436463372435,1.287019878
39,234436503125025,1.326772468
40,234436529835121,1.353482564
41,234436573516141,1.397163584
42,234436597129739,1.420777182
43,234436636846725,1.460494168
44,234436666705922,1.490353365
45,234436709619110,1.533266553
46,234436733277184,1.556924627
47,234436771515978,1.595163421
48,234436807219238,1.630866681
49,234436853124351,1.676771794
50,234436876872925,1.700520368
51,234436904566817,1.728214260
52,234436943767070,1.767414513
53,234436998331643,1.821979086
54,234437018197793,1.841845236
55,234437039801123,1.863448566
56,234437075722078,1.899369521
57,234437117888802,1.941536245
58,234437147381865,1.971029308
59,234437175006025,1.998653468
60,234437211678705,2.035326148
61,234437251534982,2.075182425
62,234437277379123,2.101026566
63,234437310997142,2.134644585
64,234437347996040,2.171643483
65,234437391816605,2.215464048
66,234437413318058,2.236965501
67,234437453265380,2.276912823
68,234437481834651,2.305482094
69,234437521474920,2.345122363
70,234437545140612,2.368788055
71,234437584866263,2.408513706
72,234437617214689,2.440862132
73,234437660061863,2.483709306
74,234437681694482,2.505341925
75,234437724748432,2.548395875
76,234437751600513,2.575247956
77,234437793095792,2.616743235
78,234437817377626,2.641025069
79,234437857329273,2.680976716
80,234437889241289,2.712888732
81,234437930959334,2.754606777
82,234437953982826,2.777630269
83,234437993649211,2.817296654
84,234438025095034,2.848742477
85,234438074050097,2.897697540
86,234438094439964,2.918087407
87,234438130741906,2.954389349
88,234438157560767,2.981208210
89,234438207422122,3.031069565
90,234438228535359,3.052182802
91,234438258405320,3.082052763
92,234438297463049,3.121110492
93,234438338358395,3.162005838
94,234438363158837,3.186806280
95,234438396804739,3.220452182
96,234438432868581,3.256516024
97,234438483252982,3.306900425
98,234438503983693,3.327631136
99,234438530448229,3.354095672
100,234438566558886,3.390206329
101,234438611176186,3.434823629
102,234438634024618,3.457672061
103,234438666566894,3.490214337
104,234438703860480,3.527507923
105,234438747156956,3.570804399
106,234438771933267,3.595580710
107,234438804254125,3.627901568
108,234438836447794,3.660095237
109,234438886936344,3.710583787
110,234438906531188,3.730178631
111,234438939250062,3.762897505
112,234438970793698,3.794441141
113,234439014071614,3.837719057
114,234439037980313,3.861627756
115,234439078539554,3.902186997
116,234439109585093,3.933232536
117,234439153300805,3.976948248
118,234439176903766,4.000551209
119,234439210791572,4.034439015
120,234439247346673,4.070994116
121,234439297478898,4.121126341
122,234439316509885,4.140157328
123,234439347449791,4.171097234
124,234439378870462,4.202517905
125,234439420406426,4.244053869
126,234439445941136,4.269588579
127,234439484428699,4.308076142
128,234439513741219,4.337388662
129,234439554956669,4.378604112
130,234439581409387,4.405056830
131,234439614594917,4.438242360
132,234439657724934,4.481372377
133,234439705926780,4.529574223
134,234439726370048,4.550017491
135,234439750842982,4.574490425
136,234439788590825,4.612238268
137,234439832647890,4.656295333
138,234439853395996,4.677043439
139,234439891611904,4.715259347
140,234439923648717,4.747296160
141,234439965791508,4.789438951
142,234439989408744,4.813056187
143,234440022686670,4.846334113
144,234440059672510,4.883319953
145,234440099203614,4.922851057
146,234440121379590,4.945027033
147,234440164630700,4.988278143
148,234440195583546,5.019230989
149,234440251793101,5.075440544
150,234440274432224,5.098079667
151,234440298088304,5.121735747
152,234440326910637,5.150558080
153,234440377980906,5.201628349
154,234440397642086,5.221289529
155,234440436715679,5.260363122
156,234440461684865,5.285332308
157,234440505131745,5.328779188
158,234440529432607,5.353080050
159,234440571690629,5.395338072
160,234440601397138,5.425044581
161,234440641586362,5.465233805
162,234440665540157,5.489187600
163,234440708541128,5.532188571
164,234440733415068,5.557062511
165,234440779010721,5.602658164
166,234440801423187,5.625070630
167,234440834451395,5.658098838
168,234440870789225,5.694436668
169,234440912154543,5.735801986
170,234440938170337,5.761817780
171,234440971150769,5.794798212
172,234441009308545,5.832955988
173,234441053416517,5.877063960
174,234441073675880,5.897323323
175,234441111447778,5.935095221
176,234441147080534,5.970727977
177,234441199867615,6.023515058
178,234441225117342,6.048764785
179,234441246524280,6.070171723
180,234441279324186,6.102971629
181,234441322210390,6.145857833
182,234441345621629,6.169269072
183,234441383470468,6.207117911
184,234441414121389,6.237768832
185,234441462290732,6.285938175
186,234441485208240,6.308855683
187,234441516390804,6.340038247
188,234441547304907,6.370952350
189,234441597211441,6.420858884
190,234441618444380,6.442091823
191,234441650939358,6.474586801
192,234441681630027,6.505277470
193,234441722006750,6.545654193
194,234441750282042,6.573929485
195,234441787872549,6.611519992
196,234441821602328,6.645249771
197,234441871591316,6.695238759
198,234441893486218,6.717133661
199,234441924455274,6.748102717
200,234441955759436,6.779406879
201,234442003937561,6.827585004
202,234442027203671,6.850851114
203,234442056245000,6.879892443
204,234442091427036,6.915074479
205,234442137364239,6.961011682
206,234442159680369,6.983327812
207,234442192939788,7.016587231
208,234442227876314,7.051523757
209,234442287947440,7.111594883
210,234442307824480,7.131471923
211,234442330849243,7.154496686
212,234442362691891,7.186339334
213,234442402696156,7.226343599
214,234442429847140,7.253494583
215,234442463830712,7.287478155
216,234442505431027,7.329078470
217,234442568496749,7.392144192
218,234442594394131,7.418041574
219,234442616817903,7.440465346
220,234442638456299,7.462103742
221,234442685642171,7.509289614
222,234442707394803,7.531042246
223,234442735075180,7.558722623
224,234442767852484,7.591499927
225,234442823530181,7.647177624
226,234442845794660,7.669442103
227,234442871402159,7.695049602
228,234442901942720,7.725590163
229,234442946132407,7.769779850
230,234442971284644,7.794932087
231,234443007926742,7.831574185
232,234443039094281,7.862741724
233,234443093403999,7.917051442
234,234443112625009,7.936272452
235,234443143632221,7.967279664
236,234443175375925,7.999023368
237,234443222609149,8.046256592
238,234443246279535,8.069926978
239,234443279554207,8.103201650
240,234443316575500,8.140222943
241,234443367426781,8.191074224
242,234443390221245,8.213868688
243,234443414463803,8.238111246
244,234443446098180,8.269745623
245,234443495406322,8.319053765
246,234443514689380,8.338336823
247,234443552380161,8.376027604
248,234443586504400,8.410151843
249,234443643746071,8.467393514
250,234443669267512,8.492914955
251,234443693750683,8.517398126
252,234443717964905,8.541612348
253,234443768751081,8.592398524
254,234443792282229,8.615929672
255,234443820270635,8.643918078
256,234443860206788,8.683854231
257,234443909384110,8.733031553
258,234443931980185,8.755627628
259,234443958329854,8.781977297
260,234443990318623,8.813966066
261,234444035802121,8.859449564
262,234444091043709,8.914691152
263,234444122734231,8.946381674
264,234444148070327,8.971717770
265,234444175332688,8.998980131
266,234444197373295,9.021020738
267,234444235832826,9.059480269
268,234444263645047,9.087292490
269,234444295152222,9.118799665
270,234444326333129,9.149980572
271,234444376074644,9.199722087
272,234444399170528,9.222817971
273,234444432152071,9.255799514
274,234444462583604,9.286231047
275,234444511014751,9.334662194
276,234444534101094,9.357748537
277,234444566898980,9.390546423
278,234444598135174,9.421782617
279,234444645600749,9.469248192
280,234444667707616,9.491355059
281,234444700031395,9.523678838
282,234444735482797,9.559130240
283,234444791205906,9.614853349
284,234444814060559,9.637708002
285,234444836091961,9.659739404
286,234444871110735,9.694758178
287,234444916015680,9.739663123
288,234444939488082,9.763135525
289,234444972219672,9.795867115
290,234445008056902,9.831704345
291,234445055242643,9.878890086
292,234445078524943,9.902172386
293,234445111016390,9.934663833
294,234445143365281,9.967012724
295,234445195558705,10.019206148
296,234445218304142,10.041951585
297,234445243032738,10.066680181
298,234445278322203,10.101969646
299,234445323216596,10.146864039
300,234445341858749,10.165506192
301,234445379174547,10.202821990
302,234445415429162,10.239076605
303,234445467806987,10.291454430
304,234445489391227,10.313038670
305,234445515411161,10.339058604
306,234445547600844,10.371248287
307,234445608143377,10.431790820
308,234445628104421,10.451751864
309,234445651422993,10.475070436
310,234445689135003,10.512782446
311,234445740272552,10.563919995
312,234445762032593,10.585680036
313,234445788793947,10.612441390
314,234445823978532,10.647625975
315,234445880413139,10.704060582
316,234445900653327,10.724300770
317,234445924626705,10.748274148
318,234445954721909,10.778369352
319,234446004961249,10.828608692
320,234446024747629,10.848395072
321,234446055446159,10.879093602
322,234446095687746,10.919335189
323,234446142598029,10.966245472
324,234446168562417,10.992209860
325,234446193047422,11.016694865
326,234446229055015,11.052702458
327,234446281568138,11.105215581
328,234446306916751,11.130564194
329,234446333145798,11.156793241
330,234446362429022,11.186076465
331,234446408537062,11.232184505
332,234446430227022,11.253874465
333,234446466796000,11.290443443
334,234446503606877,11.327254320
335,234446550580804,11.374228247
336,234446573479066,11.397126509
337,234446599537663,11.423185106
338,234446630036822,11.453684265
339,234446674723243,11.498370686
340,234446698431119,11.522078562
341,234446739728881,11.563376324
342,234446766548351,11.590195794
343,234446812096719,11.635744162
344,234446834193444,11.657840887
345,234446874609361,11.698256804
346,234446907614699,11.731262142
347,234446959252537,11.782899980
348,234446984423943,11.808071386
349,234447007748704,11.831396147
350,234447038164984,11.861812427
351,234447094497822,11.918145265
352,234447115715732,11.939363175
353,234447143296945,11.966944388
354,234447174566516,11.998213959
355,234447217384817,12.041032260
356,234447242297616,12.065945059
357,234447275242129,12.098889572
358,234447310127349,12.133774792
359,234447352999423,12.176646866
360,234447378455850,12.202103293
361,234447411085915,12.234733358
362,234447449971427,12.273618870
363,234447491441140,12.315088583
364,234447514397374,12.338044817
365,234447549283255,12.372930698
366,234447585184587,12.408832030
367,234447627634679,12.451282122
368,234447650453395,12.474100838
369,234447685105723,12.508753166
370,234447725527589,12.549175032
371,234447771764317,12.595411760
372,234447791407186,12.615054629
373,234447819304819,12.642952262
374,234447861140665,12.684788108
375,234447910438332,12.734085775
376,234447930660802,12.754308245
377,234447959870166,12.783517609
378,234447987341683,12.810989126
379,234448030418887,12.854066330
380,234448054417354,12.878064797
381,234448096363599,12.920011042
382,234448124396936,12.948044379
383,234448168937397,12.992584840
384,234448190181932,13.013829375
385,234448229165542,13.052812985
386,234448261063368,13.084710811
387,234448314189101,13.137836544
388,234448336340866,13.159988309
389,234448365524622,13.189172065
390,234448394153605,13.217801048
391,234448435016800,13.258664243
392,234448462390075,13.286037518
393,234448508386081,13.332033524
394,234448539505472,13.363152915
395,234448598911178,13.422558621
396,234448620756192,13.444403635
397,234448649757520,13.473404963
398,234448672225229,13.495872672
399,234448712362098,13.536009541
400,234448736024171,13.559671614
401,234448767449570,13.591097013
402,234448803082675,13.626730118
403,234448845445296,13.669092739
404,234448878438651,13.702086094
405,234448903644343,13.727291786
406,234448945078055,13.768725498
407,234448993479178,13.817126621
408,234449016425395,13.840072838
409,234449039248004,13.862895447
410,234449074845988,13.898493431
411,234449117310126,13.940957569
412,234449142223820,13.965871263
413,234449175170829,13.998818272
414,234449206357474,14.030004917
415,234449246859210,14.070506653
416,234449273898050,14.097545493
417,234449318902814,14.142550257
418,234449350273393,14.173920836
419,234449390157690,14.213805133
420,234449410484475,14.234131918
421,234449454318714,14.277966157
422,234449481366201,14.305013644
423,234449518747028,14.342394471
424,234449546391920,14.370039363
425,234449584031907,14.407679350
426,234449614205907,14.437853350
427,234449658051705,14.481699148
428,234449682072349,14.505719792
429,234449720715094,14.544362537
430,234449750250999,14.573898442
431,234449792486515,14.616133958
432,234449818105040,14.641752483
433,234449852186145,14.675833588
434,234449887216732,14.710864175
435,234449931856626,14.755504069
436,234449956539751,14.780187194
437,234449989963862,14.813611305
438,234450025611608,14.849259051
439,234450077758005,14.901405448
440,234450106612759,14.930260202
441,234450128948752,14.952596195
442,234450161877553,14.985524996
443,234450208692290,15.032339733
444,234450230243528,15.053890971
445,234450259838115,15.083485558
446,234450295522882,15.119170325
447,234450342936218,15.166583661
448,234450369723077,15.193370520
449,234450395517946,15.219165389
450,234450436464800,15.260112243
451,234450490854897,15.314502340
452,234450511023076,15.334670519
453,234450536773927,15.360421370
454,234450562894486,15.386541929
455,234450609679738,15.433327181
456,234450632556293,15.456203736
457,234450668121173,15.491768616
458,234450701892741,15.525540184
459,234450747590183,15.571237626
460,234450772722813,15.596370256
461,234450805061937,15.628709380
462,234450837036448,15.660683891
463,234450891371550,15.715018993
464,234450912739834,15.736387277
465,234450939619331,15.763266774
466,234450970909290,15.794556733
467,234451024825498,15.848472941
468,234451049060061,15.872707504
469,234451075803118,15.899450561
470,234451106487084,15.930134527
471,234451148059419,15.971706862
472,234451174692131,15.998339574
473,234451208526406,16.032173849
474,234451247840827,16.071488270
475,234451302683496,16.126330939
476,234451325872796,16.149520239
477,234451351427710,16.175075153
478,234451383676626,16.207324069
479,234451429432226,16.253079669
480,234451450493478,16.274140921
481,234451483655817,16.307303260
482,234451518059322,16.341706765
483,234451563333216,16.386980659
484,234451588508830,16.412156273
485,234451615809699,16.439457142
486,234451654098014,16.477745457
487,234451715828054,16.539475497
488,234451742435174,16.566082617
489,234451774068728,16.597716171
490,234451793737597,16.617385040
491,234451832899073,16.656546516
492,234451855590624,16.679238067
493,234451889579422,16.713226865
494,234451920457687,16.744105130
495,234451973313038,16.796960481
496,234451996381382,16.820028825
497,234452026579438,16.850226881
498,234452060344500,16.883991943
499,234452110788093,16.934435536
500,234452132288402,16.955935845
501,234452160406565,16.984054008
502,234452192912164,17.016559607
503,234452241157569,17.064805012
504,234452266706988,17.090354431
505,234452295817770,17.119465213
506,234452326754755,17.150402198
507,234452375257023,17.198904466
508,234452396753827,17.220401270
509,234452432409243,17.256056686
510,234452462936858,17.286584301
511,234452503174313,17.326821756
512,234452538446330,17.362093773
513,234452576367777,17.400015220
514,234452603211299,17.426858742
515,234452631807111,17.455454554
516,234452667916094,17.491563537
517,234452714061190,17.537708633
518,234452736416181,17.560063624
519,234452770094089,17.593741532
520,234452804305975,17.627953418
521,234452849364769,17.673012212
522,234452874518366,17.698165809
523,234452907316815,17.730964258
524,234452940085474,17.763732917
525,234452992992015,17.816639458
526,234453015196488,17.838843931
527,234453039856485,17.863503928
528,234453076385645,17.900033088
529,234453130293162,17.953940605
530,234453153842969,17.977490412
531,234453177880682,18.001528125
532,234453206846168,18.030493611
533,234453254013848,18.077661291
534,234453277591958,18.101239401
535,234453314607420,18.138254863
536,234453346146719,18.169794162
537,234453397601506,18.221248949
538,234453420899234,18.244546677
539,234453447657829,18.271305272
540,234453480380410,18.304027853
541,234453524107347,18.347754790
542,234453550433996,18.374081439
543,234453583853300,18.407500743
544,234453615120610,18.438768053
545,234453657776560,18.481424003
546,234453683012371,18.506659814
547,234453720436973,18.544084416
548,234453751578078,18.575225521
549,234453805620269,18.629267712
550,234453825896138,18.649543581
551,234453854219212,18.677866655
552,234453893184899,18.716832342
553,234453936164248,18.759811691
554,234453958863453,18.782510896
555,234453988265737,18.811913180
556,234454030095160,18.853742603
557,234454085513118,18.909160561
558,234454106800940,18.930448383
559,234454131189431,18.954836874
560,234454159130170,18.982777613
561,234454208916065,19.032563508
562,234454231625022,19.055272465
563,234454260650522,19.084297965
564,234454299814324,19.123461767
565,234454345025362,19.168672805
566,234454370827090,19.194474533
567,234454397026994,19.220674437
568,234454430079842,19.253727285
569,234454477740187,19.301387630
570,234454497133523,19.320780966
571,234454531834008,19.355481451
572,234454563418585,19.387066028
573,234454608937967,19.432585410
574,234454632480947,19.456128390
575,234454667674885,19.491322328
576,234454699855151,19.523502594
577,234454742577246,19.566224689
578,234454768276289,19.591923732
579,234454804525500,19.628172943
580,234454839824975,19.663472418
581,234454892176872,19.715824315
582,234454913305627,19.736953070
583,234454939968416,19.763615859
584,234454971494979,19.795142422
585,234455017303771,19.840951214
586,234455038792453,19.862439896
587,234455071930785,19.895578228
588,234455109559891,19.933207334
589,234455152554980,19.976202423
590,234455174485100,19.998132543
591,234455207658961,20.031306404
592,234455247085195,20.070732638
593,234455294530930,20.118178373
594,234455315370640,20.139018083
595,234455345860744,20.169508187
596,234455378602066,20.202249509
597,234455423140603,20.246788046
598,234455446797304,20.270444747
599,234455480994561,20.304642004
600,234455514789888,20.338437331
601,234455562399394,20.386046837
602,234455585846905,20.409494348
603,234455617609633,20.441257076
604,234455652944464,20.476591907
605,234455698018475,20.521665918
606,234455719595680,20.543243123
607,234455752100311,20.575747754
608,234455782606143,20.606253586
609,234455823818844,20.647466287
610,234455851438889,20.675086332
611,234455893243552,20.716890995
612,234455918857115,20.742504558
613,234455965577666,20.789225109
614,234455986591550,20.810238993
615,234456024087215,20.847734658
616,234456055692916,20.879340359
617,234456095840942,20.919488385
618,234456122583871,20.946231314
619,234456159800895,20.983448338
620,234456191038670,21.014686113
621,234456233017080,21.056664523
622,234456258970661,21.082618104
623,234456296280816,21.119928259
624,234456327595634,21.151243077
625,234456387056556,21.210703999
626,234456408995094,21.232642537
627,234456437267692,21.260915135
628,234456464605575,21.288253018
629,234456507136800,21.330784243
630,234456531351823,21.354999266
631,234456564549214,21.388196657
632,234456600571614,21.424219057
633,234456639894775,21.463542218
634,234456667966690,21.491614133
635,234456699962435,21.523609878
636,234456736492478,21.560139921
637,234456781086758,21.604734201
638,234456803998670,21.627646113
639,234456836392780,21.660040223
640,234456872667049,21.696314492
641,234456921724527,21.745371970
642,234456945522809,21.769170252
643,234456971709160,21.795356603
644,234457008165339,21.831812782
645,234457061657569,21.885305012
646,234457085790450,21.909437893
647,234457107934428,21.931581871
648,234457140054667,21.963702110
649,234457189872295,22.013519738
650,234457210780846,22.034428289
651,234457246686617,22.070334060
652,234457278314656,22.101962099
653,234457330321099,22.153968542
654,234457353471219,22.177118662
655,234457380614236,22.204261679
656,234457416525825,22.240173268
657,234457477351556,22.300998999
658,234457496603223,22.320250666
659,234457519135395,22.342782838
660,234457546815554,22.370462997
661,234457593081435,22.416728878
662,234457616361930,22.440009373
663,234457648701031,22.472348474
664,234457683086128,22.506733571
665,234457727311259,22.550958702
666,234457751142457,22.574789900
667,234457784439542,22.608086985
668,234457821350107,22.644997550
669,234457872878220,22.696525663
670,234457894337941,22.717985384
671,234457919922582,22.743570025
672,234457959443502,22.783090945
673,234458009340635,22.832988078
674,234458032261876,22.855909319
675,234458056924431,22.880571874
676,234458094099120,22.917746563
677,234458143725979,22.967373422
678,234458168180590,22.991828033
679,234458194615245,23.018262688
680,234458230117956,23.053765399
681,234458288391739,23.112039182
682,234458313176838,23.136824281
683,234458342898913,23.166546356
684,234458368430563,23.192078006
685,234458417383270,23.241030713
686,234458440447018,23.264094461
687,234458470627419,23.294274862
688,234458497059158,23.320706601
689,234458544323353,23.367970796
690,234458572710239,23.396357682
691,234458600216143,23.423863586
692,234458633746323,23.457393766
693,234458687390375,23.511037818
694,234458710742935,23.534390378
695,234458736143168,23.559790611
696,234458767140817,23.590788260
697,234458811102243,23.634749686
698,234458835403227,23.659050670
699,234458875339339,23.698986782
700,234458904908311,23.728555754
701,234458949445985,23.773093428
702,234458975096569,23.798744012
703,234459005039151,23.828686594
704,234459046539762,23.870187205
705,234459101369684,23.925017127
706,234459123056889,23.946704332
707,234459145280582,23.968928025
708,234459175299696,23.998947139
709,234459216294397,24.039941840
710,234459244212267,24.067859710
711,234459276500360,24.100147803
712,234459315602367,24.139249810
713,234459363167973,24.186815416
714,234459387883483,24.211530926
715,234459413023125,24.236670568
716,234459454283639,24.277931082
717,234459517901875,24.341549318
718,234459538056246,24.361703689
719,234459563781287,24.387428730
720,234459584048133,24.407695576
721,234459627624292,24.451271735
722,234459648190630,24.471838073
723,234459684617328,24.508264771
724,234459718167773,24.541815216
725,234459763522037,24.587169480
726,234459785462814,24.609110257
727,234459823880753,24.647528196
728,234459853529715,24.677177158
729,234459908071613,24.731719056
730,234459929531982,24.753179425
731,234459956344444,24.779991887
732,234459989563862,24.813211305
733,234460032840516,24.856487959
734,234460055463098,24.879110541
735,234460094280442,24.917927885
736,234460123406231,24.947053674
737,234460166276639,24.989924082
738,234460191349267,25.014996710
739,234460228586311,25.052233754
740,234460259847280,25.083494723
741,234460301534350,25.125181793
742,234460327242099,25.150889542
743,234460362702316,25.186349759
744,234460395860463,25.219507906
745,234460439854804,25.263502247
746,234460463752408,25.287399851
747,234460496224329,25.319871772
748,234460535959593,25.359607036
749,234460588401728,25.412049171
750,234460607974983,25.431622426
751,234460633058444,25.456705887
752,234460667559520,25.491206963
753,234460714422882,25.538070325
754,234460734978342,25.558625785
755,234460768805259,25.592452702
756,234460809102451,25.632749894
757,234460854930770,25.678578213
758,234460875905380,25.699552823
759,234460904253130,25.727900573
760,234460935147085,25.758794528
761,234460979717147,25.803364590
762,234461013343216,25.836990659
763,234461045298018,25.868945461
764,234461071419280,25.895066723
765,234461111107469,25.934754912
766,234461139126653,25.962774096
767,234461183026626,26.006674069
768,234461207130845,26.030778288
769,234461248046596,26.071694039
770,234461276898409,26.100545852
771,234461322271643,26.145919086
772,234461343081561,26.166729004
773,234461381786917,26.205434360
774,234461415887397,26.239534840
775,234461464704053,26.288351496
776,234461484802158,26.308449601
777,234461516592459,26.340239902
778,234461547216267,26.370863710
779,234461591712720,26.415360163
780,234461618419533,26.442066976
781,234461651784703,26.475432146
782,234461688013143,26.511660586
783,234461746445542,26.570092985
784,234461779936599,26.603584042
785,234461805144120,26.628791563
786,234461822923210,26.646570653
787,234461871335140,26.694982583
788,234461891265900,26.714913343
789,234461920370474,26.744017917
790,234461957781362,26.781428805
791,234462003065992,26.826713435
792,234462023013007,26.846660450
793,234462056692652,26.880340095
794,234462095108890,26.918756333
795,234462144610666,26.968258109
796,234462169286788,26.992934231
797,234462192810834,27.016458277
798,234462226369359,27.050016802
799,234462281106472,27.104753915
800,234462301599140,27.125246583
801,234462328389946,27.152037389
802,234462359639911,27.183287354
803,234462405685817,27.229333260
804,234462428235578,27.251883021
805,234462464885317,27.288532760
806,234462497984546,27.321631989
807,234462551739080,27.375386523
808,234462573297611,27.396945054
809,234462600723268,27.424370711
810,234462631941590,27.455589033
811,234462684975092,27.508622535
812,234462706539728,27.530187171
813,234462739382352,27.563029795
814,234462769515858,27.593163301
815,234462816672739,27.640320182
816,234462838508724,27.662156167
817,234462870560805,27.694208248
818,234462905568042,27.729215485
819,234462946251384,27.769898827
820,234462971672848,27.795320291
821,234463009523542,27.833170985
822,234463042904060,27.866551503
823,234463099944389,27.923591832
824,234463123259080,27.946906523
825,234463145464392,27.969111835
826,234463176316563,27.999964006
827,234463220407873,28.044055316
828,234463245283427,28.068930870
829,234463277939188,28.101586631
830,234463317130054,28.140777497
831,234463362626100,28.186273543
832,234463385276862,28.208924305
833,234463412530786,28.236178229
834,234463449799384,28.273446827
835,234463498979147,28.322626590
836,234463523662594,28.347310037
837,234463549744236,28.373391679
838,234463580931580,28.404579023
839,234463627147030,28.450794473
840,234463647957659,28.471605102
841,234463685472040,28.509119483
842,234463716981023,28.540628466
843,234463768939350,28.592586793
844,234463788274673,28.611922116
845,234463820506340,28.644153783
846,234463852133369,28.675780812
847,234463904082998,28.727730441
848,234463924454348,28.748101791
849,234463957118220,28.780765663
850,234463991415973,28.815063416
851,234464040851333,28.864498776
852,234464063991536,28.887638979
853,234464092755997,28.916403440
854,234464126823483,28.950470926
855,234464174886047,28.998533490
856,234464196301534,29.019948977
857,234464224494194,29.048141637
858,234464260742303,29.084389746
859,234464304384615,29.128032058
860,234464328871816,29.152519259
861,234464361751563,29.185399006
862,234464395323986,29.218971429
863,234464438610092,29.262257535
864,234464463579000,29.287226443
865,234464499350423,29.322997866
866,234464536661259,29.360308702
867,234464598827034,29.422474477
868,234464618314214,29.441961657
869,234464641544940,29.465192383
870,234464667584957,29.491232400
871,234464715592000,29.539239443
872,234464736044171,29.559691614
873,234464770510788,29.594158231
874,234464803560130,29.627207573
875,234464852369719,29.676017162
876,234464874455475,29.698102918
877,234464904625840,29.728273283
878,234464938519088,29.762166531
879,234464991839829,29.815487272
880,234465011484693,29.835132136
881,234465041107118,29.864754561
882,234465071713196,29.895360639
883,234465115966248,29.939613691
884,234465139447813,29.963095256
885,234465178529457,30.002176900
886,234465210189496,30.033836939
887,234465261387444,30.085034887
888,234465281791459,30.105438902
889,234465313190490,30.136837933
890,234465345283418,30.168930861
891,234465400330097,30.223977540
892,234465426722766,30.250370209
893,234465452987027,30.276634470
894,234465479742089,30.303389532
895,234465523288953,30.346936396
896,234465548164941,30.371812384
897,234465595123648,30.418771091
898,234465622886407,30.446533850
899,234465663689163,30.487336606
900,234465688226944,30.511874387
901,234465717018515,30.540665958
902,234465758703528,30.582350971
903,234465806821602,30.630469045
904,234465827664636,30.651312079
905,234465854196314,30.677843757
906,234465890959123,30.714606566
907,234465932117679,30.755765122
908,234465964151882,30.787799325
909,234465988564181,30.812211624
910,234466030492178,30.854139621
911,234466082332620,30.905980063
912,234466104859907,30.928507350
913,234466131344975,30.954992418
914,234466155950403,30.979597846
915,234466203987445,31.027634888
916,234466224931086,31.048578529
917,234466261395497,31.085042940
918,234466296969960,31.120617403
919,234466343841436,31.167488879
920,234466367852741,31.191500184
921,234466396740363,31.220387806
922,234466431921797,31.255569240
923,234466483600430,31.307247873
924,234466504404921,31.328052364
925,234466532812855,31.356460298
926,234466564350884,31.387998327
927,234466625257128,31.448904571
928,234466644484845,31.468132288
929,234466668715809,31.492363252
930,234466699686626,31.523334069
931,234466753429681,31.577077124
932,234466776411968,31.600059411
933,234466800888216,31.624535659
934,234466836963596,31.660611039
935,234466892819927,31.716467370
936,234466912291286,31.735938729
937,234466936629567,31.760277010
938,234466973956965,31.797604408
939,234467017833193,31.841480636
940,234467039914576,31.863562019
941,234467072866563,31.896514006
942,234467110241266,31.933888709
943,234467159223138,31.982870581
944,234467183169073,32.006816516
945,234467208816913,32.032464356
946,234467245126695,32.068774138
947,234467297125032,32.120772475
948,234467319767585,32.143415028
949,234467346171501,32.169818944
950,234467378206513,32.201853956
951,234467425355125,32.249002568
952,234467446089580,32.269737023
953,234467482921567,32.306569010
954,234467512094526,32.335741969
955,234467560650078,32.384297521
956,234467584235872,32.407883315
957,234467616726272,32.440373715
958,234467647957478,32.471604921
959,234467697052178,32.520699621
960,234467716294031,32.539941474
961,234467761633106,32.585280549
962,234467784160594,32.607808037
963,234467825680694,32.649328137
964,234467851945470,32.675592913
965,234467890863372,32.714510815
966,234467927554421,32.751201864
967,234467987699579,32.811347022
968,234468007660883,32.831308326
969,234468031136344,32.854783787
970,234468055261517,32.878908960
971,234468098610072,32.922257515
972,234468123914471,32.947561914
973,234468157180796,32.980828239
974,234468197317265,33.020964708
975,234468269898923,33.093546366
976,234468296075163,33.119722606
977,234468318879153,33.142526596
978,234468341025656,33.164673099
979,234468391777442,33.215424885
980,234468410335375,33.233982818
981,234468433812900,33.257460343
982,234468466115275,33.289762718
983,234468513406635,33.337054078
984,234468534239427,33.357886870
985,234468565010563,33.388658006
986,234468604775411,33.428422854
987,234468660925368,33.484572811
988,234468683611158,33.507258601
989,234468706883548,33.530530991
990,234468731925153,33.555572596
991,234468779186618,33.602834061
992,234468801534622,33.625182065
993,234468836794203,33.660441646
994,234468868074142,33.691721585
995,234468912367224,33.736014667
996,234468935937677,33.759585120
997,234468978916979,33.802564422
998,234469005098263,33.828745706
999,234469050775508,33.874422951
1000,234469074099224,33.897746667
1001,234469116349156,33.939996599
1002,234469140670737,33.964318180
1003,234469196483424,34.020130867
1004,234469220780256,34.044427699
1005,234469245076573,34.068724016
1006,234469275740269,34.099387712
1007,234469318337543,34.141984986
1008,234469343815979,34.167463422
1009,234469380701330,34.204348773
1010,234469413887286,34.237534729
1011,234469455575279,34.279222722
1012,234469495763415,34.319410858
1013,234469528810357,34.352457800
1014,234469556190740,34.379838183
1015,234469580917072,34.404564515
1016,234469617077044,34.440724487
1017,234469664510823,34.488158266
1018,234469688124691,34.511772134
1019,234469717086089,34.540733532
1020,234469753403838,34.577051281
1021,234469802128946,34.625776389
1022,234469822158761,34.645806204
1023,234469853164553,34.676811996
1024,234469888783731,34.712431174
1025,234469932832353,34.756479796
1026,234469956932747,34.780580190
1027,234469993430672,34.817078115
1028,234470023039000,34.846686443
1029,234470076645158,34.900292601
1030,234470097358449,34.921005892
1031,234470124918982,34.948566425
1032,234470156492075,34.980139518
1033,234470206481779,35.030129222
1034,234470230599427,35.054246870
1035,234470263149403,35.086796846
1036,234470291873857,35.115521300
1037,234470337827457,35.161474900
1038,234470359774806,35.183422249
1039,234470398236421,35.221883864
1040,234470430567693,35.254215136
1041,234470482705950,35.306353393
1042,234470501887476,35.325534919
1043,234470533750409,35.357397852
1044,234470565025835,35.388673278
1045,234470615675411,35.439322854
1046,234470640438074,35.464085517
1047,234470668956934,35.492604377
1048,234470705167215,35.528814658
1049,234470756919063,35.580566506
1050,234470778412970,35.602060413
1051,234470801084405,35.624731848
1052,234470838945748,35.662593191
1053,234470892813224,35.716460667
1054,234470916297545,35.739944988
1055,234470941298406,35.764945849
1056,234470973141955,35.796789398
1057,234471018900710,35.842548153
1058,234471041926688,35.865574131
1059,234471072945859,35.896593302
1060,234471109524181,35.933171624
1061,234471155998674,35.979646117
1062,234471178150777,36.001798220
1063,234471209558307,36.033205750
1064,234471245602106,36.069249549
1065,234471293448792,36.117096235
1066,234471312160345,36.135807788
1067,234471345201748,36.168849191
1068,234471379814902,36.203462345
1069,234471426775806,36.250423249
1070,234471448533575,36.272181018
1071,234471480940309,36.304587752
1072,234471512568281,36.336215724
1073,234471567626467,36.391273910
1074,234471591564698,36.415212141
1075,234471617058556,36.440705999
1076,234471650683635,36.474331078
1077,234471705270516,36.528917959
1078,234471728713580,36.552361023
1079,234471753070453,36.576717896
1080,234471783487052,36.607134495
1081,234471828287816,36.651935259
1082,234471852014076,36.675661519
1083,234471889339894,36.712987337
1084,234471920294121,36.743941564
1085,234471958026932,36.781674375
1086,234471991151776,36.814799219
1087,234472021116168,36.844763611
1088,234472058148678,36.881796121
1089,234472101890132,36.925537575
1090,234472124149107,36.947796550
1091,234472158217011,36.981864454
1092,234472194024946,37.017672389
1093,234472239754551,37.063401994
1094,234472260093030,37.083740473
1095,234472295573569,37.119221012
1096,234472330945221,37.154592664
1097,234472379084358,37.202731801
1098,234472399176881,37.222824324
1099,234472432510710,37.256158153
1100,234472464381333,37.288028776
1101,234472511536102,37.335183545
1102,234472535446428,37.359093871
1103,234472565362741,37.389010184
1104,234472596785486,37.420432929
1105,234472638650968,37.462298411
1106,234472665012030,37.488659473
1107,234472703835212,37.527482655
1108,234472732917410,37.556564853
1109,234472789869168,37.613516611
1110,234472811472263,37.635119706
1111,234472837202973,37.660850416
1112,234472869295097,37.692942540
1113,234472914074620,37.737722063
1114,234472936097364,37.759744807
1115,234472974555860,37.798203303
1116,234473008423165,37.832070608
1117,234473053617833,37.877265276
1118,234473079703663,37.903351106
1119,234473109342116,37.932989559
1120,234473140224704,37.963872147
1121,234473189873157,38.013520600
1122,234473212386634,38.036034077
1123,234473241515371,38.065162814
1124,234473280595828,38.104243271
1125,234473330817860,38.154465303
1126,234473351761423,38.175408866
1127,234473381447144,38.205094587
1128,234473417175530,38.240822973
1129,234473464510423,38.288157866
1130,234473488659552,38.312306995
1131,234473513297408,38.336944851
1132,234473556014954,38.379662397
1133,234473615665431,38.439312874
1134,234473638063342,38.461710785
1135,234473661973163,38.485620606
1136,234473690624207,38.514271650
1137,234473735370016,38.559017459
1138,234473757794551,38.581441994
1139,234473786242245,38.609889688
1140,234473822993778,38.646641221
1141,234473871906732,38.695554175
1142,234473894825553,38.718472996
1143,234473921136913,38.744784356
1144,234473952221003,38.775868446
1145,234474008635101,38.832282544
1146,234474031749641,38.855397084
1147,234474058215446,38.881862889
1148,234474090383430,38.914030873
1149,234474147634117,38.971281560
1150,234474171075536,38.994722979
1151,234474195369470,39.019016913
1152,234474224215192,39.047862635
1153,234474268079421,39.091726864
1154,234474292352171,39.115999614
1155,234474329726246,39.153373689
1156,234474360654197,39.184301640
1157,234474403335890,39.226983333
1158,234474430200912,39.253848355
1159,234474465752413,39.289399856
1160,234474500346202,39.323993645
1161,234474547279122,39.370926565
1162,234474571832595,39.395480038
1163,234474598225830,39.421873273
1164,234474640977123,39.464624566
1165,234474701139316,39.524786759
1166,234474722456554,39.546103997
1167,234474744283991,39.567931434
1168,234474768232381,39.591879824
1169,234474807275340,39.630922783
1170,234474837982293,39.661629736
1171,234474869578827,39.693226270
1172,234474906169359,39.729816802
1173,234474954763086,39.778410529
1174,234474976442395,39.800089838
1175,234475006440859,39.830088302
1176,234475047142061,39.870789504
1177,234475100472417,39.924119860
1178,234475122819897,39.946467340
1179,234475144507224,39.968154667
1180,234475172462465,39.996109908
1181,234475218310712,40.041958155
1182,234475240441893,40.064089336
1183,234475282211672,40.105859115
1184,234475313008451,40.136655894
1185,234475361012351,40.184659794
1186,234475382286238,40.205933681
1187,234475414465430,40.238112873
1188,234475448247213,40.271894656
1189,234475498701241,40.322348684
1190,234475519876053,40.343523496
1191,234475550903451,40.374550894
1192,234475582916122,40.406563565
1193,234475628808875,40.452456318
1194,234475648445327,40.472092770
1195,234475688280338,40.511927781
1196,234475716310368,40.539957811
1197,234475762608571,40.586256014
1198,234475785279760,40.608927203
1199,234475818107477,40.641754920
1200,234475857325384,40.680972827
1201,234475905868316,40.729515759
1202,234475926885901,40.750533344
1203,234475954122548,40.777769991
1204,234475991454978,40.815102421
1205,234476036568389,40.860215832
1206,234476056489534,40.880136977
1207,234476089499688,40.913147131
1208,234476125723120,40.949370563
1209,234476175240435,40.998887878
1210,234476193867685,41.017515128
1211,234476225419782,41.049067225
1212,234476261996997,41.085644440
1213,234476307600440,41.131247883
1214,234476328397714,41.152045157
1215,234476362756960,41.186404403
1216,234476403323748,41.226971191
1217,234476446718319,41.270365762
1218,234476472609544,41.296256987
1219,234476497512889,41.321160332
1220,234476530421826,41.354069269
1221,234476579596751,41.403244194
1222,234476599237641,41.422885084
1223,234476633459426,41.457106869
1224,234476665234269,41.488881712
1225,234476707952344,41.531599787
1226,234476732371246,41.556018689
1227,234476769396221,41.593043664
1228,234476805019999,41.628667442
1229,234476853208900,41.676856343
1230,234476875456004,41.699103447
1231,234476905411474,41.729058917
1232,234476937220310,41.760867753
1233,234476983218364,41.806865807
1234,234477004664978,41.828312421
1235,234477041664486,41.865311929
1236,234477073118831,41.896766274
1237,234477117703033,41.941350476
1238,234477140292422,41.963939865
1239,234477174458871,41.998106314
1240,234477215009514,42.038656957
1241,234477258918372,42.082565815
1242,234477280568531,42.104215974
1243,234477309410918,42.133058361
1244,234477346229621,42.169877064
1245,234477392386005,42.216033448
1246,234477412177225,42.235824668
1247,234477445400856,42.269048299
1248,234477480128630,42.303776073
1249,234477521146740,42.344794183
1250,234477548371035,42.372018478
1251,234477581377277,42.405024720
1252,234477618648432,42.442295875
1253,234477666577042,42.490224485
1254,234477687865941,42.511513384
1255,234477718931256,42.542578699
1256,234477752574754,42.576222197
1257,234477799433780,42.623081223
1258,234477820168551,42.643815994
1259,234477859472533,42.683119976
1260,234477888535496,42.712182939
1261,234477934276507,42.757923950
1262,234477979975619,42.803623062
1263,234478009362226,42.833009669
1264,234478036197305,42.859844748
1265,234478059577230,42.883224673
1266,234478090356091,42.914003534
1267,234478130236834,42.953884277
1268,234478156436534,42.980083977
1269,234478198891184,43.022538627
1270,234478224493258,43.048140701
1271,234478264556052,43.088203495
1272,234478292654089,43.116301532
1273,234478335838427,43.159485870
1274,234478361316092,43.184963535
1275,234478406936058,43.230583501
1276,234478429086749,43.252734192
1277,234478462636678,43.286284121
1278,234478501241899,43.324889342
1279,234478546417455,43.370064898
1280,234478571842222,43.395489665
1281,234478597697689,43.421345132
1282,234478639372463,43.463019906
1283,234478696119225,43.519766668
1284,234478718345521,43.541992964
1285,234478742161336,43.565808779
1286,234478768758961,43.592406404
1287,234478828183959,43.651831402
1288,234478851830983,43.675478426
1289,234478876693347,43.700340790
1290,234478904888127,43.728535570
1291,234478955313352,43.778960795
1292,234478981776942,43.805424385
1293,234479005837812,43.829485255
1294,234479046913814,43.870561257
1295,234479097220772,43.920868215
1296,234479119260061,43.942907504
1297,234479141785513,43.965432956
1298,234479172748588,43.996396031
1299,234479220673110,44.044320553
1300,234479244536191,44.068183634
1301,234479278279768,44.101927211
1302,234479312130687,44.135778130
1303,234479356629425,44.180276868
1304,234479377172563,44.200820006
1305,234479420978376,44.244625819
1306,234479444545829,44.268193272
1307,234479490709009,44.314356452
1308,234479512470263,44.336117706
1309,234479552085315,44.375732758
1310,234479582367205,44.406014648
1311,234479630297622,44.453945065
1312,234479650025955,44.473673398
1313,234479690957104,44.514604547
1314,234479721424549,44.545071992
1315,234479782851029,44.606498472
1316,234479807556966,44.631204409
1317,234479829645795,44.653293238
1318,234479852762087,44.676409530
1319,234479897729549,44.721376992
1320,234479922561394,44.746208837
1321,234479956148507,44.779795950
1322,234479995816432,44.819463875
1323,234480042084581,44.865732024
1324,234480067591670,44.891239113
1325,234480091527662,44.915175105
1326,234480125138476,44.948785919
1327,234480169932146,44.993579589
1328,234480192580068,45.016227511
1329,234480231739214,45.055386657
1330,234480262791312,45.086438755
1331,234480312232519,45.135879962
1332,234480333694953,45.157342396
1333,234480362184859,45.185832302
1334,234480396343456,45.219990899
1335,234480438707932,45.262355375
1336,234480461826112,45.285473555
1337,234480505772833,45.329420276
1338,234480534333490,45.357980933
1339,234480592218939,45.415866382
1340,234480613081462,45.436728905
1341,234480636660418,45.460307861
1342,234480664860306,45.488507749
1343,234480707984945,45.531632388
1344,234480732461390,45.556108833
1345,234480770434155,45.594081598
1346,234480800858987,45.624506430
1347,234480845062931,45.668710374
1348,234480868945684,45.692593127
1349,234480906560179,45.730207622
1350,234480939774455,45.763421898
1351,234480993913921,45.817561364
1352,234481018644147,45.842291590
1353,234481041175011,45.864822454
1354,234481072706904,45.896354347
1355,234481120740555,45.944387998
1356,234481140943440,45.964590883
1357,234481174489838,45.998137281
1358,234481215979865,46.039627308
1359,234481258841470,46.082488913
1360,234481279517729,46.103165172
1361,234481310807410,46.134454853
1362,234481351573022,46.175220465
1363,234481407255475,46.230902918
1364,234481427018545,46.250665988
1365,234481449660295,46.273307738
1366,234481481653878,46.305301321
1367,234481527486395,46.351133838
1368,234481549185660,46.372833103
1369,234481583715812,46.407363255
1370,234481618248687,46.441896130
1371,234481662823072,46.486470515
1372,234481683441288,46.507088731
1373,234481720104697,46.543752140
1374,234481751948755,46.575596198
1375,234481806912658,46.630560101
1376,234481832813860,46.656461303
1377,234481856936464,46.680583907
1378,234481885115951,46.708763394
1379,234481925098399,46.748745842
1380,234481953185959,46.776833402
1381,234481993862504,46.817509947
1382,234482023262953,46.846910396
1383,234482069519998,46.893167441
1384,234482092355018,46.916002461
1385,234482125693183,46.949340626
1386,234482159766261,46.983413704
1387,234482216809083,47.040456526
1388,234482236888236,47.060535679
1389,234482262086818,47.085734261
1390,234482292774195,47.116421638
1391,234482333291292,47.156938735
1392,234482361552832,47.185200275
1393,234482394583406,47.218230849
1394,234482435476571,47.259124014
1395,234482486368110,47.310015553
1396,234482505907922,47.329555365
1397,234482529761258,47.353408701
1398,234482565623802,47.389271245
1399,234482606802192,47.430449635
1400,234482633171395,47.456818838
1401,234482666840231,47.490487674
1402,234482708017036,47.531664479
1403,234482755070972,47.578718415
1404,234482777829462,47.601476905
1405,234482803022613,47.626670056
1406,234482839749098,47.663396541
1407,234482894911510,47.718558953
1408,234482917800139,47.741447582
1409,234482939173206,47.762820649
1410,234482969371425,47.793018868
1411,234483015213347,47.838860790
1412,234483036869769,47.860517212
1413,234483076955412,47.900602855
1414,234483105785731,47.929433174
1415,234483146469000,47.970116443
1416,234483173985973,47.997633416
1417,234483213857106,48.037504549
1418,234483240794353,48.064441796
1419,234483297096890,48.120744333
1420,234483319971661,48.143619104
1421,234483347424882,48.171072325
1422,234483377088544,48.200735987
1423,234483418640773,48.242288216
1424,234483444855396,48.268502839
1425,234483483748184,48.307395627
1426,234483518052663,48.341700106
1427,234483564918599,48.388566042
1428,234483585762635,48.409410078
1429,234483614590164,48.438237607
1430,234483655701245,48.479348688
1431,234483702575803,48.526223246
1432,234483725270900,48.548918343
1433,234483751951244,48.575598687
1434,234483791931216,48.615578659
1435,234483844431567,48.668079010
1436,234483867885947,48.691533390
1437,234483891611038,48.715258481
1438,234483923916670,48.747564113
1439,234483976863085,48.800510528
1440,234483996130664,48.819778107
1441,234484022197003,48.845844446
1442,234484063485813,48.887133256
1443,234484112986071,48.936633514
1444,234484136942105,48.960589548
1445,234484162370760,48.986018203
1446,234484193143064,49.016790507
1447,234484233981353,49.057628796
1448,234484256848432,49.080495875
1449,234484294282803,49.117930246
1450,234484330027690,49.153675133
1451,234484377652474,49.201299917
1452,234484397572533,49.221219976
1453,234484432951375,49.256598818
1454,234484462453352,49.286100795
1455,234484505741375,49.329388818
1456,234484528883653,49.352531096
1457,234484569558828,49.393206271
1458,234484596932241,49.420579684
1459,234484637445323,49.461092766
1460,234484664839485,49.488486928
1461,234484703255875,49.526903318
1462,234484737531224,49.561178667
1463,234484794233279,49.617880722
1464,234484814471020,49.638118463
1465,234484841015205,49.664662648
1466,234484868901751,49.692549194
1467,234484914275584,49.737923027
1468,234484937511385,49.761158828
1469,234484973064512,49.796711955
1470,234485009991461,49.833638904
1471,234485053203685,49.876851128
1472,234485075761662,49.899409105
1473,234485106572882,49.930220325
1474,234485143263217,49.966910660
1475,234485192011920,50.015659363
1476,234485214980751,50.038628194
1477,234485242655105,50.066302548
1478,234485277936806,50.101584249
1479,234485323857647,50.147505090
1480,234485346881178,50.170528621
1481,234485378709937,50.202357380
1482,234485419806404,50.243453847
1483,234485463245976,50.286893419
1484,234485483207281,50.306854724
1485,234485513957329,50.337604772
1486,234485557386749,50.381034192
1487,234485607412645,50.431060088
1488,234485628287021,50.451934464
1489,234485652227760,50.475875203
1490,234485681207822,50.504855265
1491,234485726428947,50.550076390
1492,234485749350110,50.572997553
1493,234485786269939,50.609917382
1494,234485817999665,50.641647108
1495,234485865928626,50.689576069
1496,234485890424493,50.714071936
1497,234485922293610,50.745941053
1498,234485954239286,50.777886729
1499,234486003509708,50.827157151
1500,234486022647222,50.846294665
1501,234486061292983,50.884940426
1502,234486091968009,50.915615452
1503,234486137558000,50.961205443
1504,234486160940934,50.984588377
1505,234486199146272,51.022793715
1506,234486228420640,51.052068083
1507,234486278669501,51.102316944
1508,234486300542403,51.124189846
1509,234486327083673,51.150731116
1510,234486365217071,51.188864514
1511,234486407256653,51.230904096
1512,234486444703050,51.268350493
1513,234486479100198,51.302747641
1514,234486507448864,51.331096307
1515,234486530253895,51.353901338
1516,234486568519761,51.392167204
1517,234486612622066,51.436269509
1518,234486634815338,51.458462781
1519,234486666463043,51.490110486
1520,234486708972186,51.532619629
1521,234486767192021,51.590839464
1522,234486788431242,51.612078685
1523,234486811898371,51.635545814
1524,234486837779194,51.661426637
1525,234486891321415,51.714968858
1526,234486912657814,51.736305257
1527,234486938230516,51.761877959
1528,234486969361865,51.793009308
1529,234487016506507,51.840153950
1530,234487037168804,51.860816247
1531,234487074517748,51.898165191
1532,234487105659771,51.929307214
1533,234487149061117,51.972708560
1534,234487173367140,51.997014583
1535,234487217132425,52.040779868
1536,234487241238214,52.064885657
1537,234487292183240,52.115830683
1538,234487315161761,52.138809204
1539,234487351720362,52.175367805
1540,234487378057559,52.201705002
1541,234487425927125,52.249574568
1542,234487451782764,52.275430207
1543,234487487513824,52.311161267
1544,234487513452762,52.337100205
1545,234487558806357,52.382453800
1546,234487581432672,52.405080115
1547,234487614241296,52.437888739
1548,234487652560310,52.476207753
1549,234487700541191,52.524188634
1550,234487721784555,52.545431998
1551,234487750313852,52.573961295
1552,234487787868546,52.611515989
1553,234487834710656,52.658358099
1554,234487857489056,52.681136499
1555,234487896811376,52.720458819
1556,234487923779818,52.747427261
1557,234487968041377,52.791688820
1558,234487991148206,52.814795649
1559,234488022732886,52.846380329
1560,234488062303583,52.885951026
1561,234488110540835,52.934188278
1562,234488132795742,52.956443185
1563,234488158688230,52.982335673
1564,234488190979179,53.014626622
1565,234488233823139,53.057470582
1566,234488257339840,53.080987283
1567,234488300053618,53.123701061
1568,234488327444199,53.151091642
1569,234488383161174,53.206808617
1570,234488403099156,53.226746599
1571,234488430391393,53.254038836
1572,234488461648315,53.285295758
1573,234488507771413,53.331418856
1574,234488530458840,53.354106283
1575,234488566782665,53.390430108
1576,234488598542641,53.422190084
1577,234488652987755,53.476635198
1578,234488683819502,53.507466945
1579,234488708600277,53.532247720
1580,234488733507522,53.557154965
1581,234488786629704,53.610277147
1582,234488806415639,53.630063082
1583,234488834776592,53.658424035
1584,234488869246029,53.692893472
1585,234488917851082,53.741498525
1586,234488939322511,53.762969954
1587,234488970760362,53.794407805
1588,234489006941117,53.830588560
1589,234489046844043,53.870491486
1590,234489073593137,53.897240580
1591,234489107253133,53.930900576
1592,234489146341110,53.969988553
1593,234489197915788,54.021563231
1594,234489217783944,54.041431387
1595,234489242886964,54.066534407
1596,234489279761259,54.103408702
1597,234489327861350,54.151508793
1598,234489349759960,54.173407403
1599,234489379233185,54.202880628
1600,234489412902419,54.236549862
1601,234489449630504,54.273277947
1602,234489477434804,54.301082247
1603,234489521763263,54.345410706
1604,234489550685361,54.374332804
1605,234489589522386,54.413169829
1606,234489616178036,54.439825479
1607,234489653772157,54.477419600
1608,234489681797969,54.505445412
1609,234489718619254,54.542266697
1610,234489752049891,54.575697334
1611,234489786558758,54.610206201
1612,234489820930153,54.644577596
1613,234489858274554,54.681921997
1614,234489887660047,54.711307490
1615,234489926902086,54.750549529
1616,234489955231325,54.778878768
1617,234490001089009,54.824736452
1618,234490021510720,54.845158163
1619,234490059172312,54.882819755
1620,234490090898252,54.914545695
1621,234490134227006,54.957874449
1622,234490158681535,54.982328978
1623,234490193961614,55.017609057
1624,234490233548298,55.057195741
1625,234490286960345,55.110607788
1626,234490308150959,55.131798402
1627,234490330983816,55.154631259
1628,234490361517573,55.185165016
1629,234490408255224,55.231902667
1630,234490431552964,55.255200407
1631,234490463686378,55.287333821
1632,234490500335293,55.323982736
1633,234490546983426,55.370630869
1634,234490578497586,55.402145029
1635,234490608111202,55.431758645
1636,234490635990135,55.459637578
1637,234490682153893,55.505801336
1638,234490704399281,55.528046724
1639,234490735028952,55.558676395
1640,234490765902056,55.589549499
1641,234490810523513,55.634170956
1642,234490833488943,55.657136386
1643,234490871226158,55.694873601
1644,234490903931137,55.727578580
1645,234490958033323,55.781680766
1646,234490978930788,55.802578231
1647,234491006448539,55.830095982
1648,234491038504965,55.862152408
1649,234491094942361,55.918589804
1650,234491113965346,55.937612789
1651,234491143751520,55.967398963
1652,234491173407028,55.997054471
1653,234491214087153,56.037734596
1654,234491241685672,56.065333115
1655,234491281038157,56.104685600
1656,234491312892547,56.136539990
1657,234491357548705,56.181196148
1658,234491381504073,56.205151516
1659,234491411003237,56.234650680
1660,234491452154273,56.275801716
1661,234491498519755,56.322167198
1662,234491517951446,56.341598889
1663,234491546749144,56.370396587
1664,234491582036685,56.405684128
1665,234491633219620,56.456867063
1666,234491654817023,56.478464466
1667,234491683387130,56.507034573
1668,234491726296655,56.549944098
1669,234491784557851,56.608205294
1670,234491805122312,56.628769755
1671,234491826778023,56.650425466
1672,234491853566475,56.677213918
1673,234491903267346,56.726914789
1674,234491928062194,56.751709637
1675,234491955966517,56.779613960
1676,234491996269949,56.819917392
1677,234492041848144,56.865495587
1678,234492065887672,56.889535115
1679,234492090723053,56.914370496
1680,234492124649948,56.948297391
1681,234492170955830,56.994603273
1682,234492190585748,57.014233191
1683,234492231082626,57.054730069
1684,234492257908202,57.081555645
1685,234492301954755,57.125602198
1686,234492325682200,57.149329643
1687,234492363137726,57.186785169
1688,234492393870636,57.217518079
1689,234492437466281,57.261113724
1690,234492461740223,57.285387666
1691,234492499561013,57.323208456
1692,234492533706358,57.357353801
1693,234492591612967,57.415260410
1694,234492613396836,57.437044279
1695,234492634942647,57.458590090
1696,234492665928138,57.489575581
1697,234492713741108,57.537388551
1698,234492735698630,57.559346073
1699,234492767096724,57.590744167
1700,234492804982306,57.628629749
1701,234492856972536,57.680619979
1702,234492881145905,57.704793348
1703,234492904927171,57.728574614
1704,234492944343024,57.767990467
1705,234493007162293,57.830809736
1706,234493029231774,57.852879217
1707,234493060015757,57.883663200
1708,234493082350263,57.905997706
1709,234493128144850,57.951792293
1710,234493150328985,57.973976428
1711,234493177057798,58.000705241
1712,234493212526020,58.036173463
1713,234493258185807,58.081833250
1714,234493284331231,58.107978674
1715,234493314813165,58.138460608
1716,234493341751697,58.165399140
1717,234493391856571,58.215504014
1718,234493412232285,58.235879728
1719,234493446780825,58.270428268
1720,234493483289228,58.306936671
1721,234493532671611,58.356319054
1722,234493554184435,58.377831878
1723,234493582694893,58.406342336
1724,234493614060712,58.437708155
1725,234493656719240,58.480366683
1726,234493681882547,58.505529990
1727,234493720791858,58.544439301
1728,234493750556621,58.574204064
1729,234493795025020,58.618672463
1730,234493817558128,58.641205571
1731,234493860230555,58.683877998
1732,234493886404299,58.710051742
1733,234493942062681,58.765710124
1734,234493965365623,58.789013066
1735,234493990833712,58.814481155
1736,234494021038492,58.844685935
1737,234494058638720,58.882286163
1738,234494089579036,58.913226479
1739,234494122913867,58.946561310
1740,234494159059796,58.982707239
1741,234494200545932,59.024193375
1742,234494225492041,59.049139484
1743,234494258564501,59.082211944
1744,234494301238240,59.124885683
1745,234494350762886,59.174410329
1746,234494375655219,59.199302662
1747,234494400450930,59.224098373
1748,234494431814723,59.255462166
1749,234494482860235,59.306507678
1750,234494505249618,59.328897061
1751,234494531887766,59.355535209
1752,234494567145265,59.390792708
1753,234494612381391,59.436028834
1754,234494634085876,59.457733319
1755,234494668466269,59.492113712
1756,234494701999394,59.525646837
1757,234494751349278,59.574996721
1758,234494775539640,59.599187083
1759,234494804365088,59.628012531
1760,234494835966812,59.659614255
1761,234494886144302,59.709791745
1762,234494924986298,59.748633741
1763,234494958858798,59.782506241
1764,234494989050404,59.812697847
1765,234495013366113,59.837013556
1766,234495038683287,59.862330730
1767,234495092867339,59.916514782
1768,234495113680114,59.937327557
1769,234495143652043,59.967299486
1770,234495173635287,59.997282730
1771,234495213988989,60.037636432
1772,234495241590947,60.065238390
1773,234495278910590,60.102558033
1774,234495310194435,60.133841878
1775,234495356921762,60.180569205
1776,234495380059712,60.203707155
1777,234495411950924,60.235598367
1778,234495452412196,60.276059639
1779,234495522282612,60.345930055
1780,234495544320559,60.367968002
1781,234495574692199,60.398339642
1782,234495601188622,60.424836065
1783,234495645580868,60.469228311
1784,234495672689309,60.496336752
1785,234495695823243,60.519470686
1786,234495717774349,60.541421792
1787,234495767788791,60.591436234
1788,234495794438858,60.618086301
1789,234495821454233,60.645101676
1790,234495856078459,60.679725902
1791,234495905518319,60.729165762
1792,234495925537796,60.749185239
1793,234495954942335,60.778589778
1794,234495988157381,60.811804824
1795,234496045772008,60.869419451
1796,234496072713320,60.896360763
1797,234496095040393,60.918687836
1798,234496123356404,60.947003847
1799,234496174184600,60.997832043
1800,234496196091330,61.019738773
1801,234496229433092,61.053080535
1802,234496263624122,61.087271565
1803,234496318264592,61.141912035
1804,234496342440148,61.166087591
1805,234496371468141,61.195115584
1806,234496393771604,61.217419047
1807,234496435381113,61.259028556
1808,234496461764416,61.285411859
1809,234496500383497,61.324030940
1810,234496529632481,61.353279924
1811,234496583293284,61.406940727
1812,234496603234351,61.426881794
1813,234496631025711,61.454673154
1814,234496666933525,61.490580968
1815,234496714641051,61.538288494
1816,234496736442160,61.560089603
1817,234496767939435,61.591586878
1818,234496803991316,61.627638759
1819,234496857611550,61.681258993
1820,234496878412961,61.702060404
1821,234496903031599,61.726679042
1822,234496943245006,61.766892449
1823,234497006616441,61.830263884
1824,234497034517910,61.858165353
1825,234497063893402,61.887540845
1826,234497086186098,61.909833541
1827,234497129647851,61.953295294
1828,234497151951111,61.975598554
1829,234497179126481,62.002773924
1830,234497210153791,62.033801234
1831,234497252162332,62.075809775
1832,234497274017930,62.097665373
1833,234497311761427,62.135408870
1834,234497342955053,62.166602496
1835,234497390976086,62.214623529
1836,234497411051022,62.234698465
1837,234497450697720,62.274345163
1838,234497478872389,62.302519832
1839,234497523592517,62.347239960
1840,234497545821639,62.369469082
1841,234497582951730,62.406599173
1842,234497617990954,62.441638397
1843,234497663437470,62.487084913
1844,234497683998643,62.507646086
1845,234497726457115,62.550104558
1846,234497754944138,62.578591581
1847,234497803999831,62.627647274
1848,234497823492499,62.647139942
1849,234497857497133,62.681144576
1850,234497886189011,62.709836454
1851,234497929411735,62.753059178
1852,234497954825660,62.778473103
1853,234497987136820,62.810784263
1854,234498023242955,62.846890398
1855,234498077047943,62.900695386
1856,234498096949586,62.920597029
1857,234498123028544,62.946675987
1858,234498162927282,62.986574725
1859,234498212263639,63.035911082
1860,234498232963720,63.056611163
1861,234498259042604,63.082690047
1862,234498296707997,63.120355440
1863,234498351358675,63.175006118
1864,234498379205870,63.202853313
1865,234498402794668,63.226442111
1866,234498429975219,63.253622662
1867,234498476648340,63.300295783
1868,234498501166822,63.324814265
1869,234498531927301,63.355574744
1870,234498564297633,63.387945076
1871,234498605650936,63.429298379
1872,234498629848573,63.453496016
1873,234498668483409,63.492130852
1874,234498702528111,63.526175554
1875,234498749563292,63.573210735
1876,234498772027136,63.595674579
1877,234498803470580,63.627118023
1878,234498838342948,63.661990391
1879,234498890836206,63.714483649
1880,234498913585154,63.737232597
1881,234498939194272,63.762841715
1882,234498971579345,63.795226788
1883,234499021809926,63.845457369
1884,234499043758079,63.867405522
1885,234499076318544,63.899965987
1886,234499108397591,63.932045034
1887,234499151456130,63.975103573
1888,234499179775327,64.003422770
1889,234499208562026,64.032209469
1890,234499245760795,64.069408238
1891,234499293454117,64.117101560
1892,234499313461921,64.137109364
1893,234499343117417,64.166764860
1894,234499379015826,64.202663269
1895,234499421159551,64.244806994
1896,234499446132205,64.269779648
1897,234499479294164,64.302941607
1898,234499516594117,64.340241560
1899,234499563550678,64.387198121
1900,234499587287250,64.410934693
1901,234499615690396,64.439337839
1902,234499658018989,64.481666432
1903,234499707219708,64.530867151
1904,234499729284070,64.552931513
1905,234499751380830,64.575028273
1906,234499786553683,64.610201126
1907,234499837775209,64.661422652
1908,234499859682912,64.683330355
1909,234499887213035,64.710860478
1910,234499918350284,64.741997727
1911,234499960432048,64.784079491
1912,234499987447389,64.811094832
1913,234500024319353,64.847966796
1914,234500058798828,64.882446271
1915,234500118444041,64.942091484
1916,234500151591443,64.975238886
1917,234500183260647,65.006908090
1918,234500207362110,65.031009553
1919,234500254593653,65.078241096
1920,234500279802313,65.103449756
1921,234500301328493,65.124975936
1922,234500325905559,65.149553002
1923,234500363127004,65.186774447
1924,234500401373570,65.225021013
1925,234500431551435,65.255198878
1926,234500464793013,65.288440456
1927,234500514447763,65.338095206
1928,234500533647479,65.357294922
1929,234500565639567,65.389287010
1930,234500599460004,65.423107447
1931,234500641704309,65.465351752
1932,234500670566076,65.494213519
1933,234500704207969,65.527855412
1934,234500740233252,65.563880695
1935,234500796954978,65.620602421
1936,234500818359617,65.642007060
1937,234500840095086,65.663742529
1938,234500870348956,65.693996399
1939,234500919692414,65.743339857
1940,234500943270649,65.766918092
1941,234500972780018,65.796427461
1942,234501012170260,65.835817703
1943,234501061491068,65.885138511
1944,234501086309358,65.909956801
1945,234501111151210,65.934798653
1946,234501138045117,65.961692560
1947,234501192194866,66.015842309
1948,234501216487464,66.040134907
1949,234501243711900,66.067359343
1950,234501275253481,66.098900924
1951,234501321045737,66.144693180
1952,234501342418706,66.166066149
1953,234501379479307,66.203126750
1954,234501410535426,66.234182869
1955,234501451096773,66.274744216
1956,234501478679454,66.302326897
1957,234501517154408,66.340801851
1958,234501546452935,66.370100378
1959,234501594858374,66.418505817
1960,234501615363635,66.439011078
1961,234501654697881,66.478345324
1962,234501682892122,66.506539565
1963,234501721454243,66.545101686
1964,234501750789500,66.574436943
1965,234501783439008,66.607086451
1966,234501822985684,66.646633127
1967,234501870520947,66.694168390
1968,234501893168681,66.716816124
1969,234501919216321,66.742863764
1970,234501957375656,66.781023099
1971,234502004027423,66.827674866
1972,234502025605065,66.849252508
1973,234502057232187,66.880879630
1974,234502097138452,66.920785895
1975,234502150694894,66.974342337
1976,234502175699574,66.999347017
1977,234502204964564,67.028612007
1978,234502228833533,67.052480976
1979,234502272999188,67.096646631
1980,234502294149232,67.117796675
1981,234502328058164,67.151705607
1982,234502364953559,67.188601002
1983,234502410700858,67.234348301
1984,234502436058584,67.259706027
1985,234502464367096,67.288014539
1986,234502495526939,67.319174382
1987,234502548082513,67.371729956
1988,234502574349347,67.397996790
1989,234502600203485,67.423850928
1990,234502634079231,67.457726674
1991,234502685591353,67.509238796
1992,234502710503825,67.534151268
1993,234502740559350,67.564206793
1994,234502766429563,67.590077006
1995,234502811353656,67.635001099
1996,234502834342531,67.657989974
1997,234502872740803,67.696388246
1998,234502905904440,67.729551883
1999,234502949469159,67.773116602
2000,234502976530769,67.800178212
2001,234503009022538,67.832669981
2002,234503038755615,67.862403058
2003,234503084128171,67.907775614
2004,234503106516887,67.930164330
2005,234503139411717,67.963059160
2006,234503175468679,67.999116122
2007,234503216586114,68.040233557
2008,234503242952851,68.066600294
2009,234503275886737,68.099534180
2010,234503312591018,68.136238461
2011,234503354988956,68.178636399
2012,234503392167680,68.215815123
2013,234503419261853,68.242909296
2014,234503446108765,68.269756208
2015,234503479363968,68.303011411
2016,234503520725838,68.344373281
2017,234503562577134,68.386224577
2018,234503592405498,68.416052941
2019,234503617284928,68.440932371
2020,234503657407571,68.481055014
2021,234503709466201,68.533113644
2022,234503731990680,68.555638123
2023,234503757924127,68.581571570
2024,234503782636158,68.606283601
2025,234503822350631,68.645998074
2026,234503852839705,68.676487148
2027,234503895413435,68.719060878
2028,234503921982621,68.745630064
2029,234503969136085,68.792783528
2030,234503992919409,68.816566852
2031,234504026865044,68.850512487
2032,234504054473015,68.878120458
2033,234504091476407,68.915123850
2034,234504122878875,68.946526318
2035,234504160883460,68.984530903
2036,234504190785575,69.014433018
2037,234504227381151,69.051028594
2038,234504259651835,69.083299278
2039,234504295698878,69.119346321
2040,234504328996350,69.152643793
2041,234504373902703,69.197550146
2042,234504400847244,69.224494687
2043,234504427412766,69.251060209
2044,234504463160280,69.286807723
2045,234504496513055,69.320160498
2046,234504531394200,69.355041643
2047,234504563988472,69.387635915
2048,234504602089438,69.425736881
2049,234504645340420,69.468987863
2050,234504670656423,69.494303866
2051,234504700781470,69.524428913
2052,234504742255016,69.565902459
2053,234504793809717,69.617457160
2054,234504818452697,69.642100140
2055,234504841558965,69.665206408
2056,234504870762094,69.694409537
2057,234504911481967,69.735129410
2058,234504938591608,69.762239051
2059,234504971843276,69.795490719
2060,234505009488241,69.833135684
2061,234505054334143,69.877981586
2062,234505076271403,69.899918846
2063,234505109107426,69.932754869
2064,234505138833090,69.962480533
2065,234505196885374,70.020532817
2066,234505217123989,70.040771432
2067,234505244664733,70.068312176
2068,234505274728119,70.098375562
2069,234505313839190,70.137486633
2070,234505342615533,70.166262976
2071,234505385881240,70.209528683
2072,234505410841021,70.234488464
2073,234505460660702,70.284308145
2074,234505482978937,70.306626380
2075,234505515658334,70.339305777
2076,234505551936426,70.375583869
2077,234505606397701,70.430045144
2078,234505633648285,70.457295728
2079,234505661787989,70.485435432
2080,234505685895287,70.509542730
2081,234505735882761,70.559530204
2082,234505757251121,70.580898564
2083,234505783462295,70.607109738
2084,234505819334207,70.642981650
2085,234505864204204,70.687851647
2086,234505889350274,70.712997717
2087,234505919477795,70.743125238
2088,234505957451944,70.781099387
2089,234506005627815,70.829275258
2090,234506029664175,70.853311618
2091,234506057619875,70.881267318
2092,234506092084915,70.915732358
2093,234506133989687,70.957637130
2094,234506158766169,70.982413612
2095,234506192256874,71.015904317
2096,234506229099167,71.052746610
2097,234506275812821,71.099460264
2098,234506295384893,71.119032336
2099,234506327616265,71.151263708
2100,234506361400355,71.185047798
2101,234506412435478,71.236082921
2102,234506434392832,71.258040275
2103,234506463663380,71.287310823
2104,234506495354524,71.319001967
2105,234506537338203,71.360985646
2106,234506562560245,71.386207688
2107,234506605944345,71.429591788
2108,234506633507590,71.457155033
2109,234506687383228,71.511030671
2110,234506709748573,71.533396016
2111,234506735866132,71.559513575
2112,234506767407236,71.591054679
2113,234506809100156,71.632747599
2114,234506834623751,71.658271194
2115,234506872326833,71.695974276
2116,234506905146475,71.728793918
2117,234506944136600,71.767784043
2118,234506970559481,71.794206924
2119,234507003803437,71.827450880
2120,234507045129671,71.868777114
2121,234507096815346,71.920462789
2122,234507117290381,71.940937824
2123,234507139570851,71.963218294
2124,234507177244095,72.000891538
2125,234507221724143,72.045371586
2126,234507242435604,72.066083047
2127,234507275529804,72.099177247
2128,234507314561573,72.138209016
2129,234507365911940,72.189559383
2130,234507390101197,72.213748640
2131,234507421005979,72.244653422
2132,234507446472061,72.270119504
2133,234507500159112,72.323806555
2134,234507522876106,72.346523549
2135,234507548188814,72.371836257
2136,234507582704989,72.406352432
2137,234507622398084,72.446045527
2138,234507646928887,72.470576330
2139,234507689683554,72.513330997
2140,234507719364454,72.543011897
2141,234507767640101,72.591287544
2142,234507788753291,72.612400734
2143,234507825042396,72.648689839
2144,234507851039140,72.674686583
2145,234507895064652,72.718712095
2146,234507918888960,72.742536403
2147,234507961260923,72.784908366
2148,234507986896423,72.810543866
2149,234508029426868,72.853074311
2150,234508055386696,72.879034139
2151,234508093788516,72.917435959
2152,234508129412160,72.953059603
2153,234508187870785,73.011518228
2154,234508210763053,73.034410496
2155,234508233003595,73.056651038
2156,234508260043363,73.083690806
2157,234508305900355,73.129547798
2158,234508328596385,73.152243828
2159,234508360994014,73.184641457
2160,234508398393484,73.222040927
2161,234508442068080,73.265715523
2162,234508466696618,73.290344061
2163,234508495836568,73.319484011
2164,234508532387127,73.356034570
2165,234508585804646,73.409452089
2166,234508605757501,73.429404944
2167,234508632080905,73.455728348
2168,234508668772996,73.492420439
2169,234508711820791,73.535468234
2170,234508737428470,73.561075913
2171,234508769400777,73.593048220
2172,234508804143625,73.627791068
2173,234508847854095,73.671501538
2174,234508872740720,73.696388163
2175,234508905123405,73.728770848
2176,234508935239967,73.758887410
2177,234508982888936,73.806536379
2178,234509002763716,73.826411159
2179,234509040761376,73.864408819
2180,234509073731234,73.897378677
2181,234509119498517,73.943145960
2182,234509141229023,73.964876466
2183,234509178565907,74.002213350
2184,234509207136120,74.030783563
2185,234509248999351,74.072646794
2186,234509274662136,74.098309579
2187,234509312275462,74.135922905
2188,234509344716421,74.168363864
2189,234509394945255,74.218592698
2190,234509416894895,74.240542338
2191,234509451477157,74.275124600
2192,234509480028561,74.303676004
2193,234509525577476,74.349224919
2194,234509546631270,74.370278713
2195,234509582917180,74.406564623
2196,234509616142180,74.439789623
2197,234509664026514,74.487673957
2198,234509687930785,74.511578228
2199,234509716108619,74.539756062
2200,234509757990319,74.581637762
2201,234509810925592,74.634573035
2202,234509836049543,74.659696986
2203,234509864478046,74.688125489
2204,234509887241587,74.710889030
2205,234509937688635,74.761336078
2206,234509963291555,74.786938998
2207,234509987937374,74.811584817
2208,234510024451392,74.848098835
2209,234510071772272,74.895419715
2210,234510096074082,74.919721525
2211,234510123884464,74.947531907
2212,234510160034165,74.983681608
2213,234510203786394,75.027433837
2214,234510230168277,75.053815720
2215,234510261770249,75.085417692
2216,234510291882543,75.115529986
2217,234510333732580,75.157380023
2218,234510361591012,75.185238455
2219,234510400673866,75.224321309
2220,234510431748630,75.255396073
2221,234510480737130,75.304384573
2222,234510505387067,75.329034510
2223,234510533471634,75.357119077
2224,234510563662538,75.387309981
2225,234510615087436,75.438734879
2226,234510634695796,75.458343239
2227,234510668401860,75.492049303
2228,234510699416854,75.523064297
2229,234510739274208,75.562921651
2230,234510767312663,75.590960106
2231,234510806689284,75.630336727
2232,234510835076205,75.658723648
2233,234510881353103,75.705000546
2234,234510903833102,75.727480545
2235,234510937817163,75.761464606
2236,234510971533229,75.795180672
2237,234511022306329,75.845953772
2238,234511045831860,75.869479303
2239,234511073623138,75.897270581
2240,234511115590660,75.939238103
2241,234511167194329,75.990841772
2242,234511191320533,76.014967976
2243,234511214052015,76.037699458
2244,234511242916753,76.066564196
2245,234511286073739,76.109721182
2246,234511310815086,76.134462529
2247,234511344102237,76.167749680
2248,234511382983647,76.206631090
2249,234511429228276,76.252875719
2250,234511452255622,76.275903065
2251,234511481151484,76.304798927
2252,234511515284742,76.338932185
2253,234511564451860,76.388099303
2254,234511585217296,76.408864739
2255,234511616484867,76.440132310
2256,234511649222587,76.472870030
2257,234511700150437,76.523797880
2258,234511724413841,76.548061284
2259,234511753114946,76.576762389
2260,234511783383278,76.607030721
2261,234511825240662,76.648888105
2262,234511870688288,76.694335731
2263,234511900810262,76.724457705
2264,234511927567959,76.751215402
2265,234511956646791,76.780294234
2266,234511988540522,76.812187965
2267,234512035513298,76.859160741
2268,234512060428112,76.884075555
2269,234512092305770,76.915953213
2270,234512124053649,76.947701092
2271,234512173615802,76.997263245
2272,234512193427267,77.017074710
2273,234512224533093,77.048180536
2274,234512259718388,77.083365831
2275,234512302899754,77.126547197
2276,234512327479605,77.151127048
2277,234512363096831,77.186744274
2278,234512397606095,77.221253538
2279,234512442348124,77.265995567
2280,234512468207105,77.291854548
2281,234512497138480,77.320785923
2282,234512533386114,77.357033557
2283,234512585046873,77.408694316
2284,234512607112362,77.430759805
2285,234512633818595,77.457466038
2286,234512669717789,77.493365232
2287,234512714141143,77.537788586
2288,234512737837003,77.561484446
2289,234512770540481,77.594187924
2290,234512807972484,77.631619927
2291,234512865416510,77.689063953
2292,234512886280177,77.709927620
2293,234512909934727,77.733582170
2294,234512935758527,77.759405970
2295,234512988958756,77.812606199
2296,234513010409535,77.834056978
2297,234513041866076,77.865513519
2298,234513071579033,77.895226476
2299,234513121364915,77.945012358
2300,234513141251777,77.964899220
2301,234513177312352,78.000959795
2302,234513207289015,78.030936458
2303,234513255215655,78.078863098
2304,234513282882209,78.106529652
2305,234513315348140,78.138995583
2306,234513343273652,78.166921095
2307,234513390197097,78.213844540
2308,234513412304198,78.235951641
2309,234513451206005,78.274853448
2310,234513483882831,78.307530274
2311,234513532847714,78.356495157
2312,234513556020199,78.379667642
2313,234513580487699,78.404135142
2314,234513615464554,78.439111997
2315,234513665072742,78.488720185
2316,234513685274970,78.508922413
2317,234513716360974,78.540008417
2318,234513753279473,78.576926916
2319,234513803740326,78.627387769
2320,234513828442583,78.652090026
2321,234513852640883,78.676288326
2322,234513893586303,78.717233746
2323,234513938282857,78.761930300
2324,234513962059193,78.785706636
2325,234513988298830,78.811946273
2326,234514030641266,78.854288709
2327,234514082862063,78.906509506
2328,234514104945385,78.928592828
2329,234514128041422,78.951688865
2330,234514155505420,78.979152863
2331,234514202286753,79.025934196
2332,234514224562739,79.048210182
2333,234514260759947,79.084407390
2334,234514306884961,79.130532404
2335,234514330645258,79.154292701
2336,234514359624202,79.183271645
2337,234514396456437,79.220103880
2338,234514427157730,79.250805173
2339,234514466982903,79.290630346
2340,234514496112707,79.319760150
2341,234514538451915,79.362099358
2342,234514563440300,79.387087743
2343,234514606667518,79.430314961
2344,234514633453618,79.457101061
2345,234514688723246,79.512370689
2346,234514710030082,79.533677525
2347,234514736288337,79.559935780
2348,234514771671941,79.595319384
2349,234514823220390,79.646867833
2350,234514845092525,79.668739968
2351,234514875165203,79.698812646
2352,234514905862950,79.729510393
2353,234514952904473,79.776551916
2354,234514976612806,79.800260249
2355,234515005339184,79.828986627
2356,234515045409177,79.869056620
2357,234515093702421,79.917349864
2358,234515118073741,79.941721184
2359,234515143876696,79.967524139
2360,234515178063469,80.001710912
2361,234515231533434,80.055180877
2362,234515256358154,80.080005597
2363,234515280282218,80.103929661
2364,234515313706228,80.137353671
2365,234515363184768,80.186832211
2366,234515389614269,80.213261712
2367,234515413121232,80.236768675
2368,234515443570549,80.267217992
2369,234515500104015,80.323751458
2370,234515519787799,80.343435242
2371,234515548803039,80.372450482
2372,234515579575088,80.403222531
2373,234515620515348,80.444162791
2374,234515647293778,80.470941221
2375,234515689497009,80.513144452
2376,234515733313901,80.556961344
2377,234515760292098,80.583939541
2378,234515783665386,80.607312829
2379,234515822954277,80.646601720
2380,234515864410630,80.688058073
2381,234515889070880,80.712718323
2382,234515921217462,80.744864905
2383,234515960405558,80.784053001
2384,234516003322595,80.826970038
2385,234516026297510,80.849944953
2386,234516058444154,80.882091597
2387,234516090039245,80.913686688
2388,234516130415341,80.954062784
2389,234516156879319,80.980526762
2390,234516196486875,81.020134318
2391,234516224300645,81.047948088
2392,234516271276212,81.094923655
2393,234516293657925,81.117305368
2394,234516327181956,81.150829399
2395,234516360861784,81.184509227
2396,234516402974456,81.226621899
2397,234516429269570,81.252917013
2398,234516466592252,81.290239695
2399,234516496947454,81.320594897
2400,234516544425748,81.368073191
2401,234516574317234,81.397964677
2402,234516599322300,81.422969743
2403,234516633569059,81.457216502
2404,234516682346638,81.505994081
2405,234516705936251,81.529583694
2406,234516733653143,81.557300586
2407,234516768622305,81.592269748
2408,234516810536278,81.634183721
2409,234516837168222,81.660815665
2410,234516868034568,81.691682011
2411,234516912308342,81.735955785
2412,234516959443446,81.783090889
2413,234516985212025,81.808859468
2414,234517005344418,81.828991861
2415,234517040640061,81.864287504
2416,234517090537502,81.914184945
2417,234517117038170,81.940685613
2418,234517139604222,81.963251665
2419,234517179116431,82.002763874
2420,234517227135254,82.050782697
2421,234517254715966,82.078363409
2422,234517278813975,82.102461418
2423,234517317287242,82.140934685
2424,234517370776137,82.194423580
2425,234517397741238,82.221388681
2426,234517417050329,82.240697772
2427,234517444610833,82.268258276
2428,234517493183695,82.316831138
2429,234517517723612,82.341371055
2430,234517548567290,82.372214733
2431,234517580597678,82.404245121
2432,234517621354972,82.445002415
2433,234517648876586,82.472524029
2434,234517691427838,82.515075281
2435,234517716423248,82.540070691
2436,234517758296612,82.581944055
2437,234517787242933,82.610890376
2438,234517821582886,82.645230329
2439,234517854948296,82.678595739
2440,234517901652214,82.725299657
2441,234517927559569,82.751207012
2442,234517958977742,82.782625185
2443,234517989893779,82.813541222
2444,234518031817172,82.855464615
2445,234518060821282,82.884468725
2446,234518087825493,82.911472936
2447,234518127758524,82.951405967
2448,234518184314558,83.007962001
2449,234518208170084,83.031817527
2450,234518231060046,83.054707489
2451,234518261227326,83.084874769
2452,234518319544161,83.143191604
2453,234518355848888,83.179496331
2454,234518383699028,83.207346471
2455,234518408257342,83.231904785
2456,234518452310315,83.275957758
2457,234518483546254,83.307193697
2458,234518505696747,83.329344190
2459,234518533099764,83.356747207
2460,234518587669890,83.411317333
2461,234518612663032,83.436310475
2462,234518632251931,83.455899374
2463,234518669300912,83.492948355
2464,234518718351905,83.541999348
2465,234518742715064,83.566362507
2466,234518767997827,83.591645270
2467,234518802898656,83.626546099
2468,234518847302086,83.670949529
2469,234518873912145,83.697559588
2470,234518903898865,83.727546308
2471,234518936900112,83.760547555
2472,234518998450272,83.822097715
2473,234519026054914,83.849702357
2474,234519045127826,83.868775269
2475,234519073364582,83.897012025
2476,234519114897054,83.938544497
2477,234519142129507,83.965776950
2478,234519177391863,84.001039306
2479,234519211865379,84.035512822
2480,234519254777481,84.078424924
2481,234519283320042,84.106967485
2482,234519307945312,84.131592755
2483,234519345510973,84.169158416
2484,234519408979161,84.232626604
2485,234519434288761,84.257936204
2486,234519453400780,84.277048223
2487,234519480754565,84.304402008
2488,234519526601270,84.350248713
2489,234519552525330,84.376172773
2490,234519579935049,84.403582492
2491,234519625848340,84.449495783
2492,234519687414218,84.511061661
2493,234519711005291,84.534652734
2494,234519732760719,84.556408162
2495,234519756382725,84.580030168
2496,234519805005008,84.628652451
2497,234519830587641,84.654235084
2498,234519851900721,84.675548164
2499,234519893825790,84.717473233
2500,234519943981427,84.767628870
2501,234519972034027,84.795681470
2502,234519992735350,84.816382793
2503,234520020998319,84.844645762
2504,234520070400044,84.894047487
2505,234520095510351,84.919157794
2506,234520124334432,84.947981875
2507,234520159377269,84.983024712
2508,234520209378842,85.033026285
2509,234520237068673,85.060716116
2510,234520259900218,85.083547661
2511,234520297879275,85.121526718
2512,234520354785912,85.178433355
2513,234520409846698,85.233494141
2514,234520432107535,85.255754978
2515,234520461040607,85.284688050
2516,234520482879216,85.306526659
2517,234520517949205,85.341596648
2518,234520540961647,85.364609090
2519,234520573847865,85.397495308
2520,234520600085844,85.423733287
2521,234520639034233,85.462681676
2522,234520667893901,85.491541344
2523,234520701033420,85.524680863
2524,234520734901005,85.558548448
2525,234520782592275,85.606239718
2526,234520808141323,85.631788766
2527,234520836830473,85.660477916
2528,234520871283441,85.694930884
2529,234520918373655,85.742021098
2530,234520941009815,85.764657258
2531,234520976782440,85.800429883
2532,234521005922239,85.829569682
2533,234521050487381,85.874134824
2534,234521074098014,85.897745457
2535,234521111538042,85.935185485
2536,234521140351523,85.963998966
2537,234521199451117,86.023098560
2538,234521219694122,86.043341565
2539,234521244686195,86.068333638
2540,234521276277078,86.099924521
2541,234521326236115,86.149883558
2542,234521345889661,86.169537104
2543,234521376802616,86.200450059
2544,234521411939550,86.235586993
2545,234521463338703,86.286986146
2546,234521488577408,86.312224851
2547,234521515297610,86.338945053
2548,234521551823869,86.375471312
2549,234521603502454,86.427149897
2550,234521625751276,86.449398719
2551,234521649934936,86.473582379
2552,234521685318227,86.508965670
2553,234521730412285,86.554059728
2554,234521752208079,86.575855522
2555,234521785775235,86.609422678
2556,234521827443738,86.651091181
2557,234521878837273,86.702484716
2558,234521904818307,86.728465750
2559,234521927426133,86.751073576
2560,234521952190733,86.775838176
2561,234522010472660,86.834120103
2562,234522030054962,86.853702405
2563,234522057348545,86.880995988
2564,234522088011575,86.911659018
2565,234522131018949,86.954666392
2566,234522156247359,86.979894802
2567,234522193989581,87.017637024
2568,234522226976790,87.050624233
2569,234522279582441,87.103229884
2570,234522299655538,87.123302981
2571,234522330711779,87.154359222
2572,234522363140255,87.186787698
2573,234522413940992,87.237588435
2574,234522435478321,87.259125764
2575,234522465583243,87.289230686
2576,234522499886862,87.323534305
2577,234522548085774,87.371733217
2578,234522573453730,87.397101173
2579,234522596946250,87.420593693
2580,234522637790847,87.461438290
2581,234522693893171,87.517540614
2582,234522715153902,87.538801345
2583,234522736895982,87.560543425
2584,234522768162130,87.591809573
2585,234522815179906,87.638827349
2586,234522836103383,87.659750826
2587,234522872451083,87.696098526
2588,234522907632943,87.731280386
2589,234522960900811,87.784548254
2590,234522992476358,87.816123801
2591,234523018569619,87.842217062
2592,234523040024626,87.863672069
2593,234523097096070,87.920743513
2594,234523120828260,87.944475703
2595,234523149446385,87.973093828
2596,234523175975773,87.999623216
2597,234523221264037,88.044911480
2598,234523244122718,88.067770161
2599,234523277339509,88.100986952
2600,234523313784216,88.137431659
2601,234523363968068,88.187615511
2602,234523388455399,88.212102842
2603,234523413104151,88.236751594
2604,234523443633910,88.267281353
2605,234523489787465,88.313434908
2606,234523513661878,88.337309321
2607,234523555046593,88.378694036
2608,234523579881037,88.403528480
2609,234523624302858,88.447950301
2610,234523649271386,88.472918829
2611,234523685977639,88.509625082
2612,234523719690961,88.543338404
2613,234523767114347,88.590761790
2614,234523789151046,88.612798489
2615,234523822353331,88.646000774
2616,234523855303443,88.678950886
2617,234523901018577,88.724666020
2618,234523923851974,88.747499417
2619,234523953493123,88.777140566
2620,234523995169775,88.818817218
2621,234524042554889,88.866202332
2622,234524069805223,88.893452666
2623,234524095046143,88.918693586
2624,234524125821930,88.949469373
2625,234524179352992,89.003000435
2626,234524201091617,89.024739060
2627,234524225230952,89.048878395
2628,234524260878736,89.084526179
2629,234524307581919,89.131229362
2630,234524329072194,89.152719637
2631,234524361400032,89.185047475
2632,234524399410090,89.223057533
2633,234524445574104,89.269221547
2634,234524468426850,89.292074293
2635,234524497635700,89.321283143
2636,234524529152165,89.352799608
2637,234524584253736,89.407901179
2638,234524606559003,89.430206446
2639,234524632962277,89.456609720
2640,234524664181381,89.487828824
2641,234524708593724,89.532241167
2642,234524732043012,89.555690455
2643,234524769863161,89.593510604
2644,234524800707209,89.624354652
2645,234524851918222,89.675565665
2646,234524875798481,89.699445924
2647,234524905614454,89.729261897
2648,234524938104449,89.761751892
2649,234524990885433,89.814532876
2650,234525013504532,89.837151975
2651,234525042901890,89.866549333
2652,234525072121282,89.895768725
2653,234525114548342,89.938195785
2654,234525140236044,89.963883487
2655,234525173176715,89.996824158
2656,234525214136067,90.037783510
2657,234525258458307,90.082105750
2658,234525281182849,90.104830292
2659,234525309337709,90.132985152
2660,234525343916753,90.167564196
2661,234525398110851,90.221758294
2662,234525419524234,90.243171677
2663,234525445438580,90.269086023
2664,234525484307596,90.307955039
2665,234525534416847,90.358064290
2666,234525557307092,90.380954535
2667,234525584418438,90.408065881
2668,234525616087300,90.439734743
2669,234525658729585,90.482377028
2670,234525684073393,90.507720836
2671,234525717751181,90.541398624
2672,234525758596573,90.582244016
2673,234525815093417,90.638740860
2674,234525841143059,90.664790502
2675,234525870245906,90.693893349
2676,234525891051880,90.714699323
2677,234525931660505,90.755307948
2678,234525956560360,90.780207803
2679,234525989287914,90.812935357
2680,234526020981444,90.844628887
2681,234526067871052,90.891518495
2682,234526088146990,90.911794433
2683,234526133350961,90.956998404
2684,234526158259990,90.981907433
2685,234526205477286,91.029124729
2686,234526224379666,91.048027109
2687,234526264640999,91.088288442
2688,234526295039744,91.118687187
2689,234526342891054,91.166538497
2690,234526367237554,91.190884997
2691,234526399644528,91.223291971
2692,234526432642589,91.256290032
2693,234526491221296,91.314868739
2694,234526514757806,91.338405249
2695,234526536611914,91.360259357
2696,234526564589030,91.388236473
2697,234526614964654,91.438612097
2698,234526635322376,91.458969819
2699,234526666380925,91.490028368
2700,234526706135158,91.529782601
2701,234526755250746,91.578898189
2702,234526781298687,91.604946130
2703,234526805823426,91.629470869
2704,234526841953078,91.665600521
2705,234526896952898,91.720600341
2706,234526920492186,91.744139629
2707,234526942161223,91.765808666
2708,234526972456884,91.796104327
2709,234527020194186,91.843841629
2710,234527040604436,91.864251879
2711,234527074007061,91.897654504
2712,234527104672370,91.928319813
2713,234527152473771,91.976121214
2714,234527175191332,91.998838775
2715,234527210720669,92.034368112
2716,234527241185548,92.064832991
2717,234527293907699,92.117555142
2718,234527314548244,92.138195687
2719,234527345688668,92.169336111
2720,234527376374004,92.200021447
2721,234527417020654,92.240668097
2722,234527444502935,92.268150378
2723,234527482779682,92.306427125
2724,234527512660763,92.336308206
2725,234527555551861,92.379199304
2726,234527580383364,92.404030807
2727,234527617577410,92.441224853
2728,234527652579135,92.476226578
2729,234527700223204,92.523870647
2730,234527721480437,92.545127880
2731,234527751854056,92.575501499
2732,234527788326959,92.611974402
2733,234527832223505,92.655870948
2734,234527852731369,92.676378812
2735,234527887774770,92.711422213
2736,234527927077826,92.750725269
2737,234527974195574,92.797843017
2738,234527995447404,92.819094847
2739,234528021273114,92.844920557
2740,234528056901176,92.880548619
2741,234528099833261,92.923480704
2742,234528124434731,92.948082174
2743,234528160987602,92.984635045
2744,234528192906914,93.016554357
2745,234528237586326,93.061233769
2746,234528261278747,93.084926190
2747,234528293853147,93.117500590
2748,234528334953318,93.158600761
2749,234528392690752,93.216338195
2750,234528413798856,93.237446299
2751,234528437340948,93.260988391
2752,234528462430120,93.286077563
2753,234528512768962,93.336416405
2754,234528535337792,93.358985235
2755,234528567373885,93.391021328
2756,234528596167592,93.419815035
2757,234528643451369,93.467098812
2758,234528669793409,93.493440852
2759,234528702523189,93.526170632
2760,234528732680159,93.556327602
2761,234528789648333,93.613295776
2762,234528830210106,93.653857549
2763,234528860320864,93.683968307
2764,234528893713021,93.717360464
2765,234528915879984,93.739527427
2766,234528938359697,93.762007140
2767,234528988796097,93.812443540
2768,234529017572529,93.841219972
2769,234529043101964,93.866749407
2770,234529073502222,93.897149665
2771,234529119522257,93.943169700
2772,234529140382716,93.964030159
2773,234529173487202,93.997134645
2774,234529214851020,94.038498463
2775,234529269594754,94.093242197
2776,234529291407917,94.115055360
2777,234529317896293,94.141543736
2778,234529345703996,94.169351439
2779,234529412689062,94.236336505
2780,234529434191980,94.257839423
2781,234529458325243,94.281972686
2782,234529481640428,94.305287871
2783,234529548844766,94.372492209
2784,234529574197613,94.397845056
2785,234529598254150,94.421901593
2786,234529622218739,94.445866182
2787,234529669732545,94.493379988
2788,234529690025700,94.513673143
2789,234529717549113,94.541196556
2790,234529748616509,94.572263952
2791,234529804150210,94.627797653
2792,234529825959200,94.649606643
2793,234529853586754,94.677234197
2794,234529888045952,94.711693395
2795,234529934117182,94.757764625
2796,234529954395191,94.778042634
2797,234529989666572,94.813314015
2798,234530024998569,94.848646012
2799,234530080463139,94.904110582
2800,234530100745899,94.924393342
2801,234530130270460,94.953917903
2802,234530156744143,94.980391586
2803,234530204806115,95.028453558
2804,234530226555350,95.050202793
2805,234530262115600,95.085763043
2806,234530293726469,95.117373912
2807,234530341353535,95.165000978
2808,234530366819987,95.190467430
2809,234530393990626,95.217638069
2810,234530434832230,95.258479673
2811,234530490457995,95.314105438
2812,234530513762916,95.337410359
2813,234530540551628,95.364199071
2814,234530566363589,95.390011032
2815,234530618428551,95.442075994
2816,234530643154949,95.466802392
2817,234530671689807,95.495337250
2818,234530700486457,95.524133900
2819,234530759666210,95.583313653
2820,234530785298905,95.608946348
2821,234530811871187,95.635518630
2822,234530837614548,95.661261991
2823,234530894954725,95.718602168
2824,234530915206544,95.738853987
2825,234530937711910,95.761359353
2826,234530972650522,95.796297965
2827,234531005851302,95.829498745
2828,234531039008915,95.862656358
2829,234531074734851,95.898382294
2830,234531117403287,95.941050730
2831,234531143208850,95.966856293
2832,234531173229200,95.996876643
2833,234531210512509,96.034159952
2834,234531259825264,96.083472707
2835,234531286271828,96.109919271
2836,234531309277037,96.132924480
2837,234531351364088,96.175011531
2838,234531401286956,96.224934399
2839,234531424263976,96.247911419
2840,234531444523280,96.268170723
2841,234531482088559,96.305736002
2842,234531522758601,96.346406044
2843,234531552352356,96.375999799
2844,234531580953986,96.404601429
2845,234531624349460,96.447996903
2846,234531666163131,96.489810574
2847,234531693162414,96.516809857
2848,234531716608311,96.540255754
2849,234531755504117,96.579151560
2850,234531810431477,96.634078920
2851,234531836902202,96.660549645
2852,234531857998370,96.681645813
2853,234531889591562,96.713239005
2854,234531935952066,96.759599509
2855,234531962108541,96.785755984
2856,234531992025934,96.815673377
2857,234532021744020,96.845391463
2858,234532066056917,96.889704360
2859,234532090307782,96.913955225
2860,234532127115156,96.950762599
2861,234532157905785,96.981553228
2862,234532207208155,97.030855598
2863,234532230203120,97.053850563
2864,234532260671786,97.084319229
2865,234532295751192,97.119398635
2866,234532339690427,97.163337870
2867,234532368524021,97.192171464
2868,234532393394266,97.217041709
2869,234532436833362,97.260480805
2870,234532483572000,97.307219443
2871,234532509808249,97.333455692
2872,234532532753417,97.356400860
2873,234532568178294,97.391825737
2874,234532614710116,97.438357559
2875,234532638008313,97.461655756
2876,234532664989037,97.488636480
2877,234532706898657,97.530546100
2878,234532753967594,97.577615037
2879,234532781545519,97.605192962
2880,234532802389700,97.626037143
2881,234532844711936,97.668359379
2882,234532896291937,97.719939380
2883,234532922374459,97.746021902
2884,234532943990210,97.767637653
2885,234532969758252,97.793405695
2886,234533010364086,97.834011529
2887,234533037590126,97.861237569
2888,234533073019406,97.896666849
2889,234533108922217,97.932569660
2890,234533153172780,97.976820223
2891,234533181085447,98.004732890
2892,234533214222585,98.037870028
2893,234533243166295,98.066813738
2894,234533309469895,98.133117338
2895,234533337066508,98.160713951
2896,234533361260908,98.184908351
2897,234533388131871,98.211779314
2898,234533428827432,98.252474875
2899,234533452448821,98.276096264
2900,234533481403201,98.305050644
2901,234533513884356,98.337531799
2902,234533553947876,98.377595319
2903,234533582136127,98.405783570
2904,234533614229558,98.437877001
2905,234533651346173,98.474993616
2906,234533696903506,98.520550949
2907,234533723722350,98.547369793
2908,234533748848957,98.572496400
2909,234533789512371,98.613159814
2910,234533831169072,98.654816515
2911,234533854679287,98.678326730
2912,234533886072199,98.709719642
2913,234533927803211,98.751450654
2914,234533972032828,98.795680271
2915,234533995128417,98.818775860
2916,234534023868472,98.847515915
2917,234534063698841,98.887346284
2918,234534103295586,98.926943029
2919,234534126957047,98.950604490
2920,234534157344417,98.980991860
2921,234534194722682,99.018370125
2922,234534236984787,99.060632230
2923,234534266334383,99.089981826
2924,234534293622710,99.117270153
2925,234534326055995,99.149703438
2926,234534365253041,99.188900484
2927,234534393642121,99.217289564
2928,234534431322904,99.254970347
2929,234534464044599,99.287692042
2930,234534507215043,99.330862486
2931,234534530179850,99.353827293
2932,234534566949965,99.390597408
2933,234534600272868,99.423920311
2934,234534645301093,99.468948536
2935,234534669900550,99.493547993
2936,234534704530249,99.528177692
2937,234534735908920,99.559556363
2938,234534782669292,99.606316735
2939,234534806140521,99.629787964
2940,234534837876910,99.661524353
2941,234534870743814,99.694391257
2942,234534913727967,99.737375410
2943,234534937588654,99.761236097
2944,234534972570968,99.796218411
2945,234535012226378,99.835873821
2946,234535054501164,99.878148607
2947,234535081088755,99.904736198
2948,234535104806744,99.928454187
2949,234535147659935,99.971307378
2950,234535193810619,100.017458062
2951,234535217630403,100.041277846
2952,234535240718366,100.064365809
2953,234535283615292,100.107262735
2954,234535325565250,100.149212693
2955,234535347524374,100.171171817
2956,234535377101090,100.200748533
2957,234535416046888,100.239694331
2958,234535456056553,100.279703996
2959,234535485949334,100.309596777
2960,234535512901126,100.336548569
2961,234535551668033,100.375315476
2962,234535599949894,100.423597337
2963,234535632854328,100.456501771
2964,234535654680804,100.478328247
2965,234535682297207,100.505944650
2966,234535722768264,100.546415707
2967,234535751896784,100.575544227
2968,234535790676056,100.614323499
2969,234535819774015,100.643421458
2970,234535863217397,100.686864840
2971,234535891187969,100.714835412
2972,234535921847212,100.745494655
2973,234535958539087,100.782186530
2974,234536007868202,100.831515645
2975,234536034984799,100.858632242
2976,234536056864553,100.880511996
2977,234536090175727,100.913823170
2978,234536131900592,100.955548035
2979,234536158041739,100.981689182
2980,234536189015890,101.012663333
2981,234536227271317,101.050918760
2982,234536271421906,101.095069349
2983,234536298514362,101.122161805
2984,234536328285956,101.151933399
2985,234536362217281,101.185864724
2986,234536403599003,101.227246446
2987,234536429960664,101.253608107
2988,234536462517657,101.286165100
2989,234536504236779,101.327884222
2990,234536546055446,101.369702889
2991,234536571643057,101.395290500
2992,234536596806435,101.420453878
2993,234536637038925,101.460686368
2994,234536688053294,101.511700737
2995,234536711269732,101.534917175
2996,234536733121096,101.556768539
2997,234536770321441,101.593968884
2998,234536811258046,101.634905489
2999,234536834367116,101.658014559
3000,234536869071463,101.692718906
3001,234536902022097,101.725669540
3002,234536943277987,101.766925430
3003,234536971322746,101.794970189
3004,234537008472777,101.832120220
3005,234537038294157,101.861941600
3006,234537086444923,101.910092366
3007,234537110059996,101.933707439
3008,234537143632662,101.967280105
3009,234537174747932,101.998395375
3010,234537221145747,102.044793190
3011,234537244359320,102.068006763
3012,234537287073867,102.110721310
3013,234537315948648,102.139596091
3014,234537345072681,102.168720124
3015,234537378531393,102.202178836
3016,234537413312639,102.236960082
3017,234537447108000,102.270755443
3018,234537479598901,102.303246344
3019,234537517452731,102.341100174
3020,234537559523937,102.383171380
3021,234537590857774,102.414505217
3022,234537613103806,102.436751249
3023,234537653915596,102.477563039
3024,234537701477365,102.525124808
3025,234537724959509,102.548606952
3026,234537749608902,102.573256345
3027,234537787015440,102.610662883
3028,234537826786393,102.650433836
3029,234537854510223,102.678157666
3030,234537888162422,102.711809865
3031,234537929648071,102.753295514
3032,234537974287286,102.797934729
3033,234537997189007,102.820836450
3034,234538021006241,102.844653684
3035,234538058854260,102.882501703
3036,234538097621956,102.921269399
3037,234538122147990,102.945795433
3038,234538157866638,102.981514081
3039,234538190469010,103.014116453
3040,234538233574333,103.057221776
3041,234538260837235,103.084484678
3042,234538293556681,103.117204124
3043,234538332252427,103.155899870
3044,234538378870420,103.202517863
3045,234538406409374,103.230056817
3046,234538430664717,103.254312160
3047,234538463225450,103.286872893
3048,234538506965148,103.330612591
3049,234538531387088,103.355034531
3050,234538565594221,103.389241664
3051,234538598973985,103.422621428
3052,234538640304410,103.463951853
3053,234538673654779,103.497302222
3054,234538704027819,103.527675262
3055,234538734227306,103.557874749
3056,234538786794455,103.610441898
3057,234538810928677,103.634576120
3058,234538833202379,103.656849822
3059,234538873358184,103.697005627
3060,234538915270345,103.738917788
3061,234538940486156,103.764133599
3062,234538969463010,103.793110453
3063,234539007274091,103.830921534
3064,234539049646609,103.873294052
3065,234539076874781,103.900522224
3066,234539105267619,103.928915062
3067,234539144534973,103.968182416
3068,234539195718977,104.019366420
3069,234539223666434,104.047313877
3070,234539246232574,104.069880017
3071,234539278412556,104.102059999
3072,234539320311312,104.143958755
3073,234539348771229,104.172418672
3074,234539378057194,104.201704637
3075,234539410377957,104.234025400
3076,234539451160486,104.274807929
3077,234539478116250,104.301763693
3078,234539518219113,104.341866556
3079,234539546033347,104.369680790
3080,234539592479462,104.416126905
3081,234539619307596,104.442955039
3082,234539652934929,104.476582372
3083,234539686394422,104.510041865
3084,234539734596203,104.558243646
3085,234539762914705,104.586562148
3086,234539786042137,104.609689580
3087,234539821656023,104.645303466
3088,234539864819113,104.688466556
3089,234539891344510,104.714991953
3090,234539926067691,104.749715134
3091,234539958520771,104.782168214
3092,234540012072247,104.835719690
3093,234540036048171,104.859695614
3094,234540056242321,104.879889764
3095,234540091084170,104.914731613
3096,234540132595679,104.956243122
3097,234540158667500,104.982314943
3098,234540189194941,105.012842384
3099,234540233375772,105.057023215
3100,234540283302724,105.106950167
3101,234540312086367,105.135733810
3102,234540331330486,105.154977929
3103,234540365020204,105.188667647
3104,234540404918330,105.228565773
3105,234540430409206,105.254056649
3106,234540462574530,105.286221973
3107,234540499563688,105.323211131
3108,234540540015224,105.363662667
3109,234540568339881,105.391987324
3110,234540602295190,105.425942633
3111,234540634613337,105.458260780
3112,234540685228757,105.508876200
3113,234540719226007,105.542873450
3114,234540739702606,105.563350049
3115,234540766664847,105.590312290
3116,234540810173527,105.633820970
3117,234540834381887,105.658029330
3118,234540869975306,105.693622749
3119,234540903935208,105.727582651
3120,234540944555808,105.768203251
3121,234540970279044,105.793926487
3122,234541005342046,105.828989489
3123,234541038869386,105.862516829
3124,234541081870538,105.905517981
3125,234541106413682,105.930061125
3126,234541142008549,105.965655992
3127,234541175263392,105.998910835
3128,234541216037059,106.039684502
3129,234541243055731,106.066703174
3130,234541281145345,106.104792788
3131,234541310725217,106.134372660
3132,234541349425707,106.173073150
3133,234541378416333,106.202063776
3134,234541409797712,106.233445155
3135,234541448906007,106.272553450
3136,234541493890678,106.317538121
3137,234541517573942,106.341221385
3138,234541545173680,106.368821123
3139,234541582436670,106.406084113
3140,234541617704936,106.441352379
3141,234541654865765,106.478513208
3142,234541681921581,106.505569024
3143,234541718315627,106.541963070
3144,234541765718964,106.589366407
3145,234541789565071,106.613212514
3146,234541817849235,106.641496678
3147,234541861914937,106.685562380
3148,234541909872600,106.733520043
3149,234541936533780,106.760181223
3150,234541957659398,106.781306841
3151,234541993971165,106.817618608
3152,234542034240476,106.857887919
3153,234542060068627,106.883716070
3154,234542093854015,106.917501458
3155,234542122207022,106.945854465
3156,234542164077138,106.987724581
3157,234542190435855,107.014083298
3158,234542231414584,107.055062027
3159,234542260084937,107.083732380
3160,234542305045014,107.128692457
3161,234542328792692,107.152440135
3162,234542365442763,107.189090206
3163,234542397172027,107.220819470
3164,234542438394026,107.262041469
3165,234542466684209,107.290331652
3166,234542501248632,107.324896075
3167,234542533278544,107.356925987
3168,234542578424982,107.402072425
3169,234542602249352,107.425896795
3170,234542635269201,107.458916644
3171,234542669401683,107.493049126
3172,234542715552416,107.539199859
3173,234542745881792,107.569529235
3174,234542768350779,107.591998222
3175,234542807281540,107.630928983
3176,234542862786872,107.686434315
3177,234542892779780,107.716427223
3178,234542912843741,107.736491184
3179,234542938263032,107.761910475
3180,234542988685455,107.812332898
3181,234543016471938,107.840119381
3182,234543037779974,107.861427417
3183,234543076042463,107.899689906
3184,234543120358348,107.944005791
3185,234543148288499,107.971935942
3186,234543177299555,108.000946998
3187,234543215147604,108.038795047
3188,234543261391039,108.085038482
3189,234543289697084,108.113344527
3190,234543309409198,108.133056641
3191,234543344701677,108.168349120
3192,234543397531377,108.221178820
3193,234543422094801,108.245742244
3194,234543445393821,108.269041264
3195,234543478473654,108.302121097
3196,234543523018469,108.346665912
3197,234543547598078,108.371245521
3198,234543582695715,108.406343158
3199,234543615203899,108.438851342
3200,234543662411600,108.486059043
3201,234543687574581,108.511222024
3202,234543718947672,108.542595115
3203,234543751996061,108.575643504
3204,234543806280419,108.629927862
3205,234543833276399,108.656923842
3206,234543855446446,108.679093889
3207,234543886740048,108.710387491
3208,234543929185111,108.752832554
3209,234543955409669,108.779057112
3210,234543985984157,108.809631600
3211,234544023913130,108.847560573
3212,234544067649049,108.891296492
3213,234544091615835,108.915263278
3214,234544122532896,108.946180339
3215,234544162160961,108.985808404
3216,234544208760349,109.032407792
3217,234544230890065,109.054537508
3218,234544257699653,109.081347096
3219,234544299763104,109.123410547
3220,234544341161662,109.164809105
3221,234544371353824,109.195001267
3222,234544395882488,109.219529931
3223,234544433322719,109.256970162
3224,234544478471516,109.302118959
3225,234544501343999,109.324991442
3226,234544529520813,109.353168256
3227,234544567008335,109.390655778
3228,234544609878584,109.433526027
3229,234544635412201,109.459059644
3230,234544665599640,109.489247083
3231,234544699216156,109.522863599
3232,234544740183349,109.563830792
3233,234544767391074,109.591038517
3234,234544802892552,109.626539995
3235,234544834651553,109.658298996
3236,234544885846541,109.709493984
3237,234544912449080,109.736096523
3238,234544937708393,109.761355836
3239,234544972219613,109.795867056
3240,234545015066010,109.838713453
3241,234545041781549,109.865428992
3242,234545075932780,109.899580223
3243,234545106948642,109.930596085
3244,234545143280473,109.966927916
3245,234545174636563,109.998284006
3246,234545216266459,110.039913902
3247,234545245998646,110.069646089
3248,234545289905448,110.113552891
3249,234545315994120,110.139641563
3250,234545341785430,110.165432873
3251,234545379221883,110.202869326
3252,234545424772348,110.248419791
3253,234545451726060,110.275373503
3254,234545479525898,110.303173341
3255,234545515087564,110.338735007
3256,234545552156798,110.375804241
3257,234545582848025,110.406495468
3258,234545614664635,110.438312078
3259,234545652119571,110.475767014
3260,234545697658456,110.521305899
3261,234545721728196,110.545375639
3262,234545772088104,110.595735547
3263,234545811520028,110.635167471
3264,234545832345880,110.655993323
3265,234545859358021,110.683005464
3266,234545886858832,110.710506275
3267,234545932614869,110.756262312
3268,234545953840304,110.777487747
3269,234545988061961,110.811709404
3270,234546027205823,110.850853266
3271,234546074910499,110.898557942
3272,234546095673596,110.919321039
3273,234546122762308,110.946409751
3274,234546160571299,110.984218742
3275,234546206338149,111.029985592
3276,234546228813450,111.052460893
3277,234546261061872,111.084709315
3278,234546300028450,111.123675893
3279,234546345841782,111.169489225
3280,234546369902760,111.193550203
3281,234546395507772,111.219155215
3282,234546432911688,111.256559131
3283,234546483040845,111.306688288
3284,234546505669385,111.329316828
3285,234546530655667,111.354303110
3286,234546561633745,111.385281188
3287,234546604809335,111.428456778
3288,234546632279672,111.455927115
3289,234546667200187,111.490847630
3290,234546698443327,111.522090770
3291,234546741883743,111.565531186
3292,234546767548301,111.591195744
3293,234546803037665,111.626685108
3294,234546834339170,111.657986613
3295,234546883267890,111.706915333
3296,234546904089648,111.727737091
3297,234546938857965,111.762505408
3298,234546971907722,111.795555165
3299,234547022791132,111.846438575
3300,234547043306040,111.866953483
3301,234547075242362,111.898889805
3302,234547109049019,111.932696462
3303,234547153212361,111.976859804
3304,234547181100632,112.004748075
3305,234547207527127,112.031174570
3306,234547249075814,112.072723257
3307,234547301311853,112.124959296
3308,234547323438734,112.147086177
3309,234547345376483,112.169023926
3310,234547377759815,112.201407258
3311,234547422720884,112.246368327
3312,234547445726364,112.269373807
3313,234547479484640,112.303132083
3314,234547519714880,112.343362323
3315,234547567247878,112.390895321
3316,234547588430180,112.412077623
3317,234547616067103,112.439714546
3318,234547657777687,112.481425130
3319,234547702898018,112.526545461
3320,234547723888275,112.547535718
3321,234547751469279,112.575116722
3322,234547786605303,112.610252746
3323,234547838742352,112.662389795
3324,234547861228115,112.684875558
3325,234547888676908,112.712324351
3326,234547921860519,112.745507962
3327,234547967726642,112.791374085
3328,234547988954601,112.812602044
3329,234548028680888,112.852328331
3330,234548053894039,112.877541482
3331,234548100080588,112.923728031
3332,234548121877355,112.945524798
3333,234548159157403,112.982804846
3334,234548190357455,113.014004898
3335,234548233194201,113.056841644
3336,234548257682008,113.081329451
3337,234548302310494,113.125957937
3338,234548326472892,113.150120335
3339,234548366339010,113.189986453
3340,234548393651627,113.217299070
3341,234548435821919,113.259469362
3342,234548462684513,113.286331956
3343,234548505573904,113.329221347
3344,234548529967061,113.353614504
3345,234548564389379,113.388036822
3346,234548604619480,113.428266923
3347,234548651584461,113.475231904
3348,234548674129090,113.497776533
3349,234548699096610,113.522744053
3350,234548739778582,113.563426025
3351,234548795524179,113.619171622
3352,234548820127882,113.643775325
3353,234548846053373,113.669700816
3354,234548873097961,113.696745404
3355,234548925386879,113.749034322
3356,234548944884585,113.768532028
3357,234548972345759,113.795993202
3358,234549012197741,113.835845184
3359,234549061813607,113.885461050
3360,234549088886500,113.912533943
3361,234549120160647,113.943808090
3362,234549141803719,113.965451162
3363,234549188135715,114.011783158
3364,234549208809056,114.032456499
3365,234549244410842,114.068058285
3366,234549273633786,114.097281229
3367,234549313203531,114.136850974
3368,234549344925165,114.168572608
3369,234549381053792,114.204701235
3370,234549410926266,114.234573709
3371,234549458910135,114.282557578
3372,234549482050982,114.305698425
3373,234549520403673,114.344051116
3374,234549548191590,114.371839033
3375,234549593509207,114.417156650
3376,234549613828547,114.437475990
3377,234549656579048,114.480226491
3378,234549682234875,114.505882318
3379,234549729203055,114.552850498
3380,234549753348016,114.576995459
3381,234549790009217,114.613656660
3382,234549819820936,114.643468379
3383,234549874242910,114.697890353
3384,234549894807644,114.718455087
3385,234549919053870,114.742701313
3386,234549957218932,114.780866375
3387,234549998265879,114.821913322
3388,234550021783588,114.845431031
3389,234550056026415,114.879673858
3390,234550091731177,114.915378620
3391,234550135530785,114.959178228
3392,234550158064180,114.981711623
3393,234550190754675,115.014402118
3394,234550232438665,115.056086108
3395,234550285420151,115.109067594
3396,234550305113703,115.128761146
3397,234550326936162,115.150583605
3398,234550367173397,115.190820840
3399,234550419445897,115.243093340
3400,234550438294933,115.261942376
3401,234550466856859,115.290504302
3402,234550493530026,115.317177469
3403,234550532673918,115.356321361
3404,234550562094664,115.385742107
3405,234550602592844,115.426240287
3406,234550633865733,115.457513176
3407,234550684287876,115.507935319
3408,234550705929132,115.529576575
3409,234550736010619,115.559658062
3410,234550766069163,115.589716606
3411,234550806105984,115.629753427
3412,234550833570324,115.657217767
3413,234550871033095,115.694680538
3414,234550902034451,115.725681894
3415,234550946228732,115.769876175
3416,234550972590711,115.796238154
3417,234551014119249,115.837766692
3418,234551037929001,115.861576444
3419,234551089085195,115.912732638
3420,234551111959303,115.935606746
3421,234551143334424,115.966981867
3422,234551176976401,116.000623844
3423,234551222892724,116.046540167
3424,234551243067265,116.066714708
3425,234551275094321,116.098741764
3426,234551311821170,116.135468613
3427,234551352323845,116.175971288
3428,234551378276349,116.201923792
3429,234551415071753,116.238719196
3430,234551447744304,116.271391747
3431,234551493574816,116.317222259
3432,234551515887884,116.339535327
3433,234551547768583,116.371416026
3434,234551584600143,116.408247586
3435,234551624493200,116.448140643
3436,234551651517659,116.475165102
3437,234551689295737,116.512943180
3438,234551724222121,116.547869564
3439,234551771564421,116.595211864
3440,234551793837528,116.617484971
3441,234551819168811,116.642816254
3442,234551855407398,116.679054841
3443,234551906721594,116.730369037
3444,234551926248785,116.749896228
3445,234551957868646,116.781516089
3446,234551987438323,116.811085766
3447,234552032272100,116.855919543
3448,234552055747509,116.879394952
3449,234552093331724,116.916979167
3450,234552122828514,116.946475957
3451,234552163968719,116.987616162
3452,234552191135330,117.014782773
3453,234552234540137,117.058187580
3454,234552258102461,117.081749904
3455,234552300153898,117.123801341
3456,234552326706427,117.150353870
3457,234552363321689,117.186969132
3458,234552395052492,117.218699935
3459,234552435986370,117.259633813
3460,234552465143919,117.288791362
3461,234552497731339,117.321378782
3462,234552537467433,117.361114876
3463,234552588178548,117.411825991
3464,234552607125848,117.430773291
3465,234552631231831,117.454879274
3466,234552669989353,117.493636796
3467,234552713324342,117.536971785
3468,234552739151187,117.562798630
3469,234552767453099,117.591100542
3470,234552803412622,117.627060065
3471,234552847168615,117.670816058
3472,234552874935874,117.698583317
3473,234552903168051,117.726815494
3474,234552939510960,117.763158403
3475,234552991691001,117.815338444
3476,234553014301300,117.837948743
3477,234553039582232,117.863229675
3478,234553070241925,117.893889368
3479,234553107303908,117.930951351
3480,234553138078771,117.961726214
3481,234553175169601,117.998817044
3482,234553206555039,118.030202482
3483,234553248302418,118.071949861
3484,234553274166786,118.097814229
3485,234553312798198,118.136445641
3486,234553343074240,118.166721683
3487,234553393148744,118.216796187
3488,234553414090467,118.237737910
3489,234553451965796,118.275613239
3490,234553479585741,118.303233184
3491,234553525809372,118.349456815
3492,234553546166480,118.369813923
3493,234553587417997,118.411065440
3494,234553619703250,118.443350693
3495,234553664497645,118.488145088
3496,234553685976321,118.509623764
3497,234553715132165,118.538779608
3498,234553753158303,118.576805746
3499,234553799161818,118.622809261
3500,234553820150088,118.643797531
3501,234553851310004,118.674957447
3502,234553886201980,118.709849423
3503,234553929478831,118.753126274
3504,234553954110513,118.777757956
3505,234553990488792,118.814136235
3506,234554024667870,118.848315313
3507,234554067751715,118.891399158
3508,234554092459627,118.916107070
3509,234554128859130,118.952506573
3510,234554162682458,118.986329901
3511,234554204004816,119.027652259
3512,234554241618132,119.065265575
3513,234554272313613,119.095961056
3514,234554294521415,119.118168858
3515,234554327780801,119.151428244
3516,234554360200228,119.183847671
3517,234554395907121,119.219554564
3518,234554426179503,119.249826946
3519,234554466518690,119.290166133
3520,234554494527396,119.318174839
3521,234554531739419,119.355386862
3522,234554562298022,119.385945465
3523,234554600834352,119.424481795
3524,234554634861312,119.458508755
3525,234554687051933,119.510699376
3526,234554708661731,119.532309174
3527,234554735266309,119.558913752
3528,234554767306171,119.590953614
3529,234554805473148,119.629120591
3530,234554835584106,119.659231549
3531,234554874744959,119.698392402
3532,234554918340678,119.741988121
3533,234554984060382,119.807707825
3534,234555003176462,119.826823905
3535,234555025508351,119.849155794
3536,234555049540889,119.873188332
3537,234555104918446,119.928565889
3538,234555125614630,119.949262073
3539,234555147182341,119.970829784
3540,234555174436385,119.998083828
3541,234555218075546,120.041722989
