frame_index,receive_monotonic_ns,relative_s,uvc_pts,uvc_scr_stc,uvc_payload_host_monotonic_ns,uvc_source_mapped_monotonic_ns,uvc_source_relative_s,source_minus_receive_ms
0,281097724538605,0.000000000,2462682734,2462990789,281097735554684,281097713369825,0.000000000,-11.168780
1,281097756491932,0.031953327,2463191166,2463193284,281097747621777,281097747271754,0.033901929,-9.220178
2,281097804324525,0.079785920,2463699598,2463701441,281097779605357,281097781173683,0.067803858,-23.150842
3,281097822415935,0.097877330,2464208030,2464209586,281097815678769,281097815075612,0.101705787,-7.340323
4,281097853796105,0.129257500,2464716462,2464719539,281097847590627,281097848977541,0.135607716,-4.818564
5,281097890537002,0.165998397,2465224894,2465227642,281097883588401,281097882879470,0.169509645,-7.657532
6,281097926571650,0.202033045,2465733326,2465735772,281097915595865,281097916781399,0.203411574,-9.790251
7,281097959042876,0.234504271,2466241758,2466243873,281097951588349,281097950683328,0.237313503,-8.359548
8,281097989929212,0.265390607,2466750191,2466752027,281097983619861,281097984585324,0.271215499,-5.343888
9,281098026038414,0.301499809,2467258623,2467260191,281098019722472,281098018487253,0.305117428,-7.551161
10,281098065595734,0.341057129,2467767055,2467770207,281098051620824,281098052389182,0.339019357,-13.206552
11,281098094058546,0.369519941,2468275487,2468278306,281098087687720,281098086291111,0.372921286,-7.767435
12,281098148391668,0.423853063,2469292351,2469294556,281098155661918,281098154094969,0.440725144,5.703301
13,281098201412554,0.476873949,2469800783,2469802681,281098187658436,281098187996898,0.474627073,-13.415656
14,281098231832365,0.507293760,2470309215,2470310841,281098223680429,281098221898827,0.508529002,-9.933538
15,281098260087306,0.535548701,2470817648,2470820845,281098255688316,281098255800823,0.542430998,-4.286483
16,281098283402947,0.558864342,2471326080,2471328955,281098287795847,281098289702752,0.576332927,6.299805
17,281098339271800,0.614733195,2471834512,2471837074,281098323691351,281098323604681,0.610234856,-15.667119
18,281098362139243,0.637600638,2472342944,2472345170,281098355830885,281098357506610,0.644136785,-4.632633
19,281098386287227,0.661748622,2472851376,2472853284,281098391707330,281098391408539,0.678038714,5.121312
20,281098404883728,0.680345123,2473359808,2473361403,281098423712100,281098425310468,0.711940643,20.426740
21,281098438732646,0.714194041,2473868240,2473871401,281098459750447,281098459212397,0.745842572,20.479751
22,281098479259102,0.754720497,2474376673,2474379548,281098491728575,281098493114393,0.779744568,13.855291
23,281098497884242,0.773345637,2474885105,2474887680,281098527717186,281098527016322,0.813646497,29.132080
24,281098536889128,0.812350523,2475393537,2475395796,281098559756775,281098560918251,0.847548426,24.029123
25,281098576341605,0.851803000,2475901969,2475903919,281098595764768,281098594820180,0.881450355,18.478575
26,281098618075813,0.893537208,2476410401,2476412065,281098627772410,281098628722109,0.915352284,10.646296
27,281098640893298,0.916354693,2476918833,2476922064,281098663786559,281098662624038,0.949254213,21.730740
28,281098671074580,0.946535975,2477427265,2477430167,281098695802832,281098696525967,0.983156142,25.451387
29,281098714270459,0.989731854,2477935697,2477938295,281098731774778,281098730427896,1.017058071,16.157437
30,281098754619281,1.030080676,2478444129,2478446462,281098763805498,281098764329825,1.050960000,9.710544
31,281098782410619,1.057872014,2478952562,2478954611,281098799823304,281098798231821,1.084861996,15.821202
32,281098806497231,1.081958626,2479460994,2479462758,281098831798410,281098832133750,1.118763925,25.636519
33,281098841316085,1.116777480,2479969426,2479970898,281098867818513,281098866035679,1.152665854,24.719594
34,281098894014688,1.169476083,2480477858,2480480898,281098899804505,281098899937608,1.186567783,5.922920
35,281098912730116,1.188191511,2480986290,2480989010,281098931803874,281098933839537,1.220469712,21.109421
36,281098938010665,1.213472060,2481494722,2481497128,281098967847794,281098967741466,1.254371641,29.730801
37,281098977662091,1.253123486,2482003155,2482005268,281098999952545,281099001643461,1.288273636,23.981370
38,281099018830161,1.294291556,2482511587,2482513393,281099035865808,281099035545390,1.322175565,16.715229
39,281099042836576,1.318297971,2483020019,2483021531,281099067844224,281099069447319,1.356077494,26.610743
40,281099076366976,1.351828371,2483528451,2483531545,281099103873573,281099103349248,1.389979423,26.982272
41,281099110544407,1.386005802,2484036883,2484039676,281099135856568,281099137251177,1.423881352,26.706770
42,281099150414011,1.425875406,2484545315,2484547815,281099171861020,281099171153106,1.457783281,20.739095
43,281099178050194,1.453511589,2485053747,2485055881,281099203846650,281099205055036,1.491685211,27.004842
44,281099216716932,1.492178327,2485562179,2485564014,281099239860742,281099238956965,1.525587140,22.240033
45,281099282433661,1.557895056,2486070612,2486072131,281099271863506,281099272858960,1.559489135,-9.574701
46,281099302456346,1.577917741,2486579044,2486582096,281099307870287,281099306760889,1.593391064,4.304543
47,281099325023429,1.600484824,2487087476,2487090230,281099339878453,281099340662818,1.627292993,15.639389
48,281099347169759,1.622631154,2487595908,2487598404,281099375896276,281099374564747,1.661194922,27.394988
49,281099416761828,1.692223223,2488104340,2488106529,281099407893574,281099408466676,1.695096851,-8.295152
50,281099435327579,1.710788974,2488612772,2488614664,281099443892008,281099442368605,1.728998780,7.041026
51,281099451398387,1.726859782,2489121204,2489122764,281099475970861,281099476270534,1.762900709,24.872147
52,281099482259427,1.757720822,2489629636,2489632774,281099511953387,281099510172463,1.796802638,27.913036
53,281099544068413,1.819529808,2490138069,2490140950,281099543965965,281099544074459,1.830704634,0.006046
54,281099565460090,1.840921485,2490646501,2490649072,281099575941730,281099577976388,1.864606563,12.516298
55,281099589177540,1.864638935,2491154933,2491157176,281099611971580,281099611878317,1.898508492,22.700777
56,281099622915562,1.898376957,2491663365,2491665262,281099643944566,281099645780246,1.932410421,22.864684
57,281099689737434,1.965198829,2492171797,2492173398,281099679977925,281099679682175,1.966312350,-10.055259
58,281099707297610,1.982759005,2492680229,2492683410,281099711999116,281099713584104,2.000214279,6.286494
59,281099725211976,2.000673371,2493188661,2493191508,281099747986008,281099747486033,2.034116208,22.274057
60,281099761105158,2.036566553,2493697094,2493699661,281099780013898,281099781388029,2.068018204,20.282871
61,281099818992779,2.094454174,2494205526,2494207763,281099815982688,281099815289958,2.101920133,-3.702821
62,281099842284922,2.117746317,2494713958,2494715886,281099847976617,281099849191887,2.135822062,6.906965
63,281099870075677,2.145537072,2495222390,2495224047,281099884013636,281099883093816,2.169723991,13.018139
64,281099892740441,2.168201836,2495730822,2495734048,281099916041024,281099916995745,2.203625920,24.255304
65,281099943184482,2.218645877,2496239254,2496242172,281099951998514,281099950897674,2.237527849,7.713192
66,281099962034746,2.237496141,2496747686,2496750307,281099984064252,281099984799603,2.271429778,22.764857
67,281099990893637,2.266355032,2497256118,2497258422,281100020070007,281100018701532,2.305331707,27.807895
68,281100031651056,2.307112451,2497764551,2497766555,281100052020541,281100052603528,2.339233703,20.952472
69,281100096133534,2.371594929,2498272983,2498274674,281100088099805,281100086505457,2.373135632,-9.628077
70,281100120282959,2.395744354,2498781415,2498784643,281100120097969,281100120407386,2.407037561,0.124427
71,281100152705168,2.428166563,2499289847,2499292749,281100156096363,281100154309315,2.440939490,1.604147
72,281100176736890,2.452198285,2499798279,2499800894,281100188093555,281100188211244,2.474841419,11.474354
73,281100229175905,2.504637300,2500306711,2500309013,281100220088919,281100222113173,2.508743348,-7.062732
74,281100246303834,2.521765229,2500815143,2500817123,281100256101524,281100256015102,2.542645277,9.711268
75,281100265250664,2.540712059,2501323575,2501325272,281100288075916,281100289917031,2.576547206,24.666367
76,281100294553980,2.570015375,2501832008,2501835276,281100324174213,281100323819027,2.610449202,29.265047
77,281100333408396,2.608869791,2502340440,2502343403,281100356117386,281100357720956,2.644351131,24.312560
78,281100382189590,2.657650985,2502848872,2502851534,281100392113769,281100391622885,2.678253060,9.433295
79,281100398824750,2.674286145,2503357304,2503359641,281100424241569,281100425524814,2.712154989,26.700064
80,281100433959109,2.709420504,2503865736,2503867738,281100460128120,281100459426743,2.746056918,25.467634
81,281100468861597,2.744322992,2504374168,2504375868,281100492125577,281100493328672,2.779958847,24.467075
82,281100511314598,2.786775993,2504882600,2504885869,281100528146205,281100527230601,2.813860776,15.916003
83,281100536034318,2.811495713,2505391032,2505394009,281100560177775,281100561132530,2.847762705,25.098212
84,281100568565408,2.844026803,2505899465,2505902138,281100596158175,281100595034526,2.881664701,26.469118
85,281100606589234,2.882050629,2506407897,2506410263,281100628207411,281100628936455,2.915566630,22.347221
86,281100641535398,2.916996793,2506916329,2506918384,281100664176939,281100662838384,2.949468559,21.302986
87,281100674304802,2.949766197,2507424761,2507426496,281100696164455,281100696740313,2.983370488,22.435511
88,281100704549176,2.980010571,2507933193,2507936508,281100732158335,281100730642242,3.017272417,26.093066
89,281100761626930,3.037088325,2508441625,2508444641,281100764242154,281100764544171,3.051174346,2.917241
90,281100782839120,3.058300515,2508950057,2508952751,281100800254940,281100798446100,3.085076275,15.606980
91,281100808625062,3.084086457,2509458490,2509460902,281100832255168,281100832348096,3.118978271,23.723034
92,281100842854784,3.118316179,2509966922,2509969052,281100864210161,281100866250025,3.152880200,23.395241
93,281100910300228,3.185761623,2510475354,2510477183,281100900195404,281100900151954,3.186782129,-10.148274
94,281100930940559,3.206401954,2510983786,2510985321,281100932269881,281100934053883,3.220684058,3.113324
95,281100952435607,3.227897002,2511492218,2511495378,281100968213487,281100967955812,3.254585987,15.520205
96,281100975378499,3.250839894,2512000650,2512003509,281101000206062,281101001857741,3.288487916,26.479242
97,281101010605138,3.286066533,2512509082,2512511628,281101036291781,281101035759670,3.322389845,25.154532
98,281101045651307,3.321112702,2513017515,2513019747,281101068274002,281101069661665,3.356291840,24.010358
99,281101075639383,3.351100778,2513525947,2513527859,281101104252379,281101103563594,3.390193769,27.924211
100,281101116770710,3.392232105,2514034379,2514035991,281101136225217,281101137465523,3.424095698,20.694813
101,281101169639039,3.445100434,2514542811,2514545978,281101172296829,281101171367452,3.457997627,1.728413
102,281101189969145,3.465430540,2515051243,2515054121,281101204262096,281101205269382,3.491899557,15.300237
103,281101211092572,3.486553967,2515559675,2515562261,281101240313202,281101239171310,3.525801485,28.078738
104,281101247902871,3.523364266,2516068107,2516070381,281101272264352,281101273073240,3.559703415,25.170369
105,281101306551297,3.582012692,2516576539,2516578506,281101308334225,281101306975169,3.593605344,0.423872
106,281101327037201,3.602498596,2517084972,2517086621,281101340344053,281101340877164,3.627507339,13.839963
107,281101347913037,3.623374432,2517593404,2517596607,281101376354877,281101374779093,3.661409268,26.866056
108,281101384451303,3.659912698,2518101836,2518104739,281101408301213,281101408681022,3.695311197,24.229719
109,281101433628051,3.709089446,2518610268,2518612845,281101444330155,281101442582951,3.729213126,8.954900
110,281101456452945,3.731914340,2519118700,2519121005,281101476343555,281101476484880,3.763115055,20.031935
111,281101484963554,3.760424949,2519627132,2519629115,281101508307320,281101510386809,3.797016984,25.423255
112,281101516407734,3.791869129,2520135564,2520137208,281101544344082,281101544288738,3.830918913,27.881004
113,281101567747261,3.843208656,2520643997,2520647226,281101576335681,281101578190734,3.864820909,10.443473
114,281101592287525,3.867748920,2521152429,2521155369,281101612344940,281101612092663,3.898722838,19.805138
115,281101619301612,3.894763007,2521660861,2521663521,281101644508841,281101645994592,3.932624767,26.692980
116,281101656872571,3.932333966,2522169293,2522171636,281101680368163,281101679896521,3.966526696,23.023950
117,281101763397283,4.038858678,2522677725,2522679749,281101712357483,281101713798450,4.000428625,-49.598833
118,281101795048150,4.070509545,2523186157,2523187874,281101748337784,281101747700379,4.034330554,-47.347771
119,281101814531488,4.089992883,2523694589,2523697873,281101780383642,281101781602308,4.068232483,-32.929180
120,281101842409687,4.117871082,2524203021,2524206007,281101816408286,281101815504237,4.102134412,-26.905450
121,281101912091430,4.187552825,2524711454,2524714117,281101848424906,281101849406233,4.136036408,-62.685197
122,281101931126933,4.206588328,2525219886,2525222236,281101884408495,281101883308162,4.169938337,-47.818771
123,281101947254062,4.222715457,2525728318,2525730375,281101916506640,281101917210091,4.203840266,-30.043971
124,281101967492957,4.242954352,2526236750,2526238494,281101952401288,281101951112020,4.237742195,-16.380937
125,281102008032241,4.283493636,2526745182,2526748479,281101984407106,281101985013949,4.271644124,-23.018292
126,281102047709290,4.323170685,2527253614,2527256615,281102020418308,281102018915878,4.305546053,-28.793412
127,281102069659830,4.345121225,2527762046,2527764749,281102052481139,281102052817807,4.339447982,-16.842023
128,281102089745098,4.365206493,2528270478,2528272887,281102088444537,281102086719736,4.373349911,-3.025362
129,281102128661384,4.404122779,2528778911,2528780997,281102120478965,281102120621732,4.407251907,-8.039652
130,281102145852692,4.421314087,2529287343,2529289107,281102152465049,281102154523661,4.441153836,8.670969
131,281102184016481,4.459477876,2529795775,2529797229,281102188588030,281102188425590,4.475055765,4.409109
132,281102200067600,4.475528995,2530304207,2530307179,281102220475477,281102222327519,4.508957694,22.259919
133,281102234032890,4.509494285,2530812639,2530815332,281102256503018,281102256229448,4.542859623,22.196558
134,281102268607069,4.544068464,2531321071,2531323442,281102288461259,281102290131377,4.576761552,21.524308
135,281102310612001,4.586073396,2531829503,2531831547,281102324579752,281102324033306,4.610663481,13.421305
136,281102331147397,4.606608792,2532337935,2532339695,281102356515736,281102357935235,4.644565410,26.787838
137,281102369253845,4.644715240,2532846368,2532847819,281102392616285,281102391837231,4.678467406,22.583386
138,281102399988279,4.675449674,2533354800,2533357813,281102424507078,281102425739160,4.712369335,25.750881
139,281102444908712,4.720370107,2533863232,2533865919,281102460608386,281102459641089,4.746271264,14.732377
140,281102467063346,4.742524741,2534371664,2534374025,281102492509337,281102493543018,4.780173193,26.479672
141,281102512263135,4.787724530,2534880096,2534882179,281102528653685,281102527444947,4.814075122,15.181812
142,281102535188406,4.810649801,2535388528,2535390323,281102560547316,281102561346876,4.847977051,26.158470
143,281102577889603,4.853350998,2535896960,2535898500,281102596669061,281102595248805,4.881878980,17.359202
144,281102604315150,4.879776545,2536405392,2536408466,281102628531574,281102629150734,4.915780909,24.835584
145,281102645288240,4.920749635,2536913825,2536916594,281102664570972,281102663052730,4.949682905,17.764490
146,281102672282601,4.947743996,2537422257,2537424690,281102696594233,281102696954659,4.983584834,24.672058
147,281102716691966,4.992153361,2537930689,2537932828,281102732686538,281102730856588,5.017486763,14.164622
148,281102739199365,5.014660760,2538439121,2538440941,281102764616644,281102764758517,5.051388692,25.559152
149,281102787416852,5.062878247,2538947553,2538949084,281102796609723,281102798660446,5.085290621,11.243594
150,281102818480666,5.093942061,2539455985,2539459074,281102832618826,281102832562375,5.119192550,14.081709
151,281102859861693,5.135323088,2539964417,2539967227,281102864597181,281102866464304,5.153094479,6.602611
152,281102878577661,5.154039056,2540472850,2540475347,281102900577445,281102900366300,5.186996475,21.788639
153,281102912402317,5.187863712,2540981282,2540983448,281102932683464,281102934268229,5.220898404,21.865912
154,281102942430831,5.217892226,2541489714,2541491571,281102968635447,281102968170158,5.254800333,25.739327
155,281102991778654,5.267240049,2541998146,2541999690,281103000614778,281103002072087,5.288702262,10.293433
156,281103010530655,5.285992050,2542506578,2542509705,281103036649460,281103035974016,5.322604191,25.443361
157,281103044935666,5.320397061,2543015010,2543017841,281103068641673,281103069875945,5.356506120,24.940279
158,281103075380674,5.350842069,2543523442,2543525950,281103104650632,281103103777874,5.390408049,28.397200
159,281103118628346,5.394089741,2544031875,2544034066,281103136756218,281103137679869,5.424310044,19.051523
160,281103143613276,5.419074671,2544540307,2544542233,281103172677455,281103171581798,5.458211973,27.968522
161,281103211859547,5.487320942,2545048739,2545050352,281103204675646,281103205483727,5.492113902,-6.375820
162,281103257033419,5.532494814,2545557171,2545560328,281103240743616,281103239385656,5.526015831,-17.647763
163,281103281919236,5.557380631,2546065603,2546068465,281103272704935,281103273287586,5.559917761,-8.631650
164,281103301788582,5.577249977,2546574035,2546576580,281103308703087,281103307189515,5.593819690,5.400933
165,281103333517523,5.608978918,2547082467,2547084693,281103340717781,281103341091444,5.627721619,7.573921
166,281103353520733,5.628982128,2547590899,2547592848,281103376713373,281103374993373,5.661623548,21.472640
167,281103395713019,5.671174414,2548099332,2548100967,281103408783816,281103408895368,5.695525543,13.182349
168,281103415028104,5.690489499,2548607764,2548610958,281103444660288,281103442797297,5.729427472,27.769193
169,281103447622717,5.723084112,2549116196,2549119103,281103476695795,281103476699226,5.763329401,29.076509
170,281103484238215,5.759699610,2549624628,2549627224,281103508698748,281103510601155,5.797231330,26.362940
171,281103521859028,5.797320423,2550133060,2550135339,281103544801314,281103544503084,5.831133259,22.644056
172,281103551799050,5.827260445,2550641492,2550643465,281103576713472,281103578405013,5.865035188,26.605963
173,281103592100570,5.867561965,2551149924,2551151585,281103612810078,281103612306942,5.898937117,20.206372
174,281103624594329,5.900055724,2551658357,2551661594,281103644763383,281103646208938,5.932839113,21.614609
175,281103664438179,5.939899574,2552166789,2552169701,281103680878015,281103680110867,5.966741042,15.672688
176,281103687713784,5.963175179,2552675221,2552677831,281103712753322,281103714012796,6.000642971,26.299012
177,281103725642250,6.001103645,2553183653,2553185972,281103748794049,281103747914725,6.034544900,22.272475
178,281103756511372,6.031972767,2553692085,2553694106,281103780771118,281103781816654,6.068446829,25.305282
179,281103809898058,6.085359453,2554200517,2554202168,281103816747120,281103815718583,6.102348758,5.820525
180,281103827584835,6.103046230,2554708949,2554712166,281103848774830,281103849620512,6.136250687,22.035677
181,281103856305406,6.131766801,2555217381,2555220301,281103884886650,281103883522441,6.170152616,27.217035
182,281103892247733,6.167709128,2555725814,2555728417,281103916805235,281103917424437,6.204054612,25.176704
183,281103935750343,6.211211738,2556234246,2556236557,281103952890958,281103951326366,6.237956541,15.576023
184,281103963735468,6.239196863,2556742678,2556744700,281103984819488,281103985228295,6.271858470,21.492827
185,281104009171582,6.284632977,2557251110,2557252820,281104020766724,281104019130224,6.305760399,9.958642
186,281104029790773,6.305252168,2557759542,2557762826,281104052819750,281104053032153,6.339662328,23.241380
187,281104085306254,6.360767649,2558267974,2558270962,281104088890066,281104086934082,6.373564257,1.627828
188,281104103153276,6.378614671,2558776406,2558779051,281104120844684,281104120836011,6.407466186,17.682735
189,281104134036675,6.409498070,2559284838,2559287190,281104152929778,281104154737940,6.441368115,20.701265
190,281104159706749,6.435168144,2559793271,2559795316,281104188936681,281104188639936,6.475270111,28.933187
191,281104196809589,6.472270984,2560301703,2560303451,281104220830507,281104222541865,6.509172040,25.732276
192,281104233016081,6.508477476,2560810135,2560813428,281104256872930,281104256443794,6.543073969,23.427713
193,281104271991597,6.547452992,2561318567,2561321529,281104288868738,281104290345723,6.576975898,18.354126
194,281104296739181,6.572200576,2561826999,2561829669,281104324963432,281104324247652,6.610877827,27.508471
195,281104337203716,6.612665111,2562335431,2562337773,281104356905411,281104358149581,6.644779756,20.945865
196,281104385379687,6.660841082,2562843863,2562845882,281104392896615,281104392051510,6.678681685,6.671823
197,281104423675248,6.699136643,2563352295,2563354021,281104424942811,281104425953439,6.712583614,2.278191
198,281104444834749,6.720296144,2563860728,2563864026,281104460931679,281104459855435,6.746485610,15.020686
199,281104472803589,6.748264984,2564369160,2564372143,281104493014391,281104493757364,6.780387539,20.953775
200,281104517551746,6.793013141,2564877592,2564880308,281104528915028,281104527659293,6.814289468,10.107547
201,281104551366315,6.826827710,2565386024,2565388439,281104560941976,281104561561222,6.848191397,10.194907
202,281104580027964,6.855489359,2565894456,2565896545,281104597059035,281104595463151,6.882093326,15.435187
203,281104604603769,6.880065164,2566402888,2566404707,281104628964859,281104629365080,6.915995255,24.761311
204,281104644401266,6.919862661,2566911320,2566912822,281104664903442,281104663267009,6.949897184,18.865743
205,281104685746681,6.961208076,2567419752,2567422838,281104696942580,281104697168938,6.983799113,11.422257
206,281104709755338,6.985216733,2567928185,2567930949,281104733005171,281104731070934,7.017701109,21.315596
207,281104736929074,7.012390469,2568436617,2568439103,281104764955914,281104764972863,7.051603038,28.043789
208,281104779181774,7.054643169,2568945049,2568947231,281104796940988,281104798874792,7.085504967,19.693018
209,281104824270530,7.099731925,2569453481,2569455352,281104832964247,281104832776721,7.119406896,8.506191
210,281104844400643,7.119862038,2569961913,2569963485,281104864976776,281104866678650,7.153308825,22.278007
211,281104873192346,7.148653741,2570470345,2570473471,281104901012145,281104900580579,7.187210754,27.388233
212,281104915394646,7.190856041,2570978777,2570981594,281104932981575,281104934482508,7.221112683,19.087862
213,281104947868135,7.223329530,2571487210,2571489691,281104968992223,281104968384504,7.255014679,20.516369
214,281104975226589,7.250687984,2571995642,2571997831,281105001103304,281105002286433,7.288916608,27.059844
215,281105014044076,7.289505471,2572504074,2572505953,281105037023643,281105036188362,7.322818537,22.144286
216,281105065716129,7.341177524,2573012506,2573014044,281105069063471,281105070090291,7.356720466,4.374162
217,281105101794491,7.377255886,2573520938,2573524058,281105105021055,281105103992220,7.390622395,2.197729
218,281105127834350,7.403295745,2574029370,2574032178,281105137079171,281105137894149,7.424524324,10.059799
219,281105150777647,7.426239042,2574537802,2574540289,281105173059107,281105171796078,7.458426253,21.018431
220,281105190638035,7.466099430,2575046235,2575048435,281105205047835,281105205698073,7.492328248,15.060038
221,281105218510489,7.493971884,2575554667,2575556580,281105241142586,281105239600002,7.526230177,21.089513
222,281105249405920,7.524867315,2576063099,2576064700,281105273092477,281105273501931,7.560132106,24.096011
223,281105279805008,7.555266403,2576571531,2576574674,281105309170042,281105307403860,7.594034035,27.598852
224,281105315358288,7.590819683,2577079963,2577082780,281105341119188,281105341305790,7.627935965,25.947502
225,281105347847999,7.623309394,2577588395,2577590915,281105377118413,281105375207719,7.661837894,27.359720
226,281105380944447,7.656405842,2578096827,2578099007,281105409121119,281105409109648,7.695739823,28.165201
227,281105417618081,7.693079476,2578605259,2578607148,281105441121656,281105443011577,7.729641752,25.393496
228,281105465022776,7.740484171,2579113692,2579115272,281105477069341,281105476913572,7.763543747,11.890796
229,281105501261267,7.776722662,2579622124,2579625284,281105509117232,281105510815501,7.797445676,9.554234
230,281105522284480,7.797745875,2580130556,2580133399,281105545118845,281105544717430,7.831347605,22.432950
231,281105559205741,7.834667136,2580638988,2580641535,281105577165863,281105578619359,7.865249534,19.413618
232,281105602360635,7.877822030,2581147420,2581149648,281105613148235,281105612521288,7.899151463,10.160653
233,281105633102232,7.908563627,2581655852,2581657781,281105645145605,281105646423217,7.933053392,13.320985
234,281105661049927,7.936511322,2582164284,2582165889,281105681175816,281105680325146,7.966955321,19.275219
235,281105687838795,7.963300190,2582672717,2582675866,281105713171482,281105714227142,8.000857317,26.388347
236,281105730492969,8.005954364,2583181149,2583183985,281105749158823,281105748129071,8.034759246,17.636102
237,281105763704320,8.039165715,2583689581,2583692095,281105781230394,281105782031000,8.068661175,18.326680
238,281105787551419,8.063012814,2584198013,2584200217,281105817180187,281105815932929,8.102563104,28.381510
239,281105824542638,8.100004033,2584706445,2584708371,281105849196921,281105849834858,8.136465033,25.292220
240,281105871944395,8.147405790,2585214877,2585216501,281105885138055,281105883736787,8.170366962,11.792392
241,281105904621349,8.180082744,2585723309,2585726540,281105917162608,281105917638716,8.204268891,13.017367
242,281105929701103,8.205162498,2586231741,2586234666,281105953144592,281105951540645,8.238170820,21.839542
243,281105960390705,8.235852100,2586740174,2586742766,281105985197411,281105985442641,8.272072816,25.051936
244,281106005339868,8.280801263,2587248606,2587250880,281106021150756,281106019344570,8.305974745,14.004702
245,281106036925919,8.312387314,2587757038,2587758993,281106053240163,281106053246499,8.339876674,16.320580
246,281106062782683,8.338244078,2588265470,2588267091,281106085197834,281106087148428,8.373778603,24.365745
247,281106096242450,8.371703845,2588773902,2588777122,281106121223831,281106121050357,8.407680532,24.807907
248,281106139747817,8.415209212,2589282334,2589285245,281106153208459,281106154952286,8.441582461,15.204469
249,281106181277432,8.456738827,2589790766,2589793368,281106189252970,281106188854215,8.475484390,7.576783
250,281106209798117,8.485259512,2590299198,2590301499,281106221262740,281106222756144,8.509386319,12.958027
251,281106231104480,8.506565875,2590807631,2590809620,281106257285842,281106256658140,8.543288315,25.553660
252,281106284209817,8.559671212,2591316063,2591317713,281106289262356,281106290560069,8.577190244,6.350252
253,281106322912019,8.598373414,2591824495,2591827676,281106325259103,281106324461998,8.611092173,1.549979
254,281106343915499,8.619376894,2592332927,2592335794,281106357336748,281106358363927,8.644994102,14.448428
255,281106367216513,8.642677908,2592841359,2592843939,281106393268839,281106392265856,8.678896031,25.049343
256,281106405975393,8.681436788,2593349791,2593352059,281106425276169,281106426167785,8.712797960,20.192392
257,281106436574207,8.712035602,2593858223,2593860178,281106461276025,281106460069714,8.746699889,23.495507
258,281106470752926,8.746214321,2594366655,2594368319,281106493273405,281106493971643,8.780601818,23.218717
259,281106504935137,8.780396532,2594875088,2594878328,281106529278666,281106527873639,8.814503814,22.938502
260,281106548703306,8.824164701,2595383520,2595386460,281106561279636,281106561775568,8.848405743,13.072262
261,281106581034645,8.856496040,2595891952,2595894596,281106597266600,281106595677497,8.882307672,14.642852
262,281106621709202,8.897170597,2596400384,2596402733,281106629290766,281106629579426,8.916209601,7.870224
263,281106647998814,8.923460209,2596908816,2596910910,281106665380040,281106663481355,8.950111530,15.482541
264,281106697340539,8.972801934,2597417248,2597419032,281106697321139,281106697383284,8.984013459,0.042745
265,281106721304408,8.996765803,2597925680,2597928997,281106729339744,281106731285213,9.017915388,9.980805
266,281106755328718,9.030790113,2598434113,2598437106,281106765321512,281106765187209,9.051817384,9.858491
267,281106819301220,9.094762615,2598942545,2598945229,281106797388156,281106799089138,9.085719313,-20.212082
268,281106840071174,9.115532569,2599450977,2599453335,281106833451614,281106832991067,9.119621242,-7.080107
269,281106865530639,9.140992034,2599959409,2599961441,281106865370611,281106866892996,9.153523171,1.362357
270,281106889746584,9.165207979,2600467841,2600469583,281106901354853,281106900794925,9.187425100,11.048341
271,281106953191002,9.228652397,2600976273,2600979588,281106933386921,281106934696854,9.221327029,-18.494148
272,281106977896108,9.253357503,2601484705,2601487726,281106969516955,281106968598783,9.255228958,-9.297325
273,281107000486902,9.275948297,2601993137,2601995871,281107001479616,281107002500712,9.289130887,2.013810
274,281107022383280,9.297844675,2602501570,2602503970,281107037357449,281107036402708,9.323032883,14.019428
275,281107084770306,9.360231701,2603010002,2603012099,281107069388060,281107070304637,9.356934812,-14.465669
276,281107102106885,9.377568280,2603518434,2603520212,281107105361958,281107104206566,9.390836741,2.099681
277,281107119599998,9.395061393,2604026866,2604028376,281107137493950,281107138108495,9.424738670,18.508497
278,281107144599674,9.420061069,2604535298,2604538432,281107173382321,281107172010424,9.458640599,27.410750
279,281107212581773,9.488043168,2605043730,2605046525,281107205536494,281107205912353,9.492542528,-6.669420
280,281107235040186,9.510501581,2605552162,2605554666,281107241481906,281107239814282,9.526444457,4.774096
281,281107259774413,9.535235808,2606060595,2606062787,281107273434169,281107273716277,9.560346452,13.941864
282,281107286213782,9.561675177,2606569027,2606570919,281107309430525,281107307618206,9.594248381,21.404424
283,281107340836178,9.616297573,2607077459,2607079031,281107341550147,281107341520135,9.628150310,0.683957
284,281107366253933,9.641715328,2607585891,2607589040,281107373467512,281107375422064,9.662052239,9.168131
285,281107388654274,9.664115669,2608094323,2608097127,281107409495100,281107409323994,9.695954169,20.669720
286,281107419681671,9.695143066,2608602755,2608605255,281107441487474,281107443225923,9.729856098,23.544252
287,281107483890724,9.759352119,2609111187,2609113379,281107477500196,281107477127852,9.763758027,-6.762872
288,281107503400421,9.778861816,2609619619,2609621506,281107509476242,281107511029781,9.797659956,7.629360
289,281107524598961,9.800060356,2610128052,2610129644,281107545580546,281107544931776,9.831561951,20.332815
290,281107552402992,9.827864387,2610636484,2610639656,281107577475769,281107578833705,9.865463880,26.430713
291,281107615918722,9.891380117,2611144916,2611147776,281107613521347,281107612735634,9.899365809,-3.183088
292,281107635291577,9.910752972,2611653348,2611655908,281107645496070,281107646637563,9.933267738,11.345986
293,281107652683755,9.928145150,2612161780,2612164055,281107681514053,281107680539492,9.967169667,27.855737
294,281107689947348,9.965408743,2612670212,2612672157,281107713548984,281107714441421,10.001071596,24.494073
295,281107743260510,10.018721905,2613178644,2613180247,281107749535456,281107748343350,10.034973525,5.082840
296,281107774207609,10.049669004,2613687077,2613690246,281107781569719,281107782245346,10.068875521,8.037737
297,281107796794015,10.072255410,2614195509,2614198353,281107817539825,281107816147275,10.102777450,19.353260
298,281107824381105,10.099842500,2614703941,2614706480,281107849531733,281107850049204,10.136679379,25.668099
299,281107891497918,10.166959313,2615212373,2615214606,281107885589352,281107883951133,10.170581308,-7.546785
300,281107910847152,10.186308547,2615720805,2615722710,281107917582527,281107917853062,10.204483237,7.005910
301,281107930262175,10.205723570,2616229237,2616230816,281107953564759,281107951754991,10.238385166,21.492816
302,281107956846442,10.232307837,2616737669,2616740844,281107985622044,281107985656920,10.272287095,28.810478
303,281108016439675,10.291901070,2617246101,2617248990,281108017602374,281108019558849,10.306189024,3.119174
304,281108037611199,10.313072594,2617754534,2617757120,281108053715562,281108053460845,10.340091020,15.849646
305,281108063475101,10.338936496,2618262966,2618265246,281108085626759,281108087362774,10.373992949,23.887673
306,281108093176182,10.368637577,2618771398,2618773349,281108121605442,281108121264703,10.407894878,28.088521
307,281108147245096,10.422706491,2619279830,2619281429,281108153621341,281108155166632,10.441796807,7.921536
308,281108165343794,10.440805189,2619788262,2619791411,281108189660299,281108189068561,10.475698736,23.724767
309,281108197429377,10.472890772,2620296694,2620299544,281108221682623,281108222970490,10.509600665,25.541113
310,281108233796124,10.509257519,2620805126,2620807688,281108257660108,281108256872419,10.543502594,23.076295
311,281108306386778,10.581848173,2621313558,2621315758,281108289628960,281108290774348,10.577404523,-15.612430
312,281108330681049,10.606142444,2621821991,2621823913,281108325613480,281108324676344,10.611306519,-6.004705
313,281108354093911,10.629555306,2622330423,2622332058,281108357691212,281108358578273,10.645208448,4.484362
314,281108377377163,10.652838558,2622838855,2622842055,281108393629794,281108392480202,10.679110377,15.103039
315,281108426890264,10.702351659,2623347287,2623350177,281108425748576,281108426382131,10.713012306,-0.508133
316,281108446952997,10.722414392,2623855719,2623858328,281108461670884,281108460284060,10.746914235,13.331063
317,281108468345859,10.743807254,2624364151,2624366439,281108493774841,281108494185989,10.780816164,25.840130
318,281108502425225,10.777886620,2624872583,2624874584,281108529749688,281108528087918,10.814718093,25.662693
319,281108554202704,10.829664099,2625381015,2625382756,281108561723858,281108561989847,10.848620022,7.787143
320,281108577472848,10.852934243,2625889448,2625892760,281108597777147,281108595891843,10.882522018,18.418995
321,281108605608994,10.881070389,2626397880,2626400872,281108629832655,281108629793772,10.916423947,24.184778
322,281108637081059,10.912542454,2626906312,2626909021,281108661716571,281108663695701,10.950325876,26.614642
323,281108694413651,10.969875046,2627414744,2627417173,281108697746149,281108697597630,10.984227805,3.183979
324,281108711887460,10.987348855,2627923176,2627925292,281108729719477,281108731499559,11.018129734,19.612099
325,281108737126272,11.012587667,2628431608,2628433424,281108765751982,281108765401488,11.052031663,28.275216
326,281108772984731,11.048446126,2628940040,2628941559,281108797764651,281108799303417,11.085933592,26.318686
327,281108825261395,11.100722790,2629448473,2629451498,281108833743311,281108833205413,11.119835588,7.944018
328,281108844562322,11.120023717,2629956905,2629959623,281108865754189,281108867107342,11.153737517,22.545020
329,281108874822904,11.150284299,2630465337,2630467735,281108901750935,281108901009271,11.187639446,26.186367
330,281108908867614,11.184329009,2630973769,2630975856,281108933743612,281108934911200,11.221541375,26.043586
331,281108966620151,11.242081546,2631482201,2631483960,281108969799124,281108968813129,11.255443304,2.192978
332,281108991375908,11.266837303,2631990633,2631993943,281109001801733,281109002715058,11.289345233,11.339150
333,281109009287061,11.284748456,2632499065,2632502065,281109037755489,281109036616987,11.323247162,27.329926
334,281109048133267,11.323594662,2633007497,2633010194,281109069775148,281109070518916,11.357149091,22.385649
335,281109107126444,11.382587839,2633515930,2633518299,281109105879168,281109104420912,11.391051087,-2.705532
336,281109127425657,11.402887052,2634024362,2634026446,281109137780208,281109138322841,11.424953016,10.897184
337,281109149301571,11.424762966,2634532794,2634534542,281109173889507,281109172224770,11.458854945,22.923199
338,281109185613872,11.461075267,2635041226,2635042680,281109205834461,281109206126699,11.492756874,20.512827
339,281109255938500,11.531399895,2635549658,2635552671,281109241809065,281109240028628,11.526658803,-15.909872
340,281109283608767,11.559070162,2636058090,2636060779,281109273854291,281109273930557,11.560560732,-9.678210
341,281109302722417,11.578183812,2636566522,2636568901,281109305946846,281109307832486,11.594462661,5.110069
342,281109318458787,11.593920182,2637074955,2637077066,281109341868953,281109341734481,11.628364656,23.275694
343,281109349076406,11.624537801,2637583387,2637585205,281109373861139,281109375636410,11.662266585,26.560004
344,281109397112473,11.672573868,2638091819,2638093315,281109410011503,281109409538339,11.696168514,12.425866
345,281109416046808,11.691508203,2638600251,2638603324,281109441997697,281109443440268,11.730070443,27.393460
346,281109449577402,11.725038797,2639108683,2639111461,281109477852185,281109477342198,11.763972373,27.764796
347,281109495408962,11.770870357,2639617115,2639619559,281109509993254,281109511244127,11.797874302,15.835165
348,281109534101185,11.809562580,2640125547,2640127720,281109545900132,281109545146056,11.831776231,11.044871
349,281109552283427,11.827744822,2640633979,2640635840,281109577973503,281109579047985,11.865678160,26.764558
350,281109584012715,11.859474110,2641142412,2641143941,281109613932009,281109612949980,11.899580155,28.937265
351,281109619867666,11.895329061,2641650844,2641653946,281109645991915,281109646851909,11.933482084,26.984243
352,281109663820320,11.939281715,2642159276,2642162046,281109681976718,281109680753838,11.967384013,16.933518
353,281109689144576,11.964605971,2642667708,2642670143,281109713999184,281109714655767,12.001285942,25.511191
354,281109723797466,11.999258861,2643176140,2643178244,281109749922353,281109748557696,12.035187871,24.760230
355,281109764624994,12.040086389,2643684572,2643686361,281109781955859,281109782459625,12.069089800,17.834631
356,281109817215528,12.092676923,2644193004,2644194473,281109817954797,281109816361554,12.102991729,-0.853974
357,281109837161552,12.112622947,2644701437,2644704474,281109850090726,281109850263550,12.136893725,13.101998
358,281109861476166,12.136937561,2645209869,2645212573,281109885937349,281109884165479,12.170795654,22.689313
359,281109905005020,12.180466415,2645718301,2645720695,281109917951160,281109918067408,12.204697583,13.062388
360,281109946946816,12.222408211,2646226733,2646228836,281109950082007,281109951969337,12.238599512,5.022521
361,281109968674783,12.244136178,2646735165,2646736953,281109986049486,281109985871266,12.272501441,17.196483
362,281109994988620,12.270450015,2647243597,2647245061,281110017962257,281110019773195,12.306403370,24.784575
363,281110029584558,12.305045953,2647752029,2647755059,281110053961420,281110053675124,12.340305299,24.090566
364,281110078432651,12.353894046,2648260461,2648263166,281110086014006,281110087577053,12.374207228,9.144402
365,281110099682988,12.375144383,2648768894,2648771323,281110122009702,281110121479049,12.408109224,21.796061
366,281110128330173,12.403791568,2649277326,2649279447,281110154009201,281110155380978,12.442011153,27.050805
367,281110160681690,12.436143085,2649785758,2649787554,281110189978902,281110189282907,12.475913082,28.601217
368,281110208173950,12.483635345,2650294190,2650295688,281110222120891,281110223184836,12.509815011,15.010886
369,281110228687608,12.504149003,2650802622,2650805668,281110258010175,281110257086765,12.543716940,28.399157
370,281110266444532,12.541905927,2651311054,2651313787,281110290028592,281110290988694,12.577618869,24.544162
371,281110331300565,12.606761960,2651819486,2651821890,281110326045716,281110324890623,12.611520798,-6.409942
372,281110352377465,12.627838860,2652327918,2652329978,281110358140431,281110358792552,12.645422727,6.415087
373,281110373155894,12.648617289,2652836351,2652838090,281110394146824,281110392694548,12.679324723,19.538654
374,281110406651201,12.682112596,2653344783,2653348078,281110426114245,281110426596477,12.713226652,19.945276
375,281110461335704,12.736797099,2653853215,2653856204,281110462150404,281110460498406,12.747128581,-0.837298
376,281110487283817,12.762745212,2654361647,2654364333,281110494121003,281110494400335,12.781030510,7.116518
377,281110516234922,12.791696317,2654870079,2654872460,281110530225995,281110528302264,12.814932439,12.067342
378,281110537268320,12.812729715,2655378511,2655380606,281110562069998,281110562204193,12.848834368,24.935873
379,281110602538208,12.877999603,2655886943,2655888765,281110594188010,281110596106122,12.882736297,-6.432086
380,281110622795855,12.898257250,2656395375,2656396872,281110630104975,281110630008051,12.916638226,7.212196
381,281110639283870,12.914745265,2656903808,2656906865,281110662118264,281110663910047,12.950540222,24.626177
382,281110668810588,12.944271983,2657412240,2657414961,281110698089372,281110697811976,12.984442151,29.001388
383,281110725712624,13.001174019,2657920672,2657923058,281110730216605,281110731713905,13.018344080,6.001281
384,281110747751007,13.023212402,2658429104,2658431169,281110766106400,281110765615834,13.052246009,17.864827
385,281110774930652,13.050392047,2658937536,2658939308,281110798095064,281110799517763,13.086147938,24.587111
386,281110804964932,13.080426327,2659445968,2659447478,281110834086200,281110833419692,13.120049867,28.454760
387,281110858247666,13.133709061,2659954400,2659957540,281110866135408,281110867321621,13.153951796,9.073955
388,281110876813043,13.152274438,2660462832,2660465656,281110902210142,281110901223550,13.187853725,24.410507
389,281110908981787,13.184443182,2660971265,2660973776,281110934117749,281110935125546,13.221755721,26.143759
390,281110944530866,13.219992261,2661479697,2661481882,281110970168080,281110969027475,13.255657650,24.496609
391,281111019975838,13.295437233,2661988129,2661989979,281111002168628,281111002929404,13.289559579,-17.046434
392,281111039671136,13.315132531,2662496561,2662498082,281111038188428,281111036831333,13.323461508,-2.839803
393,281111061126688,13.336588083,2663004993,2663008094,281111070165552,281111070733262,13.357363437,9.606574
394,281111082016921,13.357478316,2663513425,2663516225,281111106160312,281111104635191,13.391265366,22.618270
395,281111138269908,13.413731303,2664021857,2664024408,281111138253344,281111138537120,13.425167295,0.267212
396,281111159076032,13.434537427,2664530290,2664532535,281111174172148,281111172439116,13.459069291,13.363084
397,281111182121570,13.457582965,2665038722,2665040637,281111206259915,281111206341045,13.492971220,24.219475
398,281111213835020,13.489296415,2665547154,2665548752,281111238260297,281111240242974,13.526873149,26.407954
399,281111276834901,13.552296296,2666055586,2666058764,281111274267576,281111274144903,13.560775078,-2.689998
400,281111301178231,13.576639626,2666564018,2666566908,281111306254040,281111308046832,13.594677007,6.868601
401,281111325982385,13.601443780,2667072450,2667075020,281111342351857,281111341948761,13.628578936,15.966376
402,281111350075310,13.625536705,2667580882,2667583153,281111374246764,281111375850690,13.662480865,25.775380
403,281111415481763,13.690943158,2668089315,2668091276,281111410293475,281111409752685,13.696382860,-5.729078
404,281111431974894,13.707436289,2668597747,2668599415,281111442293551,281111443654614,13.730284789,11.679720
405,281111448684024,13.724145419,2669106179,2669109414,281111478251071,281111477556543,13.764186718,28.872519
406,281111484618079,13.760079474,2669614611,2669617519,281111510252182,281111511458472,13.798088647,26.840393
407,281111544937075,13.820398470,2670123043,2670125630,281111546239112,281111545360402,13.831990577,0.423327
408,281111565301785,13.840763180,2670631475,2670633743,281111578251874,281111579262331,13.865892506,13.960546
409,281111589780037,13.865241432,2671139907,2671141862,281111614281901,281111613164260,13.899794435,23.384223
410,281111625282521,13.900743916,2671648339,2671649981,281111646265793,281111647066189,13.933696364,21.783668
411,281111698028913,13.973490308,2672156772,2672160015,281111682325155,281111680968184,13.967598359,-17.060729
412,281111716628135,13.992089530,2672665204,2672668116,281111714278605,281111714870113,14.001500288,-1.758022
413,281111732882098,14.008343493,2673173636,2673176241,281111750365827,281111748772042,14.035402217,15.889944
414,281111757366299,14.032827694,2673682068,2673684401,281111782319762,281111782673971,14.069304146,25.307672
415,281111794621348,14.070082743,2674190500,2674192530,281111818285566,281111816575900,14.103206075,21.954552
416,281111835404796,14.110866191,2674698932,2674700641,281111850372692,281111850477829,14.137108004,15.073033
417,281111858523979,14.133985374,2675207364,2675210654,281111886285384,281111884379758,14.171009933,25.855779
418,281111890909541,14.166370936,2675715797,2675718759,281111918406559,281111918281754,14.204911929,27.372213
419,281111927965351,14.203426746,2676224229,2676226907,281111950345901,281111952183683,14.238813858,24.218332
420,281111976844099,14.252305494,2676732661,2676734999,281111986334086,281111986085612,14.272715787,9.241513
421,281111998332319,14.273793714,2677241093,2677243107,281112018323511,281112019987541,14.306617716,21.655222
422,281112024840368,14.300301763,2677749525,2677751251,281112054345119,281112053889470,14.340519645,29.049102
423,281112062050859,14.337512254,2678257957,2678261239,281112086348243,281112087791399,14.374421574,25.740540
424,281112100819251,14.376280646,2678766389,2678769355,281112122451193,281112121693328,14.408323503,20.874077
425,281112130016652,14.405478047,2679274821,2679277497,281112154483058,281112155595257,14.442225432,25.578605
426,281112167775438,14.443236833,2679783254,2679785625,281112190380161,281112189497253,14.476127428,21.721815
427,281112233731389,14.509192784,2680291686,2680293759,281112222361202,281112223399182,14.510029357,-10.332207
428,281112251986181,14.527447576,2680800118,2680801906,281112258416514,281112257301111,14.543931286,5.314930
429,281112273281482,14.548742877,2681308550,2681310020,281112290400466,281112291203040,14.577833215,17.921558
430,281112305665449,14.581126844,2681816982,2681820014,281112326424187,281112325104969,14.611735144,19.439520
431,281112332749336,14.608210731,2682325414,2682328101,281112358432840,281112359006898,14.645637073,26.257562
432,281112381563335,14.657024730,2682833846,2682836241,281112394514226,281112392908827,14.679539002,11.345492
433,281112403280577,14.678741972,2683342278,2683344356,281112426528671,281112426810756,14.713440931,23.530179
434,281112433749895,14.709211290,2683850711,2683852499,281112462436225,281112460712752,14.747342927,26.962857
435,281112471554140,14.747015535,2684359143,2684360623,281112494440975,281112494614681,14.781244856,23.060541
436,281112513367866,14.788829261,2684867575,2684870610,281112530404842,281112528516610,14.815146785,15.148744
437,281112532884313,14.808345708,2685376007,2685378720,281112562550852,281112562418539,14.849048714,29.534226
438,281112569978507,14.845439902,2685884439,2685886851,281112594479696,281112596320468,14.882950643,26.341961
439,281112606730103,14.882191498,2686392871,2686394969,281112630470595,281112630222397,14.916852572,23.492294
440,281112645963695,14.921425090,2686901303,2686903092,281112662467274,281112664124326,14.950754501,18.160631
441,281112670878036,14.946339431,2687409735,2687411200,281112698515574,281112698026255,14.984656430,27.148219
442,281112707752648,14.983214043,2687918168,2687921200,281112730469190,281112731928251,15.018558426,24.175603
443,281112743264315,15.018725710,2688426600,2688429299,281112766572661,281112765830180,15.052460355,22.565865
444,281112790441849,15.065903244,2688935032,2688937435,281112798513718,281112799732109,15.086362284,9.290260
445,281112811367670,15.086829065,2689443464,2689445546,281112834599868,281112833634038,15.120264213,22.266368
446,281112845567706,15.121029101,2689951896,2689953687,281112866485851,281112867535967,15.154166142,21.968261
447,281112911526501,15.186987896,2690460328,2690461798,281112902517688,281112901437896,15.188068071,-10.088605
448,281112933377625,15.208839020,2690968760,2690971805,281112934555598,281112935339825,15.221970000,1.962200
449,281112952533388,15.227994783,2691477193,2691479896,281112970540956,281112969241821,15.255871996,16.708433
450,281112980104807,15.255566202,2691985625,2691987979,281113002544520,281113003143750,15.289773925,23.038943
451,281113051284119,15.326745514,2692494057,2692496159,281113038574289,281113037045679,15.323675854,-14.238440
452,281113074986286,15.350447681,2693002489,2693004291,281113070604010,281113070947608,15.357577783,-4.038678
453,281113095985006,15.371446401,2693510921,2693512403,281113106563786,281113104849537,15.391479712,8.864531
454,281113114798640,15.390260035,2694019353,2694022378,281113138564653,281113138751466,15.425381641,23.952826
455,281113150518332,15.425979727,2694527785,2694530544,281113174534775,281113172653395,15.459283570,22.135063
456,281113193391030,15.468852425,2695036217,2695038664,281113206587776,281113206555324,15.493185499,13.164294
457,281113212902517,15.488363912,2695544650,2695546778,281113238608992,281113240457320,15.527087495,27.554803
458,281113251100376,15.526561771,2696053082,2696054912,281113274572497,281113274359249,15.560989424,23.258873
459,281113322644056,15.598105451,2696561514,2696563025,281113306621859,281113308261178,15.594891353,-14.382878
460,281113340674011,15.616135406,2697069946,2697073044,281113342576535,281113342163107,15.628793282,1.489096
461,281113361220883,15.636682278,2697578378,2697581145,281113374721099,281113376065036,15.662695211,14.844153
462,281113380954726,15.656416121,2698086810,2698089285,281113410627214,281113409966965,15.696597140,29.012239
463,281113418791599,15.694252994,2698595242,2698597390,281113442658948,281113443868894,15.730499069,25.077295
464,281113464048821,15.739510216,2699103675,2699105497,281113478691447,281113477770889,15.764401064,13.722068
465,281113484707751,15.760169146,2699612107,2699613603,281113510673725,281113511672818,15.798302993,26.965067
466,281113520553785,15.796015180,2700120539,2700123606,281113546672003,281113545574747,15.832204922,25.020962
467,281113600995795,15.876457190,2700628971,2700631703,281113578644041,281113579476676,15.866106851,-21.519119
468,281113623428361,15.898889756,2701137403,2701139809,281113614652585,281113613378606,15.900008781,-10.049755
469,281113648023226,15.923484621,2701645835,2701647931,281113646780755,281113647280535,15.933910710,-0.742691
470,281113672583714,15.948045109,2702154267,2702156051,281113682653926,281113681182464,15.967812639,8.598750
471,281113731761671,16.007223066,2702662699,2702664198,281113714674341,281113715084393,16.001714568,-16.677278
472,281113754479781,16.029941176,2703171132,2703174200,281113750635388,281113748986388,16.035616563,-5.493393
473,281113783312221,16.058773616,2703679564,2703682297,281113782664506,281113782888317,16.069518492,-0.423904
474,281113804718107,16.080179502,2704187996,2704190424,281113818649360,281113816790246,16.103420421,12.072139
475,281113859988663,16.135450058,2704696428,2704698574,281113850728826,281113850692175,16.137322350,-9.296488
476,281113885925896,16.161387291,2705204860,2705206697,281113882745971,281113884594104,16.171224279,-1.331792
477,281113915276533,16.190737928,2705713292,2705714822,281113918789208,281113918496033,16.205126208,3.219500
478,281113937303599,16.212764994,2706221724,2706224810,281113950709677,281113952397962,16.239028137,15.094363
479,281114005035759,16.280497154,2706730157,2706732927,281113986739627,281113986299958,16.272930133,-18.735801
480,281114026646172,16.302107567,2707238589,2707241029,281114018734035,281114020201887,16.306832062,-6.444285
481,281114052250531,16.327711926,2707747021,2707749170,281114054766696,281114054103816,16.340733991,1.853285
482,281114082912436,16.358373831,2708255453,2708257274,281114086785784,281114088005745,16.374635920,5.093309
483,281114142708801,16.418170196,2708763885,2708765398,281114122872538,281114121907674,16.408537849,-20.801127
484,281114166042318,16.441503713,2709272317,2709275422,281114154747155,281114155809603,16.442439778,-10.232715
485,281114195280207,16.470741602,2709780749,2709783558,281114190851832,281114189711532,16.476341707,-5.568675
486,281114215023050,16.490484445,2710289181,2710291686,281114222858598,281114223613461,16.510243636,8.590411
487,281114276340835,16.551802230,2710797614,2710799784,281114258769465,281114257515457,16.544145632,-18.825378
488,281114297696925,16.573158320,2711306046,2711307907,281114290811933,281114291417386,16.578047561,-6.279539
489,281114314141476,16.589602871,2711814478,2711816018,281114326804879,281114325319315,16.611949490,11.177839
490,281114332988375,16.608449770,2712322910,2712326047,281114358801118,281114359221244,16.645851419,26.232869
491,281114376282157,16.651743552,2712831342,2712834167,281114394871623,281114393123173,16.679753348,16.841016
492,281114416036823,16.691498218,2713339774,2713342284,281114426931438,281114427025102,16.713655277,10.988279
493,281114436787103,16.712248498,2713848206,2713850381,281114462887310,281114460927031,16.747557206,24.139928
494,281114468267377,16.743728772,2714356638,2714358506,281114494841466,281114494828960,16.781459135,26.561583
495,281114517106828,16.792568223,2714865071,2714866654,281114526836454,281114528730956,16.815361131,11.624128
496,281114567926888,16.843388283,2715373503,2715376627,281114562820241,281114562632885,16.849263060,-5.294003
497,281114593511836,16.868973231,2715881935,2715884726,281114594891907,281114596534814,16.883164989,3.022978
498,281114610976248,16.886437643,2716390367,2716392871,281114630851703,281114630436743,16.917066918,19.460495
499,281114647353693,16.922815088,2716898799,2716900981,281114662885461,281114664338672,16.950968847,16.984979
500,281114692666371,16.968127766,2717407231,2717409102,281114698883691,281114698240601,16.984870776,5.574230
501,281114712402624,16.987864019,2717915663,2717917239,281114730999547,281114732142530,17.018772705,19.739906
502,281114737768431,17.013229826,2718424095,2718427262,281114766891344,281114766044459,17.052674634,28.276028
503,281114782583386,17.058044781,2718932528,2718935374,281114798912437,281114799946455,17.086576630,17.363069
504,281114830429616,17.105891011,2719440960,2719443477,281114834871587,281114833848384,17.120478559,3.418768
505,281114855591514,17.131052909,2719949392,2719951607,281114866915489,281114867750313,17.154380488,12.158799
506,281114883086132,17.158547527,2720457824,2720459706,281114902879547,281114901652242,17.188282417,18.566110
507,281114915807789,17.191269184,2720966256,2720967846,281114934884691,281114935554171,17.222184346,19.746382
508,281114958163841,17.233625236,2721474688,2721477834,281114970904062,281114969456100,17.256086275,11.292259
509,281114980581649,17.256043044,2721983120,2721985957,281115003017236,281115003358029,17.289988204,22.776380
510,281115013661016,17.289122411,2722491553,2722494095,281115038924727,281115037260025,17.323890200,23.599009
511,281115050839901,17.326301296,2722999985,2723002202,281115070927083,281115071161954,17.357792129,20.322053
512,281115128713204,17.404174599,2723508417,2723510333,281115107034373,281115105063883,17.391694058,-23.649321
513,281115151148979,17.426610374,2724016849,2724018489,281115138985916,281115138965812,17.425595987,-12.183167
514,281115181997767,17.457459162,2724525281,2724528464,281115170986722,281115172867741,17.459497916,-9.130026
515,281115205958908,17.481420303,2725033713,2725036573,281115207059118,281115206769670,17.493399845,0.810762
516,281115229295785,17.504757180,2725542145,2725544686,281115238945341,281115240671599,17.527301774,11.375814
517,281115279161835,17.554623230,2726050577,2726052839,281115275061132,281115274573528,17.561203703,-4.588307
518,281115305972402,17.581433797,2726559010,2726560930,281115307032224,281115308475524,17.595105699,2.503122
519,281115326204000,17.601665395,2727067442,2727069042,281115343014474,281115342377453,17.629007628,16.173453
520,281115350267388,17.625728783,2727575874,2727579056,281115374980136,281115376279382,17.662909557,26.011994
521,281115407111446,17.682572841,2728084306,2728087163,281115411090670,281115410181311,17.696811486,3.069865
522,281115432416719,17.707878114,2728592738,2728595305,281115443033457,281115444083240,17.730713415,11.666521
523,281115462095139,17.737556534,2729101170,2729103434,281115478977632,281115477985169,17.764615344,15.890030
524,281115491172886,17.766634281,2729609602,2729611547,281115511059635,281115511887098,17.798517273,20.714212
525,281115549033054,17.824494449,2730118035,2730119674,281115547089644,281115545789093,17.832419268,-3.243961
526,281115571670155,17.847131550,2730626467,2730629704,281115579062825,281115579691022,17.866321197,8.020867
527,281115594362708,17.869824103,2731134899,2731137866,281115615136757,281115613592951,17.900223126,19.230243
528,281115622701102,17.898162497,2731643331,2731645990,281115647053363,281115647494880,17.934125055,24.793778
529,281115680778550,17.956239945,2732151763,2732154105,281115683110869,281115681396810,17.968026985,0.618260
530,281115703950837,17.979412232,2732660195,2732662242,281115715058849,281115715298739,18.001928914,11.347902
531,281115730826112,18.006287507,2733168627,2733170374,281115751133752,281115749200668,18.035830843,18.374556
532,281115754621795,18.030083190,2733677059,2733680339,281115783045295,281115783102597,18.069732772,28.480802
533,281115822508106,18.097969501,2734185492,2734188450,281115815182297,281115817004592,18.103634767,-5.503514
534,281115842114067,18.117575462,2734693924,2734696586,281115851072380,281115850906521,18.137536696,8.792454
535,281115862925032,18.138386427,2735202356,2735204704,281115883127984,281115884808450,18.171438625,21.883418
536,281115890307514,18.165768909,2735710788,2735712852,281115919176977,281115918710379,18.205340554,28.402865
537,281115947320536,18.222781931,2736219220,2736220999,281115951150478,281115952612308,18.239242483,5.291772
538,281115969114678,18.244576073,2736727652,2736729107,281115987155853,281115986514237,18.273144412,17.399559
539,281115996444041,18.271905436,2737236084,2737239094,281116019117058,281116020416166,18.307046341,23.972125
540,281116025702364,18.301163759,2737744517,2737747238,281116055117200,281116054318162,18.340948337,28.615798
541,281116084310417,18.359771812,2738252949,2738255368,281116087128055,281116088220091,18.374850266,3.909674
542,281116112004310,18.387465705,2738761381,2738763461,281116123197663,281116122122020,18.408752195,10.117710
543,281116130726265,18.406187660,2739269813,2739271575,281116155129586,281116156023949,18.442654124,25.297684
544,281116163394902,18.438856297,2739778245,2739779698,281116191131646,281116189925878,18.476556053,26.530976
545,281116219308763,18.494770158,2740286677,2740289694,281116223134490,281116223827807,18.510457982,4.519044
546,281116241094015,18.516555410,2740795109,2740797821,281116259232290,281116257729736,18.544359911,16.635721
547,281116268799981,18.544261376,2741303541,2741305968,281116291189111,281116291631665,18.578261840,22.831684
548,281116300458557,18.575919952,2741811974,2741814090,281116327155737,281116325533661,18.612163836,25.075104
549,281116354032638,18.629494033,2742320406,2742322206,281116359223625,281116359435590,18.646065765,5.402952
550,281116377618413,18.653079808,2742828838,2742830338,281116395166668,281116393337519,18.679967694,15.719106
551,281116397413460,18.672874855,2743337270,2743340343,281116427224168,281116427239448,18.713869623,29.825988
552,281116434713756,18.710175151,2743845702,2743848471,281116459209878,281116461141377,18.747771552,26.427621
553,281116492616921,18.768078316,2744354134,2744356586,281116495246595,281116495043306,18.781673481,2.426385
554,281116513072572,18.788533967,2744862566,2744864710,281116527268502,281116528945235,18.815575410,15.872663
555,281116534830972,18.810292367,2745370998,2745372845,281116563215087,281116562847164,18.849477339,28.016192
556,281116570178229,18.845639624,2745879431,2745880969,281116595241353,281116596749160,18.883379335,26.570931
557,281116628534836,18.903996231,2746387863,2746390944,281116631234718,281116630651089,18.917281264,2.116253
558,281116645797963,18.921259358,2746896295,2746899073,281116663218047,281116664553018,18.951183193,18.755055
559,281116669337576,18.944798971,2747404727,2747407177,281116699253449,281116698454947,18.985085122,29.117371
560,281116712852817,18.988314212,2747913159,2747915290,281116731227293,281116732356876,19.018987051,19.504059
561,281116767903825,19.043365220,2748421591,2748423436,281116767230273,281116766258805,19.052888980,-1.645020
562,281116788156197,19.063617592,2748930023,2748931573,281116799268007,281116800160734,19.086790909,12.004537
563,281116813134051,19.088595446,2749438455,2749441585,281116835341150,281116834062663,19.120692838,20.928612
564,281116842841394,19.118302789,2749946888,2749949690,281116867257749,281116867964659,19.154594834,25.123265
565,281116908036368,19.183497763,2750455320,2750457835,281116903331818,281116901866588,19.188496763,-6.169780
566,281116925127995,19.200589390,2750963752,2750965962,281116935303265,281116935768517,19.222398692,10.640522
567,281116943843617,19.219305012,2751472184,2751474055,281116971260987,281116969670446,19.256300621,25.826829
568,281116980329537,19.255790932,2751980616,2751982172,281117003284956,281117003572375,19.290202550,23.242838
569,281117033987362,19.309448757,2752489048,2752492150,281117039297647,281117037474304,19.324104479,3.486942
570,281117056248589,19.331709984,2752997480,2753000285,281117071321864,281117071376233,19.358006408,15.127644
571,281117087419941,19.362881336,2753505912,2753508417,281117103409335,281117105278162,19.391908337,17.858221
572,281117111812144,19.387273539,2754014345,2754016552,281117139294521,281117139180158,19.425810333,27.368014
573,281117180099121,19.455560516,2754522777,2754524715,281117171435654,281117173082087,19.459712262,-7.017034
574,281117198523842,19.473985237,2755031209,2755032825,281117207352146,281117206984016,19.493614191,8.460174
575,281117215795625,19.491257020,2755539641,2755542816,281117239393215,281117240885945,19.527516120,25.090320
576,281117246093270,19.521554665,2756048073,2756050905,281117275352761,281117274787874,19.561418049,28.694604
577,281117314999766,19.590461161,2756556505,2756559030,281117307351192,281117308689803,19.595319978,-6.309963
578,281117335315495,19.610776890,2757064937,2757067130,281117343363815,281117342591732,19.629221907,7.276237
579,281117359981555,19.635442950,2757573370,2757575259,281117375400783,281117376493728,19.663123903,16.512173
580,281117382293585,19.657754980,2758081802,2758083377,281117411366802,281117410395657,19.697025832,28.102072
581,281117445099949,19.720561344,2758590234,2758593391,281117443383782,281117444297586,19.730927761,-0.802363
582,281117465043034,19.740504429,2759098666,2759101520,281117479385087,281117478199515,19.764829690,13.156481
583,281117489165485,19.764626880,2759607098,2759609640,281117511480218,281117512101444,19.798731619,22.935959
584,281117517840020,19.793301415,2760115530,2760117760,281117547471613,281117546003373,19.832633548,28.163353
585,281117582651501,19.858112896,2760623962,2760625875,281117579492976,281117579905302,19.866535477,-2.746199
586,281117606733700,19.882195095,2761132395,2761133999,281117615427341,281117613807297,19.900437472,7.073597
587,281117630131129,19.905592524,2761640827,2761643965,281117647560922,281117647709226,19.934339401,17.578097
588,281117654664063,19.930125458,2762149259,2762152120,281117683421067,281117681611156,19.968241331,26.947093
589,281117724895505,20.000356900,2762657691,2762660245,281117715534987,281117715513085,20.002143260,-9.382420
590,281117744578193,20.020039588,2763166123,2763168382,281117747577625,281117749415014,20.036045189,4.836821
591,281117762198071,20.037659466,2763674555,2763676513,281117783547460,281117783316943,20.069947118,21.118872
592,281117790694580,20.066155975,2764182987,2764184656,281117815454835,281117817218872,20.103849047,26.524292
593,281117846151379,20.121612774,2764691419,2764694615,281117851571574,281117851120801,20.137750976,4.969422
594,281117867006424,20.142467819,2765199852,2765202731,281117883553182,281117885022796,20.171652971,18.016372
595,281117898803408,20.174264803,2765708284,2765710835,281117919509772,281117918924725,20.205554900,20.121317
596,281117926176126,20.201637521,2766216716,2766218942,281117951465209,281117952826654,20.239456829,26.650528
597,281117981638559,20.257099954,2766725148,2766727034,281117987469676,281117986728583,20.273358758,5.090024
598,281118004009177,20.279470572,2767233580,2767235188,281118019620082,281118020630512,20.307260687,16.621335
599,281118028065058,20.303526453,2767742012,2767745200,281118055532845,281118054532441,20.341162616,26.467383
600,281118068654478,20.344115873,2768250444,2768253295,281118087508180,281118088434370,20.375064545,19.779892
601,281118135261798,20.410723193,2768758877,2768761405,281118123573749,281118122336366,20.408966541,-12.925432
602,281118161564463,20.437025858,2769267309,2769269524,281118155521579,281118156238295,20.442868470,-5.326168
603,281118190068077,20.465529472,2769775741,2769777666,281118191612588,281118190140224,20.476770399,0.072147
604,281118214404863,20.489866258,2770284173,2770285787,281118223510145,281118224042153,20.510672328,9.637290
605,281118281155721,20.556617116,2770792605,2770795787,281118259559816,281118257944082,20.544574257,-23.211639
606,281118300430659,20.575892054,2771301037,2771303911,281118291546782,281118291846011,20.578476186,-8.584648
607,281118319912624,20.595374019,2771809469,2771812082,281118327585327,281118325747940,20.612378115,5.835316
608,281118342243140,20.617704535,2772317901,2772320173,281118359552562,281118359649869,20.646280044,17.406729
609,281118404071438,20.679532833,2772826334,2772828307,281118391576552,281118393551865,20.680182040,-10.519573
610,281118428253163,20.703714558,2773334766,2773336419,281118427584116,281118427453794,20.714083969,-0.799369
611,281118449920340,20.725381735,2773843198,2773846418,281118459594657,281118461355723,20.747985898,11.435383
612,281118478567621,20.754029016,2774351630,2774354540,281118495552215,281118495257652,20.781887827,16.690031
613,281118535793884,20.811255279,2774860062,2774862663,281118527604360,281118529159581,20.815789756,-6.634303
614,281118554323699,20.829785094,2775368494,2775370804,281118563585587,281118563061510,20.849691685,8.737811
615,281118572591445,20.848052840,2775876926,2775878955,281118595618999,281118596963439,20.883593614,24.371994
616,281118601641334,20.877102729,2776385358,2776387050,281118631638359,281118630865368,20.917495543,29.224034
617,281118638049310,20.913510705,2776893791,2776897028,281118663654105,281118664767364,20.951397539,26.718054
618,281118693294731,20.968756126,2777402223,2777405194,281118699610164,281118698669293,20.985299468,5.374562
619,281118710972189,20.986433584,2777910655,2777913286,281118731708029,281118732571222,21.019201397,21.599033
620,281118737931238,21.013392633,2778419087,2778421423,281118767607953,281118766473151,21.053103326,28.541913
621,281118781826410,21.057287805,2778927519,2778929535,281118799626119,281118800375080,21.087005255,18.548670
622,281118819759326,21.095220721,2779435951,2779437687,281118835751268,281118834277009,21.120907184,14.517683
623,281118844418610,21.119880005,2779944383,2779947679,281118867747535,281118868178938,21.154809113,23.760328
624,281118874987378,21.150448773,2780452815,2780455785,281118903665233,281118902080867,21.188711042,27.093489
625,281118920202775,21.195664170,2780961248,2780963916,281118935663283,281118935982863,21.222613038,15.780088
626,281118964156881,21.239618276,2781469680,2781472044,281118971768567,281118969884792,21.256514967,5.727911
627,281118990121454,21.265582849,2781978112,2781980165,281119003691378,281119003786721,21.290416896,13.665267
628,281119012828631,21.288290026,2782486544,2782488286,281119035710686,281119037688650,21.324318825,24.860019
629,281119051395510,21.326856905,2782994976,2782998299,281119071689800,281119071590579,21.358220754,20.195069
630,281119101350265,21.376811660,2783503408,2783506433,281119103792931,281119105492508,21.392122683,4.142243
631,281119122557066,21.398018461,2784011840,2784014563,281119139789775,281119139394437,21.426024612,16.837371
632,281119146292918,21.421754313,2784520272,2784522707,281119171756887,281119173296366,21.459926541,27.003448
633,281119222927191,21.498388586,2785028705,2785030827,281119207676529,281119207198362,21.493828537,-15.728829
634,281119240956508,21.516417903,2785537137,2785538944,281119239697613,281119241100291,21.527730466,0.143783
635,281119262302394,21.537763789,2786045569,2786047061,281119275734795,281119275002220,21.561632395,12.699826
636,281119287864224,21.563325619,2786554001,2786557060,281119307767583,281119308904149,21.595534324,21.039925
637,281119343914466,21.619375861,2787062433,2787065175,281119343756640,281119342806078,21.629436253,-1.108388
638,281119372902053,21.648363448,2787570865,2787573316,281119375721591,281119376708007,21.663338182,3.805954
639,281119395053943,21.670515338,2788079297,2788081434,281119411787128,281119410609936,21.697240111,15.555993
640,281119419791141,21.695252536,2788587730,2788589547,281119443748831,281119444511932,21.731142107,24.720791
641,281119475847951,21.751309346,2789096162,2789097644,281119479776442,281119478413861,21.765044036,2.565910
642,281119504896321,21.780357716,2789604594,2789607645,281119511792803,281119512315790,21.798945965,7.419469
643,281119524793842,21.800255237,2790113026,2790115733,281119547798077,281119546217719,21.832847894,21.423877
644,281119557169371,21.832630766,2790621458,2790623836,281119579798469,281119580119648,21.866749823,22.950277
645,281119620382915,21.895844310,2791129890,2791131981,281119615759357,281119614021577,21.900651752,-6.361338
646,281119639640534,21.915101929,2791638322,2791640085,281119647794807,281119647923506,21.934553681,8.282972
647,281119662156399,21.937617794,2792146755,2792150041,281119683866466,281119681825501,21.968455676,19.669102
648,281119690642361,21.966103756,2792655187,2792658161,281119715793607,281119715727430,22.002357605,25.085069
649,281119751269555,22.026730950,2793163619,2793166292,281119747905194,281119749629360,22.036259535,-1.640195
650,281119776886024,22.052347419,2793672051,2793674438,281119783845539,281119783531289,22.070161464,6.645265
651,281119802128514,22.077589909,2794180483,2794182545,281119815947350,281119817433218,22.104063393,15.304704
652,281119824087393,22.099548788,2794688915,2794690668,281119851835549,281119851335147,22.137965322,27.247754
653,281119889593965,22.165055360,2795197347,2795200667,281119883884246,281119885237076,22.171867251,-4.356889
654,281119913329723,22.188791118,2795705779,2795708782,281119919854694,281119919139005,22.205769180,5.809282
655,281119934900243,22.210361638,2796214212,2796216898,281119951859614,281119953041000,22.239671175,18.140757
656,281119959902119,22.235363514,2796722644,2796725021,281119987839966,281119986942929,22.273573104,27.040810
657,281120027595541,22.303056936,2797231076,2797233131,281120019971543,281120020844858,22.307475033,-6.750683
658,281120050536386,22.325997781,2797739508,2797741261,281120055875052,281120054746787,22.341376962,4.210401
659,281120076044660,22.351506055,2798247940,2798251243,281120087879588,281120088648716,22.375278891,12.604056
660,281120098642239,22.374103634,2798756372,2798759383,281120123889978,281120122550645,22.409180820,23.908406
661,281120158129598,22.433590993,2799264804,2799267493,281120155956068,281120156452574,22.443082749,-1.677024
662,281120182926644,22.458388039,2799773237,2799775639,281120191887985,281120190354570,22.476984745,7.427926
663,281120205488496,22.480949891,2800281669,2800283781,281120223890401,281120224256499,22.510886674,18.768003
664,281120230224075,22.505685470,2800790101,2800791879,281120259927417,281120258158428,22.544788603,27.934353
665,281120282777028,22.558238423,2801298533,2801301852,281120291922426,281120292060357,22.578690532,9.283329
666,281120304376056,22.579837451,2801806965,2801809969,281120327979471,281120325962286,22.612592461,21.586230
667,281120331985854,22.607447249,2802315397,2802318123,281120360021008,281120359864215,22.646494390,27.878361
668,281120371012001,22.646473396,2802823829,2802826243,281120391919671,281120393766144,22.680396319,22.754143
669,281120430563352,22.706024747,2803332261,2803334380,281120428033893,281120427668073,22.714298248,-2.895279
670,281120452635205,22.728096600,2803840694,2803842488,281120459985188,281120461570069,22.748200244,8.934864
671,281120473923758,22.749385153,2804349126,2804350583,281120495926843,281120495471998,22.782102173,21.548240
672,281120502366423,22.777827818,2804857558,2804860593,281120527952841,281120529373927,22.816004102,27.007504
673,281120552074733,22.827536128,2805365990,2805368686,281120563978998,281120563275856,22.849906031,11.201123
674,281120576387585,22.851848980,2805874422,2805876793,281120596071334,281120597177785,22.883807960,20.790200
675,281120603951551,22.879412946,2806382854,2806384891,281120632091231,281120631079714,22.917709889,27.128163
676,281120641416804,22.916878199,2806891286,2806893007,281120664034785,281120664981643,22.951611818,23.564839
677,281120712041624,22.987503019,2807399718,2807403005,281120700041526,281120698883572,22.985513747,-13.158052
678,281120732299564,23.007760959,2807908151,2807911092,281120732108347,281120732785568,23.019415743,0.486004
679,281120750333968,23.025795363,2808416583,2808419225,281120768026322,281120766687497,23.053317672,16.353529
680,281120776214151,23.051675546,2808925015,2808927343,281120800035034,281120800589426,23.087219601,24.375275
681,281120835832641,23.111294036,2809433447,2809435481,281120836097205,281120834491355,23.121121530,-1.341286
682,281120861398535,23.136859930,2809941879,2809943586,281120868067140,281120868393284,23.155023459,6.994749
683,281120890526647,23.165988042,2810450311,2810453570,281120904035222,281120902295213,23.188925388,11.768566
684,281120911555893,23.187017288,2810958743,2810961682,281120936066660,281120936197142,23.222827317,24.641249
685,281120967487837,23.242949232,2811467175,2811469816,281120972135112,281120970099071,23.256729246,2.611234
686,281120987867568,23.263328963,2811975608,2811977945,281121004127218,281121004001067,23.290631242,16.133499
687,281121010475524,23.285936919,2812484040,2812486077,281121036060759,281121037902996,23.324533171,27.427472
688,281121042712279,23.318173674,2812992472,2812994210,281121072067266,281121071804925,23.358435100,29.092646
689,281121109135173,23.384596568,2813500904,2813504196,281121104156081,281121105706854,23.392337029,-3.428319
690,281121130899941,23.406361336,2814009336,2814012313,281121140063972,281121139608783,23.426238958,8.708842
691,281121157248363,23.432709758,2814517768,2814520442,281121172085840,281121173510712,23.460140887,16.262349
692,281121179316879,23.454778274,2815026200,2815028542,281121208080703,281121207412641,23.494042816,28.095762
693,281121238955110,23.514416505,2815534632,2815536660,281121240116670,281121241314570,23.527944745,2.359460
694,281121265669521,23.541130916,2816043065,2816044781,281121276068476,281121275216566,23.561846741,9.547045
695,281121286857838,23.562319233,2816551497,2816554792,281121308126590,281121309118495,23.595748670,22.260657
696,281121314584676,23.590046071,2817059929,2817062916,281121344115641,281121343020424,23.629650599,28.435748
697,281121377140059,23.652601454,2817568361,2817571068,281121376121115,281121376922353,23.663552528,-0.217706
698,281121401794052,23.677255447,2818076793,2818079167,281121412142064,281121410824282,23.697454457,9.030230
699,281121425927389,23.701388784,2818585225,2818587287,281121444118317,281121444726211,23.731356386,18.798822
700,281121451173045,23.726634440,2819093657,2819095426,281121480149168,281121478628140,23.765258315,27.455095
701,281121514481862,23.789943257,2819602090,2819603548,281121512126428,281121512530136,23.799160311,-1.951726
702,281121533717513,23.809178908,2820110522,2820113547,281121548113536,281121546432065,23.833062240,12.714552
703,281121554464861,23.829926256,2820618954,2820621676,281121580241902,281121580333994,23.866964169,25.869133
704,281121590717394,23.866178789,2821127386,2821129789,281121616141780,281121614235923,23.900866098,23.518529
705,281121668514094,23.943975489,2821635818,2821637910,281121648266468,281121648137852,23.934768027,-20.376242
706,281121698678521,23.974139916,2822144250,2822146036,281121680207447,281121682039781,23.968669956,-16.638740
707,281121724932878,24.000394273,2822652682,2822654147,281121716156480,281121715941710,24.002571885,-8.991168
708,281121759579836,24.035041231,2823161115,2823164151,281121748244671,281121749843705,24.036473880,-9.736131
709,281121820805500,24.096266895,2823669547,2823672254,281121784177442,281121783745634,24.070375809,-37.059866
710,281121840119544,24.115580939,2824177979,2824180379,281121816243683,281121817647564,24.104277739,-22.471980
711,281121860799074,24.136260469,2824686411,2824688502,281121852240524,281121851549493,24.138179668,-9.249581
712,281121890904745,24.166366140,2825194843,2825196625,281121884263384,281121885451422,24.172081597,-5.453323
713,281121946655804,24.222117199,2825703275,2825704729,281121920246138,281121919353351,24.205983526,-27.302453
714,281121970844052,24.246305447,2826211707,2826214743,281121952237997,281121953255280,24.239885455,-17.588772
715,281121994136225,24.269597620,2826720139,2826722863,281121988225673,281121987157209,24.273787384,-6.979016
716,281122015366089,24.290827484,2827228572,2827230993,281122020230573,281122021059204,24.307689379,5.693115
717,281122047689731,24.323151126,2827737004,2827739141,281122056241423,281122054961133,24.341591308,7.271402
718,281122099556639,24.375018034,2828245436,2828247255,281122088384340,281122088863062,24.375493237,-10.693577
719,281122122447828,24.397909223,2828753868,2828755379,281122124247306,281122122764991,24.409395166,0.317163
720,281122144533808,24.419995203,2829262300,2829265402,281122156276956,281122156666920,24.443297095,12.133112
721,281122189553427,24.465014822,2829770732,2829773508,281122192308225,281122190568849,24.477199024,1.015422
722,281122243433877,24.518895272,2830279164,2830281624,281122224253263,281122224470778,24.511100953,-18.963099
723,281122280673869,24.556135264,2830787597,2830789789,281122260275339,281122258372774,24.545002949,-22.301095
724,281122314169991,24.589631386,2831296029,2831297908,281122292298101,281122292274703,24.578904878,-21.895288
725,281122377060223,24.652521618,2831804461,2831806024,281122324286675,281122326176632,24.612806807,-50.883591
726,281122401167636,24.676629031,2832312893,2832316020,281122360325904,281122360078561,24.646708736,-41.089075
727,281122420356968,24.695818363,2832821325,2832824142,281122392378888,281122393980490,24.680610665,-26.376478
728,281122437835048,24.713296443,2833329757,2833332234,281122428322937,281122427882419,24.714512594,-9.952629
729,281122506194502,24.781655897,2833838189,2833840355,281122460340414,281122461784348,24.748414523,-44.410154
730,281122528054440,24.803515835,2834346621,2834348489,281122496311025,281122495686277,24.782316452,-32.368163
731,281122552918311,24.828379706,2834855054,2834856605,281122528325980,281122529588273,24.816218448,-23.330038
732,281122577948656,24.853410051,2835363486,2835366602,281122564316878,281122563490202,24.850120377,-14.458454
733,281122637526401,24.912987796,2835871918,2835874712,281122596339313,281122597392131,24.884022306,-40.134270
734,281122660527802,24.935989197,2836380350,2836382844,281122632426881,281122631294060,24.917924235,-29.233742
735,281122688298931,24.963760326,2836888782,2836890993,281122664386291,281122665195989,24.951826164,-23.102942
736,281122708913040,24.984374435,2837397214,2837399137,281122700392074,281122699097918,24.985728093,-9.815122
737,281122763761306,25.039222701,2837905646,2837907259,281122732381550,281122732999847,25.019630022,-30.761459
738,281122789508903,25.064970298,2838414078,2838417217,281122768367851,281122766901776,25.053531951,-22.607127
739,281122814117140,25.089578535,2838922511,2838925344,281122800380647,281122800803772,25.087433947,-13.313368
740,281122836076783,25.111538178,2839430943,2839433487,281122836385121,281122834705701,25.121335876,-1.371082
741,281122893108283,25.168569678,2839939375,2839941577,281122868505587,281122868607630,25.155237805,-24.500653
742,281122916045828,25.191507223,2840447807,2840449680,281122904359522,281122902509559,25.189139734,-13.536269
743,281122938126733,25.213588128,2840956239,2840957847,281122936490337,281122936411488,25.223041663,-1.715245
744,281122961033128,25.236494523,2841464671,2841467834,281122968429032,281122970313417,25.256943592,9.280289
745,281123024722888,25.300184283,2841973103,2841975981,281123004415617,281123004215346,25.290845521,-20.507542
746,281123045366745,25.320828140,2842481535,2842484107,281123036449611,281123038117275,25.324747450,-7.249470
747,281123069783250,25.345244645,2842989968,2842992259,281123072511262,281123072019271,25.358649446,2.236021
748,281123092916517,25.368377912,2843498400,2843500377,281123104426329,281123105921200,25.392551375,13.004683
749,281123149811307,25.425272702,2844006832,2844008527,281123140444833,281123139823129,25.426453304,-9.988178
750,281123171227809,25.446689204,2844515264,2844518493,281123172487083,281123173725058,25.460355233,2.497249
751,281123192814971,25.468276366,2845023696,2845026633,281123208518221,281123207626987,25.494257162,14.812016
752,281123215272856,25.490734251,2845532128,2845534761,281123240480173,281123241528916,25.528159091,26.256060
753,281123296932851,25.572394246,2846040560,2846042875,281123276478819,281123275430845,25.562061020,-21.502006
754,281123319566206,25.595027601,2846548993,2846550964,281123308497573,281123309332841,25.595963016,-10.233365
755,281123346450047,25.621911442,2847057425,2847059114,281123344569780,281123343234770,25.629864945,-3.215277
756,281123376401692,25.651863087,2847565857,2847569122,281123376543725,281123377136699,25.663766874,0.735007
757,281123445763527,25.721224922,2848074289,2848077213,281123412477057,281123411038628,25.697668803,-34.724899
758,281123467110995,25.742572390,2848582721,2848585312,281123444585284,281123444940557,25.731570732,-22.170438
759,281123487228511,25.762689906,2849091153,2849093470,281123480511061,281123478842486,25.765472661,-8.386025
760,281123504438907,25.779900302,2849599585,2849601588,281123512538485,281123512744415,25.799374590,8.305508
761,281123539255577,25.814716972,2850108017,2850109724,281123548494021,281123546646344,25.833276519,7.390767
762,281123606766270,25.882227665,2850616450,2850619695,281123580523467,281123580548340,25.867178515,-26.217930
763,281123631960350,25.907421745,2851124882,2851127837,281123612630220,281123614450269,25.901080444,-17.510081
764,281123652282403,25.927743798,2851633314,2851635995,281123648629899,281123648352198,25.934982373,-3.930205
765,281123676065884,25.951527279,2852141746,2852144149,281123680664171,281123682254127,25.968884302,6.188243
766,281123698149790,25.973611185,2852650178,2852652242,281123716535433,281123716156056,26.002786231,18.006266
767,281123751994402,26.027455797,2853158610,2853160381,281123748655064,281123750057985,26.036688160,-1.936417
768,281123773960306,26.049421701,2853667042,2853668537,281123784565417,281123783959914,26.070590089,9.999608
769,281123801016635,26.076478030,2854175475,2854178542,281123816670397,281123817861909,26.104492084,16.845274
770,281123823613413,26.099074808,2854683907,2854686670,281123852572986,281123851763838,26.138394013,28.150425
771,281123892867481,26.168328876,2855192339,2855194792,281123884668952,281123885665768,26.172295943,-7.201713
772,281123912790060,26.188251455,2855700771,2855702883,281123920684279,281123919567697,26.206197872,6.777637
773,281123934737775,26.210199170,2856209203,2856210992,281123952720190,281123953469626,26.240099801,18.731851
774,281123960781058,26.236242453,2856717635,2856719112,281123988579133,281123987371555,26.274001730,26.590497
775,281124016937303,26.292398698,2857226067,2857229124,281124020708124,281124021273484,26.307903659,4.336181
776,281124039585299,26.315046694,2857734499,2857737245,281124056644236,281124055175413,26.341805588,15.590114
777,281124068792892,26.344254287,2858242932,2858245382,281124088722017,281124089077408,26.375707583,20.284516
778,281124095523881,26.370985276,2858751364,2858753502,281124124650079,281124122979337,26.409609512,27.455456
779,281124149951474,26.425412869,2859259796,2859261644,281124156692722,281124156881266,26.443511441,6.929792
780,281124175833679,26.451295074,2859768228,2859769787,281124192712423,281124190783195,26.477413370,14.949516
781,281124197723011,26.473184406,2860276660,2860279792,281124224775748,281124224685124,26.511315299,26.962113
782,281124231675935,26.507137330,2860785092,2860787899,281124256687610,281124258587053,26.545217228,26.911118
783,281124306036429,26.581497824,2861293524,2861296005,281124292680105,281124292488982,26.579119157,-13.547447
784,281124329175379,26.604636774,2861801957,2861804119,281124324701884,281124326390978,26.613021153,-2.784401
785,281124348425924,26.623887319,2862310389,2862312256,281124360713914,281124360292907,26.646923082,11.866983
786,281124371907620,26.647369015,2862818821,2862820395,281124392675942,281124394194836,26.680825011,22.287216
787,281124445720950,26.721182345,2863327253,2863330384,281124428673837,281124428096765,26.714726940,-17.624185
788,281124468277269,26.743738664,2863835685,2863838483,281124460710019,281124461998694,26.748628869,-6.278575
789,281124494883562,26.770344957,2864344117,2864346614,281124496718359,281124495900623,26.782530798,1.017061
790,281124515394872,26.790856267,2864852549,2864854774,281124528696736,281124529802552,26.816432727,14.407680
791,281124565763788,26.841225183,2865360981,2865362918,281124564727606,281124563704481,26.850334656,-2.059307
792,281124588981521,26.864442916,2865869414,2865871015,281124596738226,281124597606477,26.884236652,8.624956
793,281124608441807,26.883903202,2866377846,2866381012,281124632687516,281124631508406,26.918138581,23.066599
794,281124638953871,26.914415266,2866886278,2866889156,281124664737619,281124665410335,26.952040510,26.456464
795,281124705614831,26.981076226,2867394710,2867397253,281124700828847,281124699312264,26.985942439,-6.302567
796,281124726729095,27.002190490,2867903142,2867905335,281124732833619,281124733214193,27.019844368,6.485098
797,281124752612077,27.028073472,2868411574,2868413469,281124768748420,281124767116122,27.053746297,14.504045
798,281124777608737,27.053070132,2868920006,2868921610,281124800806598,281124801018051,27.087648226,23.409314
799,281124842430088,27.117891483,2869428438,2869431611,281124836736381,281124834919980,27.121550155,-7.510108
800,281124860896144,27.136357539,2869936871,2869939733,281124868773459,281124868821976,27.155452151,7.925832
801,281124886053712,27.161515107,2870445303,2870447842,281124900923607,281124902723905,27.189354080,16.670193
802,281124906852181,27.182313576,2870953735,2870955971,281124936809385,281124936625834,27.223256009,29.773653
803,281124968400789,27.243862184,2871462167,2871464101,281124968822018,281124970527763,27.257157938,2.126974
804,281125003421469,27.278882864,2871970599,2871972205,281125004823434,281125004429692,27.291059867,1.008223
805,281125032885951,27.308347346,2872479031,2872482205,281125036909895,281125038331621,27.324961796,5.445670
806,281125058724513,27.334185908,2872987463,2872990307,281125072871415,281125072233550,27.358863725,13.509037
807,281125123674507,27.399135902,2873495895,2873498431,281125104856875,281125106135479,27.392765654,-17.539028
808,281125142196827,27.417658222,2874004328,2874006550,281125140912822,281125140037475,27.426667650,-2.159352
809,281125163957517,27.439418912,2874512760,2874514699,281125172850487,281125173939404,27.460569579,9.981887
810,281125182642445,27.458103840,2875021192,2875022810,281125208834307,281125207841333,27.494471508,25.198888
811,281125218481928,27.493943323,2875529624,2875532831,281125240859905,281125241743262,27.528373437,23.261334
812,281125262394741,27.537856136,2876038056,2876040944,281125276876933,281125275645191,27.562275366,13.250450
813,281125288469606,27.563931001,2876546488,2876549050,281125308895761,281125309547120,27.596177295,21.077514
814,281125317361266,27.592822661,2877054920,2877057182,281125344892134,281125343449049,27.630079224,26.087783
815,281125390887066,27.666348461,2877563353,2877565293,281125376881955,281125377351045,27.663981220,-13.536021
816,281125414351076,27.689812471,2878071785,2878073437,281125412868171,281125411252974,27.697883149,-3.098102
817,281125434089547,27.709550942,2878580217,2878583442,281125444936231,281125445154903,27.731785078,11.065356
818,281125453660471,27.729121866,2879088649,2879091559,281125480889438,281125479056832,27.765687007,25.396361
819,281125514378424,27.789839819,2879597081,2879599683,281125512884454,281125512958761,27.799588936,-1.419663
820,281125535107641,27.810569036,2880105513,2880107811,281125544910582,281125546860690,27.833490865,11.753049
821,281125555033748,27.830495143,2880613945,2880615982,281125580956882,281125580762619,27.867392794,25.728871
822,281125587740618,27.863202013,2881122377,2881124083,281125612906342,281125614664548,27.901294723,26.923930
823,281125642868125,27.918329520,2881630810,2881634105,281125648970701,281125648566544,27.935196719,5.698419
824,281125666161732,27.941623127,2882139242,2882142194,281125680950801,281125682468473,27.969098648,16.306741
825,281125691846958,27.967308353,2882647674,2882650315,281125716967886,281125716370402,28.003000577,24.523444
826,281125725161225,28.000622620,2883156106,2883158447,281125748938944,281125750272331,28.036902506,25.111106
827,281125787853436,28.063314831,2883664538,2883666563,281125784975138,281125784174260,28.070804435,-3.679176
828,281125811624320,28.087085715,2884172970,2884174643,281125816972957,281125818076189,28.104706364,6.451869
829,281125832732163,28.108193558,2884681402,2884684655,281125853048041,281125851978118,28.138608293,19.245955
830,281125862343142,28.137804537,2885189835,2885192778,281125884950872,281125885880113,28.172510288,23.536971
831,281125928405492,28.203866887,2885698267,2885700905,281125920962928,281125919782042,28.206412217,-8.623450
832,281125948547045,28.224008440,2886206699,2886209012,281125953071952,281125953683972,28.240314147,5.136927
833,281125970856535,28.246317930,2886715131,2886717167,281125989133747,281125987585901,28.274216076,16.729366
834,281125995283592,28.270744987,2887223563,2887225299,281126020982733,281126021487830,28.308118005,26.204238
835,281126027288300,28.302749695,2887731995,2887735290,281126057031960,281126055389759,28.342019934,28.101459
836,281126080018653,28.355480048,2888240427,2888243394,281126088990307,281126089291688,28.375921863,9.273035
837,281126104761072,28.380222467,2888748859,2888751505,281126125128931,281126123193617,28.409823792,18.432545
838,281126133637912,28.409099307,2889257292,2889259625,281126157039810,281126157095612,28.443725787,23.457700
839,281126177010148,28.452471543,2889765724,2889767733,281126189072938,281126190997541,28.477627716,13.987393
840,281126223784795,28.499246190,2890274156,2890275883,281126225117139,281126224899470,28.511529645,1.114675
841,281126241063861,28.516525256,2890782588,2890785877,281126257091145,281126258801399,28.545431574,17.737538
842,281126267460032,28.542921427,2891291020,2891294022,281126293015169,281126292703328,28.579333503,25.243296
843,281126310319316,28.585780711,2891799452,2891802120,281126325076998,281126326605257,28.613235432,16.285941
844,281126363141962,28.638603357,2892307884,2892310232,281126361062586,281126360507186,28.647137361,-2.634776
845,281126388196352,28.663657747,2892816317,2892818362,281126393088086,281126394409182,28.681039357,6.212830
846,281126412452560,28.687913955,2893324749,2893326495,281126429077138,281126428311111,28.714941286,15.858551
847,281126447038972,28.722500367,2893833181,2893836502,281126461085764,281126462213040,28.748843215,15.174068
848,281126498665012,28.774126407,2894341613,2894344631,281126497160374,281126496114969,28.782745144,-2.550043
849,281126520394218,28.795855613,2894850045,2894852728,281126529113084,281126530016898,28.816647073,9.622680
850,281126542403014,28.817864409,2895358477,2895360864,281126565087111,281126563918827,28.850549002,21.515813
851,281126587609662,28.863071057,2895866909,2895868987,281126597108201,281126597820756,28.884450931,10.211094
852,281126628668756,28.904130151,2896375341,2896377090,281126633081898,281126631722685,28.918352860,3.053929
853,281126646388808,28.921850203,2896883774,2896887095,281126665109717,281126665624681,28.952254856,19.235873
854,281126672058190,28.947519585,2897392206,2897395228,281126701088069,281126699526610,28.986156785,27.468420
855,281126709982431,28.985443826,2897900638,2897903343,281126733202743,281126733428539,29.020058714,23.446108
856,281126754189923,29.029651318,2898409070,2898411466,281126769204485,281126767330468,29.053960643,13.140545
857,281126780121645,29.055583040,2898917502,2898919582,281126801173493,281126801232397,29.087862572,21.110752
858,281126812647311,29.088108706,2899425934,2899427692,281126833157857,281126835134326,29.121764501,22.487015
859,281126848482010,29.123943405,2899934366,2899935819,281126869215231,281126869036255,29.155666430,20.554245
860,281126893895122,29.169356517,2900442798,2900445835,281126901165679,281126902938184,29.189568359,9.043062
861,281126910861354,29.186322749,2900951231,2900953955,281126937273264,281126936840180,29.223470355,25.978826
862,281126948050151,29.223511546,2901459663,2901462045,281126969166544,281126970742109,29.257372284,22.691958
863,281126993344785,29.268806180,2901968095,2901970186,281127005167781,281127004644038,29.291274213,11.299253
864,281127034603203,29.310064598,2902476527,2902478301,281127037290832,281127038545967,29.325176142,3.942764
865,281127058446325,29.333907720,2902984959,2902986428,281127073237554,281127072447896,29.359078071,14.001571
866,281127083485709,29.358947104,2903493391,2903496417,281127105186277,281127106349825,29.392980000,22.864116
867,281127125207194,29.400668589,2904001823,2904004549,281127141185613,281127140251754,29.426881929,15.044560
868,281127165028253,29.440489648,2904510255,2904512679,281127173228482,281127174153683,29.460783858,9.125430
869,281127189115514,29.464576909,2905018688,2905020804,281127209263267,281127208055679,29.494685854,18.940165
870,281127216764421,29.492225816,2905527120,2905528918,281127241219307,281127241957608,29.528587783,25.193187
871,281127262806994,29.538268389,2906035552,2906037025,281127277243431,281127275859537,29.562489712,13.052543
872,281127313102326,29.588563721,2906543984,2906547015,281127309276835,281127309761466,29.596391641,-3.340860
873,281127333780811,29.609242206,2907052416,2907055206,281127345298253,281127343663395,29.630293570,9.882584
874,281127351530339,29.626991734,2907560848,2907563355,281127377259755,281127377565324,29.664195499,26.034985
875,281127398342776,29.673804171,2908069280,2908071470,281127413239470,281127411467253,29.698097428,13.124477
876,281127448194407,29.723655802,2908577712,2908579603,281127445258805,281127445369182,29.731999357,-2.825225
877,281127477620256,29.753081651,2909086145,2909087727,281127477302403,281127479271178,29.765901353,1.650922
878,281127504296415,29.779757810,2909594577,2909597708,281127513237177,281127513173107,29.799803282,8.876692
879,281127539483735,29.814945130,2910103009,2910105866,281127545392202,281127547075036,29.833705211,7.591301
880,281127598880436,29.874341831,2910611441,2910613963,281127581252465,281127580976965,29.867607140,-17.903471
881,281127618509830,29.893971225,2911119873,2911122115,281127613365607,281127614878894,29.901509069,-3.630936
882,281127639108431,29.914569826,2911628305,2911630240,281127649273998,281127648780823,29.935410998,9.672392
883,281127685025890,29.960487285,2912136737,2912138361,281127681279637,281127682682752,29.969312927,-2.343138
884,281127733707466,30.009168861,2912645170,2912648377,281127717291951,281127716584748,30.003214923,-17.122718
885,281127756457304,30.031918699,2913153602,2913156541,281127749318961,281127750486677,30.037116852,-5.970627
886,281127788689666,30.064151061,2913662034,2913664690,281127785320020,281127784388606,30.071018781,-4.301060
887,281127871935042,30.147396437,2914170466,2914172826,281127817317165,281127818290535,30.104920710,-53.644507
888,281127903142065,30.178603460,2914678898,2914680944,281127853358291,281127852192464,30.138822639,-50.949601
889,281127928025624,30.203487019,2915187330,2915189070,281127885325725,281127886094393,30.172724568,-41.931231
890,281127945965205,30.221426600,2915695762,2915699063,281127921315897,281127919996322,30.206626497,-25.968883
891,281128013858426,30.289319821,2916204195,2916207186,281127953354861,281127953898317,30.240528492,-59.960109
892,281128030693592,30.306154987,2916712627,2916715279,281127989330261,281127987800246,30.274430421,-42.893346
893,281128046277868,30.321739263,2917221059,2917223390,281128021360334,281128021702176,30.308332351,-24.575692
894,281128065262538,30.340723933,2917729491,2917731552,281128057454874,281128055604105,30.342234280,-9.658433
895,281128099521130,30.374982525,2918237923,2918239685,281128089362926,281128089506034,30.376136209,-10.015096
896,281128137466813,30.412928208,2918746355,2918747832,281128121386025,281128123407963,30.410038138,-14.058850
897,281128155072695,30.430534090,2919254787,2919257825,281128157371827,281128157309892,30.443940067,2.237197
898,281128180073431,30.455534826,2919763219,2919765957,281128189394413,281128191211821,30.477841996,11.138390
899,281128211878892,30.487340287,2920271652,2920274055,281128225397132,281128225113816,30.511743991,13.234924
900,281128237066050,30.512527445,2920780084,2920782151,281128257384196,281128259015745,30.545645920,21.949695
901,281128276606352,30.552067747,2921288516,2921290287,281128293449696,281128292917674,30.579547849,16.311322
902,281128305606496,30.581067891,2921796948,2921798430,281128325456983,281128326819603,30.613449778,21.213107
903,281128360119371,30.635580766,2922305380,2922308425,281128361422636,281128360721532,30.647351707,0.602161
904,281128416622140,30.692083535,2922813812,2922816548,281128393549127,281128394623462,30.681253637,-21.998678
905,281128435800535,30.711261930,2923322244,2923324694,281128429523635,281128428525390,30.715155565,-7.275145
906,281128453831034,30.729292429,2923830677,2923832834,281128461446766,281128462427386,30.749057561,8.596352
907,281128508135328,30.783596723,2924339109,2924340943,281128497450661,281128496329315,30.782959490,-11.806013
908,281128555559668,30.831021063,2924847541,2924849104,281128529513300,281128530231244,30.816861419,-25.328424
909,281128582674994,30.858136389,2925355973,2925359112,281128565440608,281128564133173,30.850763348,-18.541821
910,281128608684196,30.884145591,2925864405,2925867178,281128597461063,281128598035102,30.884665277,-10.649094
911,281128644622188,30.920083583,2926372837,2926375337,281128633455315,281128631937031,30.918567206,-12.685157
912,281128699723105,30.975184500,2926881269,2926883461,281128665541404,281128665838960,30.952469135,-33.884145
913,281128714660402,30.990121797,2927389701,2927391560,281128701574818,281128699740889,30.986371064,-14.919513
914,281128733289386,31.008750781,2927898134,2927899688,281128733603062,281128733642885,31.020273060,0.353499
915,281128766197534,31.041658929,2928406566,2928409692,281128769469527,281128767544814,31.054174989,1.347280
916,281128789878843,31.065340238,2928914998,2928917827,281128801525910,281128801446743,31.088076918,11.567900
917,281128826818884,31.102280279,2929423430,2929425940,281128833539071,281128835348672,31.121978847,8.529788
918,281128847863093,31.123324488,2929931862,2929934084,281128869493892,281128869250601,31.155880776,21.387508
919,281128890905993,31.166367388,2930440294,2930442204,281128901517226,281128903152530,31.189782705,12.246537
920,281128913503963,31.188965358,2930948726,2930950338,281128937552752,281128937054459,31.223684634,23.550496
921,281128969381597,31.244842992,2931457158,2931460330,281128969587755,281128970956388,31.257586563,1.574791
922,281129004126052,31.279587447,2931965591,2931968445,281129005518586,281129004858384,31.291488559,0.732332
923,281129048478664,31.323940059,2932474023,2932476571,281129037565078,281129038760313,31.325390488,-9.718351
924,281129106855664,31.382317059,2932982455,2932984717,281129073549006,281129072662242,31.359292417,-34.193422
925,281129125838004,31.401299399,2933490887,2933492842,281129105547518,281129106564171,31.393194346,-19.273833
926,281129149552595,31.425013990,2933999319,2934000977,281129141608056,281129140466100,31.427096275,-9.086495
927,281129189577165,31.465038560,2934507751,2934511002,281129173642669,281129174368029,31.460998204,-15.209136
928,281129232388692,31.507850087,2935016183,2935019118,281129209672054,281129208269958,31.494900133,-24.118734
929,281129251238345,31.526699740,2935524615,2935527251,281129241577989,281129242171887,31.528802062,-9.066458
930,281129278435591,31.553896986,2936033048,2936035385,281129277679347,281129276073883,31.562704058,-2.361708
931,281129307733878,31.583195273,2936541480,2936543517,281129309589053,281129309975812,31.596605987,2.241934
932,281129330755780,31.606217175,2937049912,2937051650,281129345674054,281129343877741,31.630507916,13.121961
933,281129370631476,31.646092871,2937558344,2937559814,281129377642724,281129377779670,31.664409845,7.148194
934,281129390982845,31.666444240,2938066776,2938069760,281129413582119,281129411681599,31.698311774,20.698754
935,281129421382425,31.696843820,2938575208,2938577874,281129445617025,281129445583528,31.732213703,24.201103
936,281129452619279,31.728080674,2939083640,2939085990,281129477678359,281129479485457,31.766115632,26.866178
937,281129527130140,31.802591535,2939592073,2939594132,281129513758535,281129513387453,31.800017628,-13.742687
938,281129551379532,31.826840927,2940100505,2940102261,281129545635510,281129547289382,31.833919557,-4.090150
939,281129601673569,31.877134964,2940608937,2940612252,281129581649607,281129581191311,31.867821486,-20.482258
940,281129627215695,31.902677090,2941117369,2941120397,281129613670750,281129615093240,31.901723415,-12.122455
941,281129668418051,31.943879446,2941625801,2941628505,281129649639176,281129648995169,31.935625344,-19.422882
942,281129691234796,31.966696191,2942134233,2942136610,281129681693404,281129682897098,31.969527273,-8.337698
943,281129720023890,31.995485285,2942642665,2942644754,281129717649637,281129716799027,32.003429202,-3.224863
944,281129748088732,32.023550127,2943151097,2943152853,281129749674454,281129750700956,32.037331131,2.612224
945,281129799064681,32.074526076,2943659530,2943662831,281129785721452,281129784602952,32.071233127,-14.461729
946,281129819245642,32.094707037,2944167962,2944170957,281129817799205,281129818504881,32.105135056,-0.740761
947,281129850864071,32.126325466,2944676394,2944679078,281129853677971,281129852406810,32.139036985,1.542739
948,281129877768910,32.153230305,2945184826,2945187187,281129885727422,281129886308739,32.172938914,8.539829
949,281129899854300,32.175315695,2945693258,2945695295,281129921692341,281129920210668,32.206840843,20.356368
