frame_index,receive_monotonic_ns,relative_s,uvc_pts,uvc_scr_stc,uvc_payload_host_monotonic_ns,uvc_source_mapped_monotonic_ns,uvc_source_relative_s,source_minus_receive_ms
0,281279696575816,0.000000000,3207709176,3207996569,281279702173877,281279681394770,0.000000000,-15.181046
1,281279720998390,0.024422574,3208217608,3208219694,281279714186599,281279715294942,0.033900172,-5.703448
2,281279759916588,0.063340772,3208726041,3208727809,281279750193553,281279749195182,0.067800412,-10.721406
3,281279815098143,0.118522327,3209234473,3209235956,281279782268214,281279783095355,0.101700585,-32.002788
4,281279828858469,0.132282653,3209742905,3209745953,281279818185882,281279816995528,0.135600758,-11.862941
5,281279860936033,0.164360217,3210251337,3210254060,281279850204842,281279850895700,0.169500930,-10.040333
6,281279896104139,0.199528323,3210759769,3210762162,281279886235974,281279884795873,0.203401103,-11.308266
7,281279925748850,0.229173034,3211268201,3211270273,281279918210148,281279918696046,0.237301276,-7.052804
8,281279961580091,0.265004275,3211776633,3211778401,281279954317748,281279952596219,0.271201449,-8.983872
9,281279996677043,0.300101227,3212285065,3212286561,281279986264711,281279986496392,0.305101622,-10.180651
10,281280028120277,0.331544461,3212793497,3212796557,281280022218797,281280020396565,0.339001795,-7.723712
11,281280069454278,0.372878462,3213301930,3213304650,281280054236576,281280054296804,0.372902034,-15.157474
12,281280175912456,0.479336640,3214318794,3214320882,281280122230294,281280122097150,0.440702380,-53.815306
13,281280210270561,0.513694745,3214827226,3214828990,281280154327485,281280155997323,0.474602553,-54.273238
14,281280319341805,0.622765989,3215335658,3215338955,281280190241830,281280189897495,0.508502725,-129.444310
15,281280341963927,0.645388111,3215844090,3215847107,281280222316975,281280223797668,0.542402898,-118.166259
16,281280366442663,0.669866847,3216352522,3216355237,281280258329717,281280257697841,0.576303071,-108.744822
17,281280411654261,0.715078445,3216860955,3216863371,281280290297065,281280291598081,0.610203311,-120.056180
18,281280458484314,0.761908498,3217369387,3217371503,281280326302745,281280325498253,0.644103483,-132.986061
19,281280489631949,0.793056133,3217877819,3217879605,281280358302880,281280359398426,0.678003656,-130.233523
20,281280510428465,0.813852649,3218386251,3218387744,281280394271391,281280393298599,0.711903829,-117.129866
21,281280556764861,0.860189045,3218894683,3218897750,281280426316415,281280427198772,0.745804002,-129.566089
22,281280603445681,0.906869865,3219403115,3219405885,281280462268462,281280461098945,0.779704175,-142.346736
23,281280626481055,0.929905239,3219911547,3219913995,281280494297128,281280494999118,0.813604348,-131.481937
24,281280649579179,0.953003363,3220419979,3220422135,281280530285789,281280528899290,0.847504520,-120.679889
25,281280730698679,1.034122863,3220928412,3220930244,281280562311775,281280562799530,0.881404760,-167.899149
26,281280756327018,1.059751202,3221436844,3221438379,281280598398552,281280596699703,0.915304933,-159.627315
27,281280779034574,1.082458758,3221945276,3221948357,281280630327457,281280630599876,0.949205106,-148.434698
28,281280805329857,1.108754041,3222453708,3222456492,281280666303153,281280664500048,0.983105278,-140.829809
29,281280885117501,1.188541685,3222962140,3222964603,281280698362285,281280698400221,1.017005451,-186.717280
30,281280929544682,1.232968866,3223470572,3223472748,281280730340601,281280732300394,1.050905624,-197.244288
31,281280955556348,1.258980532,3223979004,3223980862,281280766376313,281280766200567,1.084805797,-189.355781
32,281280977853729,1.281277913,3224487436,3224489010,281280798376246,281280800100740,1.118705970,-177.752989
33,281281024910393,1.328334577,3224995869,3224998992,281280834341782,281280834000979,1.152606209,-190.909414
34,281281047873190,1.351297374,3225504301,3225507112,281280866359602,281280867901152,1.186506382,-179.972038
35,281281074769924,1.378194108,3226012733,3226015205,281280902387818,281280901801325,1.220406555,-172.968599
36,281281099261439,1.402685623,3226521165,3226523339,281280934373831,281280935701498,1.254306728,-163.559941
37,281281158592306,1.462016490,3227029597,3227031470,281280970408983,281280969601671,1.288206901,-188.990635
38,281281181081047,1.484505231,3227538029,3227539603,281281002413399,281281003501843,1.322107073,-177.579204
39,281281197452089,1.500876273,3228046461,3228049607,281281038400787,281281037402016,1.356007246,-160.050073
40,281281216762469,1.520186653,3228554894,3228557738,281281070493289,281281071302256,1.389907486,-145.460213
41,281281251492397,1.554916581,3229063326,3229065862,281281106391272,281281105202429,1.423807659,-146.289968
42,281281299057447,1.602481631,3229571758,3229574004,281281138426719,281281139102601,1.457707831,-159.954846
43,281281317471471,1.620895655,3230080190,3230082118,281281174419039,281281173002774,1.491608004,-144.468697
44,281281341312028,1.644736212,3230588622,3230590246,281281206434159,281281206902947,1.525508177,-134.409081
45,281281378536860,1.681961044,3231097054,3231100279,281281242379553,281281240803120,1.559408350,-137.733740
46,281281398550797,1.701974981,3231605486,3231608376,281281274421747,281281274703293,1.593308523,-123.847504
47,281281440402800,1.743826984,3232113918,3232116511,281281310414660,281281308603466,1.627208696,-131.799334
48,281281459822893,1.763247077,3232622351,3232624606,281281342430167,281281342503705,1.661108935,-117.319188
49,281281499742995,1.803167179,3233130783,3233132733,281281374434634,281281376403878,1.695009108,-123.339117
50,281281519735664,1.823159848,3233639215,3233640855,281281410453713,281281410304051,1.728909281,-109.431613
51,281281537979616,1.841403800,3234147647,3234150857,281281442470160,281281444204224,1.762809454,-93.775392
52,281281573981849,1.877406033,3234656079,3234659007,281281478435068,281281478104396,1.796709626,-95.877453
53,281281604407356,1.907831540,3235164511,3235167099,281281510465498,281281512004569,1.830609799,-92.402787
54,281281626368548,1.929792732,3235672943,3235675232,281281546477515,281281545904742,1.864509972,-80.463806
55,281281646660902,1.950085086,3236181375,3236183329,281281578461182,281281579804915,1.898410145,-66.855987
56,281281672073203,1.975497387,3236689808,3236691457,281281614460443,281281613705154,1.932310384,-58.368049
57,281281731504110,2.034928294,3237198240,3237201424,281281646500229,281281647605327,1.966210557,-83.898783
58,281281755265777,2.058689961,3237706672,3237709552,281281682449427,281281681505500,2.000110730,-73.760277
59,281281775969213,2.079393397,3238215104,3238217666,281281714530435,281281715405673,2.034010903,-60.563540
60,281281800361387,2.103785571,3238723536,3238725801,281281750490670,281281749305846,2.067911076,-51.055541
61,281281859988215,2.163412399,3239231968,3239233971,281281782515558,281281783206019,2.101811249,-76.782196
62,281281879927580,2.183351764,3239740401,3239742084,281281818462124,281281817106258,2.135711488,-62.821322
63,281281897967727,2.201391911,3240248833,3240252059,281281850490995,281281851006431,2.169611661,-46.961296
64,281281917959974,2.221384158,3240757265,3240760169,281281886498294,281281884906604,2.203511834,-33.053370
65,281281952947488,2.256371672,3241265697,3241268286,281281918516009,281281918806777,2.237412007,-34.140711
66,281281998208528,2.301632712,3241774129,3241776417,281281954476988,281281952706950,2.271312180,-45.501578
67,281282018144801,2.321568985,3242282561,3242284545,281281986519494,281281986607122,2.305212352,-31.537679
68,281282046940090,2.350364274,3242790993,3242792613,281282018558459,281282020507295,2.339112525,-26.432795
69,281282097569046,2.400993230,3243299425,3243302640,281282054547382,281282054407468,2.373012698,-43.161578
70,281282133918307,2.437342491,3243807857,3243810760,281282086538236,281282088307641,2.406912871,-45.610666
71,281282152071991,2.455496175,3244316290,3244318900,281282122525011,281282122207880,2.440813110,-29.864111
72,281282170471727,2.473895911,3244824722,3244826993,281282154572919,281282156108053,2.474713283,-14.363674
73,281282199668485,2.503092669,3245333154,3245335166,281282190526359,281282190008226,2.508613456,-9.660259
74,281282223933274,2.527357458,3245841586,3245843307,281282222654092,281282223908399,2.542513629,-0.024875
75,281282261279051,2.564703235,3246350018,3246353281,281282258590989,281282257808572,2.576413802,-3.470479
76,281282283616809,2.587040993,3246858450,3246861416,281282290563211,281282291708744,2.610313974,8.091935
77,281282318158296,2.621582480,3247366882,3247369538,281282326568567,281282325608917,2.644214147,7.450621
78,281282341652260,2.645076444,3247875315,3247877650,281282358677171,281282359509157,2.678114387,17.856897
79,281282365175095,2.668599279,3248383747,3248385788,281282394671055,281282393409330,2.712014560,28.234235
80,281282402235806,2.705659990,3248892179,3248893905,281282426626358,281282427309502,2.745914732,25.073696
81,281282433048367,2.736472551,3249400611,3249403869,281282462569853,281282461209675,2.779814905,28.161308
82,281282474351246,2.777775430,3249909043,3249912025,281282494696190,281282495109848,2.813715078,20.758602
83,281282503836461,2.807260645,3250417475,3250420122,281282530565797,281282529010021,2.847615251,25.173560
84,281282544678117,2.848102301,3250925907,3250928274,281282562590401,281282562910194,2.881515424,18.232077
85,281282581083874,2.884508058,3251434339,3251436408,281282598674551,281282596810367,2.915415597,15.726493
86,281282600783510,2.904207694,3251942772,3251944527,281282630595896,281282630710606,2.949315836,29.927096
87,281282643299712,2.946723896,3252451204,3252454517,281282662665589,281282664610779,2.983216009,21.311067
88,281282700359096,3.003783280,3252959636,3252962623,281282698608893,281282698510952,3.017116182,-1.848144
89,281282735684151,3.039108335,3253468068,3253470739,281282730736448,281282732411125,3.051016355,-3.273026
90,281282763791008,3.067215192,3253976500,3253978889,281282766713662,281282766311298,3.084916528,2.520290
91,281282787692152,3.091116336,3254484932,3254487017,281282798632431,281282800211470,3.118816700,12.519318
92,281282826729840,3.130154024,3254993364,3254995125,281282834624996,281282834111643,3.152716873,7.381803
93,281282859952754,3.163376938,3255501796,3255503252,281282866636978,281282868011816,3.186617046,8.059062
94,281282885250712,3.188674896,3256010229,3256013235,281282902783661,281282901912056,3.220517286,16.661344
95,281282909411723,3.212835907,3256518661,3256521382,281282934675557,281282935812228,3.254417458,26.400505
96,281282950989723,3.254413907,3257027093,3257029499,281282970633549,281282969712401,3.288317631,18.722678
97,281282991246214,3.294670398,3257535525,3257537643,281283002701414,281283003612574,3.322217804,12.366360
98,281283009552128,3.312976312,3258043957,3258045752,281283038698725,281283037512747,3.356117977,27.960619
99,281283046767373,3.350191557,3258552389,3258553864,281283070679884,281283071412920,3.390018150,24.645547
100,281283092565146,3.395989330,3259060821,3259063879,281283106669497,281283105313092,3.423918322,12.747946
101,281283127540733,3.430964917,3259569254,3259572003,281283138691898,281283139213332,3.457818562,11.672599
102,281283146506603,3.449930787,3260077686,3260080120,281283174720980,281283173113505,3.491718735,26.606902
103,281283181371996,3.484796180,3260586118,3260588244,281283206748726,281283207013678,3.525618908,25.641682
104,281283221936997,3.525361181,3261094550,3261096343,281283242666883,281283240913850,3.559519080,18.976853
105,281283250854984,3.554279168,3261602982,3261604470,281283274696495,281283274814023,3.593419253,23.959039
106,281283284052682,3.587476866,3262111414,3262114475,281283306756610,281283308714196,3.627319426,24.661514
107,281283317772212,3.621196396,3262619846,3262622579,281283342699246,281283342614369,3.661219599,24.842157
108,281283355065361,3.658489545,3263128278,3263130731,281283374739988,281283376514542,3.695119772,21.449181
109,281283387065752,3.690489936,3263636711,3263638817,281283410751523,281283410414781,3.729020011,23.349029
110,281283420248564,3.723672748,3264145143,3264146930,281283442791263,281283444314954,3.762920184,24.066390
111,281283455679800,3.759103984,3264653575,3264655087,281283478781461,281283478215127,3.796820357,22.535327
112,281283504579615,3.808003799,3265162007,3265165095,281283510848342,281283512115300,3.830720530,7.535685
113,281283536026487,3.839450671,3265670439,3265673205,281283546756096,281283546015473,3.864620703,9.988986
114,281283564453179,3.867877363,3266178871,3266181324,281283578758949,281283579915646,3.898520876,15.462467
115,281283591990894,3.895415078,3266687303,3266689455,281283614724963,281283613815818,3.932421048,21.824924
116,281283631007703,3.934431887,3267195735,3267197608,281283646752855,281283647715991,3.966321221,16.708288
117,281283660162000,3.963586184,3267704168,3267705735,281283682739054,281283681616231,4.000221461,21.454231
118,281283689235111,3.992659295,3268212600,3268215712,281283714765052,281283715516404,4.034121634,26.281293
119,281283721768656,4.025192840,3268721032,3268723837,281283750839356,281283749416576,4.068021806,27.647920
120,281283762374682,4.065798866,3269229464,3269231964,281283782768079,281283783316749,4.101921979,20.942067
121,281283798917003,4.102341187,3269737896,3269740107,281283818823200,281283817216922,4.135822152,18.299919
122,281283826289593,4.129713777,3270246328,3270248243,281283850809963,281283851117095,4.169722325,24.827502
123,281283862553131,4.165977315,3270754761,3270756331,281283886760422,281283885017334,4.203622564,22.464203
124,281283915202780,4.218626964,3271263193,3271266274,281283918830765,281283918917507,4.237522737,3.714727
125,281283945802182,4.249226366,3271771625,3271774401,281283950816493,281283952817680,4.271422910,7.015498
126,281283966574539,4.269998723,3272280057,3272282502,281283986840199,281283986717853,4.305323083,20.143314
127,281283994046399,4.297470583,3272788489,3272790645,281284018875486,281284020618026,4.339223256,26.571627
128,281284028407381,4.331831565,3273296921,3273298730,281284054837308,281284054518199,4.373123429,26.110818
129,281284104045663,4.407469847,3273805353,3273806864,281284086821986,281284088418371,4.407023601,-15.627292
130,281284129620583,4.433044767,3274313785,3274316875,281284122808546,281284122318544,4.440923774,-7.302039
131,281284150960049,4.454384233,3274822217,3274825031,281284154865170,281284156218717,4.474823947,5.258668
132,281284175863208,4.479287392,3275330650,3275333155,281284190835495,281284190118957,4.508724187,14.255749
133,281284242517877,4.545942061,3275839082,3275841254,281284222831294,281284224019129,4.542624359,-18.498748
134,281284260098731,4.563522915,3276347514,3276349365,281284258807447,281284257919302,4.576524532,-2.179429
135,281284276761999,4.580186183,3276855946,3276857473,281284290910646,281284291819475,4.610424705,15.057476
136,281284298799656,4.602223840,3277364378,3277367479,281284326872918,281284325719648,4.644324878,26.919992
137,281284335830626,4.639254810,3277872810,3277875623,281284358885336,281284359619821,4.678225051,23.789195
138,281284390205966,4.693630150,3278381242,3278383735,281284394867677,281284393519994,4.712125224,3.314028
139,281284412643932,4.716068116,3278889675,3278891887,281284426966908,281284427420233,4.746025463,14.776301
140,281284433602275,4.737026459,3279398107,3279400019,281284462871017,281284461320406,4.779925636,27.718131
141,281284471515696,4.774939880,3279906539,3279908160,281284494897078,281284495220579,4.813825809,23.704883
142,281284510974780,4.814398964,3280414971,3280418159,281284530874398,281284529120752,4.847725982,18.145972
143,281284537485674,4.840909858,3280923403,3280926309,281284562889403,281284563020924,4.881626154,25.535250
144,281284571236809,4.874660993,3281431835,3281434440,281284594918931,281284596921097,4.915526327,25.684288
145,281284609550325,4.912974509,3281940267,3281942555,281284630913831,281284630821270,4.949426500,21.270945
146,281284658617538,4.962041722,3282448699,3282450670,281284662970861,281284664721443,4.983326673,6.103905
147,281284686439171,4.989863355,3282957132,3282958803,281284698937394,281284698621682,5.017226912,12.182511
148,281284706124615,5.009548799,3283465564,3283468808,281284730928238,281284732521855,5.051127085,26.397240
149,281284749114423,5.052538607,3283973996,3283976947,281284767062605,281284766422028,5.085027258,17.307605
150,281284802637831,5.106062015,3284482428,3284485100,281284799018556,281284800322201,5.118927431,-2.315630
151,281284819211332,5.122635516,3284990860,3284993214,281284835005092,281284834222374,5.152827604,15.011042
152,281284841356177,5.144780361,3285499292,3285501338,281284866935064,281284868122547,5.186727777,26.766370
153,281284890059757,5.193483941,3286007724,3286009491,281284902987083,281284902022719,5.220627949,11.962962
154,281284930975182,5.234399366,3286516156,3286519474,281284935045358,281284935922892,5.254528122,4.947710
155,281284949426647,5.252850831,3287024589,3287027604,281284971035486,281284969823132,5.288428362,20.396485
156,281284979442045,5.282866229,3287533021,3287535730,281285002953676,281285003723305,5.322328535,24.281260
157,281285009578753,5.313002937,3288041453,3288043826,281285038923071,281285037623477,5.356228707,28.044724
158,281285056698143,5.360122327,3288549885,3288551959,281285070974452,281285071523650,5.390128880,14.825507
159,281285088542352,5.391966536,3289058317,3289060105,281285107043793,281285105423823,5.424029053,16.881471
160,281285113525038,5.416949222,3289566749,3289568273,281285138977036,281285139323996,5.457929226,25.798958
161,281285148777296,5.452201480,3290075181,3290078256,281285174970912,281285173224169,5.491829399,24.446873
162,281285186546272,5.489970456,3290583614,3290586331,281285207069475,281285207124408,5.525729638,20.578136
163,281285215098232,5.518522416,3291092046,3291094486,281285239141151,281285241024581,5.559629811,25.926349
164,281285250250727,5.553674911,3291600478,3291602642,281285275003097,281285274924754,5.593529984,24.674027
165,281285320493180,5.623917364,3292108910,3292110772,281285307024657,281285308824927,5.627430157,-11.668253
166,281285337145034,5.640569218,3292617342,3292618887,281285342982984,281285342725100,5.661330330,5.580066
167,281285353087741,5.656511925,3293125774,3293128868,281285375048957,281285376625272,5.695230502,23.537531
168,281285381458281,5.684882465,3293634206,3293636999,281285410988708,281285410525445,5.729130675,29.067164
169,281285438698614,5.742122798,3294142638,3294145109,281285443032253,281285444425618,5.763030848,5.727004
170,281285458233468,5.761657652,3294651071,3294653241,281285479081939,281285478325858,5.796931088,20.092390
171,281285485415902,5.788840086,3295159503,3295161370,281285511132741,281285512226030,5.830831260,26.810128
172,281285518059078,5.821483262,3295667935,3295669499,281285547056516,281285546126203,5.864731433,28.067125
173,281285573341650,5.876765834,3296176367,3296179501,281285579068357,281285580026376,5.898631606,6.684726
174,281285591443153,5.894867337,3296684799,3296687641,281285615109523,281285613926549,5.932531779,22.483396
175,281285624151164,5.927575348,3297193231,3297195742,281285647148043,281285647826722,5.966431952,23.675558
176,281285658022152,5.961446336,3297701663,3297703844,281285683064896,281285681726895,6.000332125,23.704743
177,281285728913059,6.032337243,3298210095,3298211957,281285715057294,281285715627067,6.034232297,-13.285992
178,281285747782761,6.051206945,3298718528,3298720087,281285751076189,281285749527307,6.068132537,1.744546
179,281285769558634,6.072982818,3299226960,3299230092,281285783175140,281285783427480,6.102032710,13.868846
180,281285789463525,6.092887709,3299735392,3299738195,281285819107593,281285817327653,6.135932883,27.864128
181,281285828164342,6.131588526,3300243824,3300246318,281285851064598,281285851227825,6.169833055,23.063483
182,281285869669272,6.173093456,3300752256,3300754446,281285883103531,281285885127998,6.203733228,15.458726
183,281285889280114,6.192704298,3301260688,3301262563,281285919127926,281285919028171,6.237633401,29.748057
184,281285932131561,6.235555745,3301769121,3301770687,281285951089124,281285952928411,6.271533641,20.796850
185,281286003353447,6.306777631,3302277553,3302280681,281285987096135,281285986828583,6.305433813,-16.524864
186,281286025896976,6.329321160,3302785985,3302788809,281286019195544,281286020728756,6.339333986,-5.168220
187,281286046147230,6.349571414,3303294417,3303296932,281286055114377,281286054628929,6.373234159,8.481699
188,281286064347858,6.367772042,3303802849,3303805031,281286087089605,281286088529102,6.407134332,24.181244
189,281286126619664,6.430043848,3304311281,3304313140,281286123207444,281286122429275,6.441034505,-4.190389
190,281286145154143,6.448578327,3304819713,3304821268,281286155142132,281286156329448,6.474934678,11.175305
191,281286170398462,6.473822646,3305328145,3305331243,281286191173608,281286190229620,6.508834850,19.831158
192,281286198090289,6.501514473,3305836577,3305839361,281286223127243,281286224129793,6.542735023,26.039504
193,281286255928425,6.559352609,3306345010,3306347512,281286259171714,281286258030033,6.576635263,2.101608
194,281286278562223,6.581986407,3306853442,3306855626,281286291161934,281286291930206,6.610535436,13.367983
195,281286302239386,6.605663570,3307361874,3307363736,281286327161359,281286325830378,6.644435608,23.590992
196,281286335291010,6.638715194,3307870306,3307871890,281286359180809,281286359730551,6.678335781,24.439541
197,281286401973667,6.705397851,3308378738,3308381871,281286395185681,281286393630724,6.712235954,-8.342943
198,281286421250145,6.724674329,3308887170,3308889980,281286427178499,281286427530897,6.746136127,6.280752
199,281286440857666,6.744281850,3309395602,3309398106,281286463227275,281286461431070,6.780036300,20.573404
200,281286469906162,6.773330346,3309904035,3309906249,281286495220061,281286495331309,6.813936539,25.425147
201,281286527478005,6.830902189,3310412467,3310414381,281286527169097,281286529231482,6.847836712,1.753477
202,281286546507959,6.849932143,3310920899,3310922495,281286563198811,281286563131655,6.881736885,16.623696
203,281286574323481,6.877747665,3311429331,3311432475,281286595239047,281286597031828,6.915637058,22.708347
204,281286603988924,6.907413108,3311937763,3311940617,281286631155628,281286630932001,6.949537231,26.943077
205,281286666239957,6.969664141,3312446195,3312448712,281286663181789,281286664832173,6.983437403,-1.407784
206,281286688829733,6.992253917,3312954627,3312956839,281286699177222,281286698732346,7.017337576,9.902613
207,281286706193142,7.009617326,3313463059,3313464966,281286731259624,281286732632519,7.051237749,26.439377
208,281286739173100,7.042597284,3313971492,3313973064,281286767202022,281286766532759,7.085137989,27.359659
209,281286818189389,7.121613573,3314479924,3314483092,281286799206676,281286800432931,7.119038161,-17.756458
210,281286843816903,7.147241087,3314988356,3314991232,281286835250662,281286834333104,7.152938334,-9.483799
211,281286866564842,7.169989026,3315496788,3315499348,281286867261871,281286868233277,7.186838507,1.668435
212,281286891608399,7.195032583,3316005220,3316007446,281286903213655,281286902133450,7.220738680,10.525051
213,281286963662412,7.267086596,3316513652,3316515584,281286935257727,281286936033623,7.254638853,-27.628789
214,281286987503296,7.290927480,3317022084,3317023704,281286971233059,281286969933796,7.288539026,-17.569500
215,281287007213684,7.310637868,3317530516,3317533688,281287003246728,281287003833968,7.322439198,-3.379716
216,281287030267480,7.333691664,3318038949,3318041800,281287039214874,281287037734208,7.356339438,7.466728
217,281287103945659,7.407369843,3318547381,3318549901,281287071259367,281287071634381,7.390239611,-32.311278
218,281287130439531,7.433863715,3319055813,3319058025,281287107275094,281287105534554,7.424139784,-24.904977
219,281287150539647,7.453963831,3319564245,3319566170,281287139249683,281287139434726,7.458039956,-11.104921
220,281287188925638,7.492349822,3320072677,3320074293,281287171289992,281287173334899,7.491940129,-15.590739
221,281287245085764,7.548509948,3320581109,3320584276,281287207242587,281287207235072,7.525840302,-37.850692
222,281287264608676,7.568032860,3321089541,3321092352,281287239319256,281287241135245,7.559740475,-23.473431
223,281287288460280,7.591884464,3321597974,3321600483,281287275272005,281287275035484,7.593640714,-13.424796
224,281287308231250,7.611655434,3322106406,3322108663,281287307325602,281287308935657,7.627540887,0.704407
225,281287342565900,7.645990084,3322614838,3322616774,281287343335767,281287342835830,7.661441060,0.269930
226,281287392308691,7.695732875,3323123270,3323124911,281287375276234,281287376736003,7.695341233,-15.572688
227,281287410691392,7.714115576,3323631702,3323634884,281287411267986,281287410636176,7.729241406,-0.055216
228,281287432819096,7.736243280,3324140134,3324142997,281287443293800,281287444536349,7.763141579,11.717253
229,281287471448241,7.774872425,3324648566,3324651109,281287479299842,281287478436521,7.797041751,6.988280
230,281287514888923,7.818313107,3325156998,3325159265,281287511294166,281287512336694,7.830941924,-2.552229
231,281287533114536,7.836538720,3325665431,3325667361,281287547356484,281287546236934,7.864842164,13.122398
232,281287554736760,7.858160944,3326173863,3326175467,281287579316298,281287580137107,7.898742337,25.400347
233,281287606644977,7.910069161,3326682295,3326685451,281287615343604,281287614037279,7.932642509,7.392302
234,281287648236543,7.951660727,3327190727,3327193596,281287647302129,281287647937452,7.966542682,-0.299091
235,281287677706644,7.981130828,3327699159,3327701718,281287683328999,281287681837625,8.000442855,4.130981
236,281287700068807,8.003492991,3328207591,3328209853,281287715318364,281287715737798,8.034343028,15.668991
237,281287744924946,8.048349130,3328716023,3328717967,281287751317937,281287749637971,8.068243201,4.713025
238,281287800382601,8.103806785,3329224455,3329226055,281287783365584,281287783538144,8.102143374,-16.844457
239,281287821076660,8.124500844,3329732888,3329736074,281287819314496,281287817438383,8.136043613,-3.638277
240,281287842533348,8.145957532,3330241320,3330244196,281287851369149,281287851338556,8.169943786,8.805208
241,281287890041810,8.193465994,3330749752,3330752286,281287883365606,281287885238729,8.203843959,-4.803081
242,281287925161901,8.228586085,3331258184,3331260423,281287919378080,281287919138902,8.237744132,-6.022999
243,281287948878229,8.252302413,3331766616,3331768577,281287951406458,281287953039074,8.271644304,4.160845
244,281287976356405,8.279780589,3332275048,3332276713,281287987363408,281287986939247,8.305544477,10.582842
245,281288017195169,8.320619353,3332783481,3332786710,281288019379562,281288020839487,8.339444717,3.644318
246,281288058013774,8.361437958,3333291913,3333294817,281288055360654,281288054739660,8.373344890,-3.274114
247,281288079149646,8.382573830,3333800345,3333802938,281288087414466,281288088639832,8.407245062,9.490186
248,281288100887432,8.404311616,3334308777,3334311029,281288123406998,281288122540005,8.441145235,21.652573
249,281288147833190,8.451257374,3334817209,3334819157,281288155437005,281288156440178,8.475045408,8.606988
250,281288194250854,8.497675038,3335325641,3335327254,281288191377007,281288190340351,8.508945581,-3.910503
251,281288217683329,8.521107513,3335834073,3335837276,281288223398970,281288224240524,8.542845754,6.557195
252,281288238976838,8.542401022,3336342505,3336345410,281288259393385,281288258140697,8.576745927,19.163859
253,281288284815547,8.588239731,3336850937,3336853554,281288291541730,281288292040869,8.610646099,7.225322
254,281288331608441,8.635032625,3337359370,3337361652,281288327387119,281288325941109,8.644546339,-5.667332
255,281288349775051,8.653199235,3337867802,3337869770,281288359457680,281288359841282,8.678446512,10.066231
256,281288378770782,8.682194966,3338376234,3338377855,281288395399090,281288393741455,8.712346685,14.970673
257,281288418318529,8.721742713,3338884666,3338887856,281288427440945,281288427641627,8.746246857,9.323098
258,281288471058882,8.774483066,3339393098,3339396015,281288463412029,281288461541800,8.780147030,-9.517082
259,281288490946674,8.794370858,3339901530,3339904142,281288495467403,281288495441973,8.814047203,4.495299
260,281288515574919,8.818999103,3340409962,3340412252,281288527445004,281288529342146,8.847947376,13.767227
261,281288549892285,8.853316469,3340918395,3340920343,281288563439940,281288563242385,8.881847615,13.350100
262,281288615240465,8.918664649,3341426827,3341428510,281288595501298,281288597142558,8.915747788,-18.097907
263,281288640770913,8.944195097,3341935259,3341938496,281288631470019,281288631042731,8.949647961,-9.728182
264,281288666990444,8.970414628,3342443691,3342446593,281288663464527,281288664942904,8.983548134,-2.047540
265,281288690592368,8.994016552,3342952123,3342954723,281288699490120,281288698843077,9.017448307,8.250709
266,281288707268691,9.010692875,3343460555,3343462871,281288731491317,281288732743250,9.051348480,25.474559
267,281288754357733,9.057781917,3343968987,3343970995,281288767473506,281288766643422,9.085248652,12.285689
268,281288778998760,9.082422944,3344477419,3344479112,281288799488901,281288800543595,9.119148825,21.544835
269,281288806145466,9.109569650,3344985852,3344989074,281288835540734,281288834443835,9.153049065,28.298369
270,281288845735146,9.149159330,3345494284,3345497215,281288867512206,281288868344008,9.186949238,22.608862
271,281288916945468,9.220369652,3346002716,3346005353,281288903517049,281288902244180,9.220849410,-14.701288
272,281288936434032,9.239858216,3346511148,3346513469,281288935492358,281288936144353,9.254749583,-0.289679
273,281288965651984,9.269076168,3347019580,3347021616,281288971492799,281288970044526,9.288649756,4.392542
274,281288989926221,9.293350405,3347528012,3347529764,281289003504906,281289003944699,9.322549929,14.018478
275,281289049539894,9.352964078,3348036444,3348039759,281289039632860,281289037844872,9.356450102,-11.695022
276,281289075195287,9.378619471,3348544876,3348547878,281289071636204,281289071745045,9.390350275,-3.450242
277,281289101931012,9.405355196,3349053309,3349055995,281289107495722,281289105645284,9.424250514,3.714272
278,281289122772401,9.426196585,3349561741,3349564131,281289139518364,281289139545457,9.458150687,16.773056
279,281289188183060,9.491607244,3350070173,3350072252,281289171590812,281289173445630,9.492050860,-14.737430
280,281289206231796,9.509655980,3350578605,3350580361,281289207581634,281289207345803,9.525951033,1.114007
281,281289226273381,9.529697565,3351087037,3351088511,281289239689369,281289241245975,9.559851205,14.972594
282,281289247326256,9.550750440,3351595469,3351598496,281289275548490,281289275146148,9.593751378,27.819892
283,281289324997548,9.628421732,3352103901,3352106648,281289307550107,281289309046321,9.627651551,-15.951227
284,281289349604032,9.653028216,3352612334,3352614751,281289343633166,281289342946561,9.661551791,-6.657471
285,281289373284557,9.676708741,3353120766,3353122882,281289375674081,281289376846733,9.695451963,3.562176
286,281289397645290,9.701069474,3353629198,3353630965,281289411587127,281289410746906,9.729352136,13.101616
287,281289457746668,9.761170852,3354137630,3354139094,281289443681949,281289444647079,9.763252309,-13.099589
288,281289489279940,9.792704124,3354646062,3354649090,281289479626692,281289478547252,9.797152482,-10.732688
289,281289510232699,9.813656883,3355154494,3355157220,281289511587857,281289512447425,9.831052655,2.214726
290,281289531400369,9.834824553,3355662926,3355665330,281289547592608,281289546347598,9.864952828,14.947229
291,281289588344141,9.891768325,3356171358,3356173416,281289579675967,281289580247770,9.898853000,-8.096371
292,281289612398689,9.915822873,3356679791,3356681535,281289615595265,281289614148010,9.932753240,1.749321
293,281289634432477,9.937856661,3357188223,3357191546,281289647668167,281289648048183,9.966653413,13.615706
294,281289658825128,9.962249312,3357696655,3357699649,281289683589367,281289681948356,10.000553586,23.123228
295,281289734051379,10.037475563,3358205087,3358207782,281289715597251,281289715848528,10.034453758,-18.202851
296,281289755478749,10.058902933,3358713519,3358715915,281289751698803,281289749748701,10.068353931,-5.730048
297,281289778454666,10.081878850,3359221951,3359224017,281289783628335,281289783648874,10.102254104,5.194208
298,281289799447441,10.102871625,3359730383,3359732153,281289815627597,281289817549047,10.136154277,18.101606
299,281289832246636,10.135670820,3360238815,3360240288,281289851689634,281289851449220,10.170054450,19.202584
300,281289891540303,10.194964487,3360747248,3360750268,281289883759652,281289885349459,10.203954689,-6.190844
301,281289911258887,10.214683071,3361255680,3361258402,281289919655770,281289919249632,10.237854862,7.990745
302,281289928802117,10.232226301,3361764112,3361766540,281289951676745,281289953149805,10.271755035,24.347688
303,281289960837691,10.264261875,3362272544,3362274679,281289987787828,281289987049978,10.305655208,26.212287
304,281289994334955,10.297759139,3362780976,3362782793,281290019648764,281290020950151,10.339555381,26.615196
305,281290033573711,10.336997895,3363289408,3363290916,281290055716734,281290054850323,10.373455553,21.276612
306,281290063592684,10.367016868,3363797840,3363800927,281290087662225,281290088750496,10.407355726,25.157812
307,281290108169334,10.411593518,3364306273,3364309056,281290123704059,281290122650736,10.441255966,14.481402
308,281290129628573,10.433052757,3364814705,3364817188,281290155717199,281290156550909,10.475156139,26.922336
309,281290166812431,10.470236615,3365323137,3365325313,281290191658446,281290190451081,10.509056311,23.638650
310,281290200582707,10.504006891,3365831569,3365833440,281290223717316,281290224351254,10.542956484,23.768547
311,281290243581558,10.547005742,3366340001,3366341548,281290259778998,281290258251427,10.576856657,14.669869
312,281290266195569,10.569619753,3366848433,3366851519,281290291689848,281290292151600,10.610756830,25.956031
313,281290306711831,10.610136015,3367356865,3367359647,281290327777429,281290326051773,10.644657003,19.339942
314,281290336034906,10.639459090,3367865297,3367867764,281290359734651,281290359951946,10.678557176,23.917040
315,281290376820519,10.680244703,3368373730,3368375849,281290395672305,281290393852185,10.712457415,17.031666
316,281290400546945,10.703971129,3368882162,3368883976,281290427703389,281290427752358,10.746357588,27.205413
317,281290447536029,10.750960213,3369390594,3369392110,281290459793449,281290461652531,10.780257761,14.116502
318,281290472543488,10.775967672,3369899026,3369902102,281290495712872,281290495552704,10.814157934,23.009216
319,281290517729468,10.821153652,3370407458,3370410236,281290527781685,281290529452876,10.848058106,11.723408
320,281290539266872,10.842691056,3370915890,3370918327,281290563730317,281290563353049,10.881958279,24.086177
321,281290585526441,10.888950625,3371424322,3371426482,281290595742582,281290597253222,10.915858452,11.726781
322,281290607092799,10.910516983,3371932755,3371934620,281290631743214,281290631153462,10.949758692,24.060663
323,281290640248753,10.943672937,3372441187,3372442745,281290663746378,281290665053634,10.983658864,24.804881
324,281290673836147,10.977260331,3372949619,3372952712,281290699746656,281290698953807,11.017559037,25.117660
325,281290716766311,11.020190495,3373458051,3373460819,281290731908218,281290732853980,11.051459210,16.087669
326,281290737909467,11.041333651,3373966483,3373968948,281290767784829,281290766754153,11.085359383,28.844686
327,281290778271408,11.081695592,3374474915,3374477075,281290799899550,281290800654326,11.119259556,22.382918
328,281290809383031,11.112807215,3374983347,3374985218,281290835769457,281290834554499,11.153159729,25.171468
329,281290845618667,11.149042851,3375491779,3375493360,281290867826767,281290868454671,11.187059901,22.836004
330,281290874808099,11.178232283,3376000212,3376003366,281290903751785,281290902354911,11.220960141,27.546812
331,281290926934742,11.230358926,3376508644,3376511534,281290935820397,281290936255084,11.254860314,9.320342
332,281290974897938,11.278322122,3377017076,3377019608,281290971825449,281290970155257,11.288760487,-4.742681
333,281290996310937,11.299735121,3377525508,3377527749,281291003805695,281291004055429,11.322660659,7.744492
334,281291013679219,11.317103403,3378033940,3378035861,281291039771057,281291037955602,11.356560832,24.276383
335,281291052526707,11.355950891,3378542372,3378544000,281291071857319,281291071855775,11.390461005,19.329068
336,281291102146175,11.405570359,3379050804,3379054006,281291103873414,281291105755948,11.424361178,3.609773
337,281291118783560,11.422207744,3379559236,3379562105,281291139841227,281291139656121,11.458261351,20.872561
338,281291147024335,11.450448519,3380067669,3380070255,281291171867309,281291173556360,11.492161590,26.532025
339,281291196088731,11.499512915,3380576101,3380578342,281291207838025,281291207456533,11.526061763,11.367802
340,281291234301276,11.537725460,3381084533,3381086503,281291239853711,281291241356706,11.559961936,7.055430
341,281291251344295,11.554768479,3381592965,3381594607,281291275859990,281291275256879,11.593862109,23.912584
342,281291285293957,11.588718141,3382101397,3382104582,281291307849784,281291309157052,11.627762282,23.863095
343,281291321255033,11.624679217,3382609829,3382612713,281291343945244,281291343057224,11.661662454,21.802191
344,281291360704764,11.664128948,3383118261,3383120866,281291375955803,281291376957397,11.695562627,16.252633
345,281291382316314,11.685740498,3383626694,3383629002,281291411853690,281291410857637,11.729462867,28.541323
346,281291423306179,11.726730363,3384135126,3384137115,281291443854562,281291444757810,11.763363040,21.451631
347,281291485897056,11.789321240,3384643558,3384645265,281291479851510,281291478657982,11.797263212,-7.239074
348,281291510225275,11.813649459,3385151990,3385155230,281291511906410,281291512558155,11.831163385,2.332880
349,281291530876478,11.834300662,3385660422,3385663360,281291547854862,281291546458328,11.865063558,15.581850
350,281291557994303,11.861418487,3386168854,3386171445,281291579876254,281291580358501,11.898963731,22.364198
351,281291619706043,11.923130227,3386677286,3386679575,281291615885609,281291614258674,11.932863904,-5.447369
352,281291639105186,11.942529370,3387185718,3387187700,281291647907485,281291648158847,11.966764077,9.053661
353,281291659540394,11.962964578,3387694151,3387695818,281291683982656,281291682059086,12.000664316,22.518692
354,281291687456051,11.990880235,3388202583,3388205851,281291716034499,281291715959259,12.034564489,28.503208
355,281291743617471,12.047041655,3388711015,3388713976,281291747932211,281291749859432,12.068464662,6.241961
356,281291768152337,12.071576521,3389219447,3389222100,281291783964459,281291783759605,12.102364835,15.607268
357,281291790697045,12.094121229,3389727879,3389730239,281291816032177,281291817659777,12.136265007,26.962732
358,281291828609594,12.132033778,3390236311,3390238363,281291851911207,281291851559950,12.170165180,22.950356
359,281291909975640,12.213399824,3390744743,3390746471,281291883987956,281291885460123,12.204065353,-24.515517
360,281291929898226,12.233322410,3391253175,3391256487,281291919961155,281291919360296,12.237965526,-10.537930
361,281291955776316,12.259200500,3391761608,3391764587,281291951970500,281291953260535,12.271865765,-2.515781
362,281291978581782,12.282005966,3392270040,3392272701,281291987945807,281291987160708,12.305765938,8.578926
363,281292039574402,12.342998586,3392778472,3392780843,281292019963209,281292021060881,12.339666111,-18.513521
364,281292061911684,12.365335868,3393286904,3393288935,281292055946089,281292054961054,12.373566284,-6.950630
365,281292084218121,12.387642305,3393795336,3393797057,281292087947701,281292088861227,12.407466457,4.643106
366,281292105912713,12.409336897,3394303768,3394307047,281292123921056,281292122761400,12.441366630,16.848687
367,281292133883756,12.437307940,3394812201,3394815201,281292155975422,281292156661639,12.475266869,22.777883
368,281292185289314,12.488713498,3395320633,3395323354,281292191974622,281292190561812,12.509167042,5.272498
369,281292203504446,12.506928630,3395829065,3395831474,281292224129438,281292224461985,12.543067215,20.957539
370,281292234069548,12.537493732,3396337497,3396339600,281292260020230,281292258362158,12.576967388,24.292610
371,281292276652253,12.580076437,3396845929,3396847741,281292292043616,281292292262330,12.610867560,15.610077
372,281292316436827,12.619861011,3397354361,3397355827,281292328082587,281292326162503,12.644767733,9.725676
373,281292337583315,12.641007499,3397862793,3397865823,281292360157937,281292360062676,12.678667906,22.479361
374,281292368712026,12.672136210,3398371225,3398373968,281292392019611,281292393962849,12.712568079,25.250823
375,281292408187542,12.711611726,3398879657,3398882085,281292428061744,281292427863022,12.746468252,19.675480
376,281292451122496,12.754546680,3399388090,3399390206,281292460060355,281292461763261,12.780368491,10.640765
377,281292473058529,12.776482713,3399896522,3399898315,281292496135263,281292495663434,12.814268664,22.604905
378,281292502873612,12.806297796,3400404954,3400406446,281292528050277,281292529563607,12.848168837,26.689995
379,281292538973216,12.842397400,3400913386,3400916423,281292564021422,281292563463780,12.882069010,24.490564
380,281292576783907,12.880208091,3401421818,3401424580,281292596141288,281292597363953,12.915969183,20.580046
381,281292603099615,12.906523799,3401930250,3401932681,281292632118768,281292631264125,12.949869355,28.164510
382,281292643658804,12.947082988,3402438682,3402440807,281292664068626,281292665164298,12.983769528,21.505494
383,281292720877902,13.024302086,3402947115,3402948949,281292700068240,281292699064538,13.017669768,-21.813364
384,281292740948294,13.044372478,3403455547,3403457083,281292732058410,281292732964711,13.051569941,-7.983583
385,281292760235564,13.063659748,3403963979,3403967082,281292768048621,281292766864883,13.085470113,6.629319
386,281292780084825,13.083509009,3404472411,3404475212,281292800047400,281292800765056,13.119370286,20.680231
387,281292815416813,13.118840997,3404980843,3404983325,281292836074086,281292834665229,13.153270459,19.248416
388,281292854415415,13.157839599,3405489275,3405491452,281292868080972,281292868565402,13.187170632,14.149987
389,281292876881736,13.180305920,3405997707,3405999595,281292904072301,281292902465575,13.221070805,25.583839
390,281292913522447,13.216946631,3406506139,3406507704,281292936106849,281292936365748,13.254970978,22.843301
391,281292985127363,13.288551547,3407014572,3407017693,281292972156703,281292970265987,13.288871217,-14.861376
392,281293005325230,13.308749414,3407523004,3407525835,281293004161510,281293004166160,13.322771390,-1.159070
393,281293024482236,13.327906420,3408031436,3408033970,281293036107726,281293038066333,13.356671563,13.584097
394,281293044919983,13.348344167,3408539868,3408542110,281293072130917,281293071966506,13.390571736,27.046523
395,281293112789334,13.416213518,3409048300,3409050209,281293104199387,281293105866678,13.424471908,-6.922656
396,281293129816912,13.433241096,3409556732,3409558357,281293140183462,281293139766851,13.458372081,9.949939
397,281293146257788,13.449681972,3410065164,3410068343,281293172115820,281293173667024,13.492272254,27.409236
398,281293178905212,13.482329396,3410573596,3410576471,281293208148883,281293207567197,13.526172427,28.661985
399,281293215601719,13.519025903,3411082029,3411084596,281293240127858,281293241467436,13.560072666,25.865717
400,281293252652072,13.556076256,3411590461,3411592695,281293276179951,281293275367609,13.593972839,22.715537
401,281293282843766,13.586267950,3412098893,3412100834,281293308273934,281293309267782,13.627873012,26.424016
402,281293316450478,13.619874662,3412607325,3412608931,281293344140401,281293343167955,13.661773185,26.717477
403,281293376598598,13.680022782,3413115757,3413118921,281293376202397,281293377068128,13.695673358,0.469530
404,281293397806422,13.701230606,3413624189,3413627054,281293412257463,281293410968301,13.729573531,13.161879
405,281293418925872,13.722350056,3414132621,3414135199,281293444139151,281293444868473,13.763473703,25.942601
406,281293451746034,13.755170218,3414641054,3414643320,281293480178709,281293478768713,13.797373943,27.022679
407,281293514083930,13.817508114,3415149486,3415151466,281293512134393,281293512668886,13.831274116,-1.415044
408,281293534869403,13.838293587,3415657918,3415659586,281293548211023,281293546569059,13.865174289,11.699656
409,281293554413001,13.857837185,3416166350,3416169592,281293580321125,281293580469231,13.899074461,26.056230
410,281293587196217,13.890620401,3416674782,3416677669,281293616224165,281293614369404,13.932974634,27.173187
411,281293641070882,13.944495066,3417183214,3417185822,281293648203550,281293648269577,13.966874807,7.198695
412,281293660543313,13.963967497,3417691646,3417693937,281293680248945,281293682169750,14.000774980,21.626437
413,281293686648811,13.990072995,3418200078,3418202060,281293716176475,281293716069923,14.034675153,29.421112
414,281293724155483,14.027579667,3418708511,3418710161,281293748189678,281293749970162,14.068575392,25.814679
415,281293782645758,14.086069942,3419216943,3419220179,281293784242965,281293783870335,14.102475565,1.224577
416,281293803416139,14.106840323,3419725375,3419728289,281293816220769,281293817770508,14.136375738,14.354369
417,281293823076474,14.126500658,3420233807,3420236440,281293852286997,281293851670681,14.170275911,28.594207
418,281293864085810,14.167509994,3420742239,3420744597,281293884208081,281293885570854,14.204176084,21.485044
419,281293940171193,14.243595377,3421250671,3421252673,281293920224360,281293919471026,14.238076256,-20.700167
420,281293963225630,14.266649814,3421759103,3421760771,281293952230014,281293953371199,14.271976429,-9.854431
421,281293989312263,14.292736447,3422267535,3422270806,281293988202989,281293987271372,14.305876602,-2.040891
422,281294012295490,14.315719674,3422775968,3422778967,281294020237845,281294021171612,14.339776842,8.876122
423,281294082433597,14.385857781,3423284400,3423287087,281294056233172,281294055071784,14.373677014,-27.361813
424,281294102610091,14.406034275,3423792832,3423795178,281294088223922,281294088971957,14.407577187,-13.638134
425,281294122931465,14.426355649,3424301264,3424303317,281294124332125,281294122872130,14.441477360,-0.059335
426,281294143085272,14.446509456,3424809696,3424811458,281294156271169,281294156772303,14.475377533,13.687031
427,281294226425832,14.529850016,3425318128,3425319596,281294192288534,281294190672476,14.509277706,-35.753356
428,281294248398233,14.551822417,3425826561,3425829590,281294224300375,281294224572715,14.543177945,-23.825518
429,281294268587929,14.572012113,3426334993,3426337719,281294260322241,281294258472888,14.577078118,-10.115041
430,281294287742603,14.591166787,3426843425,3426845853,281294292269589,281294292373061,14.610978291,4.630458
431,281294323949985,14.627374169,3427351857,3427353988,281294324285181,281294326273234,14.644878464,2.323249
432,281294358099713,14.661523897,3427860289,3427862114,281294360337975,281294360173407,14.678778637,2.073694
433,281294379724374,14.683148558,3428368721,3428370224,281294392351009,281294394073580,14.712678810,14.349206
434,281294400671435,14.704095619,3428877153,3428880209,281294428332641,281294427973752,14.746578982,27.302317
435,281294435379706,14.738803890,3429385585,3429388309,281294460302133,281294461873925,14.780479155,26.494219
436,281294467830267,14.771254451,3429894017,3429896445,281294496322001,281294495774098,14.814379328,27.943831
437,281294514701687,14.818125871,3430402450,3430404562,281294528385732,281294529674338,14.848279568,14.972651
438,281294537462592,14.840886776,3430910882,3430912704,281294564284277,281294563574510,14.882179740,26.111918
439,281294591586156,14.895010340,3431419314,3431420823,281294596352351,281294597474683,14.916079913,5.888527
440,281294613925657,14.917349841,3431927746,3431930833,281294632351845,281294631374856,14.949980086,17.449199
441,281294655918466,14.959342650,3432436178,3432438961,281294664312634,281294665275029,14.983880259,9.356563
442,281294674198230,14.977622414,3432944610,3432947055,281294700326988,281294699175202,15.017780432,24.976972
443,281294713621751,15.017045935,3433453042,3433455185,281294732314101,281294733075374,15.051680604,19.453623
444,281294739924275,15.043348459,3433961475,3433963307,281294768336893,281294766975614,15.085580844,27.051339
445,281294783988012,15.087412196,3434469907,3434471433,281294800317307,281294800875787,15.119481017,16.887775
446,281294816862837,15.120287021,3434978339,3434981448,281294836372074,281294834775960,15.153381190,17.913123
447,281294842787811,15.146211995,3435486771,3435489537,281294868381990,281294868676132,15.187281362,25.888321
448,281294876551470,15.179975654,3435995203,3435997701,281294904337858,281294902576305,15.221181535,26.024835
449,281294932191036,15.235615220,3436503635,3436505813,281294936395493,281294936476478,15.255081708,4.285442
450,281294951067788,15.254491972,3437012067,3437013944,281294968432835,281294970376651,15.288981881,19.308863
451,281294981061467,15.284485651,3437520499,3437522098,281295004423387,281295004276824,15.322882054,23.215357
452,281295012719352,15.316143536,3438028932,3438032120,281295036364745,281295038177063,15.356782293,25.457711
453,281295079770198,15.383194382,3438537364,3438540232,281295072401422,281295072077236,15.390682466,-7.692962
454,281295102813363,15.406237547,3439045796,3439048356,281295104421737,281295105977409,15.424582639,3.164046
455,281295123465089,15.426889273,3439554228,3439556488,281295140482128,281295139877582,15.458482812,16.412493
456,281295148259403,15.451683587,3440062660,3440064614,281295172382737,281295173777755,15.492382985,25.518352
457,281295225384349,15.528808533,3440571092,3440572763,281295208389575,281295207677928,15.526283158,-17.706421
458,281295245006851,15.548431035,3441079524,3441082748,281295240450229,281295241578100,15.560183330,-3.428751
459,281295264837333,15.568261517,3441587956,3441590866,281295276396250,281295275478273,15.594083503,10.640940
460,281295292724770,15.596148954,3442096389,3442098984,281295308390533,281295309378513,15.627983743,16.653743
461,281295356225611,15.659649795,3442604821,3442607084,281295344444780,281295343278686,15.661883916,-12.946925
462,281295389007968,15.692432152,3443113253,3443115186,281295376437595,281295377178858,15.695784088,-11.829110
463,281295411283234,15.714707418,3443621685,3443623318,281295412447241,281295411079031,15.729684261,-0.204203
464,281295437052329,15.740476513,3444130117,3444133290,281295444422296,281295444979204,15.763584434,7.926875
465,281295505596321,15.809020505,3444638549,3444641423,281295480472221,281295478879377,15.797484607,-26.716944
466,281295526608574,15.830032758,3445146981,3445149574,281295512574869,281295512779550,15.831384780,-13.829024
467,281295544301912,15.847726096,3445655414,3445657689,281295548453325,281295546679789,15.865285019,2.377877
468,281295570829175,15.874253359,3446163846,3446165833,281295580459263,281295580579962,15.899185192,9.750787
469,281295625959804,15.929383988,3446672278,3446673990,281295612455449,281295614480135,15.933085365,-11.479669
470,281295645492755,15.948916939,3447180710,3447183999,281295648499128,281295648380308,15.966985538,2.887553
471,281295663774399,15.967198583,3447689142,3447692079,281295680460127,281295682280480,16.000885710,18.506081
472,281295686418739,15.989842923,3448197574,3448200238,281295716486527,281295716180653,16.034785883,29.761914
473,281295753811256,16.057235440,3448706006,3448708348,281295748459487,281295750080826,16.068686056,-3.730430
474,281295776125573,16.079549757,3449214438,3449216500,281295784472050,281295783980999,16.102586229,7.855426
475,281295797187274,16.100611458,3449722871,3449724621,281295816475251,281295817881239,16.136486469,20.693965
476,281295822648089,16.126072273,3450231303,3450232767,281295852470443,281295851781411,16.170386641,29.133322
477,281295883621125,16.187045309,3450739735,3450742718,281295884527620,281295885681584,16.204286814,2.060459
478,281295901761554,16.205185738,3451248167,3451250844,281295920524919,281295919581757,16.238186987,17.820203
479,281295928801764,16.232225948,3451756599,3451758953,281295952607767,281295953481930,16.272087160,24.680166
480,281295961243122,16.264667306,3452265031,3452267124,281295988483822,281295987382103,16.305987333,26.138981
481,281296031992851,16.335417035,3452773463,3452775224,281296020489148,281296021282276,16.339887506,-10.710575
482,281296053281001,16.356705185,3453281895,3453285218,281296056570874,281296055182448,16.373787678,1.901447
483,281296073945295,16.377369479,3453790328,3453793345,281296088592556,281296089082688,16.407687918,15.137393
484,281296095900825,16.399325009,3454298760,3454301494,281296124561989,281296122982861,16.441588091,27.082036
485,281296131241642,16.434665826,3454807192,3454809605,281296156590113,281296156883034,16.475488264,25.641392
486,281296173033010,16.476457194,3455315624,3455317725,281296192521624,281296190783206,16.509388436,17.750196
487,281296198921891,16.502346075,3455824056,3455825840,281296224669842,281296224683379,16.543288609,25.761488
488,281296234652876,16.538077060,3456332488,3456333984,281296256550759,281296258583552,16.577188782,23.930676
489,281296291948938,16.595373122,3456840921,3456843960,281296292639884,281296292483792,16.611089022,0.534854
490,281296309668872,16.613093056,3457349353,3457352090,281296324680541,281296326383964,16.644989194,16.715092
491,281296330974835,16.634399019,3457857785,3457860208,281296360552676,281296360284137,16.678889367,29.309302
492,281296367076096,16.670500280,3458366217,3458368316,281296392567216,281296394184310,16.712789540,27.108214
493,281296422113678,16.725537862,3458874649,3458876460,281296428566125,281296428084483,16.746689713,5.970805
494,281296440779973,16.744204157,3459383081,3459384579,281296460667466,281296461984656,16.780589886,21.204683
495,281296467530154,16.770954338,3459891513,3459894585,281296496679620,281296495884829,16.814490059,28.354675
496,281296506451593,16.809875777,3460399945,3460402706,281296528583269,281296529785001,16.848390231,23.333408
497,281296557621287,16.861045471,3460908377,3460910887,281296564576974,281296563685174,16.882290404,6.063887
498,281296581354355,16.884778539,3461416810,3461418991,281296596631663,281296597585414,16.916190644,16.231059
499,281296603196671,16.906620855,3461925242,3461927103,281296632668598,281296631485587,16.950090817,28.288916
500,281296645469085,16.948893269,3462433674,3462435213,281296664614677,281296665385759,16.983990989,19.916674
501,281296701504721,17.004928905,3462942106,3462945210,281296700688509,281296699285932,17.017891162,-2.218789
502,281296721897761,17.025321945,3463450538,3463453333,281296732627126,281296733186105,17.051791335,11.288344
503,281296743226895,17.046651079,3463958970,3463961474,281296768715638,281296767086278,17.085691508,23.859383
504,281296775881880,17.079306064,3464467402,3464469596,281296800638557,281296800986451,17.119591681,25.104571
505,281296824169136,17.127593320,3464975835,3464977717,281296836739641,281296834886690,17.153491920,10.717554
506,281296842728410,17.146152594,3465484267,3465485819,281296868602469,281296868786863,17.187392093,26.058453
507,281296875567089,17.178991273,3465992699,3465995801,281296904704456,281296902687036,17.221292266,27.119947
508,281296908516738,17.211940922,3466501131,3466503928,281296936653667,281296936587209,17.255192439,28.070471
509,281296966085071,17.269509255,3467009563,3467012075,281296968643283,281296970487382,17.289092612,4.402311
510,281296983764206,17.287188390,3467517995,3467520190,281297004654873,281297004387554,17.322992784,20.623348
511,281297011385377,17.314809561,3468026427,3468028331,281297036681566,281297038287727,17.356892957,26.902350
512,281297046941708,17.350365892,3468534859,3468536446,281297072770150,281297072187900,17.390793130,25.246192
513,281297092349193,17.395773377,3469043292,3469046454,281297104773364,281297106088140,17.424693370,13.738947
514,281297110962498,17.414386682,3469551724,3469554565,281297140648672,281297139988312,17.458593542,29.025814
515,281297147925632,17.451349816,3470060156,3470062701,281297172765715,281297173888485,17.492493715,25.962853
516,281297179167654,17.482591838,3470568588,3470570833,281297208697065,281297207788658,17.526393888,28.621004
517,281297247290462,17.550714646,3471077020,3471078985,281297240707787,281297241688831,17.560294061,-5.601631
518,281297269873509,17.573297693,3471585452,3471587115,281297276693697,281297275589004,17.594194234,5.715495
519,281297292295420,17.595719604,3472093884,3472097100,281297308679508,281297309489177,17.628094407,17.193757
520,281297315359239,17.618783423,3472602316,3472605208,281297344698607,281297343389349,17.661994579,28.030110
521,281297385707392,17.689131576,3473110749,3473113297,281297376717809,281297377289589,17.695894819,-8.417803
522,281297404145854,17.707570038,3473619181,3473621445,281297412697686,281297411189762,17.729794992,7.043908
523,281297422967630,17.726391814,3474127613,3474129541,281297444717381,281297445089935,17.763695165,22.122305
524,281297457127330,17.760551514,3474636045,3474637667,281297480784152,281297478990107,17.797595337,21.862777
525,281297488010644,17.791434828,3475144477,3475147638,281297512803496,281297512890280,17.831495510,24.879636
526,281297540393587,17.843817771,3475652909,3475655769,281297548680327,281297546790453,17.865395683,6.396866
527,281297562068998,17.865493182,3476161341,3476163920,281297580738588,281297580690626,17.899295856,18.621628
528,281297589811188,17.893235372,3476669774,3476672021,281297612727414,281297614590865,17.933196095,24.779677
529,281297630428637,17.933852821,3477178206,3477180122,281297648711627,281297648491038,17.967096268,18.062401
530,281297679294863,17.982719047,3477686638,3477688240,281297680732101,281297682391211,18.000996441,3.096348
531,281297698778966,18.002203150,3478195070,3478198250,281297716772206,281297716291384,18.034896614,17.512418
532,281297731201956,18.034626140,3478703502,3478706357,281297748853016,281297750191557,18.068796787,18.989601
533,281297755562824,18.058987008,3479211934,3479214459,281297784781292,281297784091730,18.102696960,28.528906
534,281297790978848,18.094403032,3479720366,3479722573,281297816802050,281297817991902,18.136597132,27.013054
535,281297840578436,18.144002620,3480228798,3480230723,281297852791957,281297851892075,18.170497305,11.313639
536,281297862804472,18.166228656,3480737231,3480738839,281297884778102,281297885792315,18.204397545,22.987843
537,281297891943729,18.195367913,3481245663,3481248828,281297920774205,281297919692488,18.238297718,27.748759
538,281297932711232,18.236135416,3481754095,3481756969,281297952768427,281297953592660,18.272197890,20.881428
539,281297993721533,18.297145717,3482262527,3482265114,281297988761116,281297987492833,18.306098063,-6.228700
540,281298015666432,18.319090616,3482770959,3482773249,281298020807309,281298021393006,18.339998236,5.726574
541,281298043343284,18.346767468,3483279391,3483281302,281298056879450,281298055293179,18.373898409,11.949895
542,281298063893843,18.367318027,3483787823,3483789432,281298088783532,281298089193352,18.407798582,25.299509
543,281298125565974,18.428990158,3484296255,3484299428,281298124871240,281298123093525,18.441698755,-2.472449
544,281298148190428,18.451614612,3484804688,3484807556,281298156804239,281298156993764,18.475598994,8.803336
545,281298166710675,18.470134859,3485313120,3485315701,281298192796929,281298190893937,18.509499167,24.183262
546,281298195309798,18.498733982,3485821552,3485823803,281298224931589,281298224794110,18.543399340,29.484312
547,281298249251781,18.552675965,3486329984,3486331924,281298256827587,281298258694283,18.577299513,9.442502
548,281298275169444,18.578593628,3486838416,3486840049,281298292809921,281298292594455,18.611199685,17.425011
549,281298299056094,18.602480278,3487346848,3487350057,281298324932032,281298326494628,18.645099858,27.438534
550,281298338266790,18.641690974,3487855280,3487858162,281298360826541,281298360394801,18.679000031,22.128011
551,281298407463295,18.710887479,3488363713,3488366275,281298392868221,281298394295041,18.712900271,-13.168254
552,281298429411135,18.732835319,3488872145,3488874391,281298428929155,281298428195213,18.746800443,-1.215922
553,281298450099016,18.753523200,3489380577,3489382508,281298460861063,281298462095386,18.780700616,11.996370
554,281298474211568,18.777635752,3489889009,3489890633,281298496838267,281298495995559,18.814600789,21.783991
555,281298505793098,18.809217282,3490397441,3490400609,281298528898373,281298529895732,18.848500962,24.102634
556,281298550426696,18.853850880,3490905873,3490908755,281298564867683,281298563795905,18.882401135,13.369209
557,281298575272045,18.878696229,3491414305,3491416930,281298596912979,281298597696078,18.916301308,22.424033
558,281298606747485,18.910171669,3491922737,3491925038,281298632851920,281298631596250,18.950201480,24.848765
559,281298650578790,18.954002974,3492431170,3492433159,281298664933992,281298665496490,18.984101720,14.917700
560,281298695262804,18.998686988,3492939602,3492941293,281298700864173,281298699396663,19.018001893,4.133859
561,281298712394374,19.015818558,3493448034,3493451268,281298732882314,281298733296836,19.051902066,20.902462
562,281298739114153,19.042538337,3493956466,3493959383,281298768861793,281298767197008,19.085802238,28.082855
563,281298785197986,19.088622170,3494464898,3494467538,281298800912481,281298801097181,19.119702411,15.899195
564,281298825738987,19.129163171,3494973330,3494975652,281298836994875,281298834997354,19.153602584,9.258367
565,281298843189620,19.146613804,3495481762,3495483813,281298868917575,281298868897527,19.187502757,25.707907
566,281298875229635,19.178653819,3495990195,3495991897,281298900936743,281298902797766,19.221402996,27.568131
567,281298913961371,19.217385555,3496498627,3496501860,281298936922810,281298936697939,19.255303169,22.736568
568,281298954032104,19.257456288,3497007059,3497009981,281298968949640,281298970598112,19.289203342,16.566008
569,281298983419093,19.286843277,3497515491,3497518091,281299004937919,281299004498285,19.323103515,21.079192
570,281299015154322,19.318578506,3498023923,3498026217,281299036912633,281299038398458,19.357003688,23.244136
571,281299089193015,19.392617199,3498532355,3498534341,281299072936845,281299072298631,19.390903861,-16.894384
572,281299110151518,19.413575702,3499040787,3499042483,281299105053091,281299106198803,19.424804033,-3.952715
573,281299129890148,19.433314332,3499549219,3499552486,281299140956743,281299140098976,19.458704206,10.208828
574,281299151146960,19.454571144,3500057652,3500060598,281299172930394,281299173999216,19.492604446,22.852256
575,281299209694499,19.513118683,3500566084,3500568653,281299208919802,281299207899389,19.526504619,-1.795110
576,281299228160209,19.531584393,3501074516,3501076787,281299240977030,281299241799561,19.560404791,13.639352
577,281299247289852,19.550714036,3501582948,3501584922,281299276925661,281299275699734,19.594304964,28.409882
578,281299283125458,19.586549642,3502091380,3502093068,281299309023361,281299309599907,19.628205137,26.474449
579,281299328722060,19.632146244,3502599812,3502603099,281299344943975,281299343500080,19.662105310,14.778020
580,281299351156280,19.654580464,3503108244,3503111217,281299376982555,281299377400253,19.696005483,26.243973
581,281299383742498,19.687166682,3503616676,3503619331,281299412987470,281299411300426,19.729905656,27.557928
582,281299426336319,19.729760503,3504125109,3504127468,281299444968317,281299445200665,19.763805895,18.864346
583,281299487140505,19.790564689,3504633541,3504635565,281299480986360,281299479100838,19.797706068,-8.039667
584,281299508832174,19.812256358,3505141973,3505143667,281299512997752,281299513001011,19.831606241,4.168837
585,281299525884675,19.829308859,3505650405,3505653696,281299545159434,281299546901184,19.865506414,21.016509
586,281299553235814,19.856659998,3506158837,3506161808,281299581047296,281299580801356,19.899406586,27.565542
587,281299621032509,19.924456693,3506667269,3506669908,281299613054429,281299614701529,19.933306759,-6.330980
588,281299642194184,19.945618368,3507175701,3507178030,281299649037495,281299648601702,19.967206932,6.407518
589,281299663489121,19.966913305,3507684134,3507686162,281299681123826,281299682501942,20.001107172,19.012821
590,281299689780303,19.993204487,3508192566,3508194327,281299716997762,281299716402114,20.035007344,26.621811
591,281299743956644,20.047380828,3508700998,3508704310,281299749151478,281299750302287,20.068907517,6.345643
592,281299763261074,20.066685258,3509209430,3509212420,281299785127699,281299784202460,20.102807690,20.941386
593,281299795044724,20.098468908,3509717862,3509720511,281299817133033,281299818102633,20.136707863,23.057909
594,281299828168979,20.131593163,3510226294,3510228600,281299853049364,281299852002806,20.170608036,23.833827
595,281299889038410,20.192462594,3510734726,3510736727,281299885168101,281299885902979,20.204508209,-3.135431
596,281299909699250,20.213123434,3511243158,3511244850,281299921045840,281299919803151,20.238408381,10.103901
597,281299930656782,20.234080966,3511751591,3511754840,281299953093819,281299953703391,20.272308621,23.046609
598,281299966887969,20.270312153,3512260023,3512262927,281299989030569,281299987603564,20.306208794,20.715595
599,281300038346998,20.341771182,3512768455,3512771055,281300021049598,281300021503737,20.340108967,-16.843261
600,281300060059063,20.363483247,3513276887,3513279196,281300057045258,281300055403909,20.374009139,-4.655154
601,281300079061635,20.382485819,3513785319,3513787300,281300089087848,281300089304082,20.407909312,10.242447
602,281300108263909,20.411688093,3514293751,3514295401,281300125094601,281300123204255,20.441809485,14.940346
603,281300171337155,20.474761339,3514802183,3514805428,281300157086862,281300157104428,20.475709658,-14.232727
604,281300192652964,20.496077148,3515310615,3515313534,281300189104707,281300191004601,20.509609831,-1.648363
605,281300210185420,20.513609604,3515819048,3515821652,281300225168474,281300224904840,20.543510070,14.719420
606,281300231351401,20.534775585,3516327480,3516329771,281300257148777,281300258805013,20.577410243,27.453612
607,281300301257859,20.604682043,3516835912,3516837894,281300293135239,281300292705186,20.611310416,-8.552673
608,281300319976594,20.623400778,3517344344,3517346019,281300325203536,281300326605359,20.645210589,6.628765
609,281300345284177,20.648708361,3517852776,3517856040,281300361163864,281300360505532,20.679110762,15.221355
610,281300368815462,20.672239646,3518361208,3518364164,281300393120820,281300394405704,20.713010934,25.590242
611,281300428808475,20.732232659,3518869640,3518872292,281300429168835,281300428305877,20.746911107,-0.502598
612,281300446424960,20.749849144,3519378073,3519380416,281300461131530,281300462206117,20.780811347,15.781157
613,281300467637649,20.771061833,3519886505,3519888516,281300497097423,281300496106290,20.814711520,28.468641
614,281300507739448,20.811163632,3520394937,3520396622,281300529181495,281300530006462,20.848611692,22.267014
615,281300559443094,20.862867278,3520903369,3520906645,281300565142326,281300563906635,20.882511865,4.463541
616,281300583508566,20.886932750,3521411801,3521414770,281300597122893,281300597806808,20.916412038,14.298242
617,281300603713858,20.907138042,3521920233,3521922876,281300633119720,281300631706981,20.950312211,27.993123
618,281300645902688,20.949326872,3522428665,3522430986,281300665159818,281300665607154,20.984212384,19.704466
619,281300718014052,21.021438236,3522937097,3522939116,281300701166433,281300699507327,21.018112557,-18.506725
620,281300738173646,21.041597830,3523445530,3523447225,281300733215713,281300733407566,21.052012796,-4.766080
621,281300757755996,21.061180180,3523953962,3523957211,281300769173680,281300767307739,21.085912969,9.551743
622,281300782139879,21.085564063,3524462394,3524465319,281300801157565,281300801207912,21.119813142,19.068033
623,281300840645555,21.144069739,3524970826,3524973437,281300833327654,281300835108085,21.153713315,-5.537470
624,281300863895265,21.167319449,3525479258,3525481593,281300869208658,281300869008257,21.187613487,5.112992
625,281300889113176,21.192537360,3525987690,3525989718,281300901260452,281300902908430,21.221513660,13.795254
626,281300907359902,21.210784086,3526496122,3526497834,281300937165319,281300936808603,21.255413833,29.448701
627,281300967527089,21.270951273,3527004555,3527007825,281300969185184,281300970708843,21.289314073,3.181754
628,281300987595969,21.291020153,3527512987,3527515954,281301005182535,281301004609015,21.323214245,17.013046
629,281301011375879,21.314800063,3528021419,3528024106,281301037249671,281301038509188,21.357114418,27.133309
630,281301049815367,21.353239551,3528529851,3528532233,281301073203024,281301072409361,21.391014591,22.593994
631,281301130090433,21.433514617,3529038283,3529040317,281301105249638,281301106309534,21.424914764,-23.780899
632,281301153190025,21.456614209,3529546715,3529548411,281301141202755,281301140209707,21.458814937,-12.980318
633,281301182226828,21.485651012,3530055147,3530058438,281301173239407,281301174109880,21.492715110,-8.116948
634,281301203276360,21.506700544,3530563579,3530566558,281301209276649,281301208010052,21.526615282,4.733692
635,281301258451778,21.561875962,3531072012,3531074661,281301241242794,281301241910292,21.560515522,-16.541486
636,281301280307095,21.583731279,3531580444,3531582780,281301277269421,281301275810465,21.594415695,-4.496630
637,281301306731368,21.610155552,3532088876,3532090912,281301309292433,281301309710638,21.628315868,2.979270
638,281301325193885,21.628618069,3532597308,3532599027,281301345219450,281301343610810,21.662216040,18.416925
639,281301385204505,21.688628689,3533105740,3533109038,281301377282138,281301377510983,21.696116213,-7.693522
640,281301410358116,21.713782300,3533614172,3533617154,281301413267106,281301411411156,21.730016386,1.053040
641,281301429622933,21.733047117,3534122604,3534125245,281301445247037,281301445311329,21.763916559,15.688396
642,281301451836336,21.755260520,3534631036,3534633387,281301477314790,281301479211502,21.797816732,27.375166
643,281301524594472,21.828018656,3535139469,3535141524,281301513281455,281301513111741,21.831716971,-11.482731
644,281301544939747,21.848363931,3535647901,3535649638,281301545308234,281301547011914,21.865617144,2.072167
645,281301566731784,21.870155968,3536156333,3536159630,281301581309085,281301580912087,21.899517317,14.180303
646,281301592498606,21.895922790,3536664765,3536667752,281301613281281,281301614812260,21.933417490,22.313654
647,281301648628806,21.952052990,3537173197,3537175941,281301649318886,281301648712433,21.967317663,0.083627
648,281301670526582,21.973950766,3537681629,3537684047,281301681293109,281301682612605,22.001217835,12.086023
649,281301690479181,21.993903365,3538190061,3538192178,281301717359319,281301716512778,22.035118008,26.033597
650,281301724038766,22.027462950,3538698494,3538700295,281301749310259,281301750413018,22.069018248,26.374252
651,281301786994109,22.090418293,3539206926,3539208412,281301785359438,281301784313191,22.102918421,-2.680918
652,281301806619385,22.110043569,3539715358,3539718442,281301817340568,281301818213363,22.136818593,11.593978
653,281301827163486,22.130587670,3540223790,3540226526,281301853362983,281301852113536,22.170718766,24.950050
654,281301866075154,22.169499338,3540732222,3540734647,281301885331491,281301886013709,22.204618939,19.938555
655,281301926393260,22.229817444,3541240654,3541242780,281301921301037,281301919913882,22.238519112,-6.479378
656,281301945776852,22.249201036,3541749086,3541750929,281301953350020,281301953814055,22.272419285,8.037203
657,281301966782174,22.270206358,3542257518,3542259051,281301989422029,281301987714228,22.306319458,20.932054
658,281301996223809,22.299647993,3542765951,3542769031,281302021377190,281302021614467,22.340219697,25.390658
659,281302050757594,22.354181778,3543274383,3543277173,281302057342169,281302055514640,22.374119870,4.757046
660,281302075315617,22.378739801,3543782815,3543785308,281302089345628,281302089414813,22.408020043,14.099196
661,281302095241426,22.398665610,3544291247,3544293419,281302121477691,281302123314986,22.441920216,28.073560
662,281302135022215,22.438446399,3544799679,3544801576,281302157371938,281302157215158,22.475820388,22.192943
663,281302229578387,22.533002571,3545308111,3545309683,281302189375000,281302191115331,22.509720561,-38.463056
664,281302249207495,22.552631679,3545816543,3545819666,281302225451000,281302225015504,22.543620734,-24.191991
665,281302272525890,22.575950074,3546324975,3546327799,281302257430507,281302258915677,22.577520907,-13.610213
666,281302291485761,22.594909945,3546833408,3546835927,281302293461739,281302292815916,22.611421146,1.330155
667,281302324641469,22.628065653,3547341840,3547344022,281302325419657,281302326716089,22.645321319,2.074620
668,281302370619624,22.674043808,3547850272,3547852136,281302361406779,281302360616262,22.679221492,-10.003362
669,281302392782787,22.696206971,3548358704,3548360267,281302393474522,281302394516435,22.713121665,1.733648
670,281302423986533,22.727410717,3548867136,3548870279,281302429405426,281302428416608,22.747021838,4.430075
671,281302446868348,22.750292532,3549375568,3549378413,281302461436876,281302462316781,22.780922011,15.448433
672,281302468676853,22.772101037,3549884001,3549886558,281302497410514,281302496217020,22.814822250,27.540167
673,281302517212621,22.820636805,3550392433,3550394703,281302529408626,281302530117193,22.848722423,12.904572
674,281302552204221,22.855628405,3550900865,3550902806,281302565435955,281302564017366,22.882622596,11.813145
675,281302578568477,22.881992661,3551409297,3551410938,281302597465914,281302597917539,22.916522769,19.349062
676,281302604112754,22.907536938,3551917729,3551920939,281302633417039,281302631817711,22.950422941,27.704957
677,281302645160365,22.948584549,3552426161,3552429072,281302665412224,281302665717884,22.984323114,20.557519
678,281302685295958,22.988720142,3552934593,3552937185,281302701408561,281302699618057,23.018223287,14.322099
679,281302709564795,23.012988979,3553443025,3553445310,281302733561720,281302733518230,23.052123460,23.953435
680,281302745146449,23.048570633,3553951457,3553953428,281302765439278,281302767418403,23.086023633,22.271954
681,281302790712971,23.094137155,3554459890,3554461531,281302801434468,281302801318642,23.119923872,10.605671
682,281302824893496,23.128317680,3554968322,3554971528,281302833462843,281302835218815,23.153824045,10.325319
683,281302847526700,23.150950884,3555476754,3555479637,281302869561077,281302869118988,23.187724218,21.592288
684,281302876183714,23.179607898,3555985186,3555987769,281302901499834,281302903019161,23.221624391,26.835447
685,281302913822272,23.217246456,3556493618,3556495899,281302937459232,281302936919334,23.255524564,23.097062
686,281302951526170,23.254950354,3557002050,3557004037,281302969487000,281302970819506,23.289424736,19.293336
687,281302981910866,23.285335050,3557510482,3557512140,281303005580429,281303004719679,23.323324909,22.808813
688,281303014129146,23.317553330,3558018915,3558022133,281303037495337,281303038619919,23.357225149,24.490773
689,281303054944299,23.358368483,3558527347,3558530238,281303073469157,281303072520092,23.391125322,17.575793
690,281303098324031,23.401748215,3559035779,3559038337,281303105517775,281303106420264,23.425025494,8.096233
691,281303123199290,23.426623474,3559544211,3559546457,281303141547883,281303140320437,23.458925667,17.121147
692,281303147634797,23.451058981,3560052643,3560054592,281303173479775,281303174220610,23.492825840,26.585813
693,281303196064871,23.499489055,3560561075,3560562725,281303209519856,281303208120783,23.526726013,12.055912
694,281303250157867,23.553582051,3561069507,3561072713,281303241533382,281303242020956,23.560626186,-8.136911
695,281303284072589,23.587496773,3561577939,3561580837,281303277516186,281303275921129,23.594526359,-8.151460
696,281303335659279,23.639083463,3562086372,3562089001,281303309534838,281303309821368,23.628426598,-25.837911
697,281303358344070,23.661768254,3562594804,3562597150,281303345499197,281303343721541,23.662326771,-14.622529
698,281303400696151,23.704120335,3563103236,3563105288,281303377526308,281303377621714,23.696226944,-23.074437
699,281303429994311,23.733418495,3563611668,3563613433,281303409599475,281303411521887,23.730127117,-18.472424
700,281303474894057,23.778318241,3564120100,3564123396,281303445616336,281303445422059,23.764027289,-29.471998
701,281303495997352,23.799421536,3564628532,3564631528,281303477652248,281303479322232,23.797927462,-16.675120
702,281303531312531,23.834736715,3565136964,3565139670,281303513523755,281303513222405,23.831827635,-18.090126
703,281303551316461,23.854740645,3565645396,3565647784,281303545661756,281303547122578,23.865727808,-4.193883
704,281303598165881,23.901590065,3566153829,3566155898,281303581567185,281303581022817,23.899628047,-17.143064
705,281303616190925,23.919615109,3566662261,3566664022,281303613654410,281303614922990,23.933528220,-1.267935
706,281303656222149,23.959646333,3567170693,3567172167,281303649605319,281303648823163,23.967428393,-7.398986
707,281303683079374,23.986503558,3567679125,3567682167,281303681579390,281303682723336,24.001328566,-0.356038
708,281303726245155,24.029669339,3568187557,3568190279,281303717654168,281303716623509,24.035228739,-9.621646
709,281303743734469,24.047158653,3568695989,3568698436,281303749646173,281303750523682,24.069128912,6.789213
710,281303786478893,24.089903077,3569204421,3569206544,281303785558172,281303784423854,24.103029084,-2.055039
711,281303805925886,24.109350070,3569712854,3569714712,281303817585219,281303818324094,24.136929324,12.398208
712,281303827100661,24.130524845,3570221286,3570222836,281303853596407,281303852224267,24.170829497,25.123606
713,281303863367037,24.166791221,3570729718,3570732817,281303885597042,281303886124440,24.204729670,22.757403
714,281303903438954,24.206863138,3571238150,3571240923,281303921696771,281303920024612,24.238629842,16.585658
715,281303927935087,24.231359271,3571746582,3571749049,281303953704199,281303953924785,24.272530015,25.989698
716,281303963018849,24.266443033,3572255014,3572257180,281303989594658,281303987824958,24.306430188,24.806109
717,281304007916143,24.311340327,3572763446,3572765298,281304021606348,281304021725131,24.340330361,13.808988
718,281304041767364,24.345191548,3573271878,3573273429,281304053645854,281304055625304,24.374230534,13.857940
719,281304069600562,24.373024746,3573780311,3573783433,281304089766988,281304089525543,24.408130773,19.924981
720,281304096113813,24.399537997,3574288743,3574291536,281304121631364,281304123425716,24.442030946,27.311903
721,281304134594661,24.438018845,3574797175,3574799667,281304157634944,281304157325889,24.475931119,22.731228
722,281304170628452,24.474052636,3575305607,3575307770,281304189697672,281304191226062,24.509831292,20.597610
723,281304200730030,24.504154214,3575814039,3575815901,281304225683665,281304225126235,24.543731465,24.396205
724,281304235622962,24.539047146,3576322471,3576324051,281304257794778,281304259026407,24.577631637,23.403445
725,281304289022791,24.592446975,3576830903,3576834016,281304293691892,281304292926580,24.611531810,3.903789
726,281304327327179,24.630751363,3577339335,3577342171,281304325720541,281304326826753,24.645431983,-0.500426
727,281304350164836,24.653589020,3577847768,3577850270,281304361673903,281304360726993,24.679332223,10.562157
728,281304374523063,24.677947247,3578356200,3578358395,281304393682044,281304394627165,24.713232395,20.104102
729,281304414510148,24.717934332,3578864632,3578866533,281304429649481,281304428527338,24.747132568,14.017190
730,281304451569487,24.754993671,3579373064,3579374673,281304461690932,281304462427511,24.781032741,10.858024
731,281304474141357,24.777565541,3579881496,3579884692,281304497795546,281304496327684,24.814932914,22.186327
732,281304505742791,24.809166975,3580389928,3580392792,281304529668294,281304530227857,24.848833087,24.485066
733,281304553016038,24.856440222,3580898360,3580900940,281304565797365,281304564128030,24.882733260,11.111992
734,281304578150893,24.881575077,3581406793,3581409069,281304597723953,281304598028269,24.916633499,19.877376
735,281304605464185,24.908888369,3581915225,3581917189,281304633791541,281304631928442,24.950533672,26.464257
736,281304645390236,24.948814420,3582423657,3582425343,281304665735595,281304665828615,24.984433845,20.438379
737,281304731203980,25.034628164,3582932089,3582935335,281304701675529,281304699728788,25.018334018,-31.475192
738,281304750268156,25.053692340,3583440521,3583443474,281304733812799,281304733628960,25.052234190,-16.639196
739,281304772043590,25.075467774,3583948953,3583951563,281304765778415,281304767529133,25.086134363,-4.514457
740,281304794586727,25.098010911,3584457385,3584459732,281304801705974,281304801429306,25.120034536,6.842579
741,281304852946373,25.156370557,3584965817,3584967871,281304833751232,281304835329479,25.153934709,-17.616894
742,281304881335831,25.184760015,3585474250,3585476010,281304869733845,281304869229718,25.187834948,-12.106113
743,281304907097276,25.210521460,3585982682,3585984146,281304901838350,281304903129891,25.221735121,-3.967385
744,281304931442571,25.234866755,3586491114,3586494158,281304937770216,281304937030064,25.255635294,5.587493
745,281305001229378,25.304653562,3586999546,3587002261,281304969874780,281304970930237,25.289535467,-30.299141
746,281305023542960,25.326967144,3587507978,3587510359,281305005852873,281305004830410,25.323435640,-18.712550
747,281305041614247,25.345038431,3588016410,3588018503,281305037758487,281305038730583,25.357335813,-2.883664
748,281305068441423,25.371865607,3588524842,3588526657,281305073860454,281305072630755,25.391235985,4.189332
749,281305128398428,25.431822612,3589033275,3589034777,281305105868505,281305106530995,25.425136225,-21.867433
750,281305146596358,25.450020542,3589541707,3589544749,281305141786132,281305140431168,25.459036398,-6.165190
751,281305165096288,25.468520472,3590050139,3590052895,281305173765491,281305174331341,25.492936571,9.235053
752,281305184605727,25.488029911,3590558571,3590561029,281305209755897,281305208231513,25.526836743,23.625786
753,281305217410806,25.520834990,3591067003,3591069126,281305241839694,281305242131686,25.560736916,24.720880
754,281305284062434,25.587486618,3591575435,3591577260,281305277820777,281305276031859,25.594637089,-8.030575
755,281305310382836,25.613807020,3592083867,3592085354,281305309908879,281305309932032,25.628537262,-0.450804
756,281305328242442,25.631666626,3592592299,3592595386,281305345777558,281305343832205,25.662437435,15.589763
757,281305373320034,25.676744218,3593100732,3593103521,281305377832604,281305377732444,25.696337674,4.412410
758,281305417085608,25.720509792,3593609164,3593611621,281305409809009,281305411632617,25.730237847,-5.452991
759,281305436918350,25.740342534,3594117596,3594119743,281305445840288,281305445532790,25.764138020,8.614440
760,281305459524968,25.762949152,3594626028,3594627861,281305477854897,281305479432963,25.798038193,19.907995
761,281305509193494,25.812617678,3595134460,3595135982,281305513861669,281305513333136,25.831938366,4.139642
762,281305565768325,25.869192509,3595642892,3595645963,281305545864809,281305547233308,25.865838538,-18.535017
763,281305590533921,25.893958105,3596151324,3596154096,281305581832077,281305581133481,25.899738711,-9.400440
764,281305613024699,25.916448883,3596659756,3596662221,281305613977468,281305615033654,25.933638884,2.008955
765,281305632188530,25.935612714,3597168189,3597170338,281305649947714,281305648933894,25.967539124,16.745364
766,281305657913912,25.961338096,3597676621,3597678488,281305681827734,281305682834066,26.001439296,24.920154
767,281305725911224,26.029335408,3598185053,3598186602,281305717868019,281305716734239,26.035339469,-9.176985
768,281305746552285,26.049976469,3598693485,3598696615,281305749905340,281305750634412,26.069239642,4.082127
769,281305787191798,26.090615982,3599201917,3599204737,281305785897192,281305784534585,26.103139815,-2.657213
770,281305812646006,26.116070190,3599710349,3599712859,281305817894148,281305818434758,26.137039988,5.788752
771,281305851764373,26.155188557,3600218781,3600221025,281305853941383,281305852334931,26.170940161,0.570558
772,281305873470891,26.176895075,3600727214,3600729133,281305885863049,281305886235170,26.204840400,12.764279
773,281305907542574,26.210966758,3601235646,3601237284,281305921862736,281305920135343,26.238740573,12.592769
774,281305930955558,26.234379742,3601744078,3601747295,281305953902216,281305954035516,26.272640746,23.079958
775,281305966681535,26.270105719,3602252510,3602255430,281305989861307,281305987935689,26.306540919,21.254154
776,281306008708967,26.312133151,3602760942,3602763541,281306021868400,281306021835861,26.340441091,13.126894
777,281306043295635,26.346719819,3603269374,3603271650,281306053922702,281306055736034,26.374341264,12.440399
778,281306071528430,26.374952614,3603777806,3603779812,281306089993439,281306089636207,26.408241437,18.107777
779,281306096937873,26.400362057,3604286238,3604287950,281306121917359,281306123536380,26.442141610,26.598507
780,281306140259126,26.443683310,3604794671,3604797940,281306157918536,281306157436620,26.476041850,17.177494
781,281306187748549,26.491172733,3605303103,3605306045,281306190021117,281306191336792,26.509942022,3.588243
782,281306208580811,26.512004995,3605811535,3605814185,281306226007253,281306225236965,26.543842195,16.656154
783,281306232583617,26.536007801,3606319967,3606322301,281306257955671,281306259137138,26.577742368,26.553521
784,281306287110703,26.590534887,3606828399,3606830471,281306293950832,281306293037311,26.611642541,5.926608
785,281306337591639,26.641015823,3607336831,3607338584,281306325971475,281306326937484,26.645542714,-10.654155
786,281306357672447,26.661096631,3607845263,3607848553,281306361907069,281306360837656,26.679442886,3.165209
787,281306378217380,26.681641564,3608353695,3608356655,281306394082207,281306394737829,26.713343059,16.520449
788,281306418145209,26.721569393,3608862128,3608864787,281306429973046,281306428638069,26.747243299,10.492860
789,281306450559454,26.753983638,3609370560,3609372946,281306461955385,281306462538242,26.781143472,11.978788
790,281306473370778,26.776794962,3609878992,3609881068,281306498066381,281306496438414,26.815043644,23.067636
791,281306507059562,26.810483746,3610387424,3610389186,281306530010034,281306530338587,26.848943817,23.279025
792,281306547123521,26.850547705,3610895856,3610897311,281306565932083,281306564238760,26.882843990,17.115239
793,281306589373887,26.892798071,3611404288,3611407315,281306597969301,281306598138933,26.916744163,8.765046
794,281306609338184,26.912762368,3611912721,3611915411,281306633938298,281306632039172,26.950644402,22.700988
795,281306635796596,26.939220780,3612421153,3612423520,281306665982042,281306665939345,26.984544575,30.142749
796,281306677363678,26.980787862,3612929585,3612931632,281306697980889,281306699839518,27.018444748,22.475840
797,281306710581046,27.014005230,3613438017,3613439765,281306734149663,281306733739691,27.052344921,23.158645
798,281306744965911,27.048390095,3613946449,3613947904,281306766078584,281306767639864,27.086245094,22.673953
799,281306810370090,27.113794274,3614454881,3614457944,281306802031413,281306801540037,27.120145267,-8.830053
800,281306828900252,27.132324436,3614963313,3614966053,281306833995122,281306835440210,27.154045440,6.539958
801,281306859229772,27.162653956,3615471745,3615474208,281306869998518,281306869340382,27.187945612,10.110610
802,281306883479059,27.186903243,3615980177,3615982313,281306902043050,281306903240555,27.221845785,19.761496
803,281306912487710,27.215911894,3616488610,3616490463,281306938049027,281306937140795,27.255746025,24.653085
804,281306954910311,27.258334495,3616997042,3616998564,281306970018660,281306971040968,27.289646198,16.130657
805,281306998344046,27.301768230,3617505474,3617508572,281307006042287,281307004941140,27.323546370,6.597094
806,281307021197226,27.324621410,3618013906,3618016693,281307038104322,281307038841313,27.357446543,17.644087
807,281307045768218,27.349192402,3618522338,3618524800,281307074051979,281307072741486,27.391346716,26.973268
808,281307091842331,27.395266515,3619030770,3619032938,281307106038569,281307106641659,27.425246889,14.799328
809,281307122033765,27.425457949,3619539202,3619541081,281307142022453,281307140541832,27.459147062,18.508067
810,281307148578591,27.452002775,3620047635,3620049221,281307174053306,281307174442071,27.493047301,25.863480
811,281307182215198,27.485639382,3620556067,3620559208,281307210093990,281307208342244,27.526947474,26.127046
812,281307223893483,27.527317667,3621064499,3621067347,281307242055971,281307242242417,27.560847647,18.348934
813,281307256858241,27.560282425,3621572931,3621575457,281307278050139,281307276142590,27.594747820,19.284349
814,281307290784697,27.594208881,3622081363,3622083533,281307310117820,281307310042762,27.628647992,19.258065
815,281307316416571,27.619840755,3622589795,3622591681,281307342131626,281307343942935,27.662548165,27.526364
816,281307357304696,27.660728880,3623098227,3623099809,281307378081502,281307377843108,27.696448338,20.538412
817,281307398483440,27.701907624,3623606659,3623609811,281307410084640,281307411743281,27.730348511,13.259841
818,281307421222058,27.724646242,3624115092,3624117937,281307446204444,281307445643520,27.764248750,24.421462
819,281307454717679,27.758141863,3624623524,3624626066,281307478138696,281307479543693,27.798148923,24.826014
820,281307497904352,27.801328536,3625131956,3625134178,281307514073954,281307513443866,27.832049096,15.539514
821,281307527393137,27.830817321,3625640388,3625642306,281307546238800,281307547344039,27.865949269,19.950902
822,281307553717490,27.857141674,3626148820,3626150422,281307582211762,281307581244212,27.899849442,27.526722
823,281307590337024,27.893761208,3626657252,3626660426,281307614117047,281307615144385,27.933749615,24.807361
824,281307627857702,27.931281886,3627165684,3627168542,281307650097407,281307649044558,27.967649788,21.186856
825,281307658763055,27.962187239,3627674116,3627676680,281307682117406,281307682944730,28.001549960,24.181675
826,281307688420957,27.991845141,3628182549,3628184784,281307718200746,281307716844970,28.035450200,28.424013
827,281307726363602,28.029787786,3628690981,3628692909,281307750179466,281307750745143,28.069350373,24.381541
828,281307774593006,28.078017190,3629199413,3629201039,281307786108756,281307784645316,28.103250546,10.052310
829,281307802711096,28.106135280,3629707845,3629711027,281307818280655,281307818545488,28.137150718,15.834392
830,281307824321919,28.127746103,3630216277,3630219152,281307854112970,281307852445661,28.171050891,28.123742
831,281307863610075,28.167034259,3630724709,3630727276,281307886195728,281307886345834,28.204951064,22.735759
832,281307912037522,28.215461706,3631233141,3631235360,281307922105941,281307920246007,28.238851237,8.208485
833,281307939517376,28.242941560,3631741574,3631743466,281307954148293,281307954146246,28.272751476,14.628870
834,281307961747195,28.265171379,3632250006,3632251608,281307986199873,281307988046419,28.306651649,26.299224
835,281307992623808,28.296047992,3632758438,3632761597,281308022303152,281308021946592,28.340551822,29.322784
836,281308034854701,28.338278885,3633266870,3633269729,281308054168460,281308055846765,28.374451995,20.992064
837,281308105180929,28.408605113,3633775302,3633777869,281308090158397,281308089746938,28.408352168,-15.433991
838,281308127420551,28.430844735,3634283734,3634285998,281308122225702,281308123647110,28.442252340,-3.773441
839,281308144331030,28.447755214,3634792166,3634794146,281308158244010,281308157547283,28.476152513,13.216253
840,281308167277736,28.470701920,3635300598,3635302268,281308190183718,281308191447456,28.510052686,24.169720
841,281308199350086,28.502774270,3635809031,3635812273,281308226211115,281308225347696,28.543952926,25.997610
842,281308244919445,28.548343629,3636317463,3636320390,281308258261819,281308259247869,28.577853099,14.328424
843,281308264844341,28.568268525,3636825895,3636828521,281308294180867,281308293148041,28.611753271,28.303700
844,281308302806721,28.606230905,3637334327,3637336640,281308326212124,281308327048214,28.645653444,24.241493
845,281308376917135,28.680341319,3637842759,3637844775,281308362181981,281308360948387,28.679553617,-15.968748
846,281308395044415,28.698468599,3638351191,3638352897,281308394293448,281308394848560,28.713453790,-0.195855
847,281308415191152,28.718615336,3638859623,3638862914,281308430306660,281308428748733,28.747353963,13.557581
848,281308437117265,28.740541449,3639368055,3639371021,281308462241826,281308462648906,28.781254136,25.531641
849,281308497740203,28.801164387,3639876488,3639879145,281308498321056,281308496549145,28.815154375,-1.191058
850,281308517265682,28.820689866,3640384920,3640387272,281308530322583,281308530449318,28.849054548,13.183636
851,281308536306609,28.839730793,3640893352,3640895402,281308566208374,281308564349491,28.882954721,28.042882
852,281308568376327,28.871800511,3641401784,3641403530,281308598250429,281308598249664,28.916854894,29.873337
853,281308618725855,28.922150039,3641910216,3641913509,281308630266405,281308632149836,28.950755066,13.423981
854,281308636344497,28.939768681,3642418648,3642421658,281308666236337,281308666050009,28.984655239,29.705512
855,281308672619506,28.976043690,3642927081,3642929807,281308698385624,281308699950249,29.018555479,27.330743
856,281308706358878,29.009783062,3643435513,3643437913,281308734262029,281308733850422,29.052455652,27.491544
857,281308759436256,29.062860440,3643943945,3643946016,281308766291978,281308767750594,29.086355824,8.314338
858,281308781999090,29.085423274,3644452377,3644454143,281308802309721,281308801650767,29.120255997,19.651677
859,281308808471039,29.111895223,3644960809,3644962276,281308834266286,281308835550940,29.154156170,27.079901
860,281308846030527,29.149454711,3645469241,3645472259,281308870268749,281308869451113,29.188056343,23.420586
861,281308914709072,29.218133256,3645977673,3645980406,281308902369192,281308903351286,29.221956516,-11.357786
862,281308931797748,29.235221932,3646486105,3646488543,281308938298794,281308937251459,29.255856689,5.453711
863,281308949101391,29.252525575,3646994538,3646996684,281308970287037,281308971151698,29.289756928,22.050307
864,281308977326681,29.280750865,3647502970,3647504812,281309006310589,281309005051871,29.323657101,27.725190
865,281309033820478,29.337244662,3648011402,3648012947,281309038296682,281309038952044,29.357557274,5.131566
866,281309053681935,29.357106119,3648519834,3648522945,281309074279267,281309072852217,29.391457447,19.170282
867,281309081594462,29.385018646,3649028266,3649031032,281309106341561,281309106752389,29.425357619,25.157927
868,281309117153569,29.420577753,3649536698,3649539193,281309142298106,281309140652562,29.459257792,23.498993
869,281309187090360,29.490514544,3650045130,3650047313,281309174336019,281309174552735,29.493157965,-12.537625
870,281309206738301,29.510162485,3650553562,3650555477,281309210289952,281309208452908,29.527058138,1.714607
871,281309228532721,29.531956905,3651061995,3651063610,281309242385144,281309242353147,29.560958377,13.820426
872,281309249380903,29.552805087,3651570427,3651573588,281309274391020,281309276253320,29.594858550,26.872417
873,281309323949048,29.627373232,3652078859,3652081726,281309310334507,281309310153493,29.628758723,-13.795555
874,281309347382152,29.650806336,3652587291,3652589867,281309342388350,281309344053666,29.662658896,-3.328486
875,281309378652955,29.682077139,3653095723,3653098005,281309378360618,281309377953839,29.696559069,-0.699116
876,281309401325364,29.704749548,3653604155,3653606127,281309410374743,281309411854012,29.730459242,10.528648
877,281309461166668,29.764590852,3654112587,3654114252,281309446450826,281309445754184,29.764359414,-15.412484
878,281309489700422,29.793124606,3654621019,3654624268,281309478414867,281309479654357,29.798259587,-10.046065
879,281309507855509,29.811279693,3655129452,3655132406,281309514366193,281309513554597,29.832159827,5.699088
880,281309528431454,29.831855638,3655637884,3655640520,281309546395088,281309547454770,29.866060000,19.023316
881,281309558729474,29.862153658,3656146316,3656148616,281309582376279,281309581354942,29.899960172,22.625468
882,281309604580935,29.908005119,3656654748,3656656759,281309614405370,281309615255115,29.933860345,10.674180
883,281309624817837,29.928242021,3657163180,3657164897,281309650520350,281309649155288,29.967760518,24.337451
884,281309662793167,29.966217351,3657671612,3657674879,281309682411530,281309683055461,30.001660691,20.262294
885,281309723835820,30.027260004,3658180044,3658182998,281309718367157,281309716955634,30.035560864,-6.880186
886,281309744015412,30.047439596,3658688476,3658691147,281309750412204,281309750855807,30.069461037,6.840395
887,281309770360796,30.073784980,3659196909,3659199271,281309786512536,281309784756046,30.103361276,14.395250
888,281309800719397,30.104143581,3659705341,3659707374,281309818385204,281309818656219,30.137261449,17.936822
889,281309867043283,30.170467467,3660213773,3660215493,281309854447938,281309852556392,30.171161622,-14.486891
890,281309890245552,30.193669736,3660722205,3660725486,281309886512552,281309886456565,30.205061795,-3.788987
891,281309907787967,30.211212151,3661230637,3661233635,281309918508179,281309920356737,30.238961967,12.568770
892,281309924790190,30.228214374,3661739069,3661741742,281309954468562,281309954256910,30.272862140,29.466720
893,281309962857310,30.266281494,3662247501,3662249877,281309986525542,281309988157083,30.306762313,25.299773
894,281310008634324,30.312058508,3662755934,3662758010,281310022534471,281310022057323,30.340662553,13.422999
895,281310028599173,30.332023357,3663264366,3663266156,281310054595895,281310055957495,30.374562725,27.358322
896,281310068652910,30.372077094,3663772798,3663774277,281310090433644,281310089857668,30.408462898,21.204758
897,281310131747364,30.435171548,3664281230,3664284310,281310122465889,281310123757841,30.442363071,-7.989523
898,281310150386658,30.453810842,3664789662,3664792444,281310158460591,281310157658014,30.476263244,7.271356
899,281310177748775,30.481172959,3665298094,3665300528,281310190486706,281310191558187,30.510163417,13.809412
900,281310201109267,30.504533451,3665806526,3665808638,281310226484954,281310225458360,30.544063590,24.349093
901,281310252600650,30.556024834,3666314958,3666316761,281310258488618,281310259358532,30.577963762,6.757882
902,281310274186639,30.577610823,3666823391,3666824877,281310294479372,281310293258772,30.611864002,19.072133
903,281310301316581,30.604740765,3667331823,3667334877,281310326617557,281310327158945,30.645764175,25.842364
904,281310337631614,30.641055798,3667840255,3667842996,281310362471351,281310361059118,30.679664348,23.427504
905,281310413918462,30.717342646,3668348687,3668351116,281310394529302,281310394959290,30.713564520,-18.959172
906,281310433898638,30.737322822,3668857119,3668859256,281310430579636,281310428859463,30.747464693,-5.039175
907,281310452076344,30.755500528,3669365551,3669367353,281310462552709,281310462759636,30.781364866,10.683292
908,281310482403879,30.785828063,3669873983,3669875472,281310498494896,281310496659809,30.815265039,14.255930
909,281310537111884,30.840536068,3670382415,3670385484,281310530603683,281310530559982,30.849165212,-6.551902
910,281310556658191,30.860082375,3670890848,3670893628,281310562594043,281310564460221,30.883065451,7.802030
911,281310576955264,30.880379448,3671399280,3671401751,281310598647203,281310598360394,30.916965624,21.405130
912,281310605368284,30.908792468,3671907712,3671909862,281310630560264,281310632260567,30.950865797,26.892283
913,281310663807966,30.967232150,3672416144,3672417996,281310666572603,281310666160740,30.984765970,2.352774
914,281310686275197,30.989699381,3672924576,3672926109,281310698638926,281310700060913,31.018666143,13.785716
915,281310705047625,31.008471809,3673433008,3673436118,281310734559208,281310733961085,31.052566315,28.913460
916,281310743466778,31.046890962,3673941441,3673944243,281310766564602,281310767861325,31.086466555,24.394547
917,281310808862927,31.112287111,3674449873,3674452405,281310802572757,281310801761498,31.120366728,-7.101429
918,281310838097427,31.141521611,3674958305,3674960529,281310834565867,281310835661671,31.154266901,-2.435756
919,281310866268851,31.169693035,3675466737,3675468626,281310870556371,281310869561843,31.188167073,3.292992
920,281310899152150,31.202576334,3675975169,3675976773,281310902589109,281310903462016,31.222067246,4.309866
921,281310954284419,31.257708603,3676483601,3676486720,281310938528158,281310937362189,31.255967419,-16.922230
922,281310977444089,31.280868273,3676992033,3676994856,281310970686748,281310971262362,31.289867592,-6.181727
923,281310997594363,31.301018547,3677500465,3677502992,281311006554187,281311005162535,31.323767765,7.568172
924,281311016852277,31.320276461,3678008897,3678011099,281311038596061,281311039062708,31.357667938,22.210431
925,281311087746109,31.391170293,3678517330,3678519214,281311074666103,281311072962947,31.391568177,-14.783162
926,281311108915444,31.412339628,3679025762,3679027331,281311106674986,281311106863120,31.425468350,-2.052324
927,281311130478103,31.433902287,3679534194,3679537314,281311142646727,281311140763293,31.459368523,10.285190
928,281311148739558,31.452163742,3680042626,3680045443,281311174591758,281311174663466,31.493268696,25.923908
929,281311188072611,31.491496795,3680551058,3680553561,281311206630023,281311208563638,31.527168868,20.491027
930,281311224440458,31.527864642,3681059490,3681061702,281311242695709,281311242463811,31.561069041,18.023353
931,281311248730157,31.552154341,3681567922,3681569826,281311274726047,281311276363984,31.594969214,27.633827
932,281311281177642,31.584601826,3682076355,3682077939,281311310661091,281311310264224,31.628869454,29.086582
933,281311318224208,31.621648392,3682584787,3682587997,281311342635286,281311344164396,31.662769626,25.940188
934,281311358307848,31.661732032,3683093219,3683096109,281311378759617,281311378064569,31.696669799,19.756721
935,281311384762270,31.688186454,3683601651,3683604199,281311410720751,281311411964742,31.730569972,27.202472
936,281311416884540,31.720308724,3684110083,3684112323,281311446639287,281311445864915,31.764470145,28.980375
937,281311458025953,31.761450137,3684618515,3684620451,281311478680110,281311479765088,31.798370318,21.739135
938,281311505412399,31.808836583,3685126947,3685128554,281311514647356,281311513665261,31.832270491,8.252862
939,281311523203693,31.826627877,3685635379,3685638542,281311546737343,281311547565433,31.866170663,24.361740
940,281311556985238,31.860409422,3686143812,3686146659,281311582649851,281311581465673,31.900070903,24.480435
941,281311627733681,31.931157865,3686652244,3686654749,281311614656041,281311615365846,31.933971076,-12.367835
942,281311646040057,31.949464241,3687160676,3687162874,281311650697206,281311649266019,31.967871249,3.225962
943,281311665741398,31.969165582,3687669108,3687671009,281311682697839,281311683166191,32.001771421,17.424793
944,281311692066296,31.995490480,3688177540,3688179182,281311718639110,281311717066364,32.035671594,25.000068
945,281311758545967,32.061970151,3688685972,3688689189,281311750729403,281311750966537,32.069571767,-7.579430
946,281311779059929,32.082484113,3689194404,3689197258,281311786683957,281311784866710,32.103471940,5.806781
947,281311799618219,32.103042403,3689702836,3689705369,281311818666085,281311818766883,32.137372113,19.148664
948,281311827046777,32.130470961,3690211269,3690213488,281311850706877,281311852667122,32.171272352,25.620345
949,281311897867623,32.201291807,3690719701,3690721611,281311886681975,281311886567295,32.205172525,-11.300328
950,281311917801038,32.221225222,3691228133,3691229717,281311918740008,281311920467468,32.239072698,2.666430
951,281311940970479,32.244394663,3691736565,3691739755,281311954690920,281311954367641,32.272972871,13.397162
952,281311961116017,32.264540201,3692244997,3692247873,281311986732335,281311988267814,32.306873044,27.151797
953,281312018439316,32.321863500,3692753429,3692755977,281312022833492,281312022167986,32.340773216,3.728670
954,281312037762025,32.341186209,3693261861,3693264092,281312054735748,281312056068159,32.374673389,18.306134
955,281312062210435,32.365634619,3693770294,3693772212,281312090812386,281312089968399,32.408573629,27.757964
956,281312099559602,32.402983786,3694278726,3694280346,281312122744138,281312123868572,32.442473802,24.308970
957,281312157462041,32.460886225,3694787158,3694790341,281312158823888,281312157768744,32.476373974,0.306703
958,281312185456924,32.488881108,3695295590,3695298471,281312190773030,281312191668917,32.510274147,6.211993
959,281312204235689,32.507659873,3695804022,3695806589,281312226820030,281312225569090,32.544174320,21.333401
960,281312235084889,32.538509073,3696312454,3696314733,281312258759025,281312259469263,32.578074493,24.384374
961,281312305945269,32.609369453,3696820886,3696822842,281312294724307,281312293369436,32.611974666,-12.575833
962,281312325849227,32.629273411,3697329318,3697330960,281312326855920,281312327269609,32.645874839,1.420382
963,281312350871366,32.654295550,3697837751,3697840974,281312362828729,281312361169848,32.679775078,10.298482
964,281312386501910,32.689926094,3698346183,3698349061,281312394775832,281312395070021,32.713675251,8.568111
965,281312458342131,32.761766315,3698854615,3698857181,281312430752529,281312428970194,32.747575424,-29.371937
966,281312480571600,32.783995784,3699363047,3699365276,281312462758746,281312462870367,32.781475597,-17.701233
967,281312499807141,32.803231325,3699871479,3699873398,281312494888950,281312496770539,32.815375769,-3.036602
968,281312518669055,32.822093239,3700379911,3700381525,281312530768629,281312530670712,32.849275942,12.001657
969,281312585786469,32.889210653,3700888343,3700891552,281312562831747,281312564570885,32.883176115,-21.215584
970,281312605378412,32.908802596,3701396775,3701399695,281312598919305,281312598471058,32.917076288,-6.907354
971,281312624342743,32.927766927,3701905208,3701907826,281312630821856,281312632371297,32.950976527,8.028554
972,281312644873212,32.948297396,3702413640,3702415960,281312666818641,281312666271470,32.984876700,21.398258
973,281312719753737,33.023177921,3702922072,3702924086,281312698856867,281312700171643,33.018776873,-19.582094
974,281312743824179,33.047248363,3703430504,3703432219,281312734844939,281312734071816,33.052677046,-9.752363
975,281312763040424,33.066464608,3703938936,3703942228,281312766918107,281312767971989,33.086577219,4.931565
976,281312794387993,33.097812177,3704447368,3704450345,281312802825303,281312801872162,33.120477392,7.484169
977,281312852325710,33.155749894,3704955800,3704958446,281312834883300,281312835772334,33.154377564,-16.553376
978,281312875631331,33.179055515,3705464233,3705466580,281312870930755,281312869672574,33.188277804,-5.958757
979,281312898711450,33.202135634,3705972665,3705974728,281312902959855,281312903572747,33.222177977,4.861297
980,281312915987365,33.219411549,3706481097,3706482870,281312938858673,281312937472920,33.256078150,21.485555
981,281312951031912,33.254456096,3706989529,3706990986,281312970968893,281312971373092,33.289978322,20.341180
982,281312996811674,33.300235858,3707497961,3707500984,281313006871299,281313005273265,33.323878495,8.461591
983,281313013941129,33.317365313,3708006393,3708009135,281313038869703,281313039173438,33.357778668,25.232309
984,281313045513163,33.348937347,3708514825,3708517262,281313074875174,281313073073611,33.391678841,27.560448
985,281313120975591,33.424399775,3709023257,3709025363,281313106854053,281313106973784,33.425579014,-14.001807
986,281313141322858,33.444747042,3709531690,3709533480,281313138983152,281313140874023,33.459479253,-0.448835
987,281313165754274,33.469178458,3710040122,3710041636,281313174897718,281313174774196,33.493379426,9.019922
988,281313190366299,33.493790483,3710548554,3710551652,281313206895937,281313208674369,33.527279599,18.308070
989,281313246130802,33.549554986,3711056986,3711059769,281313242871087,281313242574542,33.561179772,-3.556260
990,281313268271751,33.571695935,3711565418,3711567871,281313274924537,281313276474715,33.595079945,8.202964
991,281313292866193,33.596290377,3712073850,3712076020,281313310892369,281313310374887,33.628980117,17.508694
992,281313319547993,33.622972177,3712582282,3712584175,281313342888608,281313344275060,33.662880290,24.727067
993,281313375105264,33.678529448,3713090715,3713092286,281313378908419,281313378175300,33.696780530,3.070036
994,281313398247429,33.701671613,3713599147,3713602260,281313411038185,281313412075473,33.730680703,13.828044
995,281313421236919,33.724661103,3714107579,3714110390,281313446921398,281313445975645,33.764580875,24.738726
996,281313455019647,33.758443831,3714616011,3714618502,281313478920696,281313479875818,33.798481048,24.856171
997,281313531103439,33.834527623,3715124443,3715126594,281313514949888,281313513775991,33.832381221,-17.327448
998,281313551966462,33.855390646,3715632875,3715634709,281313546903155,281313547676164,33.866281394,-4.290298
999,281313572702173,33.876126357,3716141307,3716142835,281313582933306,281313581576337,33.900181567,8.874164
1000,281313592771719,33.896195903,3716649739,3716652841,281313614921267,281313615476510,33.934081740,22.704791
1001,281313629765919,33.933190103,3717158172,3717160958,281313650979255,281313649376749,33.967981979,19.610830
1002,281313675396279,33.978820463,3717666604,3717669088,281313682936011,281313683276922,34.001882152,7.880643
1003,281313693190736,33.996614920,3718175036,3718177239,281313718946762,281313717177095,34.035782325,23.986359
1004,281313725340669,34.028764853,3718683468,3718685325,281313750976114,281313751077268,34.069682498,25.736599
1005,281313765776326,34.069200510,3719191900,3719193434,281313783071225,281313784977440,34.103582670,19.201114
1006,281313803952075,34.107376259,3719700332,3719703427,281313818962740,281313818877613,34.137482843,14.925538
1007,281313825265060,34.128689244,3720208764,3720211566,281313851022564,281313852777786,34.171383016,27.512726
1008,281313861526951,34.164951135,3720717196,3720719670,281313886948937,281313886677959,34.205283189,25.151008
1009,281313937356622,34.240780806,3721225629,3721227758,281313918967467,281313920578198,34.239183428,-16.778424
1010,281313960425162,34.263849346,3721734061,3721735882,281313954992543,281313954478371,34.273083601,-5.946791
1011,281313988670674,34.292094858,3722242493,3722244010,281313987096789,281313988378544,34.306983774,-0.292130
1012,281314018071430,34.321495614,3722750925,3722754011,281314022974804,281314022278717,34.340883947,4.207287
1013,281314064428551,34.367852735,3723259357,3723262116,281314055084249,281314056178890,34.374784120,-8.249661
1014,281314092521327,34.395945511,3723767789,3723770239,281314090978246,281314090079063,34.408684293,-2.442264
1015,281314115076642,34.418500826,3724276221,3724278336,281314123042495,281314123979235,34.442584465,8.902593
1016,281314133834158,34.437258342,3724784654,3724786416,281314159019350,281314157879475,34.476484705,24.045317
1017,281314185307563,34.488731747,3725293086,3725294560,281314191012495,281314191779648,34.510384878,6.472085
1018,281314205052072,34.508476256,3725801518,3725804582,281314227104635,281314225679821,34.544285051,20.627749
1019,281314236916372,34.540340556,3726309950,3726312720,281314259050505,281314259579993,34.578185223,22.663621
1020,281314271684815,34.575108999,3726818382,3726820827,281314294997453,281314293480166,34.612085396,21.795351
1021,281314330772512,34.634196696,3727326814,3727328982,281314327037703,281314327380339,34.645985569,-3.392173
1022,281314348361794,34.651785978,3727835246,3727837097,281314363045323,281314361280512,34.679885742,12.918718
1023,281314369652823,34.673077007,3728343678,3728345211,281314395125473,281314395180685,34.713785915,25.527862
1024,281314404147576,34.707571760,3728852111,3728855223,281314431068581,281314429080924,34.747686154,24.933348
1025,281314458938204,34.762362388,3729360543,3729363358,281314463039774,281314462981097,34.781586327,4.042893
1026,281314483380656,34.786804840,3729868975,3729871484,281314495064275,281314496881270,34.815486500,13.500614
1027,281314508716451,34.812140635,3730377407,3730379617,281314531187793,281314530781443,34.849386673,22.064992
1028,281314539926964,34.843351148,3730885839,3730887729,281314563106371,281314564681616,34.883286846,24.754652
1029,281314602930171,34.906354355,3731394271,3731395859,281314599092302,281314598581788,34.917187018,-4.348383
1030,281314622849477,34.926273661,3731902703,3731905834,281314631109696,281314632481961,34.951087191,9.632484
1031,281314641379762,34.944803946,3732411135,3732413988,281314667065864,281314666382134,34.984987364,25.002372
1032,281314674072712,34.977496896,3732919568,3732922141,281314699082072,281314700282374,35.018887604,26.209662
1033,281314732306227,35.035730411,3733428000,3733430260,281314735217665,281314734182546,35.052787776,1.876319
1034,281314752689303,35.056113487,3733936432,3733938373,281314767094143,281314768082719,35.086687949,15.393416
1035,281314783282069,35.086706253,3734444864,3734446466,281314803234792,281314801982892,35.120588122,18.700823
1036,281314809846234,35.113270418,3734953296,3734956457,281314835096576,281314835883065,35.154488295,26.036831
1037,281314872898774,35.176322958,3735461728,3735464554,281314871154858,281314869783238,35.188388468,-3.115536
1038,281314892085342,35.195509526,3735970161,3735972710,281314903143417,281314903683477,35.222288707,11.598135
1039,281314913760692,35.217184876,3736478593,3736480827,281314939131506,281314937583650,35.256188880,23.822958
1040,281314946608152,35.250032336,3736987025,3736989003,281314971101989,281314971483823,35.290089053,24.875671
1041,281315015913406,35.319337590,3737495457,3737497130,281315007104211,281315005383996,35.323989226,-10.529410
1042,281315040400398,35.343824582,3738003889,3738007096,281315039164963,281315039284169,35.357889399,-1.116229
1043,281315068589080,35.372013264,3738512321,3738515205,281315075100244,281315073184341,35.391789571,4.595261
1044,281315103347270,35.406771454,3739020753,3739023345,281315107181415,281315107084514,35.425689744,3.737244
1045,281315159537019,35.462961203,3739529185,3739531460,281315139171332,281315140984687,35.459589917,-18.552332
1046,281315184098961,35.487523145,3740037617,3740039628,281315175135436,281315174884860,35.493490090,-9.214101
1047,281315204531258,35.507955442,3740546050,3740547757,281315207160911,281315208785099,35.527390329,4.253841
1048,281315229187303,35.532611487,3741054482,3741057753,281315243129137,281315242685272,35.561290502,13.497969
1049,281315294904384,35.598328568,3741562914,3741565873,281315275187027,281315276585445,35.595190675,-18.318939
1050,281315316505175,35.619929359,3742071346,3742074009,281315311146838,281315310485618,35.629090848,-6.019557
1051,281315337200596,35.640624780,3742579778,3742582150,281315343166395,281315344385791,35.662991021,7.185195
1052,281315356908425,35.660332609,3743088210,3743090261,281315379162140,281315378285964,35.696891194,21.377539
1053,281315430932603,35.734356787,3743596642,3743598411,281315411223374,281315412186136,35.730791366,-18.746467
1054,281315449683034,35.753107218,3744105075,3744106538,281315447214358,281315446086376,35.764691606,-3.596658
1055,281315474464244,35.777888428,3744613507,3744616517,281315479231988,281315479986549,35.798591779,5.522305
1056,281315500764027,35.804188211,3745121939,3745124626,281315515192894,281315513886722,35.832491952,13.122695
1057,281315567408113,35.870832297,3745630371,3745632733,281315547219720,281315547786894,35.866392124,-19.621219
1058,281315587828065,35.891252249,3746138803,3746140868,281315583228244,281315581687067,35.900292297,-6.140998
1059,281315606554033,35.909978217,3746647235,3746648984,281315615205681,281315615587240,35.934192470,9.033207
1060,281315625461113,35.928885297,3747155667,3747157138,281315651185454,281315649487413,35.968092643,24.026300
1061,281315666834050,35.970258234,3747664099,3747667122,281315683211463,281315683387586,36.001992816,16.553536
1062,281315705078198,36.008502382,3748172532,3748175237,281315719186574,281315717287825,36.035893055,12.209627
1063,281315723741690,36.027165874,3748680964,3748683358,281315751245897,281315751187998,36.069793228,27.446308
1064,281315764470651,36.067894835,3749189396,3749191504,281315783242718,281315785088171,36.103693401,20.617520
1065,281315829624998,36.133049182,3749697828,3749699611,281315819283679,281315818988344,36.137593574,-10.636654
1066,281315851137091,36.154561275,3750206260,3750207750,281315851283123,281315852888517,36.171493747,1.751426
1067,281315876777091,36.180201275,3750714692,3750717736,281315887248647,281315886788689,36.205393919,10.011598
1068,281315898553841,36.201978025,3751223124,3751225888,281315919274426,281315920688862,36.239294092,22.135021
1069,281315953659829,36.257084013,3751731556,3751734035,281315955239527,281315954589035,36.273194265,0.929206
1070,281315976725870,36.280150054,3752239989,3752242159,281315987295514,281315988489275,36.307094505,11.763405
1071,281315998339844,36.301764028,3752748421,3752750281,281316023235294,281316022389447,36.340994677,24.049603
1072,281316030198765,36.333622949,3753256853,3753258422,281316055295125,281316056289620,36.374894850,26.090855
1073,281316087824284,36.391248468,3753765285,3753768412,281316091314343,281316090189793,36.408795023,2.365509
1074,281316107245461,36.410669645,3754273717,3754276518,281316123315893,281316124089966,36.442695196,16.844505
1075,281316129494001,36.432918185,3754782149,3754784645,281316159253231,281316157990139,36.476595369,28.496138
1076,281316166821867,36.470246051,3755290581,3755292781,281316191298377,281316191890312,36.510495542,25.068445
1077,281316222417998,36.525842182,3755799014,3755800914,281316227327185,281316225790551,36.544395781,3.372553
1078,281316247036928,36.550461112,3756307446,3756309037,281316259314203,281316259690724,36.578295954,12.653796
1079,281316269732115,36.573156299,3756815878,3756819021,281316295251169,281316293590897,36.612196127,23.858782
1080,281316303677980,36.607102164,3757324310,3757327129,281316327287780,281316327491070,36.646096300,23.813090
1081,281316361918681,36.665342865,3757832742,3757835251,281316363299031,281316361391242,36.679996472,-0.527439
1082,281316383142397,36.686566581,3758341174,3758343406,281316395312886,281316395291415,36.713896645,12.149018
1083,281316403500726,36.706924910,3758849606,3758851523,281316427429631,281316429191588,36.747796818,25.690862
1084,281316436291765,36.739715949,3759358038,3759359678,281316463320894,281316463091761,36.781696991,26.799996
1085,281316504090747,36.807514931,3759866471,3759869678,281316495432555,281316496992000,36.815597230,-7.098747
1086,281316525139109,36.828563293,3760374903,3760377790,281316531324938,281316530892173,36.849497403,5.753064
1087,281316550980623,36.854404807,3760883335,3760885885,281316563349689,281316564792346,36.883397576,13.811723
1088,281316574907789,36.878331973,3761391767,3761394004,281316599333338,281316598692519,36.917297749,23.784730
1089,281316629927445,36.933351629,3761900199,3761902131,281316631453105,281316632592692,36.951197922,2.665247
1090,281316648818217,36.952242401,3762408631,3762410276,281316667388779,281316666492865,36.985098095,17.674648
1091,281316678041035,36.981465219,3762917063,3762920255,281316699460427,281316700393037,37.018998267,22.352002
1092,281316705961855,37.009386039,3763425495,3763428381,281316735324337,281316734293210,37.052898440,28.331355
1093,281316760450926,37.063875110,3763933928,3763936505,281316767395773,281316768193450,37.086798680,7.742524
1094,281316782687733,37.086111917,3764442360,3764444652,281316803482513,281316802093623,37.120698853,19.405890
1095,281316810648537,37.114072721,3764950792,3764952766,281316835408053,281316835993795,37.154599025,25.345258
1096,281316846801883,37.150226067,3765459224,3765460890,281316871390763,281316869893968,37.188499198,23.092085
1097,281316919686856,37.223111040,3765967656,3765970881,281316903382421,281316903794141,37.222399371,-15.892715
1098,281316938249898,37.241674082,3766476088,3766479008,281316939396714,281316937694314,37.256299544,-0.555584
1099,281316961824628,37.265248812,3766984521,3766987158,281316971392664,281316971594553,37.290199783,9.769925
1100,281316995556811,37.298980995,3767492953,3767495308,281317007355796,281317005494726,37.324099956,9.937915
1101,281317049011493,37.352435677,3768001385,3768003404,281317039405638,281317039394899,37.358000129,-9.616594
1102,281317070388785,37.373812969,3768509817,3768511487,281317071505556,281317073295072,37.391900302,2.906287
1103,281317095072098,37.398496282,3769018249,3769021482,281317107408450,281317107195245,37.425800475,12.123147
1104,281317115341965,37.418766149,3769526681,3769529603,281317139447272,281317141095418,37.459700648,25.753453
1105,281317174232612,37.477656796,3770035113,3770037736,281317175402603,281317174995590,37.493600820,0.762978
1106,281317194681167,37.498105351,3770543545,3770545816,281317207413026,281317208895763,37.527500993,14.214596
1107,281317213680853,37.517105037,3771051977,3771053967,281317243494956,281317242795936,37.561401166,29.115083
1108,281317250851681,37.554275865,3771560410,3771562105,281317275420859,281317276696176,37.595301406,25.844495
1109,281317310299589,37.613723773,3772068842,3772072110,281317311542938,281317310596348,37.629201578,0.296759
1110,281317336051961,37.639476145,3772577274,3772580213,281317343459922,281317344496521,37.663101751,8.444560
1111,281317357253630,37.660677814,3773085706,3773088366,281317379541927,281317378396694,37.697001924,21.143064
1112,281317387530588,37.690954772,3773594138,3773596476,281317411459320,281317412296867,37.730902097,24.766279
1113,281317444805570,37.748229754,3774102570,3774104602,281317447544860,281317446197040,37.764802270,1.391470
1114,281317463614039,37.767038223,3774611002,3774612729,281317479452472,281317480097213,37.798702443,16.483174
1115,281317485803056,37.789227240,3775119435,3775122747,281317515545787,281317513997452,37.832602682,28.194396
1116,281317528713915,37.832138099,3775627867,3775630855,281317547485520,281317547897625,37.866502855,19.183710
1117,281317613659703,37.917083887,3776136299,3776138955,281317583494269,281317581797798,37.900403028,-31.861905
1118,281317634811275,37.938235459,3776644731,3776647105,281317615472183,281317615697971,37.934303201,-19.113304
1119,281317651828510,37.955252694,3777153163,3777155205,281317651455612,281317649598143,37.968203373,-2.230367
1120,281317684362359,37.987786543,3777661595,3777663301,281317683579137,281317683498316,38.002103546,-0.864043
1121,281317747553963,38.050978147,3778170027,3778173312,281317715500275,281317717398489,38.036003719,-30.155474
1122,281317776661317,38.080085501,3778678459,3778681462,281317751595816,281317751298662,38.069903892,-25.362655
1123,281317799700429,38.103124613,3779186892,3779189576,281317783529902,281317785198901,38.103804131,-14.501528
1124,281317819954935,38.123379119,3779695324,3779697710,281317819583328,281317819099074,38.137704304,-0.855861
1125,281317881717445,38.185141629,3780203756,3780205846,281317851558607,281317852999247,38.171604477,-28.718198
1126,281317900914438,38.204338622,3780712188,3780714000,281317887509971,281317886899420,38.205504650,-14.015018
1127,281317919785514,38.223209698,3781220620,3781222086,281317919553073,281317920799593,38.239404823,1.014079
1128,281317938531429,38.241955613,3781729052,3781732098,281317955523190,281317954699766,38.273304996,16.168337
1129,281318006271385,38.309695569,3782237484,3782240216,281317987519881,281317988599938,38.307205168,-17.671447
1130,281318039804975,38.343229159,3782745916,3782748332,281318023573804,281318022500111,38.341105341,-17.304864
1131,281318067638021,38.371062205,3783254349,3783256472,281318055596884,281318056400351,38.375005581,-11.237670
1132,281318091066349,38.394490533,3783762781,3783764616,281318091607454,281318090300524,38.408905754,-0.765825
1133,281318142442931,38.445867115,3784271213,3784272759,281318123523393,281318124200696,38.442805926,-18.242235
1134,281318161698075,38.465122259,3784779645,3784782732,281318159636512,281318158100869,38.476706099,-3.597206
1135,281318186963004,38.490387188,3785288077,3785290866,281318191648485,281318192001042,38.510606272,5.038038
1136,281318210223414,38.513647598,3785796509,3785798994,281318227556067,281318225901215,38.544506445,15.677801
1137,281318262489943,38.565914127,3786304941,3786307146,281318259630506,281318259801388,38.578406618,-2.688555
1138,281318284020559,38.587444743,3786813374,3786815265,281318295544660,281318293701627,38.612306857,9.681068
1139,281318305292814,38.608716998,3787321806,3787323420,281318327550471,281318327601800,38.646207030,22.308986
1140,281318334010899,38.637435083,3787830238,3787833444,281318359617825,281318361501973,38.680107203,27.491074
1141,281318398560707,38.701984891,3788338670,3788341540,281318395558804,281318395402146,38.714007376,-3.158561
1142,281318419200637,38.722624821,3788847102,3788849672,281318427585322,281318429302319,38.747907549,10.101682
1143,281318449491723,38.752915907,3789355534,3789357743,281318463632717,281318463202491,38.781807721,13.710768
1144,281318470673429,38.774097613,3789863966,3789865884,281318495583019,281318497102664,38.815707894,26.429235
1145,281318526550000,38.829974184,3790372398,3790374024,281318531652073,281318531002837,38.849608067,4.452837
1146,281318544670695,38.848094879,3790880831,3790884047,281318563696278,281318564903077,38.883508307,20.232382
1147,281318570852318,38.874276502,3791389263,3791392172,281318599626743,281318598803250,38.917408480,27.950932
1148,281318606249437,38.909673621,3791897695,3791900283,281318631609076,281318632703422,38.951308652,26.453985
1149,281318663529302,38.966953486,3792406127,3792408404,281318667645606,281318666603595,38.985208825,3.074293
1150,281318684826001,38.988250185,3792914559,3792916526,281318699762988,281318700503768,39.019108998,15.677767
1151,281318706988144,39.010412328,3793422991,3793424663,281318735646940,281318734403941,39.053009171,27.415797
1152,281318748442034,39.051866218,3793931423,3793934632,281318767625670,281318768304114,39.086909344,19.862080
1153,281318828550592,39.131974776,3794439855,3794442773,281318803594846,281318802204286,39.120809516,-26.346306
1154,281318849119356,39.152543540,3794948288,3794950886,281318835652022,281318836104526,39.154709756,-13.014830
1155,281318871890542,39.175314726,3795456720,3795459020,281318871724791,281318870004699,39.188609929,-1.885843
1156,281318893185962,39.196610146,3795965152,3795967140,281318903673939,281318903904872,39.222510102,10.718910
1157,281318952250632,39.255674816,3796473584,3796475251,281318939624753,281318937805044,39.256410274,-14.445588
1158,281318971206873,39.274631057,3796982016,3796985290,281318971696368,281318971705217,39.290310447,0.498344
1159,281318990375557,39.293799741,3797490448,3797493452,281319003834633,281319005605390,39.324210620,15.229833
1160,281319010054486,39.313478670,3797998881,3798001575,281319039643065,281319039505630,39.358110860,29.451144
1161,281319048475530,39.351899714,3798507313,3798509716,281319071709340,281319073405802,39.392011032,24.930272
1162,281319098361876,39.401786060,3799015745,3799017814,281319107690552,281319107305975,39.425911205,8.944099
1163,281319118252156,39.421676340,3799524177,3799525908,281319139774866,281319141206148,39.459811378,22.953992
1164,281319150271171,39.453695355,3800032609,3800035860,281319175695502,281319175106321,39.493711551,24.835150
1165,281319225953782,39.529377966,3800541041,3800543988,281319207692147,281319209006494,39.527611724,-16.947288
1166,281319248198520,39.551622704,3801049473,3801052107,281319243760535,281319242906667,39.561511897,-5.291853
1167,281319267252646,39.570676830,3801557905,3801560253,281319275701725,281319276806840,39.595412070,9.554194
1168,281319296328172,39.599752356,3802066337,3802068360,281319311663928,281319310707012,39.629312242,14.378840
1169,281319353213315,39.656637499,3802574770,3802576478,281319343768388,281319344607252,39.663212482,-8.606063
1170,281319376389738,39.679813922,3803083202,3803086484,281319379797929,281319378507425,39.697112655,2.117687
1171,281319395742593,39.699166777,3803591634,3803594583,281319411698897,281319412407598,39.731012828,16.665005
1172,281319420891843,39.724316027,3804100066,3804102713,281319447715125,281319446307770,39.764913000,25.415927
1173,281319484771270,39.788195454,3804608498,3804610853,281319479823459,281319480207943,39.798813173,-4.563327
1174,281319504793775,39.808217959,3805116930,3805118967,281319515722997,281319514108116,39.832713346,9.314341
1175,281319523665171,39.827089355,3805625362,3805627070,281319547723172,281319548008289,39.866613519,24.343118
1176,281319554166011,39.857590195,3806133795,3806137086,281319583740947,281319581908528,39.900513758,27.742517
1177,281319617850690,39.921274874,3806642227,3806645207,281319615773548,281319615808701,39.934413931,-2.041989
1178,281319638784367,39.942208551,3807150659,3807153324,281319647807612,281319649708874,39.968314104,10.924507
1179,281319662953052,39.966377236,3807659091,3807661449,281319683789682,281319683609047,40.002214277,20.655995
1180,281319693670877,39.997095061,3808167523,3808169587,281319715820843,281319717509220,40.036114450,23.838343
1181,281319757511206,40.060935390,3808675955,3808677709,281319751780923,281319751409392,40.070014622,-6.101814
1182,281319778831391,40.082255575,3809184387,3809187699,281319783842202,281319785309565,40.103914795,6.478174
1183,281319795477597,40.098901781,3809692819,3809695825,281319819856294,281319819209738,40.137814968,23.732141
1184,281319826917175,40.130341359,3810201252,3810203931,281319851773537,281319853109978,40.171715208,26.192803
1185,281319886871076,40.190295260,3810709684,3810712049,281319887775681,281319887010150,40.205615380,0.139074
1186,281319905007179,40.208431363,3811218116,3811220166,281319919840867,281319920910323,40.239515553,15.903144
1187,281319926419667,40.229843851,3811726548,3811728282,281319955831500,281319954810496,40.273415726,28.390829
1188,281319970590411,40.274014595,3812234980,3812238236,281319987831424,281319988710669,40.307315899,18.120258
1189,281320033536521,40.336960705,3812743412,3812746361,281320023794298,281320022610842,40.341216072,-10.925679
1190,281320056417864,40.359842048,3813251844,3813254516,281320055849889,281320056511015,40.375116245,0.093151
1191,281320082592985,40.386017169,3813760276,3813762639,281320091774447,281320090411188,40.409016418,7.818203
1192,281320107388025,40.410812209,3814268709,3814270752,281320123796929,281320124311427,40.442916657,16.923402
1193,281320166254401,40.469678585,3814777141,3814778861,281320159826558,281320158211600,40.476816830,-8.042801
1194,281320193830140,40.497254324,3815285573,3815288876,281320191899815,281320192111773,40.510717003,-1.718367
1195,281320213304846,40.516729030,3815794005,3815796951,281320227907055,281320226011946,40.544617176,12.707100
1196,281320235057087,40.538481271,3816302437,3816305076,281320259850642,281320259912118,40.578517348,24.855031
1197,281320301303193,40.604727377,3816810869,3816813215,281320291847599,281320293812291,40.612417521,-7.490902
1198,281320322552566,40.625976750,3817319301,3817321348,281320327823415,281320327712464,40.646317694,5.159898
1199,281320340444193,40.643868377,3817827734,3817829477,281320359874686,281320361612704,40.680217934,21.168511
1200,281320366237969,40.669662153,3818336166,3818339459,281320395837446,281320395512876,40.714118106,29.274907
1201,281320424612230,40.728036414,3818844598,3818847602,281320427837378,281320429413049,40.748018279,4.800819
1202,281320442046798,40.745470982,3819353030,3819355695,281320463839937,281320463313222,40.781918452,21.266424
1203,281320471515326,40.774939510,3819861462,3819863843,281320495951911,281320497213395,40.815818625,25.698069
1204,281320503758680,40.807182864,3820369894,3820371965,281320531956419,281320531113568,40.849718798,27.354888
1205,281320555615721,40.859039905,3820878326,3820880055,281320563874389,281320565013740,40.883618970,9.398019
1206,281320576068352,40.879492536,3821386758,3821390049,281320599846011,281320598913913,40.917519143,22.845561
1207,281320608533832,40.911958016,3821895191,3821898163,281320631890865,281320632814153,40.951419383,24.280321
1208,281320638850614,40.942274798,3822403623,3822406303,281320667897664,281320666714326,40.985319556,27.863712
1209,281320700209901,41.003634085,3822912055,3822914389,281320699974249,281320700614499,41.019219729,0.404598
1210,281320719150978,41.022575162,3823420487,3823422505,281320735865093,281320734514671,41.053119901,15.363693
1211,281320742247204,41.045671388,3823928919,3823930608,281320767883944,281320768414844,41.087020074,26.167640
1212,281320775547933,41.078972117,3824437351,3824440585,281320803993220,281320802315017,41.120920247,26.767084
1213,281320830558530,41.133982714,3824945783,3824948721,281320836021992,281320836215190,41.154820420,5.656660
1214,281320850852836,41.154277020,3825454215,3825456876,281320872051019,281320870115363,41.188720593,19.262527
1215,281320879265688,41.182689872,3825962648,3825965035,281320904026685,281320904015602,41.222620832,24.749914
1216,281320914600135,41.218024319,3826471080,3826473159,281320935919961,281320937915775,41.256521005,23.315640
1217,281320977994094,41.281418278,3826979512,3826981271,281320971899889,281320971815948,41.290421178,-6.178146
1218,281321001817984,41.305242168,3827487944,3827489400,281321004085145,281321005716121,41.324321351,3.898137
1219,281321020904704,41.324328888,3827996376,3827999393,281321040006146,281321039616294,41.358221524,18.711590
1220,281321047039204,41.350463388,3828504808,3828507501,281321071929540,281321073516466,41.392121696,26.477262
1221,281321105743650,41.409167834,3829013241,3829015599,281321108038640,281321107416706,41.426021936,1.673056
1222,281321124554979,41.427979163,3829521673,3829523729,281321139928797,281321141316879,41.459922109,16.761900
1223,281321146229249,41.449653433,3830030105,3830031884,281321175995183,281321175217052,41.493822282,28.987803
1224,281321186738810,41.490162994,3830538537,3830541861,281321207945819,281321209117224,41.527722454,22.378414
1225,281321240546092,41.543970276,3831046969,3831049962,281321243933062,281321243017397,41.561622627,2.471305
1226,281321258487724,41.561911908,3831555401,3831558109,281321276110511,281321276917570,41.595522800,18.429846
1227,281321286060562,41.589484746,3832063833,3832066215,281321312102775,281321310817743,41.629422973,24.757181
1228,281321324407405,41.627831589,3832572265,3832574346,281321343963690,281321344717916,41.663323146,20.310511
1229,281321384623328,41.688047512,3833080697,3833082470,281321379995561,281321378618089,41.697223319,-6.005239
1230,281321402172971,41.705597155,3833589130,3833590588,281321412027159,281321412518328,41.731123558,10.345357
1231,281321425739396,41.729163580,3834097562,3834100605,281321447972742,281321446418501,41.765023731,20.679105
1232,281321459383099,41.762807283,3834605994,3834608709,281321480038927,281321480318674,41.798923904,20.935575
1233,281321538992373,41.842416557,3835114426,3835116837,281321516030665,281321514218847,41.832824077,-24.773526
1234,281321557825218,41.861249402,3835622858,3835624953,281321548035665,281321548119019,41.866724249,-9.706199
1235,281321580997794,41.884421978,3836131290,3836133090,281321580116259,281321582019192,41.900624422,1.021398
1236,281321597812040,41.901236224,3836639722,3836641205,281321615989764,281321615919365,41.934524595,18.107325
1237,281321633604725,41.937028909,3837148155,3837151232,281321648048603,281321649819605,41.968424835,16.214880
1238,281321688937735,41.992361919,3837656587,3837659367,281321684116040,281321683719777,42.002325007,-5.217958
1239,281321708885429,42.012309613,3838165019,3838167499,281321716068396,281321717619950,42.036225180,8.734521
1240,281321729487676,42.032911860,3838673451,3838675638,281321752015129,281321751520123,42.070125353,22.032447
1241,281321765340067,42.068764251,3839181883,3839183782,281321784050949,281321785420296,42.104025526,20.080229
1242,281321813623997,42.117048181,3839690315,3839691920,281321820030104,281321819320469,42.137925699,5.696472
1243,281321833792003,42.137216187,3840198747,3840201910,281321852132403,281321853220642,42.171825872,19.428639
1244,281321859578786,42.163002970,3840707179,3840710078,281321888058773,281321887120814,42.205726044,27.542028
1245,281321894168465,42.197592649,3841215612,3841218203,281321920096181,281321921021054,42.239626284,26.852589
1246,281321933010756,42.236434940,3841724044,3841726335,281321956077644,281321954921227,42.273526457,21.910471
1247,281321962915589,42.266339773,3842232476,3842234438,281321988116110,281321988821400,42.307426630,25.905811
1248,281321995786062,42.299210246,3842740908,3842742570,281322024066349,281322022721572,42.341326802,26.935510
1249,281322054439476,42.357863660,3843249340,3843252601,281322056123343,281322056621745,42.375226975,2.182269
1250,281322079021767,42.382445951,3843757772,3843760740,281322092047253,281322090521918,42.409127148,11.500151
1251,281322100888526,42.404312710,3844266204,3844268823,281322124101108,281322124422091,42.443027321,23.533565
1252,281322135839343,42.439263527,3844774636,3844776928,281322160051816,281322158322264,42.476927494,22.482921
1253,281322199529775,42.502953959,3845283069,3845285032,281322192171835,281322192222503,42.510827733,-7.307272
1254,281322218102952,42.521527136,3845791501,3845793177,281322224122784,281322226122676,42.544727906,8.019724
1255,281322236162276,42.539586460,3846299933,3846303191,281322260114112,281322260022849,42.578628079,23.860573
1256,281322268986641,42.572410825,3846808365,3846811346,281322292112363,281322293923022,42.612528252,24.936381
1257,281322327162364,42.630586548,3847316797,3847319452,281322328197608,281322327823195,42.646428425,0.660831
1258,281322347277352,42.650701536,3847825229,3847827564,281322360215024,281322361723367,42.680328597,14.446015
1259,281322367263327,42.670687511,3848333661,3848335707,281322396136322,281322395623540,42.714228770,28.360213
1260,281322404504862,42.707929046,3848842094,3848843806,281322428145094,281322429523780,42.748129010,25.018918
1261,281322457232805,42.760656989,3849350526,3849353811,281322464118001,281322463423953,42.782029183,6.191148
1262,281322501617591,42.805041775,3849858958,3849861928,281322496120962,281322497324125,42.815929355,-4.293466
1263,281322527238176,42.830662360,3850367390,3850370049,281322532132909,281322531224298,42.849829528,3.986122
1264,281322547265662,42.850689846,3850875822,3850878157,281322564127610,281322565124471,42.883729701,17.858809
1265,281322587151137,42.890575321,3851384254,3851386251,281322600241291,281322599024644,42.917629874,11.873507
1266,281322606306498,42.909730682,3851892686,3851894388,281322632156439,281322632924817,42.951530047,26.618319
1267,281322638379438,42.941803622,3852401118,3852404370,281322668135938,281322666824990,42.985430220,28.445552
1268,281322676790324,42.980214508,3852909551,3852912491,281322700174172,281322700725229,43.019330459,23.934905
1269,281322724467719,43.027891903,3853417983,3853420644,281322736137726,281322734625402,43.053230632,10.157683
1270,281322744444987,43.047869171,3853926415,3853928740,281322768148135,281322768525575,43.087130805,24.080588
1271,281322778239379,43.081663563,3854434847,3854436870,281322804138186,281322802425748,43.121030978,24.186369
1272,281322811282831,43.114707015,3854943279,3854944966,281322836162957,281322836325920,43.154931150,25.043089
1273,281322849432800,43.152856984,3855451711,3855454963,281322872181413,281322870226093,43.188831323,20.793293
1274,281322874812430,43.178236614,3855960143,3855963101,281322904203380,281322904126266,43.222731496,29.313836
1275,281322913995063,43.217419247,3856468575,3856471248,281322936181069,281322938026439,43.256631669,24.031376
1276,281322945310192,43.248734376,3856977008,3856979377,281322972211833,281322971926678,43.290531908,26.616486
1277,281322998352603,43.301776787,3857485440,3857487463,281323004219561,281323005826851,43.324432081,7.474248
1278,281323017130062,43.320554246,3857993872,3857995568,281323040172683,281323039727024,43.358332254,22.596962
1279,281323051315216,43.354739400,3858502304,3858505594,281323072241255,281323073627197,43.392232427,22.311981
1280,281323079313024,43.382737208,3859010736,3859013680,281323108193844,281323107527370,43.426132600,28.214346
1281,281323122925588,43.426349772,3859519168,3859521804,281323140270778,281323141427543,43.460032773,18.501955
1282,281323146710336,43.450134520,3860027601,3860029953,281323176199829,281323175327782,43.493933012,28.617446
1283,281323192324799,43.495748983,3860536033,3860538055,281323208209211,281323209227955,43.527833185,16.903156
1284,281323214838050,43.518262234,3861044465,3861046193,281323244266487,281323243128128,43.561733358,28.290078
1285,281323252129101,43.555553285,3861552897,3861556175,281323276279493,281323277028301,43.595633531,24.899200
1286,281323285217309,43.588641493,3862061329,3862064315,281323312251434,281323310928473,43.629533703,25.711164
1287,281323321366969,43.624791153,3862569761,3862572419,281323344358884,281323344828646,43.663433876,23.461677
1288,281323352178834,43.655603018,3863078193,3863080548,281323380220363,281323378728819,43.697334049,26.549985
1289,281323397262495,43.700686679,3863586625,3863588708,281323412311027,281323412628992,43.731234222,15.366497
1290,281323418458502,43.721882686,3864095057,3864096817,281323448408728,281323446529165,43.765134395,28.070663
1291,281323455817499,43.759241683,3864603490,3864606801,281323480278196,281323480429404,43.799034634,24.611905
1292,281323486673314,43.790097498,3865111922,3865114903,281323516233183,281323514329577,43.832934807,27.656263
1293,281323524166475,43.827590659,3865620354,3865623024,281323548248113,281323548229750,43.866834980,24.063275
1294,281323557528321,43.860952505,3866128786,3866131164,281323580301369,281323582129923,43.900735153,24.601602
1295,281323599044109,43.902468293,3866637218,3866639296,281323616289047,281323616030096,43.934635326,16.985987
1296,281323627513493,43.930937677,3867145650,3867147423,281323648330406,281323649930268,43.968535498,22.416775
1297,281323673276146,43.976700330,3867654082,3867655547,281323684296428,281323683830441,44.002435671,10.554295
1298,281323694828705,43.998252889,3868162515,3868165538,281323716271738,281323717730681,44.036335911,22.901976
1299,281323736297143,44.039721327,3868670947,3868673635,281323752276264,281323751630854,44.070236084,15.333711
1300,281323759656113,44.063080297,3869179379,3869181784,281323784309790,281323785531026,44.104136256,25.874913
1301,281323800244991,44.103669175,3869687811,3869689931,281323820343334,281323819431199,44.138036429,19.186208
1302,281323827962940,44.131387124,3870196243,3870198055,281323852344667,281323853331372,44.171936602,25.368432
1303,281323863313607,44.166737791,3870704675,3870706174,281323888348577,281323887231545,44.205836775,23.917938
1304,281323902207905,44.205632089,3871213107,3871216192,281323920383178,281323921131718,44.239736948,18.923813
1305,281323942687632,44.246111816,3871721539,3871724317,281323956318255,281323955031891,44.273637121,12.344259
1306,281323962888074,44.266312258,3872229972,3872232425,281323988336756,281323988932130,44.307537360,26.044056
1307,281324000416475,44.303840659,3872738404,3872740566,281324024410495,281324022832303,44.341437533,22.415828
1308,281324032380178,44.335804362,3873246836,3873248698,281324056361321,281324056732476,44.375337706,24.352298
1309,281324081560230,44.384984414,3873755268,3873756812,281324092333939,281324090632649,44.409237879,9.072419
1310,281324099648404,44.403072588,3874263700,3874266827,281324124366792,281324124532821,44.443138051,24.884417
1311,281324133653644,44.437077828,3874772132,3874774973,281324160327567,281324158432994,44.477038224,24.779350
1312,281324168115902,44.471540086,3875280564,3875283090,281324192358974,281324192333167,44.510938397,24.217265
1313,281324210790203,44.514214387,3875788996,3875791210,281324224492258,281324226233340,44.544838570,15.443137
1314,281324230802969,44.534227153,3876297429,3876299368,281324260398698,281324260133579,44.578738809,29.330610
1315,281324269082140,44.572506324,3876805861,3876807476,281324292514714,281324294033752,44.612638982,24.951612
1316,281324299568235,44.602992419,3877314293,3877317458,281324328392416,281324327933925,44.646539155,28.365690
1317,281324338773904,44.642198088,3877822725,3877825540,281324360384863,281324361834098,44.680439328,23.060194
1318,281324371925302,44.675349486,3878331157,3878333663,281324396376972,281324395734271,44.714339501,23.808969
1319,281324413483195,44.716907379,3878839589,3878841757,281324428425452,281324429634444,44.748239674,16.151249
1320,281324435892706,44.739316890,3879348021,3879349899,281324464371426,281324463534616,44.782139846,27.641910
1321,281324487465622,44.790889806,3879856454,3879858014,281324496419202,281324497434856,44.816040086,9.969234
1322,281324513442293,44.816866477,3880364886,3880368005,281324532372920,281324531335029,44.849940259,17.892736
1323,281324559737044,44.863161228,3880873318,3880876134,281324564550257,281324565235202,44.883840432,5.498158
1324,281324581198192,44.884622376,3881381750,3881384255,281324600388839,281324599135374,44.917740604,17.937182
1325,281324618445492,44.921869676,3881890182,3881892410,281324632550240,281324633035547,44.951640777,14.590055
1326,281324639054229,44.942478413,3882398614,3882400521,281324668386357,281324666935720,44.985540950,27.881491
1327,281324676858289,44.980282473,3882907046,3882908643,281324700519917,281324700835893,45.019441123,23.977604
1328,281324707965520,45.011389704,3883415478,3883418610,281324736392384,281324734736066,45.053341296,26.770546
