frame_idx,timestamp,state,is_lost,is_keyframe,x,y,z,q_x,q_y,q_z,q_w
0,0.000000,2,false,false,0.251031897,-0.455480174,0.366100436,0.890353220,0.203035676,-0.135447553,-0.384319682
1,0.067791,2,false,false,0.251738774,-0.454985181,0.366265668,0.890076388,0.204093533,-0.136302327,-0.384098332
2,0.101687,2,false,false,0.250802153,-0.456529801,0.365943098,0.889559556,0.204332547,-0.136102633,-0.385237693
3,0.135582,2,false,false,0.250711056,-0.455733815,0.364148175,0.889013804,0.205174512,-0.137442693,-0.385574094
4,0.169478,2,false,false,0.250947096,-0.455903832,0.365993904,0.889228985,0.206225676,-0.137301241,-0.384566187
5,0.203374,2,false,false,0.249911933,-0.455836592,0.365725670,0.889226584,0.206457729,-0.137572956,-0.384350063
6,0.237269,2,false,false,0.250923169,-0.455252171,0.365728631,0.888949942,0.206609960,-0.139122538,-0.384350420
7,0.271165,2,false,false,0.250479518,-0.456148402,0.365341332,0.888821219,0.206478008,-0.139135771,-0.384714062
8,0.305060,2,false,false,0.250389146,-0.455836709,0.365796353,0.888870105,0.207167639,-0.139457132,-0.384113543
9,0.338956,2,false,false,0.250230791,-0.455811140,0.365600070,0.888845526,0.207272210,-0.139695032,-0.384027551
10,0.372852,2,false,false,0.250944186,-0.455524814,0.365323969,0.888710199,0.207578031,-0.140663755,-0.383821901
11,0.406747,2,false,false,0.251051121,-0.455302567,0.365333361,0.888870853,0.207629868,-0.141082891,-0.383267612
12,0.474538,2,false,false,0.250820127,-0.456004216,0.365710692,0.889136935,0.207172669,-0.140330127,-0.383174180
13,0.508434,2,false,false,0.251488746,-0.454822148,0.365158047,0.889266911,0.207839446,-0.140763383,-0.382351664
14,0.542330,2,false,false,0.250562154,-0.454888337,0.364874293,0.889562130,0.207536341,-0.139703397,-0.382218320
15,0.576225,2,false,false,0.250214574,-0.455436695,0.364085440,0.889534776,0.207056252,-0.138759112,-0.382885752
16,0.610121,2,false,false,0.249942552,-0.455173317,0.364185726,0.889724121,0.207157007,-0.137751687,-0.382755059
17,0.644017,2,false,false,0.249871147,-0.455363843,0.365271310,0.889889239,0.206900139,-0.137382867,-0.382642683
18,0.677912,2,false,false,0.249700909,-0.456191731,0.364694673,0.889643985,0.206131144,-0.137160579,-0.383706276
19,0.711808,2,false,false,0.250555153,-0.455854954,0.364982590,0.889694399,0.206151219,-0.137677288,-0.383393421
20,0.745703,2,false,false,0.250129571,-0.456096982,0.364219208,0.889576142,0.205903879,-0.137309376,-0.383932306
21,0.779599,2,false,false,0.249950281,-0.456909608,0.364282194,0.889566314,0.205873797,-0.136024411,-0.384428292
22,0.813495,2,false,false,0.250352985,-0.456088096,0.363987449,0.889473621,0.206788403,-0.135306212,-0.384405336
23,0.847390,2,false,false,0.250040578,-0.456778810,0.364883545,0.889454595,0.207614646,-0.133678351,-0.384573505
24,0.881286,2,false,false,0.248755797,-0.457210953,0.364665478,0.889715981,0.207549179,-0.131767102,-0.384663803
25,0.915181,2,false,false,0.249591882,-0.456415065,0.365062561,0.889774799,0.208253195,-0.132183362,-0.384003871
26,0.949077,2,false,false,0.249328942,-0.456613210,0.364133058,0.890035464,0.207346569,-0.132646700,-0.383730537
27,0.982973,2,false,false,0.249423455,-0.456355326,0.363707118,0.890378209,0.206428807,-0.133733224,-0.383052500
28,1.016868,2,false,false,0.250662321,-0.455583869,0.364741443,0.890231840,0.207081500,-0.134839838,-0.382652245
29,1.050764,2,false,false,0.250053002,-0.457574771,0.365071351,0.890193904,0.206571708,-0.134136616,-0.383262718
30,1.084659,2,false,false,0.249916950,-0.456505647,0.364624382,0.890172888,0.207259144,-0.134626971,-0.382768149
31,1.118555,2,false,false,0.249933249,-0.456636779,0.365871526,0.890263000,0.207752220,-0.133643972,-0.382635721
32,1.152451,2,false,false,0.250397881,-0.457119004,0.365158519,0.889903481,0.208018173,-0.133264803,-0.383458899
33,1.186346,2,false,false,0.248711958,-0.458016275,0.365035375,0.890016133,0.208053582,-0.131845530,-0.383668797
34,1.220242,2,false,false,0.250067461,-0.456856675,0.365031527,0.889798134,0.208841973,-0.133400888,-0.383208186
35,1.254137,2,false,false,0.249568454,-0.457368179,0.364962958,0.889708558,0.208745602,-0.132935267,-0.383630251
36,1.288033,2,false,false,0.249756566,-0.457488746,0.365119811,0.889531418,0.209855500,-0.133038991,-0.383399469
37,1.321929,2,false,false,0.249306077,-0.457223060,0.364969767,0.889699738,0.210219168,-0.132994406,-0.382824719
38,1.355824,2,false,false,0.249519409,-0.457029716,0.364810987,0.889589115,0.211150268,-0.132637825,-0.382693060
39,1.389720,2,false,false,0.248658797,-0.457690992,0.364448782,0.889884384,0.210760085,-0.131388795,-0.382652524
40,1.423615,2,false,false,0.248746937,-0.457330325,0.365414446,0.889946004,0.211749206,-0.130872071,-0.382139877
41,1.457511,2,false,false,0.248402680,-0.457590428,0.365097566,0.889793221,0.211874404,-0.130390305,-0.382590680
42,1.491407,2,false,false,0.248182053,-0.457465294,0.364513366,0.889571658,0.212153222,-0.130200178,-0.383015912
43,1.525302,2,false,false,0.248609964,-0.457341733,0.364613216,0.889447213,0.212958301,-0.129859350,-0.382973846
44,1.559198,2,false,false,0.247792569,-0.457787663,0.365455786,0.889419180,0.213680503,-0.127872040,-0.383305240
45,1.593093,2,false,false,0.247342995,-0.458177259,0.365300293,0.889408639,0.213623537,-0.127434848,-0.383506998
46,1.626989,2,false,false,0.247959012,-0.456845787,0.364232018,0.889142204,0.214191240,-0.128400119,-0.383486196
47,1.660885,2,false,false,0.247292349,-0.457705075,0.365706725,0.889361222,0.214262009,-0.127119920,-0.383365276
48,1.694780,2,false,false,0.247590830,-0.457545466,0.365499709,0.889348824,0.214169759,-0.127455821,-0.383334055
49,1.728676,2,false,false,0.247357433,-0.457951178,0.364833933,0.889095349,0.214329814,-0.127821482,-0.383710646
50,1.762571,2,false,false,0.246962789,-0.458407041,0.364827575,0.889083241,0.214323401,-0.127726896,-0.383773774
51,1.796467,2,false,false,0.247188002,-0.457872278,0.365795560,0.889316706,0.214863422,-0.128178513,-0.382779017
52,1.830363,2,false,false,0.247468810,-0.458012989,0.364974724,0.889113645,0.214697819,-0.129103746,-0.383032629
53,1.864258,2,false,false,0.248232018,-0.458141773,0.364954365,0.889011942,0.214983459,-0.129617942,-0.382934810
54,1.898154,2,false,false,0.247272929,-0.457906869,0.364690292,0.889296265,0.214880020,-0.129055583,-0.382522401
55,1.932050,2,false,false,0.247192411,-0.458312964,0.364950153,0.889581742,0.214711151,-0.128309131,-0.382204413
56,1.965945,2,false,false,0.247240934,-0.457836936,0.363988810,0.889272750,0.215584016,-0.127976613,-0.382543454
57,1.999841,2,false,false,0.246957413,-0.458378204,0.365973676,0.889602432,0.216076231,-0.126309216,-0.382053081
58,2.033736,2,false,false,0.246735344,-0.458119862,0.364803832,0.889226393,0.216405602,-0.126870882,-0.382555639
59,2.067632,2,false,false,0.247255020,-0.457590092,0.365715269,0.889522791,0.216301447,-0.127465313,-0.381726974
60,2.101527,2,false,false,0.247297246,-0.457823883,0.365348061,0.889454990,0.215886527,-0.127915958,-0.381969025
61,2.135423,2,false,false,0.247251455,-0.458165781,0.365635989,0.889418100,0.216188282,-0.128127168,-0.381813434
62,2.169319,2,false,false,0.247293200,-0.457930214,0.364887546,0.889161519,0.216636800,-0.128763914,-0.381942592
63,2.203214,2,false,false,0.246404795,-0.457976337,0.365531762,0.889513734,0.216355556,-0.128115152,-0.381499800
64,2.237110,2,false,false,0.246767736,-0.457805140,0.365527351,0.889431702,0.216744207,-0.128089976,-0.381478904
65,2.271006,2,false,false,0.246740737,-0.457651493,0.365788914,0.889499502,0.217025559,-0.127804679,-0.381256485
66,2.304901,2,false,false,0.247199488,-0.457800491,0.365243641,0.889252450,0.217293650,-0.127836460,-0.381669216
67,2.338797,2,false,false,0.246004578,-0.458219895,0.364904784,0.889293347,0.216932284,-0.126957388,-0.382072701
68,2.372692,2,false,false,0.246272687,-0.458599487,0.365179609,0.889271625,0.217235722,-0.126061008,-0.382247616
69,2.406588,2,false,false,0.246416456,-0.458642306,0.365498864,0.889102240,0.218044810,-0.125804812,-0.382265374
70,2.440484,2,false,false,0.246009903,-0.459048587,0.364942920,0.889047023,0.218313686,-0.125200966,-0.382438550
71,2.474379,2,false,false,0.245568994,-0.459111238,0.366011338,0.889291633,0.219046359,-0.124152326,-0.381792200
72,2.508275,2,false,false,0.245599106,-0.458935416,0.365298262,0.889134506,0.219114229,-0.124512564,-0.382001840
73,2.542170,2,false,false,0.245493663,-0.459086251,0.365257178,0.889183283,0.218714260,-0.124613436,-0.382084615
74,2.576066,2,false,false,0.245121140,-0.458944721,0.364722257,0.889193411,0.218682742,-0.124553398,-0.382098662
75,2.609962,2,false,false,0.245067766,-0.458758132,0.364712258,0.889339505,0.218495592,-0.124709749,-0.381814614
76,2.643857,2,false,false,0.245484646,-0.458073203,0.364193276,0.889334538,0.218876481,-0.125252890,-0.381430045
77,2.677753,2,false,false,0.245647910,-0.458269783,0.364878337,0.889494413,0.219029376,-0.124921557,-0.381077978
78,2.711648,2,false,false,0.246203537,-0.458050382,0.364831448,0.889446341,0.219209360,-0.125217851,-0.380989440
79,2.745544,2,false,false,0.245542673,-0.457630945,0.365453315,0.889757075,0.219055111,-0.124997282,-0.380424612
80,2.779440,2,false,false,0.245674633,-0.458050888,0.364721128,0.889332932,0.218993807,-0.125591148,-0.381255180
81,2.813335,2,false,false,0.245606609,-0.458314781,0.365134806,0.889116387,0.219424882,-0.125338473,-0.381595387
82,2.847231,2,false,false,0.245911907,-0.458227118,0.365147183,0.889128971,0.219518004,-0.125504126,-0.381458036
83,2.881126,2,false,false,0.246063262,-0.458155278,0.364587064,0.889238874,0.219592627,-0.125643468,-0.381112874
84,2.915022,2,false,false,0.245922847,-0.458080532,0.364685530,0.889350574,0.219933873,-0.125171114,-0.380810768
85,2.948918,2,false,false,0.244679178,-0.458911621,0.363443171,0.889217834,0.219668217,-0.123606881,-0.381783784
86,2.982813,2,false,false,0.244449873,-0.458769918,0.364308057,0.889553514,0.220135536,-0.123030163,-0.380917931
87,3.016709,2,false,false,0.245734026,-0.458568853,0.365070405,0.889540811,0.220702395,-0.124035619,-0.380292997
88,3.050604,2,false,false,0.244826896,-0.458601376,0.364875172,0.889778347,0.220054058,-0.124032822,-0.380113884
89,3.084500,2,false,false,0.244738564,-0.458597694,0.365439755,0.889923850,0.220201148,-0.123506723,-0.379859296
90,3.118396,2,false,false,0.244883551,-0.458341532,0.364897527,0.889942761,0.220256195,-0.123634887,-0.379741367
91,3.152291,2,false,false,0.245243620,-0.458229445,0.364903740,0.889848383,0.220804924,-0.123590229,-0.379658393
92,3.186187,2,false,false,0.245088451,-0.458313053,0.365402242,0.889873805,0.221287710,-0.123082211,-0.379482713
93,3.220082,2,false,false,0.244928972,-0.458179731,0.365251892,0.889886738,0.221621752,-0.123038113,-0.379271690
94,3.253978,2,false,false,0.244779698,-0.458430792,0.365251258,0.889833031,0.221991372,-0.122607524,-0.379320977
95,3.287874,2,false,false,0.244094489,-0.458996538,0.365142267,0.889790168,0.221810010,-0.122252648,-0.379642024
96,3.321769,2,false,false,0.243876310,-0.458538479,0.363707868,0.889452951,0.222004857,-0.123055076,-0.380058863
97,3.355665,2,false,false,0.244264488,-0.458340744,0.364861863,0.889357163,0.222860285,-0.122993798,-0.379802127
98,3.389560,2,false,false,0.244017175,-0.459160897,0.363582786,0.888914084,0.223062018,-0.122574773,-0.380854976
99,3.423456,2,false,false,0.244396920,-0.458958883,0.363369082,0.889109506,0.223445462,-0.123285640,-0.379943499
100,3.457352,2,false,false,0.244425636,-0.458912578,0.363916179,0.889566789,0.223577221,-0.122296465,-0.379114401
101,3.491247,2,false,false,0.243260961,-0.459028964,0.365756712,0.890270337,0.223642553,-0.121129396,-0.377796777
102,3.525143,2,false,false,0.244018681,-0.458895963,0.365650643,0.890117727,0.223626956,-0.122898428,-0.377594218
103,3.559039,2,false,false,0.245264742,-0.457844842,0.362548662,0.889562189,0.224086010,-0.125641184,-0.377728561
104,3.592934,2,false,false,0.244942823,-0.457585969,0.363235902,0.889856722,0.224005643,-0.125187796,-0.377232689
105,3.626830,2,false,false,0.245246464,-0.457123416,0.363079819,0.889867383,0.223796114,-0.125495687,-0.377229601
106,3.660725,2,false,false,0.244516289,-0.457671518,0.362875157,0.889680504,0.224030545,-0.124398554,-0.377894054
107,3.694621,2,false,false,0.244092540,-0.458127228,0.363455735,0.889893610,0.223892203,-0.123917166,-0.377632336
108,3.728517,2,false,false,0.244459519,-0.457798284,0.363858748,0.890012143,0.223991926,-0.124457482,-0.377115815
109,3.762412,2,false,false,0.245098970,-0.457467137,0.364574259,0.889978083,0.224117299,-0.125560797,-0.376755802
110,3.796308,2,false,false,0.245005774,-0.457139970,0.364256947,0.889890742,0.223617720,-0.126094188,-0.377080679
111,3.830203,2,false,false,0.244732877,-0.458457766,0.364969597,0.889743355,0.223442085,-0.125744966,-0.377648778
112,3.864099,2,false,false,0.245146817,-0.458383200,0.364759150,0.889309576,0.224012371,-0.126205616,-0.378178632
113,3.897995,2,false,false,0.244698612,-0.459320341,0.364311161,0.889103047,0.223951423,-0.125914761,-0.378796786
114,3.931890,2,false,false,0.244786708,-0.458520560,0.363589063,0.889012629,0.224597542,-0.126054073,-0.378580059
115,3.965786,2,false,false,0.244770272,-0.459206755,0.362898368,0.889051227,0.224598080,-0.125149298,-0.378789217
116,3.999681,2,false,false,0.245169284,-0.458337767,0.364528080,0.889793587,0.225028679,-0.124214070,-0.377094591
117,4.033577,2,false,false,0.244376887,-0.458532986,0.364262742,0.889767106,0.225570313,-0.123132733,-0.377188098
118,4.067473,2,false,false,0.244017731,-0.458274302,0.364589081,0.889967954,0.224902907,-0.123266139,-0.377069200
119,4.101368,2,false,false,0.244721887,-0.458089043,0.363661843,0.889558757,0.224805952,-0.124505193,-0.377684999
120,4.135264,2,false,false,0.244707679,-0.458291399,0.364661601,0.889728607,0.224550114,-0.124879958,-0.377313196
121,4.169159,2,false,false,0.245196191,-0.457696949,0.364051718,0.889542268,0.224757905,-0.125696557,-0.377357672
122,4.203055,2,false,false,0.245352613,-0.457724420,0.363346891,0.889239315,0.224597658,-0.126341155,-0.377951378
123,4.236951,2,false,false,0.245157357,-0.458439942,0.363499961,0.889308035,0.225051932,-0.125342267,-0.377852038
124,4.270846,2,false,false,0.244694772,-0.458889331,0.363029792,0.889313690,0.225611663,-0.124298706,-0.377849665
125,4.304742,2,false,false,0.243577319,-0.458842097,0.364048292,0.889733147,0.225959198,-0.122734398,-0.377165262
126,4.338637,2,false,false,0.243520795,-0.459019838,0.363579960,0.889802403,0.225921816,-0.122427675,-0.377123959
127,4.372533,2,false,false,0.244219150,-0.458607326,0.364166829,0.890159385,0.226094491,-0.123015066,-0.375985165
128,4.406429,2,false,false,0.243842452,-0.458330426,0.363567890,0.890043497,0.226544999,-0.122783141,-0.376064139
129,4.440324,2,false,false,0.243428297,-0.458435894,0.363700220,0.890295771,0.226583015,-0.122178517,-0.375640769
130,4.474220,2,false,false,0.243648986,-0.457882667,0.363472387,0.890180898,0.227308405,-0.122630589,-0.375327320
131,4.508115,2,false,false,0.243597855,-0.458171010,0.364557821,0.890219408,0.227657547,-0.122482709,-0.375072570
132,4.542011,2,false,false,0.243444995,-0.458081716,0.364205228,0.890139897,0.227598070,-0.122996221,-0.375129327
133,4.575907,2,false,false,0.243774950,-0.458290504,0.365569070,0.890445840,0.227866988,-0.122628243,-0.374359662
134,4.609802,2,false,false,0.243638641,-0.457587725,0.363950277,0.890084987,0.227784159,-0.124025327,-0.374807699
135,4.643698,2,false,false,0.243568223,-0.457751181,0.364597751,0.890045960,0.227726667,-0.123873380,-0.374985519
136,4.677593,2,false,false,0.243841708,-0.457736717,0.364078776,0.889874423,0.227941284,-0.124155321,-0.375168947
137,4.711489,2,false,false,0.243424986,-0.458481970,0.363934818,0.889951131,0.227631962,-0.123461532,-0.375403682
138,4.745385,2,false,false,0.243585615,-0.458375919,0.363320351,0.889944670,0.227628469,-0.123492732,-0.375410855
139,4.779280,2,false,false,0.243514591,-0.458100023,0.363137076,0.889998035,0.227682522,-0.123309363,-0.375311827
140,4.813176,2,false,false,0.243981794,-0.457613998,0.363486651,0.889996731,0.228289932,-0.123279707,-0.374955517
141,4.847072,2,false,false,0.243461125,-0.457467962,0.362158504,0.889859816,0.228089424,-0.123485270,-0.375334664
142,4.880967,2,false,false,0.243228181,-0.457056137,0.363373820,0.889964856,0.228048319,-0.123268218,-0.375181910
143,4.914863,2,false,false,0.244095910,-0.456954432,0.363619908,0.889768817,0.227242122,-0.124424859,-0.375753809
144,4.948758,2,false,false,0.244038664,-0.457963321,0.363033994,0.889595718,0.226854583,-0.124171521,-0.376480929
145,4.982654,2,false,false,0.243796043,-0.457856143,0.363852795,0.889866612,0.227225249,-0.123738152,-0.375759189
146,5.016550,2,false,false,0.244802826,-0.456499277,0.362622011,0.889828940,0.227666615,-0.124088364,-0.375465641
147,5.050445,2,false,false,0.244191262,-0.456867450,0.362560164,0.890035582,0.227796721,-0.122824063,-0.375312626
148,5.084341,2,false,false,0.243442267,-0.458040788,0.362687030,0.890201026,0.227901154,-0.120977022,-0.375456732
149,5.118236,2,false,false,0.243076717,-0.457514968,0.363429896,0.890144993,0.228929511,-0.119913305,-0.375305169
150,5.152132,2,false,false,0.242756209,-0.457536530,0.363442735,0.890067436,0.228852966,-0.118959321,-0.375839007
151,5.186028,2,false,false,0.242813227,-0.457840763,0.362869870,0.889829116,0.228382926,-0.118696230,-0.376771267
152,5.219923,2,false,false,0.243259169,-0.457779480,0.363274709,0.890089938,0.228147103,-0.119080206,-0.376176431
153,5.253819,2,false,false,0.242977898,-0.457834101,0.363328975,0.890208891,0.228203269,-0.118609599,-0.376009523
154,5.287714,2,false,false,0.242620608,-0.458299928,0.362651044,0.890229328,0.227852366,-0.118285742,-0.376275864
155,5.321610,2,false,false,0.242725849,-0.458486059,0.362003474,0.890098853,0.228140713,-0.118442195,-0.376360591
156,5.355506,2,false,false,0.242561022,-0.458124785,0.362497693,0.890444346,0.228809484,-0.117687366,-0.375372841
157,5.389401,2,false,false,0.242591064,-0.457695551,0.362793810,0.890745864,0.229098667,-0.117206937,-0.374630672
158,5.423297,2,false,false,0.242139952,-0.458022152,0.363354820,0.891001470,0.229024024,-0.116514813,-0.374284216
159,5.457192,2,false,false,0.241740151,-0.457855920,0.362985105,0.890956729,0.229235727,-0.116738130,-0.374191524
160,5.491088,2,false,false,0.242626155,-0.457810627,0.363864367,0.890781477,0.229472133,-0.117446605,-0.374242161
161,5.524984,2,false,false,0.241913881,-0.458969611,0.364131746,0.890783676,0.228901060,-0.116953883,-0.374740627
162,5.558879,2,false,false,0.242447527,-0.458341394,0.363448504,0.890793440,0.228704536,-0.117973567,-0.374517716
163,5.592775,2,false,false,0.242321220,-0.458159920,0.363383162,0.890692512,0.228874043,-0.117731845,-0.374730215
164,5.626670,2,false,false,0.242337625,-0.458341255,0.362571099,0.890586330,0.228835327,-0.117519530,-0.375072716
165,5.660566,2,false,false,0.242433072,-0.457304783,0.362394617,0.890762726,0.228837450,-0.117958755,-0.374514246
166,5.694462,2,false,false,0.242502915,-0.457271892,0.362357130,0.890568327,0.229278859,-0.117715515,-0.374783027
167,5.728357,2,false,false,0.242497744,-0.457770862,0.362957869,0.890506930,0.229273017,-0.117161124,-0.375106068
168,5.762253,2,false,false,0.242314309,-0.457628268,0.363404931,0.890500610,0.229314755,-0.117753452,-0.374910031
169,5.796148,2,false,false,0.243043420,-0.457502425,0.363753407,0.890194538,0.229678118,-0.118396707,-0.375211762
170,5.830044,2,false,false,0.242838046,-0.458337385,0.363053272,0.890117800,0.229113537,-0.118328939,-0.375759965
171,5.863940,2,false,false,0.243178899,-0.457978092,0.363554341,0.890149802,0.229487988,-0.118307354,-0.375462333
172,5.897835,2,false,false,0.242961695,-0.458275196,0.363135477,0.889896531,0.229826380,-0.117897636,-0.375984237
173,5.931731,2,false,false,0.243058831,-0.458424400,0.363407840,0.889744537,0.230524979,-0.116869260,-0.376237251
174,5.965626,2,false,false,0.242000867,-0.459415720,0.363863249,0.889838426,0.230918849,-0.114767656,-0.376420571
175,5.999522,2,false,false,0.241392103,-0.459288497,0.364539585,0.889954516,0.231363375,-0.113798112,-0.376167433
176,6.033418,2,false,false,0.241553600,-0.458725568,0.362876311,0.889491929,0.231704240,-0.114248357,-0.376914536
177,6.067313,2,false,false,0.241513040,-0.458838367,0.362988672,0.889535289,0.231527459,-0.114215525,-0.376930789
178,6.101209,2,false,false,0.241390936,-0.458897999,0.363248456,0.889638525,0.231351863,-0.114193084,-0.376801737
179,6.135104,2,false,false,0.241362895,-0.459656329,0.364135572,0.889408924,0.231316499,-0.114029668,-0.377414464
180,6.169000,2,false,false,0.241460239,-0.459314804,0.363549425,0.889249388,0.231312913,-0.115039043,-0.377486267
181,6.202896,2,false,false,0.241943029,-0.459348897,0.363807269,0.889459911,0.230789602,-0.115462632,-0.377181133
182,6.236791,2,false,false,0.241639487,-0.459379366,0.362929804,0.889030478,0.231346700,-0.115315044,-0.377896751
183,6.270687,2,false,false,0.241180278,-0.459868690,0.363024045,0.888981792,0.231960315,-0.114524624,-0.377875503
184,6.304583,2,false,false,0.241263769,-0.459536024,0.363175460,0.889177151,0.231811021,-0.114712256,-0.377450318
185,6.338478,2,false,false,0.240803896,-0.459793493,0.362794096,0.889011956,0.231842682,-0.114603832,-0.377852715
186,6.372374,2,false,false,0.241372295,-0.459635359,0.364500067,0.889323080,0.231619439,-0.115312741,-0.377040935
187,6.406269,2,false,false,0.241173819,-0.459517592,0.364743008,0.889129572,0.231575369,-0.115563785,-0.377447300
188,6.440165,2,false,false,0.241952470,-0.459199267,0.363978285,0.888738910,0.231338643,-0.117453886,-0.377928786
189,6.474061,2,false,false,0.242430454,-0.459564016,0.364117989,0.888375478,0.231611114,-0.118071841,-0.378423496
190,6.507956,2,false,false,0.242580550,-0.459013199,0.363471207,0.888156355,0.231988240,-0.118425686,-0.378596227
191,6.541852,2,false,false,0.242206107,-0.459820766,0.364032655,0.888508575,0.231251527,-0.117382812,-0.378545266
192,6.575747,2,false,false,0.242874929,-0.459280700,0.363784898,0.888527507,0.231559470,-0.117641724,-0.378232080
193,6.609643,2,false,false,0.242353775,-0.459604433,0.363911918,0.888505743,0.231615576,-0.116745745,-0.378526353
194,6.643539,2,false,false,0.242754732,-0.459403064,0.364411073,0.888702678,0.231075423,-0.116914158,-0.378342146
195,6.677434,2,false,false,0.242871466,-0.459172513,0.364434914,0.888413956,0.230573943,-0.117088110,-0.379271241
196,6.711330,2,false,false,0.242753598,-0.460222789,0.365944423,0.888333023,0.230000130,-0.115881268,-0.380178789
197,6.745225,2,false,false,0.242758367,-0.460919677,0.365140206,0.888054119,0.229740607,-0.116124052,-0.380912508
198,6.779121,2,false,false,0.242857776,-0.460387460,0.364254257,0.888149895,0.229921555,-0.116367586,-0.380505490
199,6.813017,2,false,false,0.242853212,-0.460323069,0.364345901,0.888245130,0.230242859,-0.115826875,-0.380253797
200,6.846912,2,false,false,0.242431241,-0.460801947,0.365031416,0.888667277,0.230120413,-0.114602687,-0.379712116
201,6.880808,2,false,false,0.242443582,-0.460776205,0.365675898,0.888593081,0.230608561,-0.114784101,-0.379534765
202,6.914703,2,false,false,0.242206196,-0.460457049,0.364700834,0.888316800,0.230566796,-0.115418299,-0.380014252
203,6.948599,2,false,false,0.242422406,-0.460934581,0.365570722,0.888240832,0.230851880,-0.115809982,-0.379899568
204,6.982495,2,false,false,0.242675985,-0.460152192,0.365320562,0.888419550,0.230365409,-0.117381596,-0.379294138
205,7.016390,2,false,false,0.242704963,-0.460458412,0.364911282,0.888035757,0.230968339,-0.117623614,-0.379750980
206,7.050286,2,false,false,0.242601858,-0.460011053,0.365380629,0.888436696,0.231344127,-0.117837731,-0.378516052
207,7.084181,2,false,false,0.242539796,-0.459878843,0.365476343,0.888510645,0.231635615,-0.117237509,-0.378350555
208,7.118077,2,false,false,0.242436163,-0.460198597,0.364856967,0.888277865,0.231905902,-0.116844693,-0.378852749
209,7.151973,2,false,false,0.241655342,-0.460948197,0.365143659,0.888150750,0.232071453,-0.116189654,-0.379250642
210,7.185868,2,false,false,0.242199020,-0.460331998,0.364982879,0.888040117,0.232371087,-0.117111189,-0.379042740
211,7.219764,2,false,false,0.243000575,-0.460629167,0.365509436,0.887924346,0.232165602,-0.118501263,-0.379007837
212,7.253659,2,false,false,0.242388627,-0.460908446,0.364861005,0.887734274,0.232102013,-0.119135971,-0.379292940
213,7.287555,2,false,false,0.242118843,-0.460530850,0.363594618,0.887374506,0.232590835,-0.120134439,-0.379520364
214,7.321451,2,false,false,0.242396853,-0.460218002,0.363539048,0.887244487,0.233143547,-0.120324502,-0.379424987
215,7.355346,2,false,false,0.242088442,-0.460551310,0.363816747,0.887453097,0.233023080,-0.119230674,-0.379356419
216,7.389242,2,false,false,0.242422953,-0.459937892,0.363644692,0.887480964,0.233941125,-0.119030161,-0.378788739
217,7.423137,2,false,false,0.242379626,-0.459115903,0.362997532,0.887582625,0.234432977,-0.118834717,-0.378307511
218,7.457033,2,false,false,0.241817273,-0.459453343,0.364086542,0.887882966,0.234476467,-0.117296617,-0.378055721
219,7.490929,2,false,false,0.241402054,-0.459993181,0.363905809,0.887818433,0.234156800,-0.116648732,-0.378605463
220,7.524824,2,false,false,0.241172562,-0.460382282,0.363969970,0.887924363,0.233850771,-0.116472005,-0.378600600
221,7.558720,2,false,false,0.241568145,-0.459842454,0.363556584,0.887707199,0.233961617,-0.116887398,-0.378913219
222,7.592616,2,false,false,0.241079112,-0.460599157,0.364444438,0.887666423,0.233948921,-0.116120317,-0.379252286
223,7.626511,2,false,false,0.242279246,-0.460216480,0.364188381,0.887537079,0.233902322,-0.117059260,-0.379295093
224,7.660407,2,false,false,0.241973227,-0.460156752,0.364434725,0.887721794,0.233693539,-0.116824967,-0.379063679
225,7.694302,2,false,false,0.242059821,-0.460132235,0.363655365,0.887608897,0.233558966,-0.117019961,-0.379350739
226,7.728198,2,false,false,0.241134792,-0.461247560,0.364471208,0.887835521,0.233346828,-0.115446946,-0.379432931
227,7.762093,2,false,false,0.240976666,-0.460785822,0.364969098,0.888052446,0.233750932,-0.115402191,-0.378689436
228,7.795989,2,false,false,0.241801671,-0.460232859,0.364372553,0.887949376,0.233737962,-0.116273393,-0.378672640
229,7.829885,2,false,false,0.241610986,-0.459795923,0.364584731,0.888036828,0.233810573,-0.116261714,-0.378426245
230,7.863780,2,false,false,0.241552165,-0.459887818,0.364006357,0.887859397,0.233641110,-0.116421502,-0.378897819
231,7.897676,2,false,false,0.242000219,-0.460058581,0.364200852,0.887840506,0.233753596,-0.116456855,-0.378861839
232,7.931572,2,false,false,0.241973465,-0.460074413,0.364072785,0.887848195,0.234111667,-0.116160517,-0.378713670
233,7.965467,2,false,false,0.241370176,-0.460550391,0.363968006,0.887678381,0.234645242,-0.115174064,-0.379082626
234,7.999363,2,false,false,0.240420199,-0.461574098,0.364928290,0.887602755,0.235006676,-0.113797415,-0.379451394
235,8.033258,2,false,false,0.240862275,-0.461054767,0.364504214,0.887178113,0.235452064,-0.114338336,-0.380005349
236,8.067154,2,false,false,0.241001757,-0.460836674,0.363886915,0.887105470,0.235338346,-0.114763145,-0.380117309
237,8.101050,2,false,false,0.240963250,-0.460703141,0.364911247,0.887572969,0.235483150,-0.114705644,-0.378951878
238,8.134945,2,false,false,0.241106721,-0.460595625,0.364546341,0.887435732,0.236096797,-0.114668254,-0.378902779
239,8.168841,2,false,false,0.241037482,-0.460665513,0.365310354,0.887723445,0.236564497,-0.113911003,-0.378164789
240,8.202736,2,false,false,0.240743323,-0.460451545,0.363864954,0.887562578,0.236587220,-0.114112543,-0.378467284
241,8.236632,2,false,false,0.240639782,-0.460330031,0.363690805,0.887536571,0.236679063,-0.114261313,-0.378425962
242,8.270528,2,false,false,0.240373619,-0.460250187,0.364603380,0.887517171,0.236505116,-0.114044783,-0.378645467
243,8.304423,2,false,false,0.241124300,-0.459906340,0.364652106,0.887448756,0.235595622,-0.115114819,-0.379048791
244,8.338319,2,false,false,0.241183636,-0.460741511,0.363541998,0.887221880,0.235275789,-0.114848489,-0.379858478
245,8.372214,2,false,false,0.241201675,-0.460515458,0.364651517,0.887328675,0.236298928,-0.114013360,-0.379224990
246,8.406110,2,false,false,0.240666604,-0.460416231,0.364000958,0.887308012,0.236235228,-0.113962839,-0.379328195
247,8.440006,2,false,false,0.241253300,-0.459895906,0.365421249,0.887689261,0.236411903,-0.113870901,-0.378352490
248,8.473901,2,false,false,0.241005333,-0.459988151,0.364662304,0.887666483,0.236123366,-0.113946022,-0.378563436
249,8.507797,2,false,false,0.240665735,-0.460477228,0.364585623,0.887551102,0.236096582,-0.113422400,-0.379007656
250,8.541692,2,false,false,0.240675751,-0.460135151,0.363853773,0.887319391,0.236174234,-0.114009028,-0.379325679
251,8.575588,2,false,false,0.240311376,-0.460530170,0.365072682,0.887476651,0.235904286,-0.113611020,-0.379245170
252,8.609484,2,false,false,0.240911208,-0.460459498,0.364017314,0.887131862,0.235259244,-0.114836980,-0.380082379
253,8.643379,2,false,false,0.241064161,-0.460497220,0.364044892,0.886930369,0.235229762,-0.115113989,-0.380486858
254,8.677275,2,false,false,0.241092675,-0.461016148,0.363451443,0.886783488,0.235086921,-0.114978507,-0.380958172
255,8.711170,2,false,false,0.241120330,-0.461276136,0.363747792,0.886944203,0.235234763,-0.114592124,-0.380609028
256,8.745066,2,false,false,0.241282307,-0.461022607,0.364146204,0.887224298,0.235869895,-0.114018424,-0.379734429
257,8.778962,2,false,false,0.240909977,-0.460609377,0.364949163,0.887575443,0.236330406,-0.113463697,-0.378792505
258,8.812857,2,false,false,0.240319274,-0.460960570,0.365508696,0.887765446,0.236049445,-0.112787645,-0.378724333
259,8.846753,2,false,false,0.240861214,-0.459947132,0.364981261,0.887462287,0.236461510,-0.114224277,-0.378747222
260,8.880649,2,false,false,0.240902523,-0.460338480,0.366399841,0.887491812,0.236202663,-0.114654628,-0.378709521
261,8.914544,2,false,false,0.241546539,-0.459726883,0.365522420,0.887074489,0.235856519,-0.116628694,-0.379299751
262,8.948440,2,false,false,0.242206345,-0.460707246,0.364974895,0.886781130,0.235114217,-0.117425539,-0.380199651
263,8.982335,2,false,false,0.241082216,-0.461730657,0.364623248,0.886707058,0.234885196,-0.116549381,-0.380783115
264,9.016231,2,false,false,0.242478015,-0.459908385,0.364291197,0.886738527,0.236026475,-0.117172534,-0.379811643
265,9.050126,2,false,false,0.242182762,-0.459735521,0.363437862,0.886923574,0.236025658,-0.115897079,-0.379771419
266,9.084022,2,false,false,0.241120118,-0.460494582,0.363983007,0.887199949,0.236279986,-0.113679121,-0.379638087
267,9.117918,2,false,false,0.240812952,-0.460240088,0.364744144,0.887322117,0.236129950,-0.113341826,-0.379546752
268,9.151813,2,false,false,0.241535342,-0.459908474,0.364330335,0.887015619,0.235765254,-0.114224742,-0.380224599
269,9.185709,2,false,false,0.242368378,-0.459681323,0.364308164,0.887002665,0.235048497,-0.115334170,-0.380363650
270,9.219605,2,false,false,0.241997148,-0.459899229,0.364254635,0.887026934,0.234454944,-0.115377667,-0.380660073
271,9.253500,2,false,false,0.241991322,-0.460386915,0.364756233,0.886975147,0.234411147,-0.114419819,-0.381096586
272,9.287396,2,false,false,0.241330109,-0.461379697,0.363549401,0.886887165,0.233528158,-0.113540049,-0.382105237
273,9.321291,2,false,false,0.241275536,-0.460858234,0.364330438,0.887036521,0.234296714,-0.112702998,-0.381535443
274,9.355187,2,false,false,0.241759350,-0.460660760,0.363874988,0.886945761,0.234697166,-0.112291488,-0.381621645
275,9.389083,2,false,false,0.241153604,-0.460834184,0.363662913,0.887433655,0.234169065,-0.111873464,-0.380933964
276,9.422978,2,false,false,0.241251611,-0.460285707,0.364917480,0.887677582,0.234360535,-0.111826666,-0.380261025
277,9.456874,2,false,false,0.240518332,-0.461128446,0.363576348,0.887346501,0.233641792,-0.111789548,-0.381484990
278,9.490769,2,false,false,0.241515551,-0.460470818,0.364938912,0.887360820,0.234510992,-0.112501191,-0.380708355
279,9.524665,2,false,false,0.241792986,-0.459843162,0.364571402,0.887324260,0.234710069,-0.113561816,-0.380355827
280,9.558561,2,false,false,0.242217651,-0.459524706,0.365331312,0.887187974,0.235098430,-0.113708062,-0.380390198
281,9.592456,2,false,false,0.241222350,-0.460928547,0.364898459,0.887128609,0.234198354,-0.113093847,-0.381265974
282,9.626352,2,false,false,0.241323570,-0.460822727,0.364657509,0.886971675,0.234209519,-0.113292857,-0.381565037
283,9.660247,2,false,false,0.241474552,-0.461300607,0.366004354,0.887000291,0.234594636,-0.113209273,-0.381286640
284,9.694143,2,false,false,0.241168963,-0.461440721,0.365237270,0.886891389,0.234200188,-0.113548027,-0.381681519
285,9.728039,2,false,false,0.241010416,-0.461282117,0.365487835,0.886952853,0.234318406,-0.113825042,-0.381383509
286,9.761934,2,false,false,0.241432472,-0.461482752,0.364493764,0.886815376,0.233780953,-0.114800264,-0.381740559
287,9.795830,2,false,false,0.240929828,-0.462600172,0.365077864,0.886973931,0.234069534,-0.113399656,-0.381613963
288,9.829725,2,false,false,0.241096097,-0.460672389,0.364335252,0.887032110,0.234834035,-0.114171796,-0.380777903
289,9.863621,2,false,false,0.240714928,-0.461301020,0.363809507,0.886895321,0.234537805,-0.113362524,-0.381520176
290,9.897517,2,false,false,0.240401079,-0.461609169,0.364533570,0.886961648,0.234688201,-0.112626136,-0.381491596
291,9.931412,2,false,false,0.240353590,-0.461874657,0.364453282,0.886814453,0.234962099,-0.112785436,-0.381618113
292,9.965308,2,false,false,0.240893577,-0.461031517,0.365382677,0.886723615,0.235643389,-0.113399289,-0.381227000
293,9.999203,2,false,false,0.240801974,-0.461333544,0.364945641,0.886479945,0.234857857,-0.113835096,-0.382147438
294,10.033099,2,false,false,0.241345786,-0.461319077,0.364562430,0.886433555,0.234647694,-0.114519586,-0.382179638
295,10.066995,2,false,false,0.240906300,-0.461957031,0.364465857,0.886576810,0.234633199,-0.113683973,-0.382105713
296,10.100890,2,false,false,0.241311217,-0.461602873,0.364018598,0.886439870,0.235128174,-0.113780030,-0.382090570
297,10.134786,2,false,false,0.241407536,-0.461005435,0.364440469,0.886567379,0.235510070,-0.113923007,-0.381516497
298,10.168681,2,false,false,0.241721092,-0.461049896,0.364484223,0.886633022,0.235447717,-0.113975616,-0.381386702
299,10.202577,2,false,false,0.241212823,-0.461071720,0.364173450,0.886515570,0.235887283,-0.113884142,-0.381415438
300,10.236473,2,false,false,0.241657775,-0.460878013,0.364428341,0.886496268,0.236321444,-0.114227082,-0.381088855
301,10.270368,2,false,false,0.241096823,-0.460825394,0.363792557,0.886311792,0.236706015,-0.113827294,-0.381398765
302,10.304264,2,false,false,0.241804261,-0.460211560,0.364023366,0.886392723,0.236906641,-0.114544894,-0.380870911
303,10.338159,2,false,false,0.241396388,-0.461011175,0.363880367,0.886274728,0.236666793,-0.113892452,-0.381489769
304,10.372055,2,false,false,0.240945860,-0.461574331,0.364501750,0.886407493,0.236414737,-0.113126035,-0.381565627
305,10.405951,2,false,false,0.241302860,-0.461781817,0.364334703,0.886377464,0.235743480,-0.113333089,-0.381989024
306,10.439846,2,false,false,0.240868167,-0.461260431,0.364456802,0.886363453,0.235860426,-0.113059506,-0.382030414
307,10.473742,2,false,false,0.241288107,-0.461353800,0.364323753,0.886215654,0.235809291,-0.112987531,-0.382425955
308,10.507638,2,false,false,0.241826984,-0.461218894,0.364738263,0.886220577,0.235838738,-0.112796708,-0.382452717
309,10.541533,2,false,false,0.241029465,-0.461413274,0.364716322,0.886441888,0.235438258,-0.112221323,-0.382355830
310,10.575429,2,false,false,0.241033469,-0.461676156,0.364462148,0.886560964,0.235308215,-0.112342481,-0.382124152
311,10.609324,2,false,false,0.240214483,-0.461377082,0.364074487,0.886635119,0.235276827,-0.112333248,-0.381974112
312,10.643220,2,false,false,0.240646202,-0.461106872,0.363915908,0.886422282,0.235827774,-0.112708394,-0.382017824
313,10.677115,2,false,false,0.240058474,-0.462384903,0.363963379,0.886230744,0.235495817,-0.112212089,-0.382812272
314,10.711011,2,false,false,0.240802409,-0.461152933,0.364933189,0.886185347,0.236033488,-0.113285333,-0.382269743
315,10.744907,2,false,false,0.241662453,-0.461109155,0.364677679,0.885763334,0.236303299,-0.114254393,-0.382792373
316,10.778802,2,false,false,0.241710600,-0.461472127,0.364218652,0.885923747,0.235622420,-0.114511277,-0.382764101
317,10.812698,2,false,false,0.241812233,-0.461132573,0.364363959,0.885905525,0.236012694,-0.114135478,-0.382678065
318,10.846594,2,false,false,0.241443612,-0.461528473,0.364235238,0.886001277,0.235911979,-0.113625913,-0.382670130
319,10.880489,2,false,false,0.241480261,-0.460981405,0.363976393,0.886075270,0.236329898,-0.113963944,-0.382140047
320,10.914385,2,false,false,0.241709308,-0.460422246,0.364514264,0.886291036,0.236678242,-0.114226381,-0.381344914
321,10.948280,2,false,false,0.240985412,-0.461075967,0.364270368,0.886366932,0.235794691,-0.113353217,-0.381975881
322,10.982176,2,false,false,0.241555858,-0.460820179,0.364768042,0.886217379,0.235592570,-0.114300214,-0.382165356
323,11.016072,2,false,false,0.240955965,-0.461070002,0.364431943,0.885946065,0.235396471,-0.114764362,-0.382775669
324,11.049967,2,false,false,0.241177137,-0.461560404,0.363932189,0.885632523,0.235086606,-0.115628523,-0.383431046
325,11.083863,2,false,false,0.241253855,-0.461303594,0.363722971,0.885603533,0.235054160,-0.116277708,-0.383321560
326,11.117758,2,false,false,0.241387311,-0.461940067,0.362982552,0.885513395,0.234421867,-0.116844684,-0.383744362
327,11.151654,2,false,false,0.242442782,-0.461326248,0.364188412,0.885715156,0.235551470,-0.117316282,-0.382440920
328,11.185550,2,false,false,0.242000649,-0.460718910,0.363432290,0.885437889,0.236867274,-0.117254454,-0.382289200
329,11.219445,2,false,false,0.239998251,-0.462011021,0.363252466,0.885431845,0.237139048,-0.115843265,-0.382564841
330,11.253341,2,false,false,0.240020851,-0.461586904,0.363946289,0.885410470,0.237753932,-0.116154000,-0.382138216
331,11.287236,2,false,false,0.240529696,-0.461476580,0.364383073,0.885409536,0.238213245,-0.116802386,-0.381656396
332,11.321132,2,false,false,0.241199881,-0.461032809,0.364826054,0.885534226,0.238443270,-0.117941165,-0.380872450
333,11.355028,2,false,false,0.240086115,-0.461044042,0.364565197,0.885663728,0.238094190,-0.117430632,-0.380947455
334,11.388923,2,false,false,0.240858386,-0.461288523,0.365026922,0.885545482,0.238348040,-0.117592671,-0.381013615
335,11.422819,2,false,false,0.240492552,-0.461708046,0.365563399,0.885551747,0.238739015,-0.116748101,-0.381013997
336,11.456714,2,false,false,0.240215995,-0.462216988,0.365311151,0.885313105,0.238987350,-0.116359633,-0.381531373
337,11.490610,2,false,false,0.240262079,-0.461889526,0.364552180,0.885188414,0.238709038,-0.117113595,-0.381764158
338,11.524506,2,false,false,0.240654200,-0.461626494,0.363826658,0.885224991,0.238460476,-0.117746116,-0.381640104
339,11.558401,2,false,false,0.240765502,-0.461269490,0.364770597,0.885605004,0.238746994,-0.117853340,-0.380544662
340,11.592297,2,false,false,0.240556502,-0.461534486,0.364717008,0.885610937,0.239053528,-0.117323665,-0.380502086
341,11.626192,2,false,false,0.241061810,-0.460440469,0.364471062,0.885699949,0.239760954,-0.117756802,-0.379715185
342,11.660088,2,false,false,0.240598380,-0.460563990,0.364598447,0.885818679,0.239989713,-0.117129139,-0.379487773
343,11.693984,2,false,false,0.240395955,-0.460983376,0.364663707,0.885793425,0.239552173,-0.116729579,-0.379946009
344,11.727879,2,false,false,0.239814685,-0.461421431,0.364984567,0.886076483,0.238891899,-0.116134386,-0.379884103
345,11.761775,2,false,false,0.240289922,-0.461162904,0.364743232,0.886030787,0.238391910,-0.117381104,-0.379921595
346,11.795670,2,false,false,0.241714818,-0.460256188,0.365236784,0.885984245,0.238473535,-0.118553809,-0.379614653
347,11.829566,2,false,false,0.240206339,-0.461381065,0.364839111,0.886088370,0.237006193,-0.117526536,-0.380608694
348,11.863462,2,false,false,0.240793968,-0.461408126,0.364476314,0.885753528,0.237034751,-0.117967666,-0.381233320
349,11.897357,2,false,false,0.241762100,-0.460588408,0.364841914,0.885613102,0.237960027,-0.118213283,-0.380906915
350,11.931253,2,false,false,0.241185272,-0.461046576,0.365275420,0.885714879,0.237944370,-0.117969015,-0.380755750
351,11.965148,2,false,false,0.241052855,-0.461208315,0.365386159,0.885798137,0.237774316,-0.117918358,-0.380683984
352,11.999044,2,false,false,0.241045643,-0.461357507,0.365404668,0.885854045,0.237546424,-0.118069700,-0.380649253
353,12.032940,2,false,false,0.240495683,-0.461052932,0.364425864,0.885904495,0.237081255,-0.118451795,-0.380703135
354,12.066835,2,false,false,0.240589347,-0.461483168,0.364648799,0.885622437,0.237858729,-0.118005328,-0.381012949
355,12.100731,2,false,false,0.240866014,-0.461074288,0.364247265,0.885615640,0.237919552,-0.118236594,-0.380919064
356,12.134627,2,false,false,0.241237304,-0.461144756,0.364199446,0.885754936,0.237972082,-0.118129705,-0.380595395
357,12.168522,2,false,false,0.240435436,-0.461854211,0.364067255,0.886294121,0.237674441,-0.116844276,-0.379922368
358,12.202418,2,false,false,0.240826713,-0.460542301,0.363604220,0.886738643,0.238267277,-0.117572405,-0.378285625
359,12.236313,2,false,false,0.240982997,-0.460569292,0.363716247,0.887480196,0.237787841,-0.117846917,-0.376759803
360,12.270209,2,false,false,0.241049008,-0.459560456,0.364317530,0.888072230,0.237326945,-0.118574598,-0.375424692
361,12.304105,2,false,false,0.241384411,-0.459264737,0.365248690,0.887731119,0.237254438,-0.119251205,-0.376062417
362,12.338000,2,false,false,0.241486474,-0.460009559,0.366064606,0.887126031,0.236928174,-0.119424958,-0.377637557
363,12.371896,2,false,false,0.240915711,-0.460467611,0.366469857,0.886368980,0.236383021,-0.120050029,-0.379553802
364,12.405791,2,false,false,0.242313227,-0.460146640,0.365365156,0.885580981,0.236199919,-0.122051155,-0.380866697
365,12.439687,2,false,false,0.242823187,-0.461205429,0.365596838,0.885679772,0.235195333,-0.122612960,-0.381078154
366,12.473583,2,false,false,0.243014284,-0.461721787,0.364663952,0.885726713,0.235394274,-0.122658935,-0.380831343
367,12.507478,2,false,false,0.243203394,-0.460801136,0.364337078,0.885937263,0.236563812,-0.122389914,-0.379701775
368,12.541374,2,false,false,0.242179762,-0.461448353,0.365076049,0.886307271,0.236764030,-0.120815244,-0.379217474
369,12.575269,2,false,false,0.242822040,-0.459794767,0.364883927,0.886442545,0.237153415,-0.120928932,-0.378621270
370,12.609165,2,false,false,0.241782481,-0.460961884,0.364582936,0.886323796,0.236824957,-0.119022486,-0.379707409
371,12.643061,2,false,false,0.242141891,-0.460040925,0.364613073,0.886365122,0.236989597,-0.119646885,-0.379311778
372,12.676956,2,false,false,0.242057132,-0.460354615,0.364629015,0.886500306,0.236486674,-0.119473627,-0.379364355
373,12.710852,2,false,false,0.242059150,-0.460568595,0.364456715,0.886688383,0.236003316,-0.119545701,-0.379203075
374,12.744747,2,false,false,0.243045260,-0.460791700,0.363978687,0.886770617,0.236319487,-0.120381765,-0.378548812
375,12.778643,2,false,false,0.241940047,-0.460641564,0.364037128,0.887347069,0.236957553,-0.119275631,-0.377146684
376,12.812539,2,false,false,0.241266157,-0.460989831,0.364026970,0.887663535,0.236181215,-0.118267773,-0.377206331
377,12.846434,2,false,false,0.241445500,-0.460669830,0.363656546,0.887606624,0.236137656,-0.117799721,-0.377513859
378,12.880330,2,false,false,0.241827927,-0.461713513,0.363326501,0.887658303,0.236328506,-0.117419893,-0.377391233
379,12.914225,2,false,false,0.239832329,-0.464948854,0.363809717,0.888701226,0.236499335,-0.115420269,-0.375441548
380,12.948121,2,false,false,0.237582195,-0.469821222,0.364228597,0.890194645,0.236670557,-0.116877698,-0.371322158
381,12.982017,2,false,false,0.237204994,-0.469425581,0.365119720,0.892669380,0.237849676,-0.125899115,-0.361549888
382,13.015912,2,false,false,0.239809424,-0.463003477,0.362390879,0.893293799,0.243720834,-0.134611387,-0.352854246
383,13.049808,2,false,false,0.238376150,-0.457921478,0.361152000,0.893875133,0.249635195,-0.132918271,-0.347853776
384,13.083703,2,false,false,0.233564796,-0.459271789,0.361455346,0.894039636,0.252745116,-0.127044534,-0.347379796
385,13.117599,2,false,false,0.229425330,-0.459539099,0.361943767,0.893753032,0.257410399,-0.121642061,-0.346624600
386,13.151495,2,false,false,0.224916086,-0.459391432,0.364224805,0.893730965,0.261150979,-0.117205221,-0.345409996
387,13.185390,2,false,false,0.221197428,-0.458991594,0.365239273,0.892971919,0.264741943,-0.116270988,-0.344954943
388,13.219286,2,false,false,0.219074303,-0.457593213,0.365634770,0.892399924,0.267921378,-0.115750916,-0.344154377
389,13.253181,2,false,false,0.215586142,-0.456351864,0.365829892,0.892475887,0.270372559,-0.112132253,-0.343237276
390,13.287077,2,false,false,0.212480342,-0.455161512,0.369373977,0.893536786,0.271230320,-0.109302260,-0.340703891
391,13.320973,2,false,false,0.210175942,-0.452321151,0.371326681,0.893550221,0.272484564,-0.108807990,-0.339824936
392,13.354868,2,false,false,0.209116672,-0.450853595,0.370600904,0.892996318,0.272999673,-0.108218716,-0.341053462
393,13.388764,2,false,false,0.206892269,-0.448676853,0.370380132,0.893299054,0.273197092,-0.106704776,-0.340579271
394,13.422660,2,false,false,0.205396147,-0.447017510,0.371125432,0.893723018,0.273681330,-0.105347210,-0.339499134
395,13.456555,2,false,false,0.202983708,-0.445351994,0.370897375,0.894539711,0.273153138,-0.103771662,-0.338256574
396,13.490451,2,false,false,0.200444700,-0.443595197,0.370964096,0.895449960,0.273072798,-0.102602219,-0.336263886
397,13.524346,2,false,false,0.198404641,-0.440675093,0.370541886,0.896291783,0.273331603,-0.103226586,-0.333609273
398,13.558242,2,false,false,0.196464296,-0.438159660,0.369526235,0.896607240,0.273887807,-0.102685901,-0.332470347
399,13.592138,2,false,false,0.195031886,-0.435349308,0.368339006,0.896699626,0.275510488,-0.101988845,-0.331092174
400,13.626033,2,false,false,0.193731977,-0.432691688,0.369138143,0.897070926,0.276478860,-0.101565341,-0.329405032
401,13.659929,2,false,false,0.192590990,-0.430642881,0.368279466,0.896925615,0.276452467,-0.101870944,-0.329728351
402,13.693824,2,false,false,0.191087208,-0.429277235,0.367984227,0.897262058,0.275838755,-0.101481879,-0.329446823
403,13.727720,2,false,false,0.190071491,-0.426659241,0.368414249,0.897834797,0.274882202,-0.102531910,-0.328359040
404,13.761616,2,false,false,0.190552228,-0.423619192,0.368949168,0.897609167,0.273964066,-0.102928757,-0.329616662
405,13.795511,2,false,false,0.190758724,-0.421269794,0.368897833,0.897467120,0.272264453,-0.102661476,-0.331489754
406,13.829407,2,false,false,0.191334126,-0.420267038,0.369525463,0.897555076,0.270867044,-0.102049176,-0.332583668
407,13.863302,2,false,false,0.191564323,-0.418906866,0.369361099,0.897441923,0.270355082,-0.101216362,-0.333558649
408,13.897198,2,false,false,0.192053748,-0.416573477,0.370231645,0.897344805,0.271088773,-0.097577799,-0.334307868
409,13.931094,2,false,false,0.190743797,-0.415271499,0.371192276,0.897477099,0.270368025,-0.093089733,-0.335812878
410,13.964989,2,false,false,0.189735470,-0.414551317,0.370536185,0.897367127,0.269176683,-0.092986521,-0.337089986
411,13.998885,2,false,false,0.190061973,-0.412694731,0.370623741,0.897184762,0.268693588,-0.093954218,-0.337691965
412,14.032780,2,false,false,0.189741783,-0.411869303,0.371509323,0.897033062,0.268195856,-0.093308553,-0.338668249
413,14.066676,2,false,false,0.189943284,-0.410043765,0.371126611,0.896677102,0.267904881,-0.093600174,-0.339758968
414,14.100572,2,false,false,0.189448435,-0.409014698,0.372123092,0.897073442,0.266629558,-0.092497956,-0.340017716
415,14.134467,2,false,false,0.189450328,-0.407674812,0.371145772,0.897115631,0.265195056,-0.093809806,-0.340668236
416,14.168363,2,false,false,0.190260018,-0.404963178,0.371508344,0.897029101,0.264789928,-0.095003007,-0.340880499
417,14.202258,2,false,false,0.190530915,-0.403356318,0.373079591,0.897436678,0.262447250,-0.095123841,-0.341584990
418,14.236154,2,false,false,0.191596315,-0.401312065,0.373067521,0.897928824,0.259341993,-0.097070825,-0.342115205
419,14.270050,2,false,false,0.192394905,-0.400009280,0.373391343,0.897775859,0.256761697,-0.098095283,-0.344164573
420,14.303945,2,false,false,0.193076469,-0.398186087,0.373716361,0.897261152,0.255936646,-0.098341978,-0.346045827
421,14.337841,2,false,false,0.193095538,-0.397103240,0.375098683,0.897002643,0.254332346,-0.097484258,-0.348135227
422,14.371736,2,false,false,0.195132332,-0.394346166,0.376828091,0.897426103,0.251141213,-0.101187917,-0.348303726
423,14.405632,2,false,false,0.196742685,-0.392011146,0.375697554,0.897575233,0.247582650,-0.106090525,-0.349007640
424,14.439528,2,false,false,0.196859201,-0.390520740,0.376396865,0.898033454,0.243762943,-0.107960455,-0.349942973
425,14.473423,2,false,false,0.197701662,-0.389766137,0.377469781,0.897656274,0.241956655,-0.110354242,-0.351414473
426,14.507319,2,false,false,0.197137235,-0.389845190,0.376746879,0.896850495,0.241599789,-0.110796295,-0.353571652
427,14.541214,2,false,false,0.196863464,-0.387751717,0.376340970,0.896682067,0.242113883,-0.111881147,-0.353305459
428,14.575110,2,false,false,0.195549211,-0.387746838,0.376612029,0.896518745,0.242647841,-0.111635560,-0.353431277
429,14.609006,2,false,false,0.193110162,-0.387224583,0.376623132,0.896440802,0.244058955,-0.110735920,-0.352940039
430,14.642901,2,false,false,0.192061530,-0.385213000,0.376752219,0.896374831,0.245652758,-0.111685967,-0.351700341
431,14.676797,2,false,false,0.190142117,-0.384026044,0.375550551,0.896241314,0.246031973,-0.112343050,-0.351566230
432,14.710692,2,false,false,0.189380171,-0.382450526,0.376012357,0.896630438,0.245858520,-0.113531694,-0.350311291
433,14.744588,2,false,false,0.188487192,-0.381182830,0.376357573,0.896451976,0.246614858,-0.115059936,-0.349737297
434,14.778484,2,false,false,0.186507446,-0.381186125,0.375284693,0.896077149,0.246954857,-0.113954876,-0.350818083
435,14.812379,2,false,false,0.184567797,-0.380422054,0.374627700,0.895837666,0.247517002,-0.113640219,-0.351135458
436,14.846275,2,false,false,0.184353499,-0.378932207,0.374885324,0.895796803,0.247660005,-0.115946260,-0.350384181
437,14.880171,2,false,false,0.184973281,-0.378421553,0.373343688,0.895183711,0.248083478,-0.117268427,-0.351210516
438,14.914066,2,false,false,0.184788522,-0.376753747,0.373740442,0.895868635,0.248395380,-0.115673740,-0.349769509
439,14.947962,2,false,false,0.183362778,-0.376468636,0.373887334,0.896602150,0.247452280,-0.114689432,-0.348881482
440,14.981857,2,false,false,0.183760355,-0.375161412,0.373789773,0.896880237,0.247722495,-0.114619916,-0.347996667
441,15.015753,2,false,false,0.184557716,-0.373046203,0.372680640,0.897092974,0.247455380,-0.115951494,-0.347196317
442,15.049649,2,false,false,0.185282045,-0.372687242,0.372459332,0.897101004,0.246487881,-0.114967009,-0.348189748
443,15.083544,2,false,false,0.184916346,-0.371808461,0.372456540,0.897520998,0.245917938,-0.114206454,-0.347760422
444,15.117440,2,false,false,0.185290804,-0.371013327,0.373320991,0.897506828,0.246159774,-0.113911588,-0.347722605
445,15.151335,2,false,false,0.185168138,-0.370844000,0.373186553,0.897318104,0.246332355,-0.112894637,-0.348418416
446,15.185231,2,false,false,0.185389038,-0.370460734,0.372642956,0.896833836,0.247246199,-0.112595069,-0.349114219
447,15.219127,2,false,false,0.186169785,-0.370449499,0.372069690,0.896875450,0.246501712,-0.112064505,-0.349703988
448,15.253022,2,false,false,0.186275925,-0.370294881,0.372098667,0.897454368,0.244895961,-0.112315646,-0.349266119
449,15.286918,2,false,false,0.186877852,-0.370452456,0.374276747,0.898015425,0.243868167,-0.113022460,-0.348313849
450,15.320813,2,false,false,0.187620440,-0.370554748,0.372929813,0.897825401,0.243189427,-0.114248969,-0.348877665
451,15.354709,2,false,false,0.187902660,-0.370501764,0.373989845,0.898787892,0.240523330,-0.114578900,-0.348138663
452,15.388605,2,false,false,0.188649243,-0.371046208,0.376449617,0.898794055,0.239228414,-0.115594295,-0.348678894
453,15.422500,2,false,false,0.188920434,-0.372039489,0.377572728,0.898318223,0.238206873,-0.116576392,-0.350273895
454,15.456396,2,false,false,0.190379421,-0.373355635,0.378920467,0.897999485,0.236581201,-0.119386367,-0.351245150
455,15.490291,2,false,false,0.191853248,-0.374020114,0.379884263,0.897865718,0.234825382,-0.122214094,-0.351792422
456,15.524187,2,false,false,0.192599810,-0.375424230,0.380254860,0.897483376,0.233947860,-0.123097798,-0.353042378
457,15.558083,2,false,false,0.193728248,-0.375428507,0.381141129,0.897153307,0.233578376,-0.125197597,-0.353387391
458,15.591978,2,false,false,0.195329471,-0.377259204,0.382879694,0.897041430,0.232204115,-0.126812452,-0.354000740
459,15.625874,2,false,false,0.196163598,-0.378821524,0.382970981,0.896934420,0.231098292,-0.129427300,-0.354049150
460,15.659769,2,false,false,0.197930661,-0.379571988,0.383894536,0.896520321,0.231696356,-0.130892230,-0.354168515
461,15.693665,2,false,false,0.199921713,-0.379708986,0.384882314,0.896344871,0.231773736,-0.131443318,-0.354357817
462,15.727561,2,false,false,0.201146897,-0.384037184,0.383366676,0.895434712,0.231445642,-0.128812370,-0.357822532
463,15.761456,2,false,false,0.200662263,-0.387454121,0.384052600,0.895798642,0.231623200,-0.127141589,-0.357394044
464,15.795352,2,false,false,0.203350514,-0.388346802,0.381996010,0.895437035,0.233374438,-0.128916675,-0.356524023
465,15.829247,2,false,false,0.205529671,-0.389899088,0.381241769,0.895805422,0.233813333,-0.127539063,-0.355805786
466,15.863143,2,false,false,0.206373907,-0.392371015,0.379948472,0.896194229,0.233999788,-0.124334170,-0.355838472
467,15.897039,2,false,false,0.206255266,-0.396534170,0.379823946,0.896829387,0.234576001,-0.120683206,-0.355115071
468,15.930934,2,false,false,0.207701617,-0.397589645,0.378615006,0.897790842,0.234804725,-0.121097911,-0.352382804
469,15.964830,2,false,false,0.208513718,-0.398785820,0.379705821,0.898080938,0.236061866,-0.119794293,-0.351247423
470,15.998725,2,false,false,0.210810795,-0.401306904,0.379480749,0.897237571,0.236240507,-0.120478703,-0.353043971
471,16.032621,2,false,false,0.212713057,-0.404358445,0.380994344,0.896765792,0.236790820,-0.120044121,-0.354020664
472,16.066517,2,false,false,0.215212734,-0.406793996,0.382399343,0.895837608,0.237269474,-0.121750257,-0.355464557
473,16.100412,2,false,false,0.219025994,-0.409747722,0.383154659,0.894811943,0.236730189,-0.122618233,-0.358099391
474,16.134308,2,false,false,0.221209887,-0.413907260,0.385022214,0.894754489,0.235209437,-0.122235271,-0.359373709
475,16.168204,2,false,false,0.223870397,-0.416905483,0.385566735,0.894447564,0.234250276,-0.123965229,-0.360170774
476,16.202099,2,false,false,0.225690694,-0.419854978,0.385448605,0.893871152,0.233897764,-0.124208456,-0.361743638
477,16.235995,2,false,false,0.228024504,-0.424021061,0.385232752,0.893021770,0.234384891,-0.123621955,-0.363721670
478,16.269890,2,false,false,0.228337508,-0.428190180,0.385225795,0.893080721,0.235234634,-0.121586492,-0.363714473
479,16.303786,2,false,false,0.229264985,-0.429068514,0.385307967,0.892769040,0.236872833,-0.122241188,-0.363196632
480,16.337682,2,false,false,0.230838541,-0.431925824,0.385839644,0.892140902,0.236951202,-0.122354763,-0.364647845
481,16.371577,2,false,false,0.232079191,-0.435179486,0.387874338,0.891650616,0.237010117,-0.121594940,-0.366060178
482,16.405473,2,false,false,0.233138444,-0.439146582,0.389899370,0.891016130,0.237227031,-0.121026429,-0.367649555
483,16.439368,2,false,false,0.234973630,-0.441349743,0.389873086,0.890261046,0.237396524,-0.121749975,-0.369127490
484,16.473264,2,false,false,0.236263115,-0.444202010,0.390515904,0.889875421,0.237139052,-0.121200919,-0.370401327
485,16.507160,2,false,false,0.237551957,-0.447475369,0.390143003,0.889729931,0.236638533,-0.120558962,-0.371279397
486,16.541055,2,false,false,0.237978721,-0.448741887,0.390234845,0.890057559,0.237070772,-0.119795066,-0.370464751
487,16.574951,2,false,false,0.238781410,-0.451028150,0.391107705,0.889990228,0.236624249,-0.119051550,-0.371151030
488,16.608846,2,false,false,0.240088912,-0.453568140,0.391243480,0.889775183,0.235512641,-0.119206269,-0.372322153
489,16.642742,2,false,false,0.240759561,-0.456379940,0.390707884,0.889526692,0.234773368,-0.119445613,-0.373304803
490,16.676638,2,false,false,0.241369554,-0.458947821,0.390108206,0.889402309,0.234587291,-0.119877804,-0.373579508
491,16.710533,2,false,false,0.242785267,-0.461571836,0.388820443,0.889049715,0.235438850,-0.120344824,-0.373732894
492,16.744429,2,false,false,0.242236840,-0.464871912,0.388559366,0.889035642,0.236760647,-0.119153520,-0.373312820
493,16.778324,2,false,false,0.242281170,-0.466213217,0.388908630,0.889335152,0.237807978,-0.118993535,-0.371982380
494,16.812220,2,false,false,0.242378770,-0.468885181,0.386871605,0.888760279,0.238543742,-0.118955898,-0.372896157
495,16.846116,2,false,false,0.242395034,-0.469842079,0.387338208,0.889017331,0.239553870,-0.118192821,-0.371877111
496,16.880011,2,false,false,0.241572874,-0.472492388,0.386224329,0.889155196,0.239397344,-0.117153745,-0.371977081
497,16.913907,2,false,false,0.241778078,-0.472892452,0.386631233,0.889970596,0.238814108,-0.117531429,-0.370278979
498,16.947802,2,false,false,0.241622564,-0.473425819,0.387206709,0.890129182,0.239186120,-0.117319510,-0.369724454
499,16.981698,2,false,false,0.241813445,-0.474202932,0.385861377,0.889359314,0.240160905,-0.117389260,-0.370921166
500,17.015594,2,false,false,0.242010791,-0.475113163,0.385542806,0.889335167,0.240548933,-0.116312834,-0.371066700
501,17.049489,2,false,false,0.242292947,-0.474530011,0.385867494,0.889873859,0.239869688,-0.116720764,-0.370085546
502,17.083385,2,false,false,0.244452026,-0.473971216,0.386391519,0.889740782,0.239384507,-0.118409917,-0.370183050
503,17.117280,2,false,false,0.244374290,-0.474262722,0.387412681,0.890077353,0.238066717,-0.117342932,-0.370563327
504,17.151176,2,false,false,0.244018258,-0.475197994,0.386521525,0.890370881,0.236409132,-0.117374759,-0.370909129
505,17.185072,2,false,false,0.244975083,-0.474304586,0.386286094,0.890687724,0.236173751,-0.118374906,-0.369979350
506,17.218967,2,false,false,0.244398689,-0.473516924,0.385643540,0.891212748,0.234895878,-0.117754253,-0.369726521
507,17.252863,2,false,false,0.245229681,-0.472577126,0.385281282,0.891362570,0.234508034,-0.117485846,-0.369696939
508,17.286758,2,false,false,0.244530016,-0.471121666,0.384716718,0.891335413,0.235945761,-0.116327437,-0.369213634
509,17.320654,2,false,false,0.242979956,-0.470203237,0.385649338,0.891575546,0.236641211,-0.115104868,-0.368571367
510,17.354550,2,false,false,0.240859778,-0.469977004,0.385971851,0.891147756,0.236963957,-0.115107285,-0.369396904
511,17.388445,2,false,false,0.241033584,-0.468902322,0.385837513,0.890242662,0.238335601,-0.115630872,-0.370531571
512,17.422341,2,false,false,0.239837525,-0.468365429,0.386359192,0.890193670,0.238794041,-0.114812698,-0.370608526
513,17.456237,2,false,false,0.237669903,-0.467465212,0.386449662,0.890352069,0.240221858,-0.113560039,-0.369690099
514,17.490132,2,false,false,0.236104871,-0.465583816,0.387051245,0.890483572,0.241162591,-0.113307644,-0.368837348
515,17.524028,2,false,false,0.233250135,-0.463775989,0.386779546,0.890500024,0.241802996,-0.112437278,-0.368644647
516,17.557923,2,false,false,0.231014759,-0.462527105,0.388528831,0.890521200,0.242954462,-0.112501510,-0.367815894
517,17.591819,2,false,false,0.228923297,-0.458533582,0.388521042,0.890072777,0.245169349,-0.112928610,-0.367300381
518,17.625714,2,false,false,0.225911318,-0.457180897,0.389420393,0.889709875,0.244537280,-0.111359717,-0.369075697
519,17.659610,2,false,false,0.224115052,-0.454975382,0.389896322,0.888900085,0.244508366,-0.113003912,-0.370543404
520,17.693506,2,false,false,0.223428425,-0.451454997,0.390291044,0.888506092,0.244952125,-0.115597022,-0.370395342
521,17.727401,2,false,false,0.222051060,-0.449114981,0.389591308,0.888351652,0.244215129,-0.117090421,-0.370783153
522,17.761297,2,false,false,0.219058257,-0.447135102,0.388476493,0.888123258,0.244131711,-0.116056257,-0.371709203
523,17.795193,2,false,false,0.218022586,-0.444035318,0.387652985,0.888138756,0.244304348,-0.116269027,-0.371492191
524,17.829088,2,false,false,0.216078631,-0.441448142,0.386876273,0.888915343,0.244341280,-0.114909287,-0.370030685
525,17.862984,2,false,false,0.213103949,-0.437742925,0.387696491,0.890142243,0.245414144,-0.112412384,-0.367126874
526,17.896879,2,false,false,0.210109829,-0.432441513,0.387182751,0.890996144,0.245574821,-0.112310171,-0.364973020
527,17.930775,2,false,false,0.208928239,-0.428338411,0.388923589,0.891442395,0.244854390,-0.112931129,-0.364174883
528,17.964671,2,false,false,0.206461529,-0.424873983,0.387840047,0.891141138,0.244721569,-0.112600505,-0.365102658
529,17.998566,2,false,false,0.205524919,-0.420637679,0.387318073,0.891294489,0.243950548,-0.114167230,-0.364757602
530,18.032462,2,false,false,0.205003500,-0.416338601,0.386966108,0.891658506,0.242705047,-0.114327518,-0.364648582
531,18.066357,2,false,false,0.202799318,-0.413181483,0.387401220,0.892749812,0.239898553,-0.113583527,-0.364067631
532,18.100253,2,false,false,0.202637324,-0.408977827,0.386269438,0.893074063,0.237659670,-0.115825279,-0.364034482
533,18.134149,2,false,false,0.202140752,-0.407053586,0.384216005,0.892747472,0.235597493,-0.115970357,-0.366123817
534,18.168044,2,false,false,0.201102106,-0.405102957,0.383761987,0.892848910,0.234427646,-0.115698372,-0.366712952
535,18.201940,2,false,false,0.201389935,-0.404579096,0.381609809,0.892487395,0.233934386,-0.116450549,-0.367668631
536,18.235835,2,false,false,0.201072107,-0.403732438,0.379644156,0.893058570,0.233922035,-0.115574540,-0.366564317
537,18.269731,2,false,false,0.200099664,-0.400842155,0.377824152,0.893973196,0.235474950,-0.115339671,-0.363400925
538,18.303627,2,false,false,0.199689288,-0.397837660,0.377001330,0.894304814,0.235548794,-0.115621974,-0.362446168
539,18.337522,2,false,false,0.200395669,-0.397698688,0.374768593,0.893379703,0.234972049,-0.114507074,-0.365443528
540,18.371418,2,false,false,0.199225109,-0.397973226,0.374576624,0.893941271,0.235778106,-0.110722813,-0.364716531
541,18.405313,2,false,false,0.197699132,-0.395146098,0.374661217,0.895102851,0.237321276,-0.110738687,-0.360841297
542,18.439209,2,false,false,0.196868720,-0.394401419,0.372419345,0.894910765,0.237404230,-0.110629397,-0.361296403
543,18.473105,2,false,false,0.196764181,-0.393345862,0.372931085,0.895330070,0.237964116,-0.110453484,-0.359940513
544,18.507000,2,false,false,0.196036920,-0.392370625,0.373065457,0.895626747,0.238204338,-0.110309043,-0.359086811
545,18.540896,2,false,false,0.194354766,-0.391800940,0.374617101,0.895870191,0.238892565,-0.109147930,-0.358376441
546,18.574791,2,false,false,0.194602253,-0.391899423,0.374865638,0.895425926,0.238835335,-0.110146114,-0.359218495
547,18.608687,2,false,false,0.194290723,-0.392936789,0.376476877,0.895239445,0.238795314,-0.110352746,-0.359646222
548,18.642583,2,false,false,0.194985460,-0.393652480,0.375633665,0.894660123,0.238420564,-0.112988903,-0.360516859
549,18.676478,2,false,false,0.195974103,-0.394758743,0.375458804,0.894921412,0.236873108,-0.115146648,-0.360205562
550,18.710374,2,false,false,0.197641254,-0.393914907,0.376792481,0.895346398,0.235967062,-0.117124176,-0.359104860
551,18.744269,2,false,false,0.199453163,-0.395246983,0.378971525,0.895670889,0.233423396,-0.119357659,-0.359222669
552,18.778165,2,false,false,0.201410336,-0.396505193,0.381160172,0.895376451,0.231110115,-0.122760837,-0.360303903
553,18.812061,2,false,false,0.204282377,-0.398815687,0.381917185,0.894519702,0.228859976,-0.126522254,-0.362559972
554,18.845956,2,false,false,0.207098742,-0.400772835,0.383478171,0.893651713,0.228026464,-0.128138595,-0.364651954
555,18.879852,2,false,false,0.209490025,-0.404712789,0.383007328,0.891968583,0.228371190,-0.127643845,-0.368708144
556,18.913747,2,false,false,0.215059902,-0.407203412,0.380530448,0.890267343,0.229986636,-0.128059390,-0.371659787
557,18.947643,2,false,false,0.215636156,-0.412019099,0.378763078,0.889671121,0.231204801,-0.120089326,-0.374977586
558,18.981539,2,false,false,0.212833776,-0.416499729,0.381915367,0.890938363,0.231957623,-0.111809670,-0.374062953
559,19.015434,2,false,false,0.214175624,-0.419604608,0.382496334,0.890990122,0.232668524,-0.112712575,-0.373226252
560,19.049330,2,false,false,0.216680755,-0.422400388,0.381305399,0.890640782,0.232970500,-0.113511471,-0.373629347
561,19.083226,2,false,false,0.218663741,-0.427268238,0.381033006,0.890617077,0.232608548,-0.112465988,-0.374227054
562,19.117121,2,false,false,0.221593123,-0.429279630,0.380059372,0.890610733,0.232942282,-0.113731146,-0.373651765
563,19.151017,2,false,false,0.223774410,-0.432376278,0.380295113,0.890514681,0.233518732,-0.113256571,-0.373665030
564,19.184912,2,false,false,0.225057615,-0.436905547,0.380334610,0.890402378,0.233301212,-0.111675334,-0.374543414
565,19.218808,2,false,false,0.227532951,-0.441165393,0.381236099,0.890350959,0.232949035,-0.112004749,-0.374786411
566,19.252704,2,false,false,0.230390775,-0.444412221,0.382566429,0.890136828,0.233005752,-0.112671859,-0.375059726
567,19.286599,2,false,false,0.232145759,-0.448336760,0.384878707,0.889686577,0.232344360,-0.112474037,-0.376594588
568,19.320495,2,false,false,0.236642552,-0.452330913,0.384814949,0.888400782,0.230348247,-0.116100588,-0.379742529
569,19.354390,2,false,false,0.241458852,-0.457109352,0.383897443,0.887444506,0.228858206,-0.118144935,-0.382240689
570,19.388286,2,false,false,0.243350326,-0.461648147,0.381868799,0.887387098,0.227440813,-0.118474542,-0.383116950
571,19.422182,2,false,false,0.246065336,-0.465560559,0.381618643,0.887572747,0.226809821,-0.117716418,-0.383294623
572,19.456077,2,false,false,0.247131238,-0.468112378,0.381725607,0.887953245,0.225951625,-0.117058770,-0.383121576
573,19.489973,2,false,false,0.249646921,-0.471708793,0.379463859,0.886954385,0.226073599,-0.118373817,-0.384954914
574,19.523868,2,false,false,0.251739518,-0.474218050,0.377955773,0.886765320,0.225317865,-0.118935421,-0.385659816
575,19.557764,2,false,false,0.253105172,-0.476071097,0.377539009,0.887289829,0.223422517,-0.118996439,-0.385537270
576,19.591660,2,false,false,0.255257068,-0.477664401,0.377341327,0.887762944,0.221085221,-0.120859951,-0.385215723
577,19.625555,2,false,false,0.257402616,-0.478699865,0.376621207,0.887929245,0.218712873,-0.123330839,-0.385403476
578,19.659451,2,false,false,0.258967076,-0.480200244,0.375710918,0.888032553,0.216272842,-0.125230079,-0.385929617
579,19.693346,2,false,false,0.260548498,-0.481401668,0.371609007,0.887557754,0.215621839,-0.127300898,-0.386707819
580,19.727242,2,false,false,0.260007639,-0.483943441,0.369274369,0.887993145,0.216585541,-0.124905679,-0.385950062
581,19.761138,2,false,false,0.260064575,-0.482298266,0.366734588,0.888563344,0.219061845,-0.123559578,-0.383666682
582,19.795033,2,false,false,0.257137723,-0.483025139,0.365111656,0.889435239,0.220115852,-0.120004485,-0.382168669
583,19.828929,2,false,false,0.255918136,-0.482088171,0.363324018,0.890392319,0.220553466,-0.121088676,-0.379335234
584,19.862824,2,false,false,0.255468052,-0.481465683,0.361332433,0.890878001,0.221059542,-0.121861957,-0.377648950
585,19.896720,2,false,false,0.254644469,-0.480646467,0.359410235,0.891330084,0.221284466,-0.122122776,-0.376364043
586,19.930616,2,false,false,0.254219087,-0.480251383,0.359165973,0.891804146,0.221660939,-0.122083832,-0.375029773
587,19.964511,2,false,false,0.253065324,-0.480143144,0.359711040,0.892118943,0.221906182,-0.122490231,-0.374002113
588,19.998407,2,false,false,0.253256867,-0.478598511,0.359072746,0.892015108,0.221813983,-0.124043614,-0.373792437
589,20.032302,2,false,false,0.254096274,-0.477770365,0.360496422,0.891830309,0.222045908,-0.124019447,-0.374103584
590,20.066198,2,false,false,0.253470088,-0.478533860,0.361819913,0.891580373,0.221941602,-0.123450415,-0.374948475
591,20.100094,2,false,false,0.253251010,-0.478853984,0.363505115,0.891364430,0.221848159,-0.123381046,-0.375539565
592,20.133989,2,false,false,0.253488107,-0.479769990,0.364304275,0.890688724,0.221290722,-0.122925939,-0.377615185
593,20.167885,2,false,false,0.254082923,-0.479467998,0.365999866,0.890216705,0.221752278,-0.123019316,-0.378426206
594,20.201780,2,false,false,0.253581430,-0.479986764,0.367055841,0.889592313,0.221615441,-0.122118432,-0.380262017
595,20.235676,2,false,false,0.253159833,-0.480783487,0.369653560,0.889192164,0.221596745,-0.120788097,-0.381631254
596,20.269572,2,false,false,0.253558344,-0.480527087,0.372736859,0.889206877,0.220913883,-0.121143411,-0.381880165
597,20.303467,2,false,false,0.253688511,-0.481121447,0.375547186,0.888708224,0.220636767,-0.120817649,-0.383301715
598,20.337363,2,false,false,0.253236385,-0.481447943,0.377927653,0.888336679,0.219990451,-0.120713965,-0.384565059
599,20.371259,2,false,false,0.253589926,-0.481657343,0.380259415,0.887440147,0.219824349,-0.121478747,-0.386484353
600,20.405154,2,false,false,0.254054687,-0.482752767,0.382247113,0.885888640,0.220023128,-0.122065520,-0.389732151
601,20.439050,2,false,false,0.253723000,-0.483987608,0.385288614,0.884884150,0.220451917,-0.121278654,-0.392010818
602,20.472945,2,false,false,0.253388774,-0.484462035,0.388385258,0.884074859,0.220880733,-0.121339865,-0.393573350
603,20.506841,2,false,false,0.253307663,-0.485267973,0.390748376,0.882996985,0.221334759,-0.121638922,-0.395640267
604,20.540737,2,false,false,0.252289643,-0.487875070,0.395732877,0.882101432,0.221616933,-0.120426686,-0.397844709
605,20.574632,2,false,false,0.253549499,-0.487286026,0.397744350,0.880406592,0.223028556,-0.122784924,-0.400082939
606,20.608528,2,false,false,0.254385494,-0.488617775,0.401646994,0.879112510,0.223312118,-0.123017900,-0.402690313
607,20.642423,2,false,false,0.252545754,-0.490229834,0.405205256,0.878245778,0.222334209,-0.122432837,-0.405292553
608,20.676319,2,false,false,0.253251361,-0.491858250,0.408191967,0.876639007,0.222693930,-0.123078581,-0.408366414
609,20.710215,2,false,false,0.252581909,-0.493618196,0.409711874,0.875146121,0.223179914,-0.121653820,-0.411716335
610,20.744110,2,false,false,0.252968680,-0.493985104,0.414483896,0.874729162,0.223343527,-0.121022178,-0.412698673
611,20.778006,2,false,false,0.251553324,-0.496125639,0.417284167,0.873509680,0.223278336,-0.119592437,-0.415722590
612,20.811901,2,false,false,0.251745687,-0.496291151,0.418824313,0.872151089,0.224258281,-0.119500070,-0.418067501
613,20.845797,2,false,false,0.250467224,-0.497481929,0.421821292,0.871204026,0.225199819,-0.118470933,-0.419825231
614,20.879693,2,false,false,0.250761162,-0.497772489,0.426017179,0.870296970,0.226087639,-0.118007516,-0.421357081
615,20.913588,2,false,false,0.249407990,-0.499332154,0.430308540,0.869257665,0.226678895,-0.117219388,-0.423399817
616,20.947484,2,false,false,0.248836940,-0.500806799,0.430009009,0.867438443,0.226971104,-0.117896592,-0.426772842
617,20.981379,2,false,false,0.247618032,-0.501500089,0.434438828,0.866774946,0.227882029,-0.116903669,-0.427907124
618,21.015275,2,false,false,0.247021851,-0.502752937,0.436739762,0.865470796,0.227913004,-0.117298713,-0.430414887
619,21.049171,2,false,false,0.246688988,-0.502986674,0.438486855,0.864350168,0.228982333,-0.117926486,-0.431925020
620,21.083066,2,false,false,0.244937047,-0.505202084,0.438874780,0.862996492,0.229361261,-0.116968974,-0.434682328
621,21.116962,2,false,false,0.243736829,-0.507188705,0.439447198,0.862048007,0.230375081,-0.115526058,-0.436410685
622,21.150857,2,false,false,0.242218007,-0.507865298,0.441433962,0.861691478,0.232041949,-0.114437816,-0.436518404
623,21.184753,2,false,false,0.240970037,-0.508453728,0.443343912,0.861438851,0.232495664,-0.113080019,-0.437129022
624,21.218649,2,false,false,0.240716905,-0.508986979,0.444964876,0.860929939,0.232257666,-0.114058849,-0.438002962
625,21.252544,2,false,false,0.241360920,-0.509458364,0.443819398,0.859774354,0.232612251,-0.116216386,-0.439514905
626,21.286440,2,false,false,0.241492417,-0.509863502,0.444390581,0.859282725,0.233579115,-0.115754364,-0.440085131
627,21.320335,2,false,false,0.241456675,-0.510507631,0.446525874,0.858994412,0.233481810,-0.115639578,-0.440729319
628,21.354231,2,false,false,0.241893635,-0.512472804,0.447032419,0.858254384,0.233510147,-0.115436436,-0.442206798
629,21.388127,2,false,false,0.241846631,-0.512631545,0.446865343,0.858373649,0.233542198,-0.115162966,-0.442029651
630,21.422022,2,false,false,0.243031486,-0.511659361,0.449458056,0.858696421,0.233444902,-0.114880483,-0.441527360
631,21.455918,2,false,false,0.245076576,-0.510821217,0.449725988,0.858327535,0.233111325,-0.116301070,-0.442048656
632,21.489813,2,false,false,0.243866778,-0.511966583,0.450063693,0.858323946,0.231528362,-0.115480341,-0.443101468
633,21.523709,2,false,false,0.244935910,-0.512173003,0.452591678,0.858456566,0.230492960,-0.116042161,-0.443237562
634,21.557605,2,false,false,0.246050265,-0.511832596,0.453572781,0.858321524,0.229839699,-0.116564624,-0.443700983
635,21.591500,2,false,false,0.246430295,-0.512223763,0.454794761,0.857730412,0.228944654,-0.116449930,-0.445333919
636,21.625396,2,false,false,0.248355780,-0.512496075,0.455005681,0.856782901,0.227600484,-0.117944623,-0.447448485
637,21.659291,2,false,false,0.249657386,-0.511828876,0.456114345,0.856946360,0.227218945,-0.118795153,-0.447104237
638,21.693187,2,false,false,0.249037410,-0.512996500,0.456834059,0.856732603,0.226461495,-0.117170740,-0.448325167
639,21.727083,2,false,false,0.250384319,-0.513505601,0.457283022,0.856317074,0.226322061,-0.117224085,-0.449174696
640,21.760978,2,false,false,0.250616794,-0.513804831,0.456123974,0.855723737,0.226560989,-0.117361152,-0.450148158
641,21.794874,2,false,false,0.252170441,-0.513933802,0.454892991,0.855930979,0.226521480,-0.118347556,-0.449515332
642,21.828770,2,false,false,0.250866243,-0.514116421,0.454292500,0.856687647,0.226760258,-0.116091039,-0.448540892
643,21.862665,2,false,false,0.251887415,-0.510901664,0.453838334,0.857244662,0.227221087,-0.117063685,-0.446987988
644,21.896561,2,false,false,0.251939477,-0.511330988,0.453525812,0.857449310,0.226381044,-0.116755615,-0.447102258
645,21.930456,2,false,false,0.251755161,-0.509935676,0.452947367,0.857701991,0.226198199,-0.117912607,-0.446405967
646,21.964352,2,false,false,0.254155759,-0.508474092,0.452147869,0.857790328,0.225182888,-0.119918769,-0.446215092
647,21.998248,2,false,false,0.255046875,-0.508742404,0.451985435,0.857817309,0.223543198,-0.120875403,-0.446729270
648,22.032143,2,false,false,0.256930757,-0.508407003,0.449856640,0.857284254,0.222771437,-0.123066290,-0.447539142
649,22.066039,2,false,false,0.258558773,-0.506473178,0.448010330,0.857580079,0.222521220,-0.124128743,-0.446802831
650,22.099934,2,false,false,0.259825088,-0.505526689,0.446109491,0.858428521,0.221578897,-0.124423561,-0.445558127
651,22.133830,2,false,false,0.259403445,-0.505062450,0.443098707,0.859011752,0.220326308,-0.124212491,-0.445113902
652,22.167726,2,false,false,0.260456284,-0.503396973,0.441673549,0.860058241,0.219346522,-0.125134093,-0.443315220
653,22.201621,2,false,false,0.262291465,-0.502264846,0.440586966,0.860888874,0.218508725,-0.126668216,-0.441677991
654,22.235517,2,false,false,0.263224917,-0.500863546,0.437877298,0.861758322,0.217354906,-0.128378762,-0.440054920
655,22.269412,2,false,false,0.266689635,-0.497506508,0.433181552,0.862696451,0.215766329,-0.132390162,-0.437804259
656,22.303308,2,false,false,0.265356702,-0.497401502,0.429304683,0.863965802,0.213804449,-0.131367803,-0.436569870
657,22.337204,2,false,false,0.265967357,-0.495157506,0.423303144,0.864825716,0.213044574,-0.132691031,-0.434835120
658,22.371099,2,false,false,0.265579288,-0.493806988,0.421854210,0.866159023,0.213884153,-0.131507561,-0.432120212
659,22.404995,2,false,false,0.266169921,-0.492809888,0.417519124,0.867090648,0.214153729,-0.131366705,-0.430156689
660,22.438890,2,false,false,0.264620875,-0.491626865,0.413869435,0.868301423,0.214683776,-0.129995587,-0.427860564
661,22.472786,2,false,false,0.264780994,-0.489251081,0.411479892,0.869883610,0.214719800,-0.130475612,-0.424469113
662,22.506682,2,false,false,0.263534557,-0.488190038,0.409227163,0.871342844,0.214114623,-0.130244536,-0.421844684
663,22.540577,2,false,false,0.262993611,-0.485890194,0.407436114,0.872409461,0.213439894,-0.132171375,-0.419375573
664,22.574473,2,false,false,0.263696159,-0.485018866,0.405704723,0.872823127,0.211940182,-0.134127676,-0.418653694
665,22.608368,2,false,false,0.263924044,-0.484815692,0.404457734,0.873215075,0.210564965,-0.135799820,-0.417990715
666,22.642264,2,false,false,0.264679748,-0.482886295,0.401997220,0.873360411,0.210705586,-0.137980434,-0.416900645
667,22.676160,2,false,false,0.263950642,-0.482886101,0.399036641,0.873702657,0.210236576,-0.138456965,-0.416261838
668,22.710055,2,false,false,0.263828121,-0.481510568,0.398812713,0.874479875,0.210186582,-0.139529528,-0.414292240
669,22.743951,2,false,false,0.262933227,-0.481277234,0.394994267,0.873935708,0.209554005,-0.141165760,-0.415205642
670,22.777846,2,false,false,0.262862782,-0.481352719,0.393552745,0.874122784,0.209065234,-0.142941515,-0.414450008
671,22.811742,2,false,false,0.263323849,-0.479805286,0.390302506,0.874051141,0.210169134,-0.144854164,-0.413377321
672,22.845638,2,false,false,0.264369968,-0.478256473,0.386500151,0.874083403,0.211966114,-0.143053162,-0.413018599
673,22.879533,2,false,false,0.260113792,-0.479328877,0.386522270,0.875786170,0.211897109,-0.138423677,-0.411019567
674,22.913429,2,false,false,0.259271247,-0.478926693,0.383481678,0.875800968,0.212874732,-0.140341080,-0.409830934
675,22.947324,2,false,false,0.259352836,-0.477963065,0.381244294,0.876306342,0.213289517,-0.141893238,-0.407996429
676,22.981220,2,false,false,0.258606040,-0.476466626,0.378254277,0.877303009,0.212909596,-0.143368559,-0.405529764
677,23.015116,2,false,false,0.257969333,-0.474470774,0.376384947,0.878272137,0.211846656,-0.145531368,-0.403211692
678,23.049011,2,false,false,0.257081642,-0.474905905,0.374973283,0.878437624,0.211331661,-0.146151572,-0.402896993
679,23.082907,2,false,false,0.257150807,-0.474321663,0.375918764,0.879375689,0.209909709,-0.147562723,-0.401075496
680,23.116803,2,false,false,0.257468587,-0.474236451,0.372836677,0.879003032,0.209242752,-0.149925798,-0.401364417
681,23.150698,2,false,false,0.257395537,-0.474522260,0.371592385,0.878969334,0.209170503,-0.151358107,-0.400938068
682,23.184594,2,false,false,0.257312279,-0.473314290,0.370855830,0.878964733,0.209756725,-0.152256420,-0.400301258
683,23.218489,2,false,false,0.255822058,-0.474609882,0.368695951,0.878805084,0.208576456,-0.152650643,-0.401117524
684,23.252385,2,false,false,0.255585120,-0.474752109,0.368308317,0.878894695,0.208834603,-0.153790107,-0.400350879
685,23.286280,2,false,false,0.256456738,-0.474170438,0.367817197,0.878970728,0.209442813,-0.155179042,-0.399328978
686,23.320176,2,false,false,0.256599286,-0.473540892,0.366875665,0.879317325,0.210323212,-0.155565975,-0.397950268
687,23.354072,2,false,false,0.256458999,-0.473310786,0.366740055,0.880251787,0.210518131,-0.155158647,-0.395935226
688,23.387967,2,false,false,0.256485457,-0.472341893,0.366249380,0.880370835,0.210570369,-0.156053017,-0.395290740
689,23.421863,2,false,false,0.256574053,-0.472036350,0.365382373,0.879871415,0.209402493,-0.156509648,-0.396839538
690,23.455759,2,false,false,0.257080538,-0.472713460,0.366341473,0.879950018,0.208301152,-0.156710923,-0.397165308
691,23.489654,2,false,false,0.257891690,-0.472490988,0.365171800,0.879622496,0.209190748,-0.157730461,-0.397019644
692,23.523550,2,false,false,0.258667092,-0.471111469,0.365494440,0.880153755,0.209205048,-0.157771812,-0.395816461
693,23.557445,2,false,false,0.258370967,-0.472124938,0.367026425,0.880467854,0.208277751,-0.156493088,-0.396114440
694,23.591341,2,false,false,0.258924445,-0.472757934,0.365258050,0.879840587,0.208082048,-0.156988974,-0.397412714
695,23.625237,2,false,false,0.258405966,-0.472581997,0.365028029,0.880162756,0.208345960,-0.156402994,-0.396791616
696,23.659132,2,false,false,0.258506080,-0.472452742,0.365589134,0.880516564,0.208226440,-0.155608356,-0.396381597
697,23.693028,2,false,false,0.259186232,-0.471996680,0.365623145,0.880631670,0.208741794,-0.154732727,-0.396197563
698,23.726923,2,false,false,0.258913439,-0.471301113,0.366381068,0.881253022,0.209021710,-0.153625032,-0.395097944
699,23.760819,2,false,false,0.258725827,-0.470977425,0.369182317,0.881535143,0.209482050,-0.151598846,-0.395007407
700,23.794715,2,false,false,0.258307900,-0.471353506,0.370393107,0.881189778,0.208828148,-0.150606826,-0.396500900
701,23.828610,2,false,false,0.259778231,-0.471239286,0.372597745,0.880520950,0.208656427,-0.150859381,-0.397978391
702,23.862506,2,false,false,0.259575461,-0.471794414,0.375311719,0.880011610,0.207707737,-0.150378782,-0.399779044
703,23.896401,2,false,false,0.259794567,-0.473156245,0.379279610,0.879264324,0.206478367,-0.149409401,-0.402414914
704,23.930297,2,false,false,0.261099593,-0.473594923,0.382356597,0.878064808,0.206365753,-0.150523195,-0.404670406
705,23.964193,2,false,false,0.261465966,-0.474435331,0.386371973,0.877187578,0.206940687,-0.149965225,-0.406482394
706,23.998088,2,false,false,0.260497626,-0.476291268,0.389728020,0.875961556,0.206885678,-0.149078860,-0.409469365
707,24.031984,2,false,false,0.260626798,-0.477596246,0.392889856,0.874524974,0.208532758,-0.148335569,-0.411966888
708,24.065879,2,false,false,0.259992466,-0.479975390,0.396267693,0.873463522,0.208746748,-0.147970833,-0.414235323
709,24.099775,2,false,false,0.259566905,-0.481268906,0.398813018,0.871810569,0.209645585,-0.147540628,-0.417404868
710,24.133671,2,false,false,0.259867112,-0.482311442,0.402438010,0.870479101,0.210583092,-0.147451705,-0.419736692
711,24.167566,2,false,false,0.259316343,-0.483543325,0.406975442,0.869249774,0.211976949,-0.147029251,-0.421726218
712,24.201462,2,false,false,0.259918304,-0.485488594,0.411588919,0.867528282,0.212291511,-0.147506725,-0.424933831
713,24.235357,2,false,false,0.258833513,-0.488260567,0.416332203,0.865607333,0.212006387,-0.146782471,-0.429222720
714,24.269253,2,false,false,0.259704058,-0.489834511,0.418962962,0.863747148,0.212332937,-0.148045786,-0.432363312
715,24.303149,2,false,false,0.258771953,-0.491809068,0.422163730,0.862267786,0.213485537,-0.147193191,-0.435031441
716,24.337044,2,false,false,0.258848960,-0.493146262,0.425531533,0.861044207,0.214582198,-0.146404204,-0.437176352
717,24.370940,2,false,false,0.257981536,-0.494545486,0.430601613,0.860226889,0.215652564,-0.144958367,-0.438737670
718,24.404836,2,false,false,0.255851513,-0.504202924,0.434890594,0.858511176,0.213680981,-0.141003979,-0.444316190
719,24.438731,2,false,false,0.254021001,-0.500775416,0.442465669,0.858631270,0.215510071,-0.144575442,-0.442047162
720,24.472627,2,false,false,0.253323485,-0.503229352,0.442586799,0.856221790,0.216023313,-0.144744291,-0.446393621
721,24.506522,2,false,false,0.252215231,-0.503816263,0.445578628,0.855168248,0.216860361,-0.143880474,-0.448282568
722,24.540418,2,false,false,0.252998190,-0.505477225,0.448770418,0.853932132,0.217247689,-0.144086572,-0.450380302
723,24.574313,2,false,false,0.250904000,-0.507207343,0.451533780,0.852625018,0.218090098,-0.143074066,-0.452766053
724,24.608209,2,false,false,0.252728512,-0.506538172,0.453234008,0.851194228,0.220168838,-0.144484263,-0.454002607
725,24.642105,2,false,false,0.251335867,-0.507813038,0.455894339,0.850479064,0.221318156,-0.141972590,-0.455573725
726,24.676000,2,false,false,0.250388289,-0.508726647,0.458234612,0.849545354,0.221983992,-0.141466509,-0.457146613
727,24.709896,2,false,false,0.251212021,-0.510003344,0.459396251,0.848498853,0.221964842,-0.142199695,-0.458868774
728,24.743792,2,false,false,0.247532510,-0.512965307,0.460689753,0.847743705,0.222797695,-0.138866757,-0.460877230
729,24.777687,2,false,false,0.254576123,-0.508155433,0.464759798,0.848544795,0.219681014,-0.145630554,-0.458806849
730,24.811583,2,false,false,0.254571274,-0.508380065,0.470628068,0.850039909,0.219633050,-0.144659445,-0.456362928
731,24.845478,2,false,false,0.251941973,-0.509538638,0.468321627,0.848860612,0.221555305,-0.142069764,-0.458437662
732,24.879374,1,true,false,0.000000000,0.000000000,0.000000000,0.000000000,0.000000000,0.000000000,0.000000000
733,24.913270,1,true,false,0.000000000,0.000000000,0.000000000,0.000000000,0.000000000,0.000000000,0.000000000
734,24.947165,1,true,false,0.000000000,0.000000000,0.000000000,0.000000000,0.000000000,0.000000000,0.000000000
735,24.981061,1,true,false,0.000000000,0.000000000,0.000000000,0.000000000,0.000000000,0.000000000,0.000000000
736,25.014956,1,true,false,0.000000000,0.000000000,0.000000000,0.000000000,0.000000000,0.000000000,0.000000000
737,25.048852,1,true,false,0.000000000,0.000000000,0.000000000,0.000000000,0.000000000,0.000000000,0.000000000
738,25.082748,1,true,false,0.000000000,0.000000000,0.000000000,0.000000000,0.000000000,0.000000000,0.000000000
739,25.116643,1,true,false,0.000000000,0.000000000,0.000000000,0.000000000,0.000000000,0.000000000,0.000000000
740,25.150539,1,true,false,0.000000000,0.000000000,0.000000000,0.000000000,0.000000000,0.000000000,0.000000000
741,25.184434,1,true,false,0.000000000,0.000000000,0.000000000,0.000000000,0.000000000,0.000000000,0.000000000
742,25.218330,1,true,false,0.000000000,0.000000000,0.000000000,0.000000000,0.000000000,0.000000000,0.000000000
743,25.252226,1,true,false,0.000000000,0.000000000,0.000000000,0.000000000,0.000000000,0.000000000,0.000000000
744,25.286121,1,true,false,0.000000000,0.000000000,0.000000000,0.000000000,0.000000000,0.000000000,0.000000000
745,25.320017,1,true,false,0.000000000,0.000000000,0.000000000,0.000000000,0.000000000,0.000000000,0.000000000
746,25.353912,1,true,false,0.000000000,0.000000000,0.000000000,0.000000000,0.000000000,0.000000000,0.000000000
747,25.387808,2,false,false,0.255992403,-0.514336828,0.462239342,0.846178509,0.220334753,-0.143908043,-0.463384293
748,25.421704,2,false,false,0.253177372,-0.514430007,0.457982759,0.847323067,0.220092629,-0.141339984,-0.462196780
749,25.455599,2,false,false,0.251738570,-0.512842552,0.455220164,0.848384507,0.219707370,-0.141214851,-0.460467986
750,25.489495,2,false,false,0.253478084,-0.511702922,0.455252926,0.849251210,0.219176668,-0.143172502,-0.458514563
751,25.523390,2,false,false,0.256004980,-0.510360518,0.452155956,0.849778329,0.218700234,-0.145228835,-0.457116600
752,25.557286,2,false,false,0.254919150,-0.507708819,0.450538341,0.851579351,0.217589204,-0.145533823,-0.454188787
753,25.591182,2,false,false,0.253580841,-0.506827944,0.448023566,0.852059348,0.217450260,-0.144802071,-0.453588594
754,25.625077,2,false,false,0.253441208,-0.507591019,0.445396773,0.852261464,0.216480066,-0.145735967,-0.453373804
755,25.658973,2,false,false,0.252754279,-0.508276120,0.442449493,0.852740157,0.216001283,-0.146231708,-0.452541663
756,25.692868,2,false,false,0.250870473,-0.507969158,0.440900370,0.854220442,0.214888301,-0.146244986,-0.450269762
757,25.726764,2,false,false,0.252611563,-0.505871857,0.441550427,0.855085839,0.215806860,-0.149106139,-0.447239272
758,25.760660,2,false,false,0.251709575,-0.506511195,0.437289705,0.854821489,0.215500648,-0.150078628,-0.447566865
759,25.794555,2,false,false,0.252243877,-0.516181133,0.431493251,0.854536986,0.212482925,-0.146532791,-0.450716859
760,25.828451,2,false,false,0.254434984,-0.502014461,0.427590671,0.856517241,0.217096407,-0.152213956,-0.442807270
761,25.862346,2,false,false,0.253437902,-0.501663578,0.424268423,0.857905771,0.217067824,-0.151459000,-0.440385534
762,25.896242,2,false,false,0.252211706,-0.500305591,0.420671242,0.859241974,0.217428740,-0.152011367,-0.437402009
763,25.930138,2,false,false,0.251616721,-0.501250692,0.416118919,0.860194071,0.216114890,-0.152708144,-0.435936620
764,25.964033,2,false,false,0.253145221,-0.498863412,0.412675732,0.861894107,0.215134360,-0.154444359,-0.432438083
765,25.997929,2,false,false,0.253537522,-0.496660742,0.407107273,0.863350668,0.213687207,-0.154035357,-0.430391113
766,26.031825,2,false,false,0.253133999,-0.496755413,0.401878283,0.864583602,0.211974275,-0.153644879,-0.428900166
767,26.065720,2,false,false,0.252457991,-0.497485216,0.396519285,0.866340954,0.209561414,-0.153891874,-0.426444202
768,26.099616,2,false,false,0.254551273,-0.493494143,0.392917252,0.868630209,0.208776031,-0.155707274,-0.421484726
769,26.133511,2,false,false,0.256122470,-0.490943129,0.390527744,0.870549058,0.207400150,-0.154555309,-0.418619363
770,26.167407,2,false,false,0.254461786,-0.490781729,0.387370112,0.871887926,0.206134316,-0.152075313,-0.417364573
771,26.201303,2,false,false,0.254026808,-0.489865927,0.385194194,0.873000865,0.205231848,-0.151693479,-0.415618174
772,26.235198,2,false,false,0.255772022,-0.489413845,0.382479541,0.873760505,0.203333842,-0.153682221,-0.414221806
773,26.269094,2,false,false,0.256674169,-0.488615140,0.379165115,0.874602224,0.202736483,-0.153573447,-0.412776046
774,26.302989,2,false,false,0.256821133,-0.488222449,0.377424548,0.875630641,0.202220946,-0.153840059,-0.410744331
775,26.336885,2,false,false,0.256240522,-0.488316321,0.374922851,0.876546375,0.201197545,-0.153714217,-0.409338418
776,26.370781,2,false,false,0.256712807,-0.488305137,0.370867008,0.877044994,0.200266849,-0.155054671,-0.408219692
777,26.404676,2,false,false,0.258363128,-0.487010096,0.369694854,0.878473388,0.199604958,-0.156549250,-0.404888502
778,26.438572,2,false,false,0.258073407,-0.486107412,0.366187397,0.879272570,0.198879808,-0.157225666,-0.403245161
779,26.472467,2,false,false,0.258974070,-0.484175949,0.366154581,0.880509430,0.198073786,-0.158385518,-0.400479646
780,26.506363,2,false,false,0.259205872,-0.483653731,0.367543736,0.881160904,0.196248908,-0.159945264,-0.399323602
781,26.540259,2,false,false,0.259740172,-0.484826994,0.365396168,0.880220725,0.194995093,-0.161582909,-0.401346923
782,26.574154,2,false,false,0.260046600,-0.485601232,0.365815681,0.880215691,0.194743366,-0.160915535,-0.401748116
783,26.608050,2,false,false,0.260915400,-0.485194009,0.364695952,0.879841471,0.195585832,-0.161612039,-0.401878984
784,26.641945,2,false,false,0.260682852,-0.485467937,0.365400732,0.879774756,0.196378359,-0.160659178,-0.402020580
785,26.675841,2,false,false,0.261407775,-0.486041164,0.366417122,0.879890704,0.195844059,-0.160930430,-0.401918959
786,26.709737,2,false,false,0.262135494,-0.485638625,0.366005425,0.879629457,0.195624069,-0.162114682,-0.402121961
787,26.743632,2,false,false,0.261904724,-0.486371003,0.366532017,0.879720896,0.195534551,-0.161580999,-0.402180265
788,26.777528,2,false,false,0.261415676,-0.486351551,0.366288054,0.879182318,0.195923320,-0.160689031,-0.403523903
789,26.811423,2,false,false,0.260374282,-0.487844301,0.365884746,0.878554422,0.195793080,-0.159737339,-0.405328484
790,26.845319,2,false,false,0.260871721,-0.487735389,0.365655847,0.878918159,0.195527704,-0.160402425,-0.404404313
791,26.879215,2,false,false,0.258728977,-0.488929830,0.365540359,0.879329878,0.195593599,-0.159301513,-0.403912290
792,26.913110,2,false,false,0.258591484,-0.487596793,0.365949787,0.879199821,0.197514422,-0.160031816,-0.402970898
793,26.947006,2,false,false,0.256781815,-0.489626629,0.368877143,0.879114986,0.198608256,-0.158095554,-0.403382445
794,26.980901,2,false,false,0.254350635,-0.492520169,0.370495106,0.878394303,0.199094246,-0.158374763,-0.404601488
795,27.014797,2,false,false,0.251999603,-0.494777468,0.371099920,0.877343251,0.199739562,-0.159331601,-0.406185141
796,27.048693,2,false,false,0.251337610,-0.494846082,0.372556637,0.876113822,0.202492791,-0.162242988,-0.406323089
797,27.082588,2,false,false,0.248488203,-0.497903551,0.375218714,0.875064483,0.204178270,-0.162424549,-0.407666103
798,27.116484,2,false,false,0.244728003,-0.501333225,0.377389811,0.873703045,0.206099190,-0.162231324,-0.409691482
799,27.150379,2,false,false,0.242044579,-0.503847549,0.380402844,0.872168429,0.209572379,-0.163054155,-0.410871016
800,27.184275,2,false,false,0.238703418,-0.506103696,0.381560217,0.870154031,0.213702479,-0.162534168,-0.413214058
801,27.218171,2,false,false,0.234522484,-0.510784305,0.386105356,0.868773955,0.217506840,-0.160371376,-0.414974229
802,27.252066,2,false,false,0.230823471,-0.515150519,0.387469250,0.866663405,0.220840218,-0.161560015,-0.417160044
803,27.285962,2,false,false,0.226235939,-0.518480690,0.390845282,0.865730103,0.223616734,-0.162679285,-0.417183887
804,27.319857,2,false,false,0.222830529,-0.520269274,0.392758814,0.864028883,0.227533171,-0.166339177,-0.417149882
805,27.353753,2,false,false,0.218993954,-0.523318310,0.393926668,0.861832540,0.231196883,-0.169541478,-0.418387812
806,27.387649,2,false,false,0.213831146,-0.528152783,0.398186199,0.859935625,0.235422032,-0.171554378,-0.419113687
807,27.421544,2,false,false,0.206390167,-0.537263712,0.404822486,0.857763276,0.239237089,-0.174433657,-0.420215038
808,27.455440,2,false,false,0.197447030,-0.542968438,0.402704366,0.855231815,0.243040699,-0.174212038,-0.423272875
809,27.489336,2,false,false,0.192182478,-0.547104784,0.402758554,0.853159363,0.248000251,-0.174865857,-0.424307565
810,27.523231,2,false,false,0.187848062,-0.551646208,0.403674231,0.851245593,0.252379781,-0.178109565,-0.424219719
811,27.557127,2,false,false,0.180741857,-0.555762691,0.404215620,0.849810250,0.256602567,-0.179333590,-0.424048494
812,27.591022,2,false,false,0.175176534,-0.560991464,0.404768799,0.848168831,0.260569998,-0.181494123,-0.423996218
813,27.624918,2,false,false,0.172574948,-0.563696704,0.406788246,0.846654559,0.265504453,-0.185964519,-0.422019716
814,27.658814,2,false,false,0.167431807,-0.566314774,0.405459041,0.844885136,0.269533232,-0.186051700,-0.422972468
815,27.692709,2,false,false,0.163046645,-0.571151750,0.410434164,0.844145105,0.272371586,-0.186908770,-0.422253328
816,27.726605,2,false,false,0.158479083,-0.574312998,0.405653962,0.841088598,0.276414248,-0.188699024,-0.424920948
817,27.760500,2,false,false,0.154870494,-0.577600379,0.406206347,0.839864311,0.278711431,-0.190612608,-0.424987895
818,27.794396,2,false,false,0.151509818,-0.579148515,0.408515781,0.839362452,0.281733311,-0.192442163,-0.423158398
819,27.828292,2,false,false,0.150030551,-0.581378713,0.406356628,0.836974908,0.285838901,-0.193844616,-0.424491920
820,27.862187,2,false,false,0.148439819,-0.582971327,0.408486011,0.836224906,0.289217457,-0.193474193,-0.423850099
821,27.896083,2,false,false,0.146123797,-0.585456572,0.408497765,0.835518071,0.290794667,-0.192263872,-0.424714749
822,27.929978,2,false,false,0.144785824,-0.586371514,0.407794044,0.835183234,0.290373019,-0.193006354,-0.425324608
823,27.963874,2,false,false,0.145951346,-0.586479458,0.409027174,0.835003174,0.290803541,-0.194932961,-0.424504583
824,27.997770,2,false,false,0.145960038,-0.586532559,0.408404332,0.835263794,0.289196230,-0.194945648,-0.425083674
825,28.031665,2,false,false,0.147897996,-0.586721995,0.408398929,0.835365846,0.287311724,-0.197218998,-0.425112389
826,28.065561,2,false,false,0.146829629,-0.587362426,0.407505960,0.835899599,0.285717427,-0.197895658,-0.424823164
827,28.099456,2,false,false,0.147572985,-0.585474358,0.410722914,0.837317212,0.284080007,-0.199572527,-0.422337830
828,28.133352,2,false,false,0.148703352,-0.585518668,0.409488339,0.836956048,0.282826008,-0.201106582,-0.423166830
829,28.167248,2,false,false,0.146957196,-0.586043674,0.408195086,0.836901446,0.282560277,-0.200057638,-0.423948818
830,28.201143,2,false,false,0.147425705,-0.585542220,0.408931243,0.837079690,0.283143708,-0.198345308,-0.424012232
831,28.235039,2,false,false,0.144009518,-0.586592076,0.407712748,0.837170302,0.283549514,-0.192652944,-0.426181183
832,28.268934,2,false,false,0.141770427,-0.587434446,0.407494829,0.836797725,0.285084436,-0.190415732,-0.426893757
833,28.302830,2,false,false,0.142652226,-0.587358138,0.407192101,0.835690622,0.287643553,-0.189952883,-0.427551486
834,28.336726,2,false,false,0.140204223,-0.589920353,0.407004665,0.835262174,0.288341177,-0.186629327,-0.429378576
835,28.370621,2,false,false,0.141968668,-0.589710927,0.404995121,0.833752122,0.290804222,-0.186318902,-0.430784829
836,28.404517,2,false,false,0.140642814,-0.590600829,0.406125647,0.834186563,0.290247466,-0.184420619,-0.431135968
837,28.438412,2,false,false,0.141469394,-0.591587107,0.405414850,0.833953132,0.289233607,-0.185854939,-0.431652680
838,28.472308,2,false,false,0.143690809,-0.590397897,0.405333197,0.834155605,0.289503439,-0.187391243,-0.430414577
839,28.506204,2,false,false,0.146978446,-0.589429638,0.407400679,0.834614331,0.289123172,-0.189073402,-0.429043073
840,28.540099,2,false,false,0.147969925,-0.589607860,0.405865332,0.834652207,0.288136810,-0.188232751,-0.430001515
841,28.573995,2,false,false,0.150891094,-0.589598612,0.406560159,0.835249826,0.286946853,-0.188313368,-0.429601334
842,28.607890,2,false,false,0.151776228,-0.588986210,0.406600152,0.836208512,0.285037990,-0.186751279,-0.429688991
843,28.641786,2,false,false,0.154209332,-0.587277431,0.405776574,0.836620033,0.283444585,-0.186559597,-0.430025121
844,28.675682,2,false,false,0.156350189,-0.587706726,0.407511266,0.837476678,0.281530775,-0.185511143,-0.430068427
845,28.709577,2,false,false,0.160481351,-0.586639935,0.406864228,0.837540685,0.280221682,-0.185288145,-0.430894087
846,28.743473,2,false,false,0.163053675,-0.586665992,0.407021394,0.837705102,0.278836475,-0.184323717,-0.431885575
847,28.777368,2,false,false,0.166313813,-0.584983881,0.408663199,0.838711474,0.277435930,-0.183794488,-0.431059107
848,28.811264,2,false,false,0.169804312,-0.585392908,0.407620163,0.838744290,0.276475556,-0.181866148,-0.432428014
849,28.845160,2,false,false,0.173911518,-0.584490159,0.410013605,0.839763800,0.275490062,-0.180422867,-0.431682262
850,28.879055,2,false,false,0.174961131,-0.585379143,0.408318810,0.839877638,0.274233213,-0.175943815,-0.434103067
851,28.912951,2,false,false,0.180473655,-0.584332623,0.409421049,0.840471741,0.271816628,-0.175938650,-0.434475045
852,28.946847,2,false,false,0.183712817,-0.584127675,0.407358686,0.840979498,0.270127949,-0.174187836,-0.435250472
853,28.980742,2,false,false,0.187699024,-0.582983342,0.408669584,0.842571181,0.267850511,-0.173101095,-0.434011427
854,29.014638,2,false,false,0.190529809,-0.581743326,0.405550927,0.843254094,0.265511834,-0.170031271,-0.435333626
855,29.048533,2,false,false,0.192403249,-0.579804197,0.404010394,0.844517654,0.261840095,-0.168151469,-0.435838021
856,29.082429,2,false,false,0.194912253,-0.579237181,0.403998392,0.845224896,0.259053269,-0.166755054,-0.436668101
857,29.116325,2,false,false,0.200580896,-0.577732350,0.404918852,0.845429154,0.257286923,-0.166785042,-0.437305083
858,29.150220,2,false,false,0.201559318,-0.577358586,0.403684011,0.846409971,0.254153887,-0.164388427,-0.438146560
859,29.184116,2,false,false,0.204989828,-0.576127091,0.402898119,0.846865780,0.252970790,-0.163414462,-0.438314777
860,29.218011,2,false,false,0.207887322,-0.574260999,0.402006778,0.846943229,0.252195995,-0.160773438,-0.439586452
861,29.251907,2,false,false,0.210481132,-0.573275009,0.402300915,0.847601430,0.249025686,-0.159844045,-0.440463285
862,29.285803,2,false,false,0.218659926,-0.565076436,0.396883169,0.847713351,0.248321363,-0.162606444,-0.439633619
863,29.319698,2,false,false,0.222478386,-0.564381537,0.396403846,0.848820909,0.245950720,-0.161170709,-0.439357839
864,29.353594,2,false,false,0.225408439,-0.562151244,0.395419670,0.850039422,0.242563396,-0.159219641,-0.439596504
865,29.387489,2,false,false,0.229800545,-0.560525945,0.396087265,0.851791889,0.238163699,-0.159355990,-0.438559344
866,29.421385,2,false,false,0.232950926,-0.560149319,0.395145522,0.852913257,0.234916815,-0.157882874,-0.438663954
867,29.455281,2,false,false,0.237842315,-0.557880417,0.395956842,0.853934994,0.232308138,-0.157068115,-0.438357802
868,29.489176,2,false,false,0.241857391,-0.556229909,0.395289051,0.854387493,0.228157300,-0.156721457,-0.439777948
869,29.523072,2,false,false,0.244825527,-0.556061930,0.395920982,0.854972069,0.224383378,-0.155646484,-0.440963755
870,29.556967,2,false,false,0.248479903,-0.554898813,0.395190113,0.855445501,0.221256115,-0.155587575,-0.441646049
871,29.590863,2,false,false,0.251524671,-0.552776640,0.394450363,0.855742034,0.218530978,-0.154661508,-0.442752303
872,29.624759,2,false,false,0.255651800,-0.552116667,0.394106107,0.855429549,0.216296204,-0.154247876,-0.444594007
873,29.658654,2,false,false,0.260735583,-0.550212972,0.393714336,0.855382052,0.215616465,-0.154059232,-0.445080709
874,29.692550,2,false,false,0.262714883,-0.550440192,0.395217904,0.856548475,0.213370196,-0.150804091,-0.445034825
875,29.726445,2,false,false,0.264878082,-0.549641326,0.394599960,0.857222522,0.210413854,-0.148320181,-0.445978342
876,29.760341,2,false,false,0.267435385,-0.548859226,0.396323926,0.858251412,0.208309273,-0.146137923,-0.445707829
877,29.794237,2,false,false,0.271684025,-0.546527497,0.396285711,0.858543402,0.206795786,-0.145998257,-0.445895994
878,29.828132,2,false,false,0.274770540,-0.545407842,0.397811819,0.859233716,0.204462711,-0.144265718,-0.446206032
879,29.862028,2,false,false,0.277541488,-0.544511996,0.398174216,0.859791702,0.201488876,-0.143929516,-0.446592383
880,29.895923,2,false,false,0.279367469,-0.544650710,0.398958073,0.859788821,0.199944529,-0.143056249,-0.447571534
881,29.929819,2,false,false,0.282739080,-0.542841702,0.398228222,0.860118012,0.198419084,-0.143803475,-0.447378401
882,29.963715,2,false,false,0.285356046,-0.541566326,0.398850617,0.860715303,0.196569332,-0.142951995,-0.447319117
883,29.997610,2,false,false,0.284912483,-0.542726163,0.399267331,0.861318069,0.194262728,-0.140441565,-0.447961320
884,30.031506,2,false,false,0.286670132,-0.540844148,0.399000919,0.861523378,0.192684266,-0.141768118,-0.447830373
885,30.065401,2,false,false,0.288813462,-0.540555255,0.398221976,0.861432228,0.191747392,-0.141928464,-0.448356738
886,30.099297,2,false,false,0.290547166,-0.538798972,0.396969051,0.861498300,0.191071351,-0.141521478,-0.448646955
887,30.133193,2,false,false,0.289309553,-0.539774051,0.399819135,0.862765036,0.189352613,-0.138539230,-0.447871592
888,30.167088,2,false,false,0.291062676,-0.538797062,0.397503070,0.862457212,0.188845921,-0.140255737,-0.448144066
889,30.200984,2,false,false,0.292591425,-0.538416353,0.396325826,0.862334919,0.188363298,-0.140446032,-0.448522761
890,30.234879,2,false,false,0.293026696,-0.537183326,0.396752242,0.862828628,0.188034376,-0.139262596,-0.448080083
891,30.268775,2,false,false,0.293459144,-0.537472671,0.396704384,0.862853557,0.186869338,-0.138974395,-0.448608635
892,30.302671,2,false,false,0.293568055,-0.537939202,0.396959599,0.862739540,0.186960464,-0.138186159,-0.449033247
893,30.336566,2,false,false,0.294284462,-0.536750645,0.397175393,0.862620238,0.187670532,-0.137761175,-0.449096821
894,30.370462,2,false,false,0.295033677,-0.537310519,0.396848839,0.862134670,0.187394382,-0.136632451,-0.450487213
895,30.404358,2,false,false,0.294543469,-0.538451820,0.397547419,0.862170380,0.186779824,-0.135796788,-0.450926563
896,30.438253,2,false,false,0.295380270,-0.537992158,0.398726437,0.862214788,0.186361771,-0.136546963,-0.450788061
897,30.472149,2,false,false,0.296188383,-0.538679704,0.398916462,0.862083118,0.185298504,-0.136885612,-0.451375111
898,30.506044,2,false,false,0.295440774,-0.538914837,0.398558111,0.862176835,0.184466508,-0.136863023,-0.451543713
899,30.539940,2,false,false,0.296233494,-0.539709397,0.398690778,0.861934293,0.184481559,-0.137955272,-0.451668211
900,30.573836,2,false,false,0.295754907,-0.539812167,0.396299210,0.861453919,0.184646061,-0.137936573,-0.452522353
901,30.607731,2,false,false,0.294511217,-0.541461455,0.395271731,0.861666912,0.185229775,-0.136559148,-0.452295990
902,30.641627,2,false,false,0.293747123,-0.541220758,0.396406062,0.862506532,0.186121424,-0.135848472,-0.450540220
903,30.675522,2,false,false,0.293440144,-0.541362998,0.397155617,0.862652741,0.187334902,-0.136991988,-0.449409700
904,30.709418,2,false,false,0.292071907,-0.541769932,0.395619925,0.862216341,0.187762273,-0.137682049,-0.449857715
905,30.743314,2,false,false,0.290697342,-0.542933127,0.394498298,0.861728613,0.188115344,-0.138657028,-0.450345027
906,30.777209,2,false,false,0.289065264,-0.545045193,0.394207423,0.861613312,0.188946375,-0.138003599,-0.450418445
907,30.811105,2,false,false,0.286042468,-0.547250683,0.395033319,0.861794977,0.190198809,-0.136525004,-0.449994171
908,30.845000,2,false,false,0.284524713,-0.548694856,0.395408490,0.861338070,0.192402357,-0.136183314,-0.450035739
909,30.878896,2,false,false,0.282931854,-0.548857686,0.394236458,0.860507575,0.194942032,-0.136383630,-0.450470669
910,30.912792,2,false,false,0.281145384,-0.551347522,0.395766812,0.860175667,0.196563824,-0.135997029,-0.450516697
911,30.946687,2,false,false,0.278539903,-0.553300029,0.396216869,0.859347135,0.199202363,-0.135725237,-0.451020599
912,30.980583,2,false,false,0.275685769,-0.556827688,0.397471620,0.858973947,0.200953033,-0.135292002,-0.451085038
913,31.014478,2,false,false,0.272201738,-0.559544080,0.397856831,0.858243210,0.203674065,-0.135749493,-0.451118102
914,31.048374,2,false,false,0.270067116,-0.560859048,0.397364803,0.857445144,0.206135332,-0.138104708,-0.450802771
915,31.082270,2,false,false,0.266213219,-0.563400131,0.397865318,0.856901091,0.208787406,-0.138371449,-0.450534883
916,31.116165,2,false,false,0.262740204,-0.565377081,0.397727944,0.856127825,0.210829062,-0.139561948,-0.450686939
917,31.150061,2,false,false,0.260501167,-0.567910912,0.397998405,0.854840796,0.213593414,-0.142649232,-0.450861691
918,31.183956,2,false,false,0.258198759,-0.570277479,0.397280709,0.853692427,0.216425682,-0.145488198,-0.450779712
919,31.217852,2,false,false,0.253668389,-0.574403924,0.397382624,0.853022578,0.219596116,-0.145635065,-0.450466930
920,31.251748,2,false,false,0.250288008,-0.575224637,0.398164201,0.852551744,0.223135106,-0.147540778,-0.448996623
921,31.285643,2,false,false,0.247240421,-0.576975300,0.398637172,0.851195501,0.226279863,-0.150468881,-0.449024229
922,31.319539,2,false,false,0.242923290,-0.578998070,0.398717102,0.850340908,0.228507829,-0.152021120,-0.448992306
923,31.353434,2,false,false,0.239805430,-0.581401033,0.400230424,0.849602815,0.230457697,-0.154136865,-0.448671520
924,31.387330,2,false,false,0.236826959,-0.582707604,0.400776018,0.848706717,0.232394836,-0.157003848,-0.448374108
925,31.421226,2,false,false,0.234091807,-0.584078420,0.403008305,0.847918761,0.233491215,-0.161111537,-0.447837806
926,31.455121,2,false,false,0.225815516,-0.594070710,0.403563870,0.845727032,0.234192315,-0.161402636,-0.451496330
927,31.489017,2,false,false,0.220348368,-0.597188926,0.404263820,0.845026282,0.235893911,-0.162733806,-0.451444740
928,31.522912,2,false,false,0.218923922,-0.597993879,0.407056285,0.844023047,0.240084681,-0.165424286,-0.450132477
929,31.556808,2,false,false,0.216840132,-0.599414981,0.409064685,0.842454345,0.244050667,-0.167010548,-0.450352557
930,31.590704,2,false,false,0.212502102,-0.602272242,0.405866496,0.839793333,0.247033414,-0.168200829,-0.453244009
931,31.624599,2,false,false,0.207825132,-0.604814250,0.405732369,0.838634781,0.248597549,-0.169289877,-0.454127626
932,31.658495,2,false,false,0.204157259,-0.606265105,0.406812192,0.837868835,0.251299260,-0.171123824,-0.453366445
933,31.692391,2,false,false,0.200246321,-0.607341036,0.405750714,0.836724446,0.253019238,-0.171562052,-0.454356611
934,31.726286,2,false,false,0.197218762,-0.609007824,0.406125632,0.835765216,0.255301462,-0.172495992,-0.454491803
935,31.760182,2,false,false,0.194655086,-0.610506891,0.406856839,0.834756774,0.257420355,-0.174780207,-0.454277194
936,31.794077,2,false,false,0.193272880,-0.610372735,0.406753310,0.833696432,0.259853408,-0.177045302,-0.453961923
937,31.827973,2,false,false,0.189841663,-0.612536179,0.404737925,0.832947915,0.259917201,-0.177774469,-0.455013250
938,31.861869,2,false,false,0.189841061,-0.612126385,0.405554845,0.832619417,0.260844893,-0.181959177,-0.453426627
939,31.895764,2,false,false,0.186800614,-0.614168028,0.403190915,0.832116073,0.261281292,-0.183755613,-0.453374902
940,31.929660,2,false,false,0.186210768,-0.614534326,0.401224721,0.831519172,0.263059566,-0.186021272,-0.452516980
941,31.963555,2,false,false,0.181394473,-0.617043733,0.404846455,0.832771963,0.263390951,-0.185438312,-0.450254036
942,31.997451,2,false,false,0.182055719,-0.616952180,0.401664662,0.831477778,0.265929104,-0.187941689,-0.450115916
943,32.031347,2,false,false,0.181529544,-0.617351329,0.399895000,0.831084519,0.268314919,-0.188312036,-0.449270747
944,32.065242,2,false,false,0.180498903,-0.618134091,0.401165904,0.831892473,0.269042117,-0.188616704,-0.447207995
945,32.099138,2,false,false,0.178960572,-0.618672985,0.399477949,0.832212296,0.268394110,-0.187660369,-0.447404606
946,32.133033,2,false,false,0.176803473,-0.620496564,0.396754174,0.832126670,0.269554355,-0.186599050,-0.447310237
947,32.166929,2,false,false,0.175628990,-0.620135042,0.397835372,0.832904324,0.270332067,-0.187825157,-0.444873770
948,32.200825,2,false,false,0.175126262,-0.620788855,0.397198321,0.832586022,0.271753928,-0.188385001,-0.444366301
949,32.234720,2,false,false,0.172156587,-0.622785551,0.396641940,0.832599253,0.273176747,-0.187124258,-0.444001644
950,32.268616,2,false,false,0.172774692,-0.622863093,0.396463436,0.831971921,0.275212402,-0.188417037,-0.443373291
951,32.302511,2,false,false,0.170007941,-0.624515350,0.395054079,0.831639556,0.276170390,-0.186741332,-0.444109490
952,32.336407,2,false,false,0.168590196,-0.624960421,0.395881285,0.831658130,0.276333678,-0.187556004,-0.443629573
953,32.370303,2,false,false,0.168818706,-0.626142288,0.395698083,0.830922010,0.277377068,-0.188471066,-0.443969856
954,32.404198,2,false,false,0.169090206,-0.626628473,0.398659809,0.830939376,0.279333389,-0.188845849,-0.442549270
955,32.438094,2,false,false,0.167711369,-0.627240575,0.397474848,0.830062321,0.280833579,-0.188096643,-0.443563633
956,32.471989,2,false,false,0.168387265,-0.627783392,0.400439973,0.829753307,0.281977316,-0.187644865,-0.443607536
957,32.505885,2,false,false,0.167645806,-0.629286589,0.399510608,0.828825970,0.281966452,-0.186959198,-0.445632910
958,32.539781,2,false,false,0.169221442,-0.628822706,0.400855045,0.828534983,0.281800818,-0.188782368,-0.445510155
959,32.573676,2,false,false,0.170501061,-0.628001074,0.399376676,0.827514042,0.281568345,-0.189694359,-0.447164207
960,32.607572,2,false,false,0.169756367,-0.629003512,0.399925975,0.827478109,0.281223002,-0.188762923,-0.447841670
961,32.641467,2,false,false,0.172754598,-0.627315088,0.400674953,0.827264524,0.282306212,-0.189015040,-0.447448236
962,32.675363,2,false,false,0.172313183,-0.628698453,0.400159546,0.827379568,0.281035759,-0.187449152,-0.448692286
963,32.709259,2,false,false,0.173488525,-0.629170109,0.402172577,0.828152788,0.281177817,-0.186993339,-0.447365048
964,32.743154,2,false,false,0.175472996,-0.629369354,0.402115736,0.828247272,0.280609463,-0.186145170,-0.447900393
965,32.777050,2,false,false,0.177998843,-0.629258382,0.401551844,0.828167002,0.279800806,-0.184759149,-0.449126912
966,32.810945,2,false,false,0.180933170,-0.627629120,0.400441502,0.828343382,0.277799925,-0.184982763,-0.449950909
967,32.844841,2,false,false,0.182029384,-0.627024551,0.399816304,0.828860821,0.275462648,-0.184164185,-0.450770032
968,32.878737,2,false,false,0.186063790,-0.625847457,0.403100091,0.829998200,0.273911106,-0.183769513,-0.449782680
969,32.912632,2,false,false,0.188682769,-0.624737394,0.404590627,0.830638444,0.272286147,-0.181655815,-0.450445550
970,32.946528,2,false,false,0.195224681,-0.623709673,0.405891349,0.830359062,0.271511467,-0.181216341,-0.451603797
971,32.980424,2,false,false,0.197565184,-0.621487420,0.404486674,0.830693686,0.268294394,-0.178787443,-0.453873516
972,33.014319,2,false,false,0.201609156,-0.619078485,0.405007782,0.831531986,0.264498156,-0.178312263,-0.454752700
973,33.048215,2,false,false,0.204900877,-0.617903438,0.404672878,0.831999050,0.261567749,-0.177478978,-0.455917872
974,33.082110,2,false,false,0.208060390,-0.616024317,0.403532334,0.832322800,0.258361922,-0.175192726,-0.458034260
975,33.116006,2,false,false,0.208314640,-0.613864149,0.405010778,0.833481791,0.256399508,-0.170467994,-0.458811572
976,33.149901,2,false,false,0.214015850,-0.610463553,0.406985897,0.833569974,0.254891859,-0.169783782,-0.459744175
977,33.183797,2,false,false,0.215264260,-0.609104665,0.406802288,0.833636591,0.252368822,-0.166818408,-0.462094828
978,33.217693,2,false,false,0.220083095,-0.605320874,0.408252437,0.833821440,0.250862139,-0.167272524,-0.462417448
979,33.251588,2,false,false,0.225205037,-0.603671271,0.410723420,0.833794038,0.249952520,-0.166153710,-0.463361829
980,33.285484,2,false,false,0.228736594,-0.600874002,0.411033390,0.834248401,0.247386662,-0.163026657,-0.465028766
981,33.319380,2,false,false,0.230064685,-0.597856977,0.410717755,0.834983413,0.242915340,-0.160694344,-0.466874892
982,33.353275,2,false,false,0.235844642,-0.594656194,0.409854539,0.834994640,0.239799212,-0.162275449,-0.467917694
983,33.387171,2,false,false,0.241250664,-0.591896873,0.410661845,0.835922518,0.236504228,-0.162442443,-0.467880056
984,33.421066,2,false,false,0.244983701,-0.588408895,0.412052637,0.837439343,0.233658788,-0.160361747,-0.467314699
985,33.454962,2,false,false,0.247054830,-0.585379474,0.408635457,0.837692209,0.231665862,-0.157764196,-0.468735693
986,33.488858,2,false,false,0.255054422,-0.573797234,0.402903334,0.838443999,0.230532707,-0.160449973,-0.467035478
987,33.522753,2,false,false,0.257025845,-0.570663498,0.403399406,0.840700695,0.226926550,-0.157926957,-0.465602576
988,33.556649,2,false,false,0.259950531,-0.567127377,0.402794871,0.842104006,0.223471175,-0.158067506,-0.464689295
989,33.590544,2,false,false,0.262849778,-0.562893485,0.400392404,0.843032268,0.220398416,-0.159601129,-0.463948934
990,33.624440,2,false,false,0.265981256,-0.560131802,0.400182059,0.844054314,0.217559147,-0.159794997,-0.463363671
991,33.658336,2,false,false,0.267365482,-0.557638122,0.401010395,0.845251643,0.215492474,-0.157634084,-0.462886757
992,33.692231,2,false,false,0.268956514,-0.554682702,0.399569417,0.846066333,0.212895251,-0.156510771,-0.462981372
993,33.726127,2,false,false,0.270564433,-0.551217022,0.397851497,0.845711485,0.212349126,-0.156673102,-0.463824829
994,33.760022,2,false,false,0.274702545,-0.549036623,0.395529376,0.845859871,0.211660949,-0.157873296,-0.463461697
995,33.793918,2,false,false,0.275433243,-0.545558736,0.393768267,0.847247411,0.210010089,-0.155959242,-0.462324888
996,33.827814,2,false,false,0.276154633,-0.543928624,0.393436714,0.848616493,0.207466707,-0.153613163,-0.461747344
997,33.861709,2,false,false,0.278906546,-0.541065300,0.392971853,0.850119794,0.204397685,-0.154534378,-0.460040268
998,33.895605,2,false,false,0.280151571,-0.537784311,0.391406544,0.851026222,0.201404958,-0.155236542,-0.459447526
999,33.929500,2,false,false,0.281910712,-0.535384101,0.392052426,0.852002253,0.199143209,-0.155550987,-0.458517212
1000,33.963396,2,false,false,0.284033075,-0.532122513,0.390978145,0.852282209,0.198787035,-0.156862252,-0.457704037
1001,33.997292,2,false,false,0.284377790,-0.528963729,0.390056010,0.852722021,0.198489084,-0.156403192,-0.457170952
1002,34.031187,2,false,false,0.285063078,-0.525812867,0.388471576,0.853449055,0.197199954,-0.156585037,-0.456309122
1003,34.065083,2,false,false,0.284656119,-0.523568790,0.387093768,0.853995512,0.195947876,-0.156381233,-0.455895828
1004,34.098978,2,false,false,0.283946350,-0.519887972,0.385634337,0.854911321,0.194649106,-0.156423286,-0.454719820
1005,34.132874,2,false,false,0.282816142,-0.516633655,0.384047535,0.855561400,0.193844189,-0.156309264,-0.453879427
1006,34.166770,2,false,false,0.283500639,-0.513219446,0.383403628,0.856808549,0.192291041,-0.156956217,-0.451960189
1007,34.200665,2,false,false,0.282781693,-0.509271765,0.382417007,0.858259305,0.190587983,-0.157860018,-0.449608053
1008,34.234561,2,false,false,0.281933322,-0.507262892,0.381885630,0.859138319,0.188742934,-0.158855804,-0.448355091
1009,34.268456,2,false,false,0.280462928,-0.505498265,0.380653613,0.859636989,0.188073778,-0.158997105,-0.447629782
1010,34.302352,2,false,false,0.279287309,-0.503788847,0.380229976,0.860053770,0.188863490,-0.159105261,-0.446456730
1011,34.336248,2,false,false,0.278396122,-0.502273491,0.381497440,0.860308123,0.190316178,-0.158625073,-0.445519666
1012,34.370143,2,false,false,0.277189247,-0.502300867,0.380028230,0.859653400,0.191227121,-0.157946097,-0.446633239
1013,34.404039,2,false,false,0.276749691,-0.500598007,0.381220946,0.860113452,0.192975401,-0.157030968,-0.445316314
1014,34.437934,2,false,false,0.275403640,-0.500752223,0.381828081,0.860548820,0.192672090,-0.156708521,-0.444719724
1015,34.471830,2,false,false,0.274750953,-0.500783382,0.382701703,0.860685376,0.193746482,-0.156705164,-0.443989274
1016,34.505726,2,false,false,0.274776307,-0.501109525,0.383616996,0.860175333,0.194888179,-0.156806856,-0.444441902
1017,34.539621,2,false,false,0.273085365,-0.503084675,0.383457115,0.859891176,0.195265861,-0.154368870,-0.445677755
1018,34.573517,2,false,false,0.271418322,-0.504178823,0.386208091,0.860892300,0.196276014,-0.153790188,-0.443496056
1019,34.607413,2,false,false,0.272890523,-0.502804521,0.386068544,0.861104006,0.197991417,-0.156735895,-0.441285790
1020,34.641308,2,false,false,0.271440222,-0.503275305,0.388492593,0.862312945,0.199318653,-0.155186103,-0.438868698
1021,34.675204,2,false,false,0.270093874,-0.503322479,0.390346748,0.862671738,0.200742107,-0.154698488,-0.437685341
1022,34.709099,2,false,false,0.270126314,-0.504380241,0.390317359,0.862555874,0.202585090,-0.154922742,-0.436984656
1023,34.742995,2,false,false,0.269857776,-0.503680109,0.392253789,0.864015920,0.203977446,-0.155788005,-0.433127914
1024,34.776891,2,false,false,0.269621541,-0.503779345,0.392138400,0.864960321,0.204601277,-0.155260452,-0.431133566
1025,34.810786,2,false,false,0.268163148,-0.503877941,0.393377191,0.865925872,0.205507395,-0.153971920,-0.429222253
1026,34.844682,2,false,false,0.267051577,-0.505394791,0.395108050,0.866587101,0.207307289,-0.153574764,-0.427159544
1027,34.878577,2,false,false,0.266709200,-0.505157787,0.395136933,0.867570419,0.209141857,-0.153368872,-0.424333878
1028,34.912473,2,false,false,0.265240006,-0.505234355,0.394774168,0.869217394,0.209950735,-0.150913826,-0.421434250
1029,34.946369,2,false,false,0.262841285,-0.505081206,0.394681224,0.870903798,0.210645289,-0.149413529,-0.418127653
1030,34.980264,2,false,false,0.262681012,-0.504361647,0.394153948,0.872091859,0.211208367,-0.149266052,-0.415411194
1031,35.014160,2,false,false,0.262944891,-0.503643894,0.393814659,0.873523803,0.211240801,-0.148174261,-0.412768552
1032,35.048055,2,false,false,0.263580934,-0.503611968,0.394070428,0.875238364,0.210829132,-0.146570995,-0.409909535
1033,35.081951,2,false,false,0.261196376,-0.504512452,0.393030388,0.877116586,0.209353243,-0.143497252,-0.407733067
1034,35.115847,2,false,false,0.261514378,-0.503616754,0.394096312,0.879317418,0.209463766,-0.143326610,-0.402968104
1035,35.149742,2,false,false,0.261149791,-0.502114284,0.392845281,0.881189801,0.209353238,-0.143154438,-0.398976896
1036,35.183638,2,false,false,0.263390497,-0.499156053,0.392270488,0.882643728,0.208321491,-0.144259704,-0.395893097
1037,35.217533,2,false,false,0.263023143,-0.501373418,0.392049168,0.884967452,0.205334486,-0.142253248,-0.392981388
1038,35.251429,2,false,false,0.263327850,-0.499878769,0.391263234,0.887550199,0.204101874,-0.142424509,-0.387701339
1039,35.285325,2,false,false,0.264494302,-0.499341594,0.390975043,0.889776878,0.203391899,-0.141418134,-0.383314171
1040,35.319220,2,false,false,0.265574584,-0.495733855,0.388764162,0.891400572,0.203543376,-0.141268067,-0.379497624
1041,35.353116,2,false,false,0.266126201,-0.496790883,0.388481412,0.893229296,0.202473158,-0.139259189,-0.376500895
1042,35.387011,2,false,false,0.266072290,-0.498033513,0.387959574,0.895624023,0.202445352,-0.135308884,-0.372243194
1043,35.420907,2,false,false,0.265066576,-0.495590577,0.387610961,0.898177508,0.203313787,-0.132515989,-0.366579025
1044,35.454803,2,false,false,0.264581512,-0.495058074,0.386479544,0.900176658,0.203372712,-0.129626459,-0.362654802
1045,35.488698,2,false,false,0.264929293,-0.493526464,0.386960377,0.902078037,0.203820143,-0.127364814,-0.358456090
1046,35.522594,2,false,false,0.263170475,-0.494111045,0.386967600,0.903957274,0.202680152,-0.123889699,-0.355574670
1047,35.556489,2,false,false,0.263013585,-0.494228153,0.387092836,0.905030805,0.203708431,-0.122230041,-0.352819973
1048,35.590385,2,false,false,0.262924867,-0.492886501,0.385683931,0.905740433,0.205043571,-0.120645174,-0.350765083
1049,35.624281,2,false,false,0.261450593,-0.494076996,0.386549138,0.906868626,0.205282861,-0.116546771,-0.349091811
1050,35.658176,2,false,false,0.261672705,-0.494479972,0.386682415,0.908500007,0.204448629,-0.114630513,-0.345960028
1051,35.692072,2,false,false,0.261791064,-0.493415207,0.383859525,0.909519275,0.204172936,-0.114227025,-0.343569916
1052,35.725967,2,false,false,0.262723625,-0.492404726,0.384387305,0.911406252,0.203938190,-0.112160503,-0.339363935
1053,35.759863,2,false,false,0.261636918,-0.493426809,0.384664599,0.912759409,0.204452768,-0.106944564,-0.337093736
1054,35.793759,2,false,false,0.260263310,-0.494346585,0.384972902,0.914431977,0.204299728,-0.103635761,-0.333669610
1055,35.827654,2,false,false,0.262107222,-0.491319886,0.383833503,0.915418411,0.207151842,-0.103065609,-0.329355017
1056,35.861550,2,false,false,0.260580159,-0.491509813,0.381473967,0.915861434,0.208661497,-0.097865664,-0.328756028
1057,35.895446,2,false,false,0.258053233,-0.491964073,0.382627635,0.916531370,0.210449480,-0.092923560,-0.327179578
1058,35.929341,2,false,false,0.259521973,-0.490363149,0.382173166,0.916637597,0.211904107,-0.092633511,-0.326023309
1059,35.963237,2,false,false,0.258092937,-0.490879378,0.382864367,0.917056659,0.212299232,-0.088496870,-0.325736739
1060,35.997132,2,false,false,0.257929928,-0.490554560,0.384652263,0.917329825,0.212146420,-0.085952471,-0.325748463
1061,36.031028,2,false,false,0.259573452,-0.490301741,0.383982509,0.916741387,0.212629849,-0.085365927,-0.327240638
1062,36.064924,2,false,false,0.259363622,-0.490200499,0.385461800,0.917140480,0.212480604,-0.082457085,-0.326965077
1063,36.098819,2,false,false,0.259687982,-0.489054575,0.384432398,0.917116884,0.212409712,-0.081129327,-0.327409175
1064,36.132715,2,false,false,0.259130177,-0.489417781,0.386156073,0.916855040,0.212521198,-0.077640622,-0.328912617
1065,36.166610,2,false,false,0.259157361,-0.490277781,0.387313651,0.916414006,0.213193290,-0.075137233,-0.330285311
1066,36.200506,2,false,false,0.257891866,-0.490357992,0.387288955,0.916416925,0.213901846,-0.074639861,-0.329931675
1067,36.234402,2,false,false,0.257405356,-0.489565844,0.387981218,0.916276593,0.214417694,-0.073928298,-0.330146731
1068,36.268297,2,false,false,0.256161081,-0.491185446,0.390587744,0.915503845,0.215069204,-0.071507083,-0.332392364
1069,36.302193,2,false,false,0.254111978,-0.493014812,0.390985642,0.914379330,0.215553682,-0.069476518,-0.335589129
1070,36.336088,2,false,false,0.253118707,-0.493093798,0.392957756,0.913354900,0.217476107,-0.068602927,-0.337313812
1071,36.369984,2,false,false,0.252400665,-0.492952860,0.394692537,0.912307522,0.218343086,-0.068633648,-0.339574298
1072,36.403880,2,false,false,0.251834185,-0.495080724,0.395970665,0.910298626,0.219296166,-0.067205309,-0.344599840
1073,36.437775,2,false,false,0.250228944,-0.496419687,0.396738392,0.909184905,0.219284583,-0.065874546,-0.347789628
1074,36.471671,2,false,false,0.249698147,-0.496425223,0.401440074,0.908399119,0.219815917,-0.066669604,-0.349352498
1075,36.505566,2,false,false,0.248307037,-0.498657894,0.402793143,0.905673650,0.220749143,-0.065596638,-0.355980528
1076,36.539462,2,false,false,0.248030473,-0.499222771,0.408073631,0.903430266,0.221603206,-0.065204367,-0.361184391
1077,36.573358,2,false,false,0.247267744,-0.501427847,0.410044070,0.898909366,0.223808910,-0.065465131,-0.370925652
1078,36.607253,2,false,false,0.247442664,-0.504495836,0.409885499,0.895434598,0.224973350,-0.064158679,-0.378771086
1079,36.641149,2,false,false,0.247188506,-0.504858505,0.415142450,0.894655827,0.225435270,-0.062872807,-0.380548157
1080,36.675044,2,false,false,0.246044617,-0.506498159,0.419729999,0.891992510,0.226299799,-0.064156640,-0.386033274
1081,36.708940,2,false,false,0.246262129,-0.509066116,0.418688705,0.888173949,0.227687829,-0.064060114,-0.393956331
1082,36.742836,2,false,false,0.245869892,-0.510679891,0.422366484,0.886503973,0.228629743,-0.063540361,-0.397242707
1083,36.776731,2,false,false,0.245614118,-0.512894255,0.425007252,0.884018832,0.230423922,-0.063625716,-0.401705475
1084,36.810627,2,false,false,0.244413584,-0.515149250,0.425265390,0.881673327,0.230970553,-0.061999497,-0.406768744
1085,36.844522,2,false,false,0.242095149,-0.517517226,0.427920265,0.880055343,0.231560096,-0.060384499,-0.410166097
1086,36.878418,2,false,false,0.242166818,-0.519338678,0.427623995,0.877749974,0.232657784,-0.061663689,-0.414273977
1087,36.912314,2,false,false,0.241014012,-0.521274193,0.429333815,0.875741690,0.234516598,-0.060203948,-0.417676841
1088,36.946209,2,false,false,0.240394489,-0.522553599,0.433666017,0.873675488,0.236547435,-0.059578097,-0.420935746
1089,36.980105,2,false,false,0.240709482,-0.524167138,0.430225357,0.870501703,0.238064896,-0.060750438,-0.426451961
1090,37.014000,2,false,false,0.239906197,-0.526350238,0.432072621,0.869576467,0.238861934,-0.059968616,-0.428001763
1091,37.047896,2,false,false,0.239345914,-0.527634882,0.432865682,0.868762718,0.239935140,-0.060320011,-0.429003455
1092,37.081792,2,false,false,0.239400439,-0.527850162,0.433386342,0.868194623,0.240389937,-0.060699473,-0.429844564
1093,37.115687,2,false,false,0.237936208,-0.529394132,0.436116029,0.868281830,0.239574263,-0.060345851,-0.430173469
1094,37.149583,2,false,false,0.238735664,-0.529121794,0.435321320,0.866955347,0.239499304,-0.063185086,-0.432476767
1095,37.183478,2,false,false,0.238062010,-0.531085792,0.435164619,0.866082737,0.239701179,-0.064971717,-0.433846416
1096,37.217374,2,false,false,0.240464959,-0.529959095,0.436274096,0.865596081,0.240648694,-0.067216456,-0.433951125
1097,37.251270,2,false,false,0.239959428,-0.530845512,0.438630116,0.864540121,0.240181606,-0.066992501,-0.436342961
1098,37.285165,2,false,false,0.242858906,-0.530877904,0.437728339,0.863199306,0.239473724,-0.069462119,-0.438992378
1099,37.319061,2,false,false,0.241382061,-0.533543417,0.439184068,0.862331084,0.238066941,-0.068038286,-0.441678645
1100,37.352957,2,false,false,0.242908520,-0.532882278,0.438812237,0.861477379,0.237477600,-0.070140058,-0.443329997
1101,37.386852,2,false,false,0.242523489,-0.533516347,0.438662485,0.860990393,0.236377349,-0.069539067,-0.444955739
1102,37.420748,2,false,false,0.244085793,-0.533963695,0.439313036,0.860903771,0.235635647,-0.070819656,-0.445314625
1103,37.454643,2,false,false,0.244698560,-0.533434933,0.438286586,0.860789909,0.234968673,-0.071791586,-0.445731335
1104,37.488539,2,false,false,0.246506051,-0.532742257,0.437395612,0.860823406,0.233847626,-0.073533626,-0.445972148
1105,37.522435,2,false,false,0.245917342,-0.533326481,0.437903446,0.861024973,0.232349504,-0.073833082,-0.446316457
1106,37.556330,2,false,false,0.246235156,-0.533528522,0.436901738,0.860600711,0.232502278,-0.074615869,-0.446924579
1107,37.590226,2,false,false,0.247148360,-0.534202017,0.436626988,0.861357597,0.231460205,-0.074513019,-0.446023625
1108,37.624121,2,false,false,0.248107098,-0.533056292,0.434084278,0.861710429,0.231186225,-0.076072439,-0.445220225
1109,37.658017,2,false,false,0.248541275,-0.533510264,0.432192174,0.862588198,0.230573532,-0.076849305,-0.443702189
1110,37.691913,2,false,false,0.247037119,-0.533957310,0.432181440,0.863784999,0.231242876,-0.076189252,-0.441131960
1111,37.725808,2,false,false,0.247013815,-0.533078697,0.431140018,0.865197645,0.230486382,-0.078387332,-0.438365703
1112,37.759704,2,false,false,0.249519567,-0.531285366,0.428011648,0.865477233,0.230886170,-0.082051191,-0.436930586
1113,37.793599,2,false,false,0.250065719,-0.529545759,0.427164260,0.867184978,0.230840964,-0.082479540,-0.433474092
1114,37.827495,2,false,false,0.251017831,-0.528341371,0.426698368,0.868970243,0.230137756,-0.082375638,-0.430280820
1115,37.861391,2,false,false,0.250169045,-0.527527390,0.425938930,0.870564430,0.229698511,-0.082018638,-0.427351273
1116,37.895286,2,false,false,0.249924724,-0.528684045,0.424652915,0.871413421,0.230016359,-0.081898772,-0.425468819
1117,37.929182,2,false,false,0.251483531,-0.527374759,0.422864807,0.872748584,0.230866960,-0.082943307,-0.422055404
1118,37.963077,2,false,false,0.250166061,-0.526754120,0.422766296,0.874916803,0.230608811,-0.081672646,-0.417935094
1119,37.996973,2,false,false,0.248841696,-0.527000747,0.422709933,0.876567415,0.230797368,-0.081534247,-0.414384252
1120,38.030869,2,false,false,0.249894049,-0.526198610,0.422292230,0.877982628,0.231744372,-0.082814886,-0.410588292
1121,38.064764,2,false,false,0.249901656,-0.526446875,0.420192965,0.879511445,0.232247088,-0.083113108,-0.406955918
1122,38.098660,2,false,false,0.249689664,-0.525607782,0.418062988,0.881511951,0.233280076,-0.082159518,-0.402202561
1123,38.132555,2,false,false,0.246753492,-0.524707509,0.418206562,0.884172278,0.233217930,-0.080556908,-0.396685473
1124,38.166451,2,false,false,0.247141888,-0.523922859,0.415808071,0.885458970,0.234036280,-0.081445304,-0.393136228
1125,38.200347,2,false,false,0.245197506,-0.525577470,0.414946876,0.887003611,0.235180907,-0.078200770,-0.389614136
1126,38.234242,2,false,false,0.244272753,-0.524370921,0.412599631,0.889003858,0.235986983,-0.077065257,-0.384763863
1127,38.268138,2,false,false,0.242688660,-0.522636505,0.412073319,0.890808695,0.236700955,-0.076901108,-0.380156212
1128,38.302033,2,false,false,0.243623805,-0.521281955,0.411121168,0.891649286,0.237748029,-0.077151716,-0.377471905
1129,38.335929,2,false,false,0.241884899,-0.521636406,0.410811139,0.892678003,0.237587801,-0.075361995,-0.375497789
1130,38.369825,2,false,false,0.242397571,-0.523024437,0.408918231,0.893830409,0.236791987,-0.076123492,-0.373097800
1131,38.403720,2,false,false,0.242873261,-0.520856595,0.408647078,0.896189938,0.236878640,-0.076981074,-0.367159393
1132,38.437616,2,false,false,0.242944919,-0.519052531,0.405700484,0.897297876,0.236597048,-0.078472515,-0.364308143
1133,38.471511,2,false,false,0.243287531,-0.519633750,0.404693598,0.898393465,0.235983278,-0.078061717,-0.362087618
1134,38.505407,2,false,false,0.242894792,-0.520033014,0.404520666,0.900021307,0.235686154,-0.077765336,-0.358282340
1135,38.539303,2,false,false,0.243937628,-0.518307364,0.401996137,0.901319856,0.235804905,-0.080560996,-0.354299999
1136,38.573198,2,false,false,0.245425492,-0.516070957,0.401397574,0.902496478,0.236687044,-0.081439703,-0.350495256
1137,38.607094,2,false,false,0.244785470,-0.515829946,0.401444131,0.903886145,0.235439330,-0.079668497,-0.348153830
1138,38.640990,2,false,false,0.243943201,-0.516173713,0.400659806,0.905142210,0.234115510,-0.080126615,-0.345669255
1139,38.674885,2,false,false,0.244374222,-0.515651003,0.398701404,0.905986526,0.232884097,-0.082158740,-0.343807146
1140,38.708781,2,false,false,0.245646504,-0.513955453,0.399798580,0.907034857,0.233246499,-0.082678316,-0.340658386
1141,38.742676,2,false,false,0.245697146,-0.512862688,0.399494182,0.907515187,0.232882584,-0.083414593,-0.339446450
1142,38.776572,2,false,false,0.245929286,-0.512119151,0.397049941,0.907511783,0.232686970,-0.085253635,-0.339132652
1143,38.810467,2,false,false,0.245530111,-0.512268425,0.397348142,0.908273207,0.231673899,-0.085147561,-0.337811899
1144,38.844363,2,false,false,0.245808484,-0.511260926,0.397000192,0.908822433,0.231306605,-0.085287621,-0.336548750
1145,38.878259,2,false,false,0.244756535,-0.511457588,0.398622070,0.909196858,0.230478367,-0.084621848,-0.336273606
1146,38.912154,2,false,false,0.247221696,-0.510602776,0.396071241,0.908715371,0.230412424,-0.087636528,-0.336847633
1147,38.946050,2,false,false,0.245496914,-0.511559651,0.397319010,0.909701115,0.229418570,-0.085844458,-0.335323320
1148,38.979946,2,false,false,0.245588441,-0.510635336,0.396690901,0.910227122,0.228898270,-0.087226164,-0.333891846
1149,39.013841,2,false,false,0.246549338,-0.509057332,0.394842677,0.910176234,0.229173949,-0.088793227,-0.333428083
1150,39.047737,2,false,false,0.246064053,-0.509538367,0.395990432,0.910718679,0.228286212,-0.087518994,-0.332892353
1151,39.081632,2,false,false,0.246337121,-0.508779661,0.396410288,0.911163806,0.228051109,-0.087372761,-0.331872282
1152,39.115528,2,false,false,0.246641377,-0.508493035,0.394870079,0.911169000,0.227236980,-0.088016811,-0.332246067
1153,39.149424,2,false,false,0.247060819,-0.507779224,0.395500807,0.911427636,0.226893544,-0.088511752,-0.331639343
1154,39.183319,2,false,false,0.247460284,-0.507719491,0.395905329,0.911441363,0.226623840,-0.088679579,-0.331741177
1155,39.217215,2,false,false,0.247285357,-0.506875859,0.396986594,0.911701849,0.226350548,-0.088932867,-0.331143643
1156,39.251110,2,false,false,0.246168304,-0.508158270,0.396562909,0.910989221,0.225549891,-0.088192756,-0.333838171
1157,39.285006,2,false,false,0.246064241,-0.508037197,0.397757782,0.910167183,0.226027048,-0.088049073,-0.335789863
1158,39.318902,2,false,false,0.245049394,-0.508975194,0.400230486,0.909293059,0.226271934,-0.088799890,-0.337789468
1159,39.352797,2,false,false,0.244325128,-0.510388369,0.404167730,0.908167928,0.226647065,-0.089830113,-0.340283225
1160,39.386693,2,false,false,0.244336008,-0.510910076,0.405618349,0.905375199,0.228740156,-0.091996075,-0.345702780
1161,39.420588,2,false,false,0.244481001,-0.512352867,0.404059890,0.902169196,0.230376532,-0.091287745,-0.353106135
1162,39.454484,2,false,false,0.243876689,-0.513497080,0.408286002,0.901457153,0.229767278,-0.088845751,-0.355933184
1163,39.488380,2,false,false,0.244670840,-0.513677281,0.411510785,0.900225044,0.228366898,-0.091908590,-0.359160468
1164,39.522275,2,false,false,0.253402427,-0.505786039,0.410083390,0.896579765,0.231396100,-0.098148808,-0.364646927
1165,39.556171,2,false,false,0.246912861,-0.515698387,0.415970281,0.894684665,0.228756576,-0.090882632,-0.372760147
1166,39.590066,2,false,false,0.245902174,-0.518873708,0.419195376,0.893156873,0.228018939,-0.089615935,-0.377156661
1167,39.623962,2,false,false,0.245446446,-0.519518322,0.417495004,0.890208079,0.229272371,-0.092281280,-0.382685145
1168,39.657858,2,false,false,0.246325924,-0.520594660,0.421225485,0.888082949,0.231266121,-0.092235446,-0.386415942
1169,39.691753,2,false,false,0.245342627,-0.522440013,0.421120950,0.885600390,0.232021984,-0.091924933,-0.391698295
1170,39.725649,2,false,false,0.244534104,-0.525210912,0.424127411,0.883400142,0.233397617,-0.090070465,-0.396253773
1171,39.759544,2,false,false,0.243414379,-0.526090801,0.424372690,0.881667037,0.233688822,-0.090516604,-0.399824355
1172,39.793440,2,false,false,0.243154267,-0.527636924,0.426298861,0.880468165,0.234130073,-0.090421708,-0.402222369
1173,39.827336,2,false,false,0.242512072,-0.528486104,0.428299612,0.878869241,0.234633731,-0.091877395,-0.405085687
1174,39.861231,2,false,false,0.242964427,-0.527995617,0.428176268,0.876758169,0.235047193,-0.094539938,-0.408791060
1175,39.895127,2,false,false,0.243252214,-0.529266814,0.432569367,0.876283088,0.233682588,-0.096296212,-0.410179763
1176,39.929022,2,false,false,0.243583015,-0.529524569,0.434868717,0.874987245,0.233911041,-0.098847692,-0.412203930
1177,39.962918,2,false,false,0.243235200,-0.530032473,0.436313178,0.873720869,0.233460150,-0.101695024,-0.414447010
1178,39.996814,2,false,false,0.243788426,-0.530789290,0.437387593,0.871744444,0.233438484,-0.103456270,-0.418168505
1179,40.030709,2,false,false,0.243633177,-0.532844376,0.436461536,0.869141160,0.233719127,-0.103588594,-0.423365582
1180,40.064605,2,false,false,0.242608339,-0.534003985,0.437955133,0.868025090,0.234004156,-0.102783217,-0.425687807
1181,40.098500,2,false,false,0.242263821,-0.535899369,0.439442740,0.866292634,0.233684129,-0.103214748,-0.429273242
1182,40.132396,2,false,false,0.243395786,-0.536199175,0.440528937,0.864835301,0.233568435,-0.105848528,-0.431626897
1183,40.166292,2,false,false,0.243675968,-0.537882679,0.440603930,0.863142702,0.233153691,-0.106319680,-0.435109364
1184,40.200187,2,false,false,0.244970014,-0.537311457,0.442171259,0.862658187,0.232140904,-0.108143368,-0.436161054
1185,40.234083,2,false,false,0.244187931,-0.538552090,0.444073002,0.861998319,0.231664843,-0.108808431,-0.437551168
1186,40.267979,2,false,false,0.245515705,-0.538950727,0.445261434,0.860454137,0.231899018,-0.109987974,-0.440163798
1187,40.301874,2,false,false,0.245836706,-0.540309902,0.446163298,0.858588784,0.232246568,-0.110536013,-0.443473360
1188,40.335770,2,false,false,0.246928168,-0.540659400,0.446379015,0.857778361,0.231380778,-0.112679043,-0.444952416
1189,40.369665,2,false,false,0.247527764,-0.540684280,0.448023680,0.856642902,0.230806758,-0.114694328,-0.446918773
1190,40.403561,2,false,false,0.248713891,-0.542700222,0.448462157,0.854668380,0.229735231,-0.115938086,-0.450912457
1191,40.437457,2,false,false,0.248080442,-0.544656549,0.449083844,0.853630592,0.229583103,-0.115843040,-0.452975497
1192,40.471352,2,false,false,0.248531227,-0.545055567,0.448685917,0.853134795,0.228712126,-0.117466759,-0.453930992
1193,40.505248,2,false,false,0.249877562,-0.544788250,0.447683470,0.852786458,0.228850318,-0.118814912,-0.454164954
1194,40.539143,2,false,false,0.249287404,-0.545938831,0.446458865,0.853182623,0.228382039,-0.118626061,-0.453705758
1195,40.573039,2,false,false,0.248926182,-0.546894132,0.445892908,0.853725713,0.228540816,-0.118187131,-0.452717688
1196,40.606935,2,false,false,0.249479376,-0.546403322,0.444722498,0.854388706,0.229666334,-0.118509896,-0.450808961
1197,40.640830,2,false,false,0.247977125,-0.545928146,0.444381436,0.855769084,0.230556312,-0.116693357,-0.448202769
1198,40.674726,2,false,false,0.247547446,-0.544792967,0.444147971,0.857095626,0.231644738,-0.116041769,-0.445266338
1199,40.708621,2,false,false,0.246604370,-0.544154266,0.442371585,0.858231016,0.231604395,-0.115896824,-0.443132997
1200,40.742517,2,false,false,0.246487645,-0.543431965,0.441449906,0.859186178,0.232289946,-0.116197144,-0.440838652
1201,40.776413,2,false,false,0.243946139,-0.544715441,0.438515240,0.859923980,0.232187962,-0.114446327,-0.439910829
1202,40.810308,2,false,false,0.244077783,-0.543021403,0.439083343,0.861116004,0.233458727,-0.114467211,-0.436890728
1203,40.844204,2,false,false,0.244971428,-0.541056344,0.439031622,0.862000488,0.234253895,-0.115124577,-0.434541831
1204,40.878099,2,false,false,0.245163329,-0.540459526,0.438280597,0.863357317,0.233603197,-0.115527629,-0.432084548
1205,40.911995,2,false,false,0.242930303,-0.541594368,0.436489272,0.864814988,0.232395662,-0.112907470,-0.430510390
1206,40.945891,2,false,false,0.244120311,-0.538517266,0.435324476,0.866277377,0.233656560,-0.114205234,-0.426527001
1207,40.979786,2,false,false,0.243731835,-0.537660783,0.433841094,0.867191809,0.233330696,-0.114306842,-0.424816546
1208,41.013682,2,false,false,0.244560466,-0.538394940,0.433014390,0.868209961,0.233689316,-0.113334537,-0.422795517
1209,41.047577,2,false,false,0.243157569,-0.539317063,0.430264473,0.869571376,0.233649559,-0.111165360,-0.420589787
1210,41.081473,2,false,false,0.242693257,-0.537556465,0.430015148,0.871856202,0.234141590,-0.110641539,-0.415695715
1211,41.115369,2,false,false,0.242547426,-0.535880311,0.428504193,0.873018901,0.235407451,-0.110429163,-0.412585421
1212,41.149264,2,false,false,0.242446990,-0.534601248,0.427169137,0.874190048,0.236431788,-0.109481656,-0.409762781
1213,41.183160,2,false,false,0.240857872,-0.535841975,0.425356067,0.875655052,0.236401125,-0.107774273,-0.407096357
1214,41.217055,2,false,false,0.238145256,-0.534520421,0.424772007,0.878058089,0.237080734,-0.106547672,-0.401813776
1215,41.250951,2,false,false,0.237974552,-0.531781405,0.423564708,0.879189425,0.238242862,-0.107657588,-0.398341735
1216,41.284847,2,false,false,0.236189964,-0.533744244,0.421684600,0.879278989,0.238689587,-0.105879786,-0.398353124
1217,41.318742,2,false,false,0.235712367,-0.536725589,0.418810348,0.879679114,0.239818843,-0.104507593,-0.397152039
1218,41.352638,2,false,false,0.235636920,-0.535506376,0.418058622,0.882376553,0.240701470,-0.103368652,-0.390882774
1219,41.386533,2,false,false,0.233960268,-0.534740088,0.414065567,0.884278809,0.240607252,-0.102317277,-0.386898324
1220,41.420429,2,false,false,0.233913317,-0.534886955,0.411588110,0.886613859,0.241355753,-0.101951061,-0.381142030
1221,41.454325,2,false,false,0.233734592,-0.531946667,0.409016018,0.889194592,0.242960935,-0.101971218,-0.374038543
1222,41.488220,2,false,false,0.231776868,-0.531317800,0.407746090,0.891858547,0.243142482,-0.100938218,-0.367806392
1223,41.522116,2,false,false,0.231600286,-0.527997107,0.404430123,0.893232843,0.245495253,-0.101651794,-0.362676278
1224,41.556012,2,false,false,0.230359498,-0.527288067,0.403748547,0.894614723,0.247498724,-0.100161696,-0.358296684
1225,41.589907,2,false,false,0.229619040,-0.525606320,0.403375504,0.895719896,0.249136531,-0.099583112,-0.354542045
1226,41.623803,2,false,false,0.228420902,-0.524957863,0.402568584,0.896690440,0.249138239,-0.099636194,-0.352063945
1227,41.657698,2,false,false,0.228656675,-0.524422627,0.401343226,0.897641586,0.248730126,-0.101415641,-0.349410611
1228,41.691594,2,false,false,0.229405175,-0.522948476,0.399599460,0.898382383,0.249252498,-0.103336839,-0.346559927
1229,41.725490,2,false,false,0.229627292,-0.521950081,0.397865696,0.899490909,0.248574585,-0.103675599,-0.344061259
1230,41.759385,2,false,false,0.230007083,-0.520554949,0.396922562,0.900359075,0.248666452,-0.104091504,-0.341589652
1231,41.793281,2,false,false,0.230224778,-0.519327191,0.395797255,0.901031304,0.249070468,-0.104526369,-0.339382867
1232,41.827176,2,false,false,0.229836723,-0.519040646,0.394574102,0.901721714,0.249098431,-0.103761472,-0.337759498
1233,41.861072,2,false,false,0.229613293,-0.518622331,0.393698155,0.902556183,0.248837330,-0.103304532,-0.335857848
1234,41.894968,2,false,false,0.229739053,-0.516847203,0.393736091,0.903601767,0.248444144,-0.103681534,-0.333210884
1235,41.928863,2,false,false,0.229947202,-0.516461856,0.394444890,0.904054219,0.247868677,-0.103109998,-0.332588960
1236,41.962759,2,false,false,0.230621150,-0.516488812,0.391790372,0.903985026,0.247138849,-0.103720961,-0.333129741
1237,41.996654,2,false,false,0.232008773,-0.515207067,0.392345474,0.904785542,0.247374675,-0.104078339,-0.330660843
1238,42.030550,2,false,false,0.231615402,-0.514983205,0.392470097,0.905642328,0.246183396,-0.103412728,-0.329410865
1239,42.064446,2,false,false,0.231461931,-0.515470644,0.392889366,0.906164708,0.245116806,-0.102569130,-0.329033199
1240,42.098341,2,false,false,0.231565750,-0.515122731,0.390704287,0.905992657,0.244685161,-0.102715303,-0.329781812
1241,42.132237,2,false,false,0.232322049,-0.515254755,0.390211064,0.906470801,0.244824262,-0.102486268,-0.328433149
1242,42.166132,2,false,false,0.231336869,-0.515393710,0.389688992,0.907411218,0.244201231,-0.102199225,-0.326383146
1243,42.200028,2,false,false,0.231639239,-0.514904260,0.387852964,0.907901378,0.243747315,-0.103415268,-0.324973256
1244,42.233924,2,false,false,0.231500430,-0.513883450,0.388286182,0.908843715,0.243599118,-0.103245568,-0.322494842
1245,42.267819,2,false,false,0.230997136,-0.513448788,0.387365424,0.909033574,0.243385367,-0.103637335,-0.321995074
1246,42.301715,2,false,false,0.231554065,-0.512625377,0.386413717,0.909625196,0.243237651,-0.104234596,-0.320238345
1247,42.335610,2,false,false,0.230958529,-0.511678871,0.387082769,0.910375057,0.243236939,-0.104051619,-0.318160821
1248,42.369506,2,false,false,0.230396167,-0.510815529,0.387578103,0.909646952,0.244648346,-0.103997997,-0.319177107
1249,42.403402,2,false,false,0.230595394,-0.510481379,0.389093504,0.908568948,0.246145212,-0.102422413,-0.321597032
1250,42.437297,2,false,false,0.230455961,-0.510739992,0.390678465,0.907278770,0.247331057,-0.101870681,-0.324491828
1251,42.471193,2,false,false,0.230381328,-0.509755836,0.391663335,0.905956615,0.247869940,-0.101937256,-0.327737547
1252,42.505088,2,false,false,0.229341597,-0.511115104,0.393613543,0.904533321,0.247025031,-0.101256111,-0.332483543
1253,42.538984,2,false,false,0.229982747,-0.511676438,0.394220506,0.902015910,0.247758943,-0.101038994,-0.338783008
1254,42.572880,2,false,false,0.230766389,-0.511891650,0.394626531,0.900676737,0.247548641,-0.101177704,-0.342438547
1255,42.606775,2,false,false,0.229357501,-0.513239291,0.397548959,0.900341428,0.246099063,-0.100164415,-0.344655848
1256,42.640671,2,false,false,0.231042675,-0.512605439,0.397460705,0.898743764,0.245867151,-0.102710067,-0.348223538
1257,42.674566,2,false,false,0.231882190,-0.511617418,0.398936617,0.897523223,0.246219400,-0.102154671,-0.351272679
1258,42.708462,2,false,false,0.230459880,-0.512563980,0.401040733,0.896772494,0.244715077,-0.100740380,-0.354633616
1259,42.742358,2,false,false,0.232368826,-0.512259860,0.400277035,0.894559094,0.244395242,-0.102442515,-0.359917385
1260,42.776253,2,false,false,0.232743733,-0.511456433,0.403594437,0.893381222,0.243821439,-0.101288821,-0.363540468
1261,42.810149,2,false,false,0.233206183,-0.511152236,0.407246555,0.892081729,0.242165024,-0.103551680,-0.367182977
1262,42.844044,2,false,false,0.233348039,-0.512898301,0.409223612,0.889582495,0.241473968,-0.104388116,-0.373411876
1263,42.877940,2,false,false,0.233757934,-0.513494488,0.409466815,0.887030294,0.240061572,-0.105616573,-0.379990576
1264,42.911836,2,false,false,0.235027673,-0.513452712,0.413591156,0.885369702,0.238641174,-0.107618126,-0.384173424
1265,42.945731,2,false,false,0.237006683,-0.512418322,0.415453558,0.882665486,0.237735868,-0.111678746,-0.389757816
1266,42.979627,2,false,false,0.236837514,-0.514070530,0.418080147,0.879602281,0.236691858,-0.114117718,-0.396552567
1267,43.013523,2,false,false,0.237471556,-0.515216907,0.418751525,0.876725545,0.235702222,-0.115766586,-0.402982479
1268,43.047418,2,false,false,0.237595525,-0.516216854,0.420675501,0.874583601,0.234750957,-0.116632720,-0.407912150
1269,43.081314,2,false,false,0.238425809,-0.516293023,0.420453766,0.871443606,0.234222976,-0.120711249,-0.413708151
1270,43.115209,2,false,false,0.240093627,-0.516805101,0.420657832,0.868047213,0.234136740,-0.123439536,-0.420043692
1271,43.149105,2,false,false,0.239939700,-0.518897111,0.421479645,0.865002872,0.233956129,-0.123564549,-0.426340665
1272,43.183001,2,false,false,0.240338547,-0.519919290,0.422389802,0.862608624,0.234293992,-0.125424448,-0.430443253
1273,43.216896,2,false,false,0.240907363,-0.518811611,0.421448869,0.860069121,0.235119880,-0.128668190,-0.434101655
1274,43.250792,2,false,false,0.241869127,-0.519705386,0.422337669,0.857465001,0.235433193,-0.129811445,-0.438718557
1275,43.284687,2,false,false,0.242732443,-0.520276534,0.422866924,0.855206300,0.234558825,-0.131873135,-0.442960291
1276,43.318583,2,false,false,0.244149921,-0.520123590,0.420370972,0.853174866,0.232733900,-0.136008956,-0.446574902
1277,43.352479,2,false,false,0.244308858,-0.521013732,0.419649214,0.852333487,0.230936589,-0.137502458,-0.448652420
1278,43.386374,2,false,false,0.247737614,-0.517603184,0.417050699,0.852046114,0.229136066,-0.142994042,-0.448404713
1279,43.420270,2,false,false,0.246841899,-0.518858553,0.418569838,0.852369219,0.227664654,-0.143418998,-0.448404405
1280,43.454165,2,false,false,0.247602456,-0.516707647,0.416088013,0.851846011,0.227997253,-0.147417173,-0.447932812
1281,43.488061,2,false,false,0.248545857,-0.515563738,0.414821910,0.851376543,0.228277065,-0.148934545,-0.448180839
1282,43.521957,2,false,false,0.248308621,-0.515084034,0.412883526,0.851172934,0.228644669,-0.148298009,-0.448591075
1283,43.555852,2,false,false,0.244987449,-0.516719902,0.410195536,0.851156424,0.228562327,-0.146835634,-0.449145079
1284,43.589748,2,false,false,0.245483436,-0.515368112,0.408735626,0.851373284,0.230918402,-0.147702401,-0.447240677
1285,43.623643,2,false,false,0.243061104,-0.514201164,0.406466225,0.851533264,0.233458013,-0.145480825,-0.446344919
1286,43.657539,2,false,false,0.241523039,-0.513054282,0.406065536,0.851994861,0.234434596,-0.144341318,-0.445320964
1287,43.691435,2,false,false,0.240978721,-0.513470941,0.403111417,0.851932292,0.234335780,-0.143363429,-0.445808298
1288,43.725330,2,false,false,0.238679194,-0.513875755,0.403219919,0.852917785,0.236086765,-0.141343048,-0.443639982
1289,43.759226,2,false,false,0.237170876,-0.511807109,0.402394159,0.853194822,0.238327218,-0.141171775,-0.441960703
1290,43.793121,2,false,false,0.236818944,-0.510712736,0.401789961,0.853071160,0.239400403,-0.140254909,-0.441911307
1291,43.827017,2,false,false,0.235649800,-0.511060979,0.400989281,0.853328968,0.240138865,-0.138425267,-0.441589677
1292,43.860913,2,false,false,0.235069207,-0.509384683,0.397549747,0.853454290,0.241019343,-0.138157384,-0.440951231
1293,43.894808,2,false,false,0.233403247,-0.506689345,0.398068007,0.854728126,0.241428447,-0.136203301,-0.438863072
1294,43.928704,2,false,false,0.230798778,-0.504573364,0.399690142,0.855267220,0.240735987,-0.136277989,-0.438169461
1295,43.962599,2,false,false,0.231129566,-0.501621126,0.396627892,0.854697672,0.238508560,-0.140792524,-0.439070634
1296,43.996495,2,false,false,0.229810150,-0.500838271,0.397829077,0.855274193,0.237147175,-0.142129599,-0.438253863
1297,44.030391,2,false,false,0.228523487,-0.498809783,0.398306792,0.854728099,0.237312007,-0.144915206,-0.438317774
1298,44.064286,2,false,false,0.227334227,-0.497195551,0.399888159,0.853740199,0.238696094,-0.146799464,-0.438864176
1299,44.098182,2,false,false,0.224477552,-0.497315531,0.398230286,0.852278264,0.238973343,-0.148808941,-0.440873453
1300,44.132077,2,false,false,0.222707226,-0.496279180,0.398441622,0.851753088,0.240021215,-0.150855504,-0.440623548
1301,44.165973,2,false,false,0.221499537,-0.495327319,0.398123427,0.851583822,0.240281428,-0.153550736,-0.439877256
1302,44.199869,2,false,false,0.218618567,-0.495436555,0.399142021,0.851699178,0.240631247,-0.155444409,-0.438796249
1303,44.233764,2,false,false,0.218050005,-0.492607641,0.396966712,0.850873926,0.241848296,-0.160444304,-0.437927606
1304,44.267660,2,false,false,0.216509265,-0.492579136,0.397404228,0.849938101,0.242979593,-0.163102627,-0.438136595
1305,44.301556,2,false,false,0.211326291,-0.498114643,0.401242854,0.849018007,0.243622724,-0.163877048,-0.439272928
1306,44.335451,2,false,false,0.210621715,-0.497705161,0.400779471,0.847718971,0.246069637,-0.167409425,-0.439085827
1307,44.369347,2,false,false,0.210152293,-0.497141347,0.400001036,0.846690046,0.248018396,-0.169513429,-0.439167438
1308,44.403242,2,false,false,0.210037541,-0.497276631,0.398479389,0.845732771,0.249685701,-0.171626024,-0.439246673
1309,44.437138,2,false,false,0.207607947,-0.497700290,0.394836112,0.845220230,0.250245095,-0.172752548,-0.439473222
1310,44.471034,2,false,false,0.207460292,-0.497319098,0.394945503,0.845984395,0.250147148,-0.176183349,-0.436687800
1311,44.504929,2,false,false,0.210049359,-0.496123165,0.392944607,0.846779700,0.249582973,-0.179907588,-0.433942093
1312,44.538825,2,false,false,0.208493555,-0.492890463,0.395564306,0.849964946,0.248145751,-0.178906671,-0.428923862
1313,44.572720,2,false,false,0.209649414,-0.491391729,0.394428843,0.849667451,0.245161414,-0.181854991,-0.429988215
1314,44.606616,2,false,false,0.209711328,-0.492352861,0.392873658,0.849032300,0.242453236,-0.184911305,-0.431472353
1315,44.640512,2,false,false,0.209419959,-0.493120903,0.392415396,0.849213317,0.242968455,-0.189319301,-0.428907069
1316,44.674407,2,false,false,0.211369083,-0.491131249,0.395731606,0.850043937,0.244782652,-0.193489357,-0.424344938
1317,44.708303,2,false,false,0.210859011,-0.491008360,0.395292868,0.849537298,0.246043105,-0.193244655,-0.424741890
1318,44.742198,2,false,false,0.210934164,-0.491817564,0.393615816,0.848409257,0.247897711,-0.192498672,-0.426254289
1319,44.776094,2,false,false,0.210833704,-0.491900693,0.394335406,0.847924084,0.251288015,-0.190514992,-0.426125708
1320,44.809990,2,false,false,0.210540116,-0.492235397,0.394943482,0.847384911,0.252966039,-0.187242980,-0.427652968
1321,44.843885,2,false,false,0.210458237,-0.494220976,0.393459759,0.845931443,0.256068683,-0.183924785,-0.430116842
1322,44.877781,2,false,false,0.207593030,-0.497036419,0.390653575,0.846133771,0.256624880,-0.180591966,-0.430799088
1323,44.911676,2,false,false,0.208316908,-0.495177312,0.392594245,0.847784818,0.258299082,-0.180166400,-0.426711324
1324,44.945572,2,false,false,0.207920086,-0.493829869,0.394548473,0.848962286,0.256492060,-0.179366125,-0.425796492
1325,44.979468,2,false,false,0.208179679,-0.494959086,0.391975970,0.848397773,0.254271414,-0.180592491,-0.427730779
1326,45.013363,2,false,false,0.208998060,-0.493526695,0.394369841,0.849321435,0.253657011,-0.182802870,-0.425316743
1327,45.047259,2,false,false,0.210589167,-0.493873254,0.393493875,0.848428699,0.252724359,-0.184718913,-0.426823224
1328,45.081154,2,false,false,0.208640599,-0.495201725,0.391511065,0.848112030,0.251349514,-0.184098603,-0.428529008
1329,45.115050,2,false,false,0.209622141,-0.494678010,0.391269823,0.848355505,0.251469217,-0.186306568,-0.427019943
1330,45.148946,2,false,false,0.210375617,-0.493437875,0.393343133,0.849225460,0.251309430,-0.187762044,-0.424741220
1331,45.182841,2,false,false,0.211469185,-0.493322593,0.395535391,0.849396222,0.252154516,-0.187967893,-0.423806830
1332,45.216737,2,false,false,0.209455601,-0.494149058,0.394236338,0.849429469,0.252645628,-0.185923770,-0.424349049
1333,45.250632,2,false,false,0.209204853,-0.493952457,0.394187921,0.849677960,0.254195289,-0.184521231,-0.423537524
1334,45.284528,2,false,false,0.208857315,-0.493650871,0.392958204,0.849264842,0.256414410,-0.182667846,-0.423831732
1335,45.318424,2,false,false,0.208420324,-0.494074551,0.392354104,0.849513681,0.256693998,-0.181410778,-0.423703702
1336,45.352319,2,false,false,0.207220956,-0.494547691,0.391978797,0.850460136,0.256187272,-0.181355299,-0.422132555
1337,45.386215,2,false,false,0.208137211,-0.492521029,0.392079007,0.851342324,0.255602672,-0.183476417,-0.419785571
1338,45.420110,2,false,false,0.208365768,-0.492117178,0.393076881,0.851798529,0.254785403,-0.184445285,-0.418931500
1339,45.454006,2,false,false,0.207848656,-0.492300028,0.391903294,0.851673866,0.253973943,-0.185169907,-0.419357805
1340,45.487902,2,false,false,0.209932397,-0.491713589,0.393139950,0.851946343,0.253679187,-0.185933795,-0.418644147
1341,45.521797,2,false,false,0.211445985,-0.490400972,0.393306728,0.852095176,0.253724928,-0.183912527,-0.419205981
1342,45.555693,2,false,false,0.212837822,-0.491336053,0.392224894,0.852227863,0.253153268,-0.180103865,-0.420931931
1343,45.589589,2,false,false,0.212881331,-0.485833767,0.385986253,0.853132167,0.250709771,-0.179926454,-0.420638310
1344,45.623484,2,false,false,0.212868131,-0.484906458,0.386764659,0.854658205,0.247192895,-0.180095685,-0.419548054
1345,45.657380,2,false,false,0.212998801,-0.485515551,0.386172020,0.855006854,0.244702813,-0.180624180,-0.420069897
1346,45.691275,2,false,false,0.212712219,-0.490229810,0.390171519,0.855960681,0.241621844,-0.180110480,-0.420131421
1347,45.725171,2,false,false,0.215033886,-0.484022764,0.385097351,0.856661365,0.239848618,-0.182128855,-0.418847260
1348,45.759066,2,false,false,0.215422321,-0.484800409,0.385009602,0.857361893,0.238309803,-0.181281560,-0.418659788
1349,45.792962,2,false,false,0.215391238,-0.484194990,0.384956692,0.858327510,0.238066947,-0.179594535,-0.417544988
1350,45.826858,2,false,false,0.214965741,-0.483706171,0.384454044,0.859151122,0.237263933,-0.178462197,-0.416793019
1351,45.860753,2,false,false,0.216880796,-0.482386130,0.383581833,0.859580882,0.235821793,-0.179513420,-0.416273612
1352,45.894649,2,false,false,0.218015223,-0.482114770,0.383072312,0.860847447,0.233904510,-0.177266688,-0.415700461
1353,45.928545,2,false,false,0.218073272,-0.481367066,0.384145006,0.863092453,0.231398041,-0.174965738,-0.413416685
1354,45.962440,2,false,false,0.217651648,-0.482170957,0.383659679,0.864457283,0.228385305,-0.173634627,-0.412801133
1355,45.996336,2,false,false,0.220274217,-0.480913097,0.384950616,0.865174938,0.227630168,-0.176006685,-0.410704859
1356,46.030231,2,false,false,0.222105882,-0.480993062,0.381709310,0.865062916,0.226370732,-0.176784762,-0.411302312
1357,46.064127,2,false,false,0.221168325,-0.481012367,0.381366882,0.866520512,0.225474634,-0.173387373,-0.410170954
1358,46.098023,2,false,false,0.220390877,-0.481643267,0.383036080,0.867656920,0.224550571,-0.171421497,-0.409100453
1359,46.131918,2,false,false,0.221497838,-0.481401983,0.382490919,0.867476723,0.224644999,-0.172720010,-0.408884529
1360,46.165814,2,false,false,0.222067019,-0.482711641,0.382133974,0.867310343,0.225607394,-0.170490066,-0.409642785
1361,46.199709,2,false,false,0.221666059,-0.482896244,0.381822139,0.867722732,0.226455196,-0.168885427,-0.408965790
1362,46.233605,2,false,false,0.222070292,-0.482464093,0.381267444,0.867655819,0.227589947,-0.168577112,-0.408604887
1363,46.267501,2,false,false,0.221874766,-0.483533063,0.381663185,0.868156350,0.227408389,-0.166631815,-0.408440711
1364,46.301396,2,false,false,0.221287235,-0.483396802,0.381794385,0.868480156,0.226968926,-0.165472773,-0.408467974
1365,46.335292,2,false,false,0.221791686,-0.483008735,0.380814361,0.868981160,0.226603640,-0.164843030,-0.407859424
1366,46.369187,2,false,false,0.222008330,-0.482049478,0.381551222,0.869930443,0.226016318,-0.163947895,-0.406520278
1367,46.403083,2,false,false,0.221731847,-0.482330615,0.381346044,0.870235242,0.225634816,-0.162093146,-0.406823506
1368,46.436979,2,false,false,0.220568511,-0.483725879,0.381692085,0.870771007,0.225162393,-0.159729090,-0.406873896
1369,46.470874,2,false,false,0.222181537,-0.482774436,0.380985959,0.871106091,0.225328677,-0.160844617,-0.405623192
1370,46.504770,2,false,false,0.221184878,-0.484062192,0.380421274,0.872303447,0.224232074,-0.158751963,-0.404480516
1371,46.538665,2,false,false,0.221781104,-0.482838365,0.381264542,0.873454207,0.223808228,-0.158152130,-0.402461837
1372,46.572561,2,false,false,0.222129821,-0.482837112,0.380834205,0.873452909,0.223370721,-0.157859061,-0.402822608
1373,46.606457,2,false,false,0.221461573,-0.485046141,0.379132083,0.873600773,0.222967203,-0.155163442,-0.403771746
1374,46.640352,2,false,false,0.223345534,-0.482465415,0.380353432,0.874385950,0.224232710,-0.155928334,-0.401067646
1375,46.674248,2,false,false,0.222493350,-0.485203409,0.381100817,0.875020765,0.222702651,-0.152610513,-0.401811176
1376,46.708143,2,false,false,0.223235654,-0.484783355,0.381461106,0.875328135,0.222237206,-0.155180642,-0.400412599
1377,46.742039,2,false,false,0.225189961,-0.485205550,0.378920468,0.874495862,0.222436643,-0.157922835,-0.401047759
1378,46.775935,2,false,false,0.227108977,-0.485326717,0.378144774,0.874825773,0.224079591,-0.156222978,-0.400078224
1379,46.809830,2,false,false,0.224574969,-0.486022200,0.378972549,0.876478518,0.223832143,-0.151723178,-0.398327323
1380,46.843726,2,false,false,0.224857714,-0.486143913,0.378197066,0.876532011,0.224397493,-0.152816843,-0.397472528
1381,46.877621,2,false,false,0.225700590,-0.486558804,0.378066348,0.876757549,0.224732664,-0.154030523,-0.396315565
1382,46.911517,2,false,false,0.225930799,-0.487170764,0.378116531,0.877217849,0.224393863,-0.154995562,-0.395110889
1383,46.945413,2,false,false,0.226302833,-0.486932269,0.377564678,0.877254658,0.225368881,-0.155231903,-0.394380766
1384,46.979308,2,false,false,0.226314937,-0.486225141,0.378277748,0.877450256,0.225272939,-0.154287116,-0.394371193
1385,47.013204,2,false,false,0.226455553,-0.486266075,0.378268716,0.877293369,0.224663776,-0.154190645,-0.395104766
1386,47.047099,2,false,false,0.227118073,-0.486612737,0.377134209,0.877452739,0.223474908,-0.155128979,-0.395057788
1387,47.080995,2,false,false,0.226171461,-0.486494928,0.377676850,0.878120098,0.222314116,-0.154730083,-0.394385761
1388,47.114891,2,false,false,0.226347332,-0.486879487,0.378770905,0.878132764,0.222629131,-0.154262401,-0.394363069
1389,47.148786,2,false,false,0.226838844,-0.486181269,0.378421249,0.877910610,0.223325046,-0.154798352,-0.394254176
1390,47.182682,2,false,false,0.226454424,-0.485819440,0.377842625,0.877936571,0.222125594,-0.154537797,-0.394975527
1391,47.216578,2,false,false,0.227194955,-0.486042963,0.378060592,0.877968078,0.221271375,-0.155079686,-0.395172524
1392,47.250473,2,false,false,0.226230341,-0.486866082,0.377561843,0.878194667,0.220076080,-0.155186400,-0.395294609
1393,47.284369,2,false,false,0.227326249,-0.485542934,0.377574359,0.878271540,0.219940066,-0.156934096,-0.394508757
1394,47.318264,2,false,false,0.227056687,-0.485838630,0.377191295,0.878339948,0.219104931,-0.157270658,-0.394687098
1395,47.352160,2,false,false,0.227351301,-0.484745447,0.377607334,0.878448133,0.219360251,-0.157742482,-0.394115804
1396,47.386055,2,false,false,0.227366548,-0.485887143,0.377529843,0.878537689,0.218233240,-0.157840466,-0.394502433
1397,47.419951,2,false,false,0.227953154,-0.484771361,0.376555166,0.878505244,0.217893384,-0.158481144,-0.394505685
1398,47.453847,2,false,false,0.227947046,-0.484033686,0.377762091,0.878766445,0.217690389,-0.158405751,-0.394066044
1399,47.487742,2,false,false,0.228687463,-0.484170201,0.377697095,0.878836639,0.216531222,-0.158918544,-0.394341589
1400,47.521638,2,false,false,0.228532293,-0.483869938,0.379184765,0.879377529,0.215981576,-0.158036649,-0.393791236
1401,47.555534,2,false,false,0.228907712,-0.483401960,0.378097348,0.879057158,0.215174324,-0.158725707,-0.394670336
1402,47.589429,2,false,false,0.228601568,-0.483783068,0.377284188,0.878991027,0.214684197,-0.157585487,-0.395540497
1403,47.623325,2,false,false,0.228263173,-0.482924957,0.377228133,0.879282024,0.214860875,-0.156596108,-0.395190569
1404,47.657220,2,false,false,0.227886905,-0.482663269,0.377484737,0.879361876,0.214925859,-0.154891263,-0.395649168
1405,47.691116,2,false,false,0.226430338,-0.483083662,0.377941316,0.879583030,0.214111970,-0.152185556,-0.396647594
1406,47.725012,2,false,false,0.227085592,-0.482862746,0.378156156,0.879589450,0.214083492,-0.151214762,-0.397019840
1407,47.758907,2,false,false,0.225868806,-0.482621982,0.378716656,0.879824648,0.214361444,-0.149262900,-0.397087329
1408,47.792803,2,false,false,0.225539607,-0.482240123,0.379399671,0.880171152,0.214351008,-0.147993571,-0.396800065
1409,47.826698,2,false,false,0.225001491,-0.480890239,0.379255996,0.880607074,0.213218845,-0.147960782,-0.396454931
1410,47.860594,2,false,false,0.225613354,-0.480043486,0.378325345,0.880300006,0.212781211,-0.148597891,-0.397133128
1411,47.894490,2,false,false,0.225245852,-0.479912988,0.378611098,0.880488313,0.212683288,-0.148172297,-0.396927096
1412,47.928385,2,false,false,0.224312321,-0.480125413,0.379480899,0.880861748,0.212512199,-0.146995358,-0.396627674
1413,47.962281,2,false,false,0.224145724,-0.479825925,0.379286736,0.880908503,0.211844926,-0.147186751,-0.396809774
1414,47.996176,2,false,false,0.225038173,-0.479524751,0.377799778,0.880603981,0.211771271,-0.148076975,-0.397193614
1415,48.030072,2,false,false,0.224365412,-0.479888397,0.378096091,0.881103986,0.212023967,-0.147186235,-0.396279970
1416,48.063968,2,false,false,0.224842211,-0.478281291,0.378678373,0.881529918,0.212483412,-0.147657761,-0.394908837
