frame_index,receive_monotonic_ns,relative_s,uvc_pts,uvc_scr_stc,uvc_payload_host_monotonic_ns,uvc_source_mapped_monotonic_ns,uvc_source_relative_s,source_minus_receive_ms
0,349671076911854,0.000000000,488027309,488335783,349671087932427,349671065673971,0.000000000,-11.237883
1,349671160340128,0.083428274,489044173,489046393,349671131956554,349671133465163,0.067791192,-26.874965
2,349671180122219,0.103210365,489552606,489554484,349671167932781,349671167360826,0.101686855,-12.761393
3,349671203448425,0.126536571,490061038,490062606,349671199938361,349671201256422,0.135582451,-2.192003
4,349671219833621,0.142921767,490569470,490572617,349671235908879,349671235152018,0.169478047,15.318397
5,349671243549796,0.166637942,491077902,491080724,349671267957911,349671269047614,0.203373643,25.497818
6,349671275107284,0.198195430,491586334,491588842,349671303913173,349671302943210,0.237269239,27.835926
7,349671332233958,0.255322104,492094766,492096947,349671335933443,349671336838806,0.271164835,4.604848
8,349671351152809,0.274240955,492603198,492605088,349671371937867,349671370734402,0.305060431,19.581593
9,349671379644883,0.302733029,493111630,493113188,349671403902887,349671404629998,0.338956027,24.985115
10,349671411330579,0.334418725,493620063,493623188,349671439898173,349671438525661,0.372851690,27.195082
11,349671449086280,0.372174426,494128495,494131309,349671471933001,349671472421257,0.406747286,23.334977
12,349671600297523,0.523385669,495145359,495147554,349671539934099,349671540212449,0.474538478,-60.085074
13,349671638265182,0.561353328,495653791,495655665,349671575948607,349671574108045,0.508434074,-64.157137
14,349671689736643,0.612824789,496162223,496163776,349671607938850,349671608003641,0.542329670,-81.733002
15,349671775887851,0.698975997,496670655,496673735,349671639966819,349671641899237,0.576225266,-133.988614
16,349671795245822,0.718333968,497179088,497181886,349671675992379,349671675794900,0.610120929,-119.450922
17,349671845071813,0.768159959,497687520,497689982,349671707960231,349671709690496,0.644016525,-135.381317
18,349671880583267,0.803671413,498195952,498198082,349671743919275,349671743586092,0.677912121,-136.997175
19,349671935570269,0.858658415,498704384,498706198,349671775910923,349671777481688,0.711807717,-158.088581
20,349671951449861,0.874538007,499212816,499214326,349671811924342,349671811377284,0.745703313,-140.072577
21,349671986545337,0.909633483,499721248,499724329,349671843946777,349671845272880,0.779598909,-141.272457
22,349672013172023,0.936260169,500229680,500232470,349671879946613,349671879168476,0.813494505,-134.003547
23,349672031342890,0.954431036,500738112,500740588,349671911967753,349671913064072,0.847390101,-118.278818
24,349672086683627,1.009771773,501246545,501248758,349671947902726,349671946959735,0.881285764,-139.723892
25,349672127711010,1.050799156,501754977,501756867,349671979938664,349671980855331,0.915181360,-146.855679
26,349672145594957,1.068683103,502263409,502265015,349672015949408,349672014750927,0.949076956,-130.844030
27,349672166138490,1.089226636,502771841,502775031,349672047903526,349672048646523,0.982972552,-117.491967
28,349672183912502,1.107000648,503280273,503283147,349672083937931,349672082542119,1.016868148,-101.370383
29,349672255798792,1.178886938,503788705,503791277,349672115939991,349672116437716,1.050763745,-139.361076
30,349672279512767,1.202600913,504297137,504299381,349672151899889,349672150333312,1.084659341,-129.179455
31,349672300427037,1.223515183,504805569,504807508,349672183960391,349672184228908,1.118554937,-116.198129
32,349672317573879,1.240662025,505314002,505315622,349672219933365,349672218124570,1.152450599,-99.449309
33,349672394194051,1.317282197,505822434,505825626,349672251917228,349672252020166,1.186346195,-142.173885
34,349672415172647,1.338260793,506330866,506333759,349672283977498,349672285915762,1.220241791,-129.256885
35,349672435380576,1.358468722,506839298,506841885,349672319934925,349672319811359,1.254137388,-115.569217
36,349672451537827,1.374625973,507347730,507349986,349672351994367,349672353706955,1.288032984,-97.830872
37,349672492571365,1.415659511,507856162,507858094,349672387905318,349672387602551,1.321928580,-104.968814
38,349672549081795,1.472169941,508364594,508366248,349672419916068,349672421498147,1.355824176,-127.583648
39,349672570447798,1.493535944,508873027,508876234,349672455942902,349672455393810,1.389719839,-115.053988
40,349672588450611,1.511538757,509381459,509384334,349672487936654,349672489289406,1.423615435,-99.161205
41,349672624414954,1.547503100,509889891,509892483,349672523894710,349672523185002,1.457511031,-101.229952
42,349672645124334,1.568212480,510398323,510400573,349672555972694,349672557080598,1.491406627,-88.043736
43,349672698179172,1.621267318,510906755,510908724,349672591892895,349672590976194,1.525302223,-107.202978
44,349672718856891,1.641945037,511415187,511416861,349672623916109,349672624871790,1.559197819,-93.985101
45,349672755307899,1.678396045,511923619,511926836,349672659952636,349672658767386,1.593093415,-96.540513
46,349672778438558,1.701526704,512432051,512434950,349672691951174,349672692662982,1.626989011,-85.775576
47,349672795416846,1.718504992,512940484,512943097,349672727905848,349672726558645,1.660884674,-68.858201
48,349672845097399,1.768185545,513448916,513451192,349672759951862,349672760454241,1.694780270,-84.643158
49,349672882152073,1.805240219,513957348,513959302,349672795909020,349672794349837,1.728675866,-87.802236
50,349672903820427,1.826908573,514465780,514467459,349672827949173,349672828245433,1.762571462,-75.574994
51,349672926412484,1.849500630,514974212,514977479,349672863929592,349672862141029,1.796467058,-64.271455
52,349672944613091,1.867701237,515482644,515485576,349672896019813,349672896036625,1.830362654,-48.576466
53,349673012125037,1.935213183,515991076,515993738,349672927944792,349672929932221,1.864258250,-82.192816
54,349673035721378,1.958809524,516499508,516501856,349672963915082,349672963827817,1.898153846,-71.893561
55,349673056238684,1.979326830,517007941,517009963,349672995966178,349672997723480,1.932049509,-58.515204
56,349673074059087,1.997147233,517516373,517518088,349673031923193,349673031619076,1.965945105,-42.440011
57,349673142910291,2.065998437,518024805,518028060,349673063969920,349673065514672,1.999840701,-77.395619
58,349673163574099,2.086662245,518533237,518536138,349673099899847,349673099410268,2.033736297,-64.163831
59,349673182583251,2.105671397,519041669,519044276,349673131948932,349673133305864,2.067631893,-49.277387
60,349673205742857,2.128831003,519550101,519552388,349673167909906,349673167201460,2.101527489,-38.541397
61,349673275965648,2.199053794,520058533,520060550,349673199920574,349673201097056,2.135423085,-74.868592
62,349673293686165,2.216774311,520566966,520568615,349673235962022,349673234992719,2.169318748,-58.693446
63,349673311826003,2.234914149,521075398,521078596,349673267952448,349673268888315,2.203214344,-42.937688
64,349673335070401,2.258158547,521583830,521586699,349673303977656,349673302783911,2.237109940,-32.286490
65,349673409796754,2.332884900,522092262,522094792,349673335926212,349673336679507,2.271005536,-73.117247
66,349673434463390,2.357551536,522600694,522602929,349673371922852,349673370575103,2.304901132,-63.888287
67,349673451032078,2.374120224,523109126,523111061,349673403915483,349673404470699,2.338796728,-46.561379
68,349673473541376,2.396629522,523617558,523619195,349673439904366,349673438366295,2.372692324,-35.175081
69,349673502319166,2.425407312,524125990,524129230,349673471943124,349673472261891,2.406587920,-30.057275
70,349673559771716,2.482859862,524634423,524637354,349673507901361,349673506157554,2.440483583,-53.614162
71,349673578048588,2.501136734,525142855,525145444,349673539961201,349673540053150,2.474379179,-37.995438
72,349673599523178,2.522611324,525651287,525653548,349673571957910,349673573948746,2.508274775,-25.574432
73,349673631898348,2.554986494,526159719,526161679,349673607906957,349673607844342,2.542170371,-24.054006
74,349673652768836,2.575856982,526668151,526669828,349673639967759,349673641739938,2.576065967,-11.028898
75,349673700150266,2.623238412,527176583,527179809,349673675905177,349673675635534,2.609961563,-24.514732
76,349673717818891,2.640907037,527685015,527687929,349673707918423,349673709531131,2.643857160,-8.287760
77,349673754354581,2.677442727,528193448,528196082,349673743912175,349673743426793,2.677752822,-10.927788
78,349673778305224,2.701393370,528701880,528704204,349673775946642,349673777322389,2.711648418,-0.982835
79,349673796042846,2.719130992,529210312,529212334,349673811913379,349673811217985,2.745544014,15.175139
80,349673843629963,2.766718109,529718744,529720426,349673843920131,349673845113582,2.779439611,1.483619
81,349673876535389,2.799623535,530227176,530230449,349673879942382,349673879009178,2.813335207,2.473789
82,349673899785687,2.822873833,530735608,530738604,349673911931944,349673912904774,2.847230803,13.119087
83,349673924284367,2.847372513,531244040,531246745,349673947957051,349673946800370,2.881126399,22.516003
84,349673942911892,2.866000038,531752472,531754901,349673980082533,349673980695966,2.915021995,37.784074
85,349674010711130,2.933799276,532260905,532263038,349674015918166,349674014591628,2.948917657,3.880498
86,349674027683119,2.950771265,532769337,532771127,349674047918373,349674048487225,2.982813254,20.804106
87,349674048973020,2.972061166,533277769,533279241,349674083907053,349674082382821,3.016708850,33.409801
88,349674067925949,2.991014095,533786201,533789230,349674115928197,349674116278417,3.050604446,48.352468
89,349674111935091,3.035023237,534294633,534297358,349674151925602,349674150174013,3.084500042,38.238922
90,349674160255355,3.083343501,534803065,534805476,349674183980185,349674184069609,3.118395638,23.814254
91,349674179134243,3.102222389,535311497,535313592,349674215973062,349674217965205,3.152291234,38.830962
92,349674194294289,3.117382435,535819929,535821698,349674251914653,349674251860801,3.186186830,57.566512
93,349674226120883,3.149209029,536328362,536329839,349674283986941,349674285756464,3.220082493,59.635581
94,349674258948531,3.182036677,536836794,536839880,349674319950894,349674319652060,3.253978089,60.703529
95,349674308817785,3.231905931,537345226,537347993,349674351931754,349674353547656,3.287873685,44.729871
96,349674330041841,3.253129987,537853658,537856104,349674387957799,349674387443252,3.321769281,57.401411
97,349674359173287,3.282261433,538362090,538364224,349674419962835,349674421338848,3.355664877,62.165561
98,349674400514827,3.323602973,538870522,538872346,349674455924568,349674455234444,3.389560473,54.719617
99,349674450134245,3.373222391,539378954,539380471,349674487958723,349674489130040,3.423456069,38.995795
100,349674467581108,3.390669254,539887387,539890433,349674524024268,349674523025703,3.457351732,55.444595
101,349674495473299,3.418561445,540395819,540398552,349674556030949,349674556921299,3.491247328,61.448000
102,349674537593043,3.460681189,540904251,540906694,349674592024056,349674590816895,3.525142924,53.223852
103,349674597296466,3.520384612,541412683,541414847,349674623960045,349674624712491,3.559038520,27.416025
104,349674617249801,3.540337947,541921115,541922950,349674660043410,349674658608087,3.592934116,41.358286
105,349674651968282,3.575056428,542429547,542431070,349674692050783,349674692503683,3.626829712,40.535401
106,349674675598261,3.598686407,542937979,542941078,349674727928851,349674726399279,3.660725308,50.801018
107,349674702807119,3.625895265,543446411,543449198,349674760056048,349674760294875,3.694620904,57.487756
108,349674775611876,3.698700022,543954844,543957364,349674795940403,349674794190538,3.728516567,18.578662
109,349674811806853,3.734894999,544463276,544465482,349674827956086,349674828086134,3.762412163,16.279281
110,349674841729537,3.764817683,544971708,544973572,349674859996892,349674861981730,3.796307759,20.252193
111,349674865326065,3.788414211,545480140,545481688,349674895988086,349674895877326,3.830203355,30.551261
112,349674926508606,3.849596752,545988572,545991702,349674927948826,349674929772922,3.864098951,3.264316
113,349674960931950,3.884020096,546497004,546499833,349674963964196,349674963668518,3.897994547,2.736568
114,349674982817891,3.905906037,547005436,547007968,349674995970444,349674997564114,3.931890143,14.746223
115,349674999123947,3.922212093,547513868,547516089,349675031912586,349675031459710,3.965785739,32.335763
116,349675019113933,3.942202079,548022301,548024199,349675063944201,349675065355373,3.999681402,46.241440
117,349675082688986,4.005777132,548530733,548532319,349675099932312,349675099250969,4.033576998,16.561983
118,349675106079220,4.029167366,549039165,549042345,349675131938387,349675133146565,4.067472594,27.067345
119,349675127786896,4.050875042,549547597,549550489,349675167921462,349675167042161,4.101368190,39.255265
120,349675150817064,4.073905210,550056029,550058598,349675199924735,349675200937757,4.135263786,50.120693
121,349675217202723,4.140290869,550564461,550566705,349675235944818,349675234833354,4.169159383,17.630631
122,349675238109396,4.161197542,551072893,551074832,349675268049935,349675268728950,4.203054979,30.619554
123,349675264491404,4.187579550,551581326,551582945,349675303920563,349675302624612,4.236950641,38.133208
124,349675288973801,4.212061947,552089758,552092947,349675335950705,349675336520208,4.270846237,47.546407
125,349675378531813,4.301619959,552598190,552601074,349675372011973,349675370415804,4.304741833,-8.116009
126,349675404682578,4.327770724,553106622,553109154,349675403945497,349675404311400,4.338637429,-0.371178
127,349675423786391,4.346874537,553615054,553617257,349675439910230,349675438206997,4.372533026,14.420606
128,349675448673832,4.371761978,554123486,554125410,349675471971802,349675472102593,4.406428622,23.428761
129,349675515354445,4.438442591,554631918,554633534,349675503974786,349675505998189,4.440324218,-9.356256
130,349675532381793,4.455469939,555140350,555143558,349675539936882,349675539893785,4.474219814,7.511992
131,349675549823182,4.472911328,555648783,555651681,349675572039493,349675573789448,4.508115477,23.966266
132,349675571411205,4.494499351,556157215,556159804,349675607963702,349675607685044,4.542011073,36.273839
133,349675613532588,4.536620734,556665647,556667935,349675639980515,349675641580640,4.575906669,28.048052
134,349675674906988,4.597995134,557174079,557176033,349675675924088,349675675476236,4.609802265,0.569248
135,349675695480912,4.618569058,557682511,557684147,349675707949603,349675709371832,4.643697861,13.890920
136,349675716760970,4.639849116,558190943,558194146,349675743955016,349675743267428,4.677593457,26.506458
137,349675758497214,4.681585360,558699375,558702276,349675775968244,349675777163024,4.711489053,18.665810
138,349675808056330,4.731144476,559207808,559210419,349675811982985,349675811058687,4.745384716,3.002357
139,349675826459494,4.749547640,559716240,559718543,349675843967188,349675844954283,4.779280312,18.494789
140,349675844570227,4.767658373,560224672,560226638,349675879986602,349675878849879,4.813175908,34.279652
141,349675884015262,4.807103408,560733104,560734808,349675911963032,349675912745475,4.847071504,28.730213
142,349675907742413,4.830830559,561241536,561244811,349675947969603,349675946641071,4.880967100,38.898658
143,349675977532669,4.900620815,561749968,561752944,349675979991916,349675980536667,4.914862696,3.003998
144,349676003141796,4.926229942,562258400,562261085,349676015908498,349676014432263,4.948758292,11.290467
145,349676045322134,4.968410280,562766832,562769227,349676047928171,349676048327859,4.982653888,3.005725
146,349676067851694,4.990939840,563275265,563277336,349676083907370,349676082223522,5.016549551,14.371828
147,349676122758877,5.045847023,563783697,563785460,349676115928749,349676116119118,5.050445147,-6.639759
148,349676139061871,5.062150017,564292129,564295442,349676151902762,349676150014714,5.084340743,10.952843
149,349676172298758,5.095386904,564800561,564803574,349676183928420,349676183910310,5.118236339,11.611552
150,349676195472800,5.118560946,565308993,565311683,349676216119011,349676217805906,5.152131935,22.333106
151,349676214249341,5.137337487,565817425,565819822,349676251951048,349676251701502,5.186027531,37.452161
152,349676265962131,5.189050277,566325857,566327983,349676283983966,349676285597098,5.219923127,19.634967
153,349676311904987,5.234993133,566834289,566836077,349676319943053,349676319492694,5.253818723,7.587707
154,349676332281353,5.255369499,567342722,567344217,349676351985439,349676353388357,5.287714386,21.107004
155,349676356935916,5.280024062,567851154,567854213,349676387933450,349676387283953,5.321609982,30.348037
156,349676403512024,5.326600170,568359586,568362340,349676419959530,349676421179549,5.355505578,17.667525
157,349676438110041,5.361198187,568868018,568870486,349676455980534,349676455075145,5.389401174,16.965104
158,349676457384685,5.380472831,569376450,569378588,349676487932333,349676488970741,5.423296770,31.586056
159,349676483192775,5.406280921,569884882,569886736,349676524037456,349676522866337,5.457192366,39.673562
160,349676532328637,5.455416783,570393314,570394857,349676555934535,349676556761933,5.491087962,24.433296
161,349676566677952,5.489766098,570901747,570904852,349676591936558,349676590657596,5.524983625,23.979644
162,349676589910569,5.512998715,571410179,571412970,349676623925717,349676624553192,5.558879221,34.642623
163,349676611781742,5.534869888,571918611,571921140,349676659937952,349676658448788,5.592774817,46.667046
164,349676630664696,5.553752842,572427043,572429277,349676691978171,349676692344384,5.626670413,61.679688
165,349676703567623,5.626655769,572935475,572937388,349676728031140,349676726239980,5.660566009,22.672357
166,349676722861646,5.645949792,573443907,573445527,349676760071300,349676760135576,5.694461605,37.273930
167,349676746967507,5.670055653,573952339,573955530,349676795914255,349676794031172,5.728357201,47.063665
168,349676767322610,5.690410756,574460771,574463638,349676827955814,349676827926769,5.762252798,60.604159
169,349676840141559,5.763229705,574969204,574971771,349676860003752,349676861822431,5.796148460,21.680872
170,349676861014283,5.784102429,575477636,575479882,349676895952845,349676895718027,5.830044056,34.703744
171,349676880055096,5.803143242,575986068,575988011,349676927990937,349676929613623,5.863939652,49.558527
172,349676902431154,5.825519300,576494500,576496186,349676963957375,349676963509220,5.897835249,61.078066
173,349676937008679,5.860096825,577002932,577006189,349676996049723,349676997404816,5.931730845,60.396137
174,349676994986849,5.918074995,577511364,577514330,349677032062517,349677031300412,5.965626441,36.313563
175,349677020457431,5.943545577,578019796,578022483,349677063941897,349677065196008,5.999522037,44.738577
176,349677041762921,5.964851067,578528228,578530602,349677099983928,349677099091604,6.033417633,57.328683
177,349677083832640,6.006920786,579036661,579038708,349677132034657,349677132987266,6.067313295,49.154626
178,349677146442151,6.069530297,579545093,579546825,349677167934500,349677166882863,6.101208892,20.440712
179,349677171277848,6.094365994,580053525,580056835,349677199981123,349677200778459,6.135104488,29.500611
180,349677191583573,6.114671719,580561957,580564970,349677235964285,349677234674055,6.169000084,43.090482
181,349677230984610,6.154072756,581070389,581073082,349677267963738,349677268569651,6.202895680,37.585041
182,349677287372803,6.210460949,581578821,581581184,349677303920001,349677302465247,6.236791276,15.092444
183,349677304296437,6.227384583,582087253,582089349,349677335930854,349677336360843,6.270686872,32.064406
184,349677318957793,6.242045939,582595686,582597454,349677371948077,349677370256506,6.304582535,51.298713
185,349677353299010,6.276387156,583104118,583105577,349677403982417,349677404152102,6.338478131,50.853092
186,349677378813815,6.301901961,583612550,583615556,349677439923102,349677438047698,6.372373727,59.233883
187,349677424401389,6.347489535,584120982,584123687,349677471942147,349677471943294,6.406269323,47.541905
188,349677446947155,6.370035301,584629414,584631814,349677503942743,349677505838890,6.440164919,58.891735
189,349677487635070,6.410723216,585137846,585139945,349677539940475,349677539734486,6.474060515,52.099416
190,349677511903153,6.434991299,585646278,585648048,349677572067738,349677573630082,6.507956111,61.726929
191,349677575292795,6.498380941,586154710,586156173,349677607935654,349677607525678,6.541851707,32.232883
192,349677593834198,6.516922344,586663143,586666154,349677639950716,349677641421341,6.575747370,47.587143
193,349677621253086,6.544341232,587171575,587174269,349677675964066,349677675316937,6.609642966,54.063851
194,349677647830012,6.570918158,587680007,587682408,349677707989159,349677709212533,6.643538562,61.382521
195,349677684694131,6.607782277,588188439,588190521,349677743970910,349677743108129,6.677434158,58.413998
196,349677741953120,6.665041266,588696871,588698624,349677775965345,349677777003725,6.711329754,35.050605
197,349677782351413,6.705439559,589205303,589206796,349677812040344,349677810899321,6.745225350,28.547908
198,349677805106556,6.728194702,589713735,589716786,349677843947012,349677844794917,6.779120946,39.688361
199,349677825743199,6.748831345,590222168,590224899,349677879963984,349677878690580,6.813016609,52.947381
200,349677875963590,6.799051736,590730600,590733030,349677911950259,349677912586176,6.846912205,36.622586
201,349677904177008,6.827265154,591239032,591241140,349677947959399,349677946481772,6.880807801,42.304764
202,349677923701644,6.846789790,591747464,591749297,349677979993675,349677980377368,6.914703397,56.675724
203,349677956379903,6.879468049,592255896,592257397,349678015950860,349678014272964,6.948598993,57.893061
204,349677991838229,6.914926375,592764328,592767407,349678047972499,349678048168560,6.982494589,56.330331
205,349678074568623,6.997656769,593272760,593275494,349678083964954,349678082064156,7.016390185,7.495533
206,349678098204082,7.021292228,593781192,593783628,349678115938107,349678115959752,7.050285781,17.755670
207,349678118816262,7.041904408,594289625,594291755,349678147962986,349678149855415,7.084181444,31.039153
208,349678141237627,7.064325773,594798057,594799880,349678183983846,349678183751011,7.118077040,42.513384
209,349678217709393,7.140797539,595306489,595308051,349678216061773,349678217646607,7.151972636,-0.062786
210,349678239731360,7.162819506,595814921,595818015,349678251983207,349678251542203,7.185868232,11.810843
211,349678258639962,7.181728108,596323353,596326140,349678283944611,349678285437799,7.219763828,26.797837
212,349678286559862,7.209648008,596831785,596834268,349678319980828,349678319333395,7.253659424,32.773533
213,349678355735092,7.278823238,597340217,597342367,349678351987599,349678353228992,7.287555021,-2.506100
214,349678378742211,7.301830357,597848649,597850513,349678387956884,349678387124588,7.321450617,8.382377
215,349678397194741,7.320282887,598357082,598358609,349678420078292,349678421020250,7.355346279,23.825509
216,349678418157170,7.341245316,598865514,598868599,349678456067638,349678454915846,7.389241875,36.758676
217,349678448870687,7.371958833,599373946,599376701,349678487954433,349678488811442,7.423137471,39.940755
218,349678501317938,7.424406084,599882378,599884822,349678524033472,349678522707038,7.457033067,21.389100
219,349678518514790,7.441602936,600390810,600392933,349678555934457,349678556602635,7.490928664,38.087845
220,349678538419328,7.461507474,600899242,600901046,349678592130876,349678590498231,7.524824260,52.078903
221,349678568190321,7.491278467,601407674,601409135,349678623958500,349678624393827,7.558719856,56.203506
222,349678600984262,7.524072408,601916107,601919159,349678659973198,349678658289489,7.592615518,57.305227
223,349678648425580,7.571513726,602424539,602427286,349678691984681,349678692185086,7.626511115,43.759506
224,349678666549226,7.589637372,602932971,602935411,349678728050000,349678726080682,7.660406711,59.531456
225,349678699462082,7.622550228,603441403,603443536,349678759969931,349678759976278,7.694302307,60.514196
226,349678736908923,7.659997069,603949835,603951668,349678791941104,349678793871874,7.728197903,56.962951
227,349678789458994,7.712547140,604458267,604459823,349678827935168,349678827767470,7.762093499,38.308476
228,349678809897277,7.732985423,604966699,604969791,349678859995348,349678861663066,7.795989095,51.765789
229,349678843842400,7.766930546,605475131,605477937,349678895950679,349678895558662,7.829884691,51.716262
230,349678882153848,7.805241994,605983564,605986030,349678927952469,349678929454325,7.863780354,47.300477
231,349678936345924,7.859434070,606491996,606494163,349678963938874,349678963349921,7.897675950,27.003997
232,349678954904364,7.877992510,607000428,607002298,349678995948293,349678997245517,7.931571546,42.341153
233,349678984756700,7.907844846,607508860,607510418,349679031945443,349679031141113,7.965467142,46.384413
234,349679008403824,7.931491970,608017292,608020419,349679063970861,349679065036709,7.999362738,56.632885
235,349679038120728,7.961208874,608525724,608528596,349679099970260,349679098932305,8.033258334,60.811577
236,349679091984578,8.015072724,609034156,609036726,349679131981679,349679132827901,8.067153930,40.843323
237,349679126452087,8.049540233,609542588,609544839,349679167929518,349679166723497,8.101049526,40.271410
238,349679148006146,8.071094292,610051021,610052940,349679199935528,349679200619160,8.134945189,52.613014
239,349679175853048,8.098941194,610559453,610561069,349679235941053,349679234514756,8.168840785,58.661708
240,349679225214074,8.148302220,611067885,611071063,349679268018109,349679268410352,8.202736381,43.196278
241,349679256706247,8.179794393,611576317,611579208,349679303957727,349679302305948,8.236631977,45.599701
242,349679277441247,8.200529393,612084749,612087362,349679336061728,349679336201544,8.270527573,58.760297
243,349679314354267,8.237442413,612593181,612595485,349679371948879,349679370097140,8.304423169,55.742873
244,349679371640838,8.294728984,613101613,613103596,349679403982180,349679403992736,8.338318765,32.351898
245,349679402076505,8.325164651,613610046,613611729,349679436021262,349679437888399,8.372214428,35.811894
246,349679423300962,8.346389108,614118478,614121731,349679471991679,349679471783995,8.406110024,48.483033
247,349679443798776,8.366886922,614626910,614629845,349679503980197,349679505679591,8.440005620,61.880815
248,349679484301372,8.407389518,615135342,615138019,349679539939322,349679539575187,8.473901216,55.273815
249,349679554177022,8.477265168,615643774,615646129,349679571963759,349679573470783,8.507796812,19.293761
250,349679572048655,8.495136801,616152206,616154274,349679607975640,349679607366379,8.541692408,35.317724
251,349679595256836,8.518344982,616660638,616662412,349679639960936,349679641261975,8.575588004,46.005139
252,349679618103177,8.541191323,617169070,617170553,349679675998030,349679675157571,8.609483600,57.054394
253,349679702643687,8.625731833,617677503,617680534,349679708054860,349679709053234,8.643379263,6.409547
254,349679719879319,8.642967465,618185935,618188650,349679743940578,349679742948830,8.677274859,23.069511
255,349679738330262,8.661418408,618694367,618696774,349679775950531,349679776844426,8.711170455,38.514164
256,349679754755173,8.677843319,619202799,619204852,349679812009816,349679810740022,8.745066051,55.984849
257,349679787779754,8.710867900,619711231,619712997,349679844070695,349679844635618,8.778961647,56.855864
258,349679848442090,8.771530236,620219663,620221127,349679879960396,349679878531214,8.812857243,30.089124
259,349679867996047,8.791084193,620728095,620731144,349679911981947,349679912426810,8.846752839,44.430763
260,349679887521725,8.810609871,621236528,621239239,349679947979437,349679946322473,8.880648502,58.800748
261,349679922623945,8.845712091,621744960,621747378,349679979998946,349679980218069,8.914544098,57.594124
262,349679987587219,8.910675365,622253392,622255483,349680015979641,349680014113665,8.948439694,26.526446
263,349680012574215,8.935662361,622761824,622763620,349680047987024,349680048009261,8.982335290,35.435046
264,349680036360126,8.959448272,623270256,623271741,349680079952823,349680081904858,9.016230887,45.544732
265,349680060137088,8.983225234,623778688,623781725,349680116009549,349680115800454,9.050126483,55.663366
266,349680089065282,9.012153428,624287120,624289855,349680148015817,349680149696050,9.084022079,60.630768
267,349680151314267,9.074402413,624795552,624797976,349680183948662,349680183591646,9.117917675,32.277379
268,349680174387195,9.097475341,625303985,625306109,349680215980378,349680217487308,9.151813337,43.100113
269,349680192911530,9.115999676,625812417,625814228,349680251978506,349680251382904,9.185708933,58.471374
270,349680228288134,9.151376280,626320849,626322354,349680283975378,349680285278501,9.219604530,56.990367
271,349680292035512,9.215123658,626829281,626832332,349680319966679,349680319174097,9.253500126,27.138585
272,349680311855533,9.234943679,627337713,627340445,349680351954205,349680353069693,9.287395722,41.214160
273,349680329804772,9.252892918,627846145,627848547,349680387928489,349680386965289,9.321291318,57.160517
274,349680359491883,9.282580029,628354577,628356650,349680420005508,349680420860885,9.355186914,61.369002
275,349680396776563,9.319864709,628863009,628864761,349680456054732,349680454756481,9.389082510,57.979918
276,349680452846943,9.375935089,629371442,629372917,349680488052669,349680488652144,9.422978173,35.805201
277,349680474888003,9.397976149,629879874,629882931,349680523992541,349680522547740,9.456873769,47.659737
278,349680494856489,9.417944635,630388306,630391051,349680555976663,349680556443336,9.490769365,61.586847
279,349680536397869,9.459486015,630896738,630899210,349680592101347,349680590338932,9.524664961,53.941063
280,349680584876722,9.507964868,631405170,631407350,349680624012408,349680624234528,9.558560557,39.357806
281,349680602534621,9.525622767,631913602,631915470,349680659959639,349680658130124,9.592456153,55.595503
282,349680634330902,9.557419048,632422034,632423597,349680692003652,349680692025720,9.626351749,57.694818
283,349680668163567,9.591251713,632930467,632933582,349680724017408,349680725921383,9.660247412,57.757816
284,349680723727927,9.646816073,633438899,633441701,349680760031330,349680759816979,9.694143008,36.089052
285,349680743647412,9.666735558,633947331,633949878,349680792003684,349680793712575,9.728038604,50.065163
286,349680767111383,9.690199529,634455763,634458012,349680827944511,349680827608171,9.761934200,60.496788
287,349680804449160,9.727537306,634964195,634966138,349680859995827,349680861503767,9.795829796,57.054607
288,349680835785878,9.758874024,635472627,635474246,349680896084582,349680895399363,9.829725392,59.613485
289,349680896372527,9.819460673,635981059,635984291,349680927956380,349680929294959,9.863620988,32.922432
290,349680915189360,9.838277506,636489491,636492386,349680963944502,349680963190555,9.897516584,48.001195
291,349680956375727,9.879463873,636997924,637000531,349680996079429,349680997086218,9.931412247,40.710491
292,349680976730654,9.899818800,637506356,637508663,349681031937310,349681030981814,9.965307843,54.251160
293,349681004603850,9.927691996,638014788,638016783,349681063989102,349681064877410,9.999203439,60.273560
294,349681059112661,9.982200807,638523220,638524895,349681099977091,349681098773006,10.033099035,39.660345
295,349681105597804,10.028685950,639031652,639034884,349681131976681,349681132668602,10.066994631,27.070798
296,349681126942109,10.050030255,639540084,639543015,349681168005608,349681166564198,10.100890227,39.622089
297,349681149845947,10.072934093,640048516,640051136,349681199984789,349681200459794,10.134785823,50.613847
298,349681201657208,10.124745354,640556948,640559277,349681235995946,349681234355390,10.168681419,32.698182
299,349681239545378,10.162633524,641065381,641067398,349681267949269,349681268251053,10.202577082,28.705675
300,349681261478011,10.184566157,641573813,641575521,349681303977285,349681302146649,10.236472678,40.668638
301,349681284972208,10.208060354,642082245,642085498,349681336031972,349681336042245,10.270368274,51.070037
302,349681332953169,10.256041315,642590677,642593606,349681368037305,349681369937841,10.304263870,36.984672
303,349681367023909,10.290112055,643099109,643101746,349681404014412,349681403833437,10.338159466,36.809528
304,349681391955954,10.315044100,643607541,643609878,349681436081246,349681437729033,10.372055062,45.773079
305,349681416806324,10.339894470,644115973,644117992,349681471981357,349681471624630,10.405950659,54.818306
306,349681467351593,10.390439739,644624406,644626125,349681503953486,349681505520292,10.439846321,38.168699
307,349681505421325,10.428509471,645132838,645136155,349681540027019,349681539415888,10.473741917,33.994563
308,349681524240663,10.447328809,645641270,645644297,349681571956209,349681573311484,10.507637513,49.070821
309,349681547596792,10.470684938,646149702,646152417,349681607997912,349681607207080,10.541533109,59.610288
310,349681595432614,10.518520760,646658134,646660562,349681639976177,349681641102676,10.575428705,45.670062
311,349681630263241,10.553351387,647166566,647168695,349681676050489,349681674998273,10.609324302,44.735032
312,349681652056406,10.575144552,647674998,647676827,349681707976226,349681708893869,10.643219898,56.837463
313,349681691261835,10.614349981,648183430,648184965,349681743968144,349681742789465,10.677115494,51.527630
314,349681745624849,10.668712995,648691863,648694926,349681775949921,349681776685127,10.711011156,31.060278
315,349681779763554,10.702851700,649200295,649203044,349681812002907,349681810580724,10.744906753,30.817170
316,349681803409969,10.726498115,649708727,649711165,349681843995587,349681844476320,10.778802349,41.066351
317,349681832358105,10.755446251,650217159,650219277,349681879949661,349681878371916,10.812697945,46.013811
318,349681893742585,10.816830731,650725591,650727447,349681911988747,349681912267512,10.846593541,18.524927
319,349681929154915,10.852243061,651234023,651235587,349681947942716,349681946163108,10.880489137,17.008193
320,349681948930644,10.872018790,651742455,651745561,349681979960563,349681980058704,10.914384733,31.128060
321,349681973399719,10.896487865,652250888,652253683,349682012040243,349682013954367,10.948280396,40.554648
322,349681990801575,10.913889721,652759320,652761842,349682047985820,349682047849963,10.982175992,57.048388
323,349682061596331,10.984684477,653267752,653269925,349682080089994,349682081745559,11.016071588,20.149228
324,349682083681534,11.006769680,653776184,653778027,349682115977523,349682115641155,11.049967184,31.959621
325,349682103434803,11.026522949,654284616,654286179,349682147980022,349682149536751,11.083862780,46.101948
326,349682132967626,11.056055772,654793048,654796191,349682184005666,349682183432347,11.117758376,50.464721
327,349682195321915,11.118410061,655301480,655304309,349682216121635,349682217327943,11.151653972,22.006028
328,349682215234457,11.138322603,655809912,655812427,349682251990201,349682251223539,11.185549568,35.989082
329,349682232665388,11.155753534,656318345,656320562,349682283976285,349682285119202,11.219445231,52.453814
330,349682259830235,11.182918381,656826777,656828697,349682320063758,349682319014798,11.253340827,59.184563
331,349682335619423,11.258707569,657335209,657336848,349682352071017,349682352910394,11.287236423,17.290971
332,349682360053642,11.283141788,657843641,657846850,349682387976940,349682386805990,11.321132019,26.752348
333,349682382851409,11.305939555,658352073,658354980,349682419956182,349682420701586,11.355027615,37.850177
334,349682410672093,11.333760239,658860505,658863082,349682455966185,349682454597182,11.388923211,43.925089
335,349682477345118,11.400433264,659368937,659371201,349682487980713,349682488492778,11.422818807,11.147660
336,349682495681859,11.418770005,659877369,659879315,349682524023454,349682522388374,11.456714403,26.706515
337,349682513896541,11.436984687,660385802,660387504,349682555985526,349682556284037,11.490610066,42.387496
338,349682538136549,11.461224695,660894234,660897515,349682591975634,349682590179633,11.524505662,52.043084
339,349682575662770,11.498750916,661402666,661405657,349682624060909,349682624075229,11.558401258,48.412459
340,349682635090512,11.558178658,661911098,661913735,349682656099365,349682657970825,11.592296854,22.880313
341,349682661912411,11.585000557,662419530,662421860,349682691966605,349682691866421,11.626192450,29.954010
342,349682686230317,11.609318463,662927962,662929994,349682724022686,349682725762017,11.660088046,39.531700
343,349682730596036,11.653684182,663436394,663438157,349682759958454,349682759657613,11.693983642,29.061577
344,349682781923010,11.705011156,663944827,663946283,349682791991946,349682793553276,11.727879305,11.630266
345,349682804788023,11.727876169,664453259,664456243,349682827947447,349682827448872,11.761774901,22.660849
346,349682821337583,11.744425729,664961691,664964384,349682860024332,349682861344468,11.795670497,40.006885
347,349682863061958,11.786150104,665470123,665472514,349682895964771,349682895240064,11.829566093,32.178106
348,349682932236654,11.855324800,665978555,665980674,349682927952174,349682929135660,11.863461689,-3.100994
349,349682953795330,11.876883476,666486987,666488817,349682963990283,349682963031256,11.897357285,9.235926
350,349682971620136,11.894708282,666995419,666996946,349682995962432,349682996926852,11.931252881,25.306716
351,349683015857746,11.938945892,667503851,667506937,349683031981917,349683030822448,11.965148477,14.964702
352,349683080760361,12.003848507,668012284,668015066,349683064034839,349683064718111,11.999044140,-16.042250
353,349683099021929,12.022110075,668520716,668523172,349683099995789,349683098613707,12.032939736,-0.408222
354,349683118250659,12.041338805,669029148,669031336,349683132022833,349683132509303,12.066835332,14.258644
355,349683160133527,12.083221673,669537580,669539465,349683167974334,349683166404899,12.100730928,6.271372
356,349683214365014,12.137453160,670046012,670047592,349683200069359,349683200300496,12.134626525,-14.064518
357,349683239978572,12.163066718,670554444,670557568,349683235965666,349683234196092,12.168522121,-5.782480
358,349683265107419,12.188195565,671062876,671065658,349683268008404,349683268091688,12.202417717,2.984269
359,349683304737802,12.227825948,671571308,671573804,349683300027763,349683301987284,12.236313313,-2.750518
360,349683355066130,12.278154276,672079741,672081927,349683335999636,349683335882946,12.270208975,-19.183184
361,349683374068337,12.297156483,672588173,672590032,349683368030192,349683369778542,12.304104571,-4.289795
362,349683391320476,12.314408622,673096605,673098175,349683403956044,349683403674139,12.338000168,12.353663
363,349683430974595,12.354062741,673605037,673608188,349683435989694,349683437569735,12.371895764,6.595140
364,349683451240775,12.374328921,674113469,674116318,349683472101651,349683471465331,12.405791360,20.224556
365,349683504837862,12.427926008,674621901,674624438,349683504071882,349683505360927,12.439686956,0.523065
366,349683524640015,12.447728161,675130333,675132565,349683539952496,349683539256523,12.473582552,14.616508
367,349683557059084,12.480147230,675638766,675640665,349683572046424,349683573152186,12.507478215,16.093102
368,349683580970590,12.504058736,676147198,676148786,349683607990970,349683607047782,12.541373811,26.077192
369,349683597938640,12.521026786,676655630,676658770,349683639988849,349683640943378,12.575269407,43.004738
370,349683663695790,12.586783936,677164062,677166925,349683675985751,349683674838974,12.609165003,11.143184
371,349683699025195,12.622113341,677672494,677675016,349683707963668,349683708734570,12.643060599,9.709375
372,349683723015014,12.646103160,678180926,678183146,349683744113335,349683742630166,12.676956195,19.615152
373,349683742163338,12.665251484,678689358,678691276,349683775954879,349683776525762,12.710851791,34.362424
374,349683763734610,12.686822756,679197790,679199392,349683812027520,349683810421358,12.744747387,46.686748
375,349683832502765,12.755590911,679706223,679709370,349683843989549,349683844317021,12.778643050,11.814256
376,349683855141594,12.778229740,680214655,680217497,349683879955028,349683878212617,12.812538646,23.071023
377,349683872907522,12.795995668,680723087,680725630,349683911972695,349683912108213,12.846434242,39.200691
378,349683897773294,12.820861440,681231519,681233762,349683943995364,349683946003809,12.880329838,48.230515
379,349683967844441,12.890932587,681739951,681741888,349683979971246,349683979899405,12.914225434,12.054964
380,349683991824028,12.914912174,682248383,682249999,349684012029025,349684013795001,12.948121030,21.970973
381,349684016878808,12.939966954,682756815,682760004,349684047958894,349684047690597,12.982016626,30.811789
382,349684039076376,12.962164522,683265248,683268124,349684080006392,349684081586260,13.015912289,42.509884
383,349684106999706,13.030087852,683773680,683776251,349684116005738,349684115481856,13.049807885,8.482150
384,349684126133981,13.049222127,684282112,684284354,349684148018282,349684149377452,13.083703481,23.243471
385,349684143497877,13.066586023,684790544,684792510,349684183963257,349684183273048,13.117599077,39.775171
386,349684168250666,13.091338812,685298976,685300639,349684216084039,349684217168644,13.151494673,48.917978
387,349684251102337,13.174190483,685807408,685810641,349684251949576,349684251064240,13.185390269,-0.038097
388,349684272252041,13.195340187,686315840,686318756,349684283964786,349684284959836,13.219285865,12.707795
389,349684291621905,13.214710051,686824272,686826880,349684320082820,349684318855432,13.253181461,27.233527
390,349684313894015,13.236982161,687332705,687334992,349684352138178,349684352751095,13.287077124,38.857080
391,349684349525215,13.272613361,687841137,687843114,349684388033691,349684386646691,13.320972720,37.121476
392,349684414083676,13.337171822,688349569,688351260,349684420023760,349684420542287,13.354868316,6.458611
393,349684434646262,13.357734408,688858001,688861272,349684456079711,349684454437883,13.388763912,19.791621
394,349684457554559,13.380642705,689366433,689369377,349684487986592,349684488333479,13.422659508,30.778920
395,349684498228969,13.421317115,689874865,689877495,349684524066700,349684522229075,13.456555104,24.000106
396,349684556780768,13.479868914,690383297,690385643,349684555951381,349684556124671,13.490450700,-0.656097
397,349684577383195,13.500471341,690891729,690893767,349684587994943,349684590020268,13.524346297,12.637073
398,349684598820353,13.521908499,691400162,691401854,349684623980587,349684623915930,13.558241959,25.095577
399,349684630817161,13.553905307,691908594,691911855,349684655963064,349684657811526,13.592137555,26.994365
400,349684655448590,13.578536736,692417026,692419980,349684691961549,349684691707122,13.626033151,36.258532
401,349684703242360,13.626330506,692925458,692928108,349684724102440,349684725602718,13.659928747,22.360358
402,349684723841309,13.646929455,693433890,693436192,349684759965159,349684759498314,13.693824343,35.657005
403,349684764435491,13.687523637,693942322,693944296,349684792025903,349684793393911,13.727719940,28.958420
404,349684792218839,13.715306985,694450754,694452453,349684827975838,349684827289507,13.761615536,35.070668
405,349684841214666,13.764302812,694959187,694962442,349684859974800,349684861185169,13.795511198,19.970503
406,349684860710773,13.783798919,695467619,695470525,349684895998304,349684895080765,13.829406794,34.369992
407,349684902585913,13.825674059,695976051,695978646,349684927994882,349684928976362,13.863302391,26.390449
408,349684928954877,13.852043023,696484483,696486784,349684963970458,349684962871958,13.897197987,33.917081
409,349684987913957,13.911002103,696992915,696994910,349684995980277,349684996767554,13.931093583,8.853597
410,349685015893413,13.938981559,697501347,697503018,349685031985494,349685030663150,13.964989179,14.769737
411,349685054524880,13.977613026,698009779,698013021,349685064025166,349685064558746,13.998884775,10.033866
412,349685082987879,14.006076025,698518211,698521171,349685100121502,349685098454342,14.032780371,15.466463
413,349685142892035,14.065980181,699026644,699029314,349685132019832,349685132350005,14.066676034,-10.542030
414,349685161641960,14.084730106,699535076,699537451,349685168007868,349685166245601,14.100571630,4.603641
415,349685206492961,14.129581107,700043508,700045551,349685199976393,349685200141197,14.134467226,-6.351764
416,349685238418133,14.161506279,700551940,700553692,349685232122189,349685234036793,14.168362822,-4.381340
417,349685292054987,14.215143133,701060372,701063685,349685268040368,349685267932389,14.202258418,-24.122598
418,349685314993998,14.238082144,701568804,701571792,349685300017054,349685301827985,14.236154014,-13.166013
419,349685351631752,14.274719898,702077236,702079959,349685335983431,349685335723581,14.270049610,-15.908171
420,349685377868736,14.300956882,702585668,702588093,349685368037541,349685369619177,14.303945206,-8.249559
421,349685428550169,14.351638315,703094101,703096175,349685403999624,349685403514840,14.337840869,-25.035329
422,349685445566748,14.368654894,703602533,703604329,349685435985312,349685437410436,14.371736465,-8.156312
423,349685488168388,14.411256534,704110965,704112439,349685472043229,349685471306032,14.405632061,-16.862356
424,349685509889869,14.432978015,704619397,704622410,349685504021018,349685505201628,14.439527657,-4.688241
425,349685526921876,14.450010022,705127829,705130541,349685540033301,349685539097224,14.473423253,12.175348
426,349685584304228,14.507392374,705636261,705638682,349685572029743,349685572992820,14.507318849,-11.311408
427,349685630619546,14.553707692,706144693,706146793,349685607992302,349685606888416,14.541214445,-23.731130
428,349685652358421,14.575446567,706653126,706654903,349685640057684,349685640784079,14.575110108,-11.574342
429,349685677621676,14.600709822,707161558,707163053,349685675978458,349685674679675,14.609005704,-2.942001
430,349685730251467,14.653339613,707669990,707673055,349685707998817,349685708575271,14.642901300,-21.676196
431,349685766403974,14.689492120,708178422,708181164,349685743999540,349685742470867,14.676796896,-23.933107
432,349685786810979,14.709899125,708686854,708689295,349685776050221,349685776366463,14.710692492,-10.444516
433,349685812489754,14.735577900,709195286,709197413,349685811947705,349685810262059,14.744588088,-2.227695
434,349685829216487,14.752304633,709703718,709705525,349685843971103,349685844157655,14.778483684,14.941168
435,349685903988373,14.827076519,710212150,710213664,349685876065709,349685878053251,14.812379280,-25.935122
436,349685930926734,14.854014880,710720583,710723656,349685912039385,349685911948914,14.846274943,-18.977820
437,349685955264231,14.878352377,711229015,711231748,349685944103203,349685945844510,14.880170539,-9.419721
438,349685984979506,14.908067652,711737447,711739876,349685980036723,349685979740106,14.914066135,-5.239400
439,349686060493522,14.983581668,712245879,712248012,349686012090020,349686013635702,14.947961731,-46.857820
440,349686079977509,15.003065655,712754311,712756154,349686048006028,349686047531298,14.981857327,-32.446211
441,349686099123707,15.022211853,713262743,713264274,349686080118976,349686081426894,15.015752923,-17.696813
442,349686121647670,15.044735816,713771175,713774281,349686116016660,349686115322490,15.049648519,-6.325180
443,349686148983098,15.072071244,714279608,714282392,349686148020730,349686149218153,15.083544182,0.235055
444,349686194386529,15.117474675,714788040,714790513,349686184030828,349686183113749,15.117439778,-11.272780
445,349686217119233,15.140207379,715296472,715298601,349686216016376,349686217009345,15.151335374,-0.109888
446,349686241390719,15.164478865,715804904,715806778,349686251986572,349686250904941,15.185230970,9.514222
447,349686282681920,15.205770066,716313336,716314861,349686283996440,349686284800537,15.219126566,2.118617
448,349686336147104,15.259235250,716821768,716824903,349686319971249,349686318696134,15.253022163,-17.450970
449,349686353088782,15.276176928,717330200,717333045,349686352104701,349686352591730,15.286917759,-0.497052
450,349686371845877,15.294934023,717838632,717841171,349686387993631,349686386487326,15.320813355,14.641449
451,349686414170164,15.337258310,718347065,718349289,349686420006111,349686420382988,15.354709017,6.212824
452,349686439050478,15.362138624,718855497,718857402,349686455973263,349686454278584,15.388604613,15.228106
453,349686496353470,15.419441616,719363929,719365545,349686487966255,349686488174180,15.422500209,-8.179290
454,349686524182096,15.447270242,719872361,719875578,349686523967202,349686522069777,15.456395806,-2.112319
455,349686562191602,15.485279748,720380793,720383717,349686556038653,349686555965373,15.490291402,-6.226229
456,349686588721416,15.511809562,720889225,720891857,349686588130939,349686589860969,15.524186998,1.139553
457,349686644508135,15.567596281,721397657,721399978,349686623970848,349686623756565,15.558082594,-20.751570
458,349686662194133,15.585282279,721906089,721908090,349686656015547,349686657652161,15.591978190,-4.541972
459,349686695264404,15.618352550,722414522,722416215,349686691976591,349686691547824,15.625873853,-3.716580
460,349686723538053,15.646626199,722922954,722926224,349686724020282,349686725443420,15.659769449,1.905367
461,349686742586698,15.665674844,723431386,723434363,349686760018243,349686759339016,15.693665045,16.752318
462,349686787807568,15.710895714,723939818,723942494,349686791976484,349686793234612,15.727560641,5.427044
463,349686821623720,15.744711866,724448250,724450616,349686828113504,349686827130208,15.761456237,5.506488
464,349686844429404,15.767517550,724956682,724958747,349686860012593,349686861025804,15.795351833,16.596400
465,349686867401407,15.790489553,725465114,725466869,349686895976686,349686894921400,15.829247429,27.519993
466,349686885523112,15.808611258,725973547,725976841,349686928126220,349686928817063,15.863143092,43.293951
467,349686954704388,15.877792534,726481979,726484950,349686963977722,349686962712659,15.897038688,8.008271
468,349686971801523,15.894889669,726990411,726993063,349686995990483,349686996608255,15.930934284,24.806732
469,349686994807895,15.917896041,727498843,727501202,349687031974896,349687030503851,15.964829880,35.695956
470,349687019418701,15.942506847,728007275,728009308,349687063988724,349687064399447,15.998725476,44.980746
471,349687087510233,16.010598379,728515707,728517407,349687099961138,349687098295043,16.032621072,10.784810
472,349687107560157,16.030648303,729024139,729027404,349687132064978,349687132190639,16.066516668,24.630482
473,349687127715296,16.050803442,729532571,729535539,349687167959649,349687166086235,16.100412264,38.370939
474,349687152312757,16.075400903,730041004,730043664,349687199994749,349687199981898,16.134307927,47.669141
475,349687222282011,16.145370157,730549436,730551785,349687231990143,349687233877494,16.168203523,11.595483
476,349687242651551,16.165739697,731057868,731059911,349687267981751,349687267773090,16.202099119,25.121539
477,349687264503106,16.187591252,731566300,731568006,349687300050352,349687301668686,16.235994715,37.165580
478,349687295312694,16.218400840,732074732,732078012,349687336029666,349687335564282,16.269890311,40.251588
479,349687365736574,16.288824720,732583164,732586169,349687368101468,349687369459878,16.303785907,3.723304
480,349687388895312,16.311983458,733091596,733094312,349687403972824,349687403355474,16.337681503,14.460162
481,349687406616026,16.329704172,733600028,733602418,349687435985829,349687437251070,16.371577099,30.635044
482,349687431387753,16.354475899,734108461,734110582,349687471984017,349687471146733,16.405472762,39.758980
483,349687496699292,16.419787438,734616893,734618727,349687504024097,349687505042329,16.439368358,8.343037
484,349687518629662,16.441717808,735125325,735126847,349687540036896,349687538937925,16.473263954,20.308263
485,349687541283590,16.464371736,735633757,735636832,349687572038160,349687572833521,16.507159550,31.549931
486,349687566277095,16.489365241,736142189,736144924,349687608007101,349687606729117,16.541055146,40.452022
487,349687629918409,16.553006555,736650621,736653053,349687640033690,349687640624713,16.574950742,10.706304
488,349687652203799,16.575291945,737159053,737161163,349687676030270,349687674520309,16.608846338,22.316510
489,349687673085680,16.596173826,737667486,737669292,349687708028121,349687708415972,16.642742001,35.330292
490,349687701286778,16.624374924,738175918,738177419,349687743984450,349687742311568,16.676637597,41.024790
491,349687759347467,16.682435613,738684350,738687438,349687775982029,349687776207164,16.710533193,16.859697
492,349687780500503,16.703588649,739192782,739195539,349687812049792,349687810102760,16.744428789,29.602257
493,349687796543670,16.719631816,739701214,739703631,349687844016044,349687843998356,16.778324385,47.454686
494,349687820981438,16.744069584,740209646,740211769,349687875996980,349687877893952,16.812219981,56.912514
495,349687891970421,16.815058567,740718078,740719930,349687912099701,349687911789549,16.846115578,19.819128
496,349687914084333,16.837172479,741226510,741228061,349687944034267,349687945685145,16.880011174,31.600812
497,349687934888323,16.857976469,741734943,741738073,349687979982556,349687979580807,16.913906836,44.692484
498,349687958761665,16.881849811,742243375,742246177,349688012064543,349688013476403,16.947802432,54.714738
499,349688035382041,16.958470187,742751807,742754268,349688048004308,349688047372000,16.981698029,11.989959
500,349688055128354,16.978216500,743260239,743262425,349688080008011,349688081267596,17.015593625,26.139242
501,349688071993432,16.995081578,743768671,743770497,349688115978815,349688115163192,17.049489221,43.169760
502,349688096014412,17.019102558,744277103,744278643,349688147980457,349688149058788,17.083384817,53.044376
503,349688173079798,17.096167944,744785535,744788618,349688183999942,349688182954384,17.117280413,9.874586
504,349688195094434,17.118182580,745293968,745296723,349688216022348,349688216850046,17.151176075,21.755612
505,349688214270452,17.137358598,745802400,745804862,349688251968679,349688250745643,17.185071672,36.475191
506,349688236453926,17.159542072,746310832,746312989,349688284055111,349688284641239,17.218967268,48.187313
507,349688270294016,17.193382162,746819264,746821110,349688320028849,349688318536835,17.252862864,48.242819
508,349688340112930,17.263201076,747327696,747329241,349688352027844,349688352432431,17.286758460,12.319501
509,349688358855084,17.281943230,747836128,747839217,349688388032410,349688386328027,17.320654056,27.472943
510,349688379427251,17.302515397,748344560,748347356,349688419981411,349688420223623,17.354549652,40.796372
511,349688407906303,17.330994449,748852992,748855468,349688456009835,349688454119219,17.388445248,46.212916
512,349688480754140,17.403842286,749361425,749363593,349688488040006,349688488014882,17.422340911,7.260742
513,349688501158648,17.424246794,749869857,749871721,349688519996385,349688521910478,17.456236507,20.751830
514,349688521767553,17.444855699,750378289,750379789,349688556143512,349688555806074,17.490132103,34.038521
515,349688538610335,17.461698481,750886721,750889777,349688588072898,349688589701670,17.524027699,51.091335
516,349688562265296,17.485353442,751395153,751397899,349688623986194,349688623597266,17.557923295,61.331970
517,349688630425715,17.553513861,751903585,751906023,349688656050460,349688657492862,17.591818891,27.067147
518,349688654023491,17.577111637,752412017,752414131,349688692049794,349688691388458,17.625714487,37.364967
519,349688671649856,17.594738002,752920449,752922271,349688724068794,349688725284054,17.659610083,53.634198
520,349688700052035,17.623140181,753428882,753430381,349688760033524,349688759179717,17.693505746,59.127682
521,349688764555401,17.687643547,753937314,753940361,349688792036713,349688793075313,17.727401342,28.519912
522,349688784076285,17.707164431,754445746,754448484,349688828121800,349688826970909,17.761296938,42.894624
523,349688800664970,17.723753116,754954178,754956599,349688859994345,349688860866505,17.795192534,60.201535
524,349688837890317,17.760978463,755462610,755464730,349688896049304,349688894762101,17.829088130,56.871784
525,349688918190467,17.841278613,755971042,755972851,349688928037082,349688928657697,17.862983726,10.467230
526,349688941778433,17.864866579,756479474,756480962,349688964112596,349688962553293,17.896879322,20.774860
527,349688960147936,17.883236082,756987907,756990948,349688995994851,349688996448956,17.930774985,36.301020
528,349688984257891,17.907346037,757496339,757499060,349689032022343,349689030344552,17.964670581,46.086661
529,349689074055835,17.997143981,758004771,758007159,349689064012630,349689064240148,17.998566177,-9.815687
530,349689101812057,18.024900203,758513203,758515287,349689099973470,349689098135744,18.032461773,-3.676313
531,349689120978129,18.044066275,759021635,759023430,349689132028897,349689132031340,18.066357369,11.053211
532,349689146122590,18.069210736,759530067,759531543,349689164047158,349689165926936,18.100252965,19.804346
533,349689219395143,18.142483289,760038499,760041576,349689200058654,349689199822532,18.134148561,-19.572611
534,349689243667978,18.166756124,760546931,760549681,349689232048223,349689233718128,18.168044157,-9.949850
535,349689265846331,18.188934477,761055364,761057823,349689268029757,349689267613791,18.201939820,1.767460
536,349689289920496,18.213008642,761563796,761565940,349689300044626,349689301509387,18.235835416,11.588891
537,349689362389200,18.285477346,762072228,762074054,349689336045043,349689335404983,18.269731012,-26.984217
538,349689383122681,18.306210827,762580660,762582186,349689367991176,349689369300579,18.303626608,-13.822102
539,349689398743907,18.321832053,763089092,763092164,349689404027777,349689403196175,18.337522204,4.452268
540,349689423523725,18.346611871,763597524,763600283,349689435992337,349689437091772,18.371417801,13.568047
541,349689459155138,18.382243284,764105956,764108447,349689472024115,349689470987368,18.405313397,11.832230
542,349689515680223,18.438768369,764614388,764616602,349689504044846,349689504882964,18.439208993,-10.797259
543,349689539190464,18.462278610,765122821,765124707,349689539989116,349689538778626,18.473104655,-0.411838
544,349689556465752,18.479553898,765631253,765632823,349689571986722,349689572674222,18.507000251,16.208470
545,349689593417138,18.516505284,766139685,766142824,349689608060142,349689606569818,18.540895847,13.152680
546,349689648929104,18.572017250,766648117,766650966,349689640019072,349689640465415,18.574791444,-8.463689
547,349689666448026,18.589536172,767156549,767159078,349689675984134,349689674361011,18.608687040,7.912985
548,349689686828936,18.609917082,767664981,767667181,349689708003697,349689708256607,18.642582636,21.427671
549,349689721600704,18.644688850,768173413,768175322,349689744018448,349689742152203,18.676478232,20.551499
550,349689743302269,18.666390415,768681846,768683472,349689776049623,349689776047866,18.710373895,32.745597
551,349689794343452,18.717431598,769190278,769193471,349689808019586,349689809943462,18.744269491,15.600010
552,349689818118226,18.741206372,769698710,769701592,349689844052577,349689843839058,18.778165087,25.720832
553,349689850595399,18.773683545,770207142,770209685,349689876069691,349689877734654,18.812060683,27.139255
554,349689880246843,18.803334989,770715574,770717807,349689912052512,349689911630250,18.845956279,31.383407
555,349689928679364,18.851767510,771224006,771225905,349689944114531,349689945525846,18.879851875,16.846482
556,349689945732276,18.868820422,771732438,771734036,349689979978900,349689979421442,18.913747471,33.689166
557,349689982118596,18.905206742,772240870,772244005,349690011999873,349690013317038,18.947643067,31.198442
558,349690016822760,18.939910906,772749303,772752161,349690047979802,349690047212701,18.981538730,30.389941
559,349690070109715,18.993197861,773257735,773260279,349690079994707,349690081108297,19.015434326,10.998582
560,349690094636067,19.017724213,773766167,773768421,349690116042758,349690115003893,19.049329922,20.367826
561,349690132277194,19.055365340,774274599,774276567,349690148048869,349690148899489,19.083225518,16.622295
562,349690160138498,19.083226644,774783031,774784696,349690184036581,349690182795085,19.117121114,22.656587
563,349690215465088,19.138553234,775291463,775294690,349690216111994,349690216690681,19.151016710,1.225593
564,349690243050688,19.166138834,775799895,775802799,349690252044237,349690250586277,19.184912306,7.535589
565,349690285690725,19.208778871,776308328,776310911,349690283998843,349690284481940,19.218807969,-1.208785
566,349690308440209,19.231528355,776816760,776819021,349690320056486,349690318377536,19.252703565,9.937327
567,349690363683734,19.286771880,777325192,777327148,349690352007051,349690352273132,19.286599161,-11.410602
568,349690386297699,19.309385845,777833624,777835243,349690388038171,349690386168728,19.320494757,-0.128971
569,349690421410197,19.344498343,778342056,778345266,349690420015328,349690420064324,19.354390353,-1.345873
570,349690444397052,19.367485198,778850488,778853382,349690452049767,349690453959920,19.388285949,9.562868
571,349690498492062,19.421580208,779358920,779361496,349690488051026,349690487855516,19.422181545,-10.636546
572,349690515890450,19.438978596,779867352,779869626,349690520049637,349690521751112,19.456077141,5.860662
573,349690547550816,19.470638962,780375785,780377763,349690555995815,349690555646775,19.489972804,8.095959
574,349690571737959,19.494826105,780884217,780885876,349690588005963,349690589542371,19.523868400,17.804412
575,349690591430485,19.514518631,781392649,781395830,349690624032469,349690623437967,19.557763996,32.007482
576,349690636479064,19.559567210,781901081,781903941,349690655999285,349690657333563,19.591659592,20.854499
577,349690673556300,19.596644446,782409513,782412087,349690692038103,349690691229159,19.625555188,17.672859
578,349690704829090,19.627917236,782917945,782920194,349690724060270,349690725124755,19.659450784,20.295665
579,349690729355194,19.652443340,783426377,783428309,349690759987557,349690759020351,19.693346380,29.665157
580,349690784464274,19.707552420,783934809,783936426,349690792004457,349690792915947,19.727241976,8.451673
581,349690816688947,19.739777093,784443242,784446421,349690828040217,349690826811610,19.761137639,10.122663
582,349690840550442,19.763638588,784951674,784954550,349690860051117,349690860707206,19.795033235,20.156764
583,349690869343854,19.792432000,785460106,785462656,349690896069867,349690894602802,19.828928831,25.258948
584,349690931671871,19.854760017,785968538,785970799,349690928063718,349690928498398,19.862824427,-3.173473
585,349690972013490,19.895101636,786476970,786478879,349690963983037,349690962393994,19.896720023,-9.619496
586,349690995336141,19.918424287,786985402,786987020,349690996051786,349690996289590,19.930615619,0.953449
587,349691028988818,19.952076964,787493834,787496997,349691032021432,349691030185187,19.964511216,1.196369
588,349691090620181,20.013708327,788002267,788005129,349691064061072,349691064080849,19.998406878,-26.539332
589,349691140641403,20.063729549,788510699,788513258,349691096035328,349691097976445,20.032302474,-42.664958
590,349691160523488,20.083611634,789019131,789021406,349691132007341,349691131872041,20.066198070,-28.651447
591,349691181132432,20.104220578,789527563,789529510,349691164011843,349691165767638,20.100093667,-15.364794
592,349691230633257,20.153721403,790035995,790037629,349691200107665,349691199663234,20.133989263,-30.970023
593,349691261551263,20.184639409,790544427,790547607,349691232034762,349691233558830,20.167884859,-27.992433
594,349691285888161,20.208976307,791052859,791055742,349691268029284,349691267454426,20.201780455,-18.433735
595,349691311557275,20.234645421,791561291,791563881,349691300048940,349691301350022,20.235676051,-10.207253
596,349691374857371,20.297945517,792069724,792072015,349691336049640,349691335245684,20.269571713,-39.611687
597,349691413062264,20.336150410,792578156,792580168,349691368044666,349691369141281,20.303467310,-43.920983
598,349691432508828,20.355596974,793086588,793088228,349691404056986,349691403036877,20.337362906,-29.471951
599,349691455620890,20.378709036,793595020,793598210,349691436023301,349691436932473,20.371258502,-18.688417
600,349691516011999,20.439100145,794103452,794106358,349691472058072,349691470828069,20.405154098,-45.183930
601,349691558991787,20.482079933,794611884,794614499,349691504047967,349691504723665,20.439049694,-54.268122
602,349691581905326,20.504993472,795120316,795122647,349691540041711,349691538619261,20.472945290,-43.286065
603,349691608372797,20.531460943,795628748,795630761,349691572052392,349691572514857,20.506840886,-35.857940
604,349691658513968,20.581602114,796137181,796138888,349691608017239,349691606410520,20.540736549,-52.103448
605,349691697734378,20.620822524,796645613,796648901,349691640042000,349691640306116,20.574632145,-57.428262
606,349691721394790,20.644482936,797154045,797157014,349691675983217,349691674201712,20.608527741,-47.193078
607,349691745435714,20.668523860,797662477,797665112,349691708043521,349691708097308,20.642423337,-37.338406
608,349691796318697,20.719406843,798170909,798173246,349691740120094,349691741992904,20.676318933,-54.325793
609,349691831569228,20.754657374,798679341,798681379,349691776067063,349691775888500,20.710214529,-55.680728
610,349691852203521,20.775291667,799187773,799189501,349691808042161,349691809784096,20.744110125,-42.419425
611,349691878104472,20.801192618,799696206,799697661,349691843997001,349691843679759,20.778005788,-34.424713
612,349691928577868,20.851666014,800204638,800207657,349691876012345,349691877575355,20.811901384,-51.002513
613,349691961355808,20.884443954,800713070,800715818,349691912000018,349691911470951,20.845796980,-49.884857
614,349691982060614,20.905148760,801221502,801223943,349691944053795,349691945366547,20.879692576,-36.694067
615,349692006460100,20.929548246,801729934,801732082,349691979981680,349691979262143,20.913588172,-27.197957
616,349692062859088,20.985947234,802238366,802240228,349692012056139,349692013157739,20.947483768,-49.701349
617,349692101906692,21.024994838,802746798,802748378,349692047999743,349692047053335,20.981379364,-54.853357
618,349692124483270,21.047571416,803255230,803258379,349692080002090,349692080948931,21.015274960,-43.534339
619,349692150746740,21.073834886,803763663,803766528,349692115997133,349692114844594,21.049170623,-35.902146
620,349692201460450,21.124548596,804272095,804274648,349692148060926,349692148740190,21.083066219,-52.720260
621,349692238084422,21.161172568,804780527,804782792,349692184074755,349692182635786,21.116961815,-55.448636
622,349692258739381,21.181827527,805288959,805290863,349692216002423,349692216531382,21.150857411,-42.207999
623,349692281397657,21.204485803,805797391,805799023,349692251996501,349692250426978,21.184753007,-30.970679
624,349692297947922,21.221036068,806305823,806308996,349692284108866,349692284322574,21.218648603,-13.625348
625,349692363144179,21.286232325,806814255,806817104,349692320038981,349692318218170,21.252544199,-44.926009
626,349692385239631,21.308327777,807322688,807325245,349692352063086,349692352113833,21.286439862,-33.125798
627,349692403197400,21.326285546,807831120,807833369,349692384063358,349692386009429,21.320335458,-17.187971
628,349692426207000,21.349295146,808339552,808341464,349692420099974,349692419905025,21.354231054,-6.301975
629,349692499667698,21.422755844,808847984,808849567,349692452064922,349692453800621,21.388126650,-45.867077
630,349692519234300,21.442322446,809356416,809359596,349692488047594,349692487696217,21.422022246,-31.538083
631,349692535837259,21.458925405,809864848,809867683,349692520048344,349692521591813,21.455917842,-14.245446
632,349692559301947,21.482390093,810373280,810375812,349692555994796,349692555487410,21.489813439,-3.814537
633,349692593544949,21.516633095,810881712,810883941,349692588049578,349692589383006,21.523709035,-4.161943
634,349692642359912,21.565448058,811390145,811392058,349692624025506,349692623278668,21.557604697,-19.081244
635,349692663327923,21.586416069,811898577,811900197,349692656051398,349692657174264,21.591500293,-6.153659
636,349692684715358,21.607803504,812407009,812410202,349692692136936,349692691069860,21.625395889,6.354502
637,349692720258685,21.643346831,812915441,812918331,349692724052778,349692724965456,21.659291485,4.706771
638,349692739088449,21.662176595,813423873,813426467,349692759988201,349692758861053,21.693187082,19.772604
639,349692786657412,21.709745558,813932305,813934596,349692792135012,349692792756649,21.727082678,6.099237
640,349692805079921,21.728168067,814440737,814442728,349692828034718,349692826652245,21.760978274,21.572324
641,349692841807403,21.764895549,814949169,814950853,349692860068372,349692860547841,21.794873870,18.740438
642,349692860978748,21.784066894,815457602,815460884,349692895994786,349692894443504,21.828769533,33.464756
643,349692887588906,21.810677052,815966034,815968996,349692928026645,349692928339100,21.862665129,40.750194
644,349692936649300,21.859737446,816474466,816477104,349692963990373,349692962234696,21.896560725,25.585396
645,349692972765152,21.895853298,816982898,816985200,349692996016841,349692996130292,21.930456321,23.365140
646,349692991714362,21.914802508,817491330,817493315,349693028088575,349693030025888,21.964351917,38.311526
647,349693018144903,21.941233049,817999762,818001434,349693064055829,349693063921484,21.998247513,45.776581
648,349693081941366,22.005029512,818508194,818511421,349693096024045,349693097817080,22.032143109,15.875714
649,349693123310718,22.046398864,819016627,819019582,349693132024325,349693131712743,22.066038772,8.402025
650,349693141641676,22.064729822,819525059,819527694,349693164044850,349693165608339,22.099934368,23.966663
651,349693163799820,22.086887966,820033491,820035838,349693200009765,349693199503935,22.133829964,35.704115
652,349693215186129,22.138274275,820541923,820543963,349693232026620,349693233399531,22.167725560,18.213402
653,349693250008526,22.173096672,821050355,821052078,349693268046508,349693267295127,22.201621156,17.286601
654,349693275310248,22.198398394,821558787,821562065,349693300065113,349693301190723,22.235516752,25.880475
655,349693302824694,22.225912840,822067219,822070187,349693336046546,349693335086319,22.269412348,32.261625
656,349693347714173,22.270802319,822575651,822578307,349693368006950,349693368981915,22.303307944,21.267742
657,349693383889466,22.306977612,823084084,823086402,349693403995168,349693402877578,22.337203607,18.988112
658,349693407093978,22.330182124,823592516,823594534,349693436084782,349693436773174,22.371099203,29.679196
659,349693442178184,22.365266330,824100948,824102677,349693472042626,349693470668770,22.404994799,28.490586
660,349693495529076,22.418617222,824609380,824612683,349693504044604,349693504564366,22.438890395,9.035290
661,349693529443538,22.452531684,825117812,825120801,349693540009249,349693538459962,22.472785991,9.016424
662,349693550666651,22.473754797,825626244,825628934,349693572017513,349693572355558,22.506681587,21.688907
663,349693576118777,22.499206923,826134676,826137056,349693608012298,349693606251154,22.540577183,30.132377
664,349693636202773,22.559290919,826643108,826645205,349693640010911,349693640146750,22.574472779,3.943977
665,349693682856434,22.605944580,827151541,827153351,349693672084756,349693674042413,22.608368442,-8.814021
666,349693706750742,22.629838888,827659973,827661495,349693708128008,349693707938009,22.642264038,1.187267
667,349693732845413,22.655933559,828168405,828171479,349693740066311,349693741833605,22.676159634,8.988192
668,349693790364169,22.713452315,828676837,828679616,349693776011313,349693775729201,22.710055230,-14.634968
669,349693824284287,22.747372433,829185269,829187752,349693808063295,349693809624797,22.743950826,-14.659490
670,349693844261629,22.767349775,829693701,829695829,349693844053093,349693843520393,22.777846422,-0.741236
671,349693870227036,22.793315182,830202133,830203972,349693876078484,349693877415989,22.811742018,7.188953
672,349693890455328,22.813543474,830710566,830712067,349693912072036,349693911311652,22.845637681,20.856324
673,349693957690165,22.880778311,831218998,831222095,349693944029136,349693945207248,22.879533277,-12.482917
674,349693981754539,22.904842685,831727430,831730198,349693980093836,349693979102844,22.913428873,-2.651695
675,349693999429555,22.922517701,832235862,832238311,349694012053037,349694012998440,22.947324469,13.568885
676,349694023948620,22.947036766,832744294,832746441,349694048010338,349694046894036,22.981220065,22.945416
677,349694099650784,23.022738930,833252726,833254546,349694080162015,349694080789632,23.015115661,-18.861152
678,349694118257265,23.041345411,833761158,833762682,349694115996978,349694114685228,23.049011257,-3.572037
679,349694134197220,23.057285366,834269590,834272681,349694148031394,349694148580825,23.082906854,14.383605
680,349694154506415,23.077594561,834778023,834780792,349694183990314,349694182476487,23.116802516,27.970072
681,349694186614071,23.109702217,835286455,835288948,349694216029568,349694216372083,23.150698112,29.758012
682,349694240679721,23.163767867,835794887,835797074,349694252017399,349694250267679,23.184593708,9.587958
683,349694263322933,23.186411079,836303319,836305217,349694284024409,349694284163276,23.218489305,20.840343
684,349694282786831,23.205874977,836811751,836813336,349694316053574,349694318058872,23.252384901,35.272041
685,349694322489186,23.245577332,837320183,837323311,349694352123988,349694351954468,23.286280497,29.465282
686,349694384361643,23.307449789,837828615,837831399,349694384036784,349694385850064,23.320176093,1.488421
687,349694400334164,23.323422310,838337048,838339538,349694420014238,349694419745726,23.354071755,19.411562
688,349694418722671,23.341810817,838845480,838847640,349694452026343,349694453641322,23.387967351,34.918651
689,349694460348473,23.383436619,839353912,839355811,349694488015549,349694487536919,23.421862948,27.188446
690,349694483669410,23.406757556,839862344,839863937,349694520042891,349694521432515,23.455758544,37.763105
691,349694531341568,23.454429714,840370776,840373930,349694556066944,349694555328111,23.489654140,23.986543
692,349694550826032,23.473914178,840879208,840882064,349694588037754,349694589223707,23.523549736,38.397675
693,349694593728971,23.516817117,841387640,841390182,349694624016169,349694623119303,23.557445332,29.390332
694,349694617674062,23.540762208,841896072,841898323,349694656085282,349694657014899,23.591340928,39.340837
695,349694677061908,23.600150054,842404505,842406426,349694692029688,349694690910562,23.625236591,13.848654
696,349694695917885,23.619006031,842912937,842914560,349694724031946,349694724806158,23.659132187,28.888273
697,349694734454448,23.657542594,843421369,843424537,349694760047162,349694758701754,23.693027783,24.247306
698,349694760783428,23.683871574,843929801,843932651,349694792054029,349694792597350,23.726923379,31.813922
699,349694820707761,23.743795907,844438233,844440771,349694828098123,349694826492946,23.760818975,5.785185
700,349694841207999,23.764296145,844946665,844948874,349694860050920,349694860388542,23.794714571,19.180543
701,349694870431331,23.793519477,845455097,845457005,349694895989628,349694894284138,23.828610167,23.852807
702,349694892446545,23.815534691,845963529,845965143,349694928070274,349694928179734,23.862505763,35.733189
703,349694912417332,23.835505478,846471962,846475144,349694964002433,349694962075397,23.896401426,49.658065
704,349694974809599,23.897897745,846980394,846983235,349694996052473,349694995970993,23.930297022,21.161394
705,349695013101707,23.936189853,847488826,847491379,349695028025474,349695029866589,23.964192618,16.764882
706,349695036576257,23.959664403,847997258,847999467,349695064006593,349695063762185,23.998088214,27.185928
707,349695058154912,23.981243058,848505690,848507601,349695096115509,349695097657781,24.031983810,39.502869
708,349695120990520,24.044078666,849014122,849015727,349695132013921,349695131553377,24.065879406,10.562857
709,349695149379545,24.072467691,849522554,849525725,349695164094174,349695165448973,24.099775002,16.069428
710,349695176904427,24.099992573,850030987,850033891,349695200024995,349695199344636,24.133670665,22.440209
711,349695194599205,24.117687351,850539419,850542000,349695232049802,349695233240232,24.167566261,38.641027
712,349695216208229,24.139296375,851047851,851050133,349695268058681,349695267135828,24.201461857,50.927599
713,349695286482046,24.209570192,851556283,851558255,349695300059683,349695301031424,24.235357453,14.549378
714,349695311533636,24.234621782,852064715,852066357,349695336060034,349695334927020,24.269253049,23.393384
715,349695337734237,24.260822383,852573147,852576336,349695368053297,349695368822616,24.303148645,31.088379
716,349695363812489,24.286900635,853081579,853084495,349695403998706,349695402718212,24.337044241,38.905723
717,349695432674382,24.355762528,853590011,853592618,349695436062045,349695436613808,24.370939837,3.939426
718,349695457144399,24.380232545,854098444,854100760,349695472065107,349695470509471,24.404835500,13.365072
719,349695481617667,24.404705813,854606876,854608852,349695504038342,349695504405067,24.438731096,22.787400
720,349695508318940,24.431407086,855115308,855116955,349695540007541,349695538300663,24.472626692,29.981723
721,349695568361055,24.491449201,855623740,855626941,349695572017908,349695572196259,24.506522288,3.835204
722,349695598520657,24.521608803,856132172,856135121,349695607995067,349695606091855,24.540417884,7.571198
723,349695621963814,24.545051960,856640604,856643244,349695640019099,349695639987451,24.574313480,18.023637
724,349695648556219,24.571644365,857149036,857151371,349695672044295,349695673883048,24.608209077,25.326829
725,349695726687550,24.649775696,857657468,857659503,349695708085829,349695707778644,24.642104673,-18.908906
726,349695747010395,24.670098541,858165901,858167583,349695740090553,349695741674306,24.676000335,-5.336089
727,349695764504846,24.687592992,858674333,858677577,349695776053020,349695775569902,24.709895931,11.065056
728,349695787744733,24.710832879,859182765,859185717,349695808052412,349695809465498,24.743791527,21.720765
729,349695818659071,24.741747217,859691197,859693861,349695844060424,349695843361094,24.777687123,24.702023
730,349695869189372,24.792277518,860199629,860201999,349695876100767,349695877256691,24.811582720,8.067319
731,349695893639840,24.816727986,860708061,860710133,349695912131750,349695911152287,24.845478316,17.512447
732,349695916336820,24.839424966,861216493,861218221,349695944017189,349695945047883,24.879373912,28.711063
733,349695957761796,24.880849942,861724926,861728204,349695980030749,349695978943545,24.913269574,21.181749
734,349696001119651,24.924207797,862233358,862236327,349696012063039,349696012839142,24.947165171,11.719491
735,349696022665721,24.945753867,862741790,862744460,349696048003748,349696046734738,24.981060767,24.069017
736,349696038020003,24.961108149,863250222,863252558,349696080024090,349696080630334,25.014956363,42.610331
737,349696083363676,25.006451822,863758654,863760658,349696116043829,349696114525930,25.048851959,31.162254
738,349696130392004,25.053480150,864267086,864268786,349696148063403,349696148421526,25.082747555,18.029522
739,349696153246022,25.076334168,864775518,864778802,349696184047189,349696182317122,25.116643151,29.071100
740,349696173198781,25.096286927,865283950,865286893,349696216077006,349696216212718,25.150538747,43.013937
741,349696210077588,25.133165734,865792383,865795023,349696252041292,349696250108381,25.184434410,40.030793
742,349696253819613,25.176907759,866300815,866303152,349696284047486,349696284003977,25.218330006,30.184364
743,349696272400431,25.195488577,866809247,866811265,349696316059595,349696317899573,25.252225602,45.499142
744,349696293590562,25.216678708,867317679,867319392,349696352139641,349696351795169,25.286121198,58.204607
745,349696331224556,25.254312702,867826111,867829358,349696384088367,349696385690765,25.320016794,54.466209
746,349696358729781,25.281817927,868334543,868337496,349696420115198,349696419586361,25.353912390,60.856580
747,349696404136491,25.327224637,868842975,868845587,349696452054645,349696453481957,25.387807986,49.345466
748,349696427925672,25.351013818,869351408,869353719,349696488106650,349696487377620,25.421703649,59.451948
749,349696460996503,25.384084649,869859840,869861833,349696520091995,349696521273216,25.455599245,60.276713
750,349696500979785,25.424067931,870368272,870369978,349696556063228,349696555168812,25.489494841,54.189027
751,349696553225499,25.476313645,870876704,870879962,349696588071229,349696589064408,25.523390437,35.838909
752,349696570397505,25.493485651,871385136,871388072,349696624111920,349696622960004,25.557286033,52.562499
753,349696605620932,25.528709078,871893568,871896196,349696656087033,349696656855600,25.591181629,51.234668
754,349696636252941,25.559341087,872402000,872404321,349696692121174,349696690751196,25.625077225,54.498255
755,349696688413484,25.611501630,872910432,872912437,349696724041662,349696724646792,25.658972821,36.233308
756,349696709334214,25.632422360,873418865,873420566,349696760069128,349696758542455,25.692868484,49.208241
757,349696748149188,25.671237334,873927297,873930587,349696792042711,349696792438051,25.726764080,44.288863
758,349696780098604,25.703186750,874435729,874438700,349696828121809,349696826333647,25.760659676,46.235043
759,349696828391452,25.751479598,874944161,874946805,349696860024783,349696860229243,25.794555272,31.837791
760,349696846293123,25.769381269,875452593,875454965,349696895994909,349696894124839,25.828450868,47.831716
761,349696875564537,25.798652683,875961025,875963123,349696928051967,349696928020435,25.862346464,52.455898
762,349696919837748,25.842925894,876469457,876471276,349696960090091,349696961916031,25.896242060,42.078283
763,349696980203123,25.903291269,876977889,876979381,349696996074238,349696995811627,25.930137656,15.608504
764,349697003128698,25.926216844,877486322,877489365,349697028085961,349697029707290,25.964033319,26.578592
765,349697023177669,25.946265815,877994754,877997493,349697064046024,349697063602886,25.997928915,40.425217
766,349697045019966,25.968108112,878503186,878505595,349697096056189,349697097498482,26.031824511,52.478516
767,349697072252436,25.995340582,879011618,879013730,349697132039550,349697131394078,26.065720107,59.141642
768,349697127074762,26.050162908,879520050,879521839,349697164071498,349697165289674,26.099615703,38.214912
769,349697144305635,26.067393781,880028482,880029959,349697200040605,349697199185270,26.133511299,54.879635
770,349697171950688,26.095038834,880536914,880539968,349697232072069,349697233080867,26.167406896,61.130179
771,349697208822542,26.131910688,881045347,881048094,349697268038598,349697266976529,26.201302558,58.153987
772,349697259364274,26.182452420,881553779,881556246,349697300062334,349697300872125,26.235198154,41.507851
773,349697278402598,26.201490744,882062211,882064394,349697336026882,349697334767721,26.269093750,56.365123
774,349697309248194,26.232336340,882570643,882572538,349697368181273,349697368663317,26.302989346,59.415123
775,349697347211456,26.270299602,883079075,883080624,349697404073518,349697402558914,26.336884943,55.347458
776,349697402186589,26.325274735,883587507,883590631,349697436071283,349697436454510,26.370780539,34.267921
777,349697424823522,26.347911668,884095939,884098746,349697472071850,349697470350106,26.404676135,45.526584
778,349697443880010,26.366968156,884604371,884606853,349697504080604,349697504245702,26.438571731,60.365692
779,349697481326039,26.404414185,885112804,885114991,349697540079100,349697538141364,26.472467393,56.815325
780,349697511366008,26.434454154,885621236,885623106,349697572098416,349697572036960,26.506362989,60.670952
781,349697577786025,26.500874171,886129668,886131226,349697604037749,349697605932557,26.540258586,28.146532
782,349697599777340,26.522865486,886638100,886641234,349697640095053,349697639828153,26.574154182,40.050813
783,349697646584379,26.569672525,887146532,887149367,349697672102480,349697673723749,26.608049778,27.139370
784,349697671265768,26.594353914,887654964,887657478,349697708081052,349697707619345,26.641945374,36.353577
785,349697729837170,26.652925316,888163396,888165597,349697740052686,349697741514941,26.675840970,11.677771
786,349697751925631,26.675013777,888671828,888673737,349697776060822,349697775410537,26.709736566,23.484906
787,349697788802971,26.711891117,889180261,889181871,349697808093842,349697809306200,26.743632229,20.503229
788,349697812328947,26.735417093,889688693,889691886,349697844092869,349697843201796,26.777527825,30.872849
789,349697864471627,26.787559773,890197125,890200034,349697876171607,349697877097392,26.811423421,12.625765
790,349697882831239,26.805919385,890705557,890708131,349697912027444,349697910992988,26.845319017,28.161749
791,349697918639592,26.841727738,891213989,891216273,349697944093216,349697944888584,26.879214613,26.248992
792,349697942844507,26.865932653,891722421,891724388,349697980043771,349697978784180,26.913110209,35.939673
793,349697960798761,26.883886907,892230853,892232500,349698012048039,349698012679776,26.947005805,51.881015
794,349698008585138,26.931673284,892739286,892742495,349698048018243,349698046575439,26.980901468,37.990301
795,349698043479457,26.966567603,893247718,893250608,349698080139083,349698080471035,27.014797064,36.991578
796,349698061860277,26.984948423,893756150,893758753,349698116074324,349698114366631,27.048692660,52.506354
797,349698088028402,27.011116548,894264582,894266870,349698148067953,349698148262227,27.082588256,60.233825
798,349698127956386,27.051044532,894773014,894775001,349698184143725,349698182157823,27.116483852,54.201437
799,349698214212813,27.137300959,895281446,895283146,349698216033388,349698216053419,27.150379448,1.840606
800,349698232417257,27.155505403,895789878,895793160,349698248044995,349698249949015,27.184275044,17.531758
801,349698252731361,27.175819507,896298310,896301282,349698284026065,349698283844611,27.218170640,31.113250
802,349698270230399,27.193318545,896806743,896809374,349698316109018,349698317740274,27.252066303,47.509875
803,349698301634476,27.224722622,897315175,897317517,349698352091702,349698351635870,27.285961899,50.001394
804,349698355108392,27.278196538,897823607,897825669,349698384103041,349698385531466,27.319857495,30.423074
805,349698374711693,27.297799839,898332039,898333831,349698420034610,349698419427062,27.353753091,44.715369
806,349698391056685,27.314144831,898840471,898841973,349698452081319,349698453322658,27.387648687,62.265973
807,349698427517828,27.350605974,899348903,899351964,349698488048387,349698487218254,27.421544283,59.700426
808,349698460778843,27.383866989,899857335,899860098,349698520046574,349698521113850,27.455439879,60.335007
809,349698514620268,27.437708414,900365768,900368242,349698556038520,349698555009513,27.489335542,40.389245
810,349698537975498,27.461063644,900874200,900876365,349698588076465,349698588905109,27.523231138,50.929611
811,349698572600247,27.495688393,901382632,901384476,349698624034301,349698622800705,27.557126734,50.200458
812,349698605343426,27.528431572,901891064,901892640,349698656094573,349698656696301,27.591022330,51.352875
813,349698648389777,27.571477923,902399496,902402607,349698692017944,349698690591897,27.624917926,42.202120
814,349698664913125,27.588001271,902907928,902910756,349698724110800,349698724487493,27.658813522,59.574368
815,349698699736360,27.622824506,903416360,903418866,349698760055774,349698758383090,27.692709119,58.646730
816,349698731639729,27.654727875,903924792,903927005,349698792054260,349698792278686,27.726604715,60.638957
817,349698777062088,27.700150234,904433225,904435138,349698828020630,349698826174348,27.760500377,49.112260
818,349698799724998,27.722813144,904941657,904943249,349698860054999,349698860069944,27.794395973,60.344946
819,349698839603653,27.762691799,905450089,905453250,349698892118264,349698893965540,27.828291569,54.361887
820,349698867981295,27.791069441,905958521,905961376,349698928099127,349698927861136,27.862187165,59.879841
821,349698913358060,27.836446206,906466953,906469485,349698960129377,349698961756732,27.896082761,48.398672
822,349698934115005,27.857203151,906975385,906977629,349698996076018,349698995652329,27.929978358,61.537324
823,349698966871874,27.889960020,907483817,907485738,349699028062184,349699029547925,27.963873954,62.676051
824,349699007451067,27.930539213,907992249,907993846,349699064057529,349699063443521,27.997769550,55.992454
825,349699058276147,27.981364293,908500682,908503865,349699096065830,349699097339183,28.031665212,39.063036
826,349699084534517,28.007622663,909009114,909011995,349699132035711,349699131234780,28.065560809,46.700263
827,349699132508355,28.055596501,909517546,909520115,349699164060215,349699165130376,28.099456405,32.622021
828,349699158607356,28.081695502,910025978,910028251,349699200048111,349699199025972,28.133352001,40.418616
829,349699203920388,28.127008534,910534410,910536345,349699232057240,349699232921568,28.167247597,29.001180
830,349699223783354,28.146871500,911042842,911044475,349699268025635,349699266817164,28.201143193,43.033810
831,349699260712798,28.183800944,911551274,911554468,349699300080769,349699300712760,28.235038789,39.999962
832,349699295714118,28.218802264,912059707,912062604,349699336131336,349699334608423,28.268934452,38.894305
833,349699341226740,28.264314886,912568139,912570731,349699368066146,349699368504019,28.302830048,27.277279
834,349699361666829,28.284754975,913076571,913078857,349699404076091,349699402399615,28.336725644,40.732786
835,349699389542724,28.312630870,913585003,913586950,349699436061936,349699436295211,28.370621240,46.752487
836,349699412682664,28.335770810,914093435,914095064,349699472020618,349699470190807,28.404516836,57.508143
837,349699442675666,28.365763812,914601867,914605073,349699504172188,349699504086403,28.438412432,61.410737
838,349699499875781,28.422963927,915110299,915113199,349699536068824,349699537981999,28.472308028,38.106218
839,349699534008825,28.457096971,915618731,915621327,349699572131312,349699571877595,28.506203624,37.868770
840,349699557908163,28.480996309,916127164,916129479,349699604107647,349699605773258,28.540099287,47.865095
841,349699578756959,28.501845105,916635596,916637606,349699640031975,349699639668854,28.573994883,60.911895
842,349699642602347,28.565690493,917144028,917145763,349699672061592,349699673564450,28.607890479,30.962103
843,349699681554808,28.604642954,917652460,917655774,349699708075596,349699707460046,28.641786075,25.905238
844,349699703869102,28.626957248,918160892,918163892,349699740094470,349699741355642,28.675681671,37.486540
845,349699725869432,28.648957578,918669324,918672012,349699776091123,349699775251238,28.709577267,49.381806
846,349699779295284,28.702383430,919177756,919180139,349699808115013,349699809146834,28.743472863,29.851550
847,349699818340804,28.741428950,919686188,919688237,349699844085236,349699843042430,28.777368459,24.701626
848,349699837190932,28.760279078,920194621,920196336,349699876068915,349699876938093,28.811264122,39.747161
849,349699860743513,28.783831659,920703053,920706324,349699912040880,349699910833689,28.845159718,50.090176
850,349699912350939,28.835439085,921211485,921214432,349699944106646,349699944729285,28.879055314,32.378346
851,349699944586927,28.867675073,921719917,921722562,349699980080608,349699978624881,28.912950910,34.037954
852,349699965718145,28.888806291,922228349,922230669,349700012096228,349700012520477,28.946846506,46.802332
853,349699987693606,28.910781752,922736781,922738805,349700048053356,349700046416073,28.980742102,58.722467
854,349700018327204,28.941415350,923245213,923246912,349700080107391,349700080311669,29.014637698,61.984465
855,349700090957977,29.014046123,923753646,923756935,349700116130364,349700114207332,29.048533361,23.249355
856,349700117197514,29.040285660,924262078,924265052,349700148070804,349700148102928,29.082428957,30.905414
857,349700140585929,29.063674075,924770510,924773175,349700180086783,349700181998524,29.116324553,41.412595
858,349700165884005,29.088972151,925278942,925281292,349700216178674,349700215894120,29.150220149,50.010115
859,349700248480586,29.171568732,925787374,925789430,349700248168598,349700249789716,29.184115745,1.309130
860,349700265752414,29.188840560,926295806,926297564,349700284064566,349700283685312,29.218011341,17.932898
861,349700284075965,29.207164111,926804238,926807561,349700316064327,349700317580908,29.251906937,33.504943
862,349700307183354,29.230271500,927312670,927315660,349700352063757,349700351476505,29.285802534,44.293151
863,349700339680279,29.262768425,927821103,927823790,349700384123259,349700385372167,29.319698196,45.691888
864,349700387649102,29.310737248,928329535,928331923,349700420048696,349700419267763,29.353593792,31.618661
865,349700409423947,29.332512093,928837967,928840030,349700452048002,349700453163359,29.387489388,43.739412
866,349700430354558,29.353442704,929346399,929348175,349700488029048,349700487058955,29.421384984,56.704397
867,349700468096612,29.391184758,929854831,929858151,349700520162867,349700520954552,29.455280581,52.857940
868,349700524664394,29.447752540,930363263,930366289,349700556095406,349700554850148,29.489176177,30.185754
869,349700546929934,29.470018080,930871695,930874433,349700588042535,349700588745744,29.523071773,41.815810
870,349700566716170,29.489804316,931380128,931382553,349700624076490,349700622641406,29.556967435,55.925236
871,349700612569017,29.535657163,931888560,931890709,349700656065699,349700656537002,29.590863031,43.967985
872,349700673699062,29.596787208,932396992,932398815,349700692069786,349700690432598,29.624758627,16.733536
873,349700696503618,29.619591764,932905424,932906925,349700724069669,349700724328195,29.658654224,27.824577
874,349700718733120,29.641821266,933413856,933416906,349700760071111,349700758223791,29.692549820,39.490671
875,349700763526974,29.686615120,933922288,933925020,349700792056970,349700792119387,29.726445416,28.592413
876,349700822778499,29.745866645,934430720,934433135,349700824128860,349700826014983,29.760341012,3.236484
877,349700841828324,29.764916470,934939152,934941333,349700860053177,349700859910579,29.794236608,18.082255
878,349700867590608,29.790678754,935447585,935449470,349700892132817,349700893806242,29.828132271,26.215634
879,349700916387278,29.839475424,935956017,935957574,349700928051447,349700927701838,29.862027867,11.314560
880,349700970137890,29.893226036,936464449,936467578,349700960201392,349700961597434,29.895923463,-8.540456
881,349700994540016,29.917628162,936972881,936975750,349700996072598,349700995493030,29.929819059,0.953014
882,349701014359570,29.937447716,937481313,937483835,349701028058525,349701029388626,29.963714655,15.029056
883,349701050310457,29.973398603,937989745,937991963,349701064056747,349701063284222,29.997610251,12.973765
884,349701103077263,30.026165409,938498177,938500097,349701096040517,349701097179818,30.031505847,-5.897445
885,349701119765884,30.042854030,939006609,939008178,349701132072132,349701131075414,30.065401443,11.309530
886,349701139220476,30.062308622,939515042,939518171,349701164064942,349701164971077,30.099297106,25.750601
887,349701183622613,30.106710759,940023474,940026292,349701200074227,349701198866673,30.133192702,15.244060
888,349701254600890,30.177689036,940531906,940534409,349701232063841,349701232762269,30.167088298,-21.838621
889,349701277246120,30.200334266,941040338,941042533,349701268035409,349701266657865,30.200983894,-10.588255
890,349701299730113,30.222818259,941548770,941550643,349701300065160,349701300553461,30.234879490,0.823348
891,349701339456566,30.262544712,942057202,942058749,349701336123316,349701334449057,30.268775086,-5.007509
892,349701406419276,30.329507422,942565634,942568755,349701368094698,349701368344653,30.302670682,-38.074623
893,349701426611724,30.349699870,943074067,943076893,349701404176684,349701402240316,30.336566345,-24.371408
894,349701448401808,30.371489954,943582499,943585021,349701436081488,349701436135912,30.370461941,-12.265896
895,349701507508528,30.430596674,944090931,944093142,349701468114576,349701470031508,30.404357537,-37.477020
896,349701570390843,30.493478989,944599363,944601264,349701504091226,349701503927104,30.438253133,-66.463739
897,349701590660768,30.513748914,945107795,945109371,349701536112276,349701537822700,30.472148729,-52.838068
898,349701608435880,30.531524026,945616227,945619352,349701572044397,349701571718296,30.506044325,-36.717584
899,349701652307432,30.575395578,946124659,946127473,349701604121526,349701605613892,30.539939921,-46.693540
900,349701713564703,30.636652849,946633091,946635580,349701640056566,349701639509488,30.573835517,-74.055215
901,349701731591638,30.654679784,947141524,947143721,349701672126951,349701673405151,30.607731180,-58.186487
902,349701749139255,30.672227401,947649956,947651856,349701708077704,349701707300747,30.641626776,-41.838508
903,349701792467776,30.715555922,948158388,948159971,349701740078500,349701741196343,30.675522372,-51.271433
904,349701846063529,30.769151675,948666820,948669979,349701776039978,349701775091939,30.709417968,-70.971590
905,349701869876352,30.792964498,949175252,949178103,349701808046447,349701808987535,30.743313564,-60.888817
906,349701890541333,30.813629479,949683684,949686252,349701844081825,349701842883131,30.777209160,-47.658202
907,349701930222014,30.853310160,950192116,950194326,349701876106070,349701876778728,30.811104757,-53.443286
908,349701987497802,30.910585948,950700548,950702438,349701912030076,349701910674324,30.845000353,-76.823478
909,349702007869013,30.930957159,951208981,951210591,349701944117114,349701944569986,30.878896015,-63.299027
910,349702025199469,30.948287615,951717413,951720553,349701980045693,349701978465582,30.912791611,-46.733887
911,349702062285821,30.985373967,952225845,952228643,349702012054931,349702012361178,30.946687207,-49.924643
912,349702084963821,31.008051967,952734277,952736789,349702048023849,349702046256774,30.980582803,-38.707047
913,349702140989523,31.064077669,953242709,953244949,349702080159433,349702080152371,31.014478400,-60.837152
914,349702164427722,31.087515868,953751141,953753064,349702112150492,349702114047967,31.048373996,-50.379755
915,349702205830784,31.128918930,954259573,954261187,349702148148088,349702147943563,31.082269592,-57.887221
916,349702233886946,31.156975092,954768006,954771203,349702180095250,349702181839225,31.116165254,-52.047721
917,349702291571873,31.214660019,955276438,955279319,349702216106429,349702215734821,31.150060850,-75.837052
918,349702314470883,31.237559029,955784870,955787451,349702248055789,349702249630418,31.183956447,-64.840465
919,349702351653906,31.274742052,956293302,956295606,349702284108360,349702283526014,31.217852043,-68.127892
920,349702376166627,31.299254773,956801734,956803738,349702316115302,349702317421610,31.251747639,-58.745017
921,349702423423373,31.346511519,957310166,957311860,349702352088694,349702351317206,31.285643235,-72.106167
922,349702446563160,31.369651306,957818598,957821857,349702384076346,349702385212802,31.319538831,-61.350358
923,349702480711454,31.403799600,958327030,958329999,349702420143399,349702419108398,31.353434427,-61.603056
924,349702505834798,31.428922944,958835463,958838140,349702452052928,349702453004061,31.387330090,-52.830737
925,349702560721801,31.483809947,959343895,959346233,349702488035777,349702486899657,31.421225686,-73.822144
926,349702577382916,31.500471062,959852327,959854357,349702520044292,349702520795253,31.455121282,-56.587663
927,349702610979242,31.534067388,960360759,960362486,349702556085341,349702554690849,31.489016878,-56.288393
928,349702636612047,31.559700193,960869191,960872466,349702588088331,349702588586445,31.522912474,-48.025602
929,349702655059780,31.578147926,961377623,961380580,349702624062868,349702622482041,31.556808070,-32.577739
930,349702729011610,31.652099756,961886055,961888678,349702656048307,349702656377637,31.590703666,-72.633973
931,349702772637179,31.695725325,962394488,962396794,349702692058446,349702690273300,31.624599329,-82.363879
932,349702798785205,31.721873351,962902920,962904907,349702724055050,349702724168896,31.658494925,-74.616309
933,349702826757014,31.749845160,963411352,963413034,349702756112964,349702758064492,31.692390521,-68.692522
934,349702889013532,31.812101678,963919784,963923022,349702792083108,349702791960088,31.726286117,-97.053444
935,349702925299924,31.848388070,964428216,964431134,349702824205931,349702825855684,31.760181713,-99.444240
936,349702946292891,31.869381037,964936648,964939252,349702860098949,349702859751280,31.794077309,-86.541611
937,349702966707000,31.889795146,965445080,965447380,349702892086636,349702893646876,31.827972905,-73.060124
938,349703027004966,31.950093112,965953512,965955503,349702928104577,349702927542472,31.861868501,-99.462494
939,349703073998210,31.997086356,966461945,966463622,349702960113249,349702961438135,31.895764164,-112.560075
940,349703101355678,32.024443824,966970377,966973610,349702996152412,349702995333731,31.929659760,-106.021947
941,349703173730963,32.096819109,967478809,967481725,349703028109779,349703029229327,31.963555356,-144.501636
942,349703199915686,32.123003832,967987241,967989848,349703064043922,349703063124923,31.997450952,-136.790763
943,349703251813746,32.174901892,968495673,968497966,349703096053165,349703097020519,32.031346548,-154.793227
944,349703273742669,32.196830815,969004105,969006081,349703132045517,349703130916115,32.065242144,-142.826554
945,349703333586449,32.256674595,969512537,969514180,349703164167110,349703164811711,32.099137740,-168.774738
946,349703352143676,32.275231822,970020969,970024174,349703200071529,349703198707307,32.133033336,-153.436369
947,349703392437477,32.315525623,970529402,970532298,349703232090515,349703232602970,32.166928999,-159.834507
948,349703413249309,32.336337455,971037834,971040426,349703268039204,349703266498566,32.200824595,-146.750743
949,349703430906910,32.353995056,971546266,971548568,349703300060138,349703300394162,32.234720191,-130.512748
950,349703484843196,32.407931342,972054698,972056667,349703336086717,349703334289758,32.268615787,-150.553438
951,349703521673769,32.444761915,972563130,972564812,349703368048684,349703368185354,32.302511383,-153.488415
952,349703543495023,32.466583169,973071562,973074801,349703404057876,349703402080950,32.336406979,-141.414073
953,349703564660231,32.487748377,973579994,973582897,349703436047670,349703435976546,32.370302575,-128.683685
954,349703582032305,32.505120451,974088427,974091078,349703468087406,349703469872209,32.404198238,-112.160096
955,349703658579583,32.581667729,974596859,974599205,349703504048917,349703503767805,32.438093834,-154.811778
956,349703681316645,32.604404791,975105291,975107345,349703536096211,349703537663401,32.471989430,-143.653244
957,349703701442498,32.624530644,975613723,975615488,349703572081030,349703571558997,32.505885026,-129.883501
958,349703724885722,32.647973868,976122155,976123607,349703604075193,349703605454594,32.539780623,-119.431128
959,349703791582938,32.714671084,976630587,976633598,349703640048936,349703639350190,32.573676219,-152.232748
960,349703810882819,32.733970965,977139019,977141687,349703672110828,349703673245786,32.607571815,-137.637033
961,349703827974619,32.751062765,977647451,977649842,349703708075953,349703707141382,32.641467411,-120.833237
962,349703850889028,32.773977174,978155884,978157980,349703740098685,349703741037044,32.675363073,-109.851984
963,349703889092581,32.812180727,978664316,978666082,349703776039650,349703774932640,32.709258669,-114.159941
964,349703954364858,32.877453004,979172748,979174216,349703808091369,349703808828237,32.743154266,-145.536621
965,349703978072523,32.901160669,979681180,979684243,349703844077362,349703842723833,32.777049862,-135.348690
966,349703995715210,32.918803356,980189612,980192375,349703876062007,349703876619429,32.810945458,-119.095781
967,349704038137655,32.961225801,980698044,980700484,349703912066664,349703910515025,32.844841054,-127.622630
968,349704087982664,33.011070810,981206476,981208617,349703944163552,349703944410621,32.878736650,-143.572043
969,349704106656949,33.029745095,981714908,981716717,349703980031518,349703978306217,32.912632246,-128.350732
970,349704125620159,33.048708305,982223341,982224806,349704012115384,349704012201880,32.946527909,-113.418279
971,349704169447771,33.092535917,982731773,982734818,349704048026799,349704046097476,32.980423505,-123.350295
972,349704187038202,33.110126348,983240205,983242945,349704080055312,349704079993072,33.014319101,-107.045130
973,349704235767729,33.158855875,983748637,983751052,349704112063034,349704113888668,33.048214697,-121.879061
974,349704256969715,33.180057861,984257069,984259155,349704148042320,349704147784264,33.082110293,-109.185451
975,349704297659762,33.220747908,984765501,984767307,349704180126692,349704181679860,33.116005889,-115.979902
976,349704318062176,33.241150322,985273933,985275398,349704216102573,349704215575456,33.149901485,-102.486720
977,349704365238043,33.288326189,985782366,985785453,349704248108625,349704249471119,33.183797148,-115.766924
978,349704383853964,33.306942110,986290798,986293580,349704284064434,349704283366715,33.217692744,-100.487249
979,349704417338946,33.340427092,986799230,986801720,349704316097267,349704317262311,33.251588340,-100.076635
980,349704444878451,33.367966597,987307662,987309834,349704352069192,349704351157907,33.285483936,-93.720544
981,349704465063455,33.388151601,987816094,987817975,349704384174640,349704385053503,33.319379532,-80.009952
982,349704525474523,33.448562669,988324526,988326068,349704420082539,349704418949099,33.353275128,-106.525424
983,349704558522655,33.481610801,988832958,988836028,349704452062265,349704452844695,33.387170724,-105.677960
984,349704577083166,33.500171312,989341390,989344143,349704488098447,349704486740291,33.421066320,-90.342875
985,349704599248844,33.522336990,989849823,989852294,349704520099032,349704520635954,33.454961983,-78.612890
986,349704620335885,33.543424031,990358255,990360408,349704556045980,349704554531550,33.488857579,-65.804335
987,349704679784061,33.602872207,990866687,990868561,349704588058251,349704588427146,33.522753175,-91.356915
988,349704702307640,33.625395786,991375119,991376654,349704624111854,349704622322742,33.556648771,-79.984898
989,349704729273402,33.652361548,991883551,991886670,349704656191274,349704656218338,33.590544367,-73.055064
990,349704759148570,33.682236716,992391983,992394796,349704692037964,349704690113934,33.624439963,-69.034636
991,349704825490736,33.748578882,992900415,992902913,349704724086892,349704724009530,33.658335559,-101.481206
992,349704842770676,33.765858822,993408848,993411002,349704756103862,349704757905193,33.692231222,-84.865483
993,349704861905122,33.784993268,993917280,993919126,349704792100477,349704791800789,33.726126818,-70.104333
994,349704885275542,33.808363688,994425712,994427219,349704824156306,349704825696385,33.760022414,-59.579157
995,349704924335228,33.847423374,994934144,994937201,349704860126339,349704859591981,33.793918010,-64.743247
996,349704985557330,33.908645476,995442576,995445302,349704892093515,349704893487577,33.827813606,-92.069753
997,349705007543593,33.930631739,995951008,995953406,349704928140742,349704927383173,33.861709202,-80.160420
998,349705036660863,33.959749009,996459440,996461539,349704960196355,349704961278769,33.895604798,-75.382094
999,349705127431798,34.050519944,996967872,996969679,349704996075469,349704995174366,33.929500395,-132.257432
1000,349705147374176,34.070462322,997476305,997477802,349705028111021,349705029070028,33.963396057,-118.304148
1001,349705167704074,34.090792220,997984737,997987813,349705064067663,349705062965624,33.997291653,-104.738450
1002,349705185008227,34.108096373,998493169,998495927,349705096071402,349705096861220,34.031187249,-88.147007
1003,349705229910824,34.152998970,999001601,999004079,349705132118150,349705130756816,34.065082845,-99.154008
1004,349705294594974,34.217683120,999510033,999512219,349705164112162,349705164652412,34.098978441,-129.942562
1005,349705310680457,34.233768603,1000018465,1000020346,349705200076947,349705198548009,34.132874038,-112.132448
1006,349705328141705,34.251229851,1000526897,1000528465,349705232064975,349705232443605,34.166769634,-95.698100
1007,349705362342503,34.285430649,1001035329,1001038457,349705268068928,349705266339201,34.200665230,-96.003302
1008,349705383770201,34.306858347,1001543762,1001546589,349705300180293,349705300234863,34.234560892,-83.535338
1009,349705432220614,34.355308760,1002052194,1002054726,349705336135081,349705334130460,34.268456489,-98.090154
1010,349705455956608,34.379044754,1002560626,1002562850,349705368053173,349705368026056,34.302352085,-87.930552
1011,349705492061065,34.415149211,1003069058,1003070995,349705400077391,349705401921652,34.336247681,-90.139413
1012,349705568387740,34.491475886,1003577490,1003579128,349705436108014,349705435817248,34.370143277,-132.570492
1013,349705591259553,34.514347699,1004085922,1004089133,349705468117994,349705469712844,34.404038873,-121.546709
1014,349705617747400,34.540835546,1004594354,1004597201,349705504074468,349705503608440,34.437934469,-114.138960
1015,349705641452593,34.564540739,1005102787,1005105326,349705536064028,349705537504102,34.471830131,-103.948491
1016,349705665021111,34.588109257,1005611219,1005613460,349705572160240,349705571399699,34.505725728,-93.621412
1017,349705736850250,34.659938396,1006119651,1006121567,349705604101754,349705605295295,34.539621324,-131.554955
1018,349705756239039,34.679327185,1006628083,1006629694,349705640055750,349705639190891,34.573516920,-117.048148
1019,349705773743166,34.696831312,1007136515,1007139718,349705672073989,349705673086487,34.607412516,-100.656679
1020,349705806639285,34.729727431,1007644947,1007647840,349705708147521,349705706982083,34.641308112,-99.657202
1021,349705877928962,34.801017108,1008153379,1008155954,349705740114993,349705740877679,34.675203708,-137.051283
1022,349705902282256,34.825370402,1008661811,1008664072,349705776056897,349705774773275,34.709099304,-127.508981
1023,349705920861816,34.843949962,1009170244,1009172184,349705808098274,349705808668938,34.742994967,-112.192878
1024,349705943190098,34.866278244,1009678676,1009680350,349705844055004,349705842564534,34.776890563,-100.625564
1025,349705977687019,34.900775165,1010187108,1010190334,349705876179655,349705876460130,34.810786159,-101.226889
1026,349706044930387,34.968018533,1010695540,1010698419,349705912111780,349705910355726,34.844681755,-134.574661
1027,349706064992403,34.988080549,1011203972,1011206542,349705944116490,349705944251322,34.878577351,-120.741081
1028,349706085741342,35.008829488,1011712404,1011714641,349705980048201,349705978146918,34.912472947,-107.594424
1029,349706122252139,35.045340285,1012220836,1012222766,349706012101676,349706012042514,34.946368543,-110.209625
1030,349706181082932,35.104171078,1012729268,1012730907,349706044082815,349706045938110,34.980264139,-135.144822
1031,349706197268272,35.120356418,1013237701,1013240888,349706080148438,349706079833773,35.014159802,-117.434499
1032,349706216012396,35.139100542,1013746133,1013749018,349706112152414,349706113729369,35.048055398,-102.283027
1033,349706247360625,35.170448771,1014254565,1014257136,349706148117878,349706147624965,35.081950994,-99.735660
1034,349706267222617,35.190310763,1014762997,1014765262,349706180105979,349706181520561,35.115846590,-85.702056
1035,349706311895078,35.234983224,1015271429,1015273364,349706216110117,349706215416157,35.149742186,-96.478921
1036,349706338944524,35.262032670,1015779861,1015781489,349706248104269,349706249311753,35.183637782,-89.632771
1037,349706367892141,35.290980287,1016288293,1016291490,349706284085033,349706283207349,35.217533378,-84.684792
1038,349706394537846,35.317625992,1016796726,1016799577,349706316069642,349706317103012,35.251429041,-77.434834
1039,349706441819951,35.364908097,1017305158,1017307706,349706352052812,349706350998608,35.285324637,-90.821343
1040,349706458502631,35.381590777,1017813590,1017815793,349706384084411,349706384894204,35.319220233,-73.608427
1041,349706492928835,35.416016981,1018322022,1018323939,349706420092394,349706418789800,35.353115829,-74.139035
1042,349706515273345,35.438361491,1018830454,1018832066,349706452098845,349706452685396,35.387011425,-62.587949
1043,349706532748809,35.455836955,1019338886,1019342064,349706488084573,349706486580992,35.420907021,-46.167817
1044,349706579026306,35.502114452,1019847318,1019850215,349706520072272,349706520476588,35.454802617,-58.549718
1045,349706620296933,35.543385079,1020355750,1020358340,349706556067044,349706554372184,35.488698213,-65.924749
1046,349706643742137,35.566830283,1020864183,1020866468,349706588154525,349706588267847,35.522593876,-55.474290
1047,349706668208976,35.591297122,1021372615,1021374619,349706624065649,349706622163443,35.556489472,-46.045533
1048,349706716197419,35.639285565,1021881047,1021882732,349706656114210,349706656059039,35.590385068,-60.138380
1049,349706749676602,35.672764748,1022389479,1022392744,349706688131784,349706689954635,35.624280664,-59.721967
1050,349706770764036,35.693852182,1022897911,1022900863,349706724097678,349706723850232,35.658176261,-46.913804
1051,349706803971129,35.727059275,1023406343,1023408992,349706756102057,349706757745828,35.692071857,-46.225301
1052,349706851743139,35.774831285,1023914775,1023917101,349706792116749,349706791641424,35.725967453,-60.101715
1053,349706892797960,35.815886106,1024423208,1024425245,349706824108145,349706825537086,35.759863115,-67.260874
1054,349706914755843,35.837843989,1024931640,1024933346,349706860146314,349706859432682,35.793758711,-55.323161
1055,349706941647935,35.864736081,1025440072,1025443372,349706892199270,349706893328278,35.827654307,-48.319657
1056,349706995984276,35.919072422,1025948504,1025951525,349706928122591,349706927223875,35.861549904,-68.760401
1057,349707041472548,35.964560694,1026456936,1026459623,349706960115703,349706961119471,35.895445500,-80.353077
1058,349707060571128,35.983659274,1026965368,1026967776,349706996100252,349706995015067,35.929341096,-65.556061
1059,349707086488906,36.009577052,1027473800,1027475880,349707028110685,349707028910663,35.963236692,-57.578243
1060,349707134826366,36.057914512,1027982232,1027983986,349707064059638,349707062806259,35.997132288,-72.020107
1061,349707169704813,36.092792959,1028490665,1028493974,349707096085623,349707096701922,36.031027951,-73.002891
1062,349707192329446,36.115417592,1028999097,1029002084,349707132096671,349707130597518,36.064923547,-61.731928
1063,349707217689825,36.140777971,1029507529,1029510225,349707164072074,349707164493114,36.098819143,-53.196711
1064,349707266271883,36.189360029,1030015961,1030018341,349707200080411,349707198388710,36.132714739,-67.883173
1065,349707302867982,36.225956128,1030524393,1030526456,349707232101066,349707232284306,36.166610335,-70.583676
1066,349707321641469,36.244729615,1031032825,1031034584,349707268100236,349707266179902,36.200505931,-55.461567
1067,349707346183086,36.269271232,1031541257,1031542731,349707300092166,349707300075498,36.234401527,-46.107588
1068,349707399423967,36.322512113,1032049689,1032052714,349707332148703,349707333971094,36.268297123,-65.452873
1069,349707432458998,36.355547144,1032558122,1032560828,349707368134484,349707367866757,36.302192786,-64.592241
1070,349707454132830,36.377220976,1033066554,1033068957,349707400180741,349707401762353,36.336088382,-52.370477
1071,349707479136599,36.402224745,1033574986,1033577081,349707436059448,349707435657949,36.369983978,-43.478650
1072,349707534789424,36.457877570,1034083418,1034085192,349707468104294,349707469553545,36.403879574,-65.235879
1073,349707561842570,36.484930716,1034591850,1034593309,349707504068238,349707503449141,36.437775170,-58.393429
1074,349707580355397,36.503443543,1035100282,1035103333,349707536112683,349707537344737,36.471670766,-43.010660
1075,349707604446022,36.527534168,1035608714,1035611459,349707572106912,349707571240333,36.505566362,-33.205689
1076,349707621969195,36.545057341,1036117147,1036119602,349707604077701,349707605135996,36.539462025,-16.833199
1077,349707687536827,36.610624973,1036625579,1036627708,349707640057773,349707639031592,36.573357621,-48.505235
1078,349707708897788,36.631985934,1037134011,1037135843,349707672089492,349707672927188,36.607253217,-35.970600
1079,349707729059134,36.652147280,1037642443,1037643951,349707708096008,349707706822784,36.641148813,-22.236350
1080,349707750102782,36.673190928,1038150875,1038153936,349707740167282,349707740718380,36.675044409,-9.384402
1081,349707783562493,36.706650639,1038659307,1038662057,349707776062038,349707774613976,36.708940005,-8.948517
1082,349707857485074,36.780573220,1039167739,1039170197,349707808119420,349707808509572,36.742835601,-48.975502
1083,349707880930004,36.804018150,1039676171,1039678309,349707844089766,349707842405168,36.776731197,-38.524836
1084,349707907691985,36.830780131,1040184604,1040186457,349707876116210,349707876300831,36.810626860,-31.391154
1085,349707949752584,36.872840730,1040693036,1040694603,349707912128861,349707910196427,36.844522456,-39.556157
1086,349708006817596,36.929905742,1041201468,1041204602,349707944062671,349707944092023,36.878418052,-62.725573
1087,349708031133181,36.954221327,1041709900,1041712718,349707976171277,349707977987619,36.912313648,-53.145562
1088,349708054161035,36.977249181,1042218332,1042220855,349708012110263,349708011883215,36.946209244,-42.277820
1089,349708097957233,37.021045379,1042726764,1042729001,349708044152752,349708045778811,36.980104840,-52.178422
1090,349708156113938,37.079202084,1043235196,1043237159,349708080082183,349708079674407,37.014000436,-76.439531
1091,349708177449808,37.100537954,1043743628,1043745247,349708112103739,349708113570004,37.047896033,-63.879804
1092,349708193819985,37.116908131,1044252061,1044255246,349708148150296,349708147465666,37.081791695,-46.354319
1093,349708230719069,37.153807215,1044760493,1044763373,349708180162368,349708181361262,37.115687291,-49.357807
1094,349708249070904,37.172159050,1045268925,1045271489,349708216058533,349708215256858,37.149582887,-33.814046
1095,349708302581306,37.225669452,1045777357,1045779600,349708248099064,349708249152454,37.183478483,-53.428852
1096,349708331265155,37.254353301,1046285789,1046287730,349708284063736,349708283048050,37.217374079,-48.217105
1097,349708370526050,37.293614196,1046794221,1046795857,349708316092314,349708316943647,37.251269676,-53.582403
1098,349708389842164,37.312930310,1047302653,1047305870,349708352059929,349708350839243,37.285165272,-39.002921
1099,349708439983972,37.363072118,1047811086,1047813992,349708384082470,349708384734905,37.319060934,-55.249067
1100,349708464324730,37.387412876,1048319518,1048322095,349708420201960,349708418630501,37.352956530,-45.694229
1101,349708510203546,37.433291692,1048827950,1048830210,349708452100161,349708452526098,37.386852127,-57.677448
1102,349708535717426,37.458805572,1049336382,1049338315,349708488075881,349708486421694,37.420747723,-49.295732
1103,349708582823794,37.505911940,1049844814,1049846434,349708520109397,349708520317290,37.454643319,-62.506504
1104,349708599082041,37.522170187,1050353246,1050356429,349708556070250,349708554212886,37.488538915,-44.869155
1105,349708630688269,37.553776415,1050861678,1050864563,349708588072994,349708588108482,37.522434511,-42.579787
1106,349708652843111,37.575931257,1051370110,1051372678,349708620131841,349708622004078,37.556330107,-30.839033
1107,349708671484382,37.594572528,1051878543,1051880804,349708656170675,349708655899741,37.590225770,-15.584641
1108,349708718641350,37.641729496,1052386975,1052388928,349708688134716,349708689795337,37.624121366,-28.846013
1109,349708750379231,37.673467377,1052895407,1052897070,349708724081463,349708723690933,37.658016962,-26.688298
1110,349708772923910,37.696012056,1053403839,1053407050,349708756097367,349708757586529,37.691912558,-15.337381
1111,349708798102046,37.721190192,1053912271,1053915183,349708792076377,349708791482125,37.725808154,-6.619921
1112,349708861305506,37.784393652,1054420703,1054423283,349708824086324,349708825377721,37.759703750,-35.927785
1113,349708899312645,37.822400791,1054929135,1054931436,349708860091017,349708859273317,37.793599346,-40.039328
1114,349708921090235,37.844178381,1055437568,1055439531,349708892085229,349708893168980,37.827495009,-27.921255
1115,349708945862494,37.868950640,1055946000,1055947692,349708928073810,349708927064576,37.861390605,-18.797918
1116,349709000137482,37.923225628,1056454432,1056457697,349708960119583,349708960960172,37.895286201,-39.177310
1117,349709035970216,37.959058362,1056962864,1056965830,349708996067281,349708994855768,37.929181797,-41.114448
1118,349709053477927,37.976566073,1057471296,1057473939,349709028087905,349709028751364,37.963077393,-24.726563
1119,349709076662238,37.999750384,1057979728,1057982037,349709064072505,349709062646960,37.996972989,-14.015278
1120,349709096217343,38.019305489,1058488160,1058490154,349709096086996,349709096542556,38.030868585,0.325213
1121,349709175569929,38.098658075,1058996592,1058998327,349709132076880,349709130438152,38.064764181,-45.131777
1122,349709195285157,38.118373303,1059505025,1059508328,349709164074965,349709164333815,38.098659844,-30.951342
1123,349709218187410,38.141275556,1060013457,1060016429,349709200070838,349709198229411,38.132555440,-19.957999
1124,349709240665999,38.163754145,1060521889,1060524538,349709232087031,349709232125007,38.166451036,-8.540992
1125,349709309174956,38.232263102,1061030321,1061032675,349709264127524,349709266020603,38.200346632,-43.154353
1126,349709326674700,38.249762846,1061538753,1061540819,349709300170146,349709299916199,38.234242228,-26.758501
1127,349709347892883,38.270981029,1062047185,1062048947,349709332197274,349709333811795,38.268137824,-14.081088
1128,349709366178065,38.289266211,1062555617,1062558938,349709368104962,349709367707391,38.302033420,1.529326
1129,349709403806322,38.326894468,1063064049,1063067032,349709400119368,349709401602987,38.335929016,-2.203335
1130,349709462328228,38.385416374,1063572482,1063575161,349709436090261,349709435498650,38.369824679,-26.829578
1131,349709487908212,38.410996358,1064080914,1064083288,349709468127161,349709469394246,38.403720275,-18.513966
1132,349709509365232,38.432453378,1064589346,1064591400,349709504156872,349709503289842,38.437615871,-6.075390
1133,349709545304983,38.468393129,1065097778,1065099549,349709536104078,349709537185438,38.471511467,-8.119545
1134,349709589376096,38.512464242,1065606210,1065607674,349709572084047,349709571081034,38.505407063,-18.295062
1135,349709605600070,38.528688216,1066114642,1066117685,349709604110285,349709604976630,38.539302659,-0.623440
1136,349709621681169,38.544769315,1066623074,1066625810,349709640076615,349709638872226,38.573198255,17.191057
1137,349709659304336,38.582392482,1067131507,1067133900,349709672155931,349709672767889,38.607093918,13.463553
1138,349709687321093,38.610409239,1067639939,1067642031,349709708093761,349709706663485,38.640989514,19.342392
1139,349709743249476,38.666337622,1068148371,1068150172,349709740090608,349709740559081,38.674885110,-2.690395
1140,349709766363469,38.689451615,1068656803,1068658286,349709776073137,349709774454677,38.708780706,8.091208
1141,349709800392825,38.723480971,1069165235,1069168290,349709808127450,349709808350273,38.742676302,7.957448
1142,349709830882896,38.753971042,1069673667,1069676436,349709844135733,349709842245870,38.776571899,11.362974
1143,349709896857919,38.819946065,1070182099,1070184572,349709876119815,349709876141466,38.810467495,-20.716453
1144,349709913591611,38.836679757,1070690531,1070692697,349709908142596,349709910037062,38.844363091,-3.554549
1145,349709956454605,38.879542751,1071198964,1071200787,349709944081241,349709943932724,38.878258753,-12.521881
1146,349709981480498,38.904568644,1071707396,1071708914,349709976112302,349709977828320,38.912154349,-3.652178
1147,349710034035657,38.957123803,1072215828,1072218932,349710012136862,349710011723916,38.946049945,-22.311741
1148,349710056796691,38.979884837,1072724260,1072727044,349710044120815,349710045619513,38.979945542,-11.177178
1149,349710089658982,39.012747128,1073232692,1073235176,349710080087943,349710079515109,39.013841138,-10.143873
1150,349710111150065,39.034238211,1073741124,1073743272,349710112084754,349710113410705,39.047736734,2.260640
1151,349710129331038,39.052419184,1074249556,1074251421,349710148082291,349710147306301,39.081632330,17.975263
1152,349710185459367,39.108547513,1074757988,1074759556,349710180234173,349710181201897,39.115527926,-4.257470
1153,349710213099146,39.136187292,1075266421,1075269551,349710216093119,349710215097560,39.149423589,1.998414
1154,349710240983409,39.164071555,1075774853,1075777682,349710248123577,349710248993156,39.183319185,8.009747
1155,349710259399662,39.182487808,1076283285,1076285811,349710284100039,349710282888752,39.217214781,23.489090
1156,349710280835076,39.203923222,1076791717,1076793956,349710316122249,349710316784348,39.251110377,35.949272
1157,349710343946630,39.267034776,1077300149,1077302026,349710352103568,349710350679944,39.285005973,6.733314
1158,349710363195274,39.286283420,1077808581,1077810148,349710384105124,349710384575540,39.318901569,21.380266
1159,349710378077030,39.301165176,1078317013,1078320132,349710420071416,349710418471136,39.352797165,40.394106
1160,349710397800469,39.320888615,1078825446,1078828238,349710452121436,349710452366799,39.386692828,54.566330
1161,349710430443606,39.353531752,1079333878,1079336363,349710488076031,349710486262395,39.420588424,55.818789
1162,349710485160570,39.408248716,1079842310,1079844464,349710520112972,349710520157991,39.454484020,34.997421
1163,349710506384153,39.429472299,1080350742,1080352586,349710552117236,349710554053587,39.488379616,47.669434
1164,349710527528695,39.450616841,1080859174,1080860728,349710588084793,349710587949183,39.522275212,60.420488
1165,349710569289811,39.492377957,1081367606,1081370730,349710620098258,349710621844779,39.556170808,52.554968
1166,349710621935362,39.545023508,1081876038,1081878876,349710656123068,349710655740375,39.590066404,33.805013
1167,349710638251353,39.561339499,1082384470,1082386997,349710688107846,349710689635971,39.623962000,51.384618
1168,349710664048105,39.587136251,1082892903,1082895131,349710724096873,349710723531634,39.657857663,59.483529
1169,349710706982054,39.630070200,1083401335,1083403255,349710756096210,349710757427230,39.691753259,50.445176
1170,349710758646080,39.681734226,1083909767,1083911380,349710792091159,349710791322826,39.725648855,32.676746
1171,349710784429142,39.707517288,1084418199,1084421381,349710824098269,349710825218422,39.759544451,40.789280
1172,349710804185031,39.727273177,1084926631,1084929494,349710860076087,349710859114018,39.793440047,54.928987
1173,349710855190033,39.778278179,1085435063,1085437601,349710892119999,349710893009614,39.827335643,37.819581
1174,349710917901581,39.840989727,1085943495,1085945718,349710928103155,349710926905210,39.861231239,9.003629
1175,349710938743462,39.861831608,1086451928,1086453846,349710960091148,349710960800873,39.895126902,22.057411
1176,349710958084450,39.881172596,1086960360,1086961977,349710996082401,349710994696469,39.929022498,36.612019
1177,349710997382636,39.920470782,1087468792,1087471996,349711028133228,349711028592065,39.962918094,31.209429
1178,349711066097284,39.989185430,1087977224,1087980154,349711064088698,349711062487661,39.996813690,-3.609623
1179,349711093302437,40.016390583,1088485656,1088488269,349711096083296,349711096383257,40.030709286,3.080820
1180,349711116243099,40.039331245,1088994088,1088996406,349711132094864,349711130278853,40.064604882,14.035754
1181,349711211790230,40.134878376,1089502520,1089504554,349711164155563,349711164174449,40.098500478,-47.615781
1182,349711236672349,40.159760495,1090010952,1090012663,349711196108573,349711198070045,40.132396074,-38.602304
1183,349711259105220,40.182193366,1090519385,1090522680,349711232166397,349711231965708,40.166291737,-27.139512
1184,349711277447778,40.200535924,1091027817,1091030865,349711264130005,349711265861304,40.200187333,-11.586474
1185,349711346169827,40.269257973,1091536249,1091538951,349711300105663,349711299756900,40.234082929,-46.412927
1186,349711369101871,40.292190017,1092044681,1092047109,349711332095485,349711333652496,40.267978525,-35.449375
1187,349711392868873,40.315957019,1092553113,1092555244,349711368106514,349711367548092,40.301874121,-25.320781
1188,349711408900596,40.331988742,1093061545,1093063399,349711400119630,349711401443688,40.335769717,-7.456908
1189,349711436219708,40.359307854,1093569977,1093571552,349711436083876,349711435339285,40.369665314,-0.880423
1190,349711488835073,40.411923219,1094078409,1094081527,349711468104274,349711469234881,40.403560910,-19.600192
1191,349711509050439,40.432138585,1094586842,1094589669,349711504150539,349711503130543,40.437456572,-5.919896
1192,349711530081717,40.453169863,1095095274,1095097786,349711536206870,349711537026139,40.471352168,6.944422
1193,349711569188793,40.492276939,1095603706,1095605886,349711572072827,349711570921736,40.505247765,1.732943
1194,349711618893268,40.541981414,1096112138,1096113987,349711604123723,349711604817332,40.539143361,-14.075936
1195,349711635259746,40.558347892,1096620570,1096622130,349711640077931,349711638712928,40.573038957,3.453182
1196,349711654740540,40.577828686,1097129002,1097132125,349711672110546,349711672608524,40.606934553,17.867984
1197,349711693650804,40.616738950,1097637434,1097640248,349711708073803,349711706504120,40.640830149,12.853316
1198,349711710998715,40.634086861,1098145867,1098148378,349711740091401,349711740399782,40.674725811,29.401067
1199,349711759513424,40.682601570,1098654299,1098656477,349711776067574,349711774295379,40.708621408,14.781955
1200,349711778819057,40.701907203,1099162731,1099164583,349711808120139,349711808190975,40.742517004,29.371918
1201,349711809236745,40.732324891,1099671163,1099672723,349711840155937,349711842086571,40.776412600,32.849826
1202,349711830992635,40.754080781,1100179595,1100182721,349711876134648,349711875982167,40.810308196,44.989532
1203,349711850904958,40.773993104,1100688027,1100690838,349711908106617,349711909877763,40.844203792,58.972805
1204,349711912118274,40.835206420,1101196459,1101198929,349711944103234,349711943773359,40.878099388,31.655085
1205,349711958960615,40.882048761,1101704891,1101707100,349711976102300,349711977668955,40.911994984,18.708340
1206,349711982361504,40.905449650,1102213324,1102215183,349712012080404,349712011564618,40.945890647,29.203114
1207,349712004321358,40.927409504,1102721756,1102723310,349712044142598,349712045460214,40.979786243,41.138856
1208,349712062379641,40.985467787,1103230188,1103233283,349712080086775,349712079355810,41.013681839,16.976169
1209,349712097607047,41.020695193,1103738620,1103741426,349712112120872,349712113251406,41.047577435,15.644359
1210,349712119069282,41.042157428,1104247052,1104249552,349712148098685,349712147147002,41.081473031,28.077720
1211,349712140302513,41.063390659,1104755484,1104757692,349712180100281,349712181042598,41.115368627,40.740085
1212,349712160503107,41.083591253,1105263916,1105265769,349712216142272,349712214938194,41.149264223,54.435087
1213,349712224250953,41.147339099,1105772348,1105773900,349712248115904,349712248833790,41.183159819,24.582837
1214,349712246903556,41.169991702,1106280781,1106283917,349712284087276,349712282729453,41.217055482,35.825897
1215,349712263985140,41.187073286,1106789213,1106792059,349712316106486,349712316625049,41.250951078,52.639909
1216,349712292150251,41.215238397,1107297645,1107300182,349712352160204,349712350520645,41.284846674,58.370394
1217,349712362939001,41.286027147,1107806077,1107808315,349712384096314,349712384416241,41.318742270,21.477240
1218,349712381094643,41.304182789,1108314509,1108316420,349712420104034,349712418311837,41.352637866,37.217194
1219,349712400234009,41.323322155,1108822941,1108824539,349712452113282,349712452207433,41.386533462,51.973424
1220,349712427844530,41.350932676,1109331373,1109334473,349712488101213,349712486103029,41.420429058,58.258499
1221,349712462693866,41.385782012,1109839806,1109842631,349712520081723,349712519998692,41.454324721,57.304826
1222,349712515853091,41.438941237,1110348238,1110350779,349712552181792,349712553894288,41.488220317,38.041197
1223,349712536054738,41.459142884,1110856670,1110858872,349712588099214,349712587789884,41.522115913,51.735146
1224,349712558954610,41.482042756,1111365102,1111367000,349712620145962,349712621685480,41.556011509,62.730870
1225,349712610027705,41.533115851,1111873534,1111875114,349712656181203,349712655581076,41.589907105,45.553371
1226,349712669128699,41.592216845,1112381966,1112385116,349712688126066,349712689476672,41.623802701,20.347973
1227,349712691953465,41.615041611,1112890398,1112893235,349712724191362,349712723372268,41.657698297,31.418803
1228,349712714124692,41.637212838,1113398830,1113401358,349712756107838,349712757267864,41.691593893,43.143172
1229,349712760713638,41.683801784,1113907263,1113909476,349712792112212,349712791163527,41.725489556,30.449889
1230,349712811917958,41.735006104,1114415695,1114417600,349712824166728,349712825059123,41.759385152,13.141165
1231,349712833187190,41.756275336,1114924127,1114925707,349712860085902,349712858954719,41.793280748,25.767529
1232,349712853783333,41.776871479,1115432559,1115435728,349712892143581,349712892850315,41.827176344,39.066982
1233,349712904222456,41.827310602,1115940991,1115943847,349712928140240,349712926745911,41.861071940,22.523455
1234,349712956698800,41.879786946,1116449423,1116451975,349712960110316,349712960641508,41.894967537,3.942708
1235,349712974554931,41.897643077,1116957855,1116960106,349712996082041,349712994537104,41.928863133,19.982173
1236,349712991697649,41.914785795,1117466288,1117468228,349713028138125,349713028432766,41.962758795,36.735117
1237,349713029858902,41.952947048,1117974720,1117976351,349713064106365,349713062328362,41.996654391,32.469460
1238,349713050413400,41.973501546,1118483152,1118486328,349713096094041,349713096223958,42.030549987,45.810558
1239,349713099779354,42.022867500,1118991584,1118994431,349713132072172,349713130119554,42.064445583,30.340200
1240,349713120713703,42.043801849,1119500016,1119502508,349713164109869,349713164015151,42.098341180,43.301448
1241,349713151548887,42.074637033,1120008448,1120010629,349713196127922,349713197910747,42.132236776,46.361860
1242,349713179810514,42.102898660,1120516880,1120518745,349713232225063,349713231806343,42.166132372,51.995829
1243,349713229174111,42.152262257,1121025312,1121026873,349713264114615,349713265701939,42.200027968,36.527828
1244,349713249827800,42.172915946,1121533745,1121536841,349713300097476,349713299597602,42.233923631,49.769802
1245,349713280641991,42.203730137,1122042177,1122044976,349713332123616,349713333493198,42.267819227,52.851207
1246,349713307812402,42.230900548,1122550609,1122553127,349713368178504,349713367388794,42.301714823,59.576392
1247,349713338656797,42.261744943,1123059041,1123061244,349713400101240,349713401284390,42.335610419,62.627593
1248,349713389837490,42.312925636,1123567473,1123569355,349713436133748,349713435179986,42.369506015,45.342496
1249,349713423248822,42.346336968,1124075905,1124077465,349713468105165,349713469075582,42.403401611,45.826760
1250,349713446269837,42.369357983,1124584337,1124587461,349713504092088,349713502971178,42.437297207,56.701341
1251,349713478864860,42.401953006,1125092769,1125095557,349713536233823,349713536866774,42.471192803,58.001914
1252,349713537597506,42.460685652,1125601202,1125603684,349713572107503,349713570762437,42.505088466,33.164931
1253,349713570977469,42.494065615,1126109634,1126111817,349713604175492,349713604658033,42.538984062,33.680564
1254,349713589142663,42.512230809,1126618066,1126619966,349713640074487,349713638553629,42.572879658,49.410966
1255,349713611918354,42.535006500,1127126498,1127128095,349713672106586,349713672449225,42.606775254,60.530871
1256,349713650724130,42.573812276,1127634930,1127638067,349713708118287,349713706344821,42.640670850,55.620691
1257,349713735564409,42.658652555,1128143362,1128146195,349713740149046,349713740240417,42.674566446,4.676008
1258,349713761074077,42.684162223,1128651794,1128654304,349713776136745,349713774136013,42.708462042,13.061936
1259,349713780089768,42.703177914,1129160227,1129162417,349713808105105,349713808031676,42.742357705,27.941908
1260,349713806623779,42.729711925,1129668659,1129670541,349713840110491,349713841927272,42.776253301,35.303493
1261,349713872670596,42.795758742,1130177091,1130178654,349713876098762,349713875822868,42.810148897,3.152272
1262,349713910965641,42.834053787,1130685523,1130688669,349713908117070,349713909718464,42.844044493,-1.247177
1263,349713937184196,42.860272342,1131193955,1131196800,349713944123854,349713943614060,42.877940089,6.429864
1264,349713964318332,42.887406478,1131702387,1131704933,349713976136807,349713977509656,42.911835685,13.191324
1265,349714032249254,42.955337400,1132210819,1132213039,349714012132880,349714011405252,42.945731281,-20.844002
1266,349714055502963,42.978591109,1132719251,1132721119,349714044154376,349714045300848,42.979626877,-10.202115
1267,349714105871408,43.028959554,1133227684,1133229263,349714080083522,349714079196511,43.013522540,-26.674897
1268,349714129238886,43.052327032,1133736116,1133739258,349714112171112,349714113092107,43.047418136,-16.146779
1269,349714173965123,43.097053269,1134244548,1134247408,349714148088419,349714146987703,43.081313732,-26.977420
1270,349714192507545,43.115595691,1134752980,1134755532,349714180139436,349714180883299,43.115209328,-11.624246
1271,349714233643994,43.156732140,1135261412,1135263663,349714216086662,349714214778895,43.149104924,-18.865099
1272,349714258981196,43.182069342,1135769844,1135771774,349714248132744,349714248674491,43.183000520,-10.306705
1273,349714313620679,43.236708825,1136278276,1136279889,349714284176390,349714282570087,43.216896116,-31.050592
1274,349714337508491,43.260596637,1136786708,1136789907,349714316108785,349714316465683,43.250791712,-21.042808
1275,349714368727435,43.291815581,1137295141,1137298029,349714352086495,349714350361346,43.284687375,-18.366089
1276,349714393416746,43.316504892,1137803573,1137806120,349714384126959,349714384256942,43.318582971,-9.159804
1277,349714440300578,43.363388724,1138312005,1138314257,349714420158927,349714418152538,43.352478567,-22.148040
1278,349714457149767,43.380237913,1138820437,1138822386,349714452226779,349714452048134,43.386374163,-5.101633
1279,349714494352008,43.417440154,1139328869,1139330478,349714484148999,349714485943730,43.420269759,-8.408278
1280,349714517071452,43.440159598,1139837301,1139840492,349714520093022,349714519839326,43.454165355,2.767874
1281,349714536475218,43.459563364,1140345733,1140348596,349714552261963,349714553734923,43.488060952,17.259705
1282,349714584411070,43.507499216,1140854166,1140856709,349714588138287,349714587630585,43.521956614,3.219515
1283,349714619875756,43.542963902,1141362598,1141364812,349714620108220,349714621526181,43.555852210,1.650425
1284,349714642362711,43.565450857,1141871030,1141872947,349714656100582,349714655421777,43.589747806,13.059066
1285,349714663726427,43.586814573,1142379462,1142381066,349714688224224,349714689317374,43.623643403,25.590947
1286,349714683601329,43.606689475,1142887894,1142891052,349714724175611,349714723212970,43.657538999,39.611641
1287,349714752635652,43.675723798,1143396326,1143399185,349714756110303,349714757108566,43.691434595,4.472914
1288,349714773210453,43.696298599,1143904758,1143907277,349714792095633,349714791004162,43.725330191,17.793709
1289,349714801037987,43.724126133,1144413190,1144415397,349714824110409,349714824899758,43.759225787,23.861771
1290,349714819392066,43.742480212,1144921623,1144923521,349714860083841,349714858795420,43.793121449,39.403354
1291,349714888958716,43.812046862,1145430055,1145431635,349714892121771,349714892691017,43.827017046,3.732301
1292,349714907664068,43.830752214,1145938487,1145941669,349714928209802,349714926586613,43.860912642,18.922545
1293,349714928100629,43.851188775,1146446919,1146449793,349714960094604,349714960482209,43.894808238,32.381580
1294,349714945974004,43.869062150,1146955351,1146957916,349714996126909,349714994377805,43.928703834,48.403801
1295,349714985587706,43.908675852,1147463783,1147466054,349715028108435,349715028273401,43.962599430,42.685695
1296,349715042370821,43.965458967,1147972215,1147974160,349715064094611,349715062168997,43.996495026,19.798176
1297,349715062087439,43.985175585,1148480648,1148482272,349715096107739,349715096064660,44.030390689,33.977221
1298,349715081226789,44.004314935,1148989080,1148992291,349715128133671,349715129960256,44.064286285,48.733467
1299,349715120889422,44.043977568,1149497512,1149500392,349715164131007,349715163855852,44.098181881,42.966430
1300,349715140909664,44.063997810,1150005944,1150008518,349715196150239,349715197751448,44.132077477,56.841784
1301,349715200830190,44.123918336,1150514376,1150516642,349715232100174,349715231647044,44.165973073,30.816854
1302,349715217071960,44.140160106,1151022808,1151024741,349715264123022,349715265542640,44.199868669,48.470680
1303,349715247695467,44.170783613,1151531240,1151532812,349715300102146,349715299438236,44.233764265,51.742769
1304,349715273060990,44.196149136,1152039672,1152042808,349715332121418,349715333333832,44.267659861,60.272842
1305,349715310744476,44.233832622,1152548105,1152550963,349715368198795,349715367229495,44.301555524,56.485019
1306,349715363863267,44.286951413,1153056537,1153059120,349715400110040,349715401125091,44.335451120,37.261824
1307,349715403009042,44.326097188,1153564969,1153567216,349715436111347,349715435020687,44.369346716,32.011645
1308,349715430646775,44.353734921,1154073401,1154075360,349715468109039,349715468916283,44.403242312,38.269508
1309,349715455930659,44.379018805,1154581833,1154583466,349715504162234,349715502811879,44.437137908,46.881220
1310,349715519929979,44.443018125,1155090265,1155093481,349715536117580,349715536707475,44.471033504,16.777496
1311,349715551502525,44.474590671,1155598697,1155601628,349715572096722,349715570603071,44.504929100,19.100546
1312,349715574569598,44.497657744,1156107129,1156109761,349715604173677,349715604498667,44.538824696,29.929069
1313,349715599192844,44.522280990,1156615562,1156617929,349715640096677,349715638394330,44.572720359,39.201486
1314,349715619545282,44.542633428,1157123994,1157126066,349715672176114,349715672289926,44.606615955,52.744644
1315,349715688560108,44.611648254,1157632426,1157634214,349715708079144,349715706185522,44.640511551,17.625414
1316,349715710474485,44.633562631,1158140858,1158142340,349715740110107,349715740081118,44.674407147,29.606633
1317,349715733676866,44.656765012,1158649290,1158652345,349715772157512,349715773976714,44.708302743,40.299848
1318,349715757517343,44.680605489,1159157722,1159160455,349715808129795,349715807872310,44.742198339,50.354967
1319,349715831206459,44.754294605,1159666154,1159668605,349715840164972,349715841767906,44.776093935,10.561447
1320,349715851644630,44.774732776,1160174587,1160176751,349715876112035,349715875663569,44.809989598,24.018939
1321,349715872624993,44.795713139,1160683019,1160684868,349715908122263,349715909559165,44.843885194,36.934172
1322,349715902360016,44.825448162,1161191451,1161193014,349715944110260,349715943454761,44.877780790,41.094745
1323,349715978311194,44.901399340,1161699883,1161703001,349715976161403,349715977350357,44.911676386,-0.960837
1324,349716003300888,44.926389034,1162208315,1162211127,349716012164072,349716011245953,44.945571982,7.945065
1325,349716033993035,44.957081181,1162716747,1162719251,349716044174302,349716045141549,44.979467578,11.148514
1326,349716059825997,44.982914143,1163225179,1163227377,349716080097317,349716079037146,45.013363175,19.211149
1327,349716125721650,45.048809796,1163733611,1163735499,349716112203822,349716112932742,45.047258771,-12.788908
1328,349716146206942,45.069295088,1164242044,1164243629,349716148188147,349716146828404,45.081154433,0.621462
1329,349716163176589,45.086264735,1164750476,1164753632,349716180177647,349716180724000,45.115050029,17.547411
1330,349716183456146,45.106544292,1165258908,1165261755,349716216096687,349716214619596,45.148945625,31.163450
1331,349716218426484,45.141514630,1165767340,1165769890,349716248114526,349716248515192,45.182841221,30.088708
1332,349716277453619,45.200541765,1166275772,1166278033,349716284102144,349716282410789,45.216736818,4.957170
1333,349716298377496,45.221465642,1166784204,1166786144,349716316116203,349716316306385,45.250632414,17.928889
1334,349716317888088,45.240976234,1167292636,1167294256,349716352149703,349716350201981,45.284528010,32.313893
1335,349716352677122,45.275765268,1167801068,1167804237,349716384121123,349716384097577,45.318423606,31.420455
1336,349716373161021,45.296249167,1168309501,1168312350,349716416134182,349716417993240,45.352319269,44.832219
1337,349716426481400,45.349569546,1168817933,1168820499,349716452141898,349716451888836,45.386214865,25.407436
1338,349716443776361,45.366864507,1169326365,1169328635,349716484125386,349716485784432,45.420110461,42.008071
1339,349716483234745,45.406322891,1169834797,1169836734,349716520129040,349716519680028,45.454006057,36.445283
1340,349716502369150,45.425457296,1170343229,1170344840,349716552154505,349716553575624,45.487901653,51.206474
1341,349716529154682,45.452242828,1170851661,1170854876,349716588099403,349716587471220,45.521797249,58.316538
1342,349716575722558,45.498810704,1171360093,1171362964,349716620185005,349716621366816,45.555692845,45.644258
1343,349716604212744,45.527300890,1171868526,1171871094,349716656121398,349716655262479,45.589588508,51.049735
1344,349716627263589,45.550351735,1172376958,1172379210,349716688132737,349716689158075,45.623484104,61.894486
1345,349716666975851,45.590063997,1172885390,1172887339,349716724133174,349716723053671,45.657379700,56.077820
1346,349716714365842,45.637453988,1173393822,1173395470,349716756278315,349716756949267,45.691275296,42.583425
1347,349716749133509,45.672221655,1173902254,1173905494,349716792101565,349716790844863,45.725170892,41.711354
1348,349716770034611,45.693122757,1174410686,1174413619,349716824176205,349716824740459,45.759066488,54.705848
1349,349716802181955,45.725270101,1174919118,1174921774,349716860148227,349716858636055,45.792962084,56.454100
1350,349716856893838,45.779981984,1175427550,1175429914,349716892195662,349716892531651,45.826857680,35.637813
1351,349716894176933,45.817265079,1175935983,1175938039,349716928157039,349716926427314,45.860753343,32.250381
1352,349716913377280,45.836465426,1176444415,1176446145,349716960164038,349716960322910,45.894648939,46.945630
1353,349716940111490,45.863199636,1176952847,1176956164,349716996103958,349716994218506,45.928544535,54.107016
1354,349716996563751,45.919651897,1177461279,1177464262,349717028133392,349717028114102,45.962440131,31.550351
1355,349717036602569,45.959690715,1177969711,1177972427,349717060185402,349717062009698,45.996335727,25.407129
1356,349717056157172,45.979245318,1178478143,1178480546,349717096140165,349717095905294,46.030231323,39.748122
1357,349717083394140,46.006482286,1178986575,1178988678,349717128153686,349717129800890,46.064126919,46.406750
1358,349717135073042,46.058161188,1179495008,1179496808,349717164108875,349717163696553,46.098022582,28.623511
1359,349717167862981,46.090951127,1180003440,1180004945,349717196126322,349717197592149,46.131918178,29.729168
1360,349717190191057,46.113279203,1180511872,1180514926,349717232174696,349717231487745,46.165813774,41.296688
1361,349717213361020,46.136449166,1181020304,1181023036,349717264119407,349717265383341,46.199709370,52.022321
1362,349717238916469,46.162004615,1181528736,1181531165,349717300140335,349717299278937,46.233604966,60.362468
1363,349717320927623,46.244015769,1182037168,1182039327,349717332152815,349717333174533,46.267500562,12.246910
1364,349717345175729,46.268263875,1182545600,1182547443,349717368101841,349717367070129,46.301396158,21.894400
1365,349717364605398,46.287693544,1183054032,1183055584,349717400128955,349717400965725,46.335291754,36.360327
1366,349717391679387,46.314767533,1183562465,1183565592,349717436129416,349717434861388,46.369187417,43.182001
1367,349717460150576,46.383238722,1184070897,1184073698,349717468155815,349717468756984,46.403083013,8.606408
1368,349717482350335,46.405438481,1184579329,1184581816,349717504251577,349717502652580,46.436978609,20.302245
1369,349717500061344,46.423149490,1185087761,1185089932,349717536121651,349717536548176,46.470874205,36.486832
1370,349717523744563,46.446832709,1185596193,1185598064,349717572157915,349717570443772,46.504769801,46.699209
1371,349717561115687,46.484203833,1186104625,1186106174,349717604168468,349717604339368,46.538665397,43.223681
1372,349717611953563,46.535041709,1186613057,1186616209,349717640110574,349717638234964,46.572560993,26.281401
1373,349717632199420,46.555287566,1187121489,1187124329,349717672162959,349717672130561,46.606456590,39.931141
1374,349717653017015,46.576105161,1187629922,1187632441,349717704143284,349717706026223,46.640352252,53.009208
1375,349717697165798,46.620253944,1188138354,1188140574,349717740183599,349717739921819,46.674247848,42.756021
1376,349717750968979,46.674057125,1188646786,1188648724,349717772132958,349717773817415,46.708143444,22.848436
1377,349717771233000,46.694321146,1189155218,1189156843,349717808113818,349717807713012,46.742039041,36.480012
1378,349717787765545,46.710853691,1189663650,1189666852,349717840176826,349717841608608,46.775934637,53.843063
1379,349717824175954,46.747264100,1190172082,1190174984,349717876130745,349717875504204,46.809830233,51.328250
1380,349717846343679,46.769431825,1190680514,1190683089,349717908204337,349717909399800,46.843725829,63.056121
1381,349717894595823,46.817683969,1191188947,1191191227,349717944124162,349717943295462,46.877621491,48.699639
1382,349717917750655,46.840838801,1191697379,1191699349,349717976123418,349717977191058,46.911517087,59.440403
1383,349717950486334,46.873574480,1192205811,1192207458,349718012166853,349718011086655,46.945412684,60.600321
1384,349717983703542,46.906791688,1192714243,1192717471,349718044124955,349718044982251,46.979308280,61.278709
1385,349718031734070,46.954822216,1193222675,1193225585,349718080115386,349718078877847,47.013203876,47.143777
1386,349718050046275,46.973134421,1193731107,1193733723,349718112132986,349718112773443,47.047099472,62.727168
1387,349718087579352,47.010667498,1194239539,1194241852,349718148118415,349718146669039,47.080995068,59.089687
1388,349718119832506,47.042920652,1194747971,1194749965,349718180158469,349718180564635,47.114890664,60.732129
1389,349718170743136,47.093831282,1195256404,1195258092,349718216109625,349718214460298,47.148786327,43.717162
1390,349718193677075,47.116765221,1195764836,1195768085,349718248128429,349718248355894,47.182681923,54.678819
1391,349718229010096,47.152098242,1196273268,1196276197,349718284164598,349718282251490,47.216577519,53.241394
1392,349718255834136,47.178922282,1196781700,1196784325,349718316150375,349718316147086,47.250473115,60.312950
1393,349718309835884,47.232924030,1197290132,1197292432,349718348148095,349718350042682,47.284368711,40.206798
1394,349718328438566,47.251526712,1197798564,1197800539,349718384133751,349718383938278,47.318264307,55.499712
1395,349718362307274,47.285395420,1198306996,1198308689,349718416138752,349718417833874,47.352159903,55.526600
1396,349718392598619,47.315686765,1198815428,1198818665,349718452132138,349718451729470,47.386055499,59.130851
1397,349718441660897,47.364749043,1199323861,1199326754,349718484136153,349718485625133,47.419951162,43.964236
1398,349718473160700,47.396248846,1199832293,1199834881,349718520113944,349718519520729,47.453846758,46.360029
1399,349718515880742,47.438968888,1200340725,1200343013,349718552129528,349718553416325,47.487742354,37.535583
1400,349718572357165,47.495445311,1200849157,1200851121,349718588110706,349718587311921,47.521637950,14.954756
1401,349718590228549,47.513316695,1201357589,1201359287,349718620128580,349718621207517,47.555533546,30.978968
1402,349718610115300,47.533203446,1201866021,1201869259,349718656186397,349718655103113,47.589429142,44.987813
1403,349718640515468,47.563603614,1202374453,1202377358,349718688134383,349718688998709,47.623324738,48.483241
1404,349718664396840,47.587484986,1202882886,1202885494,349718724126207,349718722894372,47.657220401,58.497532
1405,349718712075400,47.635163546,1203391318,1203393615,349718756129505,349718756789968,47.691115997,44.714568
1406,349718730264197,47.653352343,1203899750,1203901721,349718792159112,349718790685564,47.725011593,60.421367
1407,349718763699639,47.686787785,1204408182,1204409873,349718824133652,349718824581160,47.758907189,60.881521
1408,349718803901394,47.726989540,1204916614,1204919867,349718860179904,349718858476756,47.792802785,54.575362
1409,349718852700072,47.775788218,1205425046,1205427977,349718892130086,349718892372352,47.826698381,39.672280
1410,349718875080170,47.798168316,1205933478,1205936151,349718928152268,349718926267948,47.860593977,51.187778
1411,349718904111736,47.827199882,1206441910,1206444290,349718960169011,349718960163544,47.894489573,56.051808
1412,349718937312913,47.860401059,1206950343,1206952401,349718992176853,349718994059207,47.928385236,56.746294
1413,349718998447412,47.921535558,1207458775,1207460504,349719028142912,349719027954803,47.962280832,29.507391
1414,349719022055996,47.945144142,1207967207,1207970527,349719060150237,349719061850399,47.996176428,39.794403
1415,349719056463649,47.979551795,1208475639,1208478684,349719096125229,349719095745995,48.030072024,39.282346
1416,349719087425221,48.010513367,1208984071,1208986818,349719128142563,349719129641591,48.063967620,42.216370
