frame_index,receive_monotonic_ns,relative_s,uvc_pts,uvc_scr_stc,uvc_payload_host_monotonic_ns,uvc_source_mapped_monotonic_ns,uvc_source_relative_s,source_minus_receive_ms
0,422274828804151,0.000000000,851080227,851348353,422274834535527,422274815003126,0.000000000,-13.801025
1,422274857169267,0.028365116,851588659,851590211,422274850626925,422274848898584,0.033895458,-8.270683
2,422274890755591,0.061951440,852097091,852100184,422274882571250,422274882794043,0.067790917,-7.961548
3,422274924096923,0.095292772,852605523,852608305,422274918524750,422274916689501,0.101686375,-7.407422
4,422274957804911,0.129000760,853113955,853116435,422274950612001,422274950584960,0.135581834,-7.219951
5,422274992049366,0.163245215,853622387,853624564,422274982576850,422274984480419,0.169477293,-7.568947
6,422275028790408,0.199986257,854130819,854132717,422275018621570,422275018375877,0.203372751,-10.414531
7,422275057833421,0.229029270,854639251,854640877,422275050575757,422275052271336,0.237268210,-5.562085
8,422275092892017,0.264087866,855147684,855150894,422275086624613,422275086166861,0.271163735,-6.725156
9,422275128568683,0.299764532,855656116,855659029,422275118580501,422275120062320,0.305059194,-8.506363
10,422275163327016,0.334522865,856164548,856167168,422275154590865,422275153957778,0.338954652,-9.369238
11,422275193053656,0.364249505,856672980,856675310,422275186546870,422275187853237,0.372850111,-5.200419
12,422275264976361,0.436172210,857689844,857691554,422275254643779,422275255644154,0.440641028,-9.332207
13,422275313156606,0.484352455,858198276,858201595,422275290625455,422275289539613,0.474536487,-23.616993
14,422275344943370,0.516139219,858706709,858709684,422275322585137,422275323435138,0.508432012,-21.508232
15,422275377620775,0.548816624,859215141,859217834,422275358588010,422275357330596,0.542327470,-20.290179
16,422275406954719,0.578150568,859723573,859725962,422275390613748,422275391226055,0.576222929,-15.728664
17,422275459217357,0.630413206,860232005,860234085,422275426569882,422275425121514,0.610118388,-34.095843
18,422275490647812,0.661843661,860740437,860742207,422275458572935,422275459016972,0.644013846,-31.630840
19,422275512532455,0.683728304,861248869,861252179,422275494545397,422275492912431,0.677909305,-19.620024
20,422275533957388,0.705153237,861757301,861760306,422275526564723,422275526807889,0.711804763,-7.149499
21,422275585551128,0.756746977,862265733,862268436,422275562554179,422275560703348,0.745700222,-24.847780
22,422275606796139,0.777991988,862774166,862776523,422275594550126,422275594598873,0.779595747,-12.197266
23,422275630403721,0.801599570,863282598,863284661,422275626549269,422275628494332,0.813491206,-1.909389
24,422275657699112,0.828894961,863791030,863792780,422275662563668,422275662389790,0.847386664,4.690678
25,422275717342851,0.888538700,864299462,864302782,422275694602637,422275696285249,0.881282123,-21.057602
26,422275738944821,0.910140670,864807894,864810910,422275730554037,422275730180708,0.915177582,-8.764113
27,422275760957561,0.932153410,865316326,865319023,422275762576099,422275764076166,0.949073040,3.118605
28,422275793355277,0.964551126,865824758,865827190,422275798553490,422275797971625,0.982968499,4.616348
29,422275855863159,1.027059008,866333190,866335294,422275830577524,422275831867083,1.016863957,-23.996076
30,422275886160773,1.057356622,866841623,866843428,422275866586636,422275865762608,1.050759482,-20.398165
31,422275910621983,1.081817832,867350055,867351519,422275898569485,422275899658067,1.084654941,-10.963916
32,422275934329035,1.105524884,867858487,867861495,422275934591548,422275933553526,1.118550400,-0.775509
33,422275989751330,1.160947179,868366919,868369605,422275966599205,422275967448984,1.152445858,-22.302346
34,422276017949007,1.189144856,868875351,868877710,422276002581377,422276001344443,1.186341317,-16.604564
35,422276041888582,1.213084431,869383783,869385831,422276034575408,422276035239901,1.220236775,-6.648681
36,422276068488781,1.239684630,869892216,869893944,422276070588115,422276069135427,1.254132301,0.646646
37,422276128870245,1.300066094,870400648,870402101,422276102560381,422276103030885,1.288027759,-25.839360
38,422276156304779,1.327500628,870909080,870912141,422276138603129,422276136926344,1.321923218,-19.378435
39,422276184207181,1.355403030,871417512,871420223,422276170586487,422276170821802,1.355818676,-13.385379
40,422276212485068,1.383680917,871925944,871928322,422276206583772,422276204717261,1.389714135,-7.767807
41,422276258499789,1.429695638,872434376,872436471,422276238591624,422276238612720,1.423609594,-19.887069
42,422276284046294,1.455242143,872942808,872944602,422276270562994,422276272508178,1.457505052,-11.538116
43,422276311202275,1.482398124,873451240,873452731,422276306595868,422276306403637,1.491400511,-4.798638
44,422276334370650,1.505566499,873959672,873962729,422276338598207,422276340299095,1.525295969,5.928445
45,422276384517326,1.555713175,874468105,874470835,422276374570627,422276374194621,1.559191495,-10.322705
46,422276409948809,1.581144658,874976537,874978961,422276406671090,422276408090079,1.593086953,-1.858730
47,422276432940468,1.604136317,875484969,875487085,422276442596328,422276441985538,1.626982412,9.045070
48,422276457511743,1.628707592,875993401,875995164,422276474567395,422276475880996,1.660877870,18.369253
49,422276509227764,1.680423613,876501833,876503308,422276510606071,422276509776455,1.694773329,0.548691
50,422276534986511,1.706182360,877010265,877013320,422276542559968,422276543671914,1.728668788,8.685403
51,422276556568925,1.727764774,877518697,877521459,422276578577202,422276577567372,1.762564246,20.998447
52,422276587627638,1.758823487,878027130,878029512,422276610560571,422276611462897,1.796459771,23.835259
53,422276633914385,1.805110234,878535562,878537663,422276646580640,422276645358356,1.830355230,11.443971
54,422276657232562,1.828428411,879043994,879045825,422276678563441,422276679253815,1.864250689,22.021253
55,422276688217271,1.859413120,879552426,879553945,422276714540674,422276713149273,1.898146147,24.932002
56,422276723885697,1.895081546,880060858,880063948,422276746583024,422276747044732,1.932041606,23.159035
57,422276791736673,1.962932522,880569290,880572048,422276782595604,422276780940190,1.965937064,-10.796483
58,422276819353779,1.990549628,881077722,881080183,422276814568590,422276814835649,1.999832523,-4.518130
59,422276843911912,2.015107761,881586154,881588302,422276850568320,422276848731108,2.033727982,4.819196
60,422276873308067,2.044503916,882094587,882096454,422276882577250,422276882626633,2.067623507,9.318566
61,422276937817251,2.109013100,882603019,882604587,422276914574925,422276916522091,2.101518965,-21.295160
62,422276964384226,2.135580075,883111451,883114603,422276950585649,422276950417550,2.135414424,-13.966676
63,422276993720811,2.164916660,883619883,883622742,422276982585018,422276984313008,2.169309882,-9.407803
64,422277019235502,2.190431351,884128315,884130866,422277018549731,422277018208467,2.203205341,-1.027035
65,422277071136078,2.242331927,884636747,884638992,422277050581886,422277052103926,2.237100800,-19.032152
66,422277097487685,2.268683534,885145179,885147157,422277086561249,422277085999384,2.270996258,-11.488301
67,422277122426374,2.293622223,885653611,885655240,422277118546858,422277119894843,2.304891717,-2.531531
68,422277147661075,2.318856924,886162044,886165275,422277154584857,422277153790368,2.338787242,6.129293
69,422277201054930,2.372250779,886670476,886673394,422277186573431,422277187685827,2.372682701,-13.369103
70,422277223956872,2.395152721,887178908,887181481,422277222575738,422277221581285,2.406578159,-2.375587
71,422277245658925,2.416854774,887687340,887689610,422277254570596,422277255476744,2.440473618,9.817819
72,422277268892331,2.440088180,888195772,888197759,422277290551790,422277289372202,2.474369076,20.479871
73,422277326872443,2.498068292,888704204,888705875,422277322565077,422277323267661,2.508264535,-3.604782
74,422277351162229,2.522358078,889212636,889215851,422277358564254,422277357163120,2.542159994,6.000891
75,422277376061070,2.547256919,889721069,889724000,422277390565226,422277391058645,2.576055519,14.997575
76,422277405292224,2.576488073,890229501,890232110,422277426542657,422277424954104,2.609950978,19.661880
77,422277455761649,2.626957498,890737933,890740265,422277458586008,422277458849562,2.643846436,3.087913
78,422277480358834,2.651554683,891246365,891248395,422277494543068,422277492745021,2.677741895,12.386187
79,422277505455633,2.676651482,891754797,891756543,422277526622227,422277526640479,2.711637353,21.184846
80,422277534560903,2.705756752,892263229,892264709,422277558560695,422277560535938,2.745532812,25.975035
81,422277588780260,2.759976109,892771661,892774702,422277594604958,422277594431396,2.779428270,5.651136
82,422277616830541,2.788026390,893280093,893282835,422277626567744,422277628326855,2.813323729,11.496314
83,422277639927386,2.811123235,893788526,893790986,422277662603862,422277662222380,2.847219254,22.294994
84,422277674739215,2.845935064,894296958,894299054,422277694562725,422277696117839,2.881114713,21.378624
85,422277728640896,2.899836745,894805390,894807214,422277730574127,422277730013297,2.915010171,1.372401
86,422277749166946,2.920362795,895313822,895315326,422277762557460,422277763908756,2.948905630,14.741810
87,422277773700142,2.944895991,895822254,895825318,422277798589347,422277797804215,2.982801089,24.104073
88,422277805322684,2.976518533,896330686,896333446,422277830549687,422277831699673,3.016696547,26.376989
89,422277865792879,3.036988728,896839118,896841558,422277866639444,422277865595132,3.050592006,-0.197747
90,422277897880249,3.069076098,897347550,897349697,422277898587054,422277899490590,3.084487464,1.610341
91,422277921127413,3.092323262,897855983,897857833,422277934597924,422277933386116,3.118382990,12.258703
92,422277944700651,3.115896500,898364415,898365972,422277966587252,422277967281574,3.152278448,22.580923
93,422277994038639,3.165234488,898872847,898875970,422278002550839,422278001177033,3.186173907,7.138394
94,422278018690966,3.189886815,899381279,899384052,422278034588876,422278035072491,3.220069365,16.381525
95,422278043370216,3.214566065,899889711,899892194,422278070607102,422278068967950,3.253964824,25.597734
96,422278077979822,3.249175671,900398143,900400337,422278102556419,422278102863408,3.287860282,24.883586
97,422278124656972,3.295852821,900906576,900908461,422278138581417,422278136758934,3.321755808,12.101962
98,422278144493503,3.315689352,901415008,901416574,422278170556998,422278170654392,3.355651266,26.160889
99,422278179056637,3.350252486,901923440,901926582,422278202710877,422278204549851,3.389546725,25.493214
100,422278212385870,3.383581719,902431872,902434693,422278238581970,422278238445310,3.423442184,26.059440
101,422278257467819,3.428663668,902940304,902942800,422278270614036,422278272340768,3.457337642,14.872949
102,422278277459211,3.448655060,903448736,903450923,422278306568767,422278306236227,3.491233101,28.777016
103,422278320570547,3.491766396,903957168,903959058,422278338706794,422278340131685,3.525128559,19.561138
104,422278348274118,3.519469967,904465600,904467198,422278374558622,422278374027144,3.559024018,25.753026
105,422278404237929,3.575433778,904974032,904977156,422278406665071,422278407922602,3.592919476,3.684673
106,422278423891405,3.595087254,905482465,905485246,422278442668730,422278441818128,3.626815002,17.926723
107,422278449808929,3.621004778,905990897,905993387,422278474623157,422278475713586,3.660710460,25.904657
108,422278485619610,3.656815459,906499329,906501505,422278510560211,422278509609045,3.694605919,23.989435
109,422278533809330,3.705005179,907007761,907009603,422278542574672,422278543504504,3.728501378,9.695174
110,422278552910353,3.724106202,907516193,907517715,422278578596891,422278577399962,3.762396836,24.489609
111,422278587816296,3.759012145,908024625,908027719,422278610615440,422278611295421,3.796292295,23.479125
112,422278618695217,3.789891066,908533057,908535879,422278646579554,422278645190879,3.830187753,26.495662
113,422278664611939,3.835807788,909041490,909043993,422278678628577,422278679086404,3.864083278,14.474465
114,422278693433959,3.864629808,909549922,909552120,422278714539502,422278712981863,3.897978737,19.547904
115,422278722246914,3.893442763,910058354,910060227,422278746613847,422278746877322,3.931874196,24.630408
116,422278755218085,3.926413934,910566786,910568346,422278782544301,422278780772780,3.965769654,25.554695
117,422278809792697,3.980988546,911075218,911078353,422278814563247,422278814668239,3.999665113,4.875542
118,422278833667192,4.004863041,911583650,911586497,422278846575355,422278848563697,4.033560571,14.896505
119,422278860732543,4.031928392,912092082,912094654,422278882570248,422278882459156,4.067456030,21.726613
120,422278890141947,4.061337796,912600514,912602775,422278914584852,422278916354615,4.101351489,26.212668
121,422278935780604,4.106976453,913108947,913110877,422278950565018,422278950250140,4.135247014,14.469536
122,422278957964669,4.129160518,913617379,913618997,422278982599104,422278984145598,4.169142472,26.180929
123,422278988768402,4.159964251,914125811,914128979,422279018614135,422279018041057,4.203037931,29.272655
124,422279031522096,4.202717945,914634243,914637106,422279050577763,422279051936516,4.236933390,20.414420
125,422279086400511,4.257596360,915142675,915145232,422279086626227,422279085831974,4.270828848,-0.568537
126,422279111812856,4.283008705,915651107,915653385,422279118587485,422279119727433,4.304724307,7.914577
127,422279132949221,4.304145070,916159539,916161528,422279154678626,422279153622891,4.338619765,20.673670
128,422279164117414,4.335313263,916667971,916669647,422279186622151,422279187518350,4.372515224,23.400936
129,422279219426785,4.390622634,917176404,917179657,422279222706240,422279221413875,4.406410749,1.987090
130,422279241827511,4.413023360,917684836,917687787,422279254631686,422279255309334,4.440306208,13.481823
131,422279263377220,4.434573069,918193268,918195919,422279290662385,422279289204792,4.474201666,25.827572
132,422279301691429,4.472887278,918701700,918704040,422279322562878,422279323100251,4.508097125,21.408822
133,422279351382769,4.522578618,919210132,919212166,422279358596117,422279356995710,4.541992584,5.612941
134,422279376719810,4.547915659,919718564,919720254,422279390716022,422279390891168,4.575888042,14.171358
135,422279401616271,4.572812120,920226996,920230261,422279426567048,422279424786627,4.609783501,23.170356
136,422279434564399,4.605760248,920735429,920738410,422279458552297,422279458682152,4.643679026,24.117753
137,422279486734961,4.657930810,921243861,921246563,422279490614578,422279492577611,4.677574485,5.842650
138,422279510139486,4.681335335,921752293,921754713,422279526636138,422279526473069,4.711469943,16.333583
139,422279533197453,4.704393302,922260725,922262812,422279558705355,422279560368528,4.745365402,27.171075
140,422279572552034,4.743747883,922769157,922770980,422279594558237,422279594263986,4.779260860,21.711952
141,422279622923323,4.794119172,923277589,923279117,422279626602125,422279628159445,4.813156319,5.236122
142,422279643221357,4.814417206,923786021,923789107,422279662642761,422279662054904,4.847051778,18.833547
143,422279669467406,4.840663255,924294453,924297212,422279694680682,422279695950362,4.880947236,26.482956
144,422279701681763,4.872877612,924802886,924805338,422279730618766,422279729845887,4.914842761,28.164124
145,422279745468889,4.916664738,925311318,925313453,422279762589317,422279763741346,4.948738220,18.272457
146,422279769692231,4.940888080,925819750,925821572,422279798581769,422279797636804,4.982633678,27.944573
147,422279806671403,4.977867252,926328182,926329683,422279830642145,422279831532263,5.016529137,24.860860
148,422279840992300,5.012188149,926836614,926839677,422279866560276,422279865427722,5.050424596,24.435422
149,422279904339677,5.075535526,927345046,927347823,422279898614850,422279899323180,5.084320054,-5.016497
150,422279932634944,5.103830793,927853478,927855955,422279934582947,422279933218639,5.118215513,0.583695
151,422279955174745,5.126370594,928361910,928364073,422279966565530,422279967114097,5.152110971,11.939352
152,422279975262895,5.146458744,928870343,928872209,422280002585879,422280001009623,5.186006497,25.746728
153,422280022191946,5.193387795,929378775,929380309,422280034759601,422280034905081,5.219901955,12.713135
154,422280042109190,5.213305039,929887207,929890313,422280070544748,422280068800540,5.253797414,26.691350
155,422280077493884,5.248689733,930395639,930398411,422280102597548,422280102695998,5.287692872,25.202114
156,422280113876802,5.285072651,930904071,930906554,422280134644727,422280136591457,5.321588331,22.714655
157,422280164222465,5.335418314,931412503,931414696,422280170570582,422280170486916,5.355483790,6.264451
158,422280192086375,5.363282224,931920935,931922837,422280202571258,422280204382374,5.389379248,12.295999
159,422280217102518,5.388298367,932429368,932430932,422280238631868,422280238277899,5.423274773,21.175381
160,422280249572965,5.420768814,932937800,932940954,422280270563046,422280272173358,5.457170232,22.600393
161,422280308874750,5.480070599,933446232,933449075,422280306597414,422280306068817,5.491065691,-2.805933
162,422280331447564,5.502643413,933954664,933957207,422280338580794,422280339964275,5.524961149,8.516711
163,422280351659004,5.522854853,934463096,934465345,422280374569179,422280373859734,5.558856608,22.200730
164,422280381116737,5.552312586,934971528,934973481,422280406582495,422280407755192,5.592752066,26.638455
165,422280429537230,5.600733079,935479960,935481640,422280442622796,422280441650651,5.626647525,12.113421
166,422280450131126,5.621326975,935988392,935991585,422280474604386,422280475546110,5.660542984,25.414984
167,422280483452366,5.654648215,936496825,936499718,422280510684346,422280509441635,5.694438509,25.989269
168,422280520092310,5.691288159,937005257,937007855,422280542571098,422280543337093,5.728333967,23.244783
169,422280569824241,5.741020090,937513689,937515984,422280578574223,422280577232552,5.762229426,7.408311
170,422280597729452,5.768925301,938022121,938024127,422280610565764,422280611128011,5.796124885,13.398559
171,422280617762179,5.788958028,938530553,938532238,422280646595160,422280645023469,5.830020343,27.261290
172,422280660444070,5.831639919,939038985,939042247,422280678608735,422280678918928,5.863915802,18.474858
173,422280719584794,5.890780643,939547417,939550350,422280714559856,422280712814386,5.897811260,-6.770408
174,422280744180182,5.915376031,940055850,940058471,422280746616807,422280746709912,5.931706786,2.529730
175,422280772363605,5.943559454,940564282,940566608,422280778607880,422280780605370,5.965602244,8.241765
176,422280799759837,5.970955686,941072714,941074732,422280814601499,422280814500829,5.999497703,14.740992
177,422280848204472,6.019400321,941581146,941582868,422280846667061,422280848396287,6.033393161,0.191815
178,422280873549410,6.044745259,942089578,942092871,422280882601041,422280882291746,6.067288620,8.742336
179,422280902664988,6.073860837,942598010,942600969,422280914595907,422280916187204,6.101184078,13.522216
180,422280925207273,6.096403122,943106442,943109091,422280950567463,422280950082663,6.135079537,24.875390
181,422280966175412,6.137371261,943614874,943617206,422280982588497,422280983978122,6.168974996,17.802710
182,422280992686035,6.163881884,944123307,944125348,422281018723075,422281017873647,6.202870521,25.187612
183,422281028868139,6.200063988,944631739,944633482,422281050678078,422281051769106,6.236765980,22.900967
184,422281057932288,6.229128137,945140171,945141648,422281086572661,422281085664564,6.270661438,27.732276
185,422281105465932,6.276661781,945648603,945651641,422281118579067,422281119560023,6.304556897,14.094091
186,422281130795725,6.301991574,946157035,946159773,422281154561154,422281153455481,6.338452355,22.659756
187,422281165042399,6.336238248,946665467,946667909,422281186755470,422281187350940,6.372347814,22.308541
188,422281204702679,6.375898528,947173899,947176016,422281222570908,422281221246398,6.406243272,16.543719
189,422281251662426,6.422858275,947682331,947684108,422281254580226,422281255141857,6.440138731,3.479431
190,422281273823010,6.445018859,948190764,948192241,422281290586267,422281289037382,6.474034256,15.214372
191,422281297145678,6.468341527,948699196,948702255,422281322621549,422281322932841,6.507929715,25.787163
192,422281329591161,6.500787010,949207628,949210403,422281358598231,422281356828299,6.541825173,27.237138
193,422281380421265,6.551617114,949716060,949718549,422281390604462,422281390723758,6.575720632,10.302493
194,422281404269977,6.575465826,950224492,950226683,422281422627386,422281424619217,6.609616091,20.349240
195,422281430956407,6.602152256,950732924,950734794,422281458629975,422281458514675,6.643511549,27.558268
196,422281468433281,6.639629130,951241356,951242927,422281490578249,422281492410134,6.677407008,23.976853
197,422281519341802,6.690537651,951749789,951752933,422281526596191,422281526305659,6.711302533,6.963857
198,422281540272991,6.711468840,952258221,952261062,422281558614881,422281560201118,6.745197992,19.928127
199,422281564916596,6.736112445,952766653,952769191,422281594624480,422281594096576,6.779093450,29.179980
200,422281602326221,6.773522070,953275085,953277322,422281626564787,422281627992035,6.812988909,25.665814
201,422281649026596,6.820222445,953783517,953785438,422281662703370,422281661887493,6.846884367,12.860897
202,422281675984649,6.847180498,954291949,954293579,422281694607241,422281695782952,6.880779826,19.798303
203,422281704296255,6.875492104,954800381,954803557,422281730569053,422281729678411,6.914675285,25.382156
204,422281741715896,6.912911745,955308813,955311701,422281762570545,422281763573869,6.948570743,21.857973
205,422281805294807,6.976490656,955817246,955819826,422281798591635,422281797469394,6.982466268,-7.825413
206,422281830324616,7.001520465,956325678,956327974,422281830609681,422281831364853,7.016361727,1.040237
207,422281856754915,7.027950764,956834110,956836109,422281866594358,422281865260312,7.050257186,8.505397
208,422281881064635,7.052260484,957342542,957344214,422281898577755,422281899155770,7.084152644,18.091135
209,422281945461844,7.116657693,957850974,957854212,422281934617316,422281933051229,7.118048103,-12.410615
210,422281968986943,7.140182792,958359406,958362340,422281966567015,422281966946687,7.151943561,-2.040256
211,422281996621636,7.167817485,958867838,958870470,422282002588932,422282000842146,7.185839020,4.220510
212,422282017720251,7.188916100,959376270,959378577,422282034566994,422282034737604,7.219734478,17.017353
213,422282063789052,7.234984901,959884703,959886712,422282066612064,422282068633130,7.253630004,4.844078
214,422282090199223,7.261395072,960393135,960394849,422282102623048,422282102528588,7.287525462,12.329365
215,422282112540309,7.283736158,960901567,960904833,422282134571014,422282136424047,7.321420921,23.883738
216,422282143620280,7.314816129,961409999,961412982,422282170621404,422282170319506,7.355316380,26.699226
217,422282197275501,7.368471350,961918431,961921083,422282202607947,422282204214964,7.389211838,6.939463
218,422282220122057,7.391317906,962426863,962429223,422282238564397,422282238110423,7.423107297,17.988366
219,422282247211505,7.418407354,962935296,962937345,422282270607425,422282272005948,7.457002822,24.794443
220,422282280528895,7.451724744,963443728,963445474,422282306556944,422282305901406,7.490898280,25.372511
221,422282337422796,7.508618645,963952160,963955449,422282338672677,422282339796865,7.524793739,2.374069
222,422282366072073,7.537267922,964460592,964463578,422282374614504,422282373692324,7.558689198,7.620251
223,422282394293748,7.565489597,964969024,964971680,422282406711295,422282407587782,7.592584656,13.294034
224,422282416132579,7.587328428,965477456,965479791,422282442601713,422282441483241,7.626480115,25.350662
225,422282470992424,7.642188273,965985888,965987919,422282474638398,422282475378699,7.660375573,4.386275
226,422282498467387,7.669663236,966494320,966496068,422282510693939,422282509274158,7.694271032,10.806771
227,422282519498094,7.690693943,967002752,967006031,422282542701232,422282543169617,7.728166491,23.671523
228,422282549558640,7.720754489,967511185,967514143,422282578612661,422282577065142,7.762062016,27.506502
229,422282592670737,7.763866586,968019617,968022286,422282610629067,422282610960600,7.795957474,18.289863
230,422282617884318,7.789080167,968528049,968530425,422282646608152,422282644856059,7.829852933,26.971741
231,422282655764734,7.826960583,969036481,969038541,422282678565142,422282678751518,7.863748392,22.986784
232,422282685703674,7.856899523,969544913,969546658,422282710600390,422282712646976,7.897643850,26.943302
233,422282731353839,7.902549688,970053345,970056616,422282746690749,422282746542435,7.931539309,15.188596
234,422282753121671,7.924317520,970561777,970564731,422282778610300,422282780437893,7.965434767,27.316222
235,422282785485502,7.956681351,971070210,971072847,422282814567983,422282814333419,7.999330293,28.847917
236,422282828903343,8.000099192,971578642,971580982,422282846586050,422282848228877,8.033225751,19.325534
237,422282876464531,8.047660380,972087074,972089092,422282882591501,422282882124336,8.067121210,5.659805
238,422282901223417,8.072419266,972595506,972597202,422282914584348,422282916019794,8.101016668,14.796377
239,422282922294298,8.093490147,973103938,973107205,422282950666179,422282949915253,8.134912127,27.620955
240,422282957704887,8.128900736,973612370,973615330,422282982601490,422282983810712,8.168807586,26.105825
241,422283007209080,8.178404929,974120802,974123447,422283018586079,422283017706170,8.202703044,10.497090
242,422283029453706,8.200649555,974629234,974631569,422283050627386,422283051601629,8.236598503,22.147923
243,422283057087540,8.228283389,975137667,975139691,422283086621290,422283085497154,8.270494028,28.409614
244,422283095581205,8.266777054,975646099,975647800,422283118611192,422283119392613,8.304389487,23.811408
245,422283139514495,8.310710344,976154531,976157799,422283154674119,422283153288071,8.338284945,13.773576
246,422283161243967,8.332439816,976662963,976665931,422283186658530,422283187183530,8.372180404,25.939563
247,422283192870732,8.364066581,977171395,977174088,422283222658924,422283221078988,8.406075862,28.208256
248,422283232428780,8.403624629,977679827,977682203,422283254600114,422283254974447,8.439971321,22.545667
249,422283280401880,8.451597729,978188259,978190323,422283290589372,422283288869906,8.473866780,8.468026
250,422283304197654,8.475393503,978696691,978698441,422283322633627,422283322765364,8.507762238,18.567710
251,422283328979657,8.500175506,979205124,979208415,422283358555548,422283356660889,8.541657763,27.681232
252,422283361811229,8.533007078,979713556,979716565,422283390595498,422283390556348,8.575553222,28.745119
253,422283412947071,8.584142920,980221988,980224704,422283422578115,422283424451806,8.609448680,11.504735
254,422283433759706,8.604955555,980730420,980732848,422283458597117,422283458347265,8.643344139,24.587559
255,422283464895571,8.636091420,981238852,981240949,422283490655742,422283492242724,8.677239598,27.347153
256,422283502058548,8.673254397,981747284,981749077,422283526563709,422283526138182,8.711135056,24.079634
257,422283546929584,8.718125433,982255716,982257184,422283558633201,422283560033641,8.745030515,13.104057
258,422283565750663,8.736946512,982764149,982767186,422283594610158,422283593929166,8.778926040,28.178503
259,422283603650807,8.774846656,983272581,983275335,422283626573667,422283627824625,8.812821499,24.173818
260,422283638782551,8.809978400,983781013,983783470,422283662596298,422283661720083,8.846716957,22.937532
261,422283683997223,8.855193072,984289445,984291607,422283694588920,422283695615542,8.880612416,11.618319
262,422283727709018,8.898904867,984797877,984799715,422283730565805,422283729511000,8.914507874,1.801982
263,422283756499074,8.927694923,985306309,985307843,422283762617898,422283763406459,8.948403333,6.907385
264,422283786727619,8.957923468,985814741,985817867,422283798595228,422283797301918,8.982298792,10.574299
265,422283809752323,8.980948172,986323173,986325991,422283830612206,422283831197376,9.016194250,21.445053
266,422283838252159,9.009448008,986831606,986834103,422283866590222,422283865092901,9.050089775,26.840742
267,422283879014309,9.050210158,987340038,987342238,422283898587114,422283898988360,9.083985234,19.974051
268,422283907929494,9.079125343,987848470,987850354,422283934546344,422283932883819,9.117880693,24.954325
269,422283941251087,9.112446936,988356902,988358460,422283966586973,422283966779277,9.151776151,25.528190
270,422283986012407,9.157208256,988865334,988868454,422284002588284,422284000674736,9.185671610,14.662329
271,422284058340078,9.229535927,989373766,989376565,422284034575879,422284034570194,9.219567068,-23.769884
272,422284080186830,9.251382679,989882198,989884699,422284066585044,422284068465653,9.253462527,-11.721177
273,422284102603259,9.273799108,990390630,990392870,422284102604215,422284102361112,9.287357986,-0.242147
274,422284124036738,9.295232587,990899063,990900980,422284134575246,422284136256637,9.321253511,12.219899
275,422284167417353,9.338613202,991407495,991409107,422284170575138,422284170152095,9.355148969,2.734742
276,422284190147612,9.361343461,991915927,991919083,422284202600621,422284204047554,9.389044428,13.899942
277,422284210848884,9.382044733,992424359,992427181,422284238577907,422284237943013,9.422939887,27.094129
278,422284250139597,9.421335446,992932791,992935300,422284270583476,422284271838471,9.456835345,21.698874
279,422284308557348,9.479753197,993441223,993443408,422284306575677,422284305733930,9.490730804,-2.823418
280,422284332848457,9.504044306,993949656,993951551,422284338580706,422284339629455,9.524626329,6.780998
281,422284351943316,9.523139165,994458088,994459692,422284374608001,422284373524914,9.558521788,21.581598
282,422284381604709,9.552800558,994966520,994969692,422284406590822,422284407420372,9.592417246,25.815663
283,422284425672383,9.596868232,995474952,995477794,422284442567370,422284441315831,9.626312705,15.643448
284,422284449687360,9.620883209,995983384,995985939,422284474632307,422284475211289,9.660208163,25.523929
285,422284481786289,9.652982138,996491816,996494047,422284510563655,422284509106748,9.694103622,27.320459
286,422284523212891,9.694408740,997000248,997002162,422284542600459,422284543002206,9.727999080,19.789315
287,422284565575185,9.736771034,997508680,997510247,422284578623219,422284576897665,9.761894539,11.322480
288,422284588090045,9.759285894,998017112,998020253,422284610699971,422284610793124,9.795789998,22.703079
289,422284617271477,9.788467326,998525545,998528364,422284646661844,422284644688649,9.829685523,27.417172
290,422284654633649,9.825829498,999033977,999036501,422284678593750,422284678584108,9.863580982,23.950459
291,422284703492839,9.874688688,999542409,999544616,422284710589763,422284712479566,9.897476440,8.986727
292,422284723732082,9.894927931,1000050841,1000052762,422284746574055,422284746375025,9.931371899,22.642943
293,422284753035379,9.924231228,1000559273,1000560907,422284778636563,422284780270483,9.965267357,27.235104
294,422284785594124,9.956789973,1001067705,1001070918,422284814583792,422284814165942,9.999162816,28.571818
295,422284827023372,9.998219221,1001576137,1001579029,422284846729491,422284848061400,10.033058274,21.038028
296,422284853291994,10.024487843,1002084570,1002087170,422284882567003,422284881956926,10.066953800,28.664932
297,422284893951045,10.065146894,1002593002,1002595255,422284914573481,422284915852384,10.100849258,21.901339
298,422284924977995,10.096173844,1003101434,1003103348,422284950594822,422284949747843,10.134744717,24.769848
299,422284969033543,10.140229392,1003609866,1003611513,422284982594306,422284983643301,10.168640175,14.609758
300,422285001546526,10.172742375,1004118298,1004121526,422285018599832,422285017538760,10.202535634,15.992234
301,422285025619683,10.196815532,1004626730,1004629622,422285050579380,422285051434219,10.236431093,25.814536
302,422285061797369,10.232993218,1005135162,1005137750,422285086612955,422285085329677,10.270326551,23.532308
303,422285115167240,10.286363089,1005643594,1005645896,422285118685094,422285119225136,10.304222010,4.057896
304,422285134931162,10.306127011,1006152027,1006153997,422285154724741,422285153120661,10.338117535,18.189499
305,422285161742237,10.332938086,1006660459,1006662137,422285186687231,422285187016120,10.372012994,25.273883
306,422285192856055,10.364051904,1007168891,1007172142,422285222682440,422285220911578,10.405908452,28.055523
307,422285233952947,10.405148796,1007677323,1007680257,422285254643399,422285254807037,10.439803911,20.854090
308,422285261411231,10.432607080,1008185755,1008188358,422285290584301,422285288702495,10.473699369,27.291264
309,422285293021109,10.464216958,1008694187,1008696478,422285322730666,422285322597954,10.507594828,29.576845
310,422285336380959,10.507576808,1009202619,1009204615,422285354584774,422285356493413,10.541490287,20.112454
311,422285386222948,10.557418797,1009711051,1009712724,422285390590608,422285390388871,10.575385745,4.165923
312,422285406596886,10.577792735,1010219484,1010222755,422285422717218,422285424284396,10.609281270,17.687510
313,422285429252620,10.600448469,1010727916,1010730885,422285458630251,422285458179855,10.643176729,28.927235
314,422285471445183,10.642641032,1011236348,1011238997,422285490587429,422285492075314,10.677072188,20.630131
315,422285525828024,10.697023873,1011744780,1011747145,422285526615851,422285525970772,10.710967646,0.142748
316,422285547194841,10.718390690,1012253212,1012255245,422285558627157,422285559866231,10.744863105,12.671390
317,422285571897137,10.743092986,1012761644,1012763370,422285594598647,422285593761689,10.778758563,21.864552
318,422285602774972,10.773970821,1013270076,1013273380,422285626589162,422285627657148,10.812654022,24.882176
319,422285650202174,10.821398023,1013778509,1013781501,422285662591148,422285661552673,10.846549547,11.350499
320,422285673316189,10.844512038,1014286941,1014289625,422285694655619,422285695448132,10.880445006,22.131943
321,422285702072313,10.873268162,1014795373,1014797754,422285730575794,422285729343590,10.914340464,27.271277
322,422285741406077,10.912601926,1015303805,1015305858,422285762579588,422285763239049,10.948235923,21.832972
323,422285790638827,10.961834676,1015812237,1015814021,422285798574218,422285797134508,10.982131382,6.495681
324,422285815696755,10.986892604,1016320669,1016322132,422285830732960,422285831029966,11.016026840,15.333211
325,422285836756689,11.007952538,1016829101,1016832138,422285866617649,422285864925425,11.049922299,28.168736
326,422285875687743,11.046883592,1017337533,1017340207,422285898581816,422285898820883,11.083817757,23.133140
327,422285926124655,11.097320504,1017845966,1017848329,422285934560234,422285932716409,11.117713283,6.591754
328,422285947051384,11.118247233,1018354398,1018356414,422285966633994,422285966611867,11.151608741,19.560483
329,422285974999098,11.146194947,1018862830,1018864575,422285998681604,422286000507326,11.185504200,25.508228
330,422286006157841,11.177353690,1019371262,1019372760,422286034590976,422286034402784,11.219399658,28.244943
331,422286059460531,11.230656380,1019879694,1019882754,422286066640485,422286068298243,11.253295117,8.837712
332,422286084017579,11.255213428,1020388126,1020390875,422286102570750,422286102193701,11.287190575,18.176122
333,422286109244658,11.280440507,1020896558,1020899025,422286134575585,422286136089160,11.321086034,26.844502
334,422286144428932,11.315624781,1021404990,1021407151,422286170632033,422286169984619,11.354981493,25.555687
335,422286195809307,11.367005156,1021913423,1021915274,422286202600951,422286203880144,11.388877018,8.070837
336,422286216768963,11.387964812,1022421855,1022423403,422286238684009,422286237775602,11.422772476,21.006639
337,422286245690438,11.416886287,1022930287,1022933437,422286270578152,422286271671061,11.456667935,25.980623
338,422286280848453,11.452044302,1023438719,1023441574,422286306568444,422286305566520,11.490563394,24.718067
339,422286329587625,11.500783474,1023947151,1023949689,422286338604246,422286339461978,11.524458852,9.874353
340,422286350594823,11.521790672,1024455583,1024457809,422286375023932,422286373357437,11.558354311,22.762614
341,422286384074199,11.555270048,1024964016,1024965911,422286406720174,422286407252962,11.592249836,23.178763
342,422286416185305,11.587381154,1025472448,1025474031,422286442606508,422286441148421,11.626145295,24.963116
343,422286460240441,11.631436290,1025980880,1025984008,422286474617572,422286475043879,11.660040753,14.803438
344,422286485198425,11.656394274,1026489312,1026492151,422286510573252,422286508939338,11.693936212,23.740913
345,422286520480662,11.691676511,1026997744,1027000310,422286542620085,422286542834796,11.727831670,22.354134
346,422286553865509,11.725061358,1027506176,1027508432,422286578562899,422286576730255,11.761727129,22.864746
347,422286610508883,11.781704732,1028014608,1028016592,422286610598407,422286610625714,11.795622588,0.116831
348,422286633288974,11.804484823,1028523040,1028524732,422286642579678,422286644521172,11.829518046,11.232198
349,422286658628631,11.829824480,1029031472,1029034739,422286678572863,422286678416631,11.863413505,19.788000
350,422286686618938,11.857814787,1029539905,1029542861,422286710586989,422286712312156,11.897309030,25.693218
351,422286737128404,11.908324253,1030048337,1030050977,422286746572660,422286746207615,11.931204489,9.079211
352,422286759785334,11.930981183,1030556769,1030559093,422286778607091,422286780103073,11.965099947,20.317739
353,422286790038969,11.961234818,1031065201,1031067191,422286814583689,422286813998532,11.998995406,23.959563
354,422286821291245,11.992487094,1031573633,1031575324,422286846580964,422286847893990,12.032890864,26.602745
355,422286874825048,12.046020897,1032082065,1032085333,422286882578007,422286881789449,12.066786323,6.964401
356,422286904428642,12.075624491,1032590497,1032593458,422286914597359,422286915684908,12.100681782,11.256266
357,422286930995161,12.102191010,1033098930,1033101612,422286950584688,422286949580433,12.134577307,18.585272
358,422286959785277,12.130981126,1033607362,1033609757,422286982608254,422286983475891,12.168472765,23.690614
359,422287021250167,12.192446016,1034115794,1034117886,422287018673910,422287017371350,12.202368224,-3.878817
360,422287044918531,12.216114380,1034624226,1034626012,422287050729404,422287051266809,12.236263683,6.348278
361,422287072456627,12.243652476,1035132658,1035135978,422287086572398,422287085162267,12.270159141,12.705640
362,422287101838719,12.273034568,1035641090,1035644099,422287118587290,422287119057726,12.304054600,17.219007
363,422287152694312,12.323890161,1036149522,1036152246,422287154566852,422287152953184,12.337950058,0.258872
364,422287181086615,12.352282464,1036657954,1036660383,422287186617013,422287186848643,12.371845517,5.762028
365,422287208380128,12.379575977,1037166387,1037168474,422287222664187,422287220744168,12.405741042,12.364040
366,422287231825716,12.403021565,1037674819,1037676624,422287254581632,422287254639627,12.439636501,22.813911
367,422287284565776,12.455761625,1038183251,1038184767,422287286603918,422287288535085,12.473531959,3.969309
368,422287307969875,12.479165724,1038691683,1038694754,422287322624487,422287322430544,12.507427418,14.460669
369,422287330744454,12.501940303,1039200115,1039202897,422287354630499,422287356326002,12.541322876,25.581548
370,422287369140392,12.540336241,1039708547,1039711026,422287390584434,422287390221461,12.575218335,21.081069
371,422287422202301,12.593398150,1040216979,1040219118,422287422606045,422287424116920,12.609113794,1.914619
372,422287446888686,12.618084535,1040725411,1040727247,422287458599422,422287458012378,12.643009252,11.123692
373,422287474694880,12.645890729,1041233844,1041235331,422287490607598,422287491907904,12.676904778,17.213024
374,422287500528300,12.671724149,1041742276,1041745331,422287526603764,422287525803362,12.710800236,25.275062
375,422287546932825,12.718128674,1042250708,1042253470,422287558624216,422287559698821,12.744695695,12.765996
376,422287569035877,12.740231726,1042759140,1042761586,422287594573898,422287593594279,12.778591153,24.558402
377,422287602290708,12.773486557,1043267572,1043269737,422287626654778,422287627489738,12.812486612,25.199030
378,422287633488801,12.804684650,1043776004,1043777854,422287662598134,422287661385196,12.846382070,27.896395
379,422287680973852,12.852169701,1044284436,1044285984,422287694656226,422287695280655,12.880277529,14.306803
380,422287705589454,12.876785303,1044792869,1044795983,422287730684696,422287729176180,12.914173054,23.586726
381,422287738216473,12.909412322,1045301301,1045304081,422287762641728,422287763071639,12.948068513,24.855166
382,422287772379139,12.943574988,1045809733,1045812207,422287798576695,422287796967097,12.981963971,24.587958
383,422287821654080,12.992849929,1046318165,1046320298,422287830608717,422287830862556,13.015859430,9.208476
384,422287844655243,13.015851092,1046826597,1046828469,422287866582238,422287864758015,13.049754889,20.102772
385,422287869691224,13.040887073,1047335029,1047336603,422287898579971,422287898653473,13.083650347,28.962249
386,422287907226792,13.078422641,1047843461,1047846591,422287930601985,422287932548932,13.117545806,25.322140
387,422287949869171,13.121065020,1048351893,1048354738,422287966594422,422287966444390,13.151441264,16.575219
388,422287974122326,13.145318175,1048860326,1048862886,422287998660390,422288000339916,13.185336790,26.217590
389,422288007929314,13.179125163,1049368758,1049371021,422288034712491,422288034235374,13.219232248,26.306060
390,422288046304144,13.217499993,1049877190,1049879138,422288066588347,422288068130833,13.253127707,21.826689
391,422288099475223,13.270671072,1050385622,1050387257,422288102577286,422288102026291,13.287023165,2.551068
392,422288119741189,13.290937038,1050894054,1050897281,422288134637209,422288135921750,13.320918624,16.180561
393,422288140966580,13.312162429,1051402486,1051405420,422288170618271,422288169817209,13.354814083,28.850629
394,422288179409611,13.350605460,1051910918,1051913587,422288202586026,422288203712667,13.388709541,24.303056
395,422288223458215,13.394654064,1052419350,1052421690,422288238690227,422288237608126,13.422605000,14.149911
396,422288245282715,13.416478564,1052927783,1052929803,422288270620389,422288271503651,13.456500525,26.220936
397,422288279969870,13.451165719,1053436215,1053437951,422288306588353,422288305399110,13.490395984,25.429240
398,422288318019364,13.489215213,1053944647,1053947931,422288338582444,422288339294568,13.524291442,21.275204
399,422288364319206,13.535515055,1054453079,1054456078,422288374586877,422288373190027,13.558186901,8.870821
400,422288391076847,13.562272696,1054961511,1054964183,422288406697514,422288407085485,13.592082359,16.008638
401,422288413269947,13.584465796,1055469943,1055472315,422288442679934,422288440980944,13.625977818,27.710997
402,422288450908069,13.622103918,1055978376,1055980404,422288474592417,422288474876469,13.659873343,23.968400
403,422288500785180,13.671981029,1056486808,1056488526,422288510559872,422288508771928,13.693768802,7.986748
404,422288523026908,13.694222757,1056995240,1056998513,422288542686741,422288542667386,13.727664260,19.640478
405,422288548895632,13.720091481,1057503672,1057506666,422288574598644,422288576562845,13.761559719,27.667213
406,422288581797683,13.752993532,1058012104,1058014779,422288610601138,422288610458304,13.795455178,28.660621
407,422288628572083,13.799767932,1058520536,1058522902,422288642587806,422288644353762,13.829350636,15.781679
408,422288649067671,13.820263520,1059028968,1059031046,422288678581426,422288678249221,13.863246095,29.181550
409,422288685619585,13.856815434,1059537400,1059539160,422288710718073,422288712144679,13.897141553,26.525094
410,422288718992710,13.890188559,1060045833,1060049130,422288746623505,422288746040204,13.931037078,27.047494
411,422288762107056,13.933302905,1060554265,1060557269,422288778581781,422288779935663,13.964932537,17.828607
412,422288785014287,13.956210136,1061062697,1061065367,422288814687029,422288813831122,13.998827996,28.816835
413,422288826417881,13.997613730,1061571129,1061573493,422288846576276,422288847726580,14.032723454,21.308699
414,422288857539471,14.028735320,1062079561,1062081605,422288882587026,422288881622039,14.066618913,24.082568
415,422288909243597,14.080439446,1062587993,1062589746,422288914615661,422288915517497,14.100514371,6.273900
416,422288928675717,14.099871566,1063096425,1063099717,422288950615500,422288949412956,14.134409830,20.737239
417,422288962178713,14.133374562,1063604857,1063607870,422288982630187,422288983308415,14.168305289,21.129702
418,422288989285252,14.160481101,1064113290,1064115976,422289018582585,422289017203940,14.202200814,27.918688
419,422289040498804,14.211694653,1064621722,1064624104,422289050616736,422289051099398,14.236096272,10.600594
420,422289066312749,14.237508598,1065130154,1065132220,422289086613070,422289084994857,14.269991731,18.682108
421,422289092866121,14.264061970,1065638586,1065640353,422289118639672,422289118890316,14.303887190,26.024195
422,422289125863094,14.297058943,1066147018,1066148477,422289154599007,422289152785774,14.337782648,26.922680
423,422289174846233,14.346042082,1066655450,1066658469,422289186597006,422289186681233,14.371678107,11.835000
424,422289199676628,14.370872477,1067163882,1067166582,422289218695199,422289220576691,14.405573565,20.900063
425,422289226781052,14.397976901,1067672314,1067674711,422289254645825,422289254472150,14.439469024,27.691098
426,422289264835729,14.436031578,1068180747,1068182854,422289286595207,422289288367675,14.473364549,23.531946
427,422289318333451,14.489529300,1068689179,1068690984,422289322727110,422289322263134,14.507260008,3.929683
428,422289338787611,14.509983460,1069197611,1069199073,422289354592885,422289356158592,14.541155466,17.370981
429,422289360934320,14.532130169,1069706043,1069709077,422289390619675,422289390054051,14.575050925,29.119731
430,422289399807776,14.571003625,1070214475,1070217208,422289422650719,422289423949510,14.608946384,24.141734
431,422289447218889,14.618414738,1070722907,1070725322,422289458624406,422289457844968,14.642841842,10.626079
432,422289465111036,14.636306885,1071231339,1071233484,422289490625870,422289491740427,14.676737301,26.629391
433,422289497209850,14.668405699,1071739771,1071741601,422289526652986,422289525635885,14.710632759,28.426035
434,422289535914571,14.707110420,1072248204,1072249716,422289558601767,422289559531411,14.744528285,23.616840
435,422289585516318,14.756712167,1072756636,1072759724,422289594613570,422289593426869,14.778423743,7.910551
436,422289610021947,14.781217796,1073265068,1073267860,422289626617722,422289627322328,14.812319202,17.300381
437,422289634100793,14.805296642,1073773500,1073776018,422289662579973,422289661217786,14.846214660,27.116993
438,422289676995773,14.848191622,1074281932,1074284147,422289694634768,422289695113245,14.880110119,18.117472
439,422289728504002,14.899699851,1074790364,1074792295,422289730704839,422289729008704,14.914005578,0.504702
440,422289752071258,14.923267107,1075298796,1075300428,422289762660505,422289762904162,14.947901036,10.832904
441,422289773627670,14.944823519,1075807229,1075810404,422289798677149,422289796799687,14.981796561,23.172017
442,422289808479506,14.979675355,1076315661,1076318559,422289830627129,422289830695146,15.015692020,22.215640
443,422289852677043,15.023872892,1076824093,1076826657,422289862606986,422289864590604,15.049587478,11.913561
444,422289873642980,15.044838829,1077332525,1077334797,422289898625286,422289898486063,15.083482937,24.843083
445,422289906793062,15.077988911,1077840957,1077842931,422289930588971,422289932381522,15.117378396,25.588460
446,422289941666577,15.112862426,1078349389,1078351060,422289966621150,422289966276980,15.151273854,24.610403
447,422289989496295,15.160692144,1078857821,1078861038,422289998612940,422290000172439,15.185169313,10.676144
448,422290008947047,15.180142896,1079366253,1079369203,422290034644666,422290034067897,15.219064771,25.120850
449,422290043804955,15.215000804,1079874686,1079877336,422290066627073,422290067963423,15.252960297,24.158468
450,422290075818687,15.247014536,1080383118,1080385428,422290102593458,422290101858881,15.286855755,26.040194
451,422290130134461,15.301330310,1080891550,1080893552,422290134606340,422290135754340,15.320751214,5.619879
452,422290153756062,15.324951911,1081399982,1081401694,422290170624695,422290169649798,15.354646672,15.893736
453,422290177171263,15.348367112,1081908414,1081911721,422290202595334,422290203545257,15.388542131,26.373994
454,422290212910802,15.384106651,1082416846,1082419852,422290238593060,422290237440716,15.422437590,24.529914
455,422290260874735,15.432070584,1082925278,1082927972,422290270636844,422290271336174,15.456333048,10.461439
456,422290284400562,15.455596411,1083433710,1083436079,422290306658573,422290305231633,15.490228507,20.831071
457,422290313665544,15.484861393,1083942143,1083944217,422290338630680,422290339127158,15.524124032,25.461614
458,422290345420598,15.516616447,1084450575,1084452318,422290374581381,422290373022617,15.558019491,27.602019
459,422290395430565,15.566626414,1084959007,1084962279,422290406654886,422290406918075,15.591914949,11.487510
460,422290416009571,15.587205420,1085467439,1085470385,422290442576427,422290440813534,15.625810408,24.803963
461,422290449083286,15.620279135,1085975871,1085978522,422290474589551,422290474708992,15.659705866,25.625706
462,422290482176052,15.653371901,1086484303,1086486671,422290506629143,422290508604451,15.693601325,26.428399
463,422290533400273,15.704596122,1086992736,1086994799,422290542591499,422290542499976,15.727496850,9.099703
464,422290557238918,15.728434767,1087501168,1087502938,422290574617971,422290576395435,15.761392309,19.156517
465,422290583398417,15.754594266,1088009600,1088011072,422290610597504,422290610290893,15.795287767,26.892476
466,422290619415919,15.790611768,1088518032,1088521064,422290642606975,422290644186352,15.829183226,24.770433
467,422290663118370,15.834314219,1089026464,1089029153,422290678661397,422290678081811,15.863078685,14.963441
468,422290686781967,15.857977816,1089534896,1089537322,422290710694484,422290711977269,15.896974143,25.195302
469,422290717239745,15.888435594,1090043328,1090045415,422290746625741,422290745872728,15.930869602,28.632983
470,422290760764303,15.931960152,1090551760,1090553519,422290778587244,422290779768186,15.964765060,19.003883
471,422290819339732,15.990535581,1091060192,1091063504,422290814634421,422290813663645,15.998660519,-5.676087
472,422290845605816,16.016801665,1091568625,1091571626,422290846694429,422290847559170,16.032556044,1.953354
473,422290865554547,16.036750396,1092077057,1092079743,422290882588191,422290881454629,16.066451503,15.900082
474,422290890819850,16.062015699,1092585489,1092587898,422290914612983,422290915350087,16.100346961,24.530237
475,422290935333528,16.106529377,1093093921,1093095972,422290950696641,422290949245546,16.134242420,13.912018
476,422290959916499,16.131112348,1093602353,1093604074,422290982649649,422290983141004,16.168137878,23.224505
477,422290988795669,16.159991518,1094110785,1094112252,422291018701284,422291017036463,16.202033337,28.240794
478,422291032084314,16.203280163,1094619217,1094622241,422291050598859,422291050931922,16.235928796,18.847608
479,422291085797457,16.256993306,1095127650,1095130375,422291086685004,422291084827447,16.269824321,-0.970010
480,422291107325334,16.278521183,1095636082,1095638492,422291118640125,422291118722906,16.303719780,11.397572
481,422291128083884,16.299279733,1096144514,1096146585,422291150730424,422291152618364,16.337615238,24.534480
482,422291159230303,16.330426152,1096652946,1096654738,422291186607282,422291186513823,16.371510697,27.283520
483,422291213176626,16.384372475,1097161378,1097162858,422291218625828,422291220409281,16.405406155,7.232655
484,422291234011925,16.405207774,1097669810,1097672840,422291254710435,422291254304740,16.439301614,20.292815
485,422291262663036,16.433858885,1098178242,1098180970,422291286644784,422291288200198,16.473197072,25.537162
486,422291293739550,16.464935399,1098686674,1098689074,422291322628764,422291322095657,16.507092531,28.356107
487,422291345485611,16.516681460,1099195107,1099197226,422291354610948,422291355991182,16.540988056,10.505571
488,422291369779562,16.540975411,1099703539,1099705354,422291390703599,422291389886641,16.574883515,20.107079
489,422291398847372,16.570043221,1100211971,1100213472,422291422691913,422291423782099,16.608778973,24.934727
490,422291433451234,16.604647083,1100720403,1100723470,422291458621782,422291457677558,16.642674432,24.226324
491,422291483330682,16.654526531,1101228835,1101231619,422291490635131,422291491573017,16.676569891,8.242335
492,422291505739277,16.676935126,1101737267,1101739727,422291526630222,422291525468475,16.710465349,19.729198
493,422291533091256,16.704287105,1102245699,1102247857,422291558703842,422291559363934,16.744360808,26.272678
494,422291571021727,16.742217576,1102754131,1102755945,422291594629093,422291593259392,16.778256266,22.237665
495,422291620245649,16.791441498,1103262564,1103264086,422291626608677,422291627154918,16.812151792,6.909269
496,422291642066182,16.813262031,1103770996,1103774111,422291662688439,422291661050376,16.846047250,18.984194
497,422291671380613,16.842576462,1104279428,1104282215,422291694668109,422291694945835,16.879942709,23.565222
498,422291702301345,16.873497194,1104787860,1104790353,422291730580787,422291728841293,16.913838167,26.539948
499,422291752817576,16.924013425,1105296292,1105298494,422291762632379,422291762736752,16.947733626,9.919176
500,422291784841244,16.956037093,1105804724,1105806624,422291794615720,422291796632211,16.981629085,11.790967
501,422291809598555,16.980794404,1106313156,1106314751,422291830609303,422291830527669,17.015524543,20.929114
502,422291837358565,17.008554414,1106821589,1106824718,422291862610475,422291864423194,17.049420068,27.064629
503,422291901451372,17.072647221,1107330021,1107332858,422291898733764,422291898318653,17.083315527,-3.132719
504,422291922403334,17.093599183,1107838453,1107840966,422291930605196,422291932214112,17.117210986,9.810778
505,422291942894594,17.114090443,1108346885,1108349096,422291966599162,422291966109570,17.151106444,23.214976
506,422291975231080,17.146426929,1108855317,1108857218,422291998597038,422292000005029,17.185001903,24.773949
507,422292023054256,17.194250105,1109363749,1109365354,422292034596007,422292033900487,17.218897361,10.846231
508,422292048414275,17.219610124,1109872181,1109875345,422292066605326,422292067795946,17.252792820,19.381671
509,422292075014028,17.246209877,1110380613,1110383470,422292102657798,422292101691404,17.286688278,26.677376
510,422292110632284,17.281828133,1110889046,1110891608,422292134587930,422292135586930,17.320583804,24.954646
511,422292164109965,17.335305814,1111397478,1111399728,422292170597746,422292169482388,17.354479262,5.372423
512,422292212678884,17.383874733,1111905910,1111907835,422292202654853,422292203377847,17.388374721,-9.301037
513,422292241476151,17.412672000,1112414342,1112415965,422292238638748,422292237273306,17.422270180,-4.202845
514,422292270548840,17.441744689,1112922774,1112925997,422292270632434,422292271168764,17.456165638,0.619924
515,422292292127808,17.463323657,1113431206,1113434093,422292306627263,422292305064223,17.490061097,12.936415
516,422292316672694,17.487868543,1113939638,1113942226,422292338644732,422292338959681,17.523956555,22.286987
517,422292358576566,17.529772415,1114448070,1114450365,422292374634003,422292372855140,17.557852014,14.278574
518,422292395086897,17.566282746,1114956503,1114958556,422292406641957,422292406750665,17.591747539,11.663768
519,422292419392130,17.590587979,1115464935,1115466698,422292438651029,422292440646124,17.625642998,21.253994
520,422292446474701,17.617670550,1115973367,1115976680,422292474601204,422292474541582,17.659538456,28.066881
521,422292503052084,17.674247933,1116481799,1116484799,422292506612594,422292508437041,17.693433915,5.384957
522,422292526677033,17.697872882,1116990231,1116992961,422292542615284,422292542332499,17.727329373,15.655466
523,422292551068651,17.722264500,1117498663,1117501072,422292574718627,422292576227958,17.761224832,25.159307
524,422292582287999,17.753483848,1118007095,1118009168,422292610624405,422292610123417,17.795120291,27.835418
525,422292627743059,17.798938908,1118515528,1118517259,422292642600565,422292644018942,17.829015816,16.275883
526,422292649668600,17.820864449,1119023960,1119027237,422292678638068,422292677914400,17.862911274,28.245800
527,422292686711356,17.857907205,1119532392,1119535377,422292710704399,422292711809859,17.896806733,25.098503
528,422292721938406,17.893134255,1120040824,1120043518,422292746619973,422292745705318,17.930702192,23.766912
529,422292766005017,17.937200866,1120549256,1120551627,422292778615321,422292779600776,17.964597650,13.595759
530,422292790050095,17.961245944,1121057688,1121059766,422292814580588,422292813496235,17.998493109,23.446140
531,422292825112192,17.996308041,1121566120,1121567911,422292846653803,422292847391693,18.032388567,22.279501
532,422292853833742,18.025029591,1122074552,1122076043,422292882632693,422292881287152,18.066284026,27.453410
533,422292900764415,18.071960264,1122582985,1122586025,422292914778663,422292915182677,18.100179551,14.418262
534,422292921447014,18.092642863,1123091417,1123094133,422292950589104,422292949078136,18.134075010,27.631122
535,422292961055685,18.132251534,1123599849,1123602283,422292982708159,422292982973594,18.167970468,21.917909
536,422292989363272,18.160559121,1124108281,1124110402,422293018584254,422293016869053,18.201865927,27.505781
537,422293031336914,18.202532763,1124616713,1124618482,422293050737255,422293050764512,18.235761386,19.427598
538,422293059104420,18.230300269,1125125145,1125126608,422293082619503,422293084659970,18.269656844,25.555550
539,422293090305400,18.261501249,1125633577,1125636601,422293118732874,422293118555429,18.303552303,28.250029
540,422293128585059,18.299780908,1126142010,1126144713,422293150601400,422293152450954,18.337447828,23.865895
541,422293185064079,18.356259928,1126650442,1126652838,422293186699618,422293186346413,18.371343287,1.282334
542,422293209494881,18.380690730,1127158874,1127160947,422293218608909,422293220241871,18.405238745,10.746990
543,422293230658892,18.401854741,1127667306,1127669077,422293254711249,422293254137330,18.439134204,23.478438
544,422293267494815,18.438690664,1128175738,1128177190,422293286620651,422293288032788,18.473029662,20.537973
545,422293319913842,18.491109691,1128684170,1128687177,422293322593582,422293321928247,18.506925121,2.014405
546,422293340999739,18.512195588,1129192602,1129195284,422293354696055,422293355823706,18.540820580,14.823967
547,422293361553102,18.532748951,1129701034,1129703415,422293390593699,422293389719164,18.574716038,28.166062
548,422293397475577,18.568671426,1130209467,1130211548,422293422594294,422293423614689,18.608611563,26.139112
549,422293440592925,18.611788774,1130717899,1130719656,422293458591884,422293457510148,18.642507022,16.917223
550,422293465500820,18.636696669,1131226331,1131227793,422293490721361,422293491405607,18.676402481,25.904787
551,422293501518663,18.672714512,1131734763,1131737830,422293526716769,422293525301065,18.710297939,23.782402
552,422293536487031,18.707682880,1132243195,1132245962,422293558626730,422293559196524,18.744193398,22.709493
553,422293581707303,18.752903152,1132751627,1132754089,422293594598435,422293593091982,18.778088856,11.384679
554,422293603984132,18.775179981,1133260059,1133262253,422293626607910,422293626987441,18.811984315,23.003309
555,422293637705183,18.808901032,1133768491,1133770373,422293662690420,422293660882899,18.845879773,23.177716
556,422293671087490,18.842283339,1134276924,1134278494,422293694622526,422293694778425,18.879775299,23.690935
557,422293728077670,18.899273519,1134785356,1134788487,422293730588091,422293728673883,18.913670757,0.596213
558,422293746967185,18.918163034,1135293788,1135296587,422293762731999,422293762569342,18.947566216,15.602157
559,422293769508078,18.940703927,1135802220,1135804754,422293794643570,422293796464800,18.981461674,26.956722
560,422293802904245,18.974100094,1136310652,1136312852,422293830616114,422293830360259,19.015357133,27.456014
561,422293850213445,19.021409294,1136819084,1136821016,422293862733795,422293864255718,19.049252592,14.042273
562,422293870905077,19.042100926,1137327516,1137329144,422293898601837,422293898151176,19.083148050,27.246099
563,422293906274869,19.077470718,1137835949,1137839146,422293930701905,422293932046702,19.117043576,25.771833
564,422293941649445,19.112845294,1138344381,1138347280,422293966622008,422293965942160,19.150939034,24.292715
565,422293993414438,19.164610287,1138852813,1138855423,422293998639753,422293999837619,19.184834493,6.423181
566,422294015181055,19.186376904,1139361245,1139363529,422294034626928,422294033733077,19.218729951,18.552022
567,422294042109684,19.213305533,1139869677,1139871648,422294066705308,422294067628536,19.252625410,25.518852
568,422294076283485,19.247479334,1140378109,1140379775,422294102599091,422294101523994,19.286520868,25.240509
569,422294123357754,19.294553603,1140886541,1140889760,422294134602436,422294135419453,19.320416327,12.061699
570,422294144950063,19.316145912,1141394973,1141397919,422294170650361,422294169314912,19.354311786,24.364849
571,422294178722189,19.349918038,1141903406,1141906054,422294202601299,422294203210437,19.388207311,24.488248
572,422294213235587,19.384431436,1142411838,1142414188,422294238598303,422294237105895,19.422102769,23.870308
573,422294259317156,19.430513005,1142920270,1142922279,422294270658015,422294271001354,19.455998228,11.684198
574,422294283357731,19.454553580,1143428702,1143430384,422294306592959,422294304896813,19.489893687,21.539082
575,422294315379352,19.486575201,1143937134,1143940395,422294338636823,422294338792271,19.523789145,23.412919
576,422294345869519,19.517065368,1144445566,1144448503,422294374600231,422294372687730,19.557684604,26.818211
577,422294394227202,19.565423051,1144953998,1144956600,422294406605195,422294406583188,19.591580062,12.355986
578,422294418594683,19.589790532,1145462430,1145464746,422294438721503,422294440478647,19.625475521,21.883964
579,422294445264833,19.616460682,1145970863,1145972844,422294474597526,422294474374172,19.659371046,29.109339
580,422294483134089,19.654329938,1146479295,1146480961,422294506602911,422294508269631,19.693266505,25.135542
581,422294528162402,19.699358251,1146987727,1146990956,422294542634571,422294542165089,19.727161963,14.002687
582,422294551700592,19.722896441,1147496159,1147499097,422294574656631,422294576060548,19.761057422,24.359956
583,422294581362581,19.752558430,1148004591,1148007253,422294610713225,422294609956007,19.794952881,28.593426
584,422294624138623,19.795334472,1148513023,1148515391,422294642595975,422294643851465,19.828848339,19.712842
585,422294665718717,19.836914566,1149021456,1149023534,422294678722371,422294677746990,19.862743864,12.028273
586,422294688120193,19.859316042,1149529888,1149531637,422294710706820,422294711642449,19.896639323,23.522256
587,422294718569906,19.889765755,1150038320,1150039779,422294746726228,422294745537908,19.930534782,26.968002
588,422294761127447,19.932323296,1150546752,1150549764,422294778605344,422294779433366,19.964430240,18.305919
589,422294818946350,19.990142199,1151055184,1151057902,422294814581862,422294813328825,19.998325699,-5.617525
590,422294839916077,20.011111926,1151563616,1151566028,422294846631123,422294847224283,20.032221157,7.308206
591,422294857968225,20.029164074,1152072048,1152074139,422294882718510,422294881119742,20.066116616,23.151517
592,422294889395403,20.060591252,1152580480,1152582255,422294914611078,422294915015200,20.100012074,25.619797
593,422294937395522,20.108591371,1153088912,1153092216,422294950754845,422294948910659,20.133907533,11.515137
594,422294958172616,20.129368465,1153597345,1153600333,422294982599715,422294982806184,20.167803058,24.633568
595,422294989132974,20.160328823,1154105777,1154108495,422295018587044,422295016701643,20.201698517,27.568669
596,422295025800918,20.196996767,1154614209,1154616639,422295050666689,422295050597102,20.235593976,24.796184
597,422295073857326,20.245053175,1155122641,1155124746,422295082609424,422295084492560,20.269489434,10.635234
598,422295097922159,20.269118008,1155631073,1155632873,422295118658987,422295118388019,20.303384893,20.465860
599,422295124826495,20.296022344,1156139505,1156140994,422295150606683,422295152283477,20.337280351,27.456982
600,422295158500520,20.329696369,1156647937,1156650990,422295186596209,422295186178936,20.371175810,27.678416
601,422295209165409,20.380361258,1157156370,1157159093,422295218627494,422295220074461,20.405071335,10.909052
602,422295234449473,20.405645322,1157664802,1157667185,422295254713830,422295253969920,20.438966794,19.520447
603,422295263818430,20.435014279,1158173234,1158175277,422295286593625,422295287865378,20.472862252,24.046948
604,422295297588889,20.468784738,1158681666,1158683407,422295322647613,422295321760837,20.506757711,24.171948
605,422295344266519,20.515462368,1159190098,1159193404,422295354602243,422295355656295,20.540653169,11.389776
606,422295364403979,20.535599828,1159698530,1159701541,422295390630972,422295389551754,20.574548628,25.147775
607,422295400691780,20.571887629,1160206962,1160209634,422295422762415,422295423447213,20.608444087,22.755433
608,422295434715131,20.605910980,1160715394,1160717764,422295458664672,422295457342671,20.642339545,22.627540
609,422295483525817,20.654721666,1161223827,1161225883,422295490627519,422295491238196,20.676235070,7.712379
610,422295506964770,20.678160619,1161732259,1161734008,422295526600023,422295525133655,20.710130529,18.168885
611,422295532670123,20.703865972,1162240691,1162242145,422295558669727,422295559029114,20.744025988,26.358991
612,422295572130343,20.743326192,1162749123,1162752168,422295594602686,422295592924572,20.777921446,20.794229
613,422295624341030,20.795536879,1163257555,1163260284,422295626639365,422295626820031,20.811816905,2.479001
614,422295645532072,20.816727921,1163765987,1163768414,422295662617952,422295660715489,20.845712363,15.183417
615,422295664877789,20.836073638,1164274419,1164276565,422295694615980,422295694610948,20.879607822,29.733159
616,422295706203078,20.877398927,1164782851,1164784707,422295726606539,422295728506407,20.913503281,22.303329
617,422295755155843,20.926351692,1165291284,1165292830,422295762624407,422295762401932,20.947398806,7.246089
618,422295779852200,20.951048049,1165799716,1165802829,422295794599328,422295796297390,20.981294264,16.445190
619,422295804954282,20.976150131,1166308148,1166310914,422295830656291,422295830192849,21.015189723,25.238567
620,422295837839675,21.009035524,1166816580,1166819045,422295862595477,422295864088308,21.049085182,26.248633
621,422295882725107,21.053920956,1167325012,1167327186,422295898653198,422295897983766,21.082980640,15.258659
622,422295908698466,21.079894315,1167833444,1167835321,422295930599805,422295931879225,21.116876099,23.180759
623,422295937916869,21.109112718,1168341876,1168343407,422295966595174,422295965774683,21.150771557,27.857814
624,422295981154795,21.152350644,1168850309,1168853406,422295998598779,422295999670209,21.184667083,18.515414
625,422296028373256,21.199569105,1169358741,1169361521,422296034603449,422296033565667,21.218562541,5.192411
626,422296053040236,21.224236085,1169867173,1169869608,422296066624147,422296067461126,21.252458000,14.420890
627,422296083046683,21.254242532,1170375605,1170377740,422296102657919,422296101356584,21.286353458,18.309901
628,422296109671462,21.280867311,1170884037,1170885918,422296134625647,422296135252043,21.320248917,25.580581
629,422296151166152,21.322362001,1171392469,1171394005,422296170622762,422296169147502,21.354144376,17.981350
630,422296178495538,21.349691387,1171900901,1171904003,422296202630595,422296203042960,21.388039834,24.547422
631,422296210441346,21.381637195,1172409333,1172412140,422296238646624,422296236938419,21.421935293,26.497073
632,422296246343160,21.417539009,1172917766,1172920283,422296270626379,422296270833944,21.455830818,24.490784
633,422296296422647,21.467618496,1173426198,1173428376,422296306625505,422296304729402,21.489726276,8.306755
634,422296319024401,21.490220250,1173934630,1173936533,422296338766584,422296338624861,21.523621735,19.600460
635,422296347027675,21.518223524,1174443062,1174444638,422296370703860,422296372520320,21.557517194,25.492645
636,422296378236634,21.549432483,1174951494,1174954658,422296406646373,422296406415778,21.591412652,28.179144
637,422296423702726,21.594898575,1175459926,1175462818,422296438649200,422296440311237,21.625308111,16.608511
638,422296444837699,21.616033548,1175968358,1175970939,422296474645819,422296474206695,21.659203569,29.368996
639,422296481364673,21.652560522,1176476790,1176479079,422296506636816,422296508102154,21.693099028,26.737481
640,422296514468933,21.685664782,1176985223,1176987190,422296542682442,422296541997679,21.726994553,27.528746
641,422296556727208,21.727923057,1177493655,1177495291,422296574611321,422296575893138,21.760890012,19.165930
642,422296582804915,21.754000764,1178002087,1178005287,422296610638386,422296609788596,21.794785470,26.983681
643,422296619934511,21.791130360,1178510519,1178513430,422296642716119,422296643684055,21.828680929,23.749544
644,422296653693306,21.824889155,1179018951,1179021578,422296678597908,422296677579514,21.862576388,23.886208
645,422296729610275,21.900806124,1179527383,1179529694,422296710628699,422296711474972,21.896471846,-18.135303
646,422296748925980,21.920121829,1180035816,1180037809,422296746704095,422296745370497,21.930367371,-3.555483
647,422296769778523,21.940974372,1180544248,1180545970,422296778614704,422296779265956,21.964262830,9.487433
648,422296794680657,21.965876506,1181052680,1181055960,422296814597224,422296813161415,21.998158289,18.480758
649,422296847962372,22.019158221,1181561112,1181564076,422296846717468,422296847056873,22.032053747,-0.905499
650,422296868735769,22.039931618,1182069544,1182072204,422296882622966,422296880952332,22.065949206,12.216563
651,422296895117186,22.066313035,1182577976,1182580319,422296914657259,422296914847790,22.099844664,19.730604
652,422296922475396,22.093671245,1183086408,1183088435,422296950605666,422296948743249,22.133740123,26.267853
653,422296977308039,22.148503888,1183594840,1183596542,422296982612344,422296982638708,22.167635582,5.330669
654,422297002218979,22.173414828,1184103272,1184106555,422297014638457,422297016534166,22.201531040,14.315187
655,422297028918039,22.200113888,1184611705,1184614716,422297050724172,422297050429691,22.235426565,21.511652
656,422297057850673,22.229046522,1185120137,1185122860,422297082608634,422297084325150,22.269322024,26.474477
657,422297114176673,22.285372522,1185628569,1185630959,422297118609937,422297118220609,22.303217483,4.043936
658,422297137622400,22.308818249,1186137001,1186139116,422297150605178,422297152116067,22.337112941,14.493667
659,422297160726008,22.331921857,1186645433,1186647262,422297186743746,422297186011526,22.371008400,25.285518
660,422297196261325,22.367457174,1187153865,1187155379,422297218624512,422297219906984,22.404903858,23.645659
661,422297255909702,22.427105551,1187662297,1187665358,422297254710664,422297253802443,22.438799317,-2.107259
662,422297284924698,22.456120547,1188170730,1188173485,422297286605554,422297287697968,22.472694842,2.773270
663,422297310427493,22.481623342,1188679162,1188681640,422297322612683,422297321593427,22.506590301,11.165934
664,422297333927169,22.505123018,1189187594,1189189763,422297354611167,422297355488885,22.540485759,21.561716
665,422297381564254,22.552760103,1189696026,1189697925,422297390603425,422297389384344,22.574381218,7.820090
666,422297410637190,22.581833039,1190204458,1190206046,422297422632079,422297423279802,22.608276676,12.642612
667,422297435924932,22.607120781,1190712890,1190716045,422297458635387,422297457175261,22.642172135,21.250329
668,422297466582701,22.637778550,1191221322,1191224167,422297490614408,422297491070720,22.676067594,24.488019
669,422297518340611,22.689536460,1191729754,1191732270,422297526663676,422297524966178,22.709963052,6.625567
670,422297539068057,22.710263906,1192238187,1192240424,422297558661206,422297558861704,22.743858578,19.793647
671,422297565398788,22.736594637,1192746619,1192748559,422297594625924,422297592757162,22.777754036,27.358374
672,422297597704462,22.768900311,1193255051,1193256660,422297626631486,422297626652621,22.811649495,28.948159
673,422297639577323,22.810773172,1193763483,1193766683,422297658620728,422297660548079,22.845544953,20.970756
674,422297666874342,22.838070191,1194271915,1194274800,422297694663302,422297694443538,22.879440412,27.569196
675,422297705226908,22.876422757,1194780347,1194782903,422297726698247,422297728338996,22.913335870,23.112088
676,422297738222433,22.909418282,1195288779,1195291029,422297762606255,422297762234455,22.947231329,24.012022
677,422297790504362,22.961700211,1195797211,1195799198,422297794632737,422297796129914,22.981126788,5.625552
678,422297813495528,22.984691377,1196305644,1196307314,422297830770885,422297830025439,23.015022313,16.529911
679,422297837256882,23.008452731,1196814076,1196817336,422297862652308,422297863920897,23.048917771,26.664015
680,422297872211215,23.043407064,1197322508,1197325480,422297898595077,422297897816356,23.082813230,25.605141
681,422297920257891,23.091453740,1197830940,1197833582,422297930695026,422297931711815,23.116708689,11.453924
682,422297942617411,23.113813260,1198339372,1198341747,422297966602503,422297965607273,23.150604147,22.989862
683,422297973784205,23.144980054,1198847804,1198849890,422297998614257,422297999502732,23.184499606,25.718527
684,422298009457498,23.180653347,1199356236,1199358015,422298034637242,422298033398190,23.218395064,23.940692
685,422298054143455,23.225339304,1199864669,1199866159,422298066645134,422298067293716,23.252290590,13.150261
686,422298075854933,23.247050782,1200373101,1200376138,422298102662277,422298101189174,23.286186048,25.334241
687,422298112083486,23.283279335,1200881533,1200884253,422298134663222,422298135084633,23.320081507,23.001147
688,422298142429979,23.313625828,1201389965,1201392381,422298170603559,422298168980091,23.353976965,26.550112
689,422298189543288,23.360739137,1201898397,1201900533,422298202664461,422298202875550,23.387872424,13.332262
690,422298213282274,23.384478123,1202406829,1202408655,422298238638317,422298236771009,23.421767883,23.488735
691,422298241499404,23.412695253,1202915261,1202916782,422298270722891,422298270666467,23.455663341,29.167063
692,422298280418235,23.451614084,1203423693,1203426761,422298302625390,422298304561926,23.489558800,24.143691
693,422298329192259,23.500388108,1203932126,1203934888,422298338674665,422298338457451,23.523454325,9.265192
694,422298351873442,23.523069291,1204440558,1204442989,422298370657086,422298372352910,23.557349784,20.479468
695,422298378024675,23.549220524,1204948990,1204951109,422298406671983,422298406248368,23.591245242,28.223693
696,422298419576442,23.590772291,1205457422,1205459237,422298438630913,422298440143827,23.625140701,20.567385
697,422298464420293,23.635616142,1205965854,1205967340,422298474655111,422298474039285,23.659036159,9.618992
698,422298491987727,23.663183576,1206474286,1206477336,422298506608467,422298507934744,23.692931618,15.947017
699,422298519024926,23.690220775,1206982718,1206985452,422298542637464,422298541830202,23.726827076,22.805276
700,422298553279305,23.724475154,1207491150,1207493580,422298574603770,422298575725661,23.760722535,22.446356
701,422298609563372,23.780759221,1207999583,1208001684,422298610646235,422298609621186,23.794618060,0.057814
702,422298631799040,23.802994889,1208508015,1208509795,422298642654797,422298643516645,23.828513519,11.717605
703,422298653566549,23.824762398,1209016447,1209017924,422298678604276,422298677412104,23.862408978,23.845555
704,422298686324053,23.857519902,1209524879,1209527931,422298710620213,422298711307562,23.896304436,24.983509
705,422298731178417,23.902374266,1210033311,1210036081,422298746683635,422298745203021,23.930199895,14.024604
706,422298754525122,23.925720971,1210541743,1210544201,422298778636386,422298779098479,23.964095353,24.573357
707,422298786731869,23.957927718,1211050176,1211052311,422298814629431,422298812994004,23.997990878,26.262135
708,422298823638467,23.994834316,1211558608,1211560447,422298846664186,422298846889463,24.031886337,23.250996
709,422298874116366,24.045312215,1212067040,1212068561,422298882618193,422298880784922,24.065781796,6.668556
710,422298900670357,24.071866206,1212575472,1212578568,422298914791209,422298914680380,24.099677254,14.010023
711,422298923576582,24.094772431,1213083904,1213086674,422298946711515,422298948575839,24.133572713,24.999257
712,422298955422699,24.126618548,1213592336,1213594765,422298982653834,422298982471297,24.167468171,27.048598
713,422299014627196,24.185823045,1214100768,1214102878,422299014753966,422299016366756,24.201363630,1.739560
714,422299041942493,24.213138342,1214609200,1214611023,422299050714692,422299050262215,24.235259089,8.319722
715,422299069482696,24.240678545,1215117632,1215119131,422299082615959,422299084157673,24.269154547,14.674977
716,422299098498606,24.269694455,1215626065,1215629149,422299118622017,422299118053198,24.303050072,19.554592
717,422299151720120,24.322915969,1216134497,1216137242,422299150701433,422299151948657,24.336945531,0.228537
718,422299179573256,24.350769105,1216642929,1216645398,422299186652761,422299185844116,24.370840990,6.270860
719,422299208370701,24.379566550,1217151361,1217153523,422299218609419,422299219739574,24.404736448,11.368873
720,422299239201658,24.410397507,1217659793,1217661624,422299254615942,422299253635033,24.438631907,14.433375
721,422299306478094,24.477673943,1218168225,1218169728,422299286616946,422299287530491,24.472527365,-18.947603
722,422299337032399,24.508228248,1218676657,1218679746,422299322637733,422299321425950,24.506422824,-15.606449
723,422299367794744,24.538990593,1219185090,1219187900,422299354615967,422299355321475,24.540318349,-12.473269
724,422299408182189,24.579378038,1220201954,1220204184,422299422616179,422299423112392,24.608109266,14.930203
725,422299460781229,24.631977078,1220710386,1220712270,422299458601270,422299457007851,24.642004725,-3.773378
726,422299494208569,24.665404418,1221218818,1221220349,422299490728788,422299490903310,24.675900184,-3.305259
727,422299532015198,24.703211047,1221727250,1221730320,422299526738983,422299524798768,24.709795642,-7.216430
728,422299562467691,24.733663540,1222235682,1222238451,422299558731889,422299558694227,24.743691101,-3.773464
729,422299617030209,24.788226058,1223252547,1223254695,422299626616249,422299626485211,24.811482085,9.455002
730,422299656789027,24.827984876,1223760979,1223762838,422299658626320,422299660380669,24.845377543,3.591642
731,422299693409192,24.864605041,1224269411,1224270950,422299694648195,422299694276128,24.879273002,0.866936
732,422299722358620,24.893554469,1224777843,1224780881,422299726616664,422299728171586,24.913168460,5.812966
733,422299775409610,24.946605459,1225286275,1225288999,422299762647322,422299762067045,24.947063919,-13.342565
734,422299811410843,24.982606692,1225794707,1225797111,422299794648054,422299795962504,24.980959378,-15.448339
735,422299844418537,25.015614386,1226303139,1226305233,422299830614366,422299829857962,25.014854836,-14.560575
736,422299883506054,25.054701903,1227320004,1227321461,422299898629839,422299897648946,25.082645820,14.142892
737,422299938788802,25.109984651,1227828436,1227831430,422299930648990,422299931544404,25.116541278,-7.244398
738,422299969196076,25.140391925,1228336868,1228339597,422299966599729,422299965439863,25.150436737,-3.756213
739,422300008637967,25.179833816,1228845300,1228847709,422299998670249,422299999335322,25.184332196,-9.302645
740,422300038328630,25.209524479,1229353732,1229355814,422300034660928,422300033230780,25.218227654,-5.097850
741,422300087076921,25.258272770,1230370596,1230372073,422300102642195,422300101021697,25.286018571,13.944776
742,422300130812314,25.302008163,1230879029,1230882080,422300134658822,422300134917223,25.319914097,4.104909
743,422300161810972,25.333006821,1231387461,1231390210,422300170634073,422300168812681,25.353809555,7.001709
744,422300201274076,25.372469925,1231895893,1231898341,422300202668852,422300202708140,25.387705014,1.434064
745,422300262779181,25.433975030,1232912757,1232914606,422300270653243,422300270499057,25.455495931,7.719876
746,422300301455291,25.472651140,1233421189,1233422754,422300302740433,422300304394516,25.489391390,2.939225
747,422300331082406,25.502278255,1233929621,1233932754,422300338608420,422300338289974,25.523286848,7.207568
748,422300369970634,25.541166483,1234438053,1234440877,422300370648545,422300372185433,25.557182307,2.214799
749,422300426317594,25.597513443,1235454918,1235457138,422300438618975,422300439976417,25.624973291,13.658823
750,422300455949272,25.627145121,1235963350,1235965294,422300474701114,422300473871875,25.658868749,17.922603
751,422300494605031,25.665800880,1236471782,1236473425,422300506612600,422300507767334,25.692764208,13.162303
752,422300525359459,25.696555308,1236980214,1236983459,422300542604871,422300541662792,25.726659666,16.303333
753,422300580340990,25.751536839,1237488646,1237491560,422300574660090,422300575558251,25.760555125,-4.782739
754,422300627645487,25.798841336,1238505510,1238507814,422300642681035,422300643349168,25.828346042,15.703681
755,422300660296973,25.831492822,1239013943,1239015923,422300678629032,422300677244693,25.862241567,16.947720
756,422300693206774,25.864402623,1239522375,1239524017,422300710636150,422300711140152,25.896137026,17.933378
757,422300751840675,25.923036524,1240030807,1240034034,422300746634228,422300745035611,25.930032485,-6.805064
758,422300783346263,25.954542112,1240539239,1240542152,422300778639519,422300778931069,25.963927943,-4.415194
759,422300812756503,25.983952352,1241047671,1241050300,422300814733162,422300812826528,25.997823402,0.070025
760,422300842904815,26.014100664,1241556103,1241558450,422300846619464,422300846721986,26.031718860,3.817171
761,422300912518600,26.083714449,1242572968,1242574672,422300914688228,422300914512970,26.099509844,1.994370
762,422300967869796,26.139065645,1243589832,1243592802,422300982642867,422300982303887,26.167300761,14.434091
763,422301017870812,26.189066661,1244098264,1244100911,422301014729795,422301016199346,26.201196220,-1.671466
764,422301048921198,26.220117047,1244606696,1244609034,422301050689747,422301050094804,26.235091678,1.173606
765,422301078344889,26.249540738,1245115128,1245117174,422301082709795,422301083990263,26.268987137,5.645374
766,422301121121223,26.292317072,1245623560,1245625281,422301118608955,422301117885722,26.302882596,-3.235501
767,422301172057184,26.343253033,1246640425,1246643425,422301186654035,422301185676706,26.370673580,13.619522
768,422301205590050,26.376785899,1247148857,1247151539,422301218641511,422301219572164,26.404569038,13.982114
769,422301242563980,26.413759829,1247657289,1247659667,422301254616561,422301253467623,26.438464497,10.903643
770,422301275780863,26.446976712,1248165721,1248167805,422301286649202,422301287363081,26.472359955,11.582218
771,422301352640824,26.523836673,1249182585,1249184084,422301354742320,422301355153998,26.540150872,2.513174
772,422301385762926,26.556958775,1249691017,1249694051,422301390660869,422301389049457,26.574046331,3.286531
773,422301417942936,26.589138785,1250199450,1250202169,422301422684672,422301422944982,26.607941856,5.002046
774,422301456709601,26.627905450,1250707882,1250710281,422301458716421,422301456840441,26.641837315,0.130840
775,422301519484915,26.690680764,1251724746,1251726537,422301522722626,422301524631358,26.709628232,5.146443
776,422301562659784,26.733855633,1252233178,1252234667,422301558759245,422301558526817,26.743523691,-4.132967
777,422301599492974,26.770688823,1252741610,1252744660,422301590674896,422301592422275,26.777419149,-7.070699
778,422301628895445,26.800091294,1253250042,1253252769,422301626722431,422301626317734,26.811314608,-2.577711
779,422301695425163,26.866621012,1254266907,1254269021,422301694661676,422301694108718,26.879105592,-1.316445
780,422301733167389,26.904363238,1254775339,1254777145,422301726622933,422301728004176,26.913001050,-5.163213
781,422301769304561,26.940500410,1255283771,1255285264,422301762633150,422301761899635,26.946896509,-7.404926
782,422301821260664,26.992456513,1256300635,1256303393,422301830633076,422301829690552,27.014687426,8.429888
783,422301883305309,27.054501158,1257317499,1257319585,422301898675746,422301897481469,27.082478343,14.176160
784,422301930435369,27.101631218,1257825931,1257827682,422301930711280,422301931376928,27.116373802,0.941559
785,422301965511272,27.136707121,1258334364,1258335840,422301966666931,422301965272453,27.150269327,-0.238819
786,422302004315252,27.175511101,1258842796,1258845856,422301998737953,422301999167912,27.184164786,-5.147340
787,422302070501797,27.241697646,1259859660,1259862090,422302066644002,422302066958829,27.251955703,-3.542968
788,422302110689378,27.281885227,1260368092,1260370206,422302102718762,422302100854287,27.285851161,-9.835091
789,422302141677640,27.312873489,1260876524,1260878316,422302134730133,422302134749746,27.319746620,-6.927894
790,422302181624676,27.352820525,1261384956,1261386463,422302166656773,422302168645205,27.353642079,-12.979471
791,422302236911592,27.408107441,1262401821,1262404540,422302234730780,422302236436188,27.421433062,-0.475404
792,422302273507847,27.444703696,1262910253,1262912684,422302270680659,422302270331647,27.455328521,-3.176200
793,422302320706358,27.491902207,1263418685,1263420834,422302302633161,422302304227106,27.489223980,-16.479252
794,422302357183869,27.528379718,1264435549,1264437083,422302370638885,422302372018023,27.557014897,14.834154
795,422302430372157,27.601568006,1265452413,1265455210,422302438736429,422302439808940,27.624805814,9.436783
796,422302464372392,27.635568241,1265960846,1265963311,422302474762883,422302473704465,27.658701339,9.332073
797,422302504033098,27.675228947,1266469278,1266471418,422302506642783,422302507599924,27.692596798,3.566826
798,422302544438413,27.715634262,1266977710,1266979548,422302542720678,422302541495382,27.726492256,-2.943031
799,422302605291488,27.776487337,1267994574,1267997678,422302610731599,422302609286300,27.794283174,3.994812
800,422302634927593,27.806123442,1268503006,1268505801,422302642631050,422302643181758,27.828178632,8.254165
801,422302670989503,27.842185352,1269011438,1269013929,422302678646328,422302677077217,27.862074091,6.087714
802,422302700298033,27.871493882,1269519870,1269522058,422302710685376,422302710972675,27.895969549,10.674642
803,422302746829619,27.918025468,1270028303,1270030165,422302746691879,422302744868200,27.929865074,-1.961419
804,422302791331390,27.962527239,1270536735,1270538264,422302778625457,422302778763659,27.963760533,-12.567731
805,422302823617881,27.994813730,1271045167,1271048297,422302814608719,422302812659118,27.997655992,-10.958763
806,422302852135865,28.023331714,1271553599,1271556439,422302846616832,422302846554576,28.031551450,-5.581289
807,422302911870532,28.083066381,1272570463,1272572695,422302914624710,422302914345493,28.099342367,2.474961
808,422302944612265,28.115808114,1273078896,1273080828,422302946627541,422302948241019,28.133237893,3.628754
809,422302979277581,28.150473430,1273587328,1273588961,422302982616482,422302982136477,28.167133351,2.858896
810,422303017824053,28.189019902,1274095760,1274098958,422303014635758,422303016031936,28.201028810,-1.792117
811,422303069180631,28.240376480,1275112624,1275115180,422303082613387,422303083822853,28.268819727,14.642222
812,422303103745703,28.274941552,1275621056,1275623308,422303118640048,422303117718312,28.302715186,13.972609
813,422303140111746,28.311307595,1276129488,1276131422,422303150619311,422303151613770,28.336610644,11.502024
814,422303168133451,28.339329300,1276637920,1276639530,422303186611635,422303185509229,28.370506103,17.375778
815,422303222069739,28.393265588,1277146353,1277149547,422303218663140,422303219404754,28.404401628,-2.664985
816,422303263086280,28.434282129,1277654785,1277657670,422303254719786,422303253300213,28.438297087,-9.786067
817,422303295080406,28.466276255,1278163217,1278165771,422303286641640,422303287195671,28.472192545,-7.884735
818,422303326633201,28.497829050,1278671649,1278673899,422303322697994,422303321091130,28.506088004,-5.542071
819,422303395226104,28.566421953,1279688513,1279690075,422303390600590,422303388882047,28.573878921,-6.344057
820,422303425423883,28.596619732,1280196945,1280200046,422303422628948,422303422777506,28.607774380,-2.646377
821,422303451591564,28.622787413,1280705377,1280708169,422303458615882,422303456672964,28.641669838,5.081400
822,422303480556261,28.651752110,1281213810,1281216298,422303490619754,422303490568489,28.675565363,10.012228
823,422303539651370,28.710847219,1281722242,1281724392,422303522653087,422303524463948,28.709460822,-15.187422
824,422303567742889,28.738938738,1282230674,1282232536,422303558702891,422303558359407,28.743356281,-9.383482
825,422303597082222,28.768278071,1282739106,1282740640,422303590717869,422303592254865,28.777251739,-4.827357
826,422303625050204,28.796246053,1283247538,1283250626,422303626717909,422303626150324,28.811147198,1.100120
827,422303680520424,28.851716273,1284264402,1284266821,422303694620774,422303693941241,28.878938115,13.420817
828,422303713838966,28.885034815,1284772834,1284774991,422303726615397,422303727836700,28.912833574,13.997734
829,422303743299849,28.914495698,1285281267,1285283114,422303762652237,422303761732225,28.946729099,18.432376
830,422303781433843,28.952629692,1285789699,1285791259,422303794640175,422303795627683,28.980624557,14.193840
831,422303836654883,29.007850732,1286298131,1286301237,422303830748680,422303829523142,29.014520016,-7.131741
832,422303867320388,29.038516237,1286806563,1286809391,422303862706400,422303863418600,29.048415474,-3.901788
833,422303908653819,29.079849668,1287314995,1287317517,422303898672780,422303897314059,29.082310933,-11.339760
834,422303936386247,29.107582096,1287823427,1287825640,422303930636890,422303931209518,29.116206392,-5.176729
835,422303987384238,29.158580087,1288840291,1288841895,422303998648572,422303999000435,29.183997309,11.616197
836,422304028684567,29.199880416,1289348724,1289351887,422304034658338,422304032895960,29.217892834,4.211393
837,422304061461562,29.232657411,1289857156,1289860018,422304066666773,422304066791419,29.251788293,5.329857
838,422304094632456,29.265828305,1290365588,1290368142,422304102604127,422304100686877,29.285683751,6.054421
839,422304152961748,29.324157597,1291382452,1291384401,422304166676577,422304168477794,29.353474668,15.516046
840,422304187546778,29.358742627,1291890884,1291892548,422304202616358,422304202373253,29.387370127,14.826475
841,422304221368399,29.392564248,1292399316,1292402535,422304234641514,422304236268712,29.421265586,14.900313
842,422304260874876,29.432070725,1292907749,1292910672,422304270735887,422304270164237,29.455161111,9.289361
843,422304319741324,29.490937173,1293416181,1293418768,422304302633626,422304304059695,29.489056569,-15.681629
844,422304350046475,29.521242324,1293924613,1293926874,422304338683085,422304337955154,29.522952028,-12.091321
845,422304393590350,29.564786199,1294941477,1294943105,422304406645266,422304405746071,29.590742945,12.155721
846,422304424156301,29.595352150,1295449909,1295453101,422304438661837,422304439641530,29.624638404,15.485229
847,422304477411236,29.648607085,1295958341,1295961264,422304474625326,422304473536988,29.658533862,-3.874248
848,422304522384232,29.693580081,1296466773,1296469396,422304506660775,422304507432447,29.692429321,-14.951785
849,422304553578810,29.724774659,1296975206,1296977526,422304542666048,422304541327972,29.726324846,-12.250838
850,422304581457942,29.752653791,1297483638,1297485636,422304574637791,422304575223431,29.760220305,-6.234511
851,422304635267652,29.806463501,1298500502,1298503813,422304642749045,422304643014348,29.828011222,7.746696
852,422304666869459,29.838065308,1299008934,1299011931,422304678633932,422304676909807,29.861906681,10.040348
853,422304704793936,29.875989785,1299517366,1299520054,422304710780038,422304710805265,29.895802139,6.011329
854,422304742694725,29.913890574,1300025798,1300028134,422304746649124,422304744700724,29.929697598,2.005999
855,422304799211645,29.970407494,1301042663,1301044379,422304810636528,422304812491708,29.997488582,13.280063
856,422304830067616,30.001263465,1301551095,1301554383,422304846673903,422304846387166,30.031384040,16.319550
857,422304866323548,30.037519397,1302059527,1302062500,422304878629914,422304880282625,30.065279499,13.959077
858,422304895754020,30.066949869,1302567959,1302570662,422304914625282,422304914178083,30.099174957,18.424063
859,422304943693909,30.114889758,1303076391,1303078794,422304946631191,422304948073542,30.133070416,4.379633
860,422304983955335,30.155151184,1303584823,1303586908,422304982649746,422304981969000,30.166965874,-1.986335
861,422305015606965,30.186802814,1304093256,1304095042,422305014672564,422305015864526,30.200861400,0.257561
862,422305043049006,30.214244855,1304601688,1304605008,422305050678072,422305049759984,30.234756858,6.710978
863,422305100864414,30.272060263,1305618552,1305621276,422305118620995,422305117550902,30.302547776,16.686488
864,422305129741977,30.300937826,1306126984,1306129371,422305150666872,422305151446360,30.336443234,21.704383
865,422305160045795,30.331241644,1306635416,1306637435,422305186710591,422305185341819,30.370338693,25.296024
866,422305202234121,30.373429970,1307143848,1307145544,422305218640502,422305219237277,30.404234151,17.003156
867,422305248153492,30.419349341,1307652280,1307655564,422305254634353,422305253132736,30.438129610,4.979244
868,422305278783939,30.449979788,1308160712,1308163710,422305286670082,422305287028194,30.472025068,8.244255
869,422305315017449,30.486213298,1308669145,1308671846,422305322627974,422305320923720,30.505920594,5.906271
870,422305343251461,30.514447310,1309177577,1309179935,422305354626167,422305354819178,30.539816052,11.567717
871,422305404644536,30.575840385,1310194441,1310196165,422305422692955,422305422610095,30.607606969,17.965559
872,422305442734566,30.613930415,1310702873,1310706183,422305454665788,422305456505554,30.641502428,13.770988
873,422305473238644,30.644434493,1311211305,1311214295,422305490680079,422305490401013,30.675397887,17.162369
874,422305500320131,30.671515980,1311719737,1311722420,422305522675428,422305524296471,30.709293345,23.976340
875,422305558152140,30.729347989,1312228170,1312230530,422305558679233,422305558191996,30.743188870,0.039856
876,422305588777015,30.759972864,1312736602,1312738707,422305590657041,422305592087455,30.777084329,3.310440
877,422305615834083,30.787029932,1313245034,1313246780,422305626691903,422305625982914,30.810979788,10.148831
878,422305643476039,30.814671888,1313753466,1313754927,422305658626671,422305659878372,30.844875246,16.402333
879,422305707900358,30.879096207,1314770330,1314773051,422305726711525,422305727669289,30.912666163,19.768931
880,422305735327616,30.906523465,1315278762,1315281204,422305762662933,422305761564748,30.946561622,26.237132
881,422305761518111,30.932713960,1315787194,1315789332,422305794649057,422305795460207,30.980457081,33.942096
882,422305789034885,30.960230734,1316295627,1316297472,422305830756308,422305829355732,31.014352606,40.320847
883,422305845736735,31.016932584,1316804059,1316805553,422305862684966,422305863251190,31.048248064,17.514455
884,422305876197168,31.047393017,1317312491,1317315551,422305898682803,422305897146649,31.082143523,20.949481
885,422305910021175,31.081217024,1317820923,1317823689,422305930649960,422305931042108,31.116038982,21.020933
886,422305945220800,31.116416649,1318329355,1318331787,422305966628586,422305964937566,31.149934440,19.716766
887,422305997451831,31.168647680,1318837787,1318839913,422305998707184,422305998833025,31.183829899,1.381194
888,422306026588687,31.197784536,1319346219,1319348053,422306034637887,422306032728483,31.217725357,6.139796
889,422306062894404,31.234090253,1319854651,1319856182,422306066679144,422306066623942,31.251620816,3.729538
890,422306091014858,31.262210707,1320363084,1320366138,422306098676625,422306100519467,31.285516341,9.504609
891,422306136489077,31.307684926,1320871516,1320874233,422306134656091,422306134414926,31.319411800,-2.074151
892,422306173576236,31.344772085,1321379948,1321382372,422306166675345,422306168310384,31.353307258,-5.265852
893,422306206565384,31.377761233,1321888380,1321890511,422306202728278,422306202205843,31.387202717,-4.359541
894,422306232943319,31.404139168,1322396812,1322398668,422306234645186,422306236101302,31.421098176,3.157983
895,422306291267966,31.462463815,1323413676,1323416734,422306302618908,422306303892219,31.488889093,12.624253
896,422306321798944,31.492994793,1323922109,1323924845,422306338685320,422306337787744,31.522784618,15.988800
897,422306351098181,31.522294030,1324430541,1324432964,422306370659635,422306371683202,31.556680076,20.585021
898,422306390920209,31.562116058,1324938973,1324941062,422306406647500,422306405578661,31.590575535,14.658452
899,422306456450305,31.627646154,1325955837,1325957342,422306474654496,422306473369578,31.658366452,16.919273
900,422306498238183,31.669434032,1326464269,1326467329,422306506651720,422306507265037,31.692261911,9.026854
901,422306526230579,31.697426428,1326972701,1326975429,422306542661888,422306541160495,31.726157369,14.929916
902,422306556521224,31.727717073,1327481133,1327483558,422306574654145,422306575055954,31.760052828,18.534730
903,422306625872036,31.797067885,1328497998,1328499885,422306642669715,422306642846938,31.827843812,16.974902
904,422306655651382,31.826847231,1329006430,1329008008,422306678653990,422306676742396,31.861739270,21.091014
905,422306688049685,31.859245534,1329514862,1329518006,422306710671814,422306710637855,31.895634729,22.588170
906,422306732333810,31.903529659,1330023294,1330026132,422306742646332,422306744533314,31.929530188,12.199504
907,422306789434813,31.960630662,1330531726,1330534226,422306778705262,422306778428772,31.963425646,-11.006041
908,422306838009798,32.009205647,1331548590,1331550492,422306846661079,422306846219689,32.031216563,8.209891
909,422306876913028,32.048108877,1332057023,1332058605,422306878709395,422306880115215,32.065112089,3.202187
910,422306918412225,32.089608074,1332565455,1332568596,422306914747203,422306914010673,32.099007547,-4.401552
911,422306992839655,32.164035504,1333582319,1333584818,422306982674937,422306981801590,32.166798464,-11.038065
912,422307027727865,32.198923714,1334599183,1334601074,422307050625638,422307049592508,32.234589382,21.864643
913,422307062295892,32.233491741,1335107616,1335109189,422307082752574,422307083488033,32.268484907,21.192141
914,422307105998342,32.277194191,1335616048,1335619201,422307118632100,422307117383491,32.302380365,11.385149
915,422307163039939,32.334235788,1336632912,1336635515,422307186737263,422307185174409,32.370171283,22.134470
916,422307209248851,32.380444700,1337141344,1337143593,422307218653535,422307219069867,32.404066741,9.821016
917,422307239968224,32.411164073,1337649776,1337651732,422307254647264,422307252965326,32.437962200,12.997102
918,422307274304556,32.445500405,1338158208,1338159869,422307286700184,422307286860784,32.471857658,12.556228
919,422307343401392,32.514597241,1339175072,1339177974,422307354622459,422307354651702,32.539648576,11.250310
920,422307373951963,32.545147812,1339683505,1339686073,422307386666182,422307388547227,32.573544101,14.595264
921,422307404773124,32.575968973,1340191937,1340194215,422307422746143,422307422442685,32.607439559,17.669561
922,422307444730406,32.615926255,1340700369,1340702351,422307454668527,422307456338144,32.641335018,11.607738
923,422307502780453,32.673976302,1341717233,1341720537,422307522622386,422307524129061,32.709125935,21.348608
924,422307536871337,32.708067186,1342225665,1342228612,422307558707742,422307558024520,32.743021394,21.153183
925,422307577261213,32.748457062,1342734097,1342736738,422307590681317,422307591919978,32.776916852,14.658765
926,422307608505294,32.779701143,1343242530,1343244841,422307626662091,422307625815504,32.810812378,17.310210
927,422307659948792,32.831144641,1343750962,1343752946,422307658673913,422307659710962,32.844707836,-0.237830
928,422307702349952,32.873545801,1344259394,1344261069,422307694689895,422307693606421,32.878603295,-8.743531
929,422307731747147,32.902942996,1344767826,1344771068,422307726653502,422307727501879,32.912498753,-4.245268
930,422307763616370,32.934812219,1345276258,1345279232,422307762744009,422307761397338,32.946394212,-2.219032
931,422307829186858,33.000382707,1346293122,1346295472,422307830723444,422307829188255,33.014185129,0.001397
932,422307858097421,33.029293270,1346801554,1346803577,422307862630680,422307863083714,33.048080588,4.986293
933,422307888171840,33.059367689,1347309987,1347311707,422307898673570,422307896979239,33.081976113,8.807399
934,422307918315638,33.089511487,1347818419,1347821728,422307930649495,422307930874698,33.115871572,12.559060
935,422307971790748,33.142986597,1348326851,1348329827,422307966650328,422307964770156,33.149767030,-7.020592
936,422308005342498,33.176538347,1348835283,1348837944,422307998692349,422307998665615,33.183662489,-6.676883
937,422308035818038,33.207013887,1349343715,1349346064,422308030671223,422308032561073,33.217557947,-3.256965
938,422308072338633,33.243534482,1349852147,1349854197,422308066685808,422308066456532,33.251453406,-5.882101
939,422308126610961,33.297806810,1350869011,1350872293,422308134674410,422308134247449,33.319244323,7.636488
940,422308154374882,33.325570731,1351377444,1351380418,422308166667487,422308168142974,33.353139848,13.768092
941,422308188108443,33.359304292,1351885876,1351888561,422308202701519,422308202038433,33.387035307,13.929990
942,422308215907070,33.387102919,1352394308,1352396700,422308234637174,422308235933891,33.420930765,20.026821
943,422308263150153,33.434346002,1352902740,1352904796,422308270656365,422308269829350,33.454826224,6.679197
944,422308302596139,33.473791988,1353411172,1353412920,422308302750191,422308303724809,33.488721683,1.128670
945,422308332109005,33.503304854,1353919604,1353922923,422308338643579,422308337620267,33.522617141,5.511262
946,422308360654619,33.531850468,1354428036,1354431057,422308370645437,422308371515726,33.556512600,10.861107
947,422308426744034,33.597939883,1355444901,1355447328,422308438634833,422308439306710,33.624303584,12.562676
948,422308456937882,33.628133731,1355953333,1355955464,422308474672514,422308473202168,33.658199042,16.264286
949,422308489054526,33.660250375,1356461765,1356463595,422308506642756,422308507097627,33.692094501,18.043101
950,422308526995031,33.698190880,1356970197,1356971736,422308542618835,422308540993085,33.725989959,13.998054
951,422308575699121,33.746894970,1357478629,1357481727,422308574654423,422308574888544,33.759885418,-0.810577
952,422308606707453,33.777903302,1357987061,1357989849,422308610652513,422308608784002,33.793780876,2.076549
953,422308643437147,33.814632996,1358495493,1358498008,422308642641479,422308642679461,33.827676335,-0.757686
954,422308675546857,33.846742706,1359003926,1359006120,422308674699885,422308676574986,33.861571860,1.028129
955,422308728520254,33.899716103,1360020790,1360022342,422308742611086,422308744365904,33.929362778,15.845650
956,422308767714529,33.938910378,1360529222,1360532359,422308778669293,422308778261362,33.963258236,10.546833
957,422308802472905,33.973668754,1361037654,1361040491,422308810659148,422308812156821,33.997153695,9.683916
958,422308830445632,34.001641481,1361546086,1361548597,422308846639770,422308846052279,34.031049153,15.606647
959,422308889310749,34.060506598,1362562950,1362564873,422308914737125,422308913843196,34.098840070,24.532447
960,422308921596187,34.092792036,1363071383,1363073008,422308946742050,422308947738722,34.132735596,26.142535
961,422308955120363,34.126316212,1363579815,1363583043,422308982746097,422308981634180,34.166631054,26.513817
962,422308993645795,34.164841644,1364088247,1364091182,422309014649048,422309015529639,34.200526513,21.883844
963,422309046257157,34.217453006,1364596679,1364599311,422309050671593,422309049425098,34.234421972,3.167941
964,422309078923035,34.250118884,1365105111,1365107421,422309082798865,422309083320556,34.268317430,4.397521
965,422309116552109,34.287747958,1365613543,1365615561,422309118635011,422309117216015,34.302212889,0.663906
966,422309147164378,34.318360227,1366121976,1366123695,422309150666383,422309151111540,34.336108414,3.947162
967,422309202631610,34.373827459,1367138840,1367141787,422309218626669,422309218902457,34.403899331,16.270847
968,422309241782594,34.412978443,1367647272,1367649925,422309254662514,422309252797916,34.437794790,11.015322
969,422309272420451,34.443616300,1368155704,1368158061,422309286707906,422309286693374,34.471690248,14.272923
970,422309302084554,34.473280403,1368664136,1368666182,422309318657439,422309320588833,34.505585707,18.504279
971,422309355980964,34.527176813,1369172568,1369174299,422309354754565,422309354484291,34.539481165,-1.496673
972,422309391119894,34.562315743,1369681000,1369684281,422309386646351,422309388379750,34.573376624,-2.740144
973,422309423160573,34.594356422,1370189432,1370192444,422309422680090,422309422275209,34.607272083,-0.885364
974,422309459057101,34.630252950,1370697865,1370700566,422309454752229,422309456170734,34.641167608,-2.886367
975,422309517398314,34.688594163,1371714729,1371716844,422309522716372,422309523961651,34.708958525,6.563337
976,422309546789743,34.717985592,1372223161,1372224921,422309558683361,422309557857110,34.742853984,11.067367
977,422309583888224,34.755084073,1372731593,1372733081,422309590656480,422309591752568,34.776749442,7.864344
978,422309611618862,34.782814711,1373240025,1373243077,422309626640672,422309625648027,34.810644901,14.029165
979,422309656451169,34.827647018,1373748457,1373751186,422309658743354,422309659543485,34.844540359,3.092316
980,422309701497313,34.872693162,1374256890,1374259286,422309694631963,422309693439011,34.878435885,-8.058302
981,422309733649268,34.904845117,1374765322,1374767427,422309726646902,422309727334469,34.912331343,-6.314799
982,422309762018866,34.933214715,1375273754,1375275537,422309762635249,422309761229928,34.946226802,-0.788938
983,422309819455872,34.990651721,1376290618,1376293665,422309830623231,422309829020845,35.014017719,9.564973
984,422309847697636,35.018893485,1376799050,1376801792,422309862798824,422309862916304,35.047913178,15.218668
