# timestamp (sec),tracking,propagation,msckf update,slam update,slam delayed,re-tri & marg,total
1700000008.236608266830444,0.00301,0.00006,0.00013,0.00000,0.00000,0.00148,0.00469
1700000008.270503759384155,0.00332,0.00010,0.00115,0.00000,0.00000,0.00212,0.00670
1700000008.304399251937866,0.00572,0.00014,0.00153,0.00000,0.00000,0.00245,0.00983
1700000008.338294744491577,0.00321,0.00009,0.00006,0.00000,0.00000,0.00229,0.00565
1700000008.372190237045288,0.00257,0.00007,0.00005,0.00000,0.00000,0.00112,0.00381
1700000008.406085729598999,0.00338,0.00015,0.00002,0.00000,0.00000,0.00231,0.00586
1700000008.439981222152710,0.00531,0.00013,0.00008,0.00000,0.00000,0.00229,0.00781
1700000008.473876714706421,0.00282,0.00008,0.00006,0.00000,0.00000,0.00116,0.00411
1700000008.507772445678711,0.00350,0.00011,0.00054,0.00000,0.00000,0.00231,0.00646
1700000008.541667938232422,0.00455,0.00011,0.00004,0.00000,0.00000,0.00228,0.00699
1700000008.575563430786133,0.00240,0.00007,0.00043,0.00000,0.00000,0.00111,0.00401
1700000008.609458923339844,0.00317,0.00011,0.00040,0.00000,0.00000,0.00168,0.00536
1700000008.643354415893555,0.00388,0.00011,0.00048,0.00000,0.00000,0.00248,0.00695
1700000008.677249908447266,0.00586,0.00013,0.00743,0.00000,0.00000,0.00257,0.01600
1700000008.711145401000977,0.00363,0.00011,0.00438,0.00000,0.00000,0.00160,0.00973
1700000008.745040893554688,0.00340,0.00013,0.00023,0.00000,0.00000,0.00166,0.00542
1700000008.778936386108398,0.00501,0.00012,0.00048,0.00000,0.00000,0.00145,0.00708
1700000008.812831878662109,0.00270,0.00009,0.00039,0.00000,0.00000,0.00119,0.00437
1700000008.846727371215820,0.00330,0.00011,0.00001,0.00000,0.00000,0.00253,0.00595
1700000008.880622863769531,0.00453,0.00014,0.00145,0.00000,0.00000,0.00129,0.00742
1700000008.914518356323242,0.00341,0.00011,0.00072,0.00000,0.00000,0.00127,0.00551
1700000008.948413848876953,0.00319,0.00011,0.00031,0.00000,0.00000,0.00191,0.00553
1700000008.982309341430664,0.00334,0.00011,0.00107,0.00000,0.00000,0.00125,0.00577
1700000009.016205072402954,0.00631,0.00011,0.00044,0.00000,0.00000,0.00219,0.00905
1700000009.050100564956665,0.00235,0.00007,0.00031,0.00000,0.00000,0.00118,0.00391
1700000009.083996057510376,0.00325,0.00013,0.00518,0.00000,0.00000,0.00198,0.01053
1700000009.117891550064087,0.00429,0.00016,0.00346,0.00000,0.00000,0.00187,0.00978
1700000009.151787042617798,0.00325,0.00009,0.00006,0.00000,0.00000,0.00229,0.00569
1700000009.185682535171509,0.00302,0.00011,0.00043,0.00000,0.00000,0.00236,0.00593
1700000009.219578027725220,0.00554,0.00017,0.00067,0.00000,0.00000,0.00243,0.00882
1700000009.253473520278931,0.00268,0.00007,0.00066,0.00000,0.00000,0.00112,0.00453
1700000009.287369012832642,0.00277,0.00009,0.00107,0.00000,0.00000,0.00146,0.00538
1700000009.321264505386353,0.00475,0.00015,0.00221,0.00000,0.00000,0.00236,0.00946
1700000009.355159997940063,0.00279,0.00007,0.00005,0.00000,0.00000,0.00118,0.00409
1700000009.389055490493774,0.00304,0.00011,0.00120,0.00000,0.00000,0.00242,0.00677
1700000009.422950983047485,0.00415,0.00014,0.00059,0.00000,0.00000,0.00191,0.00680
1700000009.456846475601196,0.00291,0.00006,0.00050,0.00000,0.00000,0.00115,0.00462
1700000009.490741968154907,0.00302,0.00012,0.00189,0.00000,0.00000,0.00152,0.00656
1700000009.524637460708618,0.00358,0.00015,0.00449,0.00000,0.00000,0.00195,0.01017
1700000009.558533191680908,0.00443,0.00015,0.00007,0.00000,0.00000,0.00274,0.00739
1700000009.592428684234619,0.00329,0.00011,0.00047,0.00000,0.00000,0.00234,0.00622
1700000009.626324176788330,0.00316,0.00016,0.00014,0.00000,0.00000,0.00153,0.00499
1700000009.660219669342041,0.00420,0.00014,0.00020,0.00000,0.00000,0.00170,0.00624
1700000009.694115161895752,0.00317,0.00008,0.00013,0.00000,0.00000,0.00121,0.00459
1700000009.728010654449463,0.00322,0.00011,0.00029,0.00000,0.00000,0.00239,0.00602
1700000009.761906147003174,0.00439,0.00014,0.00012,0.00000,0.00000,0.00291,0.00756
1700000009.795801639556885,0.00235,0.00007,0.00016,0.00000,0.00000,0.00112,0.00371
1700000009.829697132110596,0.00389,0.00011,0.00006,0.00000,0.00000,0.00255,0.00662
1700000009.863592624664307,0.00269,0.00009,0.00016,0.00000,0.00000,0.00116,0.00410
1700000009.897488117218018,0.00443,0.00012,0.00109,0.00000,0.00000,0.00128,0.00693
1700000009.931383609771729,0.00316,0.00010,0.00154,0.00000,0.00000,0.00236,0.00717
1700000009.965279102325439,0.00259,0.00009,0.00008,0.00000,0.00000,0.00124,0.00400
1700000009.999174594879150,0.00481,0.00013,0.00039,0.00000,0.00000,0.00152,0.00684
1700000010.033070087432861,0.00308,0.00010,0.00020,0.00000,0.00000,0.00230,0.00569
1700000010.066965818405151,0.00315,0.00011,0.00241,0.00000,0.00000,0.00145,0.00712
1700000010.100861310958862,0.00423,0.00014,0.00001,0.00000,0.00130,0.00287,0.00855
1700000010.134756803512573,0.00434,0.00013,0.00001,0.00012,0.00130,0.00197,0.00788
1700000010.168652296066284,0.00366,0.00007,0.00002,0.00013,0.00032,0.00144,0.00564
1700000010.202547788619995,0.00312,0.00014,0.00001,0.00027,0.00173,0.00143,0.00670
1700000010.236443281173706,0.00420,0.00011,0.00006,0.00040,0.00045,0.00190,0.00712
1700000010.270338773727417,0.00344,0.00013,0.00014,0.00052,0.00154,0.00230,0.00807
1700000010.304234266281128,0.00304,0.00011,0.00006,0.00036,0.00447,0.00163,0.00966
1700000010.338129758834839,0.00454,0.00016,0.00005,0.00135,0.00600,0.00119,0.01328
1700000010.372025251388550,0.00260,0.00014,0.00005,0.00173,0.00044,0.00125,0.00622
1700000010.405920743942261,0.00334,0.00025,0.00008,0.00348,0.00062,0.00130,0.00908
1700000010.439816236495972,0.00396,0.00026,0.00002,0.00429,0.00161,0.00225,0.01238
1700000010.473711729049683,0.00580,0.00022,0.00166,0.00203,0.00174,0.00122,0.01267
1700000010.507607221603394,0.00363,0.00015,0.00052,0.00210,0.00000,0.00153,0.00793
1700000010.541502714157104,0.00284,0.00016,0.00049,0.00269,0.00005,0.00160,0.00784
1700000010.575398445129395,0.00393,0.00020,0.00021,0.00361,0.00007,0.00198,0.01000
1700000010.609293937683105,0.00334,0.00020,0.00006,0.00383,0.00010,0.00161,0.00914
1700000010.643189430236816,0.00311,0.00013,0.00047,0.00188,0.00000,0.00140,0.00699
1700000010.677084922790527,0.00339,0.00016,0.00010,0.00310,0.00004,0.00217,0.00895
1700000010.710980415344238,0.00564,0.00021,0.00094,0.00233,0.00192,0.00126,0.01230
1700000010.744875907897949,0.00321,0.00020,0.00013,0.00280,0.00049,0.00120,0.00804
1700000010.778771400451660,0.00271,0.00016,0.00007,0.00183,0.00007,0.00126,0.00610
1700000010.812666893005371,0.00469,0.00027,0.00194,0.00181,0.00174,0.00152,0.01197
1700000010.846562385559082,0.00283,0.00012,0.00007,0.00204,0.00001,0.00128,0.00635
1700000010.880457878112793,0.00311,0.00021,0.00003,0.00418,0.00000,0.00192,0.00946
1700000010.914353370666504,0.00407,0.00017,0.00015,0.00228,0.00091,0.00122,0.00881
1700000010.948248863220215,0.00258,0.00014,0.00014,0.00205,0.00051,0.00161,0.00702
1700000010.982144355773926,0.00351,0.00022,0.00006,0.00300,0.00063,0.00178,0.00921
1700000011.016039848327637,0.00387,0.00018,0.00079,0.00371,0.00007,0.00195,0.01057
1700000011.049935340881348,0.00650,0.00022,0.00088,0.00304,0.00000,0.00195,0.01258
1700000011.083831071853638,0.00356,0.00019,0.00006,0.00361,0.00091,0.00157,0.00990
1700000011.117726564407349,0.00320,0.00025,0.00148,0.00460,0.00013,0.00242,0.01208
1700000011.151622056961060,0.00510,0.00027,0.00011,0.00356,0.00083,0.00156,0.01142
1700000011.185517549514771,0.00230,0.00013,0.00006,0.00218,0.00005,0.00122,0.00594
1700000011.219413042068481,0.00332,0.00013,0.00036,0.00243,0.00060,0.00160,0.00845
1700000011.253308534622192,0.00460,0.00025,0.00002,0.00466,0.00005,0.00176,0.01136
1700000011.287204027175903,0.00318,0.00013,0.00051,0.00210,0.00001,0.00162,0.00755
1700000011.321099519729614,0.00336,0.00022,0.00007,0.00329,0.00003,0.00126,0.00822
1700000011.354995012283325,0.00410,0.00025,0.00019,0.00367,0.00083,0.00121,0.01026
1700000011.388890504837036,0.00685,0.00031,0.00084,0.00400,0.00005,0.00195,0.01401
1700000011.422785997390747,0.00329,0.00024,0.00015,0.00341,0.00086,0.00247,0.01043
1700000011.456681489944458,0.00316,0.00018,0.00010,0.00223,0.00000,0.00129,0.00696
1700000011.490576982498169,0.00478,0.00018,0.00013,0.00220,0.00002,0.00125,0.00856
1700000011.524472475051880,0.00368,0.00019,0.00006,0.00319,0.00194,0.00123,0.01029
1700000011.558367967605591,0.00250,0.00017,0.00005,0.00237,0.00057,0.00141,0.00707
1700000011.592263460159302,0.00371,0.00023,0.00027,0.00410,0.00007,0.00193,0.01032
1700000011.626159191131592,0.00518,0.00022,0.00003,0.00324,0.00057,0.00121,0.01045
1700000011.660054683685303,0.00312,0.00016,0.00048,0.00253,0.00050,0.00141,0.00821
1700000011.693950176239014,0.00304,0.00024,0.00013,0.00479,0.00000,0.00235,0.01056
1700000011.727845668792725,0.00508,0.00035,0.00017,0.00611,0.00000,0.00291,0.01461
1700000011.761741161346436,0.00337,0.00021,0.00032,0.00268,0.00000,0.00130,0.00789
1700000011.795636653900146,0.00320,0.00017,0.00004,0.00254,0.00002,0.00126,0.00723
1700000011.829532146453857,0.00529,0.00030,0.00017,0.00551,0.00005,0.00196,0.01328
1700000011.863427639007568,0.00245,0.00016,0.00006,0.00238,0.00002,0.00113,0.00622
1700000011.897323131561279,0.00299,0.00012,0.00014,0.00253,0.00003,0.00158,0.00738
1700000011.931218624114990,0.00441,0.00018,0.00015,0.00388,0.00005,0.00170,0.01038
1700000011.965114116668701,0.00678,0.00033,0.00023,0.00569,0.00010,0.00166,0.01478
1700000011.999009609222412,0.00260,0.00013,0.00034,0.00222,0.00003,0.00117,0.00649
1700000012.032905101776123,0.00358,0.00019,0.00012,0.00240,0.00002,0.00129,0.00760
1700000012.066800594329834,0.00401,0.00023,0.00043,0.00407,0.00098,0.00223,0.01195
1700000012.100696086883545,0.00296,0.00013,0.00019,0.00212,0.00004,0.00124,0.00668
1700000012.134591579437256,0.00332,0.00014,0.00012,0.00219,0.00054,0.00137,0.00768
1700000012.168487071990967,0.00499,0.00025,0.00098,0.00415,0.00088,0.00191,0.01315
1700000012.202382802963257,0.00369,0.00019,0.00008,0.00409,0.00005,0.00260,0.01071
1700000012.236278295516968,0.00328,0.00021,0.00009,0.00297,0.00051,0.00129,0.00834
1700000012.270173788070679,0.00314,0.00017,0.00002,0.00262,0.00065,0.00160,0.00820
1700000012.304069280624390,0.00600,0.00020,0.00235,0.00300,0.00002,0.00134,0.01291
1700000012.337964773178101,0.00329,0.00021,0.00084,0.00236,0.00002,0.00131,0.00803
1700000012.371860265731812,0.00346,0.00024,0.00088,0.00231,0.00059,0.00173,0.00920
1700000012.405755758285522,0.00461,0.00027,0.00168,0.00420,0.00008,0.00195,0.01279
1700000012.439651250839233,0.00299,0.00014,0.00007,0.00228,0.00000,0.00121,0.00667
1700000012.473546743392944,0.00389,0.00022,0.00001,0.00257,0.00000,0.00145,0.00814
1700000012.507442235946655,0.00327,0.00016,0.00005,0.00265,0.00060,0.00153,0.00826
1700000012.541337728500366,0.00644,0.00021,0.00077,0.00304,0.00055,0.00135,0.01237
1700000012.575233221054077,0.00388,0.00021,0.00142,0.00391,0.00005,0.00158,0.01105
1700000012.609128713607788,0.00390,0.00021,0.00006,0.00395,0.00063,0.00114,0.00989
1700000012.643024206161499,0.00564,0.00039,0.00029,0.00450,0.00004,0.00142,0.01228
1700000012.676919698715210,0.00361,0.00022,0.00002,0.00434,0.00056,0.00136,0.01012
1700000012.710815191268921,0.00312,0.00023,0.00275,0.00245,0.00049,0.00136,0.01040
1700000012.744710683822632,0.00408,0.00015,0.00083,0.00241,0.00002,0.00122,0.00872
1700000012.778606414794922,0.00312,0.00015,0.00086,0.00244,0.00002,0.00131,0.00790
1700000012.812501907348633,0.00410,0.00019,0.00079,0.00278,0.00003,0.00129,0.00918
1700000012.846397399902344,0.00463,0.00030,0.00027,0.00452,0.00006,0.00193,0.01171
1700000012.880292892456055,0.00663,0.00029,0.00082,0.00505,0.00000,0.00198,0.01478
1700000012.914188385009766,0.00401,0.00019,0.00006,0.00424,0.00000,0.00228,0.01078
1700000012.948083877563477,0.00567,0.00022,0.00011,0.00400,0.00008,0.00182,0.01190
1700000012.981979370117188,0.00556,0.00030,0.00014,0.00567,0.00012,0.00286,0.01465
1700000013.015874862670898,0.00378,0.00017,0.00019,0.00300,0.00004,0.00136,0.00853
1700000013.049770355224609,0.00364,0.00021,0.00002,0.00397,0.00102,0.00214,0.01099
1700000013.083665847778320,0.00491,0.00033,0.00012,0.00491,0.00082,0.00186,0.01295
1700000013.117561340332031,0.00624,0.00021,0.00228,0.00353,0.00070,0.00152,0.01450
1700000013.151456832885742,0.00306,0.00015,0.00088,0.00205,0.00005,0.00133,0.00752
1700000013.185352325439453,0.00319,0.00015,0.00007,0.00300,0.00164,0.00195,0.01001
1700000013.219247817993164,0.00591,0.00023,0.00091,0.00436,0.00012,0.00237,0.01389
1700000013.253143310546875,0.00320,0.00020,0.00002,0.00435,0.00005,0.00235,0.01018
1700000013.287038803100586,0.00315,0.00022,0.00002,0.00482,0.00005,0.00255,0.01080
1700000013.320934295654297,0.00324,0.00018,0.00002,0.00340,0.00080,0.00197,0.00960
1700000013.354830026626587,0.00318,0.00020,0.00003,0.00346,0.00003,0.00128,0.00819
1700000013.388725519180298,0.00320,0.00019,0.00007,0.00387,0.00009,0.00186,0.00929
1700000013.422621011734009,0.00437,0.00032,0.00018,0.00542,0.00007,0.00198,0.01235
1700000013.456516504287720,0.00561,0.00032,0.00021,0.00373,0.00010,0.00191,0.01188
1700000013.490411996841431,0.00313,0.00021,0.00003,0.00287,0.00003,0.00129,0.00756
1700000013.524307489395142,0.00318,0.00024,0.00026,0.00428,0.00013,0.00180,0.00990
1700000013.558202981948853,0.00595,0.00030,0.00044,0.00514,0.00018,0.00239,0.01441
1700000013.592098474502563,0.00357,0.00013,0.00009,0.00254,0.00007,0.00128,0.00768
1700000013.625993967056274,0.00360,0.00020,0.00013,0.00315,0.00010,0.00156,0.00873
1700000013.659889459609985,0.00413,0.00016,0.00005,0.00321,0.00004,0.00189,0.00949
1700000013.693784952163696,0.00366,0.00021,0.00002,0.00312,0.00003,0.00137,0.00841
1700000013.727680444717407,0.00355,0.00024,0.00003,0.00236,0.00000,0.00129,0.00749
1700000013.761575937271118,0.00399,0.00028,0.00002,0.00470,0.00006,0.00170,0.01075
1700000013.795471429824829,0.00542,0.00034,0.00003,0.00436,0.00016,0.00179,0.01210
1700000013.829366922378540,0.00286,0.00019,0.00002,0.00395,0.00088,0.00154,0.00943
1700000013.863262414932251,0.00298,0.00023,0.00017,0.00300,0.00135,0.00174,0.00948
1700000013.897157907485962,0.00401,0.00022,0.00006,0.00348,0.00000,0.00137,0.00915
1700000013.931053638458252,0.00298,0.00018,0.00151,0.00225,0.00007,0.00124,0.00822
1700000013.964949131011963,0.00253,0.00015,0.00094,0.00230,0.00007,0.00161,0.00760
1700000013.998844623565674,0.00302,0.00021,0.00070,0.00398,0.00006,0.00113,0.00910
1700000014.032740116119385,0.00566,0.00032,0.00015,0.00424,0.00012,0.00201,0.01250
1700000014.066635608673096,0.00250,0.00015,0.00001,0.00228,0.00003,0.00136,0.00635
1700000014.100531101226807,0.00311,0.00019,0.00003,0.00317,0.00005,0.00190,0.00845
1700000014.134426593780518,0.00574,0.00033,0.00003,0.00505,0.00080,0.00173,0.01367
1700000014.168322086334229,0.00258,0.00016,0.00002,0.00239,0.00003,0.00123,0.00639
1700000014.202217578887939,0.00317,0.00021,0.00014,0.00472,0.00009,0.00190,0.01024
1700000014.236113071441650,0.00440,0.00033,0.00061,0.00476,0.00006,0.00205,0.01220
1700000014.270008563995361,0.00341,0.00022,0.00044,0.00407,0.00120,0.00142,0.01076
1700000014.303904056549072,0.00384,0.00018,0.00061,0.00250,0.00001,0.00144,0.00858
1700000014.337799549102783,0.00401,0.00015,0.00176,0.00191,0.00170,0.00125,0.01077
1700000014.371695041656494,0.00612,0.00031,0.00325,0.00381,0.00010,0.00212,0.01570
1700000014.405590534210205,0.00339,0.00019,0.00083,0.00404,0.00010,0.00238,0.01092
1700000014.439486265182495,0.00316,0.00014,0.00052,0.00204,0.00005,0.00144,0.00735
1700000014.473381757736206,0.00444,0.00030,0.00023,0.00436,0.00006,0.00276,0.01215
1700000014.507277250289917,0.00296,0.00013,0.00004,0.00179,0.00043,0.00128,0.00663
1700000014.541172742843628,0.00397,0.00019,0.00002,0.00292,0.00000,0.00154,0.00864
1700000014.575068235397339,0.00409,0.00022,0.00009,0.00355,0.00003,0.00134,0.00932
1700000014.608963727951050,0.00331,0.00012,0.00028,0.00192,0.00003,0.00126,0.00693
1700000014.642859220504761,0.00329,0.00021,0.00085,0.00305,0.00190,0.00133,0.01063
1700000014.676754713058472,0.00286,0.00016,0.00035,0.00205,0.00002,0.00122,0.00666
1700000014.710650205612183,0.00454,0.00026,0.00293,0.00374,0.00315,0.00137,0.01598
1700000014.744545698165894,0.00256,0.00020,0.00136,0.00237,0.00000,0.00125,0.00774
1700000014.778441190719604,0.00305,0.00016,0.00135,0.00308,0.00000,0.00174,0.00938
1700000014.812336683273315,0.00476,0.00020,0.00145,0.00413,0.00000,0.00199,0.01253
1700000014.846232175827026,0.00316,0.00019,0.00019,0.00397,0.00049,0.00122,0.00923
1700000014.880127668380737,0.00346,0.00027,0.00172,0.00460,0.00078,0.00183,0.01266
1700000014.914023160934448,0.00378,0.00028,0.00012,0.00433,0.00000,0.00161,0.01013
1700000014.947918653488159,0.00612,0.00031,0.00009,0.00475,0.00103,0.00192,0.01423
1700000014.981814384460449,0.00330,0.00023,0.00025,0.00437,0.00000,0.00254,0.01070
1700000015.015709877014160,0.00274,0.00017,0.00010,0.00264,0.00005,0.00155,0.00726
1700000015.049605369567871,0.00639,0.00032,0.00011,0.00327,0.00049,0.00124,0.01182
1700000015.083500862121582,0.00367,0.00020,0.00002,0.00431,0.00005,0.00191,0.01016
1700000015.117396354675293,0.00373,0.00022,0.00080,0.00479,0.00172,0.00236,0.01361
1700000015.151291847229004,0.00501,0.00029,0.00196,0.00451,0.00000,0.00219,0.01395
1700000015.185187339782715,0.00381,0.00021,0.00156,0.00361,0.00000,0.00141,0.01061
1700000015.219082832336426,0.00393,0.00022,0.00131,0.00316,0.00000,0.00165,0.01027
1700000015.252978324890137,0.00456,0.00030,0.00038,0.00445,0.00005,0.00177,0.01150
1700000015.286873817443848,0.00598,0.00045,0.00024,0.00502,0.00004,0.00143,0.01315
1700000015.320769309997559,0.00308,0.00013,0.00005,0.00244,0.00000,0.00119,0.00688
1700000015.354664802551270,0.00431,0.00036,0.00016,0.00488,0.00005,0.00129,0.01105
1700000015.388560295104980,0.00633,0.00030,0.00015,0.00562,0.00006,0.00188,0.01434
1700000015.422455787658691,0.00378,0.00021,0.00012,0.00350,0.00004,0.00121,0.00886
1700000015.456351280212402,0.00384,0.00013,0.00006,0.00288,0.00003,0.00168,0.00862
1700000015.490247011184692,0.00570,0.00034,0.00009,0.00352,0.00007,0.00214,0.01188
1700000015.524142503738403,0.00623,0.00033,0.00012,0.00582,0.00005,0.00195,0.01450
1700000015.558037996292114,0.00302,0.00013,0.00013,0.00250,0.00002,0.00137,0.00717
1700000015.591933488845825,0.00421,0.00030,0.00024,0.00417,0.00003,0.00173,0.01070
1700000015.625828981399536,0.00624,0.00036,0.00158,0.00379,0.00004,0.00155,0.01356
1700000015.659724473953247,0.00394,0.00019,0.00067,0.00265,0.00003,0.00134,0.00882
1700000015.693619966506958,0.00397,0.00022,0.00015,0.00368,0.00004,0.00181,0.00986
1700000015.727515459060669,0.00472,0.00024,0.00067,0.00466,0.00000,0.00191,0.01219
1700000015.761410951614380,0.00426,0.00020,0.00002,0.00365,0.00003,0.00134,0.00950
1700000015.795306444168091,0.00377,0.00021,0.00009,0.00436,0.00005,0.00178,0.01026
1700000015.829201936721802,0.00682,0.00033,0.00118,0.00548,0.00005,0.00180,0.01566
1700000015.863097429275513,0.00684,0.00021,0.00005,0.00417,0.00000,0.00210,0.01337
1700000015.896992921829224,0.00295,0.00015,0.00016,0.00249,0.00002,0.00123,0.00700
1700000015.930888414382935,0.00434,0.00024,0.00091,0.00464,0.00005,0.00188,0.01207
1700000015.964783906936646,0.00630,0.00033,0.00147,0.00464,0.00005,0.00142,0.01421
1700000015.998679637908936,0.00320,0.00021,0.00205,0.00234,0.00003,0.00129,0.00913
1700000016.032575130462646,0.00328,0.00024,0.00128,0.00232,0.00005,0.00126,0.00843
1700000016.066470623016357,0.00433,0.00019,0.00066,0.00307,0.00058,0.00151,0.01035
1700000016.100366115570068,0.00314,0.00027,0.00145,0.00445,0.00081,0.00145,0.01158
1700000016.134261608123779,0.00314,0.00021,0.00006,0.00490,0.00000,0.00165,0.00997
1700000016.168157100677490,0.00421,0.00021,0.00063,0.00414,0.00000,0.00193,0.01111
1700000016.202052593231201,0.00641,0.00023,0.00010,0.00515,0.00000,0.00192,0.01380
1700000016.235948085784912,0.00728,0.00032,0.00121,0.00627,0.00000,0.00278,0.01786
1700000016.269843578338623,0.00371,0.00029,0.00010,0.00557,0.00000,0.00186,0.01153
1700000016.303739070892334,0.00609,0.00036,0.00086,0.00426,0.00000,0.00168,0.01325
1700000016.337634563446045,0.00344,0.00020,0.00289,0.00378,0.00000,0.00139,0.01171
1700000016.371530055999756,0.00323,0.00023,0.00167,0.00420,0.00000,0.00182,0.01115
1700000016.405425548553467,0.00381,0.00020,0.00165,0.00265,0.00002,0.00123,0.00957
1700000016.439321041107178,0.00662,0.00028,0.00184,0.00455,0.00004,0.00220,0.01554
1700000016.473216533660889,0.00384,0.00019,0.00095,0.00396,0.00006,0.00170,0.01071
1700000016.507112264633179,0.00456,0.00020,0.00105,0.00366,0.00079,0.00179,0.01206
1700000016.541007757186890,0.00510,0.00020,0.00164,0.00427,0.00081,0.00191,0.01393
1700000016.574903249740601,0.00374,0.00014,0.00009,0.00240,0.00051,0.00138,0.00825
1700000016.608798742294312,0.00462,0.00022,0.00002,0.00426,0.00094,0.00234,0.01240
1700000016.642694234848022,0.00299,0.00014,0.00021,0.00238,0.00002,0.00129,0.00702
1700000016.676589727401733,0.00266,0.00014,0.00009,0.00221,0.00000,0.00138,0.00647
1700000016.710485219955444,0.00263,0.00017,0.00005,0.00229,0.00002,0.00128,0.00644
1700000016.744380712509155,0.00678,0.00027,0.00082,0.00350,0.00173,0.00140,0.01451
1700000016.778276205062866,0.00403,0.00020,0.00153,0.00309,0.00000,0.00139,0.01024
1700000016.812171697616577,0.00334,0.00015,0.00156,0.00352,0.00074,0.00167,0.01098
1700000016.846067190170288,0.00545,0.00019,0.00143,0.00447,0.00000,0.00192,0.01346
1700000016.879962682723999,0.00406,0.00020,0.00017,0.00411,0.00075,0.00178,0.01107
1700000016.913858175277710,0.00389,0.00021,0.00002,0.00473,0.00000,0.00230,0.01113
1700000016.947753667831421,0.00353,0.00023,0.00147,0.00238,0.00046,0.00120,0.00927
1700000016.981649160385132,0.00637,0.00023,0.00016,0.00458,0.00000,0.00185,0.01319
1700000017.015544652938843,0.00305,0.00017,0.00075,0.00238,0.00003,0.00150,0.00788
1700000017.049440383911133,0.00287,0.00026,0.00215,0.00289,0.00056,0.00132,0.01006
1700000017.083335876464844,0.00439,0.00029,0.00017,0.00462,0.00000,0.00235,0.01182
1700000017.117231369018555,0.00304,0.00018,0.00018,0.00425,0.00087,0.00232,0.01084
1700000017.151126861572266,0.00288,0.00023,0.00011,0.00441,0.00005,0.00241,0.01010
1700000017.185022354125977,0.00529,0.00029,0.00016,0.00404,0.00006,0.00145,0.01129
1700000017.218917846679688,0.00329,0.00024,0.00016,0.00423,0.00012,0.00151,0.00957
1700000017.252813339233398,0.00311,0.00024,0.00014,0.00388,0.00010,0.00237,0.00983
1700000017.286708831787109,0.00376,0.00027,0.00027,0.00527,0.00016,0.00264,0.01237
1700000017.320604324340820,0.00536,0.00037,0.00004,0.00338,0.00000,0.00165,0.01080
1700000017.354499816894531,0.00377,0.00019,0.00003,0.00294,0.00006,0.00142,0.00841
1700000017.388395309448242,0.00364,0.00020,0.00003,0.00333,0.00000,0.00122,0.00842
1700000017.422290802001953,0.00588,0.00018,0.00003,0.00221,0.00004,0.00126,0.00962
1700000017.456186294555664,0.00333,0.00021,0.00008,0.00370,0.00014,0.00282,0.01027
1700000017.490081787109375,0.00302,0.00022,0.00006,0.00377,0.00004,0.00227,0.00941
1700000017.523977279663086,0.00317,0.00022,0.00016,0.00362,0.00007,0.00140,0.00864
1700000017.557872772216797,0.00526,0.00028,0.00017,0.00381,0.00005,0.00133,0.01090
1700000017.591768503189087,0.00336,0.00018,0.00002,0.00289,0.00009,0.00137,0.00791
1700000017.625663995742798,0.00358,0.00020,0.00009,0.00243,0.00013,0.00165,0.00808
1700000017.659559488296509,0.00522,0.00018,0.00006,0.00304,0.00010,0.00183,0.01044
1700000017.693454980850220,0.00306,0.00020,0.00007,0.00340,0.00095,0.00247,0.01015
1700000017.727350473403931,0.00306,0.00020,0.00001,0.00299,0.00000,0.00171,0.00798
1700000017.761245965957642,0.00629,0.00034,0.00003,0.00487,0.00345,0.00291,0.01789
1700000017.795141458511353,0.00295,0.00019,0.00007,0.00401,0.00091,0.00247,0.01061
1700000017.829036951065063,0.00297,0.00025,0.00090,0.00463,0.00008,0.00187,0.01070
1700000017.862932443618774,0.00431,0.00026,0.00112,0.00345,0.00078,0.00191,0.01183
1700000017.896827936172485,0.00660,0.00033,0.00014,0.00451,0.00162,0.00192,0.01513
1700000017.930723428726196,0.00322,0.00022,0.00024,0.00330,0.00000,0.00148,0.00846
1700000017.964618921279907,0.00339,0.00015,0.00003,0.00370,0.00090,0.00183,0.01001
1700000017.998514413833618,0.00492,0.00025,0.00098,0.00429,0.00004,0.00169,0.01218
1700000018.032409906387329,0.00319,0.00020,0.00151,0.00404,0.00004,0.00235,0.01133
1700000018.066305398941040,0.00346,0.00026,0.00068,0.00436,0.00005,0.00250,0.01131
1700000018.100200891494751,0.00513,0.00034,0.00104,0.00370,0.00011,0.00167,0.01199
1700000018.134096384048462,0.00262,0.00015,0.00010,0.00187,0.00000,0.00117,0.00590
1700000018.167992115020752,0.00396,0.00022,0.00007,0.00290,0.00050,0.00140,0.00905
1700000018.201887607574463,0.00438,0.00028,0.00009,0.00345,0.00087,0.00172,0.01079
1700000018.235783100128174,0.00468,0.00027,0.00022,0.00295,0.00008,0.00139,0.00959
1700000018.269678592681885,0.00322,0.00020,0.00079,0.00213,0.00006,0.00127,0.00767
1700000018.303574085235596,0.00262,0.00015,0.00003,0.00188,0.00052,0.00138,0.00659
1700000018.337469577789307,0.00475,0.00019,0.00006,0.00217,0.00008,0.00138,0.00863
1700000018.371365070343018,0.00329,0.00018,0.00012,0.00335,0.00057,0.00153,0.00905
1700000018.405260562896729,0.00325,0.00021,0.00016,0.00248,0.00056,0.00147,0.00814
1700000018.439156055450439,0.00529,0.00036,0.00101,0.00338,0.00101,0.00197,0.01304
1700000018.473051548004150,0.00522,0.00046,0.00008,0.00616,0.00121,0.00282,0.01595
1700000018.506947040557861,0.00309,0.00018,0.00083,0.00416,0.00175,0.00177,0.01178
1700000018.540842533111572,0.00416,0.00033,0.00003,0.00522,0.00057,0.00189,0.01220
1700000018.574738025665283,0.00538,0.00030,0.00011,0.00537,0.00000,0.00202,0.01318
1700000018.608633518218994,0.00321,0.00016,0.00041,0.00236,0.00000,0.00125,0.00739
1700000018.642529010772705,0.00395,0.00023,0.00184,0.00513,0.00005,0.00169,0.01289
1700000018.676424503326416,0.00475,0.00023,0.00011,0.00440,0.00006,0.00215,0.01170
1700000018.710319995880127,0.00331,0.00013,0.00005,0.00244,0.00002,0.00130,0.00726
1700000018.744215726852417,0.00373,0.00017,0.00189,0.00364,0.00003,0.00171,0.01117
1700000018.778111219406128,0.00432,0.00025,0.00002,0.00479,0.00075,0.00174,0.01188
1700000018.812006711959839,0.00482,0.00022,0.00072,0.00246,0.00000,0.00124,0.00945
1700000018.845902204513550,0.00325,0.00020,0.00096,0.00368,0.00003,0.00131,0.00944
1700000018.879797697067261,0.00351,0.00021,0.00064,0.00467,0.00008,0.00285,0.01197
1700000018.913693189620972,0.00326,0.00017,0.00008,0.00302,0.00005,0.00187,0.00847
1700000018.947588682174683,0.00274,0.00019,0.00012,0.00237,0.00002,0.00123,0.00667
1700000018.981484174728394,0.00344,0.00023,0.00002,0.00474,0.00011,0.00248,0.01101
1700000019.015379667282104,0.00365,0.00021,0.00003,0.00296,0.00005,0.00115,0.00806
1700000019.049275159835815,0.00252,0.00015,0.00081,0.00210,0.00005,0.00123,0.00687
1700000019.083170652389526,0.00341,0.00021,0.00009,0.00381,0.00011,0.00241,0.01004
1700000019.117066144943237,0.00409,0.00028,0.00007,0.00235,0.00002,0.00132,0.00814
1700000019.150961637496948,0.00440,0.00015,0.00002,0.00233,0.00003,0.00124,0.00817
1700000019.184857130050659,0.00326,0.00020,0.00006,0.00243,0.00000,0.00129,0.00724
1700000019.218752622604370,0.00292,0.00020,0.00027,0.00400,0.00014,0.00195,0.00949
1700000019.252648115158081,0.00573,0.00039,0.00009,0.00358,0.00015,0.00194,0.01189
1700000019.286543607711792,0.00383,0.00020,0.00002,0.00351,0.00018,0.00185,0.00958
1700000019.320439338684082,0.00394,0.00022,0.00015,0.00346,0.00016,0.00242,0.01035
1700000019.354334831237793,0.00382,0.00022,0.00008,0.00374,0.00012,0.00237,0.01034
1700000019.388230323791504,0.00556,0.00020,0.00017,0.00282,0.00003,0.00134,0.01013
1700000019.422125816345215,0.00390,0.00019,0.00003,0.00328,0.00008,0.00243,0.00991
1700000019.456021308898926,0.00343,0.00019,0.00008,0.00284,0.00011,0.00188,0.00853
1700000019.489916801452637,0.00693,0.00021,0.00010,0.00345,0.00020,0.00185,0.01274
1700000019.523812294006348,0.00313,0.00019,0.00044,0.00317,0.00008,0.00154,0.00855
1700000019.557707786560059,0.00263,0.00014,0.00005,0.00176,0.00003,0.00127,0.00589
1700000019.591603279113770,0.00453,0.00017,0.00008,0.00232,0.00000,0.00148,0.00859
1700000019.625498771667480,0.00261,0.00014,0.00004,0.00168,0.00129,0.00119,0.00697
1700000019.659394264221191,0.00355,0.00023,0.00007,0.00403,0.00108,0.00211,0.01108
1700000019.693289756774902,0.00369,0.00017,0.00012,0.00353,0.00084,0.00186,0.01021
1700000019.727185249328613,0.00624,0.00032,0.00132,0.00414,0.00148,0.00171,0.01521
1700000019.761080741882324,0.00324,0.00026,0.00080,0.00409,0.00053,0.00129,0.01021
1700000019.794976234436035,0.00321,0.00024,0.00102,0.00529,0.00000,0.00229,0.01206
1700000019.828871726989746,0.00611,0.00032,0.00019,0.00498,0.00000,0.00187,0.01347
1700000019.862767219543457,0.00336,0.00023,0.00088,0.00447,0.00000,0.00122,0.01016
1700000019.896662950515747,0.00269,0.00015,0.00088,0.00272,0.00000,0.00128,0.00772
1700000019.930558443069458,0.00396,0.00027,0.00006,0.00394,0.00077,0.00177,0.01078
1700000019.964453935623169,0.00703,0.00027,0.00087,0.00476,0.00000,0.00147,0.01440
1700000019.998349428176880,0.00314,0.00021,0.00080,0.00305,0.00000,0.00140,0.00861
1700000020.032244920730591,0.00442,0.00029,0.00209,0.00506,0.00000,0.00189,0.01374
1700000020.066140413284302,0.00527,0.00027,0.00083,0.00423,0.00000,0.00158,0.01218
1700000020.100035905838013,0.00333,0.00026,0.00042,0.00435,0.00000,0.00256,0.01092
1700000020.133931398391724,0.00324,0.00015,0.00083,0.00231,0.00002,0.00138,0.00794
1700000020.167826890945435,0.00674,0.00029,0.00014,0.00459,0.00006,0.00199,0.01382
1700000020.201722383499146,0.00398,0.00026,0.00241,0.00349,0.00050,0.00148,0.01214
1700000020.235617876052856,0.00298,0.00014,0.00007,0.00245,0.00002,0.00139,0.00705
1700000020.269513368606567,0.00502,0.00033,0.00229,0.00535,0.00075,0.00171,0.01546
1700000020.303408861160278,0.00653,0.00032,0.00278,0.00430,0.00000,0.00218,0.01611
1700000020.337304353713989,0.00364,0.00014,0.00004,0.00244,0.00051,0.00129,0.00806
1700000020.371199846267700,0.00368,0.00024,0.00059,0.00458,0.00000,0.00271,0.01181
1700000020.405095577239990,0.00431,0.00026,0.00094,0.00503,0.00000,0.00197,0.01250
1700000020.438991069793701,0.00298,0.00014,0.00136,0.00229,0.00000,0.00165,0.00843
1700000020.472886562347412,0.00338,0.00026,0.00020,0.00443,0.00005,0.00268,0.01100
1700000020.506782054901123,0.00575,0.00030,0.00215,0.00452,0.00008,0.00194,0.01475
1700000020.540677547454834,0.00321,0.00019,0.00083,0.00387,0.00085,0.00197,0.01092
1700000020.574573040008545,0.00231,0.00016,0.00007,0.00221,0.00000,0.00130,0.00604
1700000020.608468532562256,0.00380,0.00028,0.00003,0.00508,0.00151,0.00150,0.01220
1700000020.642364025115967,0.00558,0.00035,0.00346,0.00530,0.00108,0.00198,0.01775
1700000020.676259517669678,0.00321,0.00023,0.00156,0.00396,0.00000,0.00164,0.01060
1700000020.710155010223389,0.00239,0.00015,0.00064,0.00308,0.00000,0.00170,0.00796
1700000020.744050502777100,0.00662,0.00049,0.00172,0.00491,0.00006,0.00206,0.01586
1700000020.777945995330811,0.00262,0.00015,0.00045,0.00235,0.00002,0.00138,0.00697
1700000020.811841487884521,0.00357,0.00031,0.00008,0.00472,0.00005,0.00241,0.01113
1700000020.845736980438232,0.00264,0.00015,0.00091,0.00237,0.00002,0.00135,0.00744
1700000020.879632472991943,0.00633,0.00025,0.00099,0.00396,0.00003,0.00157,0.01314
1700000020.913528203964233,0.00259,0.00014,0.00085,0.00209,0.00003,0.00125,0.00697
1700000020.947423696517944,0.00304,0.00016,0.00005,0.00356,0.00006,0.00188,0.00876
1700000020.981319189071655,0.00485,0.00033,0.00018,0.00424,0.00001,0.00211,0.01172
1700000021.015214681625366,0.00376,0.00015,0.00006,0.00219,0.00000,0.00122,0.00739
1700000021.049110174179077,0.00243,0.00016,0.00005,0.00231,0.00007,0.00147,0.00649
1700000021.083005666732788,0.00383,0.00019,0.00006,0.00274,0.00140,0.00188,0.01009
1700000021.116901159286499,0.00314,0.00020,0.00005,0.00344,0.00005,0.00139,0.00827
1700000021.150796651840210,0.00292,0.00016,0.00016,0.00241,0.00003,0.00149,0.00717
1700000021.184692144393921,0.00329,0.00017,0.00013,0.00257,0.00004,0.00120,0.00739
1700000021.218587636947632,0.00591,0.00032,0.00020,0.00549,0.00006,0.00215,0.01414
1700000021.252483129501343,0.00317,0.00020,0.00027,0.00236,0.00006,0.00126,0.00732
1700000021.286378622055054,0.00320,0.00023,0.00008,0.00353,0.00012,0.00207,0.00924
1700000021.320274114608765,0.00541,0.00023,0.00017,0.00400,0.00010,0.00187,0.01179
1700000021.354169607162476,0.00267,0.00018,0.00012,0.00221,0.00004,0.00119,0.00642
1700000021.388065099716187,0.00303,0.00017,0.00002,0.00242,0.00004,0.00162,0.00730
1700000021.421960830688477,0.00422,0.00025,0.00002,0.00528,0.00007,0.00266,0.01251
1700000021.455856323242188,0.00308,0.00020,0.00007,0.00381,0.00017,0.00144,0.00877
1700000021.489751815795898,0.00236,0.00016,0.00005,0.00202,0.00004,0.00127,0.00589
1700000021.523647308349609,0.00326,0.00024,0.00007,0.00252,0.00005,0.00169,0.00783
1700000021.557542800903320,0.00473,0.00031,0.00026,0.00452,0.00015,0.00193,0.01190
1700000021.591438293457031,0.00305,0.00018,0.00002,0.00309,0.00009,0.00129,0.00772
1700000021.625333786010742,0.00278,0.00016,0.00002,0.00266,0.00006,0.00175,0.00743
1700000021.659229278564453,0.00520,0.00019,0.00013,0.00365,0.00014,0.00194,0.01125
1700000021.693124771118164,0.00350,0.00015,0.00002,0.00209,0.00008,0.00237,0.00821
1700000021.727020263671875,0.00299,0.00023,0.00007,0.00224,0.00009,0.00159,0.00721
1700000021.760915756225586,0.00421,0.00026,0.00018,0.00431,0.00014,0.00185,0.01096
1700000021.794811248779297,0.00636,0.00039,0.00010,0.00465,0.00006,0.00219,0.01375
1700000021.828706741333008,0.00255,0.00014,0.00004,0.00201,0.00005,0.00122,0.00601
1700000021.862602233886719,0.00344,0.00021,0.00017,0.00385,0.00100,0.00227,0.01094
1700000021.896497726440430,0.00385,0.00020,0.00008,0.00339,0.00083,0.00193,0.01029
1700000021.930393218994141,0.00315,0.00017,0.00031,0.00225,0.00048,0.00123,0.00759
1700000021.964288949966431,0.00294,0.00014,0.00010,0.00235,0.00050,0.00130,0.00734
1700000021.998184442520142,0.00413,0.00026,0.00267,0.00225,0.00090,0.00130,0.01151
1700000022.032079935073853,0.00282,0.00015,0.00048,0.00243,0.00000,0.00116,0.00704
1700000022.065975427627563,0.00266,0.00017,0.00129,0.00241,0.00000,0.00136,0.00788
1700000022.099870920181274,0.00390,0.00057,0.00249,0.00413,0.00000,0.00175,0.01285
1700000022.133766412734985,0.00497,0.00025,0.00220,0.00283,0.00001,0.00186,0.01213
1700000022.167661905288696,0.00273,0.00014,0.00011,0.00154,0.00080,0.00119,0.00651
1700000022.201557397842407,0.00312,0.00014,0.00004,0.00171,0.00017,0.00118,0.00635
1700000022.235452890396118,0.00476,0.00021,0.00038,0.00168,0.00042,0.00135,0.00881
1700000022.269348382949829,0.00333,0.00016,0.00019,0.00154,0.00064,0.00147,0.00732
1700000022.303243875503540,0.00397,0.00018,0.00079,0.00212,0.00014,0.00160,0.00880
1700000022.337139368057251,0.00347,0.00014,0.00027,0.00138,0.00045,0.00115,0.00686
1700000022.371034860610962,0.00607,0.00023,0.00013,0.00274,0.00093,0.00127,0.01135
1700000022.404930353164673,0.00351,0.00014,0.00004,0.00144,0.00187,0.00126,0.00825
1700000022.438825845718384,0.00348,0.00022,0.00017,0.00258,0.00000,0.00178,0.00823
1700000022.472721576690674,0.00834,0.00021,0.00074,0.00309,0.00078,0.00173,0.01490
1700000022.506617069244385,0.00366,0.00020,0.00009,0.00281,0.00201,0.00123,0.01001
1700000022.540512561798096,0.00376,0.00014,0.00045,0.00190,0.00093,0.00139,0.00856
1700000022.574408054351807,0.00614,0.00038,0.00007,0.00314,0.00087,0.00199,0.01260
1700000022.608303546905518,0.00310,0.00012,0.00013,0.00205,0.00055,0.00121,0.00716
1700000022.642199039459229,0.00325,0.00014,0.00009,0.00194,0.00085,0.00130,0.00757
1700000022.676094532012939,0.00403,0.00028,0.00011,0.00414,0.00075,0.00192,0.01123
1700000022.709990024566650,0.00580,0.00020,0.00003,0.00330,0.00067,0.00133,0.01133
1700000022.743885517120361,0.00308,0.00037,0.00004,0.00234,0.00012,0.00161,0.00757
1700000022.777781009674072,0.00291,0.00019,0.00010,0.00371,0.00012,0.00194,0.00897
1700000022.811676502227783,0.00449,0.00018,0.00010,0.00364,0.00006,0.00183,0.01031
1700000022.845571994781494,0.00271,0.00013,0.00005,0.00225,0.00004,0.00126,0.00643
1700000022.879467487335205,0.00319,0.00020,0.00008,0.00403,0.00009,0.00179,0.00937
1700000022.913362979888916,0.00501,0.00018,0.00005,0.00267,0.00004,0.00125,0.00920
1700000022.947258472442627,0.00250,0.00013,0.00003,0.00216,0.00007,0.00131,0.00620
1700000022.981154203414917,0.00345,0.00023,0.00013,0.00253,0.00005,0.00131,0.00771
1700000023.015049695968628,0.00316,0.00020,0.00008,0.00331,0.00009,0.00126,0.00810
1700000023.048945188522339,0.00751,0.00029,0.00014,0.00383,0.00005,0.00182,0.01365
1700000023.082840681076050,0.00358,0.00020,0.00012,0.00255,0.00010,0.00120,0.00774
1700000023.116736173629761,0.00382,0.00018,0.00005,0.00250,0.00005,0.00162,0.00821
1700000023.150631666183472,0.00482,0.00023,0.00012,0.00212,0.00003,0.00156,0.00888
1700000023.184527158737183,0.00250,0.00013,0.00010,0.00177,0.00008,0.00115,0.00574
1700000023.218422651290894,0.00267,0.00015,0.00002,0.00159,0.00007,0.00113,0.00562
1700000023.252318143844604,0.00458,0.00025,0.00117,0.00245,0.00072,0.00174,0.01091
1700000023.286213636398315,0.00693,0.00029,0.00037,0.00383,0.00010,0.00201,0.01353
1700000023.320109128952026,0.00337,0.00019,0.00011,0.00151,0.00040,0.00121,0.00680
1700000023.354004621505737,0.00320,0.00019,0.00014,0.00356,0.00250,0.00193,0.01152
1700000023.387900114059448,0.00637,0.00040,0.00030,0.00350,0.00314,0.00187,0.01558
1700000023.421795606613159,0.00283,0.00014,0.00011,0.00192,0.00135,0.00117,0.00752
1700000023.455691099166870,0.00308,0.00020,0.00014,0.00345,0.00130,0.00174,0.00991
1700000023.489586591720581,0.00412,0.00016,0.00051,0.00234,0.00341,0.00166,0.01220
1700000023.523482084274292,0.00268,0.00014,0.00007,0.00232,0.00046,0.00124,0.00691
1700000023.557377815246582,0.00290,0.00015,0.00006,0.00243,0.00004,0.00133,0.00692
1700000023.591273307800293,0.00461,0.00034,0.00285,0.00465,0.00083,0.00188,0.01516
1700000023.625168800354004,0.00551,0.00035,0.00020,0.00609,0.00005,0.00188,0.01409
1700000023.659064292907715,0.00345,0.00031,0.00150,0.00352,0.00004,0.00155,0.01038
1700000023.692959785461426,0.00277,0.00019,0.00121,0.00423,0.00006,0.00188,0.01035
1700000023.726855278015137,0.00609,0.00036,0.00003,0.00473,0.00000,0.00255,0.01377
1700000023.760750770568848,0.00281,0.00015,0.00122,0.00222,0.00046,0.00133,0.00820
1700000023.794646263122559,0.00375,0.00031,0.00015,0.00413,0.00014,0.00177,0.01024
1700000023.828541755676270,0.00588,0.00022,0.00010,0.00454,0.00016,0.00196,0.01285
1700000023.862437248229980,0.00373,0.00021,0.00006,0.00417,0.00000,0.00221,0.01038
1700000023.896332740783691,0.00327,0.00019,0.00009,0.00283,0.00072,0.00175,0.00886
1700000023.930228233337402,0.00488,0.00019,0.00002,0.00239,0.00005,0.00117,0.00870
1700000023.964123725891113,0.00294,0.00018,0.00020,0.00262,0.00006,0.00132,0.00731
1700000023.998019218444824,0.00328,0.00022,0.00027,0.00453,0.00007,0.00170,0.01007
1700000024.031914710998535,0.00545,0.00033,0.00003,0.00442,0.00014,0.00177,0.01215
1700000024.065810203552246,0.00269,0.00014,0.00002,0.00219,0.00004,0.00120,0.00628
1700000024.099705696105957,0.00366,0.00023,0.00021,0.00296,0.00008,0.00137,0.00851
1700000024.133601427078247,0.00369,0.00024,0.00002,0.00324,0.00000,0.00223,0.00942
1700000024.167496919631958,0.00568,0.00047,0.00044,0.00438,0.00019,0.00263,0.01380
1700000024.201392412185669,0.00413,0.00022,0.00008,0.00357,0.00009,0.00141,0.00950
1700000024.235287904739380,0.00307,0.00017,0.00002,0.00220,0.00004,0.00177,0.00727
1700000024.269183397293091,0.00454,0.00022,0.00002,0.00442,0.00000,0.00212,0.01132
1700000024.303078889846802,0.00330,0.00024,0.00005,0.00358,0.00026,0.00242,0.00986
1700000024.336974382400513,0.00298,0.00021,0.00002,0.00249,0.00006,0.00168,0.00743
1700000024.370869874954224,0.00463,0.00031,0.00010,0.00497,0.00018,0.00195,0.01214
1700000024.404765367507935,0.00540,0.00037,0.00026,0.00458,0.00022,0.00209,0.01292
1700000024.438660860061646,0.00261,0.00016,0.00002,0.00194,0.00007,0.00120,0.00600
1700000024.472556352615356,0.00263,0.00019,0.00003,0.00262,0.00006,0.00170,0.00722
1700000024.506451845169067,0.00353,0.00015,0.00004,0.00205,0.00011,0.00161,0.00748
1700000024.540347337722778,0.00315,0.00012,0.00004,0.00193,0.00000,0.00197,0.00722
1700000024.574242830276489,0.00331,0.00012,0.00008,0.00190,0.00011,0.00129,0.00680
1700000024.608138322830200,0.00534,0.00031,0.00003,0.00418,0.00089,0.00146,0.01222
1700000024.642033815383911,0.00333,0.00019,0.00003,0.00210,0.00003,0.00135,0.00703
1700000024.675929307937622,0.00280,0.00015,0.00005,0.00174,0.00004,0.00122,0.00599
1700000024.709825038909912,0.00359,0.00021,0.00012,0.00276,0.00011,0.00140,0.00819
1700000024.743720531463623,0.00499,0.00025,0.00015,0.00360,0.00008,0.00247,0.01153
1700000024.777616024017334,0.00318,0.00019,0.00006,0.00332,0.00018,0.00169,0.00862
1700000024.811511516571045,0.00366,0.00018,0.00006,0.00258,0.00171,0.00228,0.01047
1700000024.845407009124756,0.00455,0.00023,0.00009,0.00331,0.00081,0.00191,0.01092
1700000024.879302501678467,0.00279,0.00015,0.00005,0.00229,0.00084,0.00136,0.00748
1700000024.913197994232178,0.00330,0.00016,0.00092,0.00312,0.00078,0.00168,0.00997
1700000024.947093486785889,0.00644,0.00027,0.00060,0.00484,0.00000,0.00206,0.01422
1700000024.980988979339600,0.00332,0.00012,0.00009,0.00221,0.00051,0.00127,0.00752
1700000025.014884471893311,0.00328,0.00017,0.00039,0.00233,0.00004,0.00142,0.00764
1700000025.048779964447021,0.00385,0.00020,0.00012,0.00414,0.00073,0.00165,0.01070
1700000025.082675457000732,0.00665,0.00023,0.00011,0.00339,0.00004,0.00148,0.01191
1700000025.116570949554443,0.00433,0.00021,0.00087,0.00441,0.00010,0.00184,0.01176
1700000025.150466442108154,0.00355,0.00026,0.00009,0.00498,0.00010,0.00154,0.01052
1700000025.184361934661865,0.00478,0.00027,0.00017,0.00355,0.00007,0.00169,0.01053
1700000025.218257427215576,0.00312,0.00020,0.00026,0.00310,0.00007,0.00146,0.00821
1700000025.252152919769287,0.00324,0.00014,0.00007,0.00256,0.00007,0.00164,0.00772
1700000025.286048650741577,0.00432,0.00026,0.00015,0.00359,0.00006,0.00183,0.01021
1700000025.319944143295288,0.00563,0.00030,0.00017,0.00565,0.00013,0.00303,0.01491
1700000025.353839635848999,0.00266,0.00014,0.00005,0.00220,0.00000,0.00127,0.00633
1700000025.387735128402710,0.00382,0.00022,0.00032,0.00433,0.00010,0.00198,0.01078
1700000025.421630620956421,0.00477,0.00026,0.00013,0.00388,0.00010,0.00211,0.01125
1700000025.455526113510132,0.00339,0.00021,0.00003,0.00396,0.00008,0.00134,0.00902
1700000025.489421606063843,0.00322,0.00016,0.00005,0.00244,0.00004,0.00159,0.00750
1700000025.523317098617554,0.00492,0.00018,0.00004,0.00316,0.00011,0.00187,0.01030
1700000025.557212591171265,0.00305,0.00023,0.00003,0.00393,0.00012,0.00163,0.00900
1700000025.591108083724976,0.00260,0.00020,0.00008,0.00218,0.00009,0.00136,0.00652
1700000025.625003576278687,0.00265,0.00015,0.00018,0.00196,0.00009,0.00130,0.00633
1700000025.658899068832397,0.00430,0.00017,0.00007,0.00347,0.00016,0.00216,0.01033
1700000025.692794561386108,0.00338,0.00020,0.00006,0.00247,0.00000,0.00136,0.00747
1700000025.726690053939819,0.00350,0.00022,0.00002,0.00260,0.00011,0.00185,0.00830
1700000025.760585546493530,0.00414,0.00018,0.00002,0.00332,0.00006,0.00200,0.00972
1700000025.794481039047241,0.00245,0.00014,0.00003,0.00203,0.00012,0.00125,0.00601
1700000025.828376770019531,0.00331,0.00020,0.00007,0.00377,0.00012,0.00217,0.00963
1700000025.862272262573242,0.00314,0.00016,0.00003,0.00340,0.00011,0.00212,0.00896
1700000025.896167755126953,0.00478,0.00024,0.00003,0.00362,0.00008,0.00204,0.01080
1700000025.930063247680664,0.00259,0.00020,0.00004,0.00195,0.00009,0.00134,0.00620
1700000025.963958740234375,0.00505,0.00027,0.00004,0.00340,0.00008,0.00187,0.01071
1700000025.997854232788086,0.00390,0.00018,0.00003,0.00237,0.00007,0.00133,0.00790
1700000026.031749725341797,0.00264,0.00012,0.00010,0.00198,0.00010,0.00127,0.00622
1700000026.065645217895508,0.00265,0.00015,0.00011,0.00212,0.00010,0.00123,0.00637
1700000026.099540710449219,0.00448,0.00026,0.00004,0.00539,0.00000,0.00275,0.01292
1700000026.133436203002930,0.00281,0.00014,0.00018,0.00184,0.00006,0.00139,0.00643
1700000026.167331695556641,0.00309,0.00015,0.00004,0.00179,0.00000,0.00121,0.00628
1700000026.201227188110352,0.00415,0.00018,0.00003,0.00332,0.00019,0.00214,0.01002
1700000026.235122680664062,0.00530,0.00022,0.00004,0.00318,0.00011,0.00219,0.01104
1700000026.269018173217773,0.00332,0.00019,0.00003,0.00296,0.00006,0.00132,0.00789
1700000026.302913665771484,0.00516,0.00034,0.00005,0.00400,0.00009,0.00275,0.01240
1700000026.336809396743774,0.00471,0.00021,0.00009,0.00409,0.00023,0.00272,0.01205
1700000026.370704889297485,0.00309,0.00015,0.00003,0.00184,0.00007,0.00138,0.00656
1700000026.404600381851196,0.00346,0.00021,0.00003,0.00324,0.00012,0.00166,0.00872
1700000026.438495874404907,0.00453,0.00028,0.00017,0.00450,0.00033,0.00287,0.01269
1700000026.472391366958618,0.00410,0.00020,0.00011,0.00245,0.00056,0.00129,0.00873
1700000026.506286859512329,0.00405,0.00023,0.00008,0.00240,0.00000,0.00182,0.00858
1700000026.540182352066040,0.00470,0.00022,0.00014,0.00378,0.00084,0.00175,0.01142
1700000026.574077844619751,0.00566,0.00021,0.00007,0.00279,0.00055,0.00138,0.01066
1700000026.607973337173462,0.00335,0.00020,0.00006,0.00401,0.00023,0.00185,0.00971
1700000026.641868829727173,0.00515,0.00022,0.00017,0.00391,0.00010,0.00208,0.01164
1700000026.675764322280884,0.00480,0.00023,0.00007,0.00354,0.00019,0.00199,0.01082
1700000026.709659814834595,0.00333,0.00023,0.00008,0.00386,0.00006,0.00288,0.01043
1700000026.743555307388306,0.00365,0.00013,0.00005,0.00236,0.00067,0.00189,0.00875
1700000026.777450799942017,0.00356,0.00022,0.00059,0.00423,0.00079,0.00195,0.01134
1700000026.811346292495728,0.00500,0.00028,0.00004,0.00332,0.00067,0.00140,0.01072
1700000026.845242023468018,0.00327,0.00014,0.00092,0.00236,0.00054,0.00123,0.00846
1700000026.879137516021729,0.00304,0.00022,0.00087,0.00237,0.00006,0.00146,0.00803
1700000026.913033008575439,0.00528,0.00031,0.00003,0.00453,0.00000,0.00197,0.01212
1700000026.946928501129150,0.00311,0.00019,0.00011,0.00354,0.00006,0.00133,0.00833
1700000026.980823993682861,0.00246,0.00015,0.00003,0.00236,0.00000,0.00127,0.00627
1700000027.014719486236572,0.00425,0.00021,0.00141,0.00437,0.00100,0.00157,0.01280
1700000027.048614978790283,0.00357,0.00020,0.00097,0.00406,0.00075,0.00151,0.01106
1700000027.082510471343994,0.00305,0.00025,0.00003,0.00250,0.00011,0.00131,0.00725
1700000027.116405963897705,0.00362,0.00022,0.00072,0.00384,0.00090,0.00126,0.01056
1700000027.150301456451416,0.00564,0.00036,0.00064,0.00459,0.00005,0.00181,0.01310
1700000027.184196949005127,0.00284,0.00017,0.00015,0.00261,0.00002,0.00122,0.00702
1700000027.218092441558838,0.00320,0.00016,0.00058,0.00247,0.00004,0.00128,0.00773
1700000027.251987934112549,0.00511,0.00028,0.00111,0.00411,0.00006,0.00204,0.01271
1700000027.285883426666260,0.00347,0.00022,0.00136,0.00201,0.00005,0.00122,0.00834
1700000027.319778919219971,0.00332,0.00022,0.00027,0.00366,0.00001,0.00237,0.00985
1700000027.353674411773682,0.00463,0.00025,0.00023,0.00237,0.00009,0.00165,0.00922
1700000027.387570142745972,0.00310,0.00011,0.00008,0.00168,0.00041,0.00124,0.00663
1700000027.421465635299683,0.00315,0.00015,0.00007,0.00175,0.00054,0.00137,0.00702
1700000027.455361127853394,0.00256,0.00015,0.00010,0.00179,0.00132,0.00140,0.00732
1700000027.489256620407104,0.00501,0.00014,0.00004,0.00230,0.00006,0.00169,0.00924
1700000027.523152112960815,0.00291,0.00012,0.00003,0.00191,0.00004,0.00130,0.00631
1700000027.557047605514526,0.00372,0.00022,0.00019,0.00345,0.00005,0.00222,0.00984
1700000027.590943098068237,0.00548,0.00023,0.00009,0.00354,0.00005,0.00143,0.01081
1700000027.624838590621948,0.00267,0.00014,0.00005,0.00191,0.00008,0.00125,0.00610
1700000027.658734083175659,0.00339,0.00019,0.00010,0.00170,0.00008,0.00126,0.00671
1700000027.692629575729370,0.00352,0.00014,0.00007,0.00220,0.00015,0.00170,0.00778
1700000027.726525068283081,0.00667,0.00029,0.00014,0.00235,0.00006,0.00131,0.01082
1700000027.760420560836792,0.00328,0.00020,0.00007,0.00226,0.00009,0.00126,0.00716
1700000027.794316053390503,0.00432,0.00015,0.00005,0.00219,0.00007,0.00183,0.00861
1700000027.828211545944214,0.00503,0.00017,0.00008,0.00207,0.00212,0.00134,0.01079
1700000027.862107038497925,0.00333,0.00020,0.00092,0.00352,0.00095,0.00256,0.01147
1700000027.896002769470215,0.00335,0.00022,0.00006,0.00357,0.00086,0.00184,0.00992
1700000027.929898262023926,0.00448,0.00018,0.00007,0.00365,0.00000,0.00206,0.01044
1700000027.963793754577637,0.00304,0.00014,0.00013,0.00203,0.00010,0.00119,0.00663
1700000027.997689247131348,0.00349,0.00023,0.00009,0.00377,0.00086,0.00175,0.01020
1700000028.031584739685059,0.00350,0.00017,0.00020,0.00340,0.00207,0.00166,0.01099
1700000028.065480232238770,0.00630,0.00026,0.00103,0.00467,0.00089,0.00204,0.01521
1700000028.099375724792480,0.00404,0.00022,0.00273,0.00296,0.00005,0.00176,0.01176
1700000028.133271217346191,0.00387,0.00019,0.00060,0.00339,0.00082,0.00178,0.01066
1700000028.167166709899902,0.00654,0.00026,0.00110,0.00523,0.00000,0.00280,0.01594
1700000028.201062202453613,0.00307,0.00016,0.00044,0.00250,0.00049,0.00123,0.00789
1700000028.234957695007324,0.00399,0.00022,0.00024,0.00488,0.00000,0.00252,0.01185
1700000028.268853187561035,0.00439,0.00024,0.00084,0.00397,0.00000,0.00121,0.01064
1700000028.302748680114746,0.00641,0.00024,0.00120,0.00483,0.00000,0.00197,0.01465
1700000028.336644172668457,0.00421,0.00025,0.00016,0.00330,0.00000,0.00159,0.00951
1700000028.370539665222168,0.00446,0.00028,0.00039,0.00405,0.00076,0.00177,0.01171
1700000028.404435396194458,0.00675,0.00034,0.00028,0.00556,0.00091,0.00204,0.01589
1700000028.438330888748169,0.00389,0.00013,0.00007,0.00253,0.00046,0.00126,0.00834
1700000028.472226381301880,0.00325,0.00016,0.00076,0.00262,0.00000,0.00175,0.00853
1700000028.506121873855591,0.00585,0.00026,0.00207,0.00456,0.00000,0.00192,0.01466
1700000028.540017366409302,0.00297,0.00013,0.00049,0.00257,0.00000,0.00173,0.00789
1700000028.573912858963013,0.00400,0.00021,0.00100,0.00265,0.00000,0.00142,0.00928
1700000028.607808351516724,0.00442,0.00034,0.00016,0.00524,0.00005,0.00201,0.01223
1700000028.641703844070435,0.00563,0.00018,0.00051,0.00416,0.00006,0.00195,0.01250
1700000028.675599336624146,0.00360,0.00020,0.00011,0.00461,0.00008,0.00261,0.01122
1700000028.709494829177856,0.00372,0.00021,0.00171,0.00241,0.00005,0.00132,0.00942
1700000028.743390321731567,0.00528,0.00019,0.00015,0.00402,0.00004,0.00187,0.01155
1700000028.777285814285278,0.00360,0.00014,0.00013,0.00224,0.00005,0.00127,0.00742
1700000028.811181306838989,0.00287,0.00014,0.00004,0.00228,0.00008,0.00127,0.00668
1700000028.845076799392700,0.00496,0.00016,0.00007,0.00276,0.00009,0.00192,0.00996
1700000028.878972291946411,0.00352,0.00019,0.00014,0.00398,0.00014,0.00245,0.01042
1700000028.912867784500122,0.00420,0.00023,0.00043,0.00394,0.00015,0.00248,0.01144
1700000028.946763515472412,0.00361,0.00021,0.00021,0.00398,0.00010,0.00203,0.01014
1700000028.980659008026123,0.00714,0.00031,0.00005,0.00517,0.00020,0.00307,0.01593
1700000029.014554500579834,0.00346,0.00019,0.00007,0.00360,0.00005,0.00163,0.00901
1700000029.048449993133545,0.00340,0.00021,0.00010,0.00328,0.00008,0.00208,0.00915
1700000029.082345485687256,0.00470,0.00017,0.00003,0.00286,0.00009,0.00149,0.00935
1700000029.116240978240967,0.00342,0.00026,0.00003,0.00218,0.00011,0.00129,0.00729
1700000029.150136470794678,0.00364,0.00021,0.00003,0.00400,0.00006,0.00173,0.00967
1700000029.184031963348389,0.00323,0.00021,0.00003,0.00380,0.00021,0.00297,0.01045
1700000029.217927455902100,0.00615,0.00029,0.00004,0.00534,0.00007,0.00323,0.01513
1700000029.251822948455811,0.00343,0.00021,0.00005,0.00235,0.00007,0.00129,0.00741
1700000029.285718441009521,0.00381,0.00024,0.00016,0.00422,0.00013,0.00161,0.01015
1700000029.319613933563232,0.00485,0.00028,0.00040,0.00508,0.00025,0.00266,0.01353
1700000029.353509426116943,0.00366,0.00019,0.00007,0.00246,0.00006,0.00136,0.00780
1700000029.387404918670654,0.00294,0.00017,0.00005,0.00217,0.00006,0.00126,0.00665
1700000029.421300411224365,0.00416,0.00024,0.00012,0.00315,0.00004,0.00206,0.00977
1700000029.455195903778076,0.00400,0.00020,0.00008,0.00369,0.00013,0.00189,0.00998
1700000029.489091634750366,0.00361,0.00024,0.00003,0.00398,0.00011,0.00259,0.01056
1700000029.522987127304077,0.00371,0.00020,0.00002,0.00261,0.00170,0.00173,0.00998
1700000029.556882619857788,0.00634,0.00043,0.00014,0.00481,0.00095,0.00219,0.01485
1700000029.590778112411499,0.00356,0.00021,0.00006,0.00426,0.00063,0.00147,0.01019
1700000029.624673604965210,0.00283,0.00017,0.00002,0.00260,0.00000,0.00146,0.00708
1700000029.658569097518921,0.00599,0.00031,0.00122,0.00497,0.00008,0.00203,0.01460
1700000029.692464590072632,0.00348,0.00019,0.00010,0.00473,0.00007,0.00163,0.01020
1700000029.726360082626343,0.00260,0.00012,0.00019,0.00242,0.00004,0.00141,0.00677
1700000029.760255575180054,0.00479,0.00033,0.00038,0.00557,0.00008,0.00192,0.01308
1700000029.794151067733765,0.00240,0.00013,0.00006,0.00226,0.00006,0.00124,0.00615
1700000029.828046560287476,0.00272,0.00017,0.00008,0.00234,0.00006,0.00137,0.00674
1700000029.861942052841187,0.00367,0.00032,0.00013,0.00451,0.00013,0.00216,0.01092
1700000029.895837545394897,0.00617,0.00027,0.00010,0.00465,0.00011,0.00218,0.01349
1700000029.929733037948608,0.00301,0.00017,0.00011,0.00219,0.00005,0.00124,0.00678
1700000029.963628530502319,0.00314,0.00026,0.00012,0.00252,0.00004,0.00142,0.00749
1700000029.997524023056030,0.00492,0.00032,0.00101,0.00414,0.00005,0.00167,0.01210
1700000030.031419515609741,0.00325,0.00021,0.00007,0.00405,0.00000,0.00238,0.00996
1700000030.065315246582031,0.00339,0.00034,0.00008,0.00302,0.00013,0.00192,0.00888
1700000030.099210739135742,0.00361,0.00018,0.00002,0.00296,0.00010,0.00195,0.00883
1700000030.133106231689453,0.00564,0.00033,0.00033,0.00481,0.00016,0.00185,0.01313
1700000030.167001724243164,0.00264,0.00015,0.00004,0.00208,0.00006,0.00120,0.00617
1700000030.200897216796875,0.00312,0.00016,0.00011,0.00202,0.00006,0.00136,0.00683
1700000030.234792709350586,0.00676,0.00014,0.00004,0.00331,0.00012,0.00216,0.01253
1700000030.268688201904297,0.00254,0.00016,0.00002,0.00201,0.00009,0.00123,0.00606
1700000030.302583694458008,0.00316,0.00020,0.00002,0.00230,0.00007,0.00149,0.00725
1700000030.336479187011719,0.00444,0.00019,0.00002,0.00352,0.00011,0.00213,0.01041
1700000030.370374679565430,0.00316,0.00020,0.00011,0.00380,0.00010,0.00219,0.00956
1700000030.404270172119141,0.00307,0.00020,0.00007,0.00308,0.00008,0.00137,0.00787
1700000030.438165664672852,0.00309,0.00020,0.00002,0.00366,0.00011,0.00215,0.00924
1700000030.472061157226562,0.00522,0.00031,0.00003,0.00233,0.00007,0.00130,0.00926
1700000030.505956649780273,0.00310,0.00018,0.00006,0.00333,0.00010,0.00151,0.00830
1700000030.539852142333984,0.00250,0.00014,0.00014,0.00230,0.00014,0.00167,0.00690
1700000030.573747634887695,0.00514,0.00027,0.00012,0.00420,0.00015,0.00224,0.01213
1700000030.607643127441406,0.00382,0.00020,0.00002,0.00347,0.00014,0.00226,0.00990
1700000030.641538858413696,0.00359,0.00019,0.00005,0.00272,0.00008,0.00181,0.00846
1700000030.675434350967407,0.00468,0.00031,0.00013,0.00543,0.00027,0.00293,0.01376
1700000030.709329843521118,0.00567,0.00024,0.00003,0.00322,0.00009,0.00163,0.01088
1700000030.743225336074829,0.00315,0.00013,0.00001,0.00183,0.00005,0.00126,0.00644
1700000030.777120828628540,0.00335,0.00020,0.00006,0.00338,0.00011,0.00221,0.00931
1700000030.811016321182251,0.00597,0.00025,0.00002,0.00235,0.00006,0.00130,0.00996
1700000030.844911813735962,0.00311,0.00020,0.00002,0.00224,0.00005,0.00129,0.00691
1700000030.878807306289673,0.00374,0.00017,0.00009,0.00198,0.00006,0.00138,0.00743
1700000030.912702798843384,0.00305,0.00019,0.00006,0.00243,0.00008,0.00144,0.00726
1700000030.946598291397095,0.00265,0.00013,0.00009,0.00194,0.00052,0.00123,0.00658
1700000030.980493783950806,0.00367,0.00020,0.00008,0.00387,0.00112,0.00249,0.01144
1700000031.014389276504517,0.00603,0.00023,0.00018,0.00400,0.00166,0.00213,0.01424
1700000031.048284769058228,0.00304,0.00021,0.00003,0.00284,0.00095,0.00151,0.00858
1700000031.082180261611938,0.00306,0.00019,0.00024,0.00339,0.00047,0.00113,0.00849
1700000031.116075754165649,0.00460,0.00025,0.00023,0.00364,0.00008,0.00207,0.01087
1700000031.149971246719360,0.00376,0.00019,0.00003,0.00400,0.00096,0.00155,0.01050
1700000031.183866739273071,0.00352,0.00023,0.00003,0.00437,0.00017,0.00293,0.01125
1700000031.217762470245361,0.00386,0.00021,0.00004,0.00314,0.00005,0.00130,0.00860
1700000031.251657962799072,0.00571,0.00022,0.00007,0.00347,0.00060,0.00197,0.01204
1700000031.285553455352783,0.00359,0.00015,0.00008,0.00253,0.00051,0.00133,0.00819
1700000031.319448947906494,0.00364,0.00024,0.00082,0.00488,0.00007,0.00191,0.01155
1700000031.353344440460205,0.00436,0.00020,0.00025,0.00299,0.00003,0.00125,0.00907
1700000031.387239933013916,0.00350,0.00021,0.00009,0.00437,0.00078,0.00146,0.01040
1700000031.421135425567627,0.00322,0.00016,0.00052,0.00316,0.00003,0.00176,0.00886
1700000031.455030918121338,0.00528,0.00031,0.00065,0.00513,0.00005,0.00313,0.01455
1700000031.488926410675049,0.00353,0.00020,0.00014,0.00266,0.00006,0.00132,0.00791
1700000031.522821903228760,0.00344,0.00022,0.00050,0.00247,0.00057,0.00162,0.00883
1700000031.556717395782471,0.00378,0.00022,0.00018,0.00426,0.00005,0.00162,0.01011
1700000031.590612888336182,0.00659,0.00021,0.00006,0.00390,0.00005,0.00206,0.01287
1700000031.624508380889893,0.00365,0.00019,0.00014,0.00340,0.00004,0.00146,0.00889
1700000031.658403873443604,0.00287,0.00014,0.00005,0.00322,0.00006,0.00189,0.00823
1700000031.692299365997314,0.00497,0.00018,0.00008,0.00255,0.00050,0.00157,0.00985
1700000031.726194858551025,0.00311,0.00021,0.00013,0.00460,0.00009,0.00231,0.01044
1700000031.760090589523315,0.00275,0.00015,0.00023,0.00239,0.00004,0.00131,0.00687
1700000031.793986082077026,0.00465,0.00026,0.00010,0.00480,0.00005,0.00184,0.01170
1700000031.827881574630737,0.00309,0.00015,0.00010,0.00232,0.00004,0.00121,0.00689
1700000031.861777067184448,0.00311,0.00022,0.00008,0.00363,0.00005,0.00134,0.00843
1700000031.895672559738159,0.00377,0.00022,0.00018,0.00231,0.00005,0.00130,0.00782
1700000031.929568052291870,0.00488,0.00021,0.00009,0.00245,0.00006,0.00128,0.00898
1700000031.963463544845581,0.00287,0.00014,0.00005,0.00218,0.00006,0.00134,0.00664
1700000031.997359037399292,0.00331,0.00023,0.00010,0.00297,0.00006,0.00135,0.00802
1700000032.031254529953003,0.00499,0.00019,0.00009,0.00287,0.00002,0.00125,0.00941
1700000032.065150022506714,0.00408,0.00019,0.00019,0.00348,0.00008,0.00261,0.01064
1700000032.099045515060425,0.00405,0.00020,0.00022,0.00360,0.00008,0.00177,0.00992
1700000032.132941007614136,0.00398,0.00021,0.00011,0.00350,0.00010,0.00212,0.01002
1700000032.166836500167847,0.00433,0.00015,0.00017,0.00230,0.00015,0.00128,0.00837
1700000032.200731992721558,0.00245,0.00013,0.00012,0.00166,0.00000,0.00116,0.00553
1700000032.234627485275269,0.00305,0.00013,0.00004,0.00168,0.00005,0.00131,0.00627
1700000032.268523216247559,0.00543,0.00025,0.00012,0.00223,0.00005,0.00129,0.00937
1700000032.302418708801270,0.00276,0.00017,0.00007,0.00165,0.00009,0.00121,0.00594
1700000032.336314201354980,0.00350,0.00021,0.00052,0.00312,0.00067,0.00180,0.00982
1700000032.370209693908691,0.00429,0.00014,0.00005,0.00174,0.00046,0.00121,0.00790
1700000032.404105186462402,0.00340,0.00014,0.00041,0.00178,0.00000,0.00124,0.00696
1700000032.438000679016113,0.00418,0.00020,0.00006,0.00346,0.00012,0.00146,0.00948
1700000032.471896171569824,0.00335,0.00015,0.00006,0.00261,0.00073,0.00191,0.00882
1700000032.505791664123535,0.00500,0.00017,0.00011,0.00223,0.00005,0.00131,0.00888
1700000032.539687156677246,0.00284,0.00015,0.00003,0.00224,0.00007,0.00130,0.00663
1700000032.573582649230957,0.00274,0.00014,0.00063,0.00203,0.00112,0.00126,0.00792
1700000032.607478141784668,0.00429,0.00017,0.00007,0.00228,0.00087,0.00122,0.00890
1700000032.641373634338379,0.00272,0.00014,0.00005,0.00224,0.00049,0.00128,0.00691
1700000032.675269126892090,0.00268,0.00017,0.00005,0.00221,0.00047,0.00120,0.00679
1700000032.709164619445801,0.00374,0.00018,0.00072,0.00441,0.00010,0.00205,0.01120
1700000032.743060111999512,0.00521,0.00024,0.00085,0.00424,0.00010,0.00179,0.01244
1700000032.776955604553223,0.00299,0.00011,0.00012,0.00216,0.00092,0.00118,0.00747
1700000032.810851335525513,0.00335,0.00028,0.00009,0.00359,0.00000,0.00147,0.00878
1700000032.844746828079224,0.00502,0.00021,0.00009,0.00479,0.00004,0.00207,0.01222
1700000032.878642320632935,0.00300,0.00014,0.00002,0.00246,0.00003,0.00130,0.00695
1700000032.912537813186646,0.00328,0.00017,0.00007,0.00302,0.00004,0.00137,0.00796
1700000032.946433305740356,0.00323,0.00020,0.00009,0.00357,0.00003,0.00124,0.00837
1700000032.980328798294067,0.00249,0.00011,0.00023,0.00248,0.00003,0.00126,0.00661
1700000033.014224290847778,0.00299,0.00022,0.00011,0.00475,0.00006,0.00166,0.00979
1700000033.048119783401489,0.00278,0.00021,0.00008,0.00421,0.00008,0.00218,0.00955
1700000033.082015275955200,0.00475,0.00025,0.00008,0.00482,0.00000,0.00203,0.01193
1700000033.115910768508911,0.00303,0.00013,0.00014,0.00247,0.00004,0.00122,0.00703
1700000033.149806261062622,0.00270,0.00016,0.00023,0.00305,0.00005,0.00182,0.00801
1700000033.183701753616333,0.00428,0.00018,0.00002,0.00266,0.00006,0.00127,0.00848
1700000033.217597246170044,0.00299,0.00021,0.00008,0.00379,0.00001,0.00144,0.00851
1700000033.251492738723755,0.00298,0.00022,0.00009,0.00278,0.00009,0.00172,0.00788
1700000033.285388231277466,0.00403,0.00017,0.00006,0.00355,0.00000,0.00209,0.00991
1700000033.319283962249756,0.00229,0.00015,0.00002,0.00219,0.00006,0.00127,0.00597
1700000033.353179454803467,0.00259,0.00016,0.00002,0.00234,0.00008,0.00133,0.00652
1700000033.387074947357178,0.00269,0.00016,0.00014,0.00352,0.00010,0.00196,0.00857
1700000033.420970439910889,0.00415,0.00018,0.00006,0.00287,0.00007,0.00136,0.00870
1700000033.454865932464600,0.00299,0.00017,0.00002,0.00240,0.00007,0.00128,0.00693
1700000033.488761425018311,0.00262,0.00015,0.00002,0.00234,0.00003,0.00121,0.00637
1700000033.522656917572021,0.00411,0.00019,0.00021,0.00365,0.00011,0.00190,0.01017
1700000033.556552410125732,0.00257,0.00014,0.00011,0.00228,0.00006,0.00124,0.00640
1700000033.590447902679443,0.00329,0.00022,0.00002,0.00297,0.00006,0.00124,0.00780
1700000033.624343395233154,0.00269,0.00021,0.00003,0.00396,0.00006,0.00222,0.00917
1700000033.658238887786865,0.00402,0.00019,0.00006,0.00252,0.00005,0.00125,0.00809
1700000033.692134380340576,0.00302,0.00020,0.00002,0.00233,0.00000,0.00131,0.00687
1700000033.726029872894287,0.00289,0.00017,0.00002,0.00235,0.00006,0.00159,0.00708
1700000033.759925365447998,0.00528,0.00023,0.00003,0.00364,0.00012,0.00196,0.01126
1700000033.793820858001709,0.00307,0.00021,0.00018,0.00301,0.00007,0.00157,0.00811
1700000033.827716588973999,0.00292,0.00015,0.00007,0.00240,0.00005,0.00154,0.00714
1700000033.861612081527710,0.00468,0.00019,0.00003,0.00418,0.00012,0.00186,0.01106
1700000033.895507574081421,0.00310,0.00020,0.00003,0.00311,0.00003,0.00134,0.00783
1700000033.929403066635132,0.00303,0.00015,0.00013,0.00229,0.00006,0.00133,0.00700
1700000033.963298559188843,0.00287,0.00015,0.00009,0.00249,0.00008,0.00151,0.00720
1700000033.997194051742554,0.00551,0.00021,0.00007,0.00232,0.00005,0.00139,0.00955
1700000034.031089544296265,0.00262,0.00015,0.00007,0.00234,0.00003,0.00123,0.00643
1700000034.064985036849976,0.00338,0.00015,0.00008,0.00301,0.00080,0.00192,0.00934
1700000034.098880529403687,0.00510,0.00024,0.00003,0.00294,0.00000,0.00184,0.01015
1700000034.132776021957397,0.00279,0.00015,0.00007,0.00228,0.00005,0.00153,0.00687
1700000034.166671514511108,0.00322,0.00016,0.00011,0.00223,0.00007,0.00140,0.00719
1700000034.200567007064819,0.00443,0.00018,0.00022,0.00217,0.00008,0.00129,0.00837
1700000034.234462499618530,0.00358,0.00014,0.00008,0.00215,0.00002,0.00117,0.00714
1700000034.268357992172241,0.00278,0.00013,0.00003,0.00199,0.00005,0.00127,0.00626
1700000034.302253484725952,0.00348,0.00022,0.00013,0.00388,0.00059,0.00182,0.01011
1700000034.336148977279663,0.00417,0.00017,0.00064,0.00284,0.00149,0.00204,0.01135
1700000034.370044708251953,0.00326,0.00015,0.00088,0.00207,0.00047,0.00130,0.00813
1700000034.403940200805664,0.00334,0.00023,0.00016,0.00436,0.00140,0.00169,0.01118
1700000034.437835693359375,0.00487,0.00020,0.00007,0.00285,0.00049,0.00127,0.00975
1700000034.471731185913086,0.00333,0.00014,0.00007,0.00272,0.00000,0.00122,0.00748
1700000034.505626678466797,0.00292,0.00024,0.00091,0.00257,0.00000,0.00129,0.00793
1700000034.539522171020508,0.00320,0.00017,0.00049,0.00249,0.00000,0.00121,0.00757
1700000034.573417663574219,0.00524,0.00023,0.00034,0.00393,0.00000,0.00130,0.01104
1700000034.607313156127930,0.00299,0.00014,0.00023,0.00256,0.00002,0.00126,0.00720
1700000034.641208648681641,0.00343,0.00021,0.00014,0.00280,0.00000,0.00175,0.00833
1700000034.675104141235352,0.00521,0.00018,0.00024,0.00424,0.00009,0.00207,0.01203
1700000034.708999633789062,0.00358,0.00012,0.00009,0.00204,0.00002,0.00125,0.00710
1700000034.742895126342773,0.00365,0.00021,0.00010,0.00301,0.00013,0.00178,0.00887
1700000034.776790618896484,0.00394,0.00018,0.00004,0.00206,0.00006,0.00159,0.00788
1700000034.810686111450195,0.00315,0.00020,0.00011,0.00358,0.00005,0.00239,0.00949
1700000034.844581604003906,0.00319,0.00014,0.00012,0.00194,0.00004,0.00161,0.00703
1700000034.878477334976196,0.00337,0.00021,0.00019,0.00402,0.00005,0.00151,0.00934
1700000034.912372827529907,0.00626,0.00021,0.00011,0.00377,0.00004,0.00204,0.01243
1700000034.946268320083618,0.00349,0.00018,0.00003,0.00232,0.00006,0.00146,0.00754
1700000034.980163812637329,0.00421,0.00015,0.00015,0.00244,0.00012,0.00175,0.00882
1700000035.014059305191040,0.00377,0.00017,0.00011,0.00281,0.00022,0.00186,0.00894
1700000035.047954797744751,0.00320,0.00018,0.00003,0.00285,0.00000,0.00133,0.00759
1700000035.081850290298462,0.00251,0.00015,0.00007,0.00190,0.00014,0.00155,0.00631
1700000035.115745782852173,0.00327,0.00020,0.00006,0.00286,0.00007,0.00218,0.00864
1700000035.149641275405884,0.00497,0.00022,0.00003,0.00256,0.00013,0.00158,0.00949
1700000035.183536767959595,0.00277,0.00018,0.00002,0.00281,0.00009,0.00149,0.00736
1700000035.217432260513306,0.00294,0.00020,0.00007,0.00266,0.00004,0.00163,0.00754
1700000035.251327753067017,0.00519,0.00018,0.00009,0.00305,0.00004,0.00204,0.01058
1700000035.285223245620728,0.00344,0.00019,0.00008,0.00303,0.00007,0.00239,0.00920
1700000035.319118738174438,0.00498,0.00022,0.00013,0.00306,0.00006,0.00184,0.01029
1700000035.353014230728149,0.00461,0.00025,0.00024,0.00260,0.00010,0.00161,0.00941
1700000035.386909723281860,0.00328,0.00018,0.00013,0.00178,0.00008,0.00126,0.00672
1700000035.420805215835571,0.00296,0.00015,0.00011,0.00146,0.00051,0.00124,0.00643
1700000035.454700946807861,0.00515,0.00021,0.00007,0.00279,0.00000,0.00181,0.01004
1700000035.488596439361572,0.00682,0.00019,0.00008,0.00228,0.00110,0.00133,0.01180
1700000035.522491931915283,0.00340,0.00019,0.00009,0.00286,0.00111,0.00163,0.00928
1700000035.556387424468994,0.00372,0.00021,0.00026,0.00314,0.00110,0.00185,0.01029
1700000035.590282917022705,0.00660,0.00029,0.00009,0.00457,0.00085,0.00191,0.01431
1700000035.624178409576416,0.00343,0.00019,0.00050,0.00240,0.00085,0.00129,0.00867
1700000035.658073902130127,0.00342,0.00014,0.00006,0.00257,0.00000,0.00170,0.00788
1700000035.691969394683838,0.00415,0.00017,0.00006,0.00208,0.00004,0.00128,0.00778
1700000035.725864887237549,0.00345,0.00020,0.00003,0.00299,0.00050,0.00139,0.00857
1700000035.759760379791260,0.00254,0.00016,0.00010,0.00208,0.00005,0.00119,0.00612
1700000035.793655872344971,0.00322,0.00015,0.00007,0.00212,0.00005,0.00124,0.00685
1700000035.827551364898682,0.00426,0.00018,0.00011,0.00237,0.00009,0.00128,0.00829
1700000035.861446857452393,0.00350,0.00021,0.00011,0.00238,0.00003,0.00124,0.00747
1700000035.895342350006104,0.00391,0.00024,0.00011,0.00431,0.00014,0.00223,0.01094
1700000035.929237842559814,0.00637,0.00020,0.00018,0.00387,0.00016,0.00188,0.01266
1700000035.963133335113525,0.00346,0.00014,0.00011,0.00195,0.00006,0.00127,0.00699
1700000035.997028827667236,0.00279,0.00012,0.00003,0.00194,0.00005,0.00126,0.00618
1700000036.030924558639526,0.00320,0.00017,0.00003,0.00213,0.00004,0.00127,0.00685
1700000036.064820051193237,0.00473,0.00020,0.00007,0.00254,0.00000,0.00151,0.00904
1700000036.098715543746948,0.00333,0.00022,0.00006,0.00357,0.00085,0.00146,0.00948
1700000036.132611036300659,0.00318,0.00018,0.00006,0.00280,0.00003,0.00213,0.00838
1700000036.166506528854370,0.00523,0.00023,0.00009,0.00309,0.00009,0.00189,0.01063
1700000036.200402021408081,0.00303,0.00029,0.00018,0.00214,0.00006,0.00127,0.00697
1700000036.234297513961792,0.00324,0.00021,0.00107,0.00242,0.00018,0.00178,0.00891
1700000036.268193006515503,0.00360,0.00015,0.00010,0.00250,0.00137,0.00179,0.00949
1700000036.302088499069214,0.00294,0.00016,0.00009,0.00203,0.00051,0.00121,0.00693
1700000036.335983991622925,0.00296,0.00013,0.00002,0.00184,0.00138,0.00128,0.00761
1700000036.369879484176636,0.00651,0.00019,0.00088,0.00369,0.00019,0.00164,0.01310
1700000036.403774976730347,0.00410,0.00030,0.00017,0.00291,0.00005,0.00139,0.00892
1700000036.437670469284058,0.00274,0.00012,0.00005,0.00193,0.00085,0.00123,0.00692
1700000036.471565961837769,0.00274,0.00017,0.00005,0.00214,0.00047,0.00119,0.00675
1700000036.505461454391479,0.00457,0.00020,0.00022,0.00383,0.00004,0.00130,0.01017
1700000036.539356946945190,0.00346,0.00014,0.00007,0.00222,0.00088,0.00155,0.00833
1700000036.573252439498901,0.00341,0.00012,0.00011,0.00220,0.00005,0.00170,0.00760
1700000036.607148170471191,0.00308,0.00016,0.00005,0.00205,0.00050,0.00118,0.00702
1700000036.641043663024902,0.00251,0.00010,0.00047,0.00199,0.00089,0.00126,0.00722
1700000036.674939155578613,0.00323,0.00033,0.00022,0.00323,0.00003,0.00138,0.00842
1700000036.708834648132324,0.00286,0.00016,0.00005,0.00213,0.00051,0.00127,0.00697
1700000036.742730140686035,0.00698,0.00017,0.00010,0.00291,0.00057,0.00129,0.01203
1700000036.776625633239746,0.00385,0.00021,0.00015,0.00424,0.00006,0.00125,0.00976
1700000036.810521125793457,0.00336,0.00021,0.00014,0.00218,0.00006,0.00136,0.00731
1700000036.844416618347168,0.00471,0.00022,0.00010,0.00378,0.00005,0.00238,0.01124
1700000036.878312110900879,0.00245,0.00012,0.00002,0.00201,0.00000,0.00117,0.00577
1700000036.912207603454590,0.00341,0.00021,0.00008,0.00377,0.00005,0.00280,0.01031
1700000036.946103096008301,0.00316,0.00022,0.00007,0.00371,0.00000,0.00232,0.00948
1700000036.979998588562012,0.00533,0.00020,0.00010,0.00306,0.00181,0.00184,0.01235
1700000037.013894081115723,0.00346,0.00038,0.00004,0.00392,0.00013,0.00152,0.00944
1700000037.047789573669434,0.00307,0.00023,0.00008,0.00399,0.00034,0.00288,0.01059
1700000037.081685066223145,0.00378,0.00017,0.00007,0.00242,0.00004,0.00157,0.00805
1700000037.115580558776855,0.00319,0.00020,0.00013,0.00210,0.00007,0.00132,0.00701
1700000037.149476051330566,0.00303,0.00022,0.00014,0.00422,0.00016,0.00198,0.00975
1700000037.183371782302856,0.00434,0.00020,0.00014,0.00239,0.00006,0.00141,0.00853
1700000037.217267274856567,0.00312,0.00018,0.00003,0.00290,0.00055,0.00121,0.00799
1700000037.251162767410278,0.00316,0.00020,0.00007,0.00390,0.00009,0.00203,0.00944
1700000037.285058259963989,0.00396,0.00027,0.00003,0.00435,0.00015,0.00132,0.01008
1700000037.318953752517700,0.00606,0.00021,0.00017,0.00317,0.00006,0.00157,0.01123
1700000037.352849245071411,0.00317,0.00014,0.00002,0.00198,0.00000,0.00130,0.00662
1700000037.386744737625122,0.00330,0.00013,0.00007,0.00266,0.00074,0.00185,0.00875
1700000037.420640230178833,0.00419,0.00019,0.00007,0.00218,0.00010,0.00131,0.00803
1700000037.454535722732544,0.00287,0.00014,0.00004,0.00198,0.00009,0.00129,0.00643
1700000037.488431215286255,0.00301,0.00021,0.00006,0.00373,0.00008,0.00218,0.00928
1700000037.522326707839966,0.00433,0.00030,0.00023,0.00462,0.00026,0.00254,0.01228
1700000037.556222200393677,0.00679,0.00020,0.00008,0.00280,0.00022,0.00233,0.01242
1700000037.590117692947388,0.00307,0.00019,0.00002,0.00367,0.00013,0.00281,0.00988
1700000037.624013185501099,0.00321,0.00021,0.00003,0.00259,0.00008,0.00142,0.00754
1700000037.657908678054810,0.00539,0.00026,0.00002,0.00274,0.00005,0.00146,0.00993
1700000037.691804170608521,0.00240,0.00014,0.00005,0.00191,0.00006,0.00122,0.00578
1700000037.725699901580811,0.00266,0.00016,0.00006,0.00237,0.00012,0.00167,0.00705
1700000037.759595394134521,0.00406,0.00017,0.00003,0.00277,0.00000,0.00194,0.00896
1700000037.793490886688232,0.00253,0.00011,0.00002,0.00189,0.00004,0.00126,0.00585
1700000037.827386379241943,0.00296,0.00020,0.00003,0.00263,0.00008,0.00131,0.00722
1700000037.861281871795654,0.00264,0.00015,0.00002,0.00189,0.00010,0.00118,0.00598
1700000037.895177364349365,0.00571,0.00039,0.00008,0.00468,0.00009,0.00271,0.01366
1700000037.929072856903076,0.00296,0.00017,0.00011,0.00203,0.00013,0.00137,0.00677
1700000037.962968349456787,0.00337,0.00029,0.00005,0.00204,0.00012,0.00149,0.00735
1700000037.996863842010498,0.00470,0.00021,0.00002,0.00285,0.00008,0.00156,0.00943
1700000038.030759334564209,0.00302,0.00016,0.00005,0.00185,0.00006,0.00125,0.00639
1700000038.064654827117920,0.00331,0.00016,0.00005,0.00206,0.00004,0.00131,0.00693
1700000038.098550319671631,0.00416,0.00024,0.00007,0.00355,0.00007,0.00136,0.00946
1700000038.132445812225342,0.00255,0.00014,0.00008,0.00176,0.00084,0.00117,0.00654
1700000038.166341304779053,0.00303,0.00025,0.00003,0.00372,0.00000,0.00242,0.00945
1700000038.200236797332764,0.00397,0.00027,0.00006,0.00499,0.00006,0.00194,0.01129
1700000038.234132528305054,0.00583,0.00041,0.00007,0.00509,0.00021,0.00273,0.01434
1700000038.268028020858765,0.00327,0.00012,0.00004,0.00196,0.00009,0.00129,0.00678
1700000038.301923513412476,0.00320,0.00015,0.00008,0.00182,0.00045,0.00133,0.00704
1700000038.335819005966187,0.00405,0.00016,0.00003,0.00202,0.00051,0.00122,0.00800
1700000038.369714498519897,0.00330,0.00017,0.00033,0.00196,0.00090,0.00123,0.00789
1700000038.403609991073608,0.00361,0.00021,0.00006,0.00323,0.00007,0.00162,0.00881
1700000038.437505483627319,0.00432,0.00030,0.00011,0.00391,0.00011,0.00175,0.01051
1700000038.471400976181030,0.00508,0.00049,0.00110,0.00502,0.00083,0.00197,0.01450
1700000038.505296468734741,0.00338,0.00031,0.00048,0.00220,0.00051,0.00129,0.00818
1700000038.539191961288452,0.00354,0.00024,0.00008,0.00414,0.00087,0.00194,0.01080
1700000038.573087453842163,0.00595,0.00016,0.00012,0.00252,0.00069,0.00178,0.01122
1700000038.606982946395874,0.00424,0.00017,0.00006,0.00275,0.00002,0.00122,0.00847
1700000038.640878438949585,0.00293,0.00016,0.00052,0.00252,0.00004,0.00120,0.00737
1700000038.674773931503296,0.00386,0.00015,0.00011,0.00287,0.00004,0.00125,0.00828
1700000038.708669424057007,0.00341,0.00031,0.00007,0.00338,0.00003,0.00137,0.00857
1700000038.742565155029297,0.00322,0.00014,0.00060,0.00274,0.00004,0.00135,0.00809
1700000038.776460647583008,0.00354,0.00023,0.00016,0.00492,0.00093,0.00202,0.01179
1700000038.810356140136719,0.00614,0.00030,0.00006,0.00499,0.00008,0.00197,0.01354
1700000038.844251632690430,0.00282,0.00015,0.00011,0.00244,0.00050,0.00138,0.00740
1700000038.878147125244141,0.00329,0.00026,0.00006,0.00311,0.00000,0.00132,0.00804
1700000038.912042617797852,0.00432,0.00020,0.00084,0.00294,0.00002,0.00127,0.00959
1700000038.945938110351562,0.00261,0.00012,0.00043,0.00252,0.00002,0.00138,0.00709
1700000038.979833602905273,0.00326,0.00023,0.00292,0.00484,0.00005,0.00177,0.01306
1700000039.013729095458984,0.00364,0.00016,0.00003,0.00275,0.00003,0.00132,0.00794
1700000039.047624588012695,0.00323,0.00023,0.00078,0.00249,0.00003,0.00132,0.00807
1700000039.081520080566406,0.00374,0.00030,0.00020,0.00338,0.00004,0.00144,0.00909
1700000039.115415573120117,0.00417,0.00029,0.00008,0.00573,0.00006,0.00200,0.01233
1700000039.149311065673828,0.00320,0.00020,0.00032,0.00267,0.00003,0.00134,0.00775
1700000039.183206558227539,0.00343,0.00035,0.00019,0.00335,0.00002,0.00141,0.00876
1700000039.217102050781250,0.00390,0.00020,0.00096,0.00261,0.00002,0.00132,0.00902
1700000039.250997781753540,0.00308,0.00019,0.00009,0.00275,0.00002,0.00128,0.00742
1700000039.284893274307251,0.00310,0.00021,0.00009,0.00386,0.00000,0.00138,0.00865
1700000039.318788766860962,0.00609,0.00022,0.00017,0.00414,0.00005,0.00153,0.01220
1700000039.352684259414673,0.00688,0.00031,0.00018,0.00539,0.00009,0.00280,0.01564
1700000039.386579751968384,0.00242,0.00014,0.00010,0.00233,0.00005,0.00130,0.00634
1700000039.420475244522095,0.00345,0.00022,0.00002,0.00424,0.00005,0.00251,0.01049
1700000039.454370737075806,0.00468,0.00016,0.00016,0.00298,0.00007,0.00167,0.00972
1700000039.488266229629517,0.00325,0.00021,0.00026,0.00421,0.00011,0.00244,0.01049
1700000039.522161722183228,0.00333,0.00023,0.00009,0.00425,0.00005,0.00222,0.01018
1700000039.556057214736938,0.00368,0.00022,0.00015,0.00435,0.00011,0.00258,0.01110
1700000039.589952707290649,0.00567,0.00021,0.00002,0.00424,0.00006,0.00269,0.01290
1700000039.623848199844360,0.00345,0.00021,0.00012,0.00435,0.00006,0.00136,0.00955
1700000039.657743692398071,0.00332,0.00023,0.00018,0.00327,0.00006,0.00150,0.00857
1700000039.691639184951782,0.00559,0.00024,0.00002,0.00511,0.00000,0.00369,0.01465
1700000039.725534677505493,0.00286,0.00014,0.00008,0.00229,0.00006,0.00125,0.00667
1700000039.759430170059204,0.00334,0.00021,0.00003,0.00320,0.00062,0.00205,0.00946
1700000039.793325901031494,0.00432,0.00026,0.00103,0.00510,0.00011,0.00220,0.01302
1700000039.827221393585205,0.00357,0.00026,0.00005,0.00241,0.00003,0.00194,0.00826
1700000039.861116886138916,0.00264,0.00013,0.00015,0.00227,0.00047,0.00123,0.00688
1700000039.895012378692627,0.00381,0.00022,0.00040,0.00322,0.00008,0.00174,0.00947
1700000039.928907871246338,0.00528,0.00021,0.00062,0.00291,0.00003,0.00126,0.01030
1700000039.962803363800049,0.00350,0.00020,0.00007,0.00430,0.00011,0.00154,0.00972
1700000039.996698856353760,0.00297,0.00016,0.00004,0.00245,0.00000,0.00143,0.00706
1700000040.030594348907471,0.00550,0.00032,0.00010,0.00426,0.00005,0.00164,0.01188
1700000040.064489841461182,0.00335,0.00020,0.00024,0.00429,0.00014,0.00251,0.01074
1700000040.098385334014893,0.00334,0.00020,0.00050,0.00407,0.00000,0.00283,0.01094
1700000040.132280826568604,0.00493,0.00026,0.00008,0.00498,0.00310,0.00263,0.01598
1700000040.166176319122314,0.00300,0.00012,0.00006,0.00230,0.00010,0.00134,0.00693
1700000040.200071811676025,0.00335,0.00019,0.00005,0.00235,0.00107,0.00192,0.00894
1700000040.233967304229736,0.00291,0.00015,0.00013,0.00264,0.00002,0.00129,0.00715
1700000040.267862796783447,0.00512,0.00031,0.00030,0.00552,0.00101,0.00202,0.01428
1700000040.301758527755737,0.00311,0.00014,0.00057,0.00227,0.00005,0.00120,0.00733
1700000040.335654020309448,0.00316,0.00016,0.00012,0.00242,0.00003,0.00156,0.00746
1700000040.369549512863159,0.00505,0.00016,0.00011,0.00285,0.00008,0.00141,0.00966
1700000040.403445005416870,0.00354,0.00024,0.00010,0.00264,0.00000,0.00135,0.00787
1700000040.437340497970581,0.00318,0.00017,0.00008,0.00224,0.00002,0.00129,0.00698
1700000040.471235990524292,0.00428,0.00027,0.00022,0.00363,0.00251,0.00197,0.01289
1700000040.505131483078003,0.00484,0.00023,0.00004,0.00383,0.00000,0.00186,0.01079
1700000040.539026975631714,0.00310,0.00027,0.00002,0.00212,0.00005,0.00132,0.00689
1700000040.572922468185425,0.00327,0.00023,0.00007,0.00402,0.00092,0.00164,0.01014
1700000040.606817960739136,0.00462,0.00018,0.00019,0.00308,0.00002,0.00126,0.00936
1700000040.640713453292847,0.00384,0.00024,0.00009,0.00203,0.00006,0.00129,0.00755
1700000040.674608945846558,0.00346,0.00023,0.00022,0.00390,0.00021,0.00230,0.01031
1700000040.708504438400269,0.00384,0.00015,0.00064,0.00280,0.00021,0.00201,0.00966
1700000040.742399930953979,0.00314,0.00021,0.00003,0.00294,0.00003,0.00128,0.00764
1700000040.776295423507690,0.00319,0.00024,0.00065,0.00329,0.00014,0.00232,0.00983
1700000040.810190916061401,0.00290,0.00014,0.00001,0.00184,0.00003,0.00143,0.00636
1700000040.844086647033691,0.00539,0.00026,0.00008,0.00282,0.00007,0.00171,0.01033
1700000040.877982139587402,0.00306,0.00020,0.00009,0.00207,0.00047,0.00128,0.00717
1700000040.911877632141113,0.00305,0.00014,0.00002,0.00194,0.00004,0.00133,0.00652
1700000040.945773124694824,0.00346,0.00027,0.00010,0.00216,0.00005,0.00125,0.00728
1700000040.979668617248535,0.00310,0.00028,0.00002,0.00281,0.00008,0.00141,0.00770
1700000041.013564109802246,0.00304,0.00020,0.00002,0.00352,0.00017,0.00244,0.00939
1700000041.047459602355957,0.00437,0.00018,0.00006,0.00332,0.00008,0.00186,0.00987
1700000041.081355094909668,0.00263,0.00013,0.00002,0.00191,0.00012,0.00129,0.00610
1700000041.115250587463379,0.00280,0.00016,0.00010,0.00194,0.00012,0.00136,0.00648
1700000041.149146080017090,0.00336,0.00023,0.00002,0.00332,0.00007,0.00192,0.00894
1700000041.183041572570801,0.00514,0.00029,0.00004,0.00375,0.00021,0.00199,0.01141
1700000041.216937065124512,0.00316,0.00022,0.00006,0.00258,0.00000,0.00137,0.00739
1700000041.250832557678223,0.00244,0.00015,0.00002,0.00218,0.00007,0.00164,0.00650
1700000041.284728050231934,0.00417,0.00017,0.00004,0.00371,0.00015,0.00202,0.01027
1700000041.318623542785645,0.00319,0.00029,0.00004,0.00348,0.00008,0.00228,0.00937
1700000041.352519035339355,0.00310,0.00020,0.00003,0.00288,0.00007,0.00153,0.00781
1700000041.386414527893066,0.00418,0.00036,0.00003,0.00477,0.00012,0.00200,0.01147
1700000041.420310258865356,0.00395,0.00019,0.00005,0.00363,0.00017,0.00217,0.01016
1700000041.454205751419067,0.00284,0.00014,0.00003,0.00196,0.00006,0.00131,0.00635
1700000041.488101243972778,0.00327,0.00023,0.00084,0.00315,0.00022,0.00191,0.00962
1700000041.521996736526489,0.00427,0.00017,0.00075,0.00393,0.00023,0.00208,0.01143
1700000041.555892229080200,0.00229,0.00012,0.00006,0.00188,0.00005,0.00126,0.00566
1700000041.589787721633911,0.00253,0.00014,0.00057,0.00180,0.00006,0.00131,0.00640
1700000041.623683214187622,0.00577,0.00026,0.00010,0.00359,0.00082,0.00234,0.01289
1700000041.657578706741333,0.00328,0.00014,0.00013,0.00211,0.00005,0.00209,0.00780
1700000041.691474199295044,0.00246,0.00018,0.00006,0.00199,0.00047,0.00127,0.00643
1700000041.725369691848755,0.00305,0.00014,0.00007,0.00287,0.00006,0.00196,0.00815
1700000041.759265184402466,0.00460,0.00018,0.00008,0.00250,0.00005,0.00133,0.00875
1700000041.793160676956177,0.00335,0.00020,0.00010,0.00343,0.00013,0.00148,0.00869
1700000041.827056169509888,0.00362,0.00022,0.00009,0.00338,0.00005,0.00189,0.00925
1700000041.860951662063599,0.00427,0.00021,0.00015,0.00386,0.00014,0.00277,0.01141
1700000041.894847154617310,0.00366,0.00021,0.00013,0.00255,0.00056,0.00129,0.00839
1700000041.928742647171021,0.00345,0.00020,0.00080,0.00234,0.00012,0.00125,0.00816
1700000041.962638139724731,0.00411,0.00023,0.00049,0.00342,0.00005,0.00212,0.01043
1700000041.996533870697021,0.00463,0.00020,0.00011,0.00378,0.00011,0.00195,0.01079
1700000042.030429363250732,0.00380,0.00014,0.00005,0.00204,0.00000,0.00136,0.00739
1700000042.064324855804443,0.00428,0.00025,0.00014,0.00364,0.00019,0.00177,0.01027
1700000042.098220348358154,0.00531,0.00017,0.00007,0.00267,0.00005,0.00186,0.01014
1700000042.132115840911865,0.00350,0.00014,0.00008,0.00186,0.00050,0.00127,0.00736
1700000042.166011333465576,0.00400,0.00013,0.00008,0.00204,0.00005,0.00134,0.00765
1700000042.199906826019287,0.00398,0.00014,0.00010,0.00219,0.00057,0.00164,0.00861
1700000042.233802318572998,0.00276,0.00014,0.00006,0.00198,0.00086,0.00119,0.00698
1700000042.267697811126709,0.00284,0.00015,0.00045,0.00211,0.00129,0.00121,0.00805
1700000042.301593303680420,0.00315,0.00034,0.00098,0.00409,0.00077,0.00188,0.01121
1700000042.335488796234131,0.00511,0.00020,0.00080,0.00443,0.00000,0.00195,0.01249
1700000042.369384288787842,0.00291,0.00015,0.00049,0.00264,0.00000,0.00129,0.00748
1700000042.403279781341553,0.00290,0.00014,0.00011,0.00274,0.00000,0.00169,0.00757
1700000042.437175273895264,0.00545,0.00026,0.00089,0.00544,0.00000,0.00216,0.01420
1700000042.471070766448975,0.00363,0.00021,0.00166,0.00303,0.00001,0.00136,0.00989
1700000042.504966259002686,0.00342,0.00023,0.00025,0.00303,0.00004,0.00139,0.00837
1700000042.538861751556396,0.00399,0.00016,0.00009,0.00279,0.00061,0.00161,0.00925
1700000042.572757482528687,0.00353,0.00022,0.00142,0.00256,0.00003,0.00131,0.00907
1700000042.606652975082397,0.00353,0.00022,0.00020,0.00350,0.00050,0.00131,0.00927
1700000042.640548467636108,0.00373,0.00023,0.00007,0.00319,0.00003,0.00193,0.00918
1700000042.674443960189819,0.00486,0.00021,0.00008,0.00383,0.00004,0.00187,0.01089
1700000042.708339452743530,0.00353,0.00021,0.00018,0.00464,0.00004,0.00246,0.01106
1700000042.742234945297241,0.00244,0.00016,0.00019,0.00259,0.00002,0.00126,0.00666
1700000042.776130437850952,0.00457,0.00021,0.00011,0.00318,0.00003,0.00203,0.01013
1700000042.810025930404663,0.00342,0.00020,0.00014,0.00411,0.00005,0.00141,0.00933
1700000042.843921422958374,0.00344,0.00023,0.00086,0.00335,0.00050,0.00137,0.00975
1700000042.877816915512085,0.00408,0.00031,0.00023,0.00557,0.00007,0.00188,0.01215
1700000042.911712408065796,0.00567,0.00040,0.00018,0.00485,0.00008,0.00222,0.01340
1700000042.945607900619507,0.00287,0.00013,0.00008,0.00246,0.00004,0.00132,0.00690
1700000042.979503393173218,0.00290,0.00026,0.00017,0.00344,0.00088,0.00191,0.00956
1700000043.013398885726929,0.00464,0.00018,0.00006,0.00369,0.00007,0.00217,0.01081
1700000043.047294378280640,0.00334,0.00029,0.00011,0.00353,0.00005,0.00130,0.00863
1700000043.081189870834351,0.00255,0.00015,0.00006,0.00249,0.00003,0.00134,0.00663
1700000043.115085363388062,0.00456,0.00019,0.00010,0.00320,0.00004,0.00126,0.00935
1700000043.148981094360352,0.00307,0.00020,0.00023,0.00453,0.00005,0.00130,0.00937
1700000043.182876586914062,0.00319,0.00022,0.00007,0.00366,0.00005,0.00140,0.00860
1700000043.216772079467773,0.00301,0.00016,0.00011,0.00256,0.00003,0.00129,0.00716
1700000043.250667572021484,0.00541,0.00024,0.00003,0.00429,0.00006,0.00161,0.01164
1700000043.284563064575195,0.00327,0.00018,0.00008,0.00249,0.00004,0.00133,0.00739
1700000043.318458557128906,0.00619,0.00026,0.00015,0.00444,0.00005,0.00157,0.01266
1700000043.352354049682617,0.00522,0.00018,0.00006,0.00278,0.00004,0.00132,0.00959
1700000043.386249542236328,0.00411,0.00023,0.00025,0.00426,0.00005,0.00139,0.01031
1700000043.420145034790039,0.00309,0.00020,0.00003,0.00309,0.00004,0.00130,0.00775
1700000043.454040527343750,0.00413,0.00017,0.00003,0.00241,0.00006,0.00121,0.00801
1700000043.487936019897461,0.00338,0.00019,0.00076,0.00282,0.00004,0.00128,0.00847
1700000043.521831512451172,0.00323,0.00024,0.00011,0.00285,0.00006,0.00130,0.00780
1700000043.555727005004883,0.00287,0.00016,0.00064,0.00364,0.00008,0.00191,0.00931
1700000043.589622497558594,0.00579,0.00017,0.00006,0.00250,0.00049,0.00125,0.01025
1700000043.623517990112305,0.00319,0.00018,0.00009,0.00242,0.00003,0.00121,0.00714
1700000043.657413721084595,0.00274,0.00013,0.00046,0.00232,0.00000,0.00123,0.00688
1700000043.691309213638306,0.00345,0.00013,0.00052,0.00241,0.00050,0.00125,0.00826
1700000043.725204706192017,0.00266,0.00013,0.00048,0.00248,0.00095,0.00150,0.00819
1700000043.759100198745728,0.00300,0.00014,0.00048,0.00253,0.00046,0.00127,0.00788
1700000043.792995691299438,0.00364,0.00024,0.00221,0.00482,0.00000,0.00170,0.01261
1700000043.826891183853149,0.00569,0.00026,0.00105,0.00397,0.00084,0.00185,0.01366
1700000043.860786676406860,0.00332,0.00021,0.00016,0.00293,0.00001,0.00133,0.00795
1700000043.894682168960571,0.00300,0.00018,0.00048,0.00250,0.00002,0.00136,0.00754
1700000043.928577661514282,0.00420,0.00023,0.00085,0.00461,0.00004,0.00142,0.01135
1700000043.962473154067993,0.00300,0.00013,0.00057,0.00258,0.00002,0.00128,0.00758
1700000043.996368646621704,0.00340,0.00024,0.00083,0.00429,0.00003,0.00126,0.01004
1700000044.030264139175415,0.00470,0.00014,0.00014,0.00237,0.00005,0.00171,0.00910
1700000044.064159631729126,0.00260,0.00012,0.00009,0.00221,0.00000,0.00122,0.00625
1700000044.098055124282837,0.00341,0.00020,0.00073,0.00355,0.00015,0.00147,0.00952
1700000044.131950616836548,0.00355,0.00016,0.00006,0.00303,0.00005,0.00175,0.00861
1700000044.165846347808838,0.00471,0.00017,0.00035,0.00266,0.00002,0.00126,0.00917
1700000044.199741840362549,0.00237,0.00015,0.00005,0.00225,0.00006,0.00120,0.00609
1700000044.233637332916260,0.00248,0.00013,0.00008,0.00240,0.00045,0.00127,0.00681
1700000044.267532825469971,0.00410,0.00018,0.00003,0.00252,0.00000,0.00129,0.00812
1700000044.301428318023682,0.00251,0.00014,0.00003,0.00236,0.00003,0.00124,0.00630
1700000044.335323810577393,0.00279,0.00015,0.00013,0.00230,0.00005,0.00121,0.00663
1700000044.369219303131104,0.00406,0.00028,0.00148,0.00500,0.00013,0.00188,0.01283
1700000044.403114795684814,0.00631,0.00021,0.00008,0.00357,0.00122,0.00141,0.01279
1700000044.437010288238525,0.00391,0.00019,0.00084,0.00385,0.00007,0.00159,0.01045
1700000044.470905780792236,0.00402,0.00028,0.00009,0.00415,0.00000,0.00186,0.01041
1700000044.504801273345947,0.00476,0.00018,0.00080,0.00382,0.00008,0.00184,0.01148
1700000044.538696765899658,0.00295,0.00015,0.00009,0.00215,0.00005,0.00124,0.00663
1700000044.572592258453369,0.00347,0.00022,0.00013,0.00439,0.00005,0.00186,0.01013
1700000044.606487751007080,0.00477,0.00029,0.00005,0.00478,0.00011,0.00189,0.01189
1700000044.640383243560791,0.00257,0.00012,0.00008,0.00193,0.00046,0.00130,0.00646
1700000044.674278736114502,0.00315,0.00022,0.00006,0.00370,0.00000,0.00234,0.00947
1700000044.708174467086792,0.00308,0.00020,0.00002,0.00284,0.00007,0.00187,0.00808
1700000044.742069959640503,0.00690,0.00023,0.00013,0.00387,0.00017,0.00192,0.01323
1700000044.775965452194214,0.00285,0.00013,0.00005,0.00192,0.00010,0.00126,0.00632
1700000044.809860944747925,0.00306,0.00021,0.00003,0.00321,0.00005,0.00148,0.00804
1700000044.843756437301636,0.00444,0.00019,0.00003,0.00222,0.00013,0.00154,0.00856
1700000044.877651929855347,0.00319,0.00021,0.00005,0.00222,0.00007,0.00163,0.00738
1700000044.911547422409058,0.00343,0.00020,0.00003,0.00272,0.00008,0.00140,0.00786
1700000044.945442914962769,0.00464,0.00022,0.00016,0.00288,0.00011,0.00146,0.00948
1700000044.979338407516479,0.00308,0.00011,0.00005,0.00205,0.00002,0.00127,0.00658
1700000045.013233900070190,0.00288,0.00012,0.00002,0.00191,0.00007,0.00124,0.00625
1700000045.047129392623901,0.00308,0.00024,0.00005,0.00381,0.00011,0.00240,0.00968
1700000045.081024885177612,0.00399,0.00017,0.00010,0.00249,0.00000,0.00175,0.00850
1700000045.114920377731323,0.00318,0.00019,0.00002,0.00372,0.00008,0.00249,0.00968
1700000045.148815870285034,0.00342,0.00023,0.00002,0.00198,0.00012,0.00125,0.00701
1700000045.182711362838745,0.00512,0.00029,0.00003,0.00217,0.00060,0.00138,0.00959
1700000045.216607093811035,0.00285,0.00018,0.00009,0.00230,0.00004,0.00128,0.00674
1700000045.250502586364746,0.00291,0.00021,0.00007,0.00308,0.00011,0.00135,0.00773
1700000045.284398078918457,0.00319,0.00015,0.00005,0.00218,0.00061,0.00162,0.00781
1700000045.318293571472168,0.00652,0.00018,0.00059,0.00359,0.00093,0.00245,0.01429
1700000045.352189064025879,0.00232,0.00016,0.00002,0.00215,0.00010,0.00127,0.00603
1700000045.386084556579590,0.00374,0.00029,0.00009,0.00445,0.00013,0.00209,0.01078
1700000045.419980049133301,0.00568,0.00023,0.00008,0.00380,0.00009,0.00196,0.01184
1700000045.453875541687012,0.00289,0.00013,0.00003,0.00218,0.00006,0.00120,0.00649
1700000045.487771034240723,0.00336,0.00022,0.00009,0.00422,0.00000,0.00172,0.00961
1700000045.521666526794434,0.00438,0.00018,0.00007,0.00309,0.00004,0.00191,0.00966
1700000045.555562019348145,0.00347,0.00012,0.00005,0.00201,0.00052,0.00137,0.00755
1700000045.589457511901855,0.00322,0.00023,0.00013,0.00301,0.00011,0.00153,0.00822
1700000045.623353004455566,0.00393,0.00029,0.00088,0.00299,0.00008,0.00155,0.00973
1700000045.657248497009277,0.00490,0.00027,0.00078,0.00240,0.00059,0.00121,0.01015
1700000045.691143989562988,0.00316,0.00020,0.00009,0.00366,0.00008,0.00152,0.00872
1700000045.725039720535278,0.00291,0.00017,0.00007,0.00254,0.00016,0.00182,0.00766
1700000045.758935213088989,0.00603,0.00030,0.00012,0.00516,0.00108,0.00216,0.01486
1700000045.792830705642700,0.00355,0.00016,0.00006,0.00213,0.00006,0.00124,0.00721
1700000045.826726198196411,0.00300,0.00015,0.00011,0.00208,0.00004,0.00145,0.00683
1700000045.860621690750122,0.00475,0.00017,0.00006,0.00353,0.00007,0.00217,0.01075
1700000045.894517183303833,0.00341,0.00028,0.00003,0.00227,0.00006,0.00133,0.00737
1700000045.928412675857544,0.00308,0.00013,0.00008,0.00258,0.00051,0.00150,0.00790
1700000045.962308168411255,0.00334,0.00024,0.00015,0.00334,0.00084,0.00190,0.00979
1700000045.996203660964966,0.00557,0.00021,0.00125,0.00254,0.00008,0.00128,0.01094
1700000046.030099153518677,0.00257,0.00016,0.00007,0.00216,0.00135,0.00133,0.00764
1700000046.063994646072388,0.00355,0.00020,0.00148,0.00329,0.00080,0.00184,0.01117
1700000046.097890138626099,0.00488,0.00029,0.00010,0.00446,0.00005,0.00201,0.01179
1700000046.131785631179810,0.00360,0.00020,0.00159,0.00428,0.00004,0.00149,0.01121
1700000046.165681123733521,0.00342,0.00022,0.00008,0.00457,0.00007,0.00150,0.00986
1700000046.199576616287231,0.00358,0.00017,0.00013,0.00410,0.00178,0.00225,0.01201
1700000046.233472347259521,0.00564,0.00026,0.00086,0.00260,0.00002,0.00139,0.01078
1700000046.267367839813232,0.00299,0.00017,0.00027,0.00255,0.00047,0.00123,0.00768
1700000046.301263332366943,0.00401,0.00030,0.00366,0.00396,0.00000,0.00184,0.01376
1700000046.335158824920654,0.00497,0.00031,0.00021,0.00601,0.00005,0.00280,0.01436
1700000046.369054317474365,0.00346,0.00020,0.00077,0.00458,0.00008,0.00225,0.01135
1700000046.402949810028076,0.00334,0.00014,0.00011,0.00285,0.00004,0.00156,0.00806
1700000046.436845302581787,0.00482,0.00027,0.00020,0.00400,0.00097,0.00212,0.01239
1700000046.470740795135498,0.00247,0.00011,0.00078,0.00238,0.00004,0.00130,0.00708
1700000046.504636287689209,0.00252,0.00020,0.00050,0.00250,0.00004,0.00126,0.00702
1700000046.538531780242920,0.00276,0.00016,0.00008,0.00362,0.00007,0.00198,0.00867
1700000046.572427272796631,0.00531,0.00022,0.00081,0.00379,0.00005,0.00147,0.01165
1700000046.606322765350342,0.00330,0.00019,0.00009,0.00298,0.00004,0.00120,0.00780
1700000046.640218257904053,0.00340,0.00026,0.00004,0.00306,0.00052,0.00136,0.00863
1700000046.674113750457764,0.00472,0.00028,0.00095,0.00409,0.00005,0.00190,0.01199
1700000046.708009243011475,0.00234,0.00015,0.00090,0.00250,0.00002,0.00133,0.00723
1700000046.741904735565186,0.00312,0.00021,0.00015,0.00510,0.00005,0.00158,0.01022
1700000046.775800228118896,0.00375,0.00030,0.00128,0.00549,0.00005,0.00192,0.01279
1700000046.809695959091187,0.00660,0.00024,0.00024,0.00406,0.00003,0.00147,0.01264
1700000046.843591451644897,0.00294,0.00022,0.00021,0.00406,0.00004,0.00154,0.00902
1700000046.877486944198608,0.00446,0.00032,0.00013,0.00434,0.00087,0.00190,0.01203
1700000046.911382436752319,0.00622,0.00024,0.00008,0.00456,0.00007,0.00197,0.01314
1700000046.945277929306030,0.00277,0.00015,0.00009,0.00266,0.00004,0.00128,0.00699
1700000046.979173421859741,0.00256,0.00016,0.00046,0.00250,0.00005,0.00126,0.00697
1700000047.013068914413452,0.00380,0.00019,0.00002,0.00384,0.00006,0.00207,0.00999
1700000047.046964406967163,0.00254,0.00015,0.00004,0.00243,0.00048,0.00125,0.00690
1700000047.080859899520874,0.00353,0.00025,0.00011,0.00350,0.00000,0.00134,0.00872
1700000047.114755392074585,0.00296,0.00017,0.00096,0.00239,0.00002,0.00124,0.00774
1700000047.148650884628296,0.00707,0.00016,0.00016,0.00446,0.00004,0.00177,0.01367
1700000047.182546377182007,0.00323,0.00024,0.00023,0.00403,0.00006,0.00143,0.00923
1700000047.216441869735718,0.00377,0.00031,0.00018,0.00278,0.00005,0.00132,0.00842
1700000047.250337362289429,0.00602,0.00014,0.00005,0.00227,0.00002,0.00129,0.00979
1700000047.284232854843140,0.00327,0.00017,0.00004,0.00226,0.00004,0.00120,0.00699
1700000047.318128347396851,0.00346,0.00022,0.00006,0.00404,0.00004,0.00137,0.00920
1700000047.352023839950562,0.00539,0.00030,0.00077,0.00419,0.00102,0.00294,0.01463
1700000047.385919570922852,0.00307,0.00021,0.00011,0.00421,0.00008,0.00231,0.00999
1700000047.419815063476562,0.00316,0.00016,0.00025,0.00224,0.00055,0.00185,0.00822
1700000047.453710556030273,0.00356,0.00017,0.00046,0.00348,0.00004,0.00187,0.00958
1700000047.487606048583984,0.00383,0.00018,0.00010,0.00257,0.00000,0.00118,0.00786
1700000047.521501541137695,0.00270,0.00014,0.00084,0.00211,0.00006,0.00124,0.00709
1700000047.555397033691406,0.00263,0.00014,0.00003,0.00259,0.00128,0.00173,0.00839
1700000047.589292526245117,0.00607,0.00020,0.00052,0.00408,0.00094,0.00185,0.01365
1700000047.623188018798828,0.00342,0.00021,0.00011,0.00231,0.00005,0.00131,0.00739
1700000047.657083511352539,0.00353,0.00017,0.00008,0.00270,0.00001,0.00163,0.00812
1700000047.690979003906250,0.00423,0.00019,0.00009,0.00433,0.00008,0.00218,0.01109
1700000047.724874496459961,0.00481,0.00022,0.00014,0.00267,0.00000,0.00134,0.00918
1700000047.758769989013672,0.00295,0.00013,0.00033,0.00193,0.00005,0.00127,0.00665
1700000047.792665481567383,0.00374,0.00016,0.00009,0.00305,0.00006,0.00192,0.00903
1700000047.826560974121094,0.00498,0.00014,0.00032,0.00187,0.00044,0.00126,0.00902
1700000047.860456466674805,0.00378,0.00021,0.00049,0.00204,0.00004,0.00129,0.00784
1700000047.894351959228516,0.00410,0.00019,0.00003,0.00316,0.00006,0.00211,0.00965
1700000047.928247690200806,0.00764,0.00023,0.00010,0.00369,0.00151,0.00182,0.01498
1700000047.962143182754517,0.00403,0.00022,0.00058,0.00340,0.00009,0.00142,0.00973
1700000047.996038675308228,0.00405,0.00026,0.00008,0.00438,0.00063,0.00177,0.01116
1700000048.029934167861938,0.00548,0.00030,0.00013,0.00488,0.00092,0.00193,0.01365
1700000048.063829660415649,0.00330,0.00022,0.00011,0.00301,0.00003,0.00123,0.00789
1700000048.097725152969360,0.00276,0.00016,0.00007,0.00205,0.00047,0.00128,0.00678
1700000048.131620645523071,0.00433,0.00027,0.00004,0.00527,0.00000,0.00199,0.01190
1700000048.165516138076782,0.00307,0.00020,0.00120,0.00375,0.00094,0.00136,0.01053
1700000048.199411630630493,0.00349,0.00022,0.00069,0.00234,0.00092,0.00128,0.00895
1700000048.233307123184204,0.00328,0.00017,0.00002,0.00259,0.00003,0.00145,0.00754
1700000048.267202615737915,0.00469,0.00021,0.00016,0.00472,0.00007,0.00199,0.01183
1700000048.301098108291626,0.00285,0.00015,0.00005,0.00249,0.00051,0.00135,0.00741
1700000048.334993600845337,0.00261,0.00016,0.00021,0.00273,0.00003,0.00158,0.00731
1700000048.368889093399048,0.00464,0.00017,0.00009,0.00291,0.00007,0.00136,0.00924
1700000048.402784585952759,0.00329,0.00019,0.00134,0.00376,0.00007,0.00138,0.01004
1700000048.436680078506470,0.00270,0.00013,0.00012,0.00218,0.00006,0.00121,0.00642
1700000048.470575571060181,0.00450,0.00026,0.00016,0.00437,0.00005,0.00287,0.01221
1700000048.504471302032471,0.00291,0.00014,0.00011,0.00171,0.00002,0.00126,0.00615
1700000048.538366794586182,0.00303,0.00014,0.00002,0.00172,0.00000,0.00128,0.00620
1700000048.572262287139893,0.00315,0.00025,0.00016,0.00401,0.00011,0.00164,0.00932
1700000048.606157779693604,0.00479,0.00023,0.00013,0.00266,0.00049,0.00126,0.00956
1700000048.640053272247314,0.00310,0.00013,0.00004,0.00157,0.00002,0.00119,0.00606
1700000048.673948764801025,0.00312,0.00021,0.00008,0.00304,0.00016,0.00233,0.00894
1700000048.707844257354736,0.00486,0.00020,0.00003,0.00230,0.00004,0.00148,0.00892
1700000048.741739749908447,0.00299,0.00017,0.00006,0.00286,0.00016,0.00143,0.00767
1700000048.775635242462158,0.00294,0.00014,0.00005,0.00167,0.00008,0.00158,0.00647
1700000048.809530735015869,0.00375,0.00018,0.00002,0.00248,0.00018,0.00149,0.00811
1700000048.843426227569580,0.00422,0.00021,0.00006,0.00254,0.00013,0.00154,0.00869
1700000048.877321720123291,0.00324,0.00019,0.00006,0.00211,0.00007,0.00128,0.00695
1700000048.911217212677002,0.00352,0.00022,0.00008,0.00335,0.00014,0.00195,0.00926
1700000048.945112705230713,0.00514,0.00030,0.00012,0.00327,0.00000,0.00232,0.01115
1700000048.979008197784424,0.00308,0.00018,0.00002,0.00247,0.00049,0.00129,0.00753
1700000049.012903690338135,0.00235,0.00015,0.00009,0.00186,0.00006,0.00145,0.00596
1700000049.046799182891846,0.00409,0.00017,0.00005,0.00208,0.00051,0.00130,0.00821
1700000049.080694913864136,0.00301,0.00014,0.00009,0.00174,0.00049,0.00120,0.00667
1700000049.114590406417847,0.00319,0.00022,0.00053,0.00172,0.00055,0.00158,0.00778
1700000049.148485898971558,0.00376,0.00027,0.00004,0.00359,0.00014,0.00196,0.00977
1700000049.182381391525269,0.00511,0.00028,0.00003,0.00342,0.00091,0.00200,0.01174
1700000049.216276884078979,0.00332,0.00026,0.00008,0.00320,0.00009,0.00151,0.00845
1700000049.250172376632690,0.00317,0.00025,0.00002,0.00328,0.00010,0.00130,0.00812
1700000049.284067869186401,0.00550,0.00040,0.00010,0.00365,0.00162,0.00192,0.01318
1700000049.317963361740112,0.00307,0.00017,0.00007,0.00209,0.00087,0.00130,0.00756
1700000049.351858854293823,0.00333,0.00015,0.00005,0.00304,0.00000,0.00194,0.00851
1700000049.385754346847534,0.00490,0.00024,0.00004,0.00427,0.00087,0.00169,0.01201
1700000049.419649839401245,0.00332,0.00035,0.00082,0.00410,0.00010,0.00235,0.01104
1700000049.453545331954956,0.00269,0.00014,0.00004,0.00227,0.00048,0.00123,0.00686
1700000049.487440824508667,0.00271,0.00020,0.00014,0.00271,0.00068,0.00180,0.00825
1700000049.521336317062378,0.00369,0.00017,0.00101,0.00242,0.00047,0.00127,0.00903
1700000049.555231809616089,0.00329,0.00021,0.00041,0.00234,0.00003,0.00192,0.00820
1700000049.589127540588379,0.00351,0.00014,0.00010,0.00271,0.00005,0.00169,0.00819
1700000049.623023033142090,0.00580,0.00027,0.00031,0.00488,0.00011,0.00191,0.01327
1700000049.656918525695801,0.00329,0.00013,0.00002,0.00219,0.00009,0.00140,0.00712
1700000049.690814018249512,0.00325,0.00024,0.00011,0.00288,0.00156,0.00164,0.00968
1700000049.724709510803223,0.00325,0.00019,0.00008,0.00406,0.00007,0.00209,0.00973
1700000049.758605003356934,0.00460,0.00019,0.00006,0.00271,0.00000,0.00130,0.00886
1700000049.792500495910645,0.00251,0.00013,0.00070,0.00224,0.00048,0.00136,0.00742
1700000049.826395988464355,0.00333,0.00016,0.00107,0.00365,0.00006,0.00196,0.01023
1700000049.860291481018066,0.00469,0.00021,0.00010,0.00283,0.00056,0.00251,0.01089
1700000049.894186973571777,0.00389,0.00023,0.00016,0.00438,0.00008,0.00245,0.01119
1700000049.928082466125488,0.00433,0.00031,0.00013,0.00403,0.00082,0.00189,0.01152
1700000049.961977958679199,0.00479,0.00017,0.00019,0.00283,0.00004,0.00194,0.00996
1700000049.995873451232910,0.00310,0.00015,0.00052,0.00210,0.00049,0.00129,0.00767
1700000050.029768943786621,0.00276,0.00014,0.00056,0.00205,0.00006,0.00124,0.00681
1700000050.063664436340332,0.00266,0.00015,0.00011,0.00200,0.00051,0.00138,0.00683
1700000050.097559928894043,0.00510,0.00020,0.00009,0.00411,0.00012,0.00198,0.01160
1700000050.131455659866333,0.00308,0.00013,0.00046,0.00207,0.00091,0.00134,0.00798
1700000050.165351152420044,0.00324,0.00016,0.00007,0.00277,0.00000,0.00187,0.00810
1700000050.199246644973755,0.00676,0.00014,0.00010,0.00328,0.00133,0.00144,0.01306
1700000050.233142137527466,0.00325,0.00021,0.00071,0.00209,0.00051,0.00127,0.00805
1700000050.267037630081177,0.00289,0.00016,0.00005,0.00219,0.00002,0.00120,0.00651
1700000050.300933122634888,0.00371,0.00015,0.00009,0.00313,0.00009,0.00202,0.00919
1700000050.334828615188599,0.00555,0.00019,0.00018,0.00326,0.00008,0.00157,0.01083
1700000050.368724107742310,0.00343,0.00022,0.00002,0.00393,0.00014,0.00251,0.01026
1700000050.402619600296021,0.00423,0.00025,0.00006,0.00288,0.00009,0.00183,0.00934
1700000050.436515092849731,0.00538,0.00024,0.00016,0.00274,0.00007,0.00127,0.00987
1700000050.470410585403442,0.00302,0.00019,0.00009,0.00303,0.00009,0.00139,0.00783
1700000050.504306077957153,0.00329,0.00022,0.00011,0.00298,0.00009,0.00133,0.00802
1700000050.538201570510864,0.00368,0.00015,0.00006,0.00337,0.00014,0.00230,0.00971
1700000050.572097063064575,0.00320,0.00014,0.00006,0.00216,0.00000,0.00133,0.00689
1700000050.605992555618286,0.00397,0.00022,0.00002,0.00251,0.00004,0.00165,0.00841
1700000050.639888286590576,0.00390,0.00018,0.00010,0.00390,0.00015,0.00221,0.01044
1700000050.673783779144287,0.00505,0.00019,0.00002,0.00384,0.00007,0.00196,0.01113
1700000050.707679271697998,0.00322,0.00020,0.00003,0.00303,0.00009,0.00123,0.00781
1700000050.741574764251709,0.00333,0.00024,0.00009,0.00471,0.00015,0.00201,0.01053
1700000050.775470256805420,0.00459,0.00023,0.00004,0.00391,0.00016,0.00238,0.01130
1700000050.809365749359131,0.00311,0.00015,0.00003,0.00208,0.00006,0.00131,0.00673
1700000050.843261241912842,0.00342,0.00022,0.00012,0.00273,0.00008,0.00142,0.00800
1700000050.877156734466553,0.00479,0.00023,0.00012,0.00409,0.00021,0.00135,0.01079
1700000050.911052227020264,0.00266,0.00015,0.00008,0.00208,0.00007,0.00122,0.00625
1700000050.944947719573975,0.00327,0.00023,0.00004,0.00321,0.00010,0.00142,0.00827
1700000050.978843212127686,0.00372,0.00019,0.00006,0.00373,0.00000,0.00201,0.00972
1700000051.012738704681396,0.00492,0.00021,0.00004,0.00390,0.00007,0.00191,0.01105
1700000051.046634197235107,0.00298,0.00015,0.00005,0.00220,0.00008,0.00123,0.00669
1700000051.080529689788818,0.00266,0.00015,0.00002,0.00213,0.00003,0.00138,0.00637
1700000051.114425182342529,0.00329,0.00019,0.00003,0.00342,0.00015,0.00218,0.00928
1700000051.148320913314819,0.00314,0.00015,0.00005,0.00216,0.00007,0.00131,0.00687
1700000051.182216405868530,0.00319,0.00022,0.00003,0.00359,0.00008,0.00146,0.00857
1700000051.216111898422241,0.00275,0.00017,0.00003,0.00338,0.00010,0.00185,0.00829
1700000051.250007390975952,0.00468,0.00020,0.00011,0.00389,0.00014,0.00193,0.01095
1700000051.283902883529663,0.00283,0.00015,0.00009,0.00209,0.00008,0.00129,0.00652
1700000051.317798376083374,0.00289,0.00018,0.00011,0.00217,0.00008,0.00135,0.00679
1700000051.351693868637085,0.00518,0.00021,0.00004,0.00353,0.00017,0.00222,0.01134
1700000051.385589361190796,0.00329,0.00023,0.00004,0.00387,0.00006,0.00144,0.00893
1700000051.419484853744507,0.00277,0.00016,0.00003,0.00201,0.00005,0.00122,0.00624
1700000051.453380346298218,0.00340,0.00017,0.00007,0.00333,0.00019,0.00241,0.00955
1700000051.487275838851929,0.00310,0.00020,0.00008,0.00330,0.00004,0.00135,0.00807
1700000051.521171331405640,0.00307,0.00016,0.00007,0.00238,0.00009,0.00168,0.00745
1700000051.555066823959351,0.00389,0.00026,0.00004,0.00446,0.00015,0.00251,0.01131
1700000051.588962316513062,0.00370,0.00018,0.00003,0.00253,0.00006,0.00134,0.00784
1700000051.622857809066772,0.00235,0.00013,0.00004,0.00201,0.00005,0.00134,0.00593
1700000051.656753540039062,0.00308,0.00018,0.00006,0.00227,0.00009,0.00148,0.00717
1700000051.690649032592773,0.00614,0.00037,0.00015,0.00459,0.00018,0.00241,0.01385
1700000051.724544525146484,0.00264,0.00015,0.00005,0.00211,0.00008,0.00138,0.00641
1700000051.758440017700195,0.00261,0.00018,0.00006,0.00249,0.00010,0.00158,0.00701
1700000051.792335510253906,0.00485,0.00019,0.00008,0.00370,0.00000,0.00197,0.01079
1700000051.826231002807617,0.00310,0.00015,0.00003,0.00194,0.00004,0.00144,0.00671
1700000051.860126495361328,0.00345,0.00020,0.00007,0.00377,0.00020,0.00259,0.01029
1700000051.894021987915039,0.00363,0.00027,0.00013,0.00490,0.00005,0.00204,0.01102
1700000051.927917480468750,0.00425,0.00021,0.00002,0.00359,0.00013,0.00198,0.01019
1700000051.961812973022461,0.00308,0.00014,0.00003,0.00208,0.00008,0.00129,0.00669
1700000051.995708465576172,0.00360,0.00029,0.00010,0.00419,0.00026,0.00138,0.00982
1700000052.029603958129883,0.00502,0.00016,0.00002,0.00233,0.00008,0.00131,0.00894
1700000052.063499450683594,0.00342,0.00014,0.00002,0.00196,0.00013,0.00128,0.00695
1700000052.097394943237305,0.00324,0.00034,0.00012,0.00382,0.00017,0.00272,0.01041
1700000052.131290435791016,0.00431,0.00036,0.00022,0.00541,0.00024,0.00204,0.01258
1700000052.165185928344727,0.00487,0.00022,0.00003,0.00407,0.00022,0.00213,0.01154
1700000052.199081659317017,0.00259,0.00018,0.00003,0.00205,0.00000,0.00134,0.00619
1700000052.232977151870728,0.00344,0.00023,0.00007,0.00385,0.00008,0.00213,0.00980
1700000052.266872644424438,0.00545,0.00036,0.00012,0.00420,0.00022,0.00243,0.01277
1700000052.300768136978149,0.00327,0.00020,0.00002,0.00205,0.00005,0.00142,0.00702
1700000052.334663629531860,0.00247,0.00015,0.00006,0.00187,0.00008,0.00121,0.00585
1700000052.368559122085571,0.00463,0.00018,0.00006,0.00231,0.00005,0.00129,0.00852
1700000052.402454614639282,0.00249,0.00013,0.00007,0.00188,0.00006,0.00130,0.00593
1700000052.436350107192993,0.00319,0.00021,0.00006,0.00351,0.00013,0.00244,0.00954
1700000052.470245599746704,0.00338,0.00020,0.00006,0.00363,0.00021,0.00195,0.00945
1700000052.504141092300415,0.00580,0.00031,0.00014,0.00363,0.00015,0.00159,0.01162
1700000052.538036584854126,0.00338,0.00018,0.00015,0.00216,0.00013,0.00134,0.00733
1700000052.571932077407837,0.00332,0.00022,0.00002,0.00423,0.00014,0.00213,0.01006
1700000052.605827569961548,0.00447,0.00016,0.00005,0.00254,0.00003,0.00191,0.00916
1700000052.639723062515259,0.00390,0.00019,0.00007,0.00323,0.00006,0.00138,0.00883
1700000052.673618555068970,0.00314,0.00022,0.00002,0.00280,0.00014,0.00135,0.00768
1700000052.707514047622681,0.00455,0.00019,0.00004,0.00355,0.00005,0.00188,0.01026
1700000052.741409778594971,0.00469,0.00021,0.00009,0.00373,0.00167,0.00196,0.01235
1700000052.775305271148682,0.00265,0.00015,0.00005,0.00210,0.00005,0.00127,0.00626
1700000052.809200763702393,0.00364,0.00024,0.00002,0.00343,0.00011,0.00217,0.00963
1700000052.843096256256104,0.00491,0.00020,0.00068,0.00426,0.00092,0.00209,0.01307
1700000052.876991748809814,0.00324,0.00020,0.00085,0.00273,0.00051,0.00125,0.00878
1700000052.910887241363525,0.00260,0.00017,0.00009,0.00267,0.00071,0.00139,0.00763
1700000052.944782733917236,0.00612,0.00024,0.00093,0.00354,0.00067,0.00151,0.01301
1700000052.978678226470947,0.00359,0.00014,0.00018,0.00235,0.00004,0.00125,0.00754
1700000053.012573719024658,0.00333,0.00023,0.00008,0.00324,0.00000,0.00167,0.00855
1700000053.046469211578369,0.00332,0.00021,0.00003,0.00258,0.00005,0.00157,0.00777
1700000053.080364704132080,0.00638,0.00033,0.00044,0.00554,0.00010,0.00194,0.01474
1700000053.114260196685791,0.00259,0.00013,0.00002,0.00227,0.00003,0.00127,0.00631
1700000053.148155689239502,0.00326,0.00027,0.00009,0.00349,0.00000,0.00182,0.00893
1700000053.182051181793213,0.00553,0.00031,0.00014,0.00530,0.00014,0.00210,0.01353
1700000053.215946674346924,0.00245,0.00013,0.00002,0.00232,0.00006,0.00131,0.00629
1700000053.249842166900635,0.00315,0.00022,0.00003,0.00428,0.00017,0.00241,0.01026
1700000053.283737659454346,0.00372,0.00023,0.00011,0.00403,0.00007,0.00127,0.00944
1700000053.317633390426636,0.00323,0.00021,0.00002,0.00279,0.00006,0.00129,0.00760
1700000053.351528882980347,0.00286,0.00014,0.00007,0.00239,0.00007,0.00153,0.00706
1700000053.385424375534058,0.00366,0.00017,0.00014,0.00277,0.00007,0.00135,0.00816
1700000053.419319868087769,0.00474,0.00020,0.00009,0.00441,0.00004,0.00216,0.01165
1700000053.453215360641479,0.00320,0.00017,0.00006,0.00242,0.00004,0.00129,0.00717
1700000053.487110853195190,0.00333,0.00029,0.00022,0.00309,0.00010,0.00188,0.00891
1700000053.521006345748901,0.00606,0.00030,0.00012,0.00482,0.00005,0.00212,0.01348
1700000053.554901838302612,0.00333,0.00018,0.00005,0.00220,0.00000,0.00125,0.00701
1700000053.588797330856323,0.00272,0.00021,0.00004,0.00243,0.00008,0.00159,0.00708
1700000053.622692823410034,0.00287,0.00017,0.00003,0.00211,0.00007,0.00145,0.00670
1700000053.656588315963745,0.00551,0.00029,0.00021,0.00424,0.00009,0.00210,0.01245
1700000053.690483808517456,0.00341,0.00013,0.00003,0.00227,0.00009,0.00130,0.00724
1700000053.724379301071167,0.00277,0.00013,0.00005,0.00202,0.00005,0.00148,0.00651
1700000053.758274793624878,0.00475,0.00020,0.00009,0.00257,0.00012,0.00193,0.00966
1700000053.792170286178589,0.00290,0.00014,0.00042,0.00181,0.00052,0.00136,0.00715
1700000053.826065778732300,0.00358,0.00022,0.00072,0.00283,0.00001,0.00183,0.00919
1700000053.859961271286011,0.00659,0.00021,0.00002,0.00373,0.00158,0.00194,0.01407
1700000053.893857002258301,0.00339,0.00016,0.00052,0.00219,0.00008,0.00151,0.00786
1700000053.927752494812012,0.00372,0.00022,0.00002,0.00259,0.00003,0.00143,0.00802
1700000053.961647987365723,0.00482,0.00024,0.00007,0.00441,0.00004,0.00205,0.01163
1700000053.995543479919434,0.00558,0.00018,0.00007,0.00353,0.00090,0.00196,0.01224
1700000054.029438972473145,0.00298,0.00013,0.00002,0.00234,0.00053,0.00129,0.00728
1700000054.063334465026855,0.00299,0.00018,0.00006,0.00237,0.00051,0.00138,0.00749
1700000054.097229957580566,0.00501,0.00031,0.00081,0.00420,0.00006,0.00189,0.01228
1700000054.131125450134277,0.00373,0.00022,0.00008,0.00454,0.00008,0.00242,0.01107
1700000054.165020942687988,0.00370,0.00021,0.00088,0.00393,0.00007,0.00207,0.01085
1700000054.198916435241699,0.00397,0.00018,0.00012,0.00375,0.00006,0.00210,0.01018
1700000054.232811927795410,0.00417,0.00024,0.00010,0.00470,0.00005,0.00218,0.01144
1700000054.266707420349121,0.00387,0.00022,0.00007,0.00313,0.00005,0.00167,0.00902
1700000054.300602912902832,0.00384,0.00022,0.00023,0.00457,0.00006,0.00208,0.01101
1700000054.334498405456543,0.00622,0.00014,0.00082,0.00244,0.00004,0.00135,0.01101
1700000054.368393898010254,0.00317,0.00015,0.00009,0.00244,0.00003,0.00135,0.00724
1700000054.402289390563965,0.00356,0.00020,0.00005,0.00260,0.00003,0.00128,0.00772
1700000054.436184883117676,0.00722,0.00041,0.00015,0.00546,0.00008,0.00214,0.01546
1700000054.470080614089966,0.00266,0.00012,0.00002,0.00249,0.00006,0.00184,0.00718
1700000054.503976106643677,0.00294,0.00016,0.00009,0.00246,0.00003,0.00126,0.00694
1700000054.537871599197388,0.00343,0.00025,0.00008,0.00494,0.00008,0.00192,0.01070
1700000054.571767091751099,0.00523,0.00021,0.00026,0.00297,0.00004,0.00129,0.01000
1700000054.605662584304810,0.00399,0.00021,0.00020,0.00325,0.00008,0.00181,0.00953
1700000054.639558076858521,0.00395,0.00017,0.00008,0.00301,0.00004,0.00127,0.00852
1700000054.673453569412231,0.00584,0.00021,0.00008,0.00482,0.00000,0.00269,0.01366
1700000054.707349061965942,0.00304,0.00022,0.00024,0.00393,0.00005,0.00157,0.00905
1700000054.741244554519653,0.00247,0.00014,0.00008,0.00278,0.00006,0.00197,0.00748
1700000054.775140047073364,0.00435,0.00028,0.00020,0.00456,0.00007,0.00202,0.01147
1700000054.809035539627075,0.00269,0.00015,0.00002,0.00287,0.00004,0.00128,0.00706
1700000054.842931032180786,0.00313,0.00022,0.00012,0.00463,0.00007,0.00247,0.01064
1700000054.876826524734497,0.00387,0.00020,0.00010,0.00496,0.00008,0.00206,0.01129
1700000054.910722017288208,0.00580,0.00034,0.00012,0.00525,0.00010,0.00199,0.01360
1700000054.944617509841919,0.00335,0.00021,0.00008,0.00268,0.00006,0.00127,0.00764
1700000054.978513002395630,0.00323,0.00025,0.00045,0.00448,0.00008,0.00184,0.01033
1700000055.012408494949341,0.00450,0.00021,0.00008,0.00307,0.00006,0.00158,0.00951
1700000055.046304225921631,0.00316,0.00021,0.00007,0.00327,0.00007,0.00143,0.00821
1700000055.080199718475342,0.00366,0.00023,0.00002,0.00324,0.00000,0.00145,0.00860
1700000055.114095211029053,0.00472,0.00022,0.00021,0.00426,0.00008,0.00184,0.01132
1700000055.147990703582764,0.00698,0.00025,0.00009,0.00417,0.00007,0.00166,0.01322
1700000055.181886196136475,0.00392,0.00020,0.00008,0.00332,0.00057,0.00148,0.00958
1700000055.215781688690186,0.00355,0.00020,0.00003,0.00474,0.00009,0.00205,0.01066
1700000055.249677181243896,0.00560,0.00021,0.00014,0.00487,0.00007,0.00202,0.01292
1700000055.283572673797607,0.00314,0.00021,0.00007,0.00421,0.00006,0.00153,0.00922
1700000055.317468166351318,0.00243,0.00014,0.00009,0.00279,0.00005,0.00187,0.00736
1700000055.351363658905029,0.00401,0.00025,0.00010,0.00490,0.00008,0.00243,0.01177
1700000055.385259151458740,0.00315,0.00020,0.00048,0.00252,0.00004,0.00137,0.00776
1700000055.419154644012451,0.00300,0.00021,0.00011,0.00494,0.00008,0.00180,0.01015
1700000055.453050136566162,0.00404,0.00020,0.00008,0.00450,0.00007,0.00204,0.01093
1700000055.486945629119873,0.00513,0.00034,0.00009,0.00449,0.00007,0.00207,0.01219
1700000055.520841121673584,0.00338,0.00022,0.00029,0.00451,0.00008,0.00149,0.00996
1700000055.554736852645874,0.00321,0.00025,0.00017,0.00507,0.00009,0.00271,0.01151
1700000055.588632345199585,0.00375,0.00017,0.00009,0.00379,0.00006,0.00209,0.00995
1700000055.622527837753296,0.00256,0.00012,0.00005,0.00247,0.00004,0.00126,0.00649
1700000055.656423330307007,0.00323,0.00021,0.00011,0.00416,0.00005,0.00150,0.00926
1700000055.690318822860718,0.00455,0.00027,0.00003,0.00488,0.00006,0.00126,0.01105
1700000055.724214315414429,0.00291,0.00022,0.00015,0.00418,0.00005,0.00147,0.00897
1700000055.758109807968140,0.00227,0.00016,0.00007,0.00244,0.00004,0.00134,0.00632
1700000055.792005300521851,0.00358,0.00029,0.00032,0.00512,0.00007,0.00251,0.01189
1700000055.825900793075562,0.00557,0.00032,0.00020,0.00560,0.00008,0.00204,0.01382
1700000055.859796285629272,0.00306,0.00020,0.00002,0.00449,0.00006,0.00152,0.00935
1700000055.893691778182983,0.00254,0.00016,0.00006,0.00259,0.00002,0.00145,0.00682
1700000055.927587270736694,0.00522,0.00035,0.00040,0.00620,0.00009,0.00225,0.01449
1700000055.961482763290405,0.00315,0.00014,0.00008,0.00273,0.00004,0.00130,0.00744
1700000055.995378255844116,0.00322,0.00024,0.00002,0.00378,0.00007,0.00183,0.00917
1700000056.029273748397827,0.00522,0.00022,0.00004,0.00492,0.00008,0.00204,0.01252
1700000056.063169479370117,0.00365,0.00015,0.00011,0.00285,0.00004,0.00150,0.00831
1700000056.097064971923828,0.00389,0.00028,0.00002,0.00563,0.00008,0.00187,0.01177
1700000056.130960464477539,0.00526,0.00025,0.00032,0.00273,0.00006,0.00131,0.00993
1700000056.164855957031250,0.00238,0.00015,0.00005,0.00229,0.00005,0.00133,0.00626
1700000056.198751449584961,0.00316,0.00025,0.00019,0.00254,0.00006,0.00150,0.00770
1700000056.232646942138672,0.00373,0.00016,0.00009,0.00332,0.00008,0.00198,0.00936
1700000056.266542434692383,0.00304,0.00022,0.00007,0.00435,0.00007,0.00225,0.01001
1700000056.300437927246094,0.00337,0.00013,0.00005,0.00221,0.00000,0.00138,0.00716
1700000056.334333419799805,0.00312,0.00016,0.00019,0.00288,0.00008,0.00181,0.00824
1700000056.368228912353516,0.00413,0.00024,0.00010,0.00434,0.00081,0.00184,0.01146
1700000056.402124404907227,0.00249,0.00014,0.00006,0.00217,0.00004,0.00122,0.00612
1700000056.436019897460938,0.00296,0.00017,0.00013,0.00246,0.00003,0.00157,0.00731
1700000056.469915390014648,0.00449,0.00018,0.00013,0.00330,0.00014,0.00195,0.01019
1700000056.503810882568359,0.00303,0.00019,0.00006,0.00341,0.00008,0.00244,0.00921
1700000056.537706375122070,0.00314,0.00013,0.00002,0.00194,0.00012,0.00144,0.00679
1700000056.571602106094360,0.00324,0.00019,0.00009,0.00307,0.00011,0.00218,0.00888
1700000056.605497598648071,0.00751,0.00036,0.00010,0.00462,0.00037,0.00316,0.01613
1700000056.639393091201782,0.00345,0.00019,0.00006,0.00342,0.00015,0.00258,0.00985
1700000056.673288583755493,0.00380,0.00023,0.00011,0.00407,0.00020,0.00276,0.01116
1700000056.707184076309204,0.00476,0.00024,0.00002,0.00332,0.00009,0.00163,0.01007
1700000056.741079568862915,0.00312,0.00020,0.00010,0.00172,0.00013,0.00130,0.00658
1700000056.774975061416626,0.00325,0.00020,0.00007,0.00299,0.00008,0.00165,0.00825
1700000056.808870553970337,0.00401,0.00016,0.00006,0.00270,0.00009,0.00216,0.00918
1700000056.842766046524048,0.00349,0.00020,0.00016,0.00313,0.00011,0.00254,0.00962
1700000056.876661539077759,0.00308,0.00020,0.00008,0.00300,0.00005,0.00149,0.00790
1700000056.910557031631470,0.00281,0.00017,0.00009,0.00158,0.00004,0.00137,0.00605
1700000056.944452524185181,0.00456,0.00021,0.00009,0.00280,0.00047,0.00288,0.01100
1700000056.978348016738892,0.00307,0.00018,0.00002,0.00208,0.00006,0.00134,0.00676
1700000057.012243509292603,0.00316,0.00023,0.00007,0.00262,0.00018,0.00197,0.00823
1700000057.046139001846313,0.00400,0.00019,0.00009,0.00294,0.00018,0.00235,0.00973
1700000057.080034494400024,0.00326,0.00020,0.00002,0.00341,0.00012,0.00142,0.00843
1700000057.113930225372314,0.00289,0.00014,0.00004,0.00154,0.00004,0.00135,0.00599
1700000057.147825717926025,0.00461,0.00020,0.00004,0.00331,0.00029,0.00217,0.01062
1700000057.181721210479736,0.00645,0.00028,0.00002,0.00306,0.00011,0.00261,0.01254
1700000057.215616703033447,0.00386,0.00023,0.00017,0.00252,0.00006,0.00137,0.00822
1700000057.249512195587158,0.00475,0.00024,0.00002,0.00360,0.00011,0.00194,0.01067
1700000057.283407688140869,0.00529,0.00022,0.00002,0.00189,0.00003,0.00136,0.00882
1700000057.317303180694580,0.00347,0.00016,0.00012,0.00251,0.00007,0.00253,0.00886
1700000057.351198673248291,0.00323,0.00019,0.00002,0.00203,0.00020,0.00142,0.00710
1700000057.385094165802002,0.00663,0.00012,0.00002,0.00162,0.00008,0.00192,0.01039
1700000057.418989658355713,0.00326,0.00020,0.00002,0.00263,0.00100,0.00282,0.00994
1700000057.452885150909424,0.00321,0.00020,0.00009,0.00281,0.00240,0.00264,0.01134
1700000057.486780643463135,0.00447,0.00024,0.00008,0.00345,0.00093,0.00207,0.01125
1700000057.520676136016846,0.00524,0.00031,0.00027,0.00293,0.00005,0.00252,0.01133
1700000057.554571628570557,0.00336,0.00014,0.00002,0.00159,0.00013,0.00128,0.00651
1700000057.588467121124268,0.00331,0.00012,0.00002,0.00157,0.00004,0.00125,0.00632
1700000057.622362852096558,0.00449,0.00019,0.00006,0.00177,0.00015,0.00124,0.00789
1700000057.656258344650269,0.00287,0.00014,0.00002,0.00156,0.00004,0.00124,0.00587
1700000057.690153837203979,0.00267,0.00013,0.00002,0.00164,0.00003,0.00147,0.00598
1700000057.724049329757690,0.00602,0.00019,0.00010,0.00288,0.00009,0.00200,0.01127
1700000057.757944822311401,0.00299,0.00019,0.00002,0.00296,0.00022,0.00151,0.00789
1700000057.791840314865112,0.00341,0.00021,0.00002,0.00222,0.00007,0.00152,0.00745
1700000057.825735807418823,0.00347,0.00018,0.00002,0.00280,0.00019,0.00228,0.00895
1700000057.859631299972534,0.00471,0.00019,0.00003,0.00314,0.00020,0.00215,0.01043
1700000057.893526792526245,0.00305,0.00013,0.00002,0.00188,0.00010,0.00137,0.00656
1700000057.927422285079956,0.00328,0.00024,0.00010,0.00380,0.00006,0.00209,0.00957
1700000057.961317777633667,0.00389,0.00022,0.00003,0.00204,0.00017,0.00152,0.00787
1700000057.995213270187378,0.00309,0.00013,0.00001,0.00152,0.00003,0.00120,0.00599
1700000058.029108762741089,0.00331,0.00020,0.00007,0.00177,0.00015,0.00134,0.00683
1700000058.063004255294800,0.00436,0.00029,0.00013,0.00349,0.00008,0.00208,0.01045
1700000058.096899747848511,0.00624,0.00015,0.00002,0.00152,0.00004,0.00119,0.00917
1700000058.130795478820801,0.00361,0.00013,0.00004,0.00154,0.00005,0.00120,0.00658
1700000058.164690971374512,0.00334,0.00013,0.00002,0.00187,0.00013,0.00154,0.00702
1700000058.198586463928223,0.00578,0.00016,0.00008,0.00205,0.00007,0.00147,0.00960
1700000058.232481956481934,0.00304,0.00014,0.00002,0.00152,0.00010,0.00115,0.00597
1700000058.266377449035645,0.00287,0.00014,0.00005,0.00152,0.00007,0.00124,0.00589
1700000058.300272941589355,0.00504,0.00026,0.00009,0.00299,0.00016,0.00187,0.01041
1700000058.334168434143066,0.00280,0.00014,0.00006,0.00152,0.00002,0.00118,0.00572
1700000058.368063926696777,0.00314,0.00019,0.00008,0.00275,0.00013,0.00141,0.00770
1700000058.401959419250488,0.00409,0.00027,0.00009,0.00331,0.00005,0.00238,0.01018
1700000058.435854911804199,0.00734,0.00030,0.00017,0.00405,0.00024,0.00225,0.01435
1700000058.469750404357910,0.00252,0.00015,0.00004,0.00154,0.00004,0.00126,0.00555
1700000058.503645896911621,0.00298,0.00013,0.00006,0.00185,0.00005,0.00166,0.00673
1700000058.537541389465332,0.00450,0.00015,0.00002,0.00184,0.00006,0.00131,0.00789
1700000058.571436882019043,0.00363,0.00018,0.00002,0.00275,0.00019,0.00261,0.00938
1700000058.605332374572754,0.00366,0.00019,0.00009,0.00310,0.00013,0.00235,0.00953
1700000058.639227867126465,0.00617,0.00027,0.00004,0.00290,0.00032,0.00194,0.01164
1700000058.673123359680176,0.00329,0.00018,0.00006,0.00287,0.00016,0.00245,0.00903
1700000058.707019090652466,0.00314,0.00018,0.00002,0.00267,0.00015,0.00287,0.00903
1700000058.740914583206177,0.00305,0.00019,0.00002,0.00231,0.00005,0.00183,0.00745
1700000058.774810075759888,0.00518,0.00028,0.00151,0.00360,0.00027,0.00287,0.01371
1700000058.808705568313599,0.00317,0.00018,0.00010,0.00167,0.00048,0.00132,0.00692
1700000058.842601060867310,0.00320,0.00015,0.00002,0.00154,0.00050,0.00135,0.00675
1700000058.876496553421021,0.00459,0.00026,0.00002,0.00394,0.00009,0.00208,0.01098
1700000058.910392045974731,0.00324,0.00012,0.00007,0.00147,0.00041,0.00124,0.00655
1700000058.944287538528442,0.00274,0.00015,0.00005,0.00158,0.00005,0.00133,0.00590
1700000058.978183031082153,0.00356,0.00018,0.00002,0.00263,0.00092,0.00242,0.00974
1700000059.012078523635864,0.00554,0.00021,0.00004,0.00296,0.00009,0.00175,0.01060
1700000059.045974016189575,0.00388,0.00021,0.00002,0.00311,0.00019,0.00253,0.00994
1700000059.079869508743286,0.00307,0.00015,0.00002,0.00263,0.00012,0.00224,0.00821
1700000059.113765001296997,0.00486,0.00017,0.00007,0.00219,0.00008,0.00143,0.00880
1700000059.147660493850708,0.00303,0.00020,0.00002,0.00178,0.00006,0.00134,0.00643
1700000059.181555986404419,0.00313,0.00019,0.00002,0.00188,0.00014,0.00152,0.00688
1700000059.215451478958130,0.00380,0.00021,0.00007,0.00318,0.00011,0.00256,0.00993
1700000059.249346971511841,0.00324,0.00019,0.00002,0.00292,0.00011,0.00189,0.00837
1700000059.283242702484131,0.00263,0.00014,0.00002,0.00161,0.00007,0.00123,0.00570
1700000059.317138195037842,0.00343,0.00023,0.00010,0.00325,0.00006,0.00146,0.00853
1700000059.351033687591553,0.00546,0.00027,0.00014,0.00286,0.00015,0.00194,0.01081
1700000059.384929180145264,0.00318,0.00011,0.00002,0.00159,0.00008,0.00120,0.00618
1700000059.418824672698975,0.00252,0.00015,0.00005,0.00206,0.00007,0.00176,0.00660
1700000059.452720165252686,0.00593,0.00025,0.00004,0.00302,0.00014,0.00206,0.01144
1700000059.486615657806396,0.00348,0.00020,0.00002,0.00170,0.00006,0.00132,0.00679
1700000059.520511150360107,0.00345,0.00022,0.00002,0.00180,0.00008,0.00145,0.00701
1700000059.554406642913818,0.00291,0.00015,0.00006,0.00172,0.00005,0.00134,0.00623
1700000059.588302135467529,0.00650,0.00024,0.00009,0.00295,0.00027,0.00211,0.01216
1700000059.622197628021240,0.00333,0.00019,0.00002,0.00295,0.00006,0.00154,0.00810
1700000059.656093120574951,0.00275,0.00016,0.00005,0.00162,0.00005,0.00124,0.00586
1700000059.689988613128662,0.00424,0.00016,0.00011,0.00261,0.00011,0.00199,0.00923
1700000059.723884105682373,0.00260,0.00015,0.00002,0.00170,0.00007,0.00126,0.00580
1700000059.757779598236084,0.00305,0.00019,0.00011,0.00303,0.00039,0.00258,0.00937
1700000059.791675090789795,0.00407,0.00016,0.00006,0.00245,0.00011,0.00213,0.00898
1700000059.825570583343506,0.00323,0.00019,0.00002,0.00300,0.00006,0.00137,0.00787
1700000059.859466314315796,0.00257,0.00014,0.00002,0.00163,0.00009,0.00127,0.00572
1700000059.893361806869507,0.00393,0.00022,0.00002,0.00287,0.00011,0.00285,0.00999
1700000059.927257299423218,0.00592,0.00026,0.00008,0.00343,0.00015,0.00244,0.01228
1700000059.961152791976929,0.00294,0.00013,0.00002,0.00170,0.00005,0.00129,0.00612
1700000059.995048284530640,0.00336,0.00030,0.00010,0.00394,0.00148,0.00239,0.01158
1700000060.028943777084351,0.00470,0.00028,0.00010,0.00365,0.00023,0.00200,0.01096
1700000060.062839269638062,0.00280,0.00021,0.00004,0.00159,0.00005,0.00128,0.00596
1700000060.096734762191772,0.00335,0.00019,0.00002,0.00227,0.00006,0.00162,0.00751
1700000060.130630254745483,0.00360,0.00017,0.00009,0.00235,0.00007,0.00205,0.00834
1700000060.164525747299194,0.00329,0.00019,0.00003,0.00289,0.00031,0.00224,0.00894
1700000060.198421239852905,0.00240,0.00015,0.00003,0.00157,0.00007,0.00120,0.00542
1700000060.232316732406616,0.00433,0.00020,0.00003,0.00230,0.00008,0.00153,0.00847
1700000060.266212224960327,0.00701,0.00027,0.00011,0.00388,0.00019,0.00288,0.01434
1700000060.300107717514038,0.00350,0.00019,0.00008,0.00273,0.00007,0.00172,0.00829
1700000060.334003210067749,0.00294,0.00015,0.00003,0.00147,0.00005,0.00117,0.00581
1700000060.367898702621460,0.00499,0.00019,0.00003,0.00196,0.00003,0.00137,0.00857
1700000060.401794195175171,0.00316,0.00017,0.00003,0.00252,0.00018,0.00152,0.00760
1700000060.435689926147461,0.00322,0.00019,0.00002,0.00288,0.00010,0.00238,0.00880
1700000060.469585418701172,0.00346,0.00017,0.00002,0.00247,0.00011,0.00200,0.00824
1700000060.503480911254883,0.00707,0.00032,0.00003,0.00380,0.00013,0.00292,0.01427
1700000060.537376403808594,0.00314,0.00019,0.00002,0.00287,0.00011,0.00274,0.00907
1700000060.571271896362305,0.00374,0.00020,0.00007,0.00202,0.00015,0.00156,0.00774
1700000060.605167388916016,0.00690,0.00031,0.00002,0.00282,0.00013,0.00173,0.01192
1700000060.639062881469727,0.00327,0.00017,0.00007,0.00268,0.00006,0.00136,0.00761
1700000060.672958374023438,0.00330,0.00023,0.00008,0.00361,0.00022,0.00269,0.01013
1700000060.706853866577148,0.00457,0.00015,0.00006,0.00187,0.00006,0.00140,0.00812
1700000060.740749359130859,0.00336,0.00019,0.00005,0.00162,0.00007,0.00138,0.00667
1700000060.774644851684570,0.00260,0.00015,0.00004,0.00152,0.00003,0.00133,0.00566
1700000060.808540344238281,0.00345,0.00017,0.00006,0.00170,0.00017,0.00132,0.00687
1700000060.842435836791992,0.00499,0.00026,0.00016,0.00316,0.00017,0.00265,0.01138
1700000060.876331329345703,0.00286,0.00011,0.00005,0.00148,0.00006,0.00117,0.00573
1700000060.910226821899414,0.00383,0.00022,0.00007,0.00211,0.00007,0.00172,0.00802
1700000060.944122314453125,0.00520,0.00026,0.00011,0.00288,0.00011,0.00180,0.01035
1700000060.978018045425415,0.00364,0.00013,0.00005,0.00150,0.00013,0.00121,0.00666
1700000061.011913537979126,0.00383,0.00019,0.00014,0.00285,0.00008,0.00134,0.00842
1700000061.045809030532837,0.00382,0.00016,0.00012,0.00171,0.00007,0.00184,0.00773
1700000061.079704523086548,0.00253,0.00010,0.00006,0.00131,0.00006,0.00118,0.00525
1700000061.113600015640259,0.00324,0.00019,0.00006,0.00230,0.00007,0.00145,0.00732
1700000061.147495508193970,0.00349,0.00019,0.00002,0.00195,0.00007,0.00150,0.00722
1700000061.181391000747681,0.00564,0.00023,0.00008,0.00185,0.00002,0.00135,0.00918
1700000061.215286493301392,0.00309,0.00012,0.00002,0.00126,0.00120,0.00123,0.00692
1700000061.249181985855103,0.00369,0.00020,0.00006,0.00260,0.00158,0.00248,0.01061
1700000061.283077478408813,0.00434,0.00016,0.00006,0.00177,0.00048,0.00132,0.00813
1700000061.316972970962524,0.00294,0.00013,0.00007,0.00160,0.00117,0.00125,0.00715
1700000061.350868463516235,0.00355,0.00021,0.00007,0.00271,0.00060,0.00169,0.00883
1700000061.384763956069946,0.00400,0.00018,0.00006,0.00316,0.00023,0.00213,0.00976
1700000061.418659448623657,0.00552,0.00031,0.00023,0.00371,0.00022,0.00207,0.01206
1700000061.452554941177368,0.00293,0.00018,0.00002,0.00203,0.00008,0.00119,0.00644
1700000061.486450672149658,0.00308,0.00020,0.00012,0.00309,0.00022,0.00155,0.00826
1700000061.520346164703369,0.00521,0.00021,0.00002,0.00301,0.00009,0.00191,0.01045
1700000061.554241657257080,0.00394,0.00011,0.00005,0.00157,0.00006,0.00133,0.00705
1700000061.588137149810791,0.00368,0.00021,0.00005,0.00317,0.00007,0.00263,0.00982
1700000061.622032642364502,0.00432,0.00023,0.00011,0.00358,0.00028,0.00274,0.01126
1700000061.655928134918213,0.00292,0.00012,0.00004,0.00149,0.00000,0.00121,0.00578
1700000061.689823627471924,0.00260,0.00014,0.00005,0.00147,0.00004,0.00122,0.00552
1700000061.723719120025635,0.00347,0.00015,0.00011,0.00204,0.00009,0.00127,0.00712
1700000061.757614612579346,0.00541,0.00021,0.00002,0.00269,0.00004,0.00158,0.00995
1700000061.791510105133057,0.00243,0.00011,0.00002,0.00146,0.00010,0.00130,0.00542
1700000061.825405597686768,0.00564,0.00019,0.00003,0.00276,0.00023,0.00199,0.01083
1700000061.859301090240479,0.00501,0.00024,0.00002,0.00339,0.00013,0.00193,0.01073
1700000061.893196582794189,0.00314,0.00024,0.00002,0.00271,0.00034,0.00233,0.00878
1700000061.927092075347900,0.00283,0.00014,0.00002,0.00150,0.00009,0.00120,0.00578
1700000061.960987567901611,0.00346,0.00021,0.00002,0.00222,0.00008,0.00163,0.00763
1700000061.994883298873901,0.00579,0.00018,0.00009,0.00278,0.00004,0.00214,0.01103
1700000062.028778791427612,0.00376,0.00019,0.00007,0.00248,0.00010,0.00143,0.00803
1700000062.062674283981323,0.00306,0.00015,0.00003,0.00193,0.00000,0.00186,0.00703
1700000062.096569776535034,0.00449,0.00016,0.00006,0.00242,0.00004,0.00188,0.00905
1700000062.130465269088745,0.00318,0.00018,0.00003,0.00265,0.00022,0.00210,0.00836
1700000062.164360761642456,0.00324,0.00020,0.00002,0.00246,0.00005,0.00148,0.00745
1700000062.198256254196167,0.00411,0.00015,0.00002,0.00155,0.00090,0.00165,0.00838
1700000062.232151746749878,0.00324,0.00018,0.00006,0.00262,0.00024,0.00167,0.00801
1700000062.266047239303589,0.00318,0.00020,0.00010,0.00250,0.00010,0.00205,0.00814
1700000062.299942731857300,0.00336,0.00025,0.00007,0.00212,0.00084,0.00190,0.00854
1700000062.333838224411011,0.00562,0.00031,0.00004,0.00330,0.00014,0.00204,0.01146
1700000062.367733716964722,0.00323,0.00014,0.00003,0.00159,0.00006,0.00127,0.00631
1700000062.401629209518433,0.00343,0.00026,0.00011,0.00320,0.00007,0.00187,0.00894
1700000062.435524702072144,0.00485,0.00021,0.00012,0.00177,0.00008,0.00136,0.00838
1700000062.469420194625854,0.00260,0.00014,0.00007,0.00150,0.00002,0.00133,0.00566
1700000062.503315687179565,0.00303,0.00019,0.00010,0.00226,0.00006,0.00217,0.00780
1700000062.537211418151855,0.00467,0.00023,0.00014,0.00275,0.00013,0.00230,0.01022
1700000062.571106910705566,0.00292,0.00016,0.00006,0.00169,0.00006,0.00137,0.00627
1700000062.605002403259277,0.00311,0.00019,0.00013,0.00202,0.00010,0.00137,0.00693
1700000062.638897895812988,0.00424,0.00023,0.00015,0.00199,0.00017,0.00191,0.00869
1700000062.672793388366699,0.00524,0.00026,0.00011,0.00241,0.00010,0.00145,0.00957
1700000062.706688880920410,0.00259,0.00014,0.00005,0.00130,0.00011,0.00128,0.00548
1700000062.740584373474121,0.00300,0.00011,0.00004,0.00133,0.00008,0.00125,0.00581
1700000062.774479866027832,0.00389,0.00014,0.00002,0.00150,0.00005,0.00155,0.00716
1700000062.808375358581543,0.00333,0.00017,0.00010,0.00208,0.00006,0.00182,0.00756
1700000062.842270851135254,0.00325,0.00019,0.00007,0.00152,0.00011,0.00136,0.00651
1700000062.876166343688965,0.00274,0.00013,0.00009,0.00125,0.00005,0.00129,0.00556
1700000062.910061836242676,0.00552,0.00017,0.00009,0.00177,0.00011,0.00198,0.00965
1700000062.943957328796387,0.00338,0.00016,0.00003,0.00141,0.00009,0.00137,0.00644
1700000062.977852821350098,0.00266,0.00016,0.00002,0.00123,0.00006,0.00118,0.00531
1700000063.011748313903809,0.00590,0.00023,0.00015,0.00296,0.00034,0.00284,0.01242
1700000063.045644044876099,0.00274,0.00011,0.00004,0.00114,0.00011,0.00130,0.00545
1700000063.079539537429810,0.00349,0.00028,0.00003,0.00132,0.00009,0.00125,0.00647
1700000063.113435029983521,0.00516,0.00014,0.00004,0.00126,0.00009,0.00142,0.00810
1700000063.147330522537231,0.00326,0.00017,0.00016,0.00186,0.00011,0.00176,0.00733
1700000063.181226015090942,0.00267,0.00012,0.00005,0.00102,0.00003,0.00118,0.00508
1700000063.215121507644653,0.00307,0.00017,0.00006,0.00158,0.00009,0.00140,0.00637
1700000063.249017000198364,0.00517,0.00024,0.00013,0.00222,0.00024,0.00309,0.01109
1700000063.282912492752075,0.00274,0.00010,0.00001,0.00099,0.00009,0.00124,0.00518
1700000063.316807985305786,0.00305,0.00016,0.00002,0.00136,0.00010,0.00143,0.00611
1700000063.350703477859497,0.00453,0.00021,0.00006,0.00188,0.00014,0.00274,0.00955
1700000063.384598970413208,0.00343,0.00016,0.00002,0.00146,0.00006,0.00132,0.00646
1700000063.418494462966919,0.00329,0.00017,0.00002,0.00173,0.00027,0.00234,0.00783
1700000063.452389955520630,0.00389,0.00016,0.00007,0.00173,0.00027,0.00169,0.00781
1700000063.486285448074341,0.00268,0.00012,0.00007,0.00096,0.00006,0.00125,0.00513
1700000063.520180940628052,0.00361,0.00018,0.00006,0.00174,0.00020,0.00128,0.00708
1700000063.554076671600342,0.00314,0.00011,0.00004,0.00099,0.00005,0.00124,0.00557
1700000063.587972164154053,0.00524,0.00016,0.00001,0.00123,0.00006,0.00157,0.00828
1700000063.621867656707764,0.00234,0.00009,0.00007,0.00095,0.00011,0.00116,0.00473
1700000063.655763149261475,0.00316,0.00016,0.00002,0.00175,0.00020,0.00218,0.00746
1700000063.689658641815186,0.00475,0.00017,0.00010,0.00188,0.00019,0.00234,0.00944
1700000063.723554134368896,0.00333,0.00012,0.00002,0.00097,0.00008,0.00120,0.00571
1700000063.757449626922607,0.00339,0.00017,0.00010,0.00176,0.00014,0.00242,0.00799
1700000063.791345119476318,0.00358,0.00018,0.00007,0.00173,0.00011,0.00265,0.00832
1700000063.825240612030029,0.00619,0.00015,0.00009,0.00144,0.00069,0.00210,0.01066
1700000063.859136104583740,0.00329,0.00012,0.00005,0.00107,0.00012,0.00128,0.00593
1700000063.893031597137451,0.00433,0.00022,0.00007,0.00185,0.00014,0.00184,0.00844
1700000063.926927089691162,0.00688,0.00021,0.00009,0.00225,0.00088,0.00212,0.01243
1700000063.960822582244873,0.00309,0.00015,0.00010,0.00205,0.00006,0.00130,0.00674
1700000063.994718074798584,0.00304,0.00017,0.00006,0.00219,0.00005,0.00197,0.00749
1700000064.028613567352295,0.00422,0.00019,0.00006,0.00197,0.00082,0.00240,0.00966
1700000064.062509059906006,0.00257,0.00012,0.00006,0.00116,0.00044,0.00141,0.00577
1700000064.096404790878296,0.00324,0.00017,0.00002,0.00155,0.00012,0.00129,0.00639
1700000064.130300283432007,0.00334,0.00015,0.00002,0.00131,0.00010,0.00128,0.00620
1700000064.164195775985718,0.00559,0.00027,0.00015,0.00311,0.00017,0.00220,0.01150
1700000064.198091268539429,0.00264,0.00012,0.00005,0.00120,0.00003,0.00120,0.00524
1700000064.231986761093140,0.00251,0.00012,0.00010,0.00131,0.00014,0.00166,0.00583
1700000064.265882253646851,0.00507,0.00030,0.00014,0.00304,0.00022,0.00311,0.01188
1700000064.299777746200562,0.00265,0.00011,0.00005,0.00110,0.00009,0.00122,0.00522
1700000064.333673238754272,0.00270,0.00012,0.00004,0.00115,0.00005,0.00130,0.00535
1700000064.367568731307983,0.00297,0.00012,0.00004,0.00126,0.00005,0.00129,0.00574
1700000064.401464223861694,0.00346,0.00018,0.00006,0.00116,0.00004,0.00123,0.00614
1700000064.435359716415405,0.00446,0.00016,0.00007,0.00203,0.00009,0.00146,0.00828
1700000064.469255208969116,0.00297,0.00011,0.00006,0.00104,0.00009,0.00121,0.00549
1700000064.503150701522827,0.00542,0.00019,0.00008,0.00197,0.00106,0.00221,0.01092
1700000064.537046194076538,0.00243,0.00012,0.00003,0.00109,0.00005,0.00120,0.00491
1700000064.570941686630249,0.00334,0.00017,0.00006,0.00200,0.00015,0.00219,0.00791
1700000064.604837179183960,0.00483,0.00020,0.00002,0.00158,0.00006,0.00155,0.00824
1700000064.638732671737671,0.00334,0.00019,0.00006,0.00124,0.00008,0.00142,0.00633
1700000064.672628402709961,0.00309,0.00018,0.00002,0.00201,0.00025,0.00158,0.00713
1700000064.706523895263672,0.00293,0.00015,0.00002,0.00131,0.00012,0.00159,0.00613
1700000064.740419387817383,0.00438,0.00013,0.00002,0.00155,0.00012,0.00185,0.00804
1700000064.774314880371094,0.00301,0.00017,0.00002,0.00206,0.00021,0.00220,0.00767
1700000064.808210372924805,0.00325,0.00019,0.00002,0.00176,0.00007,0.00141,0.00671
1700000064.842105865478516,0.00427,0.00014,0.00002,0.00137,0.00014,0.00162,0.00756
1700000064.876001358032227,0.00291,0.00010,0.00001,0.00112,0.00015,0.00125,0.00554
1700000064.909896850585938,0.00276,0.00012,0.00002,0.00107,0.00020,0.00127,0.00543
1700000064.943792343139648,0.00333,0.00012,0.00001,0.00121,0.00006,0.00144,0.00619
1700000064.977687835693359,0.00322,0.00015,0.00002,0.00200,0.00018,0.00239,0.00796
1700000065.011583328247070,0.00324,0.00018,0.00002,0.00199,0.00010,0.00245,0.00797
1700000065.045478820800781,0.00297,0.00013,0.00001,0.00117,0.00009,0.00122,0.00560
1700000065.079374313354492,0.00480,0.00017,0.00002,0.00204,0.00021,0.00200,0.00924
1700000065.113269805908203,0.00308,0.00016,0.00007,0.00215,0.00018,0.00243,0.00807
1700000065.147165298461914,0.00256,0.00011,0.00002,0.00120,0.00009,0.00149,0.00548
1700000065.181060791015625,0.00380,0.00014,0.00002,0.00114,0.00010,0.00131,0.00651
1700000065.214956283569336,0.00313,0.00011,0.00002,0.00110,0.00005,0.00123,0.00564
1700000065.248852014541626,0.00306,0.00012,0.00007,0.00110,0.00010,0.00131,0.00576
1700000065.282747507095337,0.00323,0.00015,0.00002,0.00137,0.00016,0.00132,0.00624
1700000065.316642999649048,0.00455,0.00015,0.00002,0.00136,0.00024,0.00130,0.00763
1700000065.350538492202759,0.00281,0.00012,0.00001,0.00109,0.00005,0.00122,0.00531
1700000065.384433984756470,0.00432,0.00017,0.00006,0.00200,0.00020,0.00275,0.00949
1700000065.418329477310181,0.00295,0.00015,0.00007,0.00188,0.00006,0.00139,0.00650
1700000065.452224969863892,0.00276,0.00014,0.00006,0.00119,0.00009,0.00130,0.00554
1700000065.486120462417603,0.00404,0.00015,0.00002,0.00127,0.00009,0.00129,0.00686
1700000065.520015954971313,0.00359,0.00009,0.00001,0.00111,0.00013,0.00132,0.00626
1700000065.553911447525024,0.00272,0.00012,0.00001,0.00107,0.00007,0.00127,0.00526
1700000065.587806940078735,0.00348,0.00017,0.00002,0.00185,0.00082,0.00142,0.00777
1700000065.621702432632446,0.00497,0.00014,0.00006,0.00156,0.00007,0.00179,0.00859
1700000065.655597925186157,0.00263,0.00012,0.00010,0.00112,0.00012,0.00119,0.00527
1700000065.689493417739868,0.00277,0.00010,0.00006,0.00112,0.00009,0.00121,0.00536
1700000065.723388910293579,0.00388,0.00019,0.00004,0.00127,0.00025,0.00156,0.00719
1700000065.757284402847290,0.00247,0.00013,0.00002,0.00116,0.00006,0.00124,0.00509
1700000065.791179895401001,0.00322,0.00017,0.00002,0.00211,0.00018,0.00247,0.00818
1700000065.825075626373291,0.00352,0.00015,0.00001,0.00114,0.00006,0.00132,0.00621
1700000065.858971118927002,0.00515,0.00017,0.00008,0.00152,0.00012,0.00153,0.00857
1700000065.892866611480713,0.00286,0.00012,0.00006,0.00117,0.00007,0.00126,0.00554
1700000065.926762104034424,0.00244,0.00012,0.00004,0.00114,0.00011,0.00132,0.00517
1700000065.960657596588135,0.00551,0.00022,0.00010,0.00139,0.00008,0.00132,0.00861
1700000065.994553089141846,0.00345,0.00016,0.00012,0.00202,0.00004,0.00250,0.00830
1700000066.028448581695557,0.00286,0.00013,0.00002,0.00129,0.00008,0.00146,0.00584
1700000066.062344074249268,0.00482,0.00017,0.00009,0.00195,0.00014,0.00135,0.00852
1700000066.096239566802979,0.00265,0.00013,0.00002,0.00124,0.00010,0.00133,0.00546
1700000066.130135059356689,0.00323,0.00017,0.00003,0.00203,0.00043,0.00240,0.00829
1700000066.164030551910400,0.00441,0.00044,0.00015,0.00301,0.00010,0.00210,0.01020
1700000066.197926044464111,0.00514,0.00021,0.00004,0.00211,0.00016,0.00233,0.01000
1700000066.231821537017822,0.00360,0.00017,0.00010,0.00184,0.00011,0.00176,0.00758
1700000066.265717029571533,0.00361,0.00015,0.00010,0.00138,0.00015,0.00175,0.00715
1700000066.299612522125244,0.00468,0.00016,0.00007,0.00177,0.00014,0.00220,0.00902
1700000066.333508014678955,0.00342,0.00018,0.00012,0.00109,0.00009,0.00130,0.00620
1700000066.367403507232666,0.00329,0.00017,0.00008,0.00190,0.00019,0.00156,0.00719
1700000066.401299238204956,0.00302,0.00016,0.00009,0.00144,0.00003,0.00189,0.00664
1700000066.435194730758667,0.00537,0.00018,0.00010,0.00158,0.00008,0.00174,0.00905
1700000066.469090223312378,0.00272,0.00011,0.00007,0.00085,0.00039,0.00126,0.00541
1700000066.502985715866089,0.00272,0.00013,0.00009,0.00092,0.00008,0.00117,0.00511
1700000066.536881208419800,0.00549,0.00031,0.00012,0.00210,0.00068,0.00211,0.01081
1700000066.570776700973511,0.00249,0.00012,0.00006,0.00089,0.00005,0.00121,0.00481
1700000066.604672193527222,0.00283,0.00016,0.00002,0.00102,0.00046,0.00145,0.00594
1700000066.638567686080933,0.00435,0.00016,0.00009,0.00111,0.00004,0.00129,0.00705
1700000066.672463178634644,0.00331,0.00017,0.00006,0.00108,0.00048,0.00141,0.00652
1700000066.706358671188354,0.00320,0.00017,0.00009,0.00167,0.00073,0.00123,0.00709
1700000066.740254163742065,0.00364,0.00022,0.00004,0.00311,0.00024,0.00321,0.01046
1700000066.774149656295776,0.00638,0.00021,0.00011,0.00235,0.00021,0.00213,0.01139
1700000066.808045148849487,0.00376,0.00015,0.00002,0.00159,0.00007,0.00138,0.00698
1700000066.841940641403198,0.00359,0.00014,0.00006,0.00184,0.00009,0.00224,0.00796
1700000066.875836133956909,0.00460,0.00014,0.00002,0.00171,0.00007,0.00225,0.00879
1700000066.909731864929199,0.00295,0.00016,0.00009,0.00205,0.00025,0.00247,0.00799
1700000066.943627357482910,0.00337,0.00023,0.00009,0.00150,0.00019,0.00145,0.00683
1700000066.977522850036621,0.00378,0.00013,0.00003,0.00128,0.00007,0.00152,0.00681
1700000067.011418342590332,0.00354,0.00016,0.00010,0.00202,0.00019,0.00155,0.00755
1700000067.045313835144043,0.00328,0.00018,0.00011,0.00229,0.00012,0.00131,0.00729
1700000067.079209327697754,0.00310,0.00010,0.00005,0.00111,0.00010,0.00131,0.00578
1700000067.113104820251465,0.00444,0.00018,0.00008,0.00115,0.00007,0.00122,0.00714
1700000067.147000312805176,0.00388,0.00015,0.00006,0.00190,0.00019,0.00242,0.00861
1700000067.180895805358887,0.00378,0.00014,0.00011,0.00135,0.00014,0.00180,0.00733
1700000067.214791297912598,0.00604,0.00018,0.00013,0.00184,0.00011,0.00198,0.01028
1700000067.248686790466309,0.00337,0.00017,0.00003,0.00202,0.00011,0.00174,0.00744
1700000067.282582283020020,0.00311,0.00013,0.00006,0.00105,0.00034,0.00122,0.00591
1700000067.316477775573730,0.00428,0.00017,0.00006,0.00149,0.00012,0.00146,0.00758
1700000067.350373268127441,0.00660,0.00026,0.00038,0.00155,0.00059,0.00212,0.01150
1700000067.384268760681152,0.00338,0.00015,0.00003,0.00206,0.00147,0.00144,0.00854
1700000067.418164253234863,0.00499,0.00019,0.00011,0.00215,0.00011,0.00183,0.00939
1700000067.452059984207153,0.00534,0.00026,0.00009,0.00220,0.00086,0.00207,0.01081
1700000067.485955476760864,0.00304,0.00012,0.00005,0.00128,0.00047,0.00124,0.00620
1700000067.519850969314575,0.00354,0.00014,0.00005,0.00143,0.00152,0.00171,0.00839
1700000067.553746461868286,0.00646,0.00019,0.00018,0.00270,0.00016,0.00233,0.01202
1700000067.587641954421997,0.00338,0.00019,0.00019,0.00178,0.00047,0.00129,0.00730
1700000067.621537446975708,0.00370,0.00019,0.00006,0.00229,0.00015,0.00171,0.00810
1700000067.655432939529419,0.00325,0.00016,0.00014,0.00203,0.00009,0.00204,0.00771
1700000067.689328432083130,0.00575,0.00017,0.00006,0.00153,0.00000,0.00127,0.00877
1700000067.723223924636841,0.00404,0.00017,0.00006,0.00244,0.00021,0.00251,0.00943
1700000067.757119417190552,0.00308,0.00014,0.00006,0.00173,0.00019,0.00205,0.00725
1700000067.791014909744263,0.00518,0.00017,0.00009,0.00230,0.00006,0.00266,0.01046
1700000067.824910402297974,0.00285,0.00012,0.00006,0.00125,0.00005,0.00130,0.00562
1700000067.858805894851685,0.00313,0.00015,0.00006,0.00134,0.00043,0.00148,0.00659
1700000067.892701387405396,0.00654,0.00023,0.00011,0.00232,0.00010,0.00169,0.01099
1700000067.926596879959106,0.00349,0.00017,0.00017,0.00229,0.00009,0.00261,0.00883
1700000067.960492610931396,0.00288,0.00015,0.00007,0.00128,0.00010,0.00140,0.00588
1700000067.994388103485107,0.00312,0.00015,0.00005,0.00161,0.00067,0.00188,0.00748
1700000068.028283596038818,0.00622,0.00022,0.00014,0.00258,0.00165,0.00152,0.01234
1700000068.062179088592529,0.00327,0.00018,0.00008,0.00228,0.00008,0.00139,0.00727
1700000068.096074581146240,0.00399,0.00018,0.00003,0.00193,0.00064,0.00193,0.00870
1700000068.129970073699951,0.00470,0.00025,0.00015,0.00381,0.00026,0.00235,0.01151
1700000068.163865566253662,0.00323,0.00013,0.00003,0.00139,0.00016,0.00129,0.00624
1700000068.197761058807373,0.00277,0.00015,0.00003,0.00130,0.00006,0.00125,0.00554
1700000068.231656551361084,0.00458,0.00018,0.00007,0.00270,0.00016,0.00231,0.01000
1700000068.265552043914795,0.00594,0.00019,0.00008,0.00142,0.00002,0.00133,0.00899
1700000068.299447536468506,0.00299,0.00013,0.00003,0.00134,0.00011,0.00139,0.00599
1700000068.333343029022217,0.00391,0.00024,0.00004,0.00362,0.00015,0.00318,0.01114
1700000068.367238521575928,0.00410,0.00017,0.00003,0.00156,0.00013,0.00133,0.00732
1700000068.401134014129639,0.00325,0.00014,0.00003,0.00132,0.00015,0.00140,0.00629
1700000068.435029506683350,0.00312,0.00013,0.00002,0.00158,0.00015,0.00148,0.00649
1700000068.468925237655640,0.00414,0.00013,0.00002,0.00136,0.00011,0.00132,0.00707
1700000068.502820730209351,0.00347,0.00014,0.00002,0.00133,0.00006,0.00128,0.00629
1700000068.536716222763062,0.00355,0.00014,0.00003,0.00150,0.00017,0.00158,0.00697
1700000068.570611715316772,0.00438,0.00024,0.00004,0.00254,0.00015,0.00198,0.00932
1700000068.604507207870483,0.00663,0.00026,0.00003,0.00220,0.00007,0.00192,0.01111
1700000068.638402700424194,0.00382,0.00017,0.00002,0.00247,0.00016,0.00250,0.00914
1700000068.672298192977905,0.00383,0.00022,0.00007,0.00243,0.00005,0.00169,0.00830
1700000068.706193685531616,0.00457,0.00019,0.00007,0.00263,0.00028,0.00214,0.00989
1700000068.740089178085327,0.00266,0.00010,0.00005,0.00126,0.00006,0.00123,0.00535
1700000068.773984670639038,0.00345,0.00020,0.00002,0.00234,0.00024,0.00252,0.00878
1700000068.807880163192749,0.00325,0.00013,0.00002,0.00141,0.00018,0.00125,0.00624
1700000068.841775655746460,0.00668,0.00018,0.00004,0.00206,0.00020,0.00169,0.01085
1700000068.875671148300171,0.00389,0.00020,0.00002,0.00208,0.00013,0.00155,0.00787
1700000068.909566640853882,0.00486,0.00027,0.00011,0.00258,0.00009,0.00220,0.01012
1700000068.943462133407593,0.00607,0.00027,0.00004,0.00271,0.00029,0.00214,0.01151
1700000068.977357864379883,0.00321,0.00013,0.00003,0.00132,0.00016,0.00131,0.00615
1700000069.011253356933594,0.00355,0.00013,0.00006,0.00137,0.00005,0.00142,0.00659
1700000069.045148849487305,0.00535,0.00019,0.00012,0.00190,0.00048,0.00138,0.00943
1700000069.079044342041016,0.00255,0.00017,0.00009,0.00135,0.00002,0.00126,0.00545
1700000069.112939834594727,0.00346,0.00019,0.00010,0.00243,0.00079,0.00168,0.00864
1700000069.146835327148438,0.00510,0.00020,0.00012,0.00255,0.00010,0.00192,0.01000
1700000069.180730819702148,0.00711,0.00024,0.00015,0.00314,0.00025,0.00275,0.01365
1700000069.214626312255859,0.00359,0.00018,0.00048,0.00218,0.00064,0.00178,0.00886
1700000069.248521804809570,0.00363,0.00023,0.00012,0.00200,0.00013,0.00200,0.00811
1700000069.282417297363281,0.00585,0.00015,0.00009,0.00200,0.00196,0.00210,0.01215
1700000069.316312789916992,0.00320,0.00012,0.00007,0.00153,0.00044,0.00143,0.00680
1700000069.350208282470703,0.00347,0.00014,0.00070,0.00154,0.00279,0.00169,0.01033
1700000069.384103775024414,0.00466,0.00015,0.00009,0.00228,0.00476,0.00176,0.01371
1700000069.417999267578125,0.00422,0.00025,0.00008,0.00418,0.00084,0.00208,0.01164
1700000069.451894760131836,0.00422,0.00025,0.00083,0.00369,0.00120,0.00144,0.01163
1700000069.485790252685547,0.00404,0.00022,0.00023,0.00405,0.00075,0.00176,0.01105
1700000069.519685983657837,0.00583,0.00034,0.00146,0.00440,0.00085,0.00198,0.01486
1700000069.553581476211548,0.00343,0.00021,0.00018,0.00467,0.00081,0.00184,0.01115
1700000069.587476968765259,0.00319,0.00018,0.00020,0.00382,0.00004,0.00183,0.00925
1700000069.621372461318970,0.00559,0.00032,0.00039,0.00675,0.00010,0.00384,0.01700
1700000069.655267953872681,0.00332,0.00014,0.00013,0.00231,0.00004,0.00129,0.00723
1700000069.689163446426392,0.00381,0.00022,0.00016,0.00396,0.00096,0.00255,0.01167
1700000069.723058938980103,0.00352,0.00015,0.00002,0.00239,0.00050,0.00139,0.00796
1700000069.756954431533813,0.00408,0.00023,0.00002,0.00461,0.00011,0.00298,0.01204
1700000069.790849924087524,0.00306,0.00017,0.00007,0.00275,0.00056,0.00140,0.00801
1700000069.824745416641235,0.00317,0.00016,0.00002,0.00333,0.00007,0.00202,0.00876
1700000069.858640909194946,0.00698,0.00035,0.00013,0.00574,0.00010,0.00279,0.01608
1700000069.892536401748657,0.00379,0.00023,0.00002,0.00443,0.00009,0.00264,0.01119
1700000069.926431894302368,0.00325,0.00023,0.00029,0.00421,0.00009,0.00178,0.00984
1700000069.960327386856079,0.00346,0.00024,0.00012,0.00258,0.00005,0.00128,0.00773
1700000069.994222879409790,0.00246,0.00013,0.00012,0.00237,0.00005,0.00131,0.00644
1700000070.028118371963501,0.00312,0.00017,0.00012,0.00244,0.00005,0.00139,0.00729
1700000070.062014102935791,0.00356,0.00029,0.00017,0.00626,0.00011,0.00194,0.01234
1700000070.095909595489502,0.00506,0.00021,0.00009,0.00436,0.00009,0.00203,0.01184
1700000070.129805088043213,0.00335,0.00024,0.00006,0.00446,0.00005,0.00259,0.01075
1700000070.163700580596924,0.00316,0.00023,0.00007,0.00447,0.00007,0.00191,0.00992
1700000070.197596073150635,0.00478,0.00019,0.00008,0.00448,0.00007,0.00214,0.01174
1700000070.231491565704346,0.00307,0.00012,0.00005,0.00237,0.00002,0.00122,0.00684
1700000070.265387058258057,0.00343,0.00024,0.00013,0.00409,0.00005,0.00175,0.00969
1700000070.299282550811768,0.00430,0.00019,0.00008,0.00296,0.00004,0.00130,0.00887
1700000070.333178043365479,0.00262,0.00016,0.00013,0.00240,0.00005,0.00119,0.00655
1700000070.367073535919189,0.00342,0.00023,0.00002,0.00318,0.00006,0.00138,0.00829
1700000070.400969028472900,0.00324,0.00017,0.00013,0.00252,0.00005,0.00129,0.00741
1700000070.434864521026611,0.00722,0.00022,0.00022,0.00407,0.00011,0.00241,0.01425
1700000070.468760013580322,0.00472,0.00019,0.00031,0.00385,0.00095,0.00265,0.01268
1700000070.502655506134033,0.00331,0.00017,0.00009,0.00207,0.00005,0.00150,0.00719
1700000070.536550998687744,0.00551,0.00031,0.00023,0.00445,0.00005,0.00197,0.01252
1700000070.570446491241455,0.00293,0.00013,0.00018,0.00169,0.00046,0.00126,0.00665
1700000070.604341983795166,0.00369,0.00022,0.00028,0.00204,0.00049,0.00155,0.00828
1700000070.638237714767456,0.00377,0.00014,0.00011,0.00228,0.00003,0.00179,0.00814
1700000070.672133207321167,0.00586,0.00018,0.00007,0.00229,0.00074,0.00233,0.01147
1700000070.706028699874878,0.00328,0.00020,0.00007,0.00276,0.00053,0.00147,0.00831
1700000070.739924192428589,0.00385,0.00016,0.00011,0.00207,0.00185,0.00177,0.00981
1700000070.773819684982300,0.00450,0.00015,0.00010,0.00172,0.00004,0.00134,0.00784
1700000070.807715177536011,0.00338,0.00013,0.00010,0.00151,0.00081,0.00123,0.00717
1700000070.841610670089722,0.00437,0.00022,0.00014,0.00302,0.00192,0.00185,0.01151
1700000070.875506162643433,0.00605,0.00020,0.00010,0.00238,0.00126,0.00123,0.01121
1700000070.909401655197144,0.00352,0.00020,0.00022,0.00195,0.00003,0.00130,0.00722
1700000070.943297147750854,0.00398,0.00021,0.00014,0.00323,0.00129,0.00178,0.01065
1700000070.977192640304565,0.00503,0.00027,0.00011,0.00299,0.00158,0.00203,0.01201
1700000071.011088132858276,0.00488,0.00019,0.00008,0.00290,0.00076,0.00185,0.01068
1700000071.044983625411987,0.00363,0.00012,0.00029,0.00211,0.00047,0.00137,0.00800
1700000071.078879117965698,0.00345,0.00014,0.00006,0.00211,0.00002,0.00128,0.00705
1700000071.112774610519409,0.00466,0.00022,0.00009,0.00314,0.00193,0.00202,0.01206
1700000071.146670103073120,0.00319,0.00014,0.00053,0.00216,0.00049,0.00128,0.00779
1700000071.180565834045410,0.00342,0.00028,0.00017,0.00378,0.00007,0.00140,0.00912
1700000071.214461326599121,0.00345,0.00020,0.00072,0.00404,0.00008,0.00181,0.01030
1700000071.248356819152832,0.00745,0.00035,0.00058,0.00458,0.00083,0.00205,0.01583
1700000071.282252311706543,0.00398,0.00021,0.00008,0.00251,0.00008,0.00152,0.00837
1700000071.316147804260254,0.00407,0.00019,0.00025,0.00443,0.00012,0.00209,0.01115
1700000071.350043296813965,0.00476,0.00020,0.00003,0.00415,0.00013,0.00199,0.01127
1700000071.383938789367676,0.00364,0.00029,0.00010,0.00497,0.00015,0.00170,0.01085
1700000071.417834281921387,0.00323,0.00017,0.00003,0.00259,0.00005,0.00139,0.00747
1700000071.451729774475098,0.00551,0.00029,0.00003,0.00603,0.00008,0.00214,0.01409
1700000071.485625267028809,0.00261,0.00015,0.00009,0.00270,0.00009,0.00130,0.00693
1700000071.519520759582520,0.00339,0.00023,0.00002,0.00299,0.00003,0.00126,0.00793
1700000071.553416252136230,0.00376,0.00020,0.00011,0.00349,0.00006,0.00120,0.00882
1700000071.587311744689941,0.00590,0.00021,0.00008,0.00345,0.00010,0.00190,0.01164
1700000071.621207237243652,0.00282,0.00014,0.00009,0.00224,0.00007,0.00128,0.00665
1700000071.655102729797363,0.00413,0.00025,0.00021,0.00490,0.00016,0.00271,0.01235
1700000071.688998222351074,0.00657,0.00033,0.00004,0.00512,0.00013,0.00205,0.01424
1700000071.722893714904785,0.00350,0.00020,0.00010,0.00259,0.00010,0.00237,0.00887
1700000071.756789445877075,0.00325,0.00022,0.00008,0.00401,0.00010,0.00167,0.00934
1700000071.790684938430786,0.00587,0.00022,0.00015,0.00214,0.00006,0.00121,0.00967
1700000071.824580430984497,0.00315,0.00020,0.00002,0.00405,0.00008,0.00148,0.00898
1700000071.858475923538208,0.00264,0.00015,0.00005,0.00194,0.00004,0.00132,0.00614
1700000071.892371416091919,0.00368,0.00019,0.00008,0.00234,0.00006,0.00136,0.00771
1700000071.926266908645630,0.00586,0.00022,0.00023,0.00317,0.00005,0.00206,0.01158
1700000071.960162401199341,0.00419,0.00022,0.00018,0.00175,0.00006,0.00133,0.00774
1700000071.994057893753052,0.00407,0.00025,0.00008,0.00282,0.00011,0.00190,0.00923
1700000072.027953386306763,0.00558,0.00016,0.00014,0.00278,0.00105,0.00206,0.01177
1700000072.061848878860474,0.00383,0.00019,0.00007,0.00165,0.00011,0.00128,0.00713
1700000072.095744371414185,0.00279,0.00014,0.00009,0.00159,0.00045,0.00124,0.00630
1700000072.129639863967896,0.00499,0.00026,0.00061,0.00262,0.00269,0.00190,0.01309
1700000072.163535356521606,0.00505,0.00020,0.00022,0.00343,0.00089,0.00220,0.01199
1700000072.197430849075317,0.00331,0.00012,0.00010,0.00163,0.00046,0.00140,0.00703
1700000072.231326341629028,0.00297,0.00016,0.00016,0.00161,0.00002,0.00139,0.00630
1700000072.265221834182739,0.00636,0.00021,0.00012,0.00310,0.00083,0.00246,0.01308
1700000072.299117326736450,0.00377,0.00019,0.00053,0.00257,0.00004,0.00135,0.00844
1700000072.333013057708740,0.00359,0.00015,0.00011,0.00181,0.00164,0.00130,0.00860
1700000072.366908550262451,0.00527,0.00027,0.00016,0.00376,0.00235,0.00197,0.01378
1700000072.400804042816162,0.00358,0.00026,0.00010,0.00369,0.00011,0.00237,0.01011
1700000072.434699535369873,0.00383,0.00023,0.00118,0.00325,0.00126,0.00215,0.01190
1700000072.468595027923584,0.00422,0.00019,0.00007,0.00381,0.00094,0.00195,0.01118
1700000072.502490520477295,0.00536,0.00022,0.00019,0.00253,0.00054,0.00127,0.01011
1700000072.536386013031006,0.00268,0.00014,0.00039,0.00191,0.00046,0.00124,0.00681
1700000072.570281505584717,0.00303,0.00017,0.00003,0.00223,0.00050,0.00126,0.00722
1700000072.604176998138428,0.00494,0.00033,0.00018,0.00373,0.00162,0.00205,0.01285
1700000072.638072490692139,0.00335,0.00021,0.00002,0.00331,0.00100,0.00130,0.00919
1700000072.671967983245850,0.00314,0.00023,0.00065,0.00252,0.00049,0.00120,0.00823
1700000072.705863475799561,0.00413,0.00013,0.00031,0.00356,0.00004,0.00201,0.01018
1700000072.739758968353271,0.00333,0.00013,0.00053,0.00238,0.00093,0.00124,0.00855
1700000072.773654460906982,0.00352,0.00025,0.00034,0.00361,0.00004,0.00142,0.00918
1700000072.807549953460693,0.00426,0.00019,0.00047,0.00380,0.00008,0.00176,0.01057
1700000072.841445446014404,0.00706,0.00032,0.00012,0.00597,0.00013,0.00293,0.01653
1700000072.875341176986694,0.00332,0.00020,0.00007,0.00211,0.00005,0.00123,0.00698
1700000072.909236669540405,0.00338,0.00025,0.00007,0.00402,0.00082,0.00176,0.01031
1700000072.943132162094116,0.00491,0.00030,0.00146,0.00340,0.00105,0.00217,0.01329
1700000072.977027654647827,0.00413,0.00021,0.00009,0.00434,0.00169,0.00259,0.01306
1700000073.010923147201538,0.00399,0.00031,0.00016,0.00481,0.00005,0.00201,0.01133
1700000073.044818639755249,0.00359,0.00015,0.00006,0.00347,0.00003,0.00186,0.00916
1700000073.078714132308960,0.00678,0.00034,0.00024,0.00627,0.00006,0.00202,0.01571
1700000073.112609624862671,0.00310,0.00015,0.00006,0.00265,0.00002,0.00123,0.00723
1700000073.146505117416382,0.00380,0.00026,0.00024,0.00576,0.00005,0.00204,0.01215
1700000073.180400609970093,0.00462,0.00017,0.00017,0.00266,0.00002,0.00128,0.00893
1700000073.214296102523804,0.00291,0.00015,0.00008,0.00258,0.00004,0.00118,0.00693
1700000073.248191595077515,0.00388,0.00028,0.00016,0.00290,0.00004,0.00131,0.00858
1700000073.282087087631226,0.00442,0.00036,0.00026,0.00360,0.00005,0.00139,0.01008
1700000073.315982580184937,0.00356,0.00015,0.00010,0.00214,0.00003,0.00122,0.00721
1700000073.349878072738647,0.00291,0.00014,0.00006,0.00217,0.00056,0.00178,0.00763
1700000073.383773803710938,0.00330,0.00019,0.00013,0.00275,0.00001,0.00124,0.00761
1700000073.417669296264648,0.00608,0.00023,0.00017,0.00403,0.00010,0.00204,0.01264
1700000073.451564788818359,0.00382,0.00012,0.00006,0.00201,0.00003,0.00136,0.00741
1700000073.485460281372070,0.00323,0.00014,0.00030,0.00197,0.00005,0.00143,0.00712
1700000073.519355773925781,0.00569,0.00023,0.00002,0.00248,0.00004,0.00193,0.01040
1700000073.553251266479492,0.00353,0.00020,0.00010,0.00333,0.00102,0.00143,0.00961
1700000073.587146759033203,0.00314,0.00020,0.00013,0.00212,0.00051,0.00130,0.00740
1700000073.621042251586914,0.00411,0.00017,0.00010,0.00206,0.00006,0.00161,0.00811
1700000073.654937744140625,0.00653,0.00032,0.00020,0.00392,0.00108,0.00271,0.01476
1700000073.688833236694336,0.00364,0.00018,0.00019,0.00320,0.00164,0.00264,0.01150
1700000073.722728729248047,0.00347,0.00017,0.00015,0.00237,0.00003,0.00148,0.00768
1700000073.756624221801758,0.00437,0.00014,0.00036,0.00199,0.00088,0.00129,0.00903
1700000073.790519714355469,0.00329,0.00014,0.00009,0.00220,0.00087,0.00126,0.00785
1700000073.824415206909180,0.00518,0.00026,0.00034,0.00306,0.00097,0.00203,0.01184
1700000073.858310699462891,0.00350,0.00010,0.00004,0.00179,0.00046,0.00130,0.00721
1700000073.892206430435181,0.00396,0.00015,0.00016,0.00170,0.00007,0.00143,0.00747
1700000073.926101922988892,0.00386,0.00023,0.00017,0.00276,0.00068,0.00159,0.00929
1700000073.959997415542603,0.00483,0.00020,0.00017,0.00333,0.00085,0.00204,0.01143
1700000073.993892908096313,0.00320,0.00018,0.00016,0.00187,0.00056,0.00131,0.00727
1700000074.027788400650024,0.00391,0.00023,0.00018,0.00253,0.00009,0.00196,0.00890
1700000074.061683893203735,0.00398,0.00015,0.00029,0.00242,0.00205,0.00183,0.01072
1700000074.095579385757446,0.00296,0.00011,0.00006,0.00187,0.00092,0.00156,0.00748
1700000074.129474878311157,0.00345,0.00027,0.00009,0.00382,0.00196,0.00172,0.01131
1700000074.163370370864868,0.00309,0.00019,0.00007,0.00374,0.00106,0.00221,0.01036
1700000074.197265863418579,0.00532,0.00021,0.00010,0.00396,0.00004,0.00202,0.01165
1700000074.231161355972290,0.00292,0.00015,0.00005,0.00226,0.00005,0.00125,0.00668
1700000074.265056848526001,0.00357,0.00015,0.00007,0.00315,0.00079,0.00187,0.00961
1700000074.298952341079712,0.00393,0.00021,0.00260,0.00379,0.00010,0.00184,0.01247
1700000074.332847833633423,0.00304,0.00022,0.00081,0.00437,0.00076,0.00143,0.01063
1700000074.366743326187134,0.00322,0.00022,0.00006,0.00274,0.00067,0.00178,0.00870
1700000074.400639057159424,0.00384,0.00024,0.00010,0.00257,0.00004,0.00130,0.00809
1700000074.434534549713135,0.00333,0.00021,0.00008,0.00393,0.00006,0.00132,0.00893
1700000074.468430042266846,0.00373,0.00023,0.00028,0.00430,0.00007,0.00185,0.01045
1700000074.502325534820557,0.00347,0.00026,0.00003,0.00464,0.00005,0.00177,0.01022
1700000074.536221027374268,0.00481,0.00020,0.00008,0.00488,0.00009,0.00210,0.01216
1700000074.570116519927979,0.00308,0.00015,0.00009,0.00246,0.00004,0.00129,0.00711
1700000074.604012012481689,0.00325,0.00026,0.00013,0.00589,0.00009,0.00259,0.01221
1700000074.637907505035400,0.00443,0.00023,0.00002,0.00494,0.00009,0.00202,0.01174
1700000074.671802997589111,0.00396,0.00021,0.00010,0.00453,0.00008,0.00233,0.01121
1700000074.705698490142822,0.00394,0.00020,0.00023,0.00380,0.00007,0.00170,0.00996
1700000074.739593982696533,0.00426,0.00032,0.00017,0.00664,0.00010,0.00276,0.01425
1700000074.773489475250244,0.00403,0.00016,0.00008,0.00405,0.00006,0.00183,0.01020
1700000074.807384967803955,0.00349,0.00030,0.00016,0.00412,0.00006,0.00185,0.00999
1700000074.841280460357666,0.00414,0.00034,0.00008,0.00433,0.00006,0.00205,0.01101
1700000074.875175952911377,0.00487,0.00021,0.00015,0.00463,0.00007,0.00205,0.01198
1700000074.909071445465088,0.00296,0.00013,0.00006,0.00260,0.00004,0.00138,0.00717
1700000074.942967176437378,0.00321,0.00022,0.00053,0.00335,0.00006,0.00186,0.00923
1700000074.976862668991089,0.00533,0.00026,0.00017,0.00498,0.00008,0.00190,0.01273
1700000075.010758161544800,0.00275,0.00013,0.00007,0.00248,0.00003,0.00125,0.00671
1700000075.044653654098511,0.00353,0.00020,0.00010,0.00419,0.00006,0.00172,0.00981
1700000075.078549146652222,0.00525,0.00032,0.00012,0.00510,0.00008,0.00191,0.01277
1700000075.112444639205933,0.00599,0.00023,0.00181,0.00443,0.00006,0.00188,0.01441
1700000075.146340131759644,0.00355,0.00019,0.00091,0.00291,0.00005,0.00148,0.00908
1700000075.180235624313354,0.00309,0.00018,0.00013,0.00333,0.00004,0.00191,0.00866
1700000075.214131116867065,0.00509,0.00018,0.00026,0.00260,0.00005,0.00138,0.00956
1700000075.248026609420776,0.00412,0.00027,0.00016,0.00365,0.00011,0.00173,0.01005
1700000075.281922101974487,0.00407,0.00018,0.00006,0.00239,0.00013,0.00193,0.00877
1700000075.315817594528198,0.00624,0.00029,0.00025,0.00375,0.00005,0.00207,0.01266
1700000075.349713087081909,0.00437,0.00019,0.00020,0.00230,0.00050,0.00138,0.00895
1700000075.383608579635620,0.00409,0.00022,0.00049,0.00181,0.00053,0.00153,0.00866
1700000075.417504072189331,0.00432,0.00023,0.00002,0.00319,0.00092,0.00229,0.01097
1700000075.451399803161621,0.00625,0.00020,0.00021,0.00311,0.00009,0.00209,0.01196
1700000075.485295295715332,0.00416,0.00018,0.00063,0.00289,0.00063,0.00136,0.00985
1700000075.519190788269043,0.00482,0.00036,0.00093,0.00340,0.00173,0.00265,0.01390
1700000075.553086280822754,0.00489,0.00022,0.00018,0.00283,0.00045,0.00178,0.01036
1700000075.586981773376465,0.00382,0.00013,0.00006,0.00167,0.00043,0.00130,0.00741
1700000075.620877265930176,0.00349,0.00022,0.00036,0.00177,0.00125,0.00125,0.00834
1700000075.654772758483887,0.00340,0.00017,0.00008,0.00210,0.00051,0.00142,0.00769
1700000075.688668251037598,0.00739,0.00021,0.00011,0.00410,0.00016,0.00194,0.01391
1700000075.722563743591309,0.00492,0.00021,0.00013,0.00306,0.00144,0.00150,0.01126
1700000075.756459236145020,0.00428,0.00019,0.00015,0.00371,0.00011,0.00203,0.01047
1700000075.790354728698730,0.00649,0.00027,0.00014,0.00430,0.00085,0.00233,0.01438
1700000075.824250221252441,0.00328,0.00021,0.00008,0.00382,0.00009,0.00149,0.00898
1700000075.858145713806152,0.00251,0.00015,0.00006,0.00208,0.00052,0.00128,0.00661
1700000075.892041206359863,0.00452,0.00023,0.00013,0.00411,0.00071,0.00169,0.01140
1700000075.925936698913574,0.00266,0.00013,0.00015,0.00221,0.00004,0.00138,0.00656
1700000075.959832191467285,0.00326,0.00022,0.00006,0.00391,0.00006,0.00143,0.00896
1700000075.993727922439575,0.00362,0.00016,0.00002,0.00333,0.00011,0.00198,0.00922
1700000076.027623414993286,0.00463,0.00027,0.00008,0.00470,0.00015,0.00247,0.01231
1700000076.061518907546997,0.00331,0.00020,0.00015,0.00294,0.00009,0.00126,0.00794
1700000076.095414400100708,0.00336,0.00014,0.00014,0.00217,0.00008,0.00137,0.00726
1700000076.129309892654419,0.00541,0.00024,0.00028,0.00452,0.00015,0.00198,0.01257
1700000076.163205385208130,0.00372,0.00021,0.00018,0.00361,0.00011,0.00245,0.01027
1700000076.197100877761841,0.00347,0.00020,0.00007,0.00348,0.00000,0.00147,0.00869
1700000076.230996370315552,0.00428,0.00016,0.00012,0.00291,0.00006,0.00208,0.00961
1700000076.264891862869263,0.00331,0.00015,0.00002,0.00196,0.00008,0.00126,0.00678
1700000076.298787355422974,0.00328,0.00025,0.00008,0.00365,0.00011,0.00266,0.01004
1700000076.332682847976685,0.00507,0.00027,0.00010,0.00329,0.00010,0.00194,0.01077
1700000076.366578340530396,0.00710,0.00021,0.00010,0.00340,0.00011,0.00170,0.01263
1700000076.400473833084106,0.00388,0.00023,0.00002,0.00197,0.00046,0.00136,0.00792
1700000076.434369325637817,0.00330,0.00015,0.00030,0.00181,0.00005,0.00127,0.00687
1700000076.468264818191528,0.00550,0.00028,0.00013,0.00440,0.00301,0.00200,0.01532
1700000076.502160310745239,0.00367,0.00023,0.00034,0.00215,0.00007,0.00135,0.00782
1700000076.536055803298950,0.00454,0.00020,0.00011,0.00384,0.00010,0.00239,0.01119
1700000076.569951534271240,0.00665,0.00024,0.00014,0.00346,0.00008,0.00176,0.01233
1700000076.603847026824951,0.00685,0.00023,0.00024,0.00430,0.00100,0.00275,0.01537
1700000076.637742519378662,0.00373,0.00013,0.00033,0.00187,0.00053,0.00152,0.00811
1700000076.671638011932373,0.00418,0.00020,0.00017,0.00327,0.00015,0.00218,0.01015
1700000076.705533504486084,0.00460,0.00019,0.00015,0.00199,0.00083,0.00123,0.00899
1700000076.739428997039795,0.00457,0.00020,0.00013,0.00241,0.00053,0.00135,0.00920
1700000076.773324489593506,0.00458,0.00021,0.00011,0.00295,0.00006,0.00186,0.00978
1700000076.807219982147217,0.00557,0.00029,0.00014,0.00348,0.00005,0.00149,0.01101
1700000076.841115474700928,0.00385,0.00018,0.00015,0.00191,0.00004,0.00137,0.00751
1700000076.875010967254639,0.00281,0.00017,0.00009,0.00183,0.00049,0.00128,0.00668
1700000076.908906459808350,0.00435,0.00033,0.00032,0.00416,0.00102,0.00207,0.01224
1700000076.942801952362061,0.00628,0.00032,0.00014,0.00264,0.00007,0.00261,0.01207
1700000076.976697444915771,0.00271,0.00013,0.00006,0.00190,0.00047,0.00129,0.00657
1700000077.010592937469482,0.00315,0.00018,0.00007,0.00202,0.00006,0.00141,0.00689
1700000077.044488430023193,0.00497,0.00022,0.00016,0.00352,0.00055,0.00165,0.01107
1700000077.078383922576904,0.00299,0.00014,0.00005,0.00196,0.00090,0.00126,0.00731
1700000077.112279415130615,0.00405,0.00022,0.00010,0.00448,0.00018,0.00269,0.01172
1700000077.146175146102905,0.00497,0.00030,0.00014,0.00490,0.00098,0.00213,0.01342
1700000077.180070638656616,0.00576,0.00027,0.00010,0.00315,0.00093,0.00133,0.01154
1700000077.213966131210327,0.00273,0.00015,0.00048,0.00234,0.00053,0.00136,0.00759
1700000077.247861623764038,0.00468,0.00044,0.00012,0.00631,0.00008,0.00253,0.01415
1700000077.281757116317749,0.00588,0.00022,0.00041,0.00462,0.00006,0.00197,0.01316
1700000077.315652608871460,0.00352,0.00015,0.00006,0.00240,0.00006,0.00126,0.00745
1700000077.349548101425171,0.00318,0.00017,0.00010,0.00280,0.00006,0.00172,0.00804
1700000077.383443593978882,0.00493,0.00025,0.00002,0.00288,0.00050,0.00200,0.01059
1700000077.417339086532593,0.00315,0.00020,0.00015,0.00364,0.00006,0.00142,0.00862
1700000077.451234579086304,0.00310,0.00013,0.00002,0.00248,0.00121,0.00183,0.00879
1700000077.485130071640015,0.00401,0.00018,0.00007,0.00364,0.00008,0.00149,0.00948
1700000077.519025564193726,0.00664,0.00023,0.00013,0.00332,0.00009,0.00182,0.01223
1700000077.552921056747437,0.00257,0.00015,0.00002,0.00242,0.00006,0.00138,0.00659
1700000077.586816549301147,0.00350,0.00015,0.00002,0.00356,0.00005,0.00201,0.00929
1700000077.620712041854858,0.00556,0.00035,0.00012,0.00524,0.00013,0.00206,0.01346
1700000077.654607534408569,0.00320,0.00019,0.00011,0.00269,0.00007,0.00142,0.00768
1700000077.688503026962280,0.00309,0.00022,0.00025,0.00488,0.00014,0.00251,0.01109
1700000077.722398757934570,0.00401,0.00023,0.00008,0.00583,0.00014,0.00202,0.01232
1700000077.756294250488281,0.00336,0.00020,0.00002,0.00313,0.00008,0.00150,0.00828
1700000077.790189743041992,0.00290,0.00020,0.00002,0.00251,0.00005,0.00147,0.00715
1700000077.824085235595703,0.00385,0.00017,0.00002,0.00361,0.00009,0.00157,0.00932
1700000077.857980728149414,0.00587,0.00029,0.00003,0.00540,0.00010,0.00289,0.01458
1700000077.891876220703125,0.00318,0.00021,0.00011,0.00424,0.00013,0.00218,0.01005
1700000077.925771713256836,0.00290,0.00016,0.00014,0.00300,0.00009,0.00193,0.00822
1700000077.959667205810547,0.00472,0.00017,0.00006,0.00292,0.00007,0.00183,0.00977
1700000077.993562698364258,0.00289,0.00013,0.00007,0.00226,0.00002,0.00125,0.00662
1700000078.027458190917969,0.00333,0.00017,0.00007,0.00218,0.00111,0.00165,0.00851
1700000078.061353683471680,0.00541,0.00037,0.00032,0.00530,0.00013,0.00210,0.01362
1700000078.095249176025391,0.00529,0.00029,0.00103,0.00416,0.00019,0.00222,0.01318
1700000078.129144668579102,0.00374,0.00020,0.00010,0.00410,0.00167,0.00167,0.01148
1700000078.163040161132812,0.00407,0.00029,0.00024,0.00512,0.00012,0.00220,0.01204
1700000078.196935653686523,0.00479,0.00029,0.00020,0.00437,0.00008,0.00207,0.01181
1700000078.230831146240234,0.00352,0.00025,0.00007,0.00442,0.00145,0.00158,0.01129
1700000078.264726638793945,0.00403,0.00023,0.00007,0.00397,0.00005,0.00198,0.01034
1700000078.298622369766235,0.00537,0.00021,0.00031,0.00242,0.00004,0.00132,0.00967
1700000078.332517862319946,0.00418,0.00014,0.00011,0.00236,0.00005,0.00127,0.00811
1700000078.366413354873657,0.00387,0.00023,0.00022,0.00414,0.00053,0.00148,0.01048
1700000078.400308847427368,0.00406,0.00022,0.00007,0.00402,0.00083,0.00184,0.01104
1700000078.434204339981079,0.00524,0.00030,0.00010,0.00405,0.00005,0.00184,0.01158
1700000078.468099832534790,0.00282,0.00014,0.00054,0.00230,0.00005,0.00144,0.00728
1700000078.501995325088501,0.00331,0.00014,0.00094,0.00278,0.00140,0.00194,0.01050
1700000078.535890817642212,0.00686,0.00040,0.00009,0.00457,0.00006,0.00196,0.01394
1700000078.569786310195923,0.00322,0.00020,0.00008,0.00449,0.00091,0.00243,0.01133
1700000078.603681802749634,0.00325,0.00024,0.00039,0.00453,0.00004,0.00180,0.01026
1700000078.637577295303345,0.00376,0.00017,0.00008,0.00295,0.00050,0.00144,0.00889
1700000078.671472787857056,0.00296,0.00015,0.00010,0.00222,0.00046,0.00122,0.00711
1700000078.705368280410767,0.00307,0.00015,0.00067,0.00234,0.00005,0.00126,0.00755
1700000078.739263772964478,0.00386,0.00030,0.00087,0.00390,0.00215,0.00183,0.01292
1700000078.773159265518188,0.00557,0.00029,0.00013,0.00540,0.00091,0.00201,0.01431
1700000078.807054996490479,0.00397,0.00031,0.00021,0.00479,0.00006,0.00259,0.01193
1700000078.840950489044189,0.00311,0.00023,0.00002,0.00513,0.00103,0.00185,0.01138
1700000078.874845981597900,0.00641,0.00027,0.00014,0.00348,0.00003,0.00192,0.01225
1700000078.908741474151611,0.00309,0.00024,0.00027,0.00318,0.00003,0.00137,0.00818
1700000078.942636966705322,0.00320,0.00026,0.00010,0.00433,0.00006,0.00158,0.00954
1700000078.976532459259033,0.00335,0.00020,0.00002,0.00303,0.00003,0.00134,0.00797
1700000079.010427951812744,0.00620,0.00022,0.00026,0.00439,0.00006,0.00189,0.01303
1700000079.044323444366455,0.00354,0.00025,0.00009,0.00272,0.00004,0.00142,0.00806
1700000079.078218936920166,0.00339,0.00019,0.00007,0.00430,0.00007,0.00215,0.01017
1700000079.112114429473877,0.00639,0.00029,0.00047,0.00476,0.00008,0.00205,0.01403
1700000079.146009922027588,0.00303,0.00024,0.00010,0.00450,0.00009,0.00195,0.00991
1700000079.179905414581299,0.00300,0.00017,0.00002,0.00291,0.00006,0.00144,0.00761
1700000079.213800907135010,0.00464,0.00019,0.00009,0.00440,0.00006,0.00192,0.01131
1700000079.247696399688721,0.00319,0.00023,0.00008,0.00457,0.00007,0.00234,0.01048
1700000079.281591892242432,0.00373,0.00022,0.00016,0.00350,0.00005,0.00137,0.00903
1700000079.315487623214722,0.00357,0.00027,0.00029,0.00503,0.00007,0.00189,0.01113
1700000079.349383115768433,0.00514,0.00022,0.00016,0.00489,0.00007,0.00205,0.01253
1700000079.383278608322144,0.00325,0.00021,0.00010,0.00435,0.00008,0.00142,0.00942
1700000079.417174100875854,0.00359,0.00014,0.00018,0.00273,0.00006,0.00164,0.00835
1700000079.451069593429565,0.00469,0.00024,0.00007,0.00455,0.00067,0.00151,0.01173
1700000079.484965085983276,0.00254,0.00014,0.00010,0.00230,0.00002,0.00122,0.00633
1700000079.518860578536987,0.00365,0.00025,0.00093,0.00286,0.00008,0.00155,0.00932
1700000079.552756071090698,0.00304,0.00017,0.00008,0.00314,0.00005,0.00194,0.00843
1700000079.586651563644409,0.00682,0.00034,0.00017,0.00573,0.00006,0.00286,0.01598
1700000079.620547056198120,0.00290,0.00017,0.00009,0.00224,0.00004,0.00134,0.00677
1700000079.654442548751831,0.00362,0.00017,0.00002,0.00351,0.00005,0.00210,0.00947
1700000079.688338041305542,0.00506,0.00020,0.00076,0.00405,0.00095,0.00210,0.01313
1700000079.722233533859253,0.00376,0.00027,0.00094,0.00325,0.00189,0.00153,0.01164
1700000079.756129026412964,0.00341,0.00023,0.00047,0.00260,0.00003,0.00191,0.00865
1700000079.790024518966675,0.00523,0.00019,0.00082,0.00364,0.00004,0.00159,0.01151
1700000079.823920011520386,0.00343,0.00025,0.00063,0.00252,0.00002,0.00135,0.00819
1700000079.857815742492676,0.00344,0.00025,0.00065,0.00318,0.00064,0.00236,0.01052
1700000079.891711235046387,0.00460,0.00021,0.00007,0.00391,0.00126,0.00151,0.01154
1700000079.925606727600098,0.00617,0.00022,0.00329,0.00465,0.00000,0.00192,0.01625
1700000079.959502220153809,0.00468,0.00024,0.00170,0.00468,0.00000,0.00188,0.01318
1700000079.993397712707520,0.00362,0.00028,0.00153,0.00556,0.00005,0.00183,0.01286
1700000080.027293205261230,0.00479,0.00018,0.00123,0.00395,0.00004,0.00196,0.01217
1700000080.061188697814941,0.00360,0.00019,0.00007,0.00412,0.00004,0.00139,0.00942
1700000080.095084190368652,0.00308,0.00014,0.00018,0.00271,0.00063,0.00143,0.00817
1700000080.128979682922363,0.00512,0.00029,0.00013,0.00426,0.00086,0.00191,0.01257
1700000080.162875175476074,0.00335,0.00033,0.00007,0.00511,0.00005,0.00270,0.01161
1700000080.196770668029785,0.00241,0.00018,0.00052,0.00254,0.00002,0.00144,0.00713
1700000080.230666160583496,0.00347,0.00034,0.00021,0.00544,0.00005,0.00248,0.01199
1700000080.264561653137207,0.00653,0.00054,0.00003,0.00638,0.00007,0.00281,0.01636
1700000080.298457145690918,0.00333,0.00022,0.00002,0.00467,0.00000,0.00141,0.00965
1700000080.332352638244629,0.00291,0.00024,0.00063,0.00253,0.00002,0.00123,0.00756
1700000080.366248369216919,0.00388,0.00015,0.00002,0.00342,0.00004,0.00187,0.00939
1700000080.400143861770630,0.00332,0.00012,0.00012,0.00260,0.00002,0.00126,0.00745
1700000080.434039354324341,0.00321,0.00022,0.00016,0.00440,0.00004,0.00162,0.00966
1700000080.467934846878052,0.00424,0.00039,0.00021,0.00571,0.00005,0.00204,0.01265
1700000080.501830339431763,0.00654,0.00019,0.00010,0.00264,0.00003,0.00180,0.01130
1700000080.535725831985474,0.00329,0.00023,0.00009,0.00331,0.00003,0.00139,0.00835
1700000080.569621324539185,0.00359,0.00032,0.00003,0.00522,0.00006,0.00211,0.01132
1700000080.603516817092896,0.00528,0.00029,0.00014,0.00506,0.00005,0.00194,0.01276
1700000080.637412309646606,0.00271,0.00014,0.00011,0.00247,0.00002,0.00141,0.00687
1700000080.671307802200317,0.00316,0.00022,0.00002,0.00269,0.00003,0.00149,0.00762
1700000080.705203294754028,0.00457,0.00028,0.00002,0.00640,0.00000,0.00225,0.01352
1700000080.739098787307739,0.00292,0.00015,0.00017,0.00251,0.00004,0.00136,0.00715
1700000080.772994279861450,0.00340,0.00021,0.00006,0.00355,0.00004,0.00141,0.00869
1700000080.806889772415161,0.00278,0.00017,0.00012,0.00269,0.00004,0.00162,0.00741
1700000080.840785264968872,0.00628,0.00031,0.00030,0.00484,0.00009,0.00210,0.01392
1700000080.874680995941162,0.00332,0.00021,0.00018,0.00438,0.00011,0.00199,0.01020
1700000080.908576488494873,0.00289,0.00017,0.00008,0.00245,0.00005,0.00123,0.00689
1700000080.942471981048584,0.00394,0.00017,0.00002,0.00373,0.00007,0.00188,0.00982
1700000080.976367473602295,0.00370,0.00022,0.00002,0.00409,0.00003,0.00142,0.00949
1700000081.010262966156006,0.00317,0.00016,0.00002,0.00265,0.00007,0.00157,0.00765
1700000081.044158458709717,0.00468,0.00017,0.00008,0.00373,0.00010,0.00187,0.01063
1700000081.078053951263428,0.00341,0.00020,0.00002,0.00308,0.00003,0.00132,0.00805
1700000081.111949443817139,0.00304,0.00021,0.00002,0.00381,0.00000,0.00155,0.00864
1700000081.145844936370850,0.00311,0.00024,0.00030,0.00491,0.00011,0.00175,0.01042
1700000081.179740428924561,0.00583,0.00030,0.00003,0.00427,0.00008,0.00238,0.01290
1700000081.213635921478271,0.00307,0.00012,0.00009,0.00223,0.00006,0.00134,0.00691
1700000081.247531414031982,0.00344,0.00022,0.00011,0.00312,0.00011,0.00186,0.00887
1700000081.281426906585693,0.00484,0.00030,0.00024,0.00483,0.00013,0.00195,0.01229
1700000081.315322399139404,0.00360,0.00022,0.00011,0.00475,0.00014,0.00265,0.01149
1700000081.349217891693115,0.00352,0.00022,0.00003,0.00291,0.00006,0.00167,0.00842
1700000081.383113622665405,0.00381,0.00018,0.00008,0.00420,0.00002,0.00123,0.00954
1700000081.417009115219116,0.00626,0.00032,0.00016,0.00538,0.00008,0.00185,0.01405
1700000081.450904607772827,0.00368,0.00013,0.00005,0.00238,0.00005,0.00138,0.00767
1700000081.484800100326538,0.00340,0.00037,0.00004,0.00404,0.00005,0.00190,0.00980
1700000081.518695592880249,0.00504,0.00030,0.00014,0.00556,0.00000,0.00310,0.01415
1700000081.552591085433960,0.00245,0.00014,0.00011,0.00223,0.00006,0.00128,0.00628
1700000081.586486577987671,0.00364,0.00021,0.00015,0.00424,0.00007,0.00191,0.01022
1700000081.620382070541382,0.00500,0.00018,0.00017,0.00326,0.00087,0.00186,0.01135
1700000081.654277563095093,0.00349,0.00016,0.00006,0.00192,0.00007,0.00126,0.00696
1700000081.688173055648804,0.00287,0.00013,0.00010,0.00203,0.00090,0.00128,0.00730
1700000081.722068548202515,0.00371,0.00016,0.00008,0.00354,0.00013,0.00209,0.00973
1700000081.755964040756226,0.00588,0.00020,0.00023,0.00197,0.00006,0.00126,0.00960
1700000081.789859533309937,0.00301,0.00012,0.00012,0.00183,0.00002,0.00132,0.00641
1700000081.823755025863647,0.00340,0.00023,0.00020,0.00359,0.00091,0.00203,0.01036
1700000081.857650518417358,0.00470,0.00017,0.00009,0.00187,0.00046,0.00135,0.00864
1700000081.891546010971069,0.00275,0.00014,0.00012,0.00176,0.00002,0.00124,0.00604
1700000081.925441503524780,0.00331,0.00020,0.00008,0.00312,0.00000,0.00137,0.00808
1700000081.959337234497070,0.00750,0.00019,0.00019,0.00312,0.00172,0.00142,0.01414
1700000081.993232727050781,0.00550,0.00030,0.00017,0.00433,0.00079,0.00190,0.01298
1700000082.027128219604492,0.00308,0.00015,0.00042,0.00174,0.00085,0.00127,0.00750
1700000082.061023712158203,0.00423,0.00015,0.00008,0.00214,0.00114,0.00169,0.00943
1700000082.094919204711914,0.00619,0.00022,0.00086,0.00401,0.00089,0.00235,0.01454
1700000082.128814697265625,0.00366,0.00025,0.00013,0.00247,0.00045,0.00127,0.00824
1700000082.162710189819336,0.00337,0.00021,0.00007,0.00428,0.00028,0.00246,0.01067
1700000082.196605682373047,0.00488,0.00017,0.00024,0.00197,0.00004,0.00155,0.00885
1700000082.230501174926758,0.00360,0.00018,0.00014,0.00261,0.00090,0.00128,0.00871
1700000082.264396667480469,0.00415,0.00013,0.00006,0.00183,0.00196,0.00165,0.00977
1700000082.298292160034180,0.00361,0.00016,0.00009,0.00335,0.00087,0.00184,0.00992
1700000082.332187652587891,0.00692,0.00043,0.00129,0.00504,0.00175,0.00179,0.01723
1700000082.366083145141602,0.00332,0.00020,0.00027,0.00327,0.00006,0.00138,0.00850
1700000082.399978637695312,0.00409,0.00018,0.00008,0.00318,0.00047,0.00122,0.00922
1700000082.433874130249023,0.00538,0.00022,0.00278,0.00399,0.00076,0.00179,0.01493
1700000082.467769622802734,0.00270,0.00015,0.00051,0.00251,0.00002,0.00128,0.00717
1700000082.501665115356445,0.00438,0.00030,0.00012,0.00596,0.00000,0.00189,0.01266
1700000082.535560846328735,0.00634,0.00033,0.00019,0.00530,0.00000,0.00203,0.01420
1700000082.569456338882446,0.00379,0.00016,0.00006,0.00236,0.00005,0.00258,0.00900
1700000082.603351831436157,0.00357,0.00017,0.00006,0.00351,0.00007,0.00206,0.00945
1700000082.637247323989868,0.00492,0.00016,0.00030,0.00384,0.00008,0.00193,0.01123
1700000082.671142816543579,0.00331,0.00013,0.00009,0.00236,0.00005,0.00128,0.00722
1700000082.705038309097290,0.00301,0.00019,0.00006,0.00273,0.00003,0.00172,0.00774
1700000082.738933801651001,0.00490,0.00026,0.00012,0.00476,0.00012,0.00270,0.01286
1700000082.772829294204712,0.00375,0.00020,0.00008,0.00253,0.00006,0.00165,0.00828
1700000082.806724786758423,0.00339,0.00023,0.00013,0.00428,0.00001,0.00178,0.00981
1700000082.840620279312134,0.00306,0.00014,0.00007,0.00244,0.00007,0.00154,0.00733
1700000082.874515771865845,0.00562,0.00017,0.00010,0.00230,0.00004,0.00129,0.00952
1700000082.908411264419556,0.00345,0.00020,0.00011,0.00377,0.00004,0.00129,0.00886
1700000082.942306756973267,0.00421,0.00021,0.00014,0.00387,0.00004,0.00155,0.01002
1700000082.976202249526978,0.00554,0.00015,0.00007,0.00280,0.00007,0.00183,0.01046
1700000083.010097742080688,0.00314,0.00015,0.00009,0.00203,0.00004,0.00125,0.00671
1700000083.043993234634399,0.00273,0.00015,0.00005,0.00201,0.00008,0.00125,0.00627
1700000083.077888727188110,0.00449,0.00036,0.00030,0.00362,0.00008,0.00237,0.01122
1700000083.111784458160400,0.00347,0.00022,0.00008,0.00338,0.00008,0.00238,0.00962
1700000083.145679950714111,0.00384,0.00026,0.00015,0.00319,0.00034,0.00267,0.01044
1700000083.179575443267822,0.00298,0.00016,0.00003,0.00252,0.00007,0.00196,0.00771
1700000083.213470935821533,0.00428,0.00015,0.00018,0.00210,0.00000,0.00130,0.00802
1700000083.247366428375244,0.00297,0.00011,0.00010,0.00157,0.00006,0.00127,0.00609
1700000083.281261920928955,0.00276,0.00015,0.00007,0.00178,0.00005,0.00147,0.00628
1700000083.315157413482666,0.00490,0.00017,0.00007,0.00230,0.00017,0.00194,0.00956
1700000083.349052906036377,0.00336,0.00011,0.00005,0.00140,0.00003,0.00119,0.00614
1700000083.382948398590088,0.00321,0.00020,0.00018,0.00268,0.00011,0.00206,0.00844
1700000083.416843891143799,0.00501,0.00027,0.00026,0.00334,0.00013,0.00283,0.01184
1700000083.450739383697510,0.00630,0.00013,0.00007,0.00127,0.00044,0.00124,0.00945
1700000083.484634876251221,0.00364,0.00017,0.00009,0.00239,0.00009,0.00220,0.00859
1700000083.518530368804932,0.00361,0.00023,0.00025,0.00293,0.00088,0.00251,0.01041
1700000083.552425861358643,0.00422,0.00016,0.00006,0.00203,0.00083,0.00129,0.00860
1700000083.586321353912354,0.00335,0.00014,0.00011,0.00161,0.00004,0.00127,0.00652
1700000083.620216846466064,0.00355,0.00012,0.00009,0.00145,0.00010,0.00140,0.00672
1700000083.654112339019775,0.00472,0.00025,0.00012,0.00285,0.00083,0.00267,0.01144
1700000083.688008069992065,0.00362,0.00018,0.00014,0.00246,0.00071,0.00241,0.00951
1700000083.721903562545776,0.00270,0.00015,0.00007,0.00142,0.00118,0.00123,0.00676
1700000083.755799055099487,0.00338,0.00021,0.00012,0.00309,0.00081,0.00157,0.00919
1700000083.789694547653198,0.00661,0.00021,0.00010,0.00318,0.00011,0.00235,0.01256
1700000083.823590040206909,0.00344,0.00019,0.00022,0.00284,0.00008,0.00130,0.00808
1700000083.857485532760620,0.00382,0.00018,0.00003,0.00293,0.00127,0.00136,0.00960
1700000083.891381025314331,0.00473,0.00023,0.00021,0.00248,0.00146,0.00135,0.01047
1700000083.925276517868042,0.00336,0.00014,0.00004,0.00180,0.00008,0.00121,0.00663
1700000083.959172010421753,0.00315,0.00014,0.00006,0.00183,0.00053,0.00129,0.00699
1700000083.993067502975464,0.00341,0.00018,0.00006,0.00206,0.00000,0.00137,0.00708
1700000084.026962995529175,0.00635,0.00022,0.00009,0.00188,0.00001,0.00132,0.00986
1700000084.060858488082886,0.00308,0.00014,0.00002,0.00184,0.00003,0.00123,0.00634
1700000084.094753980636597,0.00325,0.00023,0.00009,0.00301,0.00008,0.00160,0.00826
1700000084.128649473190308,0.00409,0.00025,0.00003,0.00367,0.00014,0.00197,0.01015
1700000084.162544965744019,0.00310,0.00014,0.00002,0.00202,0.00007,0.00136,0.00672
1700000084.196440458297729,0.00297,0.00015,0.00005,0.00186,0.00011,0.00129,0.00644
1700000084.230336189270020,0.00512,0.00018,0.00003,0.00299,0.00018,0.00197,0.01048
1700000084.264231681823730,0.00339,0.00021,0.00003,0.00349,0.00020,0.00205,0.00937
1700000084.298127174377441,0.00301,0.00020,0.00007,0.00332,0.00008,0.00161,0.00829
1700000084.332022666931152,0.00394,0.00024,0.00008,0.00430,0.00025,0.00251,0.01132
1700000084.365918159484863,0.00486,0.00020,0.00004,0.00242,0.00009,0.00123,0.00884
1700000084.399813652038574,0.00297,0.00020,0.00003,0.00277,0.00003,0.00122,0.00722
1700000084.433709144592285,0.00314,0.00021,0.00014,0.00397,0.00007,0.00276,0.01027
1700000084.467604637145996,0.00511,0.00019,0.00009,0.00296,0.00003,0.00162,0.01001
1700000084.501500129699707,0.00368,0.00011,0.00006,0.00179,0.00004,0.00124,0.00692
1700000084.535395622253418,0.00327,0.00014,0.00010,0.00202,0.00008,0.00138,0.00698
1700000084.569291114807129,0.00473,0.00035,0.00017,0.00345,0.00012,0.00233,0.01116
1700000084.603186607360840,0.00351,0.00011,0.00006,0.00165,0.00007,0.00131,0.00671
1700000084.637082099914551,0.00349,0.00023,0.00023,0.00237,0.00010,0.00127,0.00770
1700000084.670977592468262,0.00352,0.00019,0.00013,0.00282,0.00007,0.00152,0.00824
1700000084.704873085021973,0.00613,0.00024,0.00024,0.00331,0.00006,0.00301,0.01299
1700000084.738768815994263,0.00345,0.00018,0.00011,0.00225,0.00013,0.00228,0.00840
1700000084.772664308547974,0.00326,0.00014,0.00007,0.00128,0.00006,0.00128,0.00609
1700000084.806559801101685,0.00625,0.00028,0.00020,0.00311,0.00000,0.00212,0.01197
1700000084.840455293655396,0.00351,0.00017,0.00019,0.00226,0.00004,0.00232,0.00849
1700000084.874350786209106,0.00353,0.00013,0.00008,0.00123,0.00004,0.00133,0.00634
1700000084.908246278762817,0.00433,0.00032,0.00007,0.00199,0.00118,0.00226,0.01016
1700000084.942141771316528,0.00514,0.00017,0.00017,0.00194,0.00041,0.00127,0.00909
1700000084.976037263870239,0.00346,0.00013,0.00007,0.00131,0.00043,0.00127,0.00669
1700000085.009932756423950,0.00329,0.00019,0.00007,0.00147,0.00007,0.00128,0.00637
1700000085.043828248977661,0.00498,0.00016,0.00008,0.00147,0.00015,0.00132,0.00815
1700000085.077723741531372,0.00331,0.00019,0.00007,0.00274,0.00086,0.00246,0.00962
1700000085.111619234085083,0.00359,0.00023,0.00013,0.00318,0.00006,0.00253,0.00973
1700000085.145514726638794,0.00581,0.00024,0.00008,0.00253,0.00014,0.00136,0.01018
1700000085.179410219192505,0.00299,0.00015,0.00014,0.00128,0.00013,0.00118,0.00588
1700000085.213305711746216,0.00340,0.00019,0.00014,0.00218,0.00000,0.00158,0.00750
1700000085.247201204299927,0.00448,0.00027,0.00018,0.00276,0.00008,0.00211,0.00988
1700000085.281096935272217,0.00671,0.00025,0.00015,0.00311,0.00000,0.00277,0.01298
1700000085.314992427825928,0.00287,0.00013,0.00005,0.00130,0.00008,0.00120,0.00564
1700000085.348887920379639,0.00389,0.00018,0.00022,0.00156,0.00007,0.00129,0.00722
1700000085.382783412933350,0.00682,0.00023,0.00018,0.00284,0.00012,0.00283,0.01303
1700000085.416678905487061,0.00263,0.00012,0.00006,0.00117,0.00008,0.00119,0.00524
1700000085.450574398040771,0.00430,0.00022,0.00018,0.00208,0.00078,0.00190,0.00945
1700000085.484469890594482,0.00633,0.00017,0.00012,0.00192,0.00006,0.00185,0.01044
1700000085.518365383148193,0.00283,0.00010,0.00006,0.00113,0.00129,0.00122,0.00662
1700000085.552260875701904,0.00352,0.00018,0.00013,0.00251,0.00222,0.00157,0.01013
1700000085.586156368255615,0.00472,0.00023,0.00013,0.00286,0.00082,0.00213,0.01089
1700000085.620051860809326,0.00462,0.00017,0.00014,0.00238,0.00000,0.00194,0.00925
1700000085.653947353363037,0.00373,0.00027,0.00018,0.00224,0.00046,0.00131,0.00819
1700000085.687842845916748,0.00288,0.00017,0.00005,0.00226,0.00015,0.00179,0.00730
1700000085.721738338470459,0.00532,0.00018,0.00006,0.00294,0.00365,0.00203,0.01419
1700000085.755633831024170,0.00319,0.00019,0.00011,0.00334,0.00010,0.00233,0.00927
1700000085.789529561996460,0.00338,0.00016,0.00007,0.00198,0.00000,0.00146,0.00705
1700000085.823425054550171,0.00359,0.00019,0.00013,0.00373,0.00024,0.00203,0.00991
1700000085.857320547103882,0.00538,0.00019,0.00008,0.00256,0.00014,0.00147,0.00981
1700000085.891216039657593,0.00327,0.00020,0.00009,0.00337,0.00005,0.00193,0.00892
1700000085.925111532211304,0.00322,0.00016,0.00003,0.00305,0.00000,0.00145,0.00791
1700000085.959007024765015,0.00636,0.00021,0.00013,0.00363,0.00009,0.00195,0.01238
1700000085.992902517318726,0.00340,0.00018,0.00012,0.00339,0.00021,0.00269,0.00998
1700000086.026798009872437,0.00334,0.00023,0.00010,0.00266,0.00011,0.00164,0.00809
1700000086.060693502426147,0.00676,0.00025,0.00008,0.00319,0.00004,0.00126,0.01159
1700000086.094588994979858,0.00357,0.00020,0.00007,0.00332,0.00025,0.00250,0.00991
1700000086.128484487533569,0.00333,0.00021,0.00010,0.00338,0.00007,0.00154,0.00864
1700000086.162379980087280,0.00421,0.00041,0.00003,0.00322,0.00008,0.00222,0.01017
1700000086.196275472640991,0.00728,0.00021,0.00003,0.00332,0.00000,0.00187,0.01271
1700000086.230170965194702,0.00352,0.00019,0.00011,0.00257,0.00017,0.00125,0.00782
1700000086.264066457748413,0.00310,0.00017,0.00007,0.00188,0.00010,0.00135,0.00668
1700000086.297962188720703,0.00521,0.00018,0.00018,0.00348,0.00001,0.00241,0.01147
1700000086.331857681274414,0.00359,0.00021,0.00014,0.00287,0.00004,0.00136,0.00821
1700000086.365753173828125,0.00377,0.00020,0.00013,0.00271,0.00005,0.00207,0.00892
1700000086.399648666381836,0.00511,0.00026,0.00023,0.00403,0.00014,0.00274,0.01251
1700000086.433544158935547,0.00699,0.00023,0.00018,0.00342,0.00004,0.00191,0.01276
1700000086.467439651489258,0.00341,0.00020,0.00008,0.00311,0.00005,0.00262,0.00949
1700000086.501335144042969,0.00304,0.00017,0.00013,0.00231,0.00076,0.00193,0.00834
1700000086.535230636596680,0.00576,0.00052,0.00017,0.00410,0.00013,0.00252,0.01319
1700000086.569126129150391,0.00356,0.00018,0.00003,0.00300,0.00080,0.00252,0.01009
1700000086.603021621704102,0.00354,0.00017,0.00009,0.00209,0.00004,0.00177,0.00770
1700000086.636917114257812,0.00616,0.00029,0.00018,0.00318,0.00020,0.00237,0.01239
1700000086.670812606811523,0.00358,0.00014,0.00007,0.00152,0.00014,0.00128,0.00674
1700000086.704708099365234,0.00450,0.00020,0.00014,0.00322,0.00154,0.00241,0.01201
1700000086.738603591918945,0.00429,0.00023,0.00014,0.00326,0.00009,0.00260,0.01061
1700000086.772499084472656,0.00628,0.00024,0.00020,0.00310,0.00004,0.00205,0.01191
1700000086.806394815444946,0.00421,0.00018,0.00012,0.00273,0.00020,0.00158,0.00904
1700000086.840290307998657,0.00537,0.00021,0.00019,0.00281,0.00004,0.00198,0.01061
1700000086.874185800552368,0.00632,0.00026,0.00005,0.00237,0.00011,0.00205,0.01118
1700000086.908081293106079,0.00305,0.00013,0.00006,0.00150,0.00013,0.00118,0.00605
1700000086.941976785659790,0.00321,0.00019,0.00012,0.00199,0.00007,0.00166,0.00724
1700000086.975872278213501,0.00531,0.00029,0.00010,0.00240,0.00006,0.00142,0.00959
1700000087.009767770767212,0.00277,0.00013,0.00005,0.00132,0.00007,0.00119,0.00553
1700000087.043663263320923,0.00385,0.00020,0.00009,0.00249,0.00014,0.00250,0.00928
1700000087.077558755874634,0.00393,0.00026,0.00026,0.00203,0.00032,0.00205,0.00885
1700000087.111454248428345,0.00588,0.00024,0.00015,0.00274,0.00006,0.00232,0.01139
1700000087.145349740982056,0.00357,0.00012,0.00004,0.00123,0.00004,0.00133,0.00633
1700000087.179245233535767,0.00380,0.00020,0.00009,0.00205,0.00006,0.00131,0.00751
1700000087.213140726089478,0.00448,0.00017,0.00013,0.00187,0.00017,0.00191,0.00873
1700000087.247036218643188,0.00264,0.00012,0.00007,0.00122,0.00037,0.00117,0.00559
1700000087.280931711196899,0.00345,0.00020,0.00011,0.00212,0.00045,0.00136,0.00769
1700000087.314827203750610,0.00433,0.00022,0.00008,0.00242,0.00097,0.00203,0.01005
1700000087.348722934722900,0.00656,0.00025,0.00029,0.00241,0.00146,0.00188,0.01284
1700000087.382618427276611,0.00336,0.00013,0.00010,0.00137,0.00039,0.00146,0.00681
1700000087.416513919830322,0.00319,0.00015,0.00014,0.00202,0.00066,0.00191,0.00806
1700000087.450409412384033,0.00609,0.00018,0.00005,0.00170,0.00000,0.00132,0.00934
1700000087.484304904937744,0.00348,0.00018,0.00011,0.00228,0.00189,0.00141,0.00934
1700000087.518200397491455,0.00341,0.00015,0.00005,0.00188,0.00052,0.00170,0.00771
1700000087.552095890045166,0.00524,0.00025,0.00011,0.00308,0.00140,0.00183,0.01191
1700000087.585991382598877,0.00353,0.00016,0.00008,0.00184,0.00087,0.00134,0.00782
1700000087.619886875152588,0.00354,0.00021,0.00083,0.00391,0.00405,0.00153,0.01406
1700000087.653782367706299,0.00318,0.00020,0.00017,0.00265,0.00005,0.00136,0.00760
1700000087.687677860260010,0.00535,0.00022,0.00010,0.00422,0.00006,0.00176,0.01171
1700000087.721573352813721,0.00282,0.00013,0.00015,0.00237,0.00006,0.00128,0.00682
1700000087.755468845367432,0.00314,0.00014,0.00012,0.00225,0.00006,0.00127,0.00699
1700000087.789364337921143,0.00633,0.00031,0.00013,0.00549,0.00013,0.00281,0.01520
1700000087.823259830474854,0.00248,0.00016,0.00003,0.00216,0.00131,0.00123,0.00738
1700000087.857155323028564,0.00345,0.00022,0.00010,0.00382,0.00000,0.00204,0.00963
1700000087.891050815582275,0.00361,0.00023,0.00007,0.00470,0.00100,0.00278,0.01238
1700000087.924946546554565,0.00269,0.00015,0.00007,0.00228,0.00000,0.00125,0.00644
1700000087.958842039108276,0.00353,0.00019,0.00007,0.00235,0.00000,0.00138,0.00753
1700000087.992737531661987,0.00365,0.00030,0.00021,0.00454,0.00012,0.00210,0.01093
1700000088.026633024215698,0.00649,0.00016,0.00010,0.00228,0.00091,0.00123,0.01117
1700000088.060528516769409,0.00287,0.00016,0.00007,0.00270,0.00050,0.00127,0.00757
1700000088.094424009323120,0.00325,0.00025,0.00005,0.00540,0.00006,0.00252,0.01152
1700000088.128319501876831,0.00481,0.00031,0.00237,0.00441,0.00005,0.00171,0.01368
1700000088.162214994430542,0.00338,0.00014,0.00058,0.00225,0.00086,0.00124,0.00845
1700000088.196110486984253,0.00333,0.00015,0.00009,0.00252,0.00004,0.00134,0.00747
1700000088.230005979537964,0.00321,0.00023,0.00011,0.00289,0.00005,0.00146,0.00796
1700000088.263901472091675,0.00621,0.00029,0.00003,0.00510,0.00006,0.00172,0.01340
1700000088.297796964645386,0.00326,0.00020,0.00013,0.00422,0.00008,0.00240,0.01030
1700000088.331692457199097,0.00392,0.00034,0.00008,0.00387,0.00004,0.00161,0.00985
1700000088.365587949752808,0.00563,0.00025,0.00019,0.00347,0.00005,0.00126,0.01085
1700000088.399483442306519,0.00321,0.00021,0.00011,0.00392,0.00015,0.00236,0.00996
1700000088.433378934860229,0.00331,0.00022,0.00011,0.00428,0.00018,0.00257,0.01068
1700000088.467274665832520,0.00413,0.00036,0.00003,0.00391,0.00005,0.00240,0.01088
1700000088.501170158386230,0.00303,0.00021,0.00025,0.00168,0.00003,0.00133,0.00654
1700000088.535065650939941,0.00336,0.00022,0.00035,0.00312,0.00028,0.00215,0.00949
1700000088.568961143493652,0.00434,0.00024,0.00023,0.00349,0.00014,0.00161,0.01006
1700000088.602856636047363,0.00502,0.00019,0.00019,0.00219,0.00006,0.00127,0.00894
1700000088.636752128601074,0.00286,0.00014,0.00005,0.00154,0.00002,0.00123,0.00584
1700000088.670647621154785,0.00315,0.00013,0.00011,0.00148,0.00002,0.00119,0.00609
1700000088.704543113708496,0.00472,0.00016,0.00007,0.00144,0.00052,0.00126,0.00817
1700000088.738438606262207,0.00342,0.00017,0.00015,0.00193,0.00001,0.00130,0.00698
1700000088.772334098815918,0.00382,0.00019,0.00011,0.00265,0.00009,0.00200,0.00886
1700000088.806229591369629,0.00415,0.00015,0.00019,0.00195,0.00053,0.00146,0.00844
1700000088.840125083923340,0.00610,0.00020,0.00017,0.00336,0.00023,0.00167,0.01172
1700000088.874020576477051,0.00341,0.00016,0.00008,0.00243,0.00070,0.00153,0.00832
1700000088.907916069030762,0.00417,0.00024,0.00077,0.00256,0.00081,0.00221,0.01077
1700000088.941811561584473,0.00559,0.00018,0.00011,0.00253,0.00553,0.00178,0.01572
1700000088.975707054138184,0.00329,0.00013,0.00011,0.00191,0.00089,0.00152,0.00787
1700000089.009602546691895,0.00291,0.00015,0.00005,0.00212,0.00004,0.00119,0.00645
1700000089.043498277664185,0.00488,0.00017,0.00016,0.00333,0.00083,0.00201,0.01138
1700000089.077393770217896,0.00313,0.00015,0.00007,0.00204,0.00006,0.00122,0.00668
1700000089.111289262771606,0.00382,0.00015,0.00046,0.00173,0.00130,0.00147,0.00894
1700000089.145184755325317,0.00316,0.00015,0.00014,0.00179,0.00238,0.00157,0.00919
1700000089.179080247879028,0.00572,0.00020,0.00010,0.00249,0.00091,0.00130,0.01072
1700000089.212975740432739,0.00343,0.00015,0.00017,0.00206,0.00005,0.00118,0.00703
1700000089.246871232986450,0.00364,0.00014,0.00009,0.00204,0.00094,0.00136,0.00820
1700000089.280766725540161,0.00559,0.00017,0.00016,0.00249,0.00048,0.00129,0.01019
1700000089.314662218093872,0.00366,0.00012,0.00003,0.00228,0.00003,0.00133,0.00745
1700000089.348557710647583,0.00358,0.00022,0.00007,0.00425,0.00008,0.00170,0.00989
1700000089.382453203201294,0.00414,0.00015,0.00006,0.00347,0.00000,0.00153,0.00936
1700000089.416348695755005,0.00407,0.00012,0.00009,0.00228,0.00000,0.00126,0.00782
1700000089.450244188308716,0.00304,0.00013,0.00006,0.00215,0.00052,0.00130,0.00720
1700000089.484139680862427,0.00465,0.00034,0.00034,0.00405,0.00008,0.00202,0.01147
1700000089.518035173416138,0.00550,0.00023,0.00013,0.00455,0.00011,0.00217,0.01268
1700000089.551930665969849,0.00348,0.00021,0.00010,0.00276,0.00008,0.00142,0.00806
1700000089.585826158523560,0.00357,0.00025,0.00014,0.00489,0.00018,0.00254,0.01157
1700000089.619721889495850,0.00489,0.00017,0.00007,0.00296,0.00009,0.00165,0.00983
1700000089.653617382049561,0.00298,0.00013,0.00011,0.00222,0.00005,0.00125,0.00673
1700000089.687512874603271,0.00326,0.00016,0.00003,0.00250,0.00005,0.00190,0.00790
1700000089.721408367156982,0.00328,0.00020,0.00007,0.00348,0.00006,0.00183,0.00893
1700000089.755303859710693,0.00641,0.00022,0.00032,0.00376,0.00014,0.00235,0.01320
1700000089.789199352264404,0.00397,0.00019,0.00012,0.00337,0.00001,0.00159,0.00925
1700000089.823094844818115,0.00305,0.00015,0.00005,0.00294,0.00000,0.00202,0.00821
1700000089.856990337371826,0.00625,0.00019,0.00014,0.00310,0.00007,0.00157,0.01133
1700000089.890885829925537,0.00321,0.00014,0.00006,0.00203,0.00008,0.00126,0.00676
1700000089.924781322479248,0.00314,0.00017,0.00011,0.00279,0.00008,0.00182,0.00811
1700000089.958676815032959,0.00382,0.00013,0.00011,0.00192,0.00007,0.00167,0.00772
1700000089.992572307586670,0.00343,0.00020,0.00020,0.00278,0.00005,0.00138,0.00804
1700000090.026467800140381,0.00375,0.00015,0.00002,0.00172,0.00008,0.00136,0.00708
1700000090.060363292694092,0.00338,0.00015,0.00007,0.00181,0.00004,0.00135,0.00680
1700000090.094258785247803,0.00576,0.00023,0.00046,0.00296,0.00005,0.00229,0.01175
1700000090.128154277801514,0.00315,0.00014,0.00008,0.00169,0.00041,0.00131,0.00678
1700000090.162050008773804,0.00375,0.00023,0.00033,0.00333,0.00027,0.00212,0.01004
1700000090.195945501327515,0.00465,0.00023,0.00007,0.00280,0.00055,0.00134,0.00966
1700000090.229840993881226,0.00297,0.00015,0.00006,0.00154,0.00000,0.00119,0.00590
1700000090.263736486434937,0.00351,0.00022,0.00008,0.00226,0.00010,0.00130,0.00747
1700000090.297631978988647,0.00543,0.00023,0.00025,0.00300,0.00014,0.00213,0.01118
1700000090.331527471542358,0.00316,0.00014,0.00009,0.00145,0.00084,0.00123,0.00691
1700000090.365422964096069,0.00288,0.00013,0.00008,0.00160,0.00005,0.00120,0.00596
1700000090.399318456649780,0.00422,0.00034,0.00023,0.00462,0.00009,0.00292,0.01242
1700000090.433213949203491,0.00416,0.00015,0.00007,0.00182,0.00000,0.00133,0.00754
1700000090.467109441757202,0.00345,0.00023,0.00006,0.00181,0.00002,0.00147,0.00705
1700000090.501004934310913,0.00373,0.00019,0.00007,0.00307,0.00085,0.00273,0.01063
1700000090.534900426864624,0.00399,0.00015,0.00006,0.00164,0.00048,0.00135,0.00768
1700000090.568795919418335,0.00389,0.00012,0.00005,0.00167,0.00055,0.00131,0.00759
1700000090.602691411972046,0.00348,0.00019,0.00010,0.00287,0.00096,0.00161,0.00921
1700000090.636586904525757,0.00407,0.00024,0.00012,0.00404,0.00006,0.00204,0.01058
1700000090.670482397079468,0.00552,0.00020,0.00007,0.00222,0.00013,0.00167,0.00980
1700000090.704378128051758,0.00337,0.00018,0.00016,0.00314,0.00095,0.00147,0.00926
1700000090.738273620605469,0.00342,0.00015,0.00010,0.00279,0.00024,0.00200,0.00870
1700000090.772169113159180,0.00571,0.00028,0.00013,0.00336,0.00011,0.00234,0.01193
1700000090.806064605712891,0.00341,0.00018,0.00015,0.00237,0.00007,0.00135,0.00754
1700000090.839960098266602,0.00283,0.00013,0.00010,0.00176,0.00000,0.00147,0.00629
1700000090.873855590820312,0.00564,0.00023,0.00017,0.00348,0.00010,0.00226,0.01188
1700000090.907751083374023,0.00326,0.00017,0.00018,0.00284,0.00011,0.00257,0.00913
1700000090.941646575927734,0.00341,0.00019,0.00007,0.00283,0.00005,0.00239,0.00894
1700000090.975542068481445,0.00453,0.00027,0.00011,0.00402,0.00034,0.00298,0.01226
1700000091.009437561035156,0.00605,0.00028,0.00009,0.00196,0.00011,0.00237,0.01086
1700000091.043333053588867,0.00347,0.00017,0.00002,0.00271,0.00088,0.00258,0.00984
1700000091.077228546142578,0.00315,0.00020,0.00002,0.00238,0.00018,0.00192,0.00787
1700000091.111124038696289,0.00540,0.00022,0.00007,0.00259,0.00010,0.00150,0.00987
1700000091.145019531250000,0.00297,0.00012,0.00002,0.00162,0.00016,0.00133,0.00622
1700000091.178915023803711,0.00313,0.00014,0.00002,0.00165,0.00007,0.00132,0.00633
1700000091.212810754776001,0.00486,0.00024,0.00003,0.00285,0.00010,0.00232,0.01041
1700000091.246706247329712,0.00655,0.00019,0.00009,0.00282,0.00013,0.00257,0.01235
1700000091.280601739883423,0.00263,0.00013,0.00006,0.00153,0.00004,0.00119,0.00558
1700000091.314497232437134,0.00362,0.00019,0.00016,0.00293,0.00027,0.00288,0.01004
1700000091.348392724990845,0.00509,0.00031,0.00009,0.00272,0.00005,0.00154,0.00980
1700000091.382288217544556,0.00313,0.00020,0.00002,0.00274,0.00014,0.00141,0.00764
1700000091.416183710098267,0.00556,0.00022,0.00009,0.00268,0.00016,0.00244,0.01116
1700000091.450079202651978,0.00257,0.00016,0.00006,0.00157,0.00007,0.00155,0.00598
1700000091.483974695205688,0.00357,0.00019,0.00016,0.00253,0.00014,0.00150,0.00810
1700000091.517870187759399,0.00352,0.00014,0.00006,0.00145,0.00008,0.00136,0.00661
1700000091.551765680313110,0.00528,0.00025,0.00010,0.00212,0.00015,0.00147,0.00936
1700000091.585661172866821,0.00358,0.00017,0.00014,0.00248,0.00008,0.00257,0.00902
1700000091.619556665420532,0.00353,0.00011,0.00005,0.00143,0.00010,0.00157,0.00680
1700000091.653452157974243,0.00688,0.00021,0.00017,0.00205,0.00008,0.00202,0.01142
1700000091.687347650527954,0.00325,0.00017,0.00009,0.00248,0.00008,0.00160,0.00767
1700000091.721243381500244,0.00281,0.00014,0.00013,0.00134,0.00005,0.00125,0.00572
1700000091.755138874053955,0.00385,0.00020,0.00007,0.00162,0.00003,0.00155,0.00732
1700000091.789034366607666,0.00638,0.00016,0.00015,0.00223,0.00020,0.00188,0.01101
1700000091.822929859161377,0.00387,0.00016,0.00008,0.00240,0.00078,0.00265,0.00994
1700000091.856825351715088,0.00439,0.00018,0.00012,0.00269,0.00010,0.00206,0.00954
1700000091.890720844268799,0.00534,0.00029,0.00021,0.00351,0.00209,0.00217,0.01362
1700000091.924616336822510,0.00401,0.00013,0.00009,0.00139,0.00080,0.00131,0.00772
1700000091.958511829376221,0.00337,0.00019,0.00017,0.00253,0.00409,0.00241,0.01276
1700000091.992407321929932,0.00381,0.00019,0.00006,0.00295,0.00098,0.00138,0.00938
1700000092.026302814483643,0.00321,0.00020,0.00013,0.00337,0.00007,0.00147,0.00846
1700000092.060198307037354,0.00358,0.00021,0.00007,0.00284,0.00000,0.00153,0.00823
1700000092.094093799591064,0.00395,0.00025,0.00018,0.00390,0.00013,0.00207,0.01047
1700000092.127989292144775,0.00464,0.00019,0.00013,0.00276,0.00009,0.00200,0.00983
1700000092.161884784698486,0.00370,0.00017,0.00008,0.00302,0.00090,0.00173,0.00960
1700000092.195780277252197,0.00350,0.00024,0.00012,0.00422,0.00030,0.00275,0.01112
1700000092.229676008224487,0.00523,0.00028,0.00012,0.00460,0.00020,0.00204,0.01248
1700000092.263571500778198,0.00319,0.00014,0.00002,0.00178,0.00003,0.00131,0.00646
1700000092.297466993331909,0.00266,0.00014,0.00005,0.00176,0.00059,0.00146,0.00666
1700000092.331362485885620,0.00437,0.00021,0.00009,0.00312,0.00008,0.00131,0.00919
1700000092.365257978439331,0.00312,0.00019,0.00007,0.00348,0.00150,0.00251,0.01086
1700000092.399153470993042,0.00345,0.00021,0.00006,0.00364,0.00010,0.00158,0.00905
1700000092.433048963546753,0.00342,0.00023,0.00015,0.00430,0.00009,0.00291,0.01110
1700000092.466944456100464,0.00492,0.00024,0.00007,0.00347,0.00004,0.00195,0.01069
1700000092.500839948654175,0.00329,0.00031,0.00004,0.00372,0.00016,0.00154,0.00907
1700000092.534735441207886,0.00315,0.00021,0.00002,0.00325,0.00012,0.00183,0.00858
1700000092.568630933761597,0.00402,0.00016,0.00003,0.00313,0.00015,0.00202,0.00950
1700000092.602526426315308,0.00317,0.00018,0.00008,0.00376,0.00023,0.00215,0.00957
1700000092.636421918869019,0.00303,0.00021,0.00003,0.00367,0.00027,0.00199,0.00920
1700000092.670317411422729,0.00311,0.00014,0.00003,0.00257,0.00004,0.00179,0.00768
1700000092.704212903976440,0.00598,0.00029,0.00017,0.00388,0.00022,0.00207,0.01262
1700000092.738108396530151,0.00312,0.00019,0.00004,0.00371,0.00014,0.00272,0.00991
1700000092.772004127502441,0.00334,0.00023,0.00008,0.00425,0.00009,0.00237,0.01036
1700000092.805899620056152,0.00452,0.00021,0.00005,0.00356,0.00013,0.00198,0.01045
1700000092.839795112609863,0.00226,0.00013,0.00005,0.00202,0.00009,0.00155,0.00611
1700000092.873690605163574,0.00329,0.00022,0.00004,0.00306,0.00004,0.00155,0.00819
1700000092.907586097717285,0.00531,0.00015,0.00002,0.00219,0.00010,0.00132,0.00909
1700000092.941481590270996,0.00342,0.00019,0.00007,0.00355,0.00010,0.00142,0.00875
1700000092.975377082824707,0.00320,0.00021,0.00007,0.00366,0.00018,0.00209,0.00941
1700000093.009272575378418,0.00382,0.00025,0.00030,0.00500,0.00031,0.00227,0.01194
1700000093.043168067932129,0.00522,0.00021,0.00010,0.00374,0.00023,0.00195,0.01146
1700000093.077063560485840,0.00282,0.00015,0.00006,0.00202,0.00003,0.00131,0.00640
1700000093.110959053039551,0.00320,0.00024,0.00004,0.00444,0.00026,0.00280,0.01099
1700000093.144854545593262,0.00497,0.00023,0.00017,0.00205,0.00006,0.00134,0.00882
1700000093.178750038146973,0.00371,0.00019,0.00009,0.00343,0.00005,0.00161,0.00909
1700000093.212645530700684,0.00402,0.00021,0.00013,0.00387,0.00009,0.00271,0.01102
1700000093.246541023254395,0.00339,0.00016,0.00007,0.00294,0.00013,0.00176,0.00845
1700000093.280436754226685,0.00604,0.00029,0.00010,0.00431,0.00000,0.00281,0.01355
1700000093.314332246780396,0.00329,0.00013,0.00007,0.00186,0.00007,0.00135,0.00676
1700000093.348227739334106,0.00341,0.00015,0.00008,0.00294,0.00143,0.00175,0.00975
1700000093.382123231887817,0.00431,0.00019,0.00010,0.00238,0.00007,0.00129,0.00834
1700000093.416018724441528,0.00349,0.00018,0.00009,0.00336,0.00026,0.00239,0.00979
1700000093.449914216995239,0.00308,0.00014,0.00011,0.00218,0.00013,0.00173,0.00737
1700000093.483809709548950,0.00490,0.00016,0.00009,0.00266,0.00004,0.00243,0.01027
1700000093.517705202102661,0.00361,0.00013,0.00004,0.00177,0.00007,0.00132,0.00694
1700000093.551600694656372,0.00382,0.00021,0.00010,0.00336,0.00021,0.00248,0.01019
1700000093.585496187210083,0.00368,0.00017,0.00007,0.00278,0.00006,0.00199,0.00876
1700000093.619391679763794,0.00506,0.00019,0.00004,0.00354,0.00011,0.00211,0.01105
1700000093.653287172317505,0.00327,0.00020,0.00009,0.00257,0.00007,0.00135,0.00755
1700000093.687182664871216,0.00344,0.00020,0.00006,0.00342,0.00000,0.00176,0.00889
1700000093.721078157424927,0.00453,0.00020,0.00016,0.00295,0.00022,0.00228,0.01035
1700000093.754973649978638,0.00338,0.00017,0.00006,0.00272,0.00004,0.00140,0.00778
1700000093.788869142532349,0.00334,0.00014,0.00013,0.00180,0.00005,0.00163,0.00708
1700000093.822764635086060,0.00467,0.00023,0.00014,0.00427,0.00019,0.00200,0.01151
1700000093.856660366058350,0.00353,0.00018,0.00006,0.00291,0.00092,0.00256,0.01016
1700000093.890555858612061,0.00336,0.00021,0.00008,0.00175,0.00005,0.00183,0.00728
1700000093.924451351165771,0.00372,0.00022,0.00023,0.00202,0.00005,0.00127,0.00751
1700000093.958346843719482,0.00547,0.00023,0.00010,0.00162,0.00094,0.00131,0.00966
1700000093.992242336273193,0.00345,0.00015,0.00007,0.00155,0.00041,0.00123,0.00685
1700000094.026137828826904,0.00253,0.00016,0.00006,0.00160,0.00004,0.00135,0.00575
1700000094.060033321380615,0.00648,0.00020,0.00011,0.00186,0.00007,0.00135,0.01007
1700000094.093928813934326,0.00338,0.00020,0.00008,0.00197,0.00043,0.00138,0.00744
1700000094.127824306488037,0.00337,0.00014,0.00014,0.00175,0.00007,0.00151,0.00699
1700000094.161719799041748,0.00293,0.00015,0.00014,0.00158,0.00088,0.00149,0.00718
1700000094.195615291595459,0.00492,0.00016,0.00006,0.00227,0.00011,0.00219,0.00971
1700000094.229510784149170,0.00326,0.00011,0.00002,0.00160,0.00057,0.00134,0.00689
1700000094.263406276702881,0.00367,0.00035,0.00004,0.00253,0.00006,0.00143,0.00807
1700000094.297301769256592,0.00388,0.00016,0.00002,0.00199,0.00065,0.00165,0.00835
1700000094.331197261810303,0.00333,0.00020,0.00007,0.00305,0.00085,0.00249,0.01000
1700000094.365092754364014,0.00332,0.00019,0.00002,0.00196,0.00013,0.00137,0.00699
1700000094.398988246917725,0.00432,0.00019,0.00007,0.00269,0.00009,0.00213,0.00949
1700000094.432883977890015,0.00371,0.00019,0.00004,0.00313,0.00020,0.00162,0.00889
1700000094.466779470443726,0.00292,0.00015,0.00007,0.00171,0.00005,0.00145,0.00635
1700000094.500674962997437,0.00419,0.00026,0.00003,0.00371,0.00012,0.00243,0.01074
1700000094.534570455551147,0.00554,0.00016,0.00002,0.00232,0.00013,0.00153,0.00970
1700000094.568465948104858,0.00275,0.00013,0.00003,0.00172,0.00007,0.00130,0.00602
1700000094.602361440658569,0.00336,0.00023,0.00009,0.00364,0.00014,0.00189,0.00935
1700000094.636256933212280,0.00598,0.00018,0.00003,0.00171,0.00016,0.00126,0.00932
1700000094.670152425765991,0.00243,0.00015,0.00005,0.00173,0.00005,0.00131,0.00572
1700000094.704047918319702,0.00309,0.00012,0.00007,0.00191,0.00004,0.00161,0.00685
1700000094.737943410873413,0.00510,0.00020,0.00010,0.00374,0.00008,0.00187,0.01108
1700000094.771838903427124,0.00312,0.00019,0.00006,0.00311,0.00016,0.00217,0.00882
1700000094.805734395980835,0.00277,0.00013,0.00006,0.00164,0.00004,0.00128,0.00592
1700000094.839629888534546,0.00454,0.00023,0.00020,0.00296,0.00011,0.00149,0.00952
1700000094.873525381088257,0.00477,0.00018,0.00012,0.00203,0.00004,0.00132,0.00846
1700000094.907420873641968,0.00371,0.00020,0.00011,0.00278,0.00004,0.00152,0.00837
1700000094.941316366195679,0.00343,0.00020,0.00010,0.00205,0.00013,0.00214,0.00805
1700000094.975211858749390,0.00489,0.00024,0.00013,0.00295,0.00009,0.00196,0.01027
1700000095.009107589721680,0.00429,0.00027,0.00012,0.00287,0.00015,0.00241,0.01013
1700000095.043003082275391,0.00401,0.00020,0.00008,0.00221,0.00015,0.00148,0.00814
1700000095.076898574829102,0.00492,0.00016,0.00006,0.00241,0.00009,0.00209,0.00973
1700000095.110794067382812,0.00557,0.00021,0.00007,0.00296,0.00006,0.00200,0.01088
1700000095.144689559936523,0.00333,0.00012,0.00009,0.00140,0.00002,0.00123,0.00619
1700000095.178585052490234,0.00454,0.00022,0.00007,0.00216,0.00011,0.00192,0.00903
1700000095.212480545043945,0.00625,0.00019,0.00010,0.00288,0.00032,0.00211,0.01184
1700000095.246376037597656,0.00384,0.00019,0.00007,0.00149,0.00010,0.00126,0.00695
1700000095.280271530151367,0.00360,0.00020,0.00007,0.00199,0.00143,0.00217,0.00948
1700000095.314167022705078,0.00469,0.00024,0.00019,0.00329,0.00008,0.00261,0.01110
1700000095.348062515258789,0.00360,0.00025,0.00009,0.00308,0.00017,0.00274,0.00993
1700000095.381958007812500,0.00327,0.00021,0.00008,0.00294,0.00005,0.00161,0.00815
1700000095.415853500366211,0.00410,0.00026,0.00005,0.00363,0.00025,0.00283,0.01111
1700000095.449748992919922,0.00541,0.00028,0.00013,0.00308,0.00025,0.00235,0.01151
1700000095.483644485473633,0.00355,0.00022,0.00005,0.00199,0.00005,0.00133,0.00718
1700000095.517539978027344,0.00345,0.00020,0.00014,0.00334,0.00005,0.00228,0.00946
1700000095.551435470581055,0.00451,0.00020,0.00012,0.00322,0.00011,0.00209,0.01024
1700000095.585331201553345,0.00339,0.00011,0.00008,0.00141,0.00006,0.00128,0.00633
1700000095.619226694107056,0.00325,0.00019,0.00008,0.00159,0.00018,0.00142,0.00672
1700000095.653122186660767,0.00420,0.00019,0.00004,0.00243,0.00010,0.00200,0.00895
1700000095.687017679214478,0.00567,0.00020,0.00008,0.00289,0.00011,0.00222,0.01117
1700000095.720913171768188,0.00275,0.00014,0.00006,0.00154,0.00005,0.00140,0.00595
1700000095.754808664321899,0.00343,0.00023,0.00008,0.00282,0.00011,0.00194,0.00862
1700000095.788704156875610,0.00610,0.00026,0.00003,0.00159,0.00003,0.00130,0.00932
1700000095.822599649429321,0.00306,0.00019,0.00007,0.00255,0.00015,0.00151,0.00754
1700000095.856495141983032,0.00327,0.00019,0.00002,0.00184,0.00020,0.00144,0.00697
1700000095.890390634536743,0.00430,0.00017,0.00006,0.00215,0.00004,0.00165,0.00837
1700000095.924286127090454,0.00242,0.00012,0.00002,0.00135,0.00015,0.00130,0.00536
1700000095.958181619644165,0.00326,0.00019,0.00003,0.00224,0.00008,0.00150,0.00730
1700000095.992077112197876,0.00368,0.00019,0.00003,0.00230,0.00014,0.00197,0.00831
1700000096.025972604751587,0.00634,0.00025,0.00008,0.00276,0.00042,0.00229,0.01214
1700000096.059868097305298,0.00313,0.00018,0.00002,0.00257,0.00013,0.00168,0.00771
1700000096.093763589859009,0.00307,0.00019,0.00002,0.00302,0.00013,0.00203,0.00846
1700000096.127659320831299,0.00449,0.00022,0.00002,0.00264,0.00007,0.00183,0.00928
1700000096.161554813385010,0.00275,0.00012,0.00002,0.00139,0.00007,0.00128,0.00563
1700000096.195450305938721,0.00331,0.00018,0.00002,0.00265,0.00006,0.00240,0.00863
1700000096.229345798492432,0.00445,0.00026,0.00003,0.00294,0.00016,0.00172,0.00957
1700000096.263241291046143,0.00311,0.00029,0.00002,0.00209,0.00019,0.00161,0.00730
1700000096.297136783599854,0.00323,0.00018,0.00002,0.00228,0.00006,0.00138,0.00715
1700000096.331032276153564,0.00403,0.00029,0.00011,0.00358,0.00034,0.00247,0.01081
1700000096.364927768707275,0.00572,0.00022,0.00009,0.00272,0.00012,0.00230,0.01117
1700000096.398823261260986,0.00268,0.00012,0.00005,0.00134,0.00006,0.00125,0.00551
1700000096.432718753814697,0.00324,0.00021,0.00011,0.00138,0.00021,0.00135,0.00650
1700000096.466614246368408,0.00579,0.00027,0.00009,0.00246,0.00006,0.00179,0.01045
1700000096.500509738922119,0.00287,0.00011,0.00007,0.00136,0.00005,0.00128,0.00573
1700000096.534405231475830,0.00349,0.00020,0.00009,0.00267,0.00012,0.00193,0.00851
1700000096.568300724029541,0.00390,0.00017,0.00009,0.00230,0.00011,0.00205,0.00862
1700000096.602196216583252,0.00678,0.00031,0.00019,0.00334,0.00006,0.00291,0.01360
1700000096.636091947555542,0.00321,0.00018,0.00011,0.00252,0.00015,0.00242,0.00860
1700000096.669987440109253,0.00371,0.00021,0.00010,0.00324,0.00039,0.00260,0.01025
1700000096.703882932662964,0.00649,0.00028,0.00020,0.00354,0.00007,0.00210,0.01268
1700000096.737778425216675,0.00288,0.00013,0.00007,0.00133,0.00005,0.00131,0.00577
1700000096.771673917770386,0.00352,0.00019,0.00008,0.00233,0.00007,0.00146,0.00765
1700000096.805569410324097,0.00409,0.00021,0.00010,0.00279,0.00014,0.00173,0.00906
1700000096.839464902877808,0.00332,0.00017,0.00008,0.00250,0.00036,0.00248,0.00891
1700000096.873360395431519,0.00338,0.00020,0.00007,0.00263,0.00020,0.00210,0.00859
1700000096.907255887985229,0.00297,0.00018,0.00008,0.00156,0.00007,0.00124,0.00609
1700000096.941151380538940,0.00485,0.00020,0.00009,0.00178,0.00006,0.00146,0.00844
1700000096.975046873092651,0.00251,0.00013,0.00005,0.00142,0.00011,0.00125,0.00547
1700000097.008942365646362,0.00339,0.00020,0.00002,0.00189,0.00004,0.00170,0.00724
1700000097.042837858200073,0.00453,0.00015,0.00010,0.00144,0.00006,0.00127,0.00757
1700000097.076733350753784,0.00339,0.00017,0.00008,0.00259,0.00030,0.00237,0.00891
1700000097.110628843307495,0.00335,0.00016,0.00003,0.00141,0.00042,0.00134,0.00671
1700000097.144524574279785,0.00457,0.00016,0.00002,0.00141,0.00043,0.00133,0.00791
1700000097.178420066833496,0.00345,0.00018,0.00024,0.00234,0.00000,0.00248,0.00869
1700000097.212315559387207,0.00306,0.00014,0.00010,0.00133,0.00044,0.00135,0.00641
1700000097.246211051940918,0.00367,0.00014,0.00012,0.00205,0.00431,0.00206,0.01235
1700000097.280106544494629,0.00557,0.00017,0.00052,0.00197,0.00008,0.00128,0.00960
1700000097.314002037048340,0.00341,0.00020,0.00010,0.00286,0.00007,0.00145,0.00810
1700000097.347897529602051,0.00303,0.00014,0.00027,0.00152,0.00042,0.00125,0.00662
1700000097.381793022155762,0.00357,0.00018,0.00026,0.00153,0.00049,0.00122,0.00725
1700000097.415688514709473,0.00279,0.00012,0.00006,0.00134,0.00043,0.00119,0.00593
1700000097.449584007263184,0.00376,0.00021,0.00022,0.00282,0.00020,0.00151,0.00873
1700000097.483479499816895,0.00349,0.00014,0.00014,0.00215,0.00085,0.00203,0.00881
1700000097.517374992370605,0.00509,0.00026,0.00023,0.00264,0.00082,0.00229,0.01134
1700000097.551270484924316,0.00343,0.00017,0.00012,0.00242,0.00064,0.00165,0.00842
1700000097.585165977478027,0.00282,0.00013,0.00007,0.00179,0.00125,0.00186,0.00793
1700000097.619061470031738,0.00418,0.00014,0.00041,0.00169,0.00005,0.00132,0.00781
1700000097.652956962585449,0.00304,0.00018,0.00008,0.00280,0.00078,0.00229,0.00917
1700000097.686852693557739,0.00252,0.00015,0.00008,0.00163,0.00008,0.00225,0.00670
1700000097.720748186111450,0.00544,0.00024,0.00002,0.00284,0.00000,0.00233,0.01086
1700000097.754643678665161,0.00267,0.00012,0.00004,0.00139,0.00000,0.00120,0.00543
1700000097.788539171218872,0.00261,0.00015,0.00023,0.00125,0.00186,0.00120,0.00730
1700000097.822434663772583,0.00349,0.00024,0.00009,0.00326,0.00046,0.00201,0.00954
1700000097.856330156326294,0.00534,0.00025,0.00003,0.00407,0.00176,0.00204,0.01351
1700000097.890225648880005,0.00291,0.00013,0.00048,0.00179,0.00095,0.00124,0.00751
1700000097.924121141433716,0.00247,0.00015,0.00009,0.00183,0.00002,0.00127,0.00583
1700000097.958016633987427,0.00477,0.00021,0.00052,0.00291,0.00082,0.00210,0.01133
1700000097.991912126541138,0.00345,0.00019,0.00014,0.00255,0.00052,0.00134,0.00819
1700000098.025807619094849,0.00286,0.00014,0.00009,0.00204,0.00004,0.00138,0.00655
1700000098.059703111648560,0.00394,0.00019,0.00013,0.00292,0.00077,0.00178,0.00975
1700000098.093598604202271,0.00612,0.00032,0.00011,0.00330,0.00083,0.00166,0.01233
1700000098.127494096755981,0.00344,0.00020,0.00013,0.00301,0.00000,0.00184,0.00863
1700000098.161389589309692,0.00289,0.00016,0.00006,0.00193,0.00000,0.00129,0.00632
1700000098.195285320281982,0.00542,0.00032,0.00100,0.00500,0.00117,0.00301,0.01591
1700000098.229180812835693,0.00325,0.00019,0.00004,0.00370,0.00008,0.00232,0.00959
1700000098.263076305389404,0.00284,0.00016,0.00007,0.00201,0.00091,0.00121,0.00720
1700000098.296971797943115,0.00393,0.00017,0.00016,0.00304,0.00013,0.00194,0.00938
1700000098.330867290496826,0.00338,0.00020,0.00006,0.00244,0.00006,0.00134,0.00749
1700000098.364762783050537,0.00356,0.00024,0.00013,0.00208,0.00049,0.00152,0.00801
1700000098.398658275604248,0.00302,0.00014,0.00008,0.00191,0.00004,0.00119,0.00638
1700000098.432553768157959,0.00633,0.00030,0.00016,0.00254,0.00009,0.00202,0.01144
1700000098.466449260711670,0.00338,0.00013,0.00003,0.00204,0.00007,0.00129,0.00695
1700000098.500344753265381,0.00333,0.00015,0.00005,0.00197,0.00133,0.00119,0.00803
1700000098.534240245819092,0.00546,0.00020,0.00008,0.00414,0.00089,0.00196,0.01272
1700000098.568135738372803,0.00302,0.00015,0.00006,0.00237,0.00002,0.00144,0.00706
1700000098.602031230926514,0.00273,0.00017,0.00007,0.00243,0.00051,0.00135,0.00727
1700000098.635926723480225,0.00395,0.00019,0.00009,0.00374,0.00007,0.00210,0.01013
1700000098.669822216033936,0.00327,0.00021,0.00002,0.00325,0.00005,0.00127,0.00806
1700000098.703717947006226,0.00320,0.00017,0.00015,0.00250,0.00005,0.00143,0.00751
1700000098.737613439559937,0.00412,0.00026,0.00024,0.00393,0.00000,0.00195,0.01050
1700000098.771508932113647,0.00504,0.00020,0.00014,0.00388,0.00000,0.00175,0.01102
1700000098.805404424667358,0.00274,0.00012,0.00013,0.00198,0.00005,0.00127,0.00628
1700000098.839299917221069,0.00371,0.00013,0.00041,0.00267,0.00006,0.00174,0.00872
1700000098.873195409774780,0.00464,0.00018,0.00013,0.00240,0.00005,0.00120,0.00860
1700000098.907090902328491,0.00262,0.00014,0.00005,0.00201,0.00008,0.00120,0.00610
1700000098.940986394882202,0.00318,0.00018,0.00003,0.00208,0.00004,0.00130,0.00681
1700000098.974881887435913,0.00370,0.00014,0.00009,0.00194,0.00003,0.00141,0.00730
1700000099.008777379989624,0.00607,0.00032,0.00020,0.00496,0.00012,0.00310,0.01478
1700000099.042672872543335,0.00283,0.00011,0.00033,0.00159,0.00004,0.00121,0.00610
1700000099.076568365097046,0.00356,0.00019,0.00004,0.00257,0.00048,0.00138,0.00823
1700000099.110463857650757,0.00536,0.00033,0.00009,0.00310,0.00083,0.00163,0.01134
1700000099.144359350204468,0.00344,0.00018,0.00014,0.00228,0.00001,0.00137,0.00741
1700000099.178254842758179,0.00330,0.00030,0.00074,0.00338,0.00160,0.00234,0.01166
1700000099.212150335311890,0.00520,0.00026,0.00014,0.00402,0.00005,0.00198,0.01166
1700000099.246046066284180,0.00274,0.00013,0.00010,0.00163,0.00087,0.00124,0.00671
1700000099.279941558837891,0.00291,0.00014,0.00010,0.00172,0.00046,0.00135,0.00668
1700000099.313837051391602,0.00357,0.00028,0.00027,0.00365,0.00405,0.00178,0.01360
1700000099.347732543945312,0.00772,0.00031,0.00081,0.00460,0.00165,0.00194,0.01703
1700000099.381628036499023,0.00364,0.00021,0.00017,0.00283,0.00003,0.00140,0.00829
1700000099.415523529052734,0.00346,0.00023,0.00143,0.00388,0.00227,0.00181,0.01307
1700000099.449419021606445,0.00482,0.00030,0.00229,0.00302,0.00061,0.00140,0.01245
1700000099.483314514160156,0.00397,0.00014,0.00002,0.00236,0.00049,0.00126,0.00824
1700000099.517210006713867,0.00259,0.00017,0.00081,0.00229,0.00003,0.00127,0.00715
1700000099.551105499267578,0.00390,0.00017,0.00016,0.00243,0.00056,0.00143,0.00865
1700000099.585000991821289,0.00298,0.00015,0.00005,0.00240,0.00002,0.00127,0.00687
1700000099.618896484375000,0.00304,0.00014,0.00016,0.00239,0.00004,0.00123,0.00700
1700000099.652791976928711,0.00371,0.00019,0.00011,0.00358,0.00010,0.00206,0.00975
1700000099.686687469482422,0.00477,0.00015,0.00005,0.00268,0.00006,0.00169,0.00942
1700000099.720582962036133,0.00323,0.00023,0.00085,0.00264,0.00098,0.00124,0.00917
1700000099.754478454589844,0.00362,0.00023,0.00028,0.00404,0.00173,0.00273,0.01263
1700000099.788373947143555,0.00490,0.00016,0.00014,0.00241,0.00003,0.00164,0.00928
1700000099.822269678115845,0.00281,0.00014,0.00012,0.00200,0.00002,0.00124,0.00634
1700000099.856165170669556,0.00367,0.00015,0.00003,0.00208,0.00051,0.00122,0.00765
1700000099.890060663223267,0.00379,0.00018,0.00009,0.00367,0.00008,0.00265,0.01046
1700000099.923956155776978,0.00591,0.00018,0.00015,0.00227,0.00009,0.00124,0.00984
1700000099.957851648330688,0.00328,0.00015,0.00010,0.00194,0.00000,0.00131,0.00679
1700000099.991747140884399,0.00363,0.00021,0.00018,0.00270,0.00004,0.00189,0.00865
1700000100.025642633438110,0.00426,0.00024,0.00016,0.00263,0.00004,0.00133,0.00865
1700000100.059538125991821,0.00325,0.00018,0.00006,0.00309,0.00031,0.00241,0.00930
1700000100.093433618545532,0.00357,0.00020,0.00006,0.00266,0.00006,0.00184,0.00840
1700000100.127329111099243,0.00605,0.00023,0.00026,0.00200,0.00007,0.00160,0.01022
1700000100.161224603652954,0.00323,0.00019,0.00007,0.00306,0.00011,0.00221,0.00886
1700000100.195120096206665,0.00326,0.00014,0.00005,0.00158,0.00004,0.00126,0.00633
1700000100.229015588760376,0.00400,0.00025,0.00009,0.00251,0.00018,0.00218,0.00921
1700000100.262911081314087,0.00543,0.00031,0.00027,0.00408,0.00015,0.00232,0.01257
1700000100.296806573867798,0.00344,0.00019,0.00018,0.00270,0.00027,0.00145,0.00823
1700000100.330702066421509,0.00401,0.00021,0.00013,0.00177,0.00024,0.00138,0.00774
1700000100.364597558975220,0.00486,0.00024,0.00009,0.00250,0.00005,0.00215,0.00988
1700000100.398493289947510,0.00377,0.00011,0.00004,0.00143,0.00002,0.00134,0.00670
1700000100.432388782501221,0.00302,0.00015,0.00011,0.00149,0.00000,0.00131,0.00608
1700000100.466284275054932,0.00361,0.00020,0.00007,0.00243,0.00114,0.00238,0.00982
1700000100.500179767608643,0.00530,0.00017,0.00007,0.00193,0.00005,0.00145,0.00896
1700000100.534075260162354,0.00324,0.00014,0.00003,0.00154,0.00007,0.00138,0.00639
1700000100.567970752716064,0.00323,0.00023,0.00002,0.00239,0.00009,0.00194,0.00790
1700000100.601866245269775,0.00431,0.00019,0.00007,0.00264,0.00023,0.00220,0.00966
1700000100.635761737823486,0.00267,0.00012,0.00002,0.00140,0.00009,0.00119,0.00549
1700000100.669657230377197,0.00328,0.00015,0.00005,0.00163,0.00007,0.00177,0.00696
1700000100.703552722930908,0.00493,0.00026,0.00005,0.00267,0.00023,0.00201,0.01014
1700000100.737448215484619,0.00322,0.00011,0.00003,0.00144,0.00020,0.00123,0.00623
1700000100.771343708038330,0.00302,0.00015,0.00006,0.00146,0.00002,0.00122,0.00593
1700000100.805239200592041,0.00481,0.00024,0.00004,0.00290,0.00005,0.00203,0.01008
1700000100.839134693145752,0.00293,0.00013,0.00006,0.00139,0.00003,0.00129,0.00583
1700000100.873030185699463,0.00294,0.00015,0.00008,0.00145,0.00018,0.00145,0.00625
1700000100.906925678253174,0.00452,0.00015,0.00005,0.00168,0.00004,0.00135,0.00779
1700000100.940821170806885,0.00296,0.00017,0.00002,0.00241,0.00006,0.00136,0.00697
1700000100.974716901779175,0.00276,0.00016,0.00008,0.00131,0.00005,0.00118,0.00554
1700000101.008612394332886,0.00332,0.00020,0.00006,0.00217,0.00014,0.00226,0.00815
1700000101.042507886886597,0.00610,0.00020,0.00005,0.00244,0.00014,0.00190,0.01083
1700000101.076403379440308,0.00324,0.00016,0.00005,0.00143,0.00005,0.00126,0.00620
1700000101.110298871994019,0.00312,0.00015,0.00007,0.00135,0.00017,0.00122,0.00609
1700000101.144194364547729,0.00602,0.00031,0.00014,0.00293,0.00038,0.00202,0.01179
1700000101.178089857101440,0.00358,0.00019,0.00008,0.00150,0.00000,0.00145,0.00678
1700000101.211985349655151,0.00299,0.00013,0.00004,0.00140,0.00002,0.00143,0.00602
1700000101.245880842208862,0.00403,0.00024,0.00012,0.00300,0.00000,0.00251,0.00990
1700000101.279776334762573,0.00261,0.00013,0.00002,0.00133,0.00122,0.00125,0.00657
1700000101.313671827316284,0.00359,0.00019,0.00016,0.00284,0.00005,0.00145,0.00829
1700000101.347567319869995,0.00326,0.00016,0.00007,0.00232,0.00008,0.00193,0.00783
1700000101.381462812423706,0.00631,0.00027,0.00017,0.00341,0.00077,0.00194,0.01287
1700000101.415358304977417,0.00253,0.00012,0.00005,0.00154,0.00006,0.00123,0.00553
1700000101.449253797531128,0.00313,0.00017,0.00006,0.00179,0.00006,0.00159,0.00680
1700000101.483149290084839,0.00452,0.00017,0.00006,0.00202,0.00006,0.00130,0.00814
1700000101.517044782638550,0.00334,0.00018,0.00008,0.00179,0.00090,0.00131,0.00761
1700000101.550940513610840,0.00315,0.00011,0.00004,0.00163,0.00133,0.00128,0.00754
1700000101.584836006164551,0.00325,0.00016,0.00011,0.00253,0.00000,0.00214,0.00820
1700000101.618731498718262,0.00575,0.00020,0.00016,0.00291,0.00073,0.00193,0.01169
1700000101.652626991271973,0.00291,0.00014,0.00014,0.00157,0.00002,0.00126,0.00604
1700000101.686522483825684,0.00370,0.00021,0.00016,0.00301,0.00019,0.00240,0.00968
1700000101.720417976379395,0.00408,0.00018,0.00008,0.00209,0.00006,0.00124,0.00774
1700000101.754313468933105,0.00303,0.00013,0.00007,0.00154,0.00005,0.00116,0.00599
1700000101.788208961486816,0.00349,0.00021,0.00011,0.00238,0.00000,0.00172,0.00791
1700000101.822104454040527,0.00441,0.00020,0.00021,0.00293,0.00074,0.00192,0.01042
1700000101.855999946594238,0.00376,0.00011,0.00006,0.00140,0.00003,0.00125,0.00660
1700000101.889895439147949,0.00267,0.00012,0.00009,0.00130,0.00008,0.00122,0.00549
1700000101.923790931701660,0.00367,0.00022,0.00009,0.00223,0.00007,0.00204,0.00834
1700000101.957686424255371,0.00702,0.00027,0.00017,0.00335,0.00037,0.00287,0.01406
1700000101.991581916809082,0.00347,0.00018,0.00008,0.00222,0.00004,0.00145,0.00744
1700000102.025477409362793,0.00336,0.00021,0.00008,0.00295,0.00007,0.00208,0.00874
1700000102.059373140335083,0.00456,0.00014,0.00007,0.00138,0.00112,0.00157,0.00885
1700000102.093268632888794,0.00331,0.00019,0.00048,0.00139,0.00007,0.00131,0.00675
1700000102.127164125442505,0.00315,0.00014,0.00004,0.00144,0.00006,0.00121,0.00605
1700000102.161059617996216,0.00406,0.00022,0.00008,0.00301,0.00081,0.00196,0.01015
1700000102.194955110549927,0.00369,0.00019,0.00066,0.00262,0.00047,0.00131,0.00894
1700000102.228850603103638,0.00266,0.00014,0.00011,0.00142,0.00119,0.00127,0.00680
1700000102.262746095657349,0.00359,0.00025,0.00022,0.00394,0.00091,0.00254,0.01146
1700000102.296641588211060,0.00395,0.00017,0.00002,0.00285,0.00011,0.00221,0.00933
1700000102.330537080764771,0.00255,0.00011,0.00011,0.00153,0.00009,0.00121,0.00560
1700000102.364432573318481,0.00345,0.00018,0.00002,0.00314,0.00032,0.00235,0.00946
1700000102.398328065872192,0.00598,0.00028,0.00029,0.00376,0.00000,0.00297,0.01328
1700000102.432223558425903,0.00326,0.00011,0.00012,0.00138,0.00002,0.00120,0.00610
1700000102.466119050979614,0.00353,0.00020,0.00007,0.00199,0.00004,0.00136,0.00718
1700000102.500014543533325,0.00479,0.00026,0.00019,0.00339,0.00023,0.00274,0.01161
1700000102.533910036087036,0.00551,0.00027,0.00010,0.00288,0.00009,0.00217,0.01103
1700000102.567805767059326,0.00407,0.00016,0.00006,0.00202,0.00010,0.00130,0.00771
1700000102.601701259613037,0.00361,0.00013,0.00009,0.00161,0.00009,0.00178,0.00730
1700000102.635596752166748,0.00509,0.00017,0.00007,0.00230,0.00019,0.00206,0.00988
1700000102.669492244720459,0.00306,0.00010,0.00010,0.00120,0.00004,0.00114,0.00565
1700000102.703387737274170,0.00338,0.00014,0.00007,0.00126,0.00005,0.00132,0.00623
1700000102.737283229827881,0.00450,0.00023,0.00008,0.00344,0.00019,0.00263,0.01108
1700000102.771178722381592,0.00324,0.00012,0.00007,0.00125,0.00014,0.00124,0.00607
1700000102.805074214935303,0.00432,0.00019,0.00010,0.00219,0.00005,0.00215,0.00900
1700000102.838969707489014,0.00443,0.00020,0.00002,0.00223,0.00079,0.00257,0.01024
1700000102.872865200042725,0.00650,0.00028,0.00010,0.00354,0.00011,0.00261,0.01313
1700000102.906760692596436,0.00359,0.00017,0.00002,0.00228,0.00015,0.00234,0.00854
1700000102.940656185150146,0.00263,0.00014,0.00006,0.00151,0.00009,0.00159,0.00602
1700000102.974551677703857,0.00439,0.00014,0.00002,0.00191,0.00007,0.00126,0.00779
1700000103.008447170257568,0.00310,0.00017,0.00007,0.00227,0.00010,0.00125,0.00696
1700000103.042342662811279,0.00320,0.00019,0.00006,0.00226,0.00018,0.00194,0.00783
1700000103.076238155364990,0.00491,0.00025,0.00005,0.00348,0.00011,0.00261,0.01140
1700000103.110133886337280,0.00325,0.00025,0.00007,0.00228,0.00011,0.00236,0.00831
1700000103.144029378890991,0.00339,0.00017,0.00004,0.00198,0.00015,0.00151,0.00725
1700000103.177924871444702,0.00278,0.00017,0.00008,0.00170,0.00022,0.00183,0.00679
1700000103.211820363998413,0.00450,0.00016,0.00007,0.00171,0.00005,0.00133,0.00783
1700000103.245715856552124,0.00319,0.00010,0.00005,0.00123,0.00009,0.00132,0.00599
1700000103.279611349105835,0.00312,0.00016,0.00002,0.00150,0.00008,0.00154,0.00642
1700000103.313506841659546,0.00544,0.00022,0.00014,0.00282,0.00015,0.00212,0.01090
1700000103.347402334213257,0.00396,0.00017,0.00002,0.00226,0.00018,0.00226,0.00885
1700000103.381297826766968,0.00382,0.00019,0.00006,0.00224,0.00011,0.00160,0.00801
1700000103.415193319320679,0.00495,0.00024,0.00013,0.00321,0.00108,0.00285,0.01247
1700000103.449088811874390,0.00564,0.00021,0.00014,0.00270,0.00021,0.00203,0.01093
1700000103.482984304428101,0.00346,0.00018,0.00008,0.00227,0.00074,0.00239,0.00912
1700000103.516879796981812,0.00339,0.00014,0.00002,0.00186,0.00068,0.00209,0.00818
1700000103.550775289535522,0.00501,0.00019,0.00047,0.00235,0.00021,0.00219,0.01041
1700000103.584670782089233,0.00333,0.00019,0.00040,0.00211,0.00094,0.00126,0.00823
1700000103.618566513061523,0.00376,0.00017,0.00034,0.00177,0.00051,0.00164,0.00820
1700000103.652462005615234,0.00441,0.00015,0.00007,0.00235,0.00145,0.00203,0.01047
1700000103.686357498168945,0.00338,0.00018,0.00007,0.00316,0.00082,0.00243,0.01005
1700000103.720252990722656,0.00341,0.00019,0.00016,0.00261,0.00191,0.00182,0.01011
1700000103.754148483276367,0.00365,0.00021,0.00011,0.00360,0.00010,0.00154,0.00921
1700000103.788043975830078,0.00667,0.00020,0.00011,0.00228,0.00002,0.00136,0.01065
1700000103.821939468383789,0.00367,0.00021,0.00004,0.00378,0.00091,0.00252,0.01114
1700000103.855834960937500,0.00342,0.00024,0.00012,0.00497,0.00207,0.00259,0.01341
1700000103.889730453491211,0.00685,0.00019,0.00013,0.00422,0.00009,0.00208,0.01356
1700000103.923625946044922,0.00260,0.00014,0.00011,0.00222,0.00047,0.00132,0.00686
1700000103.957521438598633,0.00361,0.00023,0.00028,0.00285,0.00011,0.00168,0.00876
1700000103.991416931152344,0.00474,0.00031,0.00301,0.00315,0.00276,0.00183,0.01581
1700000104.025312423706055,0.00578,0.00032,0.00028,0.00427,0.00000,0.00196,0.01260
1700000104.059207916259766,0.00383,0.00022,0.00018,0.00341,0.00005,0.00163,0.00932
1700000104.093103408813477,0.00345,0.00015,0.00005,0.00198,0.00062,0.00157,0.00782
1700000104.126999139785767,0.00409,0.00016,0.00012,0.00223,0.00069,0.00188,0.00917
1700000104.160894632339478,0.00291,0.00014,0.00017,0.00151,0.00050,0.00153,0.00676
1700000104.194790124893188,0.00319,0.00014,0.00010,0.00153,0.00003,0.00117,0.00617
1700000104.228685617446899,0.00496,0.00015,0.00013,0.00223,0.00006,0.00219,0.00972
1700000104.262581110000610,0.00350,0.00020,0.00005,0.00140,0.00005,0.00134,0.00653
1700000104.296476602554321,0.00353,0.00012,0.00059,0.00134,0.00042,0.00147,0.00747
1700000104.330372095108032,0.00446,0.00028,0.00018,0.00337,0.00012,0.00193,0.01034
1700000104.364267587661743,0.00501,0.00017,0.00013,0.00158,0.00006,0.00133,0.00828
1700000104.398163080215454,0.00293,0.00012,0.00005,0.00134,0.00044,0.00121,0.00611
1700000104.432058572769165,0.00332,0.00015,0.00006,0.00189,0.00000,0.00173,0.00715
1700000104.465954065322876,0.00642,0.00030,0.00022,0.00349,0.00265,0.00201,0.01509
1700000104.499849557876587,0.00330,0.00017,0.00010,0.00283,0.00012,0.00235,0.00888
1700000104.533745050430298,0.00370,0.00019,0.00002,0.00289,0.00085,0.00240,0.01004
1700000104.567640542984009,0.00393,0.00021,0.00008,0.00290,0.00008,0.00189,0.00909
1700000104.601536035537720,0.00263,0.00012,0.00010,0.00142,0.00012,0.00120,0.00559
1700000104.635431766510010,0.00374,0.00021,0.00011,0.00165,0.00011,0.00166,0.00747
1700000104.669327259063721,0.00293,0.00013,0.00013,0.00142,0.00114,0.00123,0.00700
1700000104.703222751617432,0.00521,0.00029,0.00011,0.00317,0.00092,0.00209,0.01179
1700000104.737118244171143,0.00306,0.00018,0.00006,0.00309,0.00090,0.00235,0.00964
1700000104.771013736724854,0.00334,0.00022,0.00007,0.00238,0.00007,0.00142,0.00750
1700000104.804909229278564,0.00556,0.00024,0.00008,0.00382,0.00018,0.00195,0.01184
1700000104.838804721832275,0.00251,0.00012,0.00005,0.00176,0.00047,0.00131,0.00621
1700000104.872700214385986,0.00366,0.00019,0.00007,0.00331,0.00005,0.00246,0.00974
1700000104.906595706939697,0.00350,0.00021,0.00002,0.00242,0.00012,0.00150,0.00778
1700000104.940491199493408,0.00620,0.00021,0.00008,0.00366,0.00011,0.00219,0.01245
1700000104.974386692047119,0.00385,0.00019,0.00002,0.00244,0.00004,0.00150,0.00804
1700000105.008282184600830,0.00243,0.00014,0.00002,0.00228,0.00019,0.00172,0.00678
1700000105.042177677154541,0.00599,0.00033,0.00004,0.00472,0.00031,0.00311,0.01449
1700000105.076073169708252,0.00306,0.00019,0.00002,0.00336,0.00015,0.00261,0.00939
1700000105.109968662261963,0.00304,0.00020,0.00010,0.00305,0.00013,0.00168,0.00820
1700000105.143864154815674,0.00426,0.00023,0.00009,0.00463,0.00025,0.00333,0.01279
1700000105.177759647369385,0.00295,0.00013,0.00007,0.00190,0.00005,0.00128,0.00638
1700000105.211655378341675,0.00326,0.00019,0.00006,0.00340,0.00016,0.00164,0.00872
1700000105.245550870895386,0.00357,0.00025,0.00007,0.00373,0.00006,0.00181,0.00949
1700000105.279446363449097,0.00505,0.00028,0.00005,0.00330,0.00003,0.00212,0.01083
1700000105.313341856002808,0.00325,0.00020,0.00006,0.00275,0.00015,0.00148,0.00790
1700000105.347237348556519,0.00353,0.00017,0.00007,0.00242,0.00009,0.00180,0.00808
1700000105.381132841110229,0.00579,0.00028,0.00005,0.00476,0.00005,0.00207,0.01300
1700000105.415028333663940,0.00325,0.00019,0.00008,0.00225,0.00014,0.00136,0.00729
1700000105.448923826217651,0.00330,0.00021,0.00010,0.00341,0.00021,0.00184,0.00909
1700000105.482819318771362,0.00487,0.00020,0.00005,0.00374,0.00018,0.00248,0.01152
1700000105.516714811325073,0.00336,0.00022,0.00071,0.00260,0.00007,0.00134,0.00830
1700000105.550610303878784,0.00369,0.00020,0.00013,0.00356,0.00019,0.00273,0.01049
1700000105.584505796432495,0.00289,0.00015,0.00008,0.00176,0.00005,0.00124,0.00618
1700000105.618401288986206,0.00515,0.00024,0.00012,0.00253,0.00016,0.00203,0.01023
1700000105.652296781539917,0.00279,0.00013,0.00013,0.00162,0.00004,0.00121,0.00592
1700000105.686192274093628,0.00341,0.00022,0.00003,0.00349,0.00005,0.00198,0.00918
1700000105.720087766647339,0.00438,0.00023,0.00012,0.00308,0.00020,0.00239,0.01040
1700000105.753983259201050,0.00342,0.00019,0.00014,0.00276,0.00005,0.00135,0.00791
1700000105.787878990173340,0.00408,0.00019,0.00019,0.00277,0.00005,0.00246,0.00975
1700000105.821774482727051,0.00347,0.00012,0.00003,0.00148,0.00094,0.00150,0.00755
1700000105.855669975280762,0.00602,0.00028,0.00042,0.00289,0.00084,0.00249,0.01294
1700000105.889565467834473,0.00353,0.00018,0.00017,0.00306,0.00086,0.00263,0.01043
1700000105.923460960388184,0.00350,0.00022,0.00014,0.00290,0.00076,0.00185,0.00937
1700000105.957356452941895,0.00521,0.00030,0.00021,0.00328,0.00005,0.00206,0.01109
1700000105.991251945495605,0.00309,0.00016,0.00003,0.00164,0.00047,0.00131,0.00671
1700000106.025147438049316,0.00302,0.00016,0.00014,0.00175,0.00009,0.00146,0.00662
1700000106.059042930603027,0.00502,0.00026,0.00005,0.00364,0.00153,0.00248,0.01298
1700000106.092938423156738,0.00331,0.00018,0.00011,0.00304,0.00094,0.00133,0.00892
1700000106.126833915710449,0.00376,0.00020,0.00071,0.00320,0.00131,0.00155,0.01073
1700000106.160729408264160,0.00298,0.00019,0.00014,0.00297,0.00084,0.00126,0.00840
1700000106.194624900817871,0.00656,0.00025,0.00014,0.00335,0.00005,0.00196,0.01231
1700000106.228520393371582,0.00331,0.00019,0.00015,0.00183,0.00211,0.00139,0.00899
1700000106.262415885925293,0.00415,0.00024,0.00002,0.00367,0.00076,0.00184,0.01068
1700000106.296311378479004,0.00468,0.00019,0.00010,0.00427,0.00087,0.00209,0.01220
1700000106.330206871032715,0.00358,0.00023,0.00022,0.00240,0.00092,0.00143,0.00877
1700000106.364102602005005,0.00289,0.00018,0.00010,0.00243,0.00103,0.00149,0.00812
1700000106.397998094558716,0.00426,0.00031,0.00150,0.00443,0.00082,0.00178,0.01310
1700000106.431893587112427,0.00634,0.00024,0.00073,0.00227,0.00046,0.00123,0.01127
1700000106.465789079666138,0.00387,0.00014,0.00009,0.00238,0.00000,0.00132,0.00781
1700000106.499684572219849,0.00343,0.00015,0.00006,0.00338,0.00240,0.00187,0.01130
1700000106.533580064773560,0.00739,0.00024,0.00315,0.00529,0.00000,0.00254,0.01861
1700000106.567475557327271,0.00343,0.00014,0.00007,0.00239,0.00047,0.00136,0.00787
1700000106.601371049880981,0.00333,0.00016,0.00007,0.00263,0.00055,0.00145,0.00819
1700000106.635266542434692,0.00552,0.00029,0.00179,0.00492,0.00005,0.00190,0.01446
1700000106.669162034988403,0.00339,0.00014,0.00012,0.00235,0.00004,0.00173,0.00777
1700000106.703057527542114,0.00386,0.00017,0.00014,0.00252,0.00000,0.00157,0.00826
1700000106.736953020095825,0.00586,0.00032,0.00027,0.00482,0.00011,0.00199,0.01338
1700000106.770848512649536,0.00558,0.00035,0.00010,0.00512,0.00006,0.00265,0.01386
1700000106.804744005203247,0.00325,0.00020,0.00003,0.00376,0.00017,0.00214,0.00955
1700000106.838639497756958,0.00347,0.00026,0.00010,0.00425,0.00024,0.00229,0.01061
1700000106.872534990310669,0.00474,0.00026,0.00012,0.00500,0.00000,0.00279,0.01291
1700000106.906430482864380,0.00316,0.00020,0.00002,0.00382,0.00017,0.00234,0.00971
1700000106.940326213836670,0.00329,0.00023,0.00009,0.00371,0.00007,0.00170,0.00908
1700000106.974221706390381,0.00523,0.00017,0.00002,0.00207,0.00003,0.00140,0.00893
1700000107.008117198944092,0.00339,0.00019,0.00014,0.00342,0.00026,0.00158,0.00898
1700000107.042012691497803,0.00259,0.00014,0.00006,0.00189,0.00005,0.00125,0.00600
1700000107.075908184051514,0.00309,0.00020,0.00008,0.00312,0.00009,0.00145,0.00803
1700000107.109803676605225,0.00513,0.00020,0.00008,0.00350,0.00012,0.00207,0.01111
1700000107.143699169158936,0.00283,0.00012,0.00006,0.00187,0.00011,0.00131,0.00630
1700000107.177594661712646,0.00319,0.00023,0.00006,0.00245,0.00006,0.00196,0.00795
1700000107.211490154266357,0.00532,0.00020,0.00002,0.00384,0.00015,0.00187,0.01141
1700000107.245385646820068,0.00343,0.00020,0.00004,0.00337,0.00037,0.00243,0.00984
1700000107.279281139373779,0.00319,0.00020,0.00002,0.00204,0.00000,0.00133,0.00678
1700000107.313176631927490,0.00354,0.00019,0.00003,0.00250,0.00011,0.00183,0.00821
1700000107.347072124481201,0.00529,0.00018,0.00011,0.00211,0.00006,0.00138,0.00914
1700000107.380967617034912,0.00367,0.00019,0.00011,0.00214,0.00043,0.00135,0.00790
1700000107.414863109588623,0.00374,0.00019,0.00013,0.00171,0.00011,0.00152,0.00739
1700000107.448758602142334,0.00518,0.00022,0.00020,0.00309,0.00048,0.00125,0.01041
1700000107.482654333114624,0.00412,0.00018,0.00065,0.00309,0.00086,0.00155,0.01045
1700000107.516549825668335,0.00335,0.00020,0.00050,0.00297,0.00009,0.00151,0.00862
1700000107.550445318222046,0.00460,0.00016,0.00006,0.00251,0.00287,0.00199,0.01219
1700000107.584340810775757,0.00403,0.00019,0.00008,0.00282,0.00003,0.00135,0.00851
1700000107.618236303329468,0.00393,0.00023,0.00019,0.00215,0.00010,0.00142,0.00801
1700000107.652131795883179,0.00366,0.00018,0.00005,0.00221,0.00070,0.00178,0.00858
1700000107.686027288436890,0.00445,0.00017,0.00016,0.00314,0.00000,0.00186,0.00979
1700000107.719922780990601,0.00337,0.00019,0.00008,0.00321,0.00061,0.00163,0.00910
1700000107.753818273544312,0.00403,0.00020,0.00016,0.00287,0.00068,0.00183,0.00977
1700000107.787713766098022,0.00575,0.00022,0.00075,0.00312,0.00134,0.00199,0.01318
1700000107.821609258651733,0.00369,0.00019,0.00007,0.00366,0.00009,0.00231,0.01002
1700000107.855504751205444,0.00379,0.00023,0.00120,0.00330,0.00449,0.00165,0.01466
1700000107.889400243759155,0.00388,0.00023,0.00049,0.00428,0.00015,0.00248,0.01151
1700000107.923295736312866,0.00319,0.00021,0.00007,0.00390,0.00014,0.00215,0.00966
1700000107.957191228866577,0.00345,0.00023,0.00014,0.00371,0.00006,0.00145,0.00903
1700000107.991086721420288,0.00376,0.00027,0.00017,0.00447,0.00006,0.00211,0.01084
1700000108.024982452392578,0.00588,0.00020,0.00078,0.00294,0.00129,0.00151,0.01260
1700000108.058877944946289,0.00418,0.00021,0.00039,0.00213,0.00059,0.00159,0.00909
1700000108.092773437500000,0.00417,0.00024,0.00016,0.00353,0.00084,0.00234,0.01129
1700000108.126668930053711,0.00521,0.00027,0.00009,0.00398,0.00157,0.00196,0.01309
1700000108.160564422607422,0.00336,0.00015,0.00037,0.00196,0.00046,0.00121,0.00750
1700000108.194459915161133,0.00404,0.00015,0.00006,0.00268,0.00000,0.00171,0.00864
1700000108.228355407714844,0.00578,0.00028,0.00024,0.00394,0.00030,0.00180,0.01235
1700000108.262250900268555,0.00600,0.00030,0.00027,0.00482,0.00026,0.00286,0.01451
1700000108.296146392822266,0.00371,0.00014,0.00006,0.00193,0.00005,0.00147,0.00736
1700000108.330041885375977,0.00418,0.00016,0.00013,0.00262,0.00153,0.00137,0.00999
1700000108.363937377929688,0.00501,0.00025,0.00008,0.00456,0.00126,0.00189,0.01305
1700000108.397832870483398,0.00355,0.00018,0.00006,0.00365,0.00006,0.00249,0.01000
1700000108.431728363037109,0.00342,0.00017,0.00037,0.00200,0.00046,0.00130,0.00772
1700000108.465623855590820,0.00451,0.00026,0.00025,0.00320,0.00046,0.00125,0.00993
1700000108.499519348144531,0.00372,0.00020,0.00019,0.00396,0.00011,0.00181,0.00998
1700000108.533415079116821,0.00317,0.00023,0.00008,0.00358,0.00082,0.00236,0.01024
1700000108.567310571670532,0.00300,0.00017,0.00002,0.00205,0.00094,0.00146,0.00765
1700000108.601206064224243,0.00487,0.00018,0.00008,0.00320,0.00000,0.00199,0.01032
1700000108.635101556777954,0.00339,0.00021,0.00008,0.00373,0.00011,0.00141,0.00892
1700000108.668997049331665,0.00296,0.00016,0.00015,0.00213,0.00007,0.00131,0.00678
1700000108.702892541885376,0.00420,0.00018,0.00003,0.00267,0.00018,0.00207,0.00933
1700000108.736788034439087,0.00329,0.00020,0.00008,0.00384,0.00011,0.00243,0.00996
1700000108.770683526992798,0.00326,0.00021,0.00007,0.00381,0.00017,0.00251,0.01003
1700000108.804579019546509,0.00386,0.00030,0.00011,0.00567,0.00000,0.00211,0.01205
1700000108.838474512100220,0.00542,0.00021,0.00013,0.00407,0.00004,0.00195,0.01183
1700000108.872370004653931,0.00308,0.00019,0.00014,0.00387,0.00023,0.00216,0.00966
1700000108.906265497207642,0.00383,0.00017,0.00008,0.00232,0.00008,0.00161,0.00810
1700000108.940160989761353,0.00515,0.00030,0.00009,0.00408,0.00006,0.00219,0.01188
1700000108.974056482315063,0.00331,0.00020,0.00007,0.00278,0.00003,0.00132,0.00771
1700000109.007951974868774,0.00334,0.00015,0.00006,0.00206,0.00002,0.00142,0.00705
1700000109.041847705841064,0.00406,0.00016,0.00015,0.00307,0.00016,0.00193,0.00954
1700000109.075743198394775,0.00350,0.00026,0.00005,0.00303,0.00011,0.00136,0.00831
1700000109.109638690948486,0.00288,0.00015,0.00008,0.00208,0.00012,0.00140,0.00671
1700000109.143534183502197,0.00409,0.00026,0.00007,0.00410,0.00006,0.00171,0.01030
1700000109.177429676055908,0.00586,0.00033,0.00013,0.00368,0.00009,0.00176,0.01184
1700000109.211325168609619,0.00318,0.00021,0.00007,0.00350,0.00005,0.00249,0.00949
1700000109.245220661163330,0.00350,0.00024,0.00003,0.00315,0.00004,0.00151,0.00849
1700000109.279116153717041,0.00621,0.00023,0.00015,0.00383,0.00024,0.00206,0.01271
1700000109.313011646270752,0.00358,0.00019,0.00010,0.00349,0.00016,0.00201,0.00954
1700000109.346907138824463,0.00322,0.00021,0.00006,0.00392,0.00006,0.00196,0.00944
1700000109.380802631378174,0.00481,0.00031,0.00009,0.00483,0.00010,0.00265,0.01280
1700000109.414698123931885,0.00309,0.00020,0.00007,0.00294,0.00003,0.00134,0.00767
1700000109.448593616485596,0.00371,0.00024,0.00009,0.00354,0.00027,0.00293,0.01078
1700000109.482489109039307,0.00290,0.00016,0.00006,0.00189,0.00009,0.00146,0.00657
1700000109.516384601593018,0.00610,0.00015,0.00009,0.00195,0.00058,0.00144,0.01031
1700000109.550280332565308,0.00361,0.00020,0.00010,0.00305,0.00004,0.00140,0.00841
1700000109.584175825119019,0.00389,0.00021,0.00010,0.00365,0.00013,0.00255,0.01052
1700000109.618071317672729,0.00611,0.00033,0.00015,0.00529,0.00000,0.00210,0.01398
1700000109.651966810226440,0.00333,0.00020,0.00010,0.00368,0.00005,0.00149,0.00886
1700000109.685862302780151,0.00340,0.00022,0.00011,0.00403,0.00107,0.00247,0.01130
1700000109.719757795333862,0.00590,0.00032,0.00016,0.00428,0.00092,0.00201,0.01359
1700000109.753653287887573,0.00628,0.00019,0.00014,0.00308,0.00007,0.00144,0.01120
1700000109.787548780441284,0.00292,0.00015,0.00005,0.00210,0.00000,0.00163,0.00685
1700000109.821444272994995,0.00380,0.00016,0.00008,0.00320,0.00000,0.00180,0.00905
1700000109.855339765548706,0.00649,0.00032,0.00036,0.00396,0.00012,0.00160,0.01284
1700000109.889235258102417,0.00333,0.00019,0.00014,0.00277,0.00050,0.00130,0.00823
1700000109.923130750656128,0.00337,0.00028,0.00017,0.00433,0.00093,0.00180,0.01089
1700000109.957026243209839,0.00364,0.00019,0.00012,0.00198,0.00004,0.00123,0.00720
1700000109.990921735763550,0.00317,0.00020,0.00003,0.00387,0.00014,0.00247,0.00989
1700000110.024817228317261,0.00344,0.00023,0.00015,0.00340,0.00000,0.00138,0.00860
1700000110.058712720870972,0.00295,0.00016,0.00010,0.00188,0.00003,0.00177,0.00688
1700000110.092608451843262,0.00518,0.00015,0.00006,0.00199,0.00005,0.00134,0.00876
1700000110.126503944396973,0.00388,0.00020,0.00011,0.00300,0.00005,0.00137,0.00860
1700000110.160399436950684,0.00390,0.00018,0.00012,0.00215,0.00003,0.00186,0.00824
1700000110.194294929504395,0.00349,0.00022,0.00025,0.00186,0.00003,0.00135,0.00721
1700000110.228190422058105,0.00274,0.00017,0.00008,0.00159,0.00002,0.00128,0.00588
1700000110.262085914611816,0.00332,0.00015,0.00055,0.00255,0.00167,0.00202,0.01026
1700000110.295981407165527,0.00635,0.00022,0.00092,0.00300,0.00009,0.00192,0.01250
1700000110.329876899719238,0.00379,0.00012,0.00026,0.00153,0.00008,0.00135,0.00713
1700000110.363772392272949,0.00444,0.00015,0.00013,0.00198,0.00005,0.00178,0.00853
1700000110.397667884826660,0.00701,0.00028,0.00003,0.00146,0.00045,0.00130,0.01052
1700000110.431563377380371,0.00341,0.00011,0.00005,0.00153,0.00002,0.00132,0.00646
1700000110.465458869934082,0.00355,0.00018,0.00022,0.00187,0.00004,0.00138,0.00724
1700000110.499354362487793,0.00427,0.00019,0.00029,0.00243,0.00010,0.00134,0.00862
1700000110.533249855041504,0.00278,0.00017,0.00008,0.00258,0.00008,0.00150,0.00720
1700000110.567145347595215,0.00281,0.00014,0.00009,0.00134,0.00075,0.00127,0.00641
1700000110.601041078567505,0.00342,0.00024,0.00009,0.00374,0.00014,0.00197,0.00960
1700000110.634936571121216,0.00512,0.00035,0.00010,0.00177,0.00047,0.00134,0.00915
1700000110.668832063674927,0.00348,0.00019,0.00014,0.00258,0.00014,0.00244,0.00898
1700000110.702727556228638,0.00319,0.00012,0.00006,0.00175,0.00077,0.00168,0.00757
1700000110.736623048782349,0.00551,0.00021,0.00003,0.00216,0.00057,0.00146,0.00994
1700000110.770518541336060,0.00267,0.00013,0.00005,0.00161,0.00045,0.00125,0.00616
1700000110.804414033889771,0.00284,0.00014,0.00008,0.00168,0.00005,0.00126,0.00606
1700000110.838309526443481,0.00436,0.00018,0.00007,0.00323,0.00008,0.00218,0.01010
1700000110.872205018997192,0.00599,0.00021,0.00003,0.00325,0.00011,0.00208,0.01167
1700000110.906100511550903,0.00368,0.00018,0.00002,0.00297,0.00007,0.00137,0.00830
1700000110.939996004104614,0.00446,0.00015,0.00008,0.00268,0.00007,0.00225,0.00970
1700000110.973891496658325,0.00550,0.00033,0.00003,0.00194,0.00005,0.00134,0.00919
1700000111.007786989212036,0.00370,0.00019,0.00008,0.00295,0.00022,0.00237,0.00950
1700000111.041682481765747,0.00311,0.00014,0.00005,0.00185,0.00013,0.00166,0.00694
1700000111.075577974319458,0.00584,0.00025,0.00015,0.00273,0.00017,0.00218,0.01131
1700000111.109473466873169,0.00315,0.00017,0.00008,0.00295,0.00027,0.00258,0.00921
1700000111.143369197845459,0.00352,0.00023,0.00016,0.00302,0.00013,0.00280,0.00985
1700000111.177264690399170,0.00420,0.00025,0.00013,0.00449,0.00009,0.00212,0.01128
1700000111.211160182952881,0.00591,0.00021,0.00007,0.00186,0.00002,0.00129,0.00936
1700000111.245055675506592,0.00343,0.00014,0.00006,0.00169,0.00045,0.00134,0.00712
1700000111.278951168060303,0.00394,0.00024,0.00033,0.00379,0.00006,0.00262,0.01097
1700000111.312846660614014,0.00554,0.00026,0.00011,0.00297,0.00008,0.00243,0.01139
1700000111.346742153167725,0.00391,0.00014,0.00007,0.00158,0.00004,0.00125,0.00698
1700000111.380637645721436,0.00342,0.00012,0.00005,0.00169,0.00004,0.00151,0.00684
1700000111.414533138275146,0.00447,0.00033,0.00010,0.00331,0.00018,0.00197,0.01036
1700000111.448428630828857,0.00354,0.00019,0.00008,0.00184,0.00014,0.00130,0.00709
1700000111.482324123382568,0.00374,0.00019,0.00009,0.00248,0.00006,0.00134,0.00791
1700000111.516219615936279,0.00305,0.00015,0.00014,0.00222,0.00020,0.00207,0.00784
1700000111.550115108489990,0.00615,0.00019,0.00006,0.00284,0.00025,0.00193,0.01142
1700000111.584010601043701,0.00320,0.00018,0.00016,0.00194,0.00006,0.00130,0.00684
1700000111.617906093597412,0.00282,0.00012,0.00003,0.00152,0.00007,0.00147,0.00603
1700000111.651801586151123,0.00374,0.00017,0.00016,0.00203,0.00006,0.00138,0.00754
1700000111.685697078704834,0.00277,0.00012,0.00005,0.00131,0.00002,0.00119,0.00546
1700000111.719592809677124,0.00324,0.00013,0.00002,0.00142,0.00007,0.00138,0.00626
1700000111.753488302230835,0.00326,0.00017,0.00006,0.00220,0.00009,0.00193,0.00772
1700000111.787383794784546,0.00672,0.00024,0.00007,0.00246,0.00017,0.00225,0.01190
1700000111.821279287338257,0.00352,0.00017,0.00002,0.00245,0.00020,0.00171,0.00807
1700000111.855174779891968,0.00381,0.00016,0.00009,0.00226,0.00019,0.00199,0.00849
1700000111.889070272445679,0.00507,0.00026,0.00015,0.00263,0.00010,0.00215,0.01036
1700000111.922965764999390,0.00322,0.00014,0.00006,0.00212,0.00019,0.00188,0.00761
1700000111.956861257553101,0.00333,0.00020,0.00009,0.00296,0.00036,0.00245,0.00939
1700000111.990756750106812,0.00448,0.00027,0.00005,0.00365,0.00044,0.00307,0.01197
1700000112.024652242660522,0.00371,0.00017,0.00007,0.00177,0.00008,0.00143,0.00722
1700000112.058547735214233,0.00349,0.00017,0.00002,0.00245,0.00004,0.00158,0.00775
1700000112.092443227767944,0.00397,0.00027,0.00011,0.00375,0.00013,0.00325,0.01147
1700000112.126338720321655,0.00579,0.00014,0.00006,0.00181,0.00013,0.00224,0.01015
1700000112.160234212875366,0.00291,0.00011,0.00001,0.00129,0.00007,0.00129,0.00569
1700000112.194129705429077,0.00379,0.00014,0.00003,0.00167,0.00011,0.00181,0.00756
1700000112.228025197982788,0.00521,0.00026,0.00004,0.00287,0.00021,0.00244,0.01103
1700000112.261920690536499,0.00363,0.00017,0.00002,0.00230,0.00022,0.00256,0.00890
1700000112.295816421508789,0.00328,0.00022,0.00008,0.00138,0.00011,0.00160,0.00667
1700000112.329711914062500,0.00480,0.00022,0.00003,0.00336,0.00041,0.00288,0.01170
1700000112.363607406616211,0.00322,0.00018,0.00002,0.00253,0.00033,0.00246,0.00875
1700000112.397502899169922,0.00307,0.00018,0.00002,0.00204,0.00017,0.00140,0.00688
1700000112.431398391723633,0.00400,0.00021,0.00012,0.00248,0.00012,0.00196,0.00889
1700000112.465293884277344,0.00521,0.00018,0.00002,0.00266,0.00006,0.00236,0.01050
1700000112.499189376831055,0.00294,0.00017,0.00007,0.00236,0.00014,0.00258,0.00825
1700000112.533084869384766,0.00284,0.00019,0.00002,0.00143,0.00007,0.00132,0.00587
1700000112.566980361938477,0.00404,0.00015,0.00002,0.00181,0.00009,0.00132,0.00742
1700000112.600875854492188,0.00243,0.00012,0.00002,0.00131,0.00007,0.00125,0.00522
1700000112.634771347045898,0.00289,0.00012,0.00002,0.00128,0.00009,0.00140,0.00580
1700000112.668666839599609,0.00484,0.00031,0.00015,0.00365,0.00032,0.00214,0.01141
1700000112.702562332153320,0.00548,0.00020,0.00011,0.00163,0.00008,0.00128,0.00878
1700000112.736457824707031,0.00387,0.00017,0.00002,0.00172,0.00016,0.00143,0.00738
1700000112.770353317260742,0.00307,0.00014,0.00004,0.00177,0.00021,0.00200,0.00722
1700000112.804248809814453,0.00426,0.00021,0.00002,0.00250,0.00026,0.00197,0.00924
1700000112.838144302368164,0.00339,0.00011,0.00002,0.00135,0.00008,0.00130,0.00624
1700000112.872040033340454,0.00487,0.00017,0.00002,0.00220,0.00005,0.00163,0.00894
1700000112.905935525894165,0.00443,0.00018,0.00008,0.00240,0.00013,0.00218,0.00940
1700000112.939831018447876,0.00247,0.00013,0.00001,0.00124,0.00007,0.00126,0.00518
1700000112.973726511001587,0.00227,0.00013,0.00003,0.00126,0.00008,0.00123,0.00499
1700000113.007622003555298,0.00337,0.00015,0.00002,0.00228,0.00014,0.00230,0.00826
1700000113.041517496109009,0.00618,0.00018,0.00004,0.00231,0.00016,0.00205,0.01092
1700000113.075412988662720,0.00399,0.00018,0.00013,0.00258,0.00017,0.00181,0.00887
1700000113.109308481216431,0.00320,0.00015,0.00003,0.00173,0.00020,0.00181,0.00712
1700000113.143203973770142,0.00570,0.00026,0.00005,0.00246,0.00014,0.00139,0.01001
1700000113.177099466323853,0.00339,0.00018,0.00004,0.00245,0.00029,0.00272,0.00906
1700000113.210994958877563,0.00308,0.00012,0.00002,0.00149,0.00018,0.00145,0.00634
1700000113.244890451431274,0.00354,0.00015,0.00002,0.00171,0.00012,0.00186,0.00739
1700000113.278785943984985,0.00713,0.00027,0.00003,0.00347,0.00007,0.00301,0.01397
1700000113.312681436538696,0.00297,0.00018,0.00002,0.00237,0.00011,0.00157,0.00722
1700000113.346576929092407,0.00318,0.00020,0.00002,0.00135,0.00007,0.00147,0.00629
1700000113.380472421646118,0.00477,0.00018,0.00002,0.00237,0.00016,0.00151,0.00901
1700000113.414367914199829,0.00297,0.00016,0.00002,0.00246,0.00014,0.00236,0.00810
1700000113.448263645172119,0.00299,0.00018,0.00002,0.00259,0.00025,0.00245,0.00848
1700000113.482159137725830,0.00464,0.00017,0.00002,0.00198,0.00009,0.00133,0.00824
1700000113.516054630279541,0.00305,0.00016,0.00002,0.00200,0.00014,0.00144,0.00681
1700000113.549950122833252,0.00273,0.00012,0.00004,0.00147,0.00015,0.00144,0.00596
1700000113.583845615386963,0.00478,0.00014,0.00002,0.00171,0.00018,0.00153,0.00837
1700000113.617741107940674,0.00541,0.00020,0.00005,0.00161,0.00018,0.00177,0.00922
1700000113.651636600494385,0.00301,0.00012,0.00002,0.00133,0.00009,0.00123,0.00580
1700000113.685532093048096,0.00326,0.00013,0.00002,0.00182,0.00004,0.00205,0.00732
1700000113.719427585601807,0.00436,0.00022,0.00002,0.00246,0.00012,0.00222,0.00939
1700000113.753323078155518,0.00321,0.00022,0.00003,0.00241,0.00015,0.00247,0.00849
1700000113.787218570709229,0.00282,0.00013,0.00002,0.00136,0.00010,0.00146,0.00590
1700000113.821114063262939,0.00459,0.00018,0.00003,0.00178,0.00009,0.00176,0.00844
1700000113.855009555816650,0.00295,0.00015,0.00002,0.00232,0.00017,0.00257,0.00818
1700000113.888905048370361,0.00259,0.00012,0.00002,0.00129,0.00010,0.00123,0.00534
1700000113.922800540924072,0.00364,0.00019,0.00002,0.00289,0.00031,0.00274,0.00980
1700000113.956696271896362,0.00545,0.00017,0.00002,0.00137,0.00016,0.00129,0.00846
1700000113.990591764450073,0.00356,0.00017,0.00002,0.00254,0.00028,0.00250,0.00909
1700000114.024487257003784,0.00336,0.00013,0.00002,0.00147,0.00019,0.00160,0.00678
1700000114.058382749557495,0.00488,0.00021,0.00003,0.00270,0.00018,0.00242,0.01042
1700000114.092278242111206,0.00375,0.00016,0.00002,0.00235,0.00005,0.00245,0.00877
1700000114.126173734664917,0.00302,0.00019,0.00002,0.00244,0.00007,0.00140,0.00713
1700000114.160069227218628,0.00383,0.00019,0.00003,0.00183,0.00009,0.00157,0.00754
1700000114.193964719772339,0.00600,0.00027,0.00003,0.00243,0.00016,0.00148,0.01036
1700000114.227860212326050,0.00325,0.00010,0.00001,0.00135,0.00007,0.00157,0.00636
1700000114.261755704879761,0.00275,0.00014,0.00002,0.00149,0.00010,0.00161,0.00612
1700000114.295651197433472,0.00555,0.00020,0.00003,0.00187,0.00010,0.00171,0.00947
1700000114.329546689987183,0.00292,0.00017,0.00002,0.00237,0.00025,0.00263,0.00836
1700000114.363442182540894,0.00290,0.00023,0.00002,0.00139,0.00018,0.00191,0.00662
1700000114.397337675094604,0.00415,0.00021,0.00010,0.00278,0.00027,0.00198,0.00949
1700000114.431233167648315,0.00301,0.00019,0.00003,0.00200,0.00015,0.00132,0.00669
1700000114.465128898620605,0.00318,0.00020,0.00013,0.00234,0.00009,0.00142,0.00737
1700000114.499024391174316,0.00331,0.00024,0.00009,0.00296,0.00000,0.00266,0.00926
1700000114.532919883728027,0.00545,0.00026,0.00004,0.00318,0.00010,0.00207,0.01111
1700000114.566815376281738,0.00297,0.00018,0.00002,0.00237,0.00014,0.00238,0.00806
1700000114.600710868835449,0.00293,0.00019,0.00008,0.00190,0.00013,0.00186,0.00709
1700000114.634606361389160,0.00634,0.00023,0.00002,0.00343,0.00017,0.00285,0.01305
1700000114.668501853942871,0.00288,0.00011,0.00003,0.00130,0.00008,0.00127,0.00568
1700000114.702397346496582,0.00269,0.00013,0.00004,0.00129,0.00006,0.00127,0.00549
1700000114.736292839050293,0.00415,0.00013,0.00002,0.00135,0.00013,0.00129,0.00707
1700000114.770188331604004,0.00308,0.00019,0.00002,0.00168,0.00016,0.00141,0.00655
1700000114.804083824157715,0.00313,0.00018,0.00003,0.00226,0.00016,0.00154,0.00730
1700000114.837979316711426,0.00302,0.00015,0.00002,0.00146,0.00016,0.00141,0.00622
1700000114.871874809265137,0.00560,0.00017,0.00002,0.00193,0.00013,0.00155,0.00941
1700000114.905770301818848,0.00297,0.00017,0.00002,0.00154,0.00000,0.00134,0.00604
1700000114.939665794372559,0.00314,0.00017,0.00002,0.00192,0.00005,0.00133,0.00663
1700000114.973561525344849,0.00439,0.00016,0.00002,0.00203,0.00008,0.00163,0.00832
1700000115.007457017898560,0.00307,0.00016,0.00002,0.00240,0.00018,0.00138,0.00721
1700000115.041352510452271,0.00253,0.00011,0.00004,0.00130,0.00006,0.00124,0.00529
1700000115.075248003005981,0.00309,0.00017,0.00002,0.00241,0.00017,0.00156,0.00741
1700000115.109143495559692,0.00497,0.00016,0.00002,0.00208,0.00015,0.00221,0.00959
1700000115.143038988113403,0.00309,0.00017,0.00003,0.00171,0.00011,0.00125,0.00636
1700000115.176934480667114,0.00304,0.00017,0.00002,0.00237,0.00028,0.00250,0.00839
1700000115.210829973220825,0.00455,0.00014,0.00002,0.00158,0.00018,0.00170,0.00817
1700000115.244725465774536,0.00308,0.00018,0.00007,0.00234,0.00016,0.00139,0.00722
1700000115.278620958328247,0.00288,0.00013,0.00002,0.00132,0.00010,0.00125,0.00570
1700000115.312516450881958,0.00482,0.00023,0.00002,0.00263,0.00000,0.00240,0.01011
1700000115.346411943435669,0.00240,0.00013,0.00001,0.00134,0.00004,0.00132,0.00525
1700000115.380307435989380,0.00283,0.00017,0.00002,0.00154,0.00009,0.00152,0.00617
1700000115.414202928543091,0.00412,0.00030,0.00006,0.00295,0.00031,0.00192,0.00965
1700000115.448098421096802,0.00535,0.00021,0.00003,0.00266,0.00014,0.00219,0.01058
1700000115.481993913650513,0.00296,0.00012,0.00002,0.00128,0.00008,0.00131,0.00578
1700000115.515889644622803,0.00306,0.00019,0.00002,0.00235,0.00017,0.00252,0.00831
1700000115.549785137176514,0.00627,0.00021,0.00002,0.00234,0.00022,0.00242,0.01149
1700000115.583680629730225,0.00237,0.00011,0.00002,0.00124,0.00014,0.00123,0.00511
1700000115.617576122283936,0.00304,0.00013,0.00002,0.00144,0.00016,0.00159,0.00639
1700000115.651471614837646,0.00486,0.00019,0.00010,0.00216,0.00025,0.00211,0.00967
1700000115.685367107391357,0.00650,0.00029,0.00004,0.00347,0.00022,0.00324,0.01376
1700000115.719262599945068,0.00250,0.00015,0.00002,0.00131,0.00000,0.00129,0.00528
1700000115.753158092498779,0.00281,0.00015,0.00005,0.00125,0.00004,0.00122,0.00552
1700000115.787053585052490,0.00617,0.00018,0.00002,0.00225,0.00008,0.00224,0.01094
1700000115.820949077606201,0.00374,0.00018,0.00007,0.00230,0.00036,0.00259,0.00924
1700000115.854844570159912,0.00392,0.00012,0.00002,0.00146,0.00009,0.00204,0.00767
1700000115.888740062713623,0.00403,0.00018,0.00003,0.00269,0.00027,0.00193,0.00914
1700000115.922635555267334,0.00248,0.00014,0.00002,0.00134,0.00008,0.00123,0.00530
1700000115.956531047821045,0.00314,0.00017,0.00002,0.00163,0.00017,0.00139,0.00653
1700000115.990426540374756,0.00481,0.00024,0.00003,0.00268,0.00026,0.00205,0.01007
1700000116.024322271347046,0.00575,0.00017,0.00003,0.00208,0.00021,0.00175,0.00999
1700000116.058217763900757,0.00292,0.00010,0.00004,0.00125,0.00016,0.00124,0.00572
1700000116.092113256454468,0.00370,0.00015,0.00002,0.00160,0.00010,0.00143,0.00701
1700000116.126008749008179,0.00466,0.00024,0.00003,0.00320,0.00000,0.00303,0.01116
1700000116.159904241561890,0.00314,0.00017,0.00006,0.00232,0.00008,0.00218,0.00796
1700000116.193799734115601,0.00327,0.00018,0.00006,0.00236,0.00008,0.00154,0.00749
1700000116.227695226669312,0.00384,0.00018,0.00007,0.00161,0.00024,0.00158,0.00752
1700000116.261590719223022,0.00349,0.00016,0.00003,0.00188,0.00008,0.00134,0.00697
1700000116.295486211776733,0.00313,0.00018,0.00008,0.00235,0.00019,0.00238,0.00831
1700000116.329381704330444,0.00330,0.00022,0.00002,0.00199,0.00009,0.00154,0.00715
1700000116.363277196884155,0.00529,0.00022,0.00007,0.00246,0.00030,0.00244,0.01080
1700000116.397172689437866,0.00301,0.00014,0.00002,0.00133,0.00016,0.00129,0.00596
1700000116.431068181991577,0.00341,0.00019,0.00002,0.00238,0.00032,0.00154,0.00786
1700000116.464963674545288,0.00400,0.00016,0.00002,0.00149,0.00019,0.00161,0.00747
1700000116.498859167098999,0.00313,0.00018,0.00002,0.00234,0.00017,0.00172,0.00756
1700000116.532754898071289,0.00304,0.00018,0.00007,0.00238,0.00000,0.00274,0.00842
1700000116.566650390625000,0.00424,0.00023,0.00003,0.00294,0.00014,0.00212,0.00971
1700000116.600545883178711,0.00560,0.00028,0.00003,0.00346,0.00019,0.00280,0.01236
1700000116.634441375732422,0.00274,0.00012,0.00002,0.00129,0.00019,0.00128,0.00564
1700000116.668336868286133,0.00298,0.00018,0.00006,0.00244,0.00017,0.00258,0.00841
1700000116.702232360839844,0.00446,0.00014,0.00002,0.00151,0.00009,0.00137,0.00760
1700000116.736127853393555,0.00319,0.00013,0.00002,0.00129,0.00007,0.00134,0.00603
1700000116.770023345947266,0.00317,0.00018,0.00002,0.00252,0.00029,0.00274,0.00892
1700000116.803918838500977,0.00410,0.00021,0.00002,0.00328,0.00041,0.00258,0.01060
1700000116.837814331054688,0.00297,0.00019,0.00002,0.00248,0.00025,0.00248,0.00840
1700000116.871709823608398,0.00301,0.00021,0.00002,0.00180,0.00017,0.00156,0.00677
1700000116.905605316162109,0.00366,0.00025,0.00003,0.00320,0.00017,0.00250,0.00981
1700000116.939500808715820,0.00562,0.00018,0.00002,0.00232,0.00000,0.00192,0.01006
1700000116.973396301269531,0.00303,0.00016,0.00002,0.00234,0.00008,0.00256,0.00820
1700000117.007291793823242,0.00295,0.00016,0.00002,0.00166,0.00011,0.00185,0.00674
1700000117.041187286376953,0.00438,0.00015,0.00006,0.00203,0.00034,0.00202,0.00898
1700000117.075082778930664,0.00310,0.00011,0.00002,0.00133,0.00011,0.00125,0.00592
1700000117.108978509902954,0.00269,0.00013,0.00002,0.00126,0.00008,0.00126,0.00545
1700000117.142874002456665,0.00445,0.00018,0.00002,0.00196,0.00021,0.00327,0.01009
1700000117.176769495010376,0.00249,0.00011,0.00002,0.00126,0.00013,0.00125,0.00526
1700000117.210664987564087,0.00235,0.00013,0.00002,0.00129,0.00016,0.00132,0.00528
1700000117.244560480117798,0.00257,0.00013,0.00002,0.00136,0.00014,0.00124,0.00546
1700000117.278455972671509,0.00626,0.00019,0.00002,0.00248,0.00032,0.00236,0.01165
1700000117.312351465225220,0.00297,0.00014,0.00002,0.00151,0.00010,0.00134,0.00609
1700000117.346246957778931,0.00317,0.00021,0.00002,0.00191,0.00000,0.00184,0.00716
1700000117.380142450332642,0.00596,0.00021,0.00009,0.00265,0.00007,0.00220,0.01119
1700000117.414037942886353,0.00245,0.00010,0.00002,0.00125,0.00008,0.00128,0.00518
1700000117.447933435440063,0.00329,0.00018,0.00002,0.00235,0.00041,0.00148,0.00772
1700000117.481828927993774,0.00333,0.00019,0.00003,0.00227,0.00010,0.00151,0.00744
1700000117.515724420547485,0.00611,0.00026,0.00003,0.00299,0.00017,0.00229,0.01185
1700000117.549619913101196,0.00276,0.00012,0.00002,0.00149,0.00010,0.00170,0.00620
1700000117.583515405654907,0.00321,0.00019,0.00002,0.00192,0.00020,0.00205,0.00759
1700000117.617410898208618,0.00669,0.00024,0.00004,0.00314,0.00036,0.00239,0.01286
1700000117.651306390762329,0.00322,0.00019,0.00002,0.00127,0.00013,0.00138,0.00622
1700000117.685202121734619,0.00302,0.00018,0.00002,0.00239,0.00031,0.00263,0.00856
1700000117.719097614288330,0.00421,0.00014,0.00002,0.00127,0.00008,0.00125,0.00697
1700000117.752993106842041,0.00275,0.00013,0.00002,0.00141,0.00000,0.00132,0.00563
1700000117.786888599395752,0.00293,0.00019,0.00002,0.00244,0.00012,0.00265,0.00836
1700000117.820784091949463,0.00296,0.00015,0.00002,0.00184,0.00011,0.00193,0.00701
1700000117.854679584503174,0.00387,0.00014,0.00002,0.00160,0.00022,0.00137,0.00721
1700000117.888575077056885,0.00304,0.00017,0.00002,0.00244,0.00017,0.00245,0.00829
1700000117.922470569610596,0.00327,0.00019,0.00003,0.00285,0.00021,0.00269,0.00926
1700000117.956366062164307,0.00471,0.00023,0.00003,0.00293,0.00014,0.00218,0.01023
1700000117.990261554718018,0.00319,0.00016,0.00002,0.00233,0.00027,0.00186,0.00784
1700000118.024157047271729,0.00300,0.00018,0.00002,0.00265,0.00046,0.00168,0.00800
1700000118.058052539825439,0.00539,0.00020,0.00003,0.00239,0.00028,0.00229,0.01058
1700000118.091948032379150,0.00369,0.00017,0.00002,0.00234,0.00042,0.00259,0.00924
1700000118.125843524932861,0.00355,0.00020,0.00003,0.00250,0.00020,0.00260,0.00907
1700000118.159739017486572,0.00411,0.00019,0.00002,0.00137,0.00000,0.00133,0.00702
1700000118.193634510040283,0.00316,0.00016,0.00002,0.00238,0.00012,0.00241,0.00826
1700000118.227530002593994,0.00240,0.00016,0.00002,0.00134,0.00008,0.00137,0.00537
1700000118.261425733566284,0.00387,0.00013,0.00002,0.00136,0.00022,0.00146,0.00706
1700000118.295321226119995,0.00390,0.00018,0.00002,0.00238,0.00019,0.00145,0.00812
1700000118.329216718673706,0.00392,0.00017,0.00002,0.00235,0.00017,0.00249,0.00913
1700000118.363112211227417,0.00399,0.00034,0.00003,0.00271,0.00016,0.00222,0.00945
1700000118.397007703781128,0.00502,0.00021,0.00003,0.00183,0.00013,0.00151,0.00873
1700000118.430903196334839,0.00302,0.00018,0.00006,0.00234,0.00032,0.00171,0.00763
1700000118.464798688888550,0.00311,0.00020,0.00002,0.00236,0.00019,0.00182,0.00771
1700000118.498694181442261,0.00431,0.00018,0.00002,0.00181,0.00021,0.00139,0.00792
1700000118.532589673995972,0.00303,0.00012,0.00002,0.00141,0.00010,0.00130,0.00599
1700000118.566485166549683,0.00316,0.00019,0.00002,0.00263,0.00000,0.00269,0.00869
1700000118.600380659103394,0.00340,0.00020,0.00002,0.00290,0.00014,0.00291,0.00957
1700000118.634276151657104,0.00571,0.00020,0.00003,0.00245,0.00013,0.00189,0.01041
1700000118.668171644210815,0.00303,0.00016,0.00002,0.00209,0.00022,0.00142,0.00694
1700000118.702067136764526,0.00271,0.00016,0.00002,0.00165,0.00013,0.00175,0.00642
1700000118.735962629318237,0.00429,0.00014,0.00002,0.00146,0.00009,0.00129,0.00729
1700000118.769858121871948,0.00250,0.00013,0.00001,0.00128,0.00008,0.00130,0.00531
1700000118.803753614425659,0.00316,0.00017,0.00002,0.00224,0.00014,0.00135,0.00709
1700000118.837649345397949,0.00390,0.00018,0.00002,0.00238,0.00035,0.00299,0.00981
1700000118.871544837951660,0.00279,0.00012,0.00002,0.00131,0.00015,0.00133,0.00571
1700000118.905440330505371,0.00303,0.00014,0.00002,0.00131,0.00016,0.00120,0.00586
1700000118.939335823059082,0.00354,0.00019,0.00002,0.00163,0.00010,0.00141,0.00689
1700000118.973231315612793,0.00486,0.00017,0.00002,0.00176,0.00000,0.00188,0.00870
1700000119.007126808166504,0.00322,0.00018,0.00002,0.00194,0.00006,0.00143,0.00685
1700000119.041022300720215,0.00313,0.00020,0.00002,0.00157,0.00007,0.00148,0.00648
1700000119.074917793273926,0.00496,0.00015,0.00002,0.00137,0.00019,0.00143,0.00812
1700000119.108813285827637,0.00301,0.00017,0.00002,0.00236,0.00017,0.00210,0.00784
1700000119.142708778381348,0.00302,0.00019,0.00002,0.00165,0.00011,0.00164,0.00663
1700000119.176604270935059,0.00426,0.00018,0.00002,0.00234,0.00009,0.00160,0.00848
1700000119.210499763488770,0.00321,0.00017,0.00002,0.00245,0.00026,0.00210,0.00820
1700000119.244395256042480,0.00294,0.00019,0.00002,0.00209,0.00017,0.00143,0.00684
1700000119.278290748596191,0.00325,0.00018,0.00002,0.00201,0.00017,0.00150,0.00713
1700000119.312186241149902,0.00386,0.00018,0.00002,0.00249,0.00033,0.00186,0.00875
1700000119.346081733703613,0.00341,0.00016,0.00002,0.00252,0.00017,0.00253,0.00881
1700000119.379977464675903,0.00297,0.00012,0.00001,0.00146,0.00000,0.00146,0.00603
1700000119.413872957229614,0.00429,0.00023,0.00002,0.00268,0.00013,0.00298,0.01033
1700000119.447768449783325,0.00308,0.00016,0.00002,0.00234,0.00015,0.00251,0.00827
1700000119.481663942337036,0.00336,0.00017,0.00003,0.00165,0.00020,0.00142,0.00682
1700000119.515559434890747,0.00358,0.00018,0.00002,0.00200,0.00009,0.00147,0.00734
1700000119.549454927444458,0.00632,0.00018,0.00003,0.00250,0.00016,0.00208,0.01126
1700000119.583350419998169,0.00315,0.00017,0.00002,0.00237,0.00007,0.00181,0.00760
1700000119.617245912551880,0.00284,0.00011,0.00005,0.00132,0.00012,0.00128,0.00573
1700000119.651141405105591,0.00470,0.00019,0.00002,0.00267,0.00030,0.00255,0.01044
1700000119.685036897659302,0.00232,0.00013,0.00002,0.00125,0.00014,0.00121,0.00507
1700000119.718932390213013,0.00318,0.00023,0.00002,0.00234,0.00016,0.00140,0.00734
1700000119.752827882766724,0.00392,0.00021,0.00002,0.00299,0.00018,0.00252,0.00984
1700000119.786723375320435,0.00294,0.00016,0.00002,0.00237,0.00000,0.00248,0.00796
1700000119.820618867874146,0.00283,0.00011,0.00001,0.00128,0.00006,0.00136,0.00565
1700000119.854514360427856,0.00260,0.00011,0.00002,0.00125,0.00007,0.00133,0.00538
1700000119.888410091400146,0.00496,0.00017,0.00002,0.00174,0.00024,0.00151,0.00865
1700000119.922305583953857,0.00299,0.00018,0.00003,0.00234,0.00017,0.00212,0.00783
1700000119.956201076507568,0.00349,0.00016,0.00005,0.00139,0.00008,0.00132,0.00649
1700000119.990096569061279,0.00439,0.00020,0.00002,0.00259,0.00020,0.00297,0.01037
1700000120.023992061614990,0.00330,0.00017,0.00002,0.00227,0.00018,0.00154,0.00747
