frame_index,receive_monotonic_ns,relative_s,uvc_pts,uvc_scr_stc,uvc_payload_host_monotonic_ns,uvc_source_mapped_monotonic_ns,uvc_source_relative_s,source_minus_receive_ms
0,984345828568,0.000000000,1289861042,1290267049,984357921100,984329198661,0.000000000,-16.629907
1,984391218391,0.045389823,1290369474,1290372042,984361925911,984363095914,0.033897253,-28.122477
2,984409498735,0.063670167,1290877906,1290880191,984397940894,984396993167,0.067794506,-12.505568
3,984439330886,0.093502318,1291386338,1291388267,984429968034,984430890420,0.101691759,-8.440466
4,984476211058,0.130382490,1291894770,1291896374,984465970577,984464787673,0.135589012,-11.423385
5,984505629211,0.159800643,1292403202,1292406391,984497953681,984498684927,0.169486266,-6.944284
6,984543269722,0.197441154,1292911634,1292914509,984533976560,984532582180,0.203383519,-10.687542
7,984575277504,0.229448936,1293420067,1293422624,984566004442,984566479499,0.237280838,-8.798005
8,984612625664,0.266797096,1293928499,1293930767,984602009096,984600376753,0.271178092,-12.248911
9,984640459263,0.294630695,1294436931,1294438882,984634000028,984634274006,0.305075345,-6.185257
10,984675178272,0.329349704,1294945363,1294946987,984669978140,984668171259,0.338972598,-7.007013
11,984711037576,0.365209008,1295453795,1295456995,984701985178,984702068512,0.372869851,-8.969064
12,984781553116,0.435724548,1295962227,1295965148,984733971732,984735965765,0.406767104,-45.587351
13,984808658452,0.462829884,1296470659,1296473234,984769997196,984769863018,0.440664357,-38.795434
14,984835266994,0.489438426,1296979091,1296981406,984801960524,984803760271,0.474561610,-31.506723
15,984860365560,0.514536992,1297487524,1297489520,984838096492,984837657591,0.508458930,-22.707969
16,984883555707,0.537727139,1297995956,1297997636,984869957248,984871554844,0.542356183,-12.000863
17,984920627393,0.574798825,1298504388,1298507645,984905990352,984905452097,0.576253436,-15.175296
18,984949500200,0.603671632,1299012820,1299015741,984937977659,984939349350,0.610150689,-10.150850
19,984981808533,0.635979965,1299521252,1299523850,984974037201,984973246603,0.644047942,-8.561930
20,985012619807,0.666791239,1300029684,1300031957,985006010276,985007143856,0.677945195,-5.475951
21,985053469808,0.707641240,1300538116,1300540068,985041961984,985041041110,0.711842449,-12.428698
22,985083108782,0.737280214,1301046548,1301048223,985074030893,985074938363,0.745739702,-8.170419
23,985117318377,0.771489809,1301554981,1301558211,985110000052,985108835682,0.779637021,-8.482695
24,985151532213,0.805703645,1302063413,1302066318,985142053269,985142732936,0.813534275,-8.799277
25,985189185092,0.843356524,1302571845,1302574475,985178028883,985176630189,0.847431528,-12.554903
26,985219381476,0.873552908,1303080277,1303082617,985209978928,985210527442,0.881328781,-8.854034
27,985253447521,0.907618953,1303588709,1303590686,985246040284,985244424695,0.915226034,-9.022826
28,985285782214,0.939953646,1304097141,1304098835,985277991202,985278321948,0.949123287,-7.460266
29,985336434034,0.990605466,1304605574,1304608854,985313974936,985312219268,0.983020607,-24.214766
30,985360563940,1.014735372,1305114005,1305116982,985346045117,985346116454,1.016917793,-14.447486
31,985385362378,1.039533810,1305622438,1305625125,985378006907,985380013774,1.050815113,-5.348604
32,985426342581,1.080514013,1306130870,1306133239,985414002353,985413911027,1.084712366,-12.431554
33,985479798527,1.133969959,1306639302,1306641371,985446060316,985447808280,1.118609619,-31.990247
34,985506228958,1.160400390,1307147734,1307149507,985482052756,985481705533,1.152506872,-24.523425
35,985533845821,1.188017253,1307656166,1307659492,985514012248,985515602786,1.186404125,-18.243035
36,985556757390,1.210928822,1308164598,1308167591,985550087121,985549500039,1.220301378,-7.257351
37,985604144446,1.258315878,1308673031,1308675762,985582040505,985583397359,1.254198698,-20.747087
38,985631257151,1.285428583,1309181463,1309183870,985618037809,985617294612,1.288095951,-13.962539
39,985657869109,1.312040541,1309689895,1309692029,985650021026,985651191865,1.321993204,-6.677244
40,985700299525,1.354470957,1310198327,1310200115,985686070929,985685089118,1.355890457,-15.210407
41,985743597152,1.397768584,1310706759,1310708261,985718018067,985718986372,1.389787711,-24.610780
42,985767034680,1.421206112,1311215191,1311218259,985754045182,985752883625,1.423684964,-14.151055
43,985792766898,1.446938330,1311723623,1311726426,985786085552,985786780878,1.457582217,-5.986020
44,985837555496,1.491726928,1312232055,1312234555,985821995122,985820678131,1.491479470,-16.877365
45,985882742428,1.536913860,1312740488,1312742669,985854017041,985854575451,1.525376790,-28.166977
46,985907710881,1.561882313,1313248920,1313250793,985890026062,985888472704,1.559274043,-19.238177
47,985928579014,1.582750446,1313757352,1313758889,985922033069,985922369957,1.593171296,-6.209057
48,985966751784,1.620923216,1314265784,1314268908,985958054575,985956267210,1.627068549,-10.484574
49,986008323812,1.662495244,1314774216,1314777045,985990042857,985990164463,1.660965802,-18.159349
50,986035074303,1.689245735,1315282648,1315285174,986022091651,986024061716,1.694863055,-11.012587
51,986064929568,1.719101000,1315791080,1315793243,986058057293,986057958969,1.728760308,-6.970599
52,986097694509,1.751865941,1316299513,1316301403,986090063485,986091856289,1.762657628,-5.838220
53,986140952277,1.795123709,1316807945,1316809528,986126079628,986125753542,1.796554881,-15.198735
54,986168430346,1.822601778,1317316377,1317319528,986158069127,986159650795,1.830452134,-8.779551
55,986206762055,1.860933487,1317824809,1317827658,986194138676,986193548048,1.864349387,-13.214007
56,986233642225,1.887813657,1318333241,1318335769,986226097514,986227445301,1.898246640,-6.196924
57,986272547358,1.926718790,1318841673,1318843873,986262033865,986261342555,1.932143894,-11.204803
58,986301772055,1.955943487,1319350105,1319352020,986294119039,986295239808,1.966041147,-6.532247
59,986344280461,1.998451893,1319858537,1319860164,986330077684,986329137061,1.999938400,-15.143400
60,986380618909,2.034790341,1320366970,1320370160,986362050646,986363034381,2.033835720,-17.584528
61,986414852609,2.069024041,1320875402,1320878283,986398035893,986396931634,2.067732973,-17.920975
62,986441415695,2.095587127,1321383834,1321386411,986430134396,986430828887,2.101630226,-10.586808
63,986472874534,2.127045966,1321892266,1321894522,986466091782,986464726140,2.135527479,-8.148394
64,986505099201,2.159270633,1322400698,1322402636,986498091662,986498623393,2.169424732,-6.475808
65,986554669309,2.208840741,1322909130,1322910784,986534064836,986532520646,2.203321985,-22.148663
66,986590421175,2.244592607,1323417562,1323420783,986566115289,986566417899,2.237219238,-24.003276
67,986621217855,2.275389287,1323925994,1323928926,986602069717,986600315152,2.271116491,-20.902703
68,986641998713,2.296170145,1324434427,1324437020,986634069938,986634212472,2.305013811,-7.786241
69,986678134639,2.332306071,1324942859,1324945124,986666076700,986668109725,2.338911064,-10.024914
70,986709916263,2.364087695,1325451291,1325453294,986702099728,986702006978,2.372808317,-7.909285
71,986744725243,2.398896675,1325959723,1325961385,986734099622,986735904231,2.406705570,-8.821012
72,986780531350,2.434702782,1326468155,1326471367,986770111238,986769801484,2.440602823,-10.729866
73,986818922461,2.473093893,1326976587,1326979500,986802091854,986803698738,2.474500077,-15.223723
74,986844470258,2.498641690,1327485019,1327487611,986838073071,986837595991,2.508397330,-6.874267
75,986879287006,2.533458438,1327993451,1327995723,986870099741,986871493244,2.542294583,-7.793762
76,986916177530,2.570348962,1328501884,1328503820,986906067774,986905390564,2.576191903,-10.786966
77,986959970073,2.614141505,1329010316,1329011921,986938085139,986939287817,2.610089156,-20.682256
78,986980535524,2.634706956,1329518748,1329521933,986974077572,986973185070,2.643986409,-7.350454
79,987013875882,2.668047314,1330027180,1330030058,987006084973,987007082323,2.677883662,-6.793559
80,987050879678,2.705051110,1330535612,1330538200,987042126853,987040979576,2.711780915,-9.900102
81,987097830200,2.752001632,1331044044,1331046353,987074097734,987074876829,2.745678168,-22.953371
82,987121412918,2.775584350,1331552476,1331554472,987110063545,987108774082,2.779575421,-12.638836
83,987156445415,2.810616847,1332060908,1332062599,987142114372,987142671335,2.813472674,-13.774080
84,987190754182,2.844925614,1332569341,1332572564,987178063769,987176568655,2.847369994,-14.185527
85,987238929127,2.893100559,1333077773,1333080720,987210097823,987210465908,2.881267247,-28.463219
86,987263275636,2.917447068,1333586205,1333588807,987246070204,987244363161,2.915164500,-18.912475
87,987284521905,2.938693337,1334094637,1334096895,987278081905,987278260414,2.949061753,-6.261491
88,987321389464,2.975560896,1334603069,1334604978,987310100311,987312157667,2.982959006,-9.231797
89,987367336042,3.021507474,1335111501,1335113094,987346109678,987346054921,3.016856260,-21.281121
90,987393995673,3.048167105,1335619934,1335623110,987378108360,987379952240,3.050753579,-14.043433
91,987420792382,3.074963814,1336128365,1336131241,987414092226,987413849427,3.084650766,-6.942955
92,987454064075,3.108235507,1336636798,1336639347,987446136984,987447746747,3.118548086,-6.317328
93,987490783008,3.144954440,1337145230,1337147440,987482091409,987481644000,3.152445339,-9.139008
94,987522456632,3.176628064,1337653662,1337655567,987514096859,987515541253,3.186342592,-6.915379
95,987561249129,3.215420561,1338162094,1338163702,987550126618,987549438506,3.220239845,-11.810623
96,987593161527,3.247332959,1338670526,1338673682,987582123913,987583335759,3.254137098,-9.825768
97,987627244185,3.281415617,1339178958,1339181832,987618136995,987617233012,3.288034351,-10.011173
98,987657610327,3.311781759,1339687391,1339689956,987650104898,987651130332,3.321931671,-6.479995
99,987694848828,3.349020260,1340195823,1340198113,987686098800,987685027585,3.355828924,-9.821243
100,987729849802,3.384021234,1340704255,1340706226,987718108789,987718924838,3.389726177,-10.924964
101,987763302135,3.417473567,1341212687,1341214385,987754103569,987752822091,3.423623430,-10.480044
102,987793962708,3.448134140,1341721119,1341724351,987786135452,987786719344,3.457520683,-7.243364
103,987835395632,3.489567064,1342229551,1342232485,987822096231,987820616597,3.491417936,-14.779035
104,987864216927,3.518388359,1342737983,1342740631,987854141613,987854513850,3.525315189,-9.703077
105,987897582412,3.551753844,1343246415,1343248731,987890100476,987888411104,3.559212443,-9.171308
106,987931695389,3.585866821,1343754848,1343756833,987922127156,987922308423,3.593109762,-9.386966
107,987964729356,3.618900788,1344263280,1344264987,987954137366,987956205676,3.627007015,-8.523680
108,987996981779,3.651153211,1344771712,1344774962,987990136501,987990102929,3.660904268,-6.878850
109,988032208182,3.686379614,1345280144,1345283099,988022139134,988024000183,3.694801522,-8.207999
110,988070601570,3.724773002,1345788576,1345791238,988058123910,988057897436,3.728698775,-12.704134
111,988104704858,3.758876290,1346297008,1346299349,988090137217,988091794689,3.762596028,-12.910169
112,988134076676,3.788248108,1346805440,1346807432,988126186583,988125691942,3.796493281,-8.384734
113,988168685306,3.822856738,1347313873,1347315558,988158134877,988159589262,3.830390601,-9.096044
114,988206049648,3.860221080,1347822305,1347825534,988194173988,988193486515,3.864287854,-12.563133
115,988235176598,3.889348030,1348330737,1348333649,988226132132,988227383768,3.898185107,-7.792830
116,988272053960,3.926225392,1348839169,1348841786,988262136303,988261281021,3.932082360,-10.772939
117,988308049933,3.962221365,1349347601,1349349889,988294149698,988295178274,3.965979613,-12.871659
118,988339086368,3.993257800,1349856033,1349857995,988330164091,988329075527,3.999876866,-10.010841
119,988368671453,4.022842885,1350364465,1350366139,988362155295,988362972780,4.033774119,-5.698673
120,988407229266,4.061400698,1350872897,1350876116,988398132886,988396870033,4.067671372,-10.359233
121,988447355355,4.101526787,1351381330,1351384246,988430186101,988430767353,4.101568692,-16.588002
122,988474118910,4.128290342,1351889762,1351892406,988466139485,988464664606,4.135465945,-9.454304
123,988510699664,4.164871096,1352398194,1352400531,988498151032,988498561859,4.169363198,-12.137805
124,988548915212,4.203086644,1352906626,1352908639,988534142557,988532459112,4.203260451,-16.456100
125,988608885416,4.263056848,1353415058,1353416755,988566168849,988566356366,4.237157705,-42.529050
126,988632256328,4.286427760,1353923490,1353926749,988602144679,988600253619,4.271054958,-32.002709
127,988651350925,4.305522357,1354431922,1354434847,988634159020,988634150872,4.304952211,-17.200053
128,988675060614,4.329232046,1354940354,1354942964,988666174236,988668048125,4.338849464,-7.012489
129,988719253254,4.373424686,1355448787,1355451093,988702205239,988701945445,4.372746784,-17.307809
130,988741606443,4.395777875,1355957219,1355959241,988734164358,988735842698,4.406644037,-5.763745
131,988777523729,4.431695161,1356465651,1356467344,988770159142,988769739951,4.440541290,-7.783778
132,988811625019,4.465796451,1356974083,1356977342,988802169494,988803637204,4.474438543,-7.987815
133,988856965041,4.511136473,1357482515,1357485465,988838217545,988837534457,4.508335796,-19.430584
134,988883645294,4.537816726,1357990947,1357993588,988870182231,988871431710,4.542233049,-12.213584
135,988914041862,4.568213294,1358499379,1358501681,988906163362,988905328963,4.576130302,-8.712899
136,988946257180,4.600428612,1359007811,1359009813,988938165138,988939226216,4.610027555,-7.030964
137,988984261433,4.638432865,1359516244,1359517939,988974184790,988973123536,4.643924875,-11.137897
138,989013935356,4.668106788,1360024676,1360027924,989006179871,989007020789,4.677822128,-6.914567
139,989053619100,4.707790532,1360533108,1360536051,989042178751,989040918042,4.711719381,-12.701058
140,989081807892,4.735979324,1361041540,1361044159,989074254461,989074815295,4.745616634,-6.992597
141,989121400695,4.775572127,1361549972,1361552264,989110219704,989108712549,4.779513888,-12.688146
142,989150680616,4.804852048,1362058404,1362060396,989142192033,989142609802,4.813411141,-8.070814
143,989192174771,4.846346203,1362566836,1362568539,989178167907,989176507055,4.847308394,-15.667716
144,989224820102,4.878991534,1363075268,1363078511,989210233970,989210404308,4.881205647,-14.415794
145,989257088755,4.911260187,1363583701,1363586633,989246207614,989244301628,4.915102967,-12.787127
146,989289227836,4.943399268,1364092133,1364094783,989278196826,989278198881,4.949000220,-11.028955
147,989319007520,4.973178952,1364600565,1364602929,989310194204,989312096134,4.982897473,-6.911386
148,989354005600,5.008177032,1365108997,1365111046,989346186986,989345993387,5.016794726,-8.012213
149,989389347112,5.043518544,1365617429,1365619149,989378204302,989379890640,5.050691979,-9.456472
150,989423624068,5.077795500,1366125861,1366129160,989414213422,989413787893,5.084589232,-9.836175
151,989453499884,5.107671316,1366634294,1366637288,989446195178,989447685213,5.118486552,-5.814671
152,989493585994,5.147757426,1367142725,1367145420,989482208125,989481582399,5.152383738,-12.003595
153,989536075999,5.190247431,1367651158,1367653544,989514234882,989515479719,5.186281058,-20.596280
154,989570025411,5.224196843,1368159590,1368161654,989550233911,989549376972,5.220178311,-20.648439
155,989591972224,5.246143656,1368668022,1368669790,989582206136,989583274225,5.254075564,-8.697999
156,989629076496,5.283247928,1369176454,1369177919,989618221017,989617171478,5.287972817,-11.905018
157,989670478043,5.324649475,1369684886,1369687907,989650215698,989651068732,5.321870071,-19.409311
158,989696205630,5.350377062,1370193318,1370196050,989686203176,989684965985,5.355767324,-11.239645
159,989727492840,5.381664272,1370701751,1370704172,989718261316,989718863304,5.389664643,-8.629536
160,989763099233,5.417270665,1371210183,1371212303,989754210581,989752760558,5.423561897,-10.338675
161,989801271718,5.455443150,1371718615,1371720430,989786262911,989786657811,5.457459150,-14.613907
162,989829763048,5.483934480,1372227047,1372228570,989822217500,989820555064,5.491356403,-9.207984
163,989865273942,5.519445374,1372735479,1372738573,989854224287,989854452317,5.525253656,-10.821625
164,989899219060,5.553390492,1373243911,1373246680,989890255023,989888349570,5.559150909,-10.869490
165,989947992262,5.602163694,1373752343,1373754808,989922265816,989922246823,5.593048162,-25.745439
166,989975171075,5.629342507,1374260775,1374262893,989954231500,989956144076,5.626945415,-19.026999
167,989998787953,5.652959385,1374769208,1374771014,989990261169,989990041396,5.660842735,-8.746557
168,990030780735,5.684952167,1375277640,1375279105,990022229119,990023938649,5.694739988,-6.842086
169,990074587562,5.728758994,1375786072,1375789086,990058287648,990057835902,5.728637241,-16.751660
170,990102473831,5.756645263,1376294504,1376297206,990090245529,990091733155,5.762534494,-10.740676
171,990132904341,5.787075773,1376802936,1376805323,990126247061,990125630408,5.796431747,-7.273933
172,990166436669,5.820608101,1377311368,1377313406,990158234869,990159527661,5.830329000,-6.909008
173,990216406164,5.870577596,1377819800,1377821537,990194261165,990193424915,5.864226254,-22.981249
174,990242738863,5.896910295,1378328233,1378331534,990226241846,990227322234,5.898123573,-15.416629
175,990270419812,5.924591244,1378836665,1378839663,990262279230,990261219487,5.932020826,-9.200325
176,990307522820,5.961694252,1379345097,1379347808,990294284600,990295116740,5.965918079,-12.406080
177,990350486628,6.004658060,1379853529,1379855939,990330262169,990329013994,5.999815333,-21.472634
178,990375814717,6.029986149,1380361961,1380364074,990362258975,990362911247,6.033712586,-12.903470
179,990406306640,6.060478072,1380870393,1380872218,990398244143,990396808500,6.067609839,-9.498140
180,990442139721,6.096311153,1381378825,1381380340,990430265098,990430705753,6.101507092,-11.433968
181,990485997887,6.140169319,1381887257,1381890344,990466262998,990464603006,6.135404345,-21.394881
182,990511953253,6.166124685,1382395690,1382398482,990498295234,990498500326,6.169301665,-13.452927
183,990536792390,6.190963822,1382904122,1382906649,990534245318,990532397579,6.203198918,-4.394811
184,990581319144,6.235490576,1383412554,1383414748,990566255545,990566294832,6.237096171,-15.024312
185,990642045197,6.296216629,1383920986,1383922860,990598280218,990600192085,6.270993424,-41.853112
186,990666751837,6.320923269,1384429418,1384431005,990634261314,990634089338,6.304890677,-32.662499
187,990688741870,6.342913302,1384937850,1384941011,990666262966,990667986591,6.338787930,-20.755279
188,990711752586,6.365924018,1385446282,1385449136,990702329665,990701883844,6.372685183,-9.868742
189,990746798185,6.400969617,1385954714,1385957253,990734275773,990735781097,6.406582436,-11.017088
190,990779390584,6.433562016,1386463147,1386465382,990770276322,990769678417,6.440479756,-9.712167
191,990811600533,6.465771965,1386971579,1386973516,990802282945,990803575670,6.474377009,-8.024863
192,990847695600,6.501867032,1387480011,1387481655,990838273868,990837472923,6.508274262,-10.222677
193,990890246998,6.544418430,1387988443,1387991645,990870274051,990871370177,6.542171516,-18.876821
194,990915049065,6.569220497,1388496875,1388499772,990906282686,990905267430,6.576068769,-9.781635
195,990948544873,6.602716305,1389005307,1389007877,990938292700,990939164683,6.609966022,-9.380190
196,990983465475,6.637636907,1389513739,1389516031,990974273346,990973061936,6.643863275,-10.403539
197,991029453083,6.683624515,1390022171,1390024155,991006309380,991006959189,6.677760528,-22.493894
198,991054725850,6.708897282,1390530604,1390532238,991042281598,991040856509,6.711657848,-13.869341
199,991081483802,6.735655234,1391039036,1391042306,991074283901,991074753762,6.745555101,-6.730040
200,991123827192,6.777998624,1391547468,1391550435,991110314460,991108651015,6.779452354,-15.176177
201,991164541427,6.818712859,1392055900,1392058542,991142296207,991142548268,6.813349607,-21.993159
202,991188976201,6.843147633,1392564332,1392566677,991178285762,991176445521,6.847246860,-12.530680
203,991217434217,6.871605649,1393072764,1393074815,991210300034,991210342774,6.881144113,-7.091443
204,991254817931,6.908989363,1393581196,1393582980,991242304722,991244240027,6.915041366,-10.577904
205,991300466375,6.954637807,1394089628,1394091110,991278305719,991278137280,6.948938619,-22.329095
206,991332654219,6.986825651,1394598061,1394601077,991310349276,991312034600,6.982835939,-20.619619
207,991354442099,7.008613531,1395106493,1395109254,991346369213,991345931853,7.016733192,-8.510246
208,991386711703,7.040883135,1395614925,1395617373,991378352967,991379829106,7.050630445,-6.882597
209,991428571971,7.082743403,1396123357,1396125525,991414311560,991413726360,7.084527699,-14.845611
210,991453821145,7.107992577,1396631789,1396633661,991446301765,991447623613,7.118424952,-6.197532
211,991494207506,7.148378938,1397140221,1397141803,991482305338,991481520866,7.152322205,-12.686640
212,991522162790,7.176334222,1397648654,1397651778,991514400115,991515418186,7.186219525,-6.744604
213,991561549784,7.215721216,1398157085,1398159889,991550309924,991549315372,7.220116711,-12.234412
214,991590100961,7.244272393,1398665518,1398668017,991582420074,991583212692,7.254014031,-6.888269
215,991624814826,7.278986258,1399173950,1399176114,991618310570,991617109945,7.287911284,-7.704881
216,991659055999,7.313227431,1399682382,1399684238,991650460351,991651007198,7.321808537,-8.048801
217,991697765327,7.351936759,1400190814,1400192347,991686318839,991684904451,7.355705790,-12.860876
218,991727966322,7.382137754,1400699246,1400702353,991718500728,991718801704,7.389603043,-9.164618
219,991763207976,7.417379408,1401207678,1401210471,991754316877,991752698957,7.423500296,-10.509019
220,991796614235,7.450785667,1401716111,1401718649,991786399631,991786596277,7.457397616,-10.017958
221,991838216757,7.492388189,1402224543,1402226790,991822320703,991820493530,7.491294869,-17.723227
222,991863667562,7.517838994,1402732975,1402734927,991854324277,991854390783,7.525192122,-9.276779
223,991898969998,7.553141430,1403241407,1403243035,991886383921,991888288036,7.559089375,-10.681962
224,991934374393,7.588545825,1403749839,1403752989,991922406024,991922185289,7.592986628,-12.189104
225,991974603532,7.628774964,1404258271,1404261142,991954341972,991956082543,7.626883882,-18.520989
226,992000262036,7.654433468,1404766703,1404769253,991990388433,991989979796,7.660781135,-10.282240
227,992031075859,7.685247291,1405275135,1405277365,992022384527,992023877049,7.694678388,-7.198810
228,992067901190,7.722072622,1405783568,1405785482,992058387720,992057774369,7.728575708,-10.126821
229,992111393604,7.765565036,1406292000,1406293631,992090367939,992091671622,7.762472961,-19.721982
230,992137660815,7.791832247,1406800432,1406803575,992126389696,992125568875,7.796370214,-12.091940
231,992167378929,7.821550361,1407308864,1407311684,992158378163,992159466128,7.830267467,-7.912801
232,992207625361,7.861796793,1407817296,1407819803,992194347412,992193363381,7.864164720,-14.261980
233,992246959311,7.901130743,1408325728,1408327914,992226400182,992227260634,7.898061973,-19.698677
234,992269887308,7.924058740,1408834160,1408836036,992262347077,992261157887,7.931959226,-8.729421
235,992303357251,7.957528683,1409342593,1409344156,992294351589,992295055207,7.965856546,-8.302044
236,992338817020,7.992988452,1409851025,1409854157,992330418009,992328952460,7.999753799,-9.864560
237,992378294032,8.032465464,1410359457,1410362212,992362370729,992362849713,8.033651052,-15.444319
238,992407193835,8.061365267,1410867889,1410870367,992398395189,992396746966,8.067548305,-10.446869
239,992438852926,8.093024358,1411376321,1411378492,992430399782,992430644219,8.101445558,-8.208707
240,992470396639,8.124568071,1411884753,1411886635,992466379878,992464541472,8.135342811,-5.855167
241,992507460303,8.161631735,1412393185,1412394771,992498366156,992498438726,8.169240065,-9.021577
242,992540378276,8.194549708,1412901617,1412904792,992530377156,992532335979,8.203137318,-8.042297
243,992581462130,8.235633562,1413410050,1413412903,992566377150,992566233298,8.237034637,-15.228832
244,992622427529,8.276598961,1413918482,1413921052,992598410644,992600130552,8.270931891,-22.296977
245,992669345677,8.323517109,1414426914,1414429148,992634377549,992634027805,8.304829144,-35.317872
246,992693531585,8.347703017,1414935346,1414937270,992666416947,992667925058,8.338726397,-25.606527
247,992724188402,8.378359834,1415443778,1415445398,992702374325,992701822311,8.372623650,-22.366091
248,992742914283,8.397085715,1415952210,1415955363,992734377409,992735719564,8.406520903,-7.194719
249,992777178735,8.431350167,1416460642,1416463513,992770436936,992769616817,8.440418156,-7.561918
250,992814947322,8.469118754,1416969074,1416971630,992802381393,992803514070,8.474315409,-11.433252
251,992846154096,8.500325528,1417477507,1417479780,992838392433,992837411390,8.508212729,-8.742706
252,992878433510,8.532604942,1417985939,1417987917,992870450689,992871308643,8.542109982,-7.124867
253,992915548645,8.569720077,1418494371,1418496009,992906374529,992905205896,8.576007235,-10.342749
254,992945754631,8.599926063,1419002803,1419006038,992938426633,992939103149,8.609904488,-6.651482
255,992981758229,8.635929661,1419511235,1419514158,992974422730,992973000402,8.643801741,-8.757827
256,993014381685,8.668553117,1420019667,1420022252,993006423559,993006897655,8.677698994,-7.484030
257,993049581616,8.703753048,1420528099,1420530393,993042418533,993040794909,8.711596248,-8.786707
258,993084301714,8.738473146,1421036531,1421038513,993074450670,993074692162,8.745493501,-9.609552
259,993113098460,8.767269892,1421544964,1421546642,993110383764,993108589481,8.779390820,-4.508979
260,993156173280,8.810344712,1422053396,1422056682,993142467389,993142486734,8.813288073,-13.686546
261,993196691773,8.850863205,1422561828,1422564809,993174431000,993176383988,8.847185327,-20.307785
262,993239725253,8.893896685,1423070260,1423072943,993210400397,993210281241,8.881082580,-29.444012
263,993264313198,8.918484630,1423578692,1423581039,993242425993,993244178494,8.914979833,-20.134704
264,993287241529,8.941412961,1424087124,1424089190,993278417789,993278075747,8.948877086,-9.165782
265,993316921830,8.971093262,1424595556,1424597279,993310453294,993311973000,8.982774339,-4.948830
266,993354749440,9.008920872,1425103988,1425107265,993346463693,993345870253,9.016671592,-8.879187
267,993387776254,9.041947686,1425612421,1425615427,993378415837,993379767573,9.050568912,-8.008681
268,993423071186,9.077242618,1426120853,1426123555,993414439216,993413664826,9.084466165,-9.406360
269,993454256398,9.108427830,1426629285,1426631682,993446456692,993447562079,9.118363418,-6.694319
270,993497176517,9.151347949,1427137717,1427139790,993482465615,993481459332,9.152260671,-15.717185
271,993541333954,9.195505386,1427646149,1427647905,993514451744,993515356585,9.186157924,-25.977369
272,993569073096,9.223244528,1428154581,1428157895,993550463518,993549253838,9.220055177,-19.819258
273,993589085510,9.243256942,1428663014,1428666014,993582478666,993583151158,9.253952497,-5.934352
274,993626476337,9.280647769,1429171445,1429174154,993618466455,993617048345,9.287849684,-9.427992
275,993665433998,9.319605430,1429679878,1429682316,993650436679,993650945664,9.321747003,-14.488334
276,993697268624,9.351440056,1430188310,1430190420,993686586572,993684842917,9.355644256,-12.425707
277,993729117419,9.383288851,1430696742,1430698556,993718497335,993718740171,9.389541510,-10.377248
278,993758166434,9.412337866,1431205174,1431206656,993754414854,993752637424,9.423438763,-5.529010
279,993798476536,9.452647968,1431713606,1431716668,993786441144,993786534677,9.457336016,-11.941859
280,993825933856,9.480105288,1432222038,1432224800,993818502413,993820431930,9.491233269,-5.501926
281,993860919259,9.515090691,1432730471,1432732927,993854495381,993854329250,9.525130589,-6.590009
282,993898256560,9.552427992,1433238903,1433241064,993886439213,993888226503,9.559027842,-10.030057
283,993944590379,9.598761811,1433747335,1433749156,993922446994,993922123756,9.592925095,-22.466623
284,993967965298,9.622136730,1434255767,1434257293,993954448815,993956021009,9.626822348,-11.944289
285,993997623586,9.651795018,1434764199,1434767317,993990470573,993989918262,9.660719601,-7.705324
286,994034566505,9.688737937,1435272631,1435275450,994022485021,994023815515,9.694616854,-10.750990
287,994072845652,9.727017084,1435781063,1435783556,994058468832,994057712768,9.728514107,-15.132884
288,994097919589,9.752091021,1436289495,1436291696,994090443845,994091610021,9.762411360,-6.309568
289,994134194306,9.788365738,1436797928,1436799820,994126501923,994125507341,9.796308680,-8.686965
290,994166375658,9.820547090,1437306360,1437307947,994158492003,994159404594,9.830205933,-6.971064
291,994207782272,9.861953704,1437814792,1437817920,994194458753,994193301847,9.864103186,-14.480425
292,994234625092,9.888796524,1438323224,1438326031,994226513546,994227199100,9.898000439,-7.425992
293,994275427401,9.929598833,1438831656,1438834146,994262479219,994261096354,9.931897693,-14.331047
294,994306790453,9.960961885,1439340088,1439342271,994294465807,994294993607,9.965794946,-11.796846
295,994336748666,9.990920098,1439848520,1439850379,994330455693,994328890860,9.999692199,-7.857806
296,994370446141,10.024617573,1440356953,1440358496,994362544622,994362788180,10.033589519,-7.657961
297,994412027792,10.066199224,1440865385,1440868507,994398491343,994396685433,10.067486772,-15.342359
298,994441763818,10.095935250,1441373817,1441376645,994430533667,994430582686,10.101384025,-11.181132
299,994472020966,10.126192398,1441882249,1441884787,994462480776,994464479939,10.135281278,-7.541027
300,994508313800,10.162485232,1442390681,1442392913,994498541671,994498377192,10.169178531,-9.936608
301,994536627809,10.190799241,1442899113,1442901010,994530543802,994532274445,10.203075784,-4.353364
302,994573938260,10.228109692,1443407545,1443409106,994566502999,994566171698,10.236973037,-7.766562
303,994610467769,10.264639201,1443915977,1443919091,994598491310,994600068951,10.270870290,-10.398818
304,994642740338,10.296911770,1444424410,1444427240,994634541610,994633966271,10.304767610,-8.774067
305,994673427864,10.327599296,1444932842,1444935321,994666477322,994667863524,10.338664863,-5.564340
306,994710465042,10.364636474,1445441274,1445443453,994702534341,994701760777,10.372562116,-8.704265
307,994744361560,10.398532992,1445949706,1445951550,994734498199,994735658030,10.406459369,-8.703530
308,994777960568,10.432132000,1446458138,1446459652,994770476972,994769555283,10.440356622,-8.405285
309,994809195449,10.463366881,1446966570,1446969662,994802563798,994803452537,10.474253876,-5.742912
310,994852627508,10.506798940,1447475002,1447477767,994838535304,994837349790,10.508151129,-15.277718
311,994890142902,10.544314334,1447983434,1447985892,994870511980,994871247043,10.542048382,-18.895859
312,994925762369,10.579933801,1448491867,1448494026,994906552880,994905144363,10.575945702,-20.618006
313,994947561366,10.601732798,1449000299,1449002180,994938518771,994939041616,10.609842955,-8.519750
314,994983358946,10.637530378,1449508731,1449510278,994974494152,994972938869,10.643740208,-10.420077
315,995027123807,10.681295239,1450017163,1450020269,995006541955,995006836122,10.677637461,-20.287685
316,995052346667,10.706518099,1450525595,1450528420,995042568751,995040733375,10.711534714,-11.613292
317,995085978444,10.740149876,1451034027,1451036542,995074558874,995074630628,10.745431967,-11.347816
318,995116180196,10.770351628,1451542459,1451544672,995106523237,995108527881,10.779329220,-7.652315
319,995158437046,10.812608478,1452050891,1452052786,995142549224,995142425134,10.813226473,-16.011912
320,995184266048,10.838437480,1452559324,1452560876,995174520042,995176322454,10.847123793,-7.943594
321,995218500253,10.872671685,1453067756,1453070885,995210559341,995210219707,10.881021046,-8.280546
322,995250203492,10.904374924,1453576188,1453578985,995242561248,995244116960,10.914918299,-6.086532
323,995285730090,10.939901522,1454084620,1454087108,995278510855,995278014213,10.948815552,-7.715877
324,995319125898,10.973297330,1454593052,1454595255,995310596245,995311911466,10.982712805,-7.214432
325,995356146002,11.010317434,1455101484,1455103363,995346517594,995345808720,11.016610059,-10.337282
326,995388219378,11.042390810,1455609916,1455611508,995378561716,995379705973,11.050507312,-8.513405
327,995429084301,11.083255733,1456118348,1456121508,995414593835,995413603226,11.084404565,-15.481075
328,995454174558,11.108345990,1456626781,1456629659,995446598169,995447500545,11.118301884,-6.674013
329,995494425641,11.148597073,1457135213,1457137755,995482559035,995481397799,11.152199138,-13.027842
330,995522570545,11.176741977,1457643645,1457645901,995514665053,995515295052,11.186096391,-7.275493
331,995562058479,11.216229911,1458152077,1458154050,995550575002,995549192305,11.219993644,-12.866174
332,995590158285,11.244329717,1458660509,1458662154,995582598108,995583089558,11.253890897,-7.068727
333,995625647198,11.279818630,1459168941,1459172173,995618579030,995616986811,11.287788150,-8.660387
334,995662752393,11.316923825,1459677374,1459680331,995650599570,995650884131,11.321685470,-11.868262
335,995709295008,11.363466440,1460185805,1460188452,995686521902,995684781317,11.355582656,-24.513691
336,995733372024,11.387543456,1460694238,1460696558,995718591729,995718678637,11.389479976,-14.693387
337,995757045957,11.411217389,1461202670,1461204648,995750599420,995752575890,11.423377229,-4.470067
338,995795803298,11.449974730,1461711102,1461712772,995786598844,995786473143,11.457274482,-9.330155
339,995838904184,11.493075616,1462219534,1462222775,995818556864,995820370396,11.491171735,-18.533788
340,995864034863,11.518206295,1462727966,1462730910,995854607881,995854267649,11.525068988,-9.767214
341,995893070876,11.547242308,1463236398,1463239041,995886589232,995888164902,11.558966241,-4.905974
342,995931321631,11.585493063,1463744831,1463747175,995922553932,995922062222,11.592863561,-9.259409
343,995967872419,11.622043851,1464253263,1464255289,995954587453,995955959475,11.626760814,-11.912944
344,995998049246,11.652220678,1464761695,1464763402,995990650978,995989856728,11.660658067,-8.192518
345,996031243376,11.685414808,1465270127,1465273391,996022604685,996023753982,11.694555321,-7.489394
346,996066906419,11.721077851,1465778559,1465781497,996058545927,996057651235,11.728452574,-9.255184
347,996104681358,11.758852790,1466286991,1466289624,996090568870,996091548488,11.762349827,-13.132870
348,996135133383,11.789304815,1466795423,1466797780,996126603663,996125445741,11.796247080,-9.687642
349,996165228285,11.819399717,1467303855,1467305874,996158575138,996159342994,11.830144333,-5.885291
350,996208920765,11.863092197,1467812288,1467813989,996194622041,996193240314,11.864041653,-15.680451
351,996251121204,11.905292636,1468320720,1468324018,996226639487,996227137567,11.897938906,-23.983637
352,996275311287,11.929482719,1468829152,1468832130,996262558934,996261034820,11.931836159,-14.276467
353,996301657907,11.955829339,1469337584,1469340276,996294617460,996294932073,11.965733412,-6.725834
354,996339730244,11.993901676,1469846016,1469848404,996330600574,996328829326,11.999630665,-10.900918
355,996383611526,12.037782958,1470354448,1470356525,996362578320,996362726579,12.033527918,-20.884947
356,996411542953,12.065714385,1470862880,1470864636,996394605074,996396623832,12.067425171,-14.919121
357,996436903246,12.091074678,1471371313,1471374617,996430574447,996430521152,12.101322491,-6.382094
358,996474378908,12.128550340,1471879745,1471882707,996462608423,996464418405,12.135219744,-9.960503
359,996519981820,12.174153252,1472388177,1472390811,996498596622,996498315658,12.169116997,-21.666162
360,996545230008,12.199401440,1472896609,1472898938,996530589029,996532212911,12.203014250,-13.017097
361,996575046998,12.229218430,1473405041,1473407077,996566627823,996566110165,12.236911504,-8.936833
362,996607297034,12.261468466,1473913473,1473915190,996598616015,996600007418,12.270808757,-7.289616
363,996644381847,12.298553279,1474421905,1474425196,996634603720,996633904671,12.304706010,-10.477176
364,996677300702,12.331472134,1474930337,1474933336,996666640232,996667801924,12.338603263,-9.498778
365,996710667417,12.364838849,1475438770,1475441489,996702645046,996701699244,12.372500583,-8.968173
366,996742673985,12.396845417,1475947202,1475949622,996734651995,996735596497,12.406397836,-7.077488
367,996778648476,12.432819908,1476455634,1476457705,996770601285,996769493750,12.440295089,-9.154726
368,996810377340,12.464548772,1476964066,1476965826,996802631388,996803391003,12.474192342,-6.986337
369,996847091943,12.501263375,1477472498,1477473982,996838598297,996837288256,12.508089595,-9.803687
370,996878185973,12.532357405,1477980930,1477983982,996870679187,996871185509,12.541986848,-7.000464
371,996921542688,12.575714120,1478489362,1478492113,996906652783,996905082762,12.575884101,-16.459926
372,996946152983,12.600324415,1478997794,1479000234,996938658860,996938980015,12.609781354,-7.172968
373,996981410724,12.635582156,1479506227,1479508389,996974630771,996972877335,12.643678674,-8.533389
374,997014322764,12.668494196,1480014659,1480016526,997006672596,997006774588,12.677575927,-7.548176
375,997052935278,12.707106710,1480523091,1480524623,997038644712,997040671841,12.711473180,-12.263437
376,997082227468,12.736398900,1481031523,1481034586,997074612942,997074569094,12.745370433,-7.658374
377,997113487884,12.767659316,1481539955,1481542714,997106622554,997108466348,12.779267687,-5.021536
378,997151809111,12.805980543,1482048387,1482050839,997142616184,997142363601,12.813164940,-9.445510
379,997197788750,12.851960182,1482556819,1482558956,997174621767,997176260854,12.847062193,-21.527896
380,997225014303,12.879185735,1483065251,1483067083,997210639240,997210158107,12.880959446,-14.856196
381,997249357207,12.903528639,1483573684,1483575238,997242656833,997244055427,12.914856766,-5.301780
382,997294202872,12.948374304,1484082116,1484085232,997278626810,997277952680,12.948754019,-16.250192
383,997348409165,13.002580597,1484590548,1484593389,997310626476,997311849933,12.982651272,-36.559232
384,997373166904,13.027338336,1485098980,1485101528,997346624678,997345747186,13.016548525,-27.419718
385,997393839653,13.048011085,1485607412,1485609606,997378625894,997379644439,13.050445778,-14.195214
386,997427931568,13.082103000,1486115844,1486117721,997414688761,997413541692,13.084343031,-14.389876
387,997473191036,13.127362468,1486624276,1486625854,997446644480,997447438945,13.118240284,-25.752091
388,997504244476,13.158415908,1487132708,1487135849,997482628360,997481336198,13.152137537,-22.908278
389,997528242186,13.182413618,1487641141,1487643951,997514672090,997515233518,13.186034857,-13.008668
390,997559329847,13.213501279,1488149573,1488152091,997550677426,997549130771,13.219932110,-10.199076
391,997606106609,13.260278041,1488658005,1488660179,997582656348,997583028024,13.253829363,-23.078585
392,997633470603,13.287642035,1489166437,1489168311,997618624656,997616925277,13.287726616,-16.545326
393,997657481899,13.311653331,1489674869,1489676459,997650692717,997650822531,13.321623870,-6.659368
394,997690861018,13.345032450,1490183301,1490186453,997686660079,997684719784,13.355521123,-6.141234
395,997741789934,13.395961366,1490691734,1490694554,997718690336,997718617103,13.389418442,-23.172831
396,997766189742,13.420361174,1491200165,1491202685,997750651900,997752514290,13.423315629,-13.675452
397,997794315229,13.448486661,1491708598,1491710834,997786713480,997786411610,13.457212949,-7.903619
398,997828406784,13.482578216,1492217030,1492218920,997818673475,997820308863,13.491110202,-8.097921
399,997867350881,13.521522313,1492725462,1492727016,997854686105,997854206116,13.525007455,-13.144765
400,997894204026,13.548375458,1493233894,1493237045,997886691723,997888103369,13.558904708,-6.100657
401,997930361993,13.584533425,1493742326,1493745174,997922661829,997922000622,13.592801961,-8.361371
402,997962694386,13.616865818,1494250758,1494253282,997954699343,997955897875,13.626699214,-6.796511
403,998002792346,13.656963778,1494759191,1494761381,997990710109,997989795195,13.660596534,-12.997151
404,998030412908,13.684584340,1495267623,1495269487,998022648558,998023692448,13.694493787,-6.720460
405,998070380144,13.724551576,1495776055,1495777649,998058740075,998057589701,13.728391040,-12.790443
406,998098718456,13.752889888,1496284487,1496287689,998090835292,998091486954,13.762288293,-7.231502
407,998140059311,13.794230743,1496792919,1496795821,998126673321,998125384207,13.796185546,-14.675104
408,998166687482,13.820858914,1497301351,1497303927,998158747205,998159281460,13.830082799,-7.406022
409,998209042754,13.863214186,1497809783,1497812044,998194699011,998193178714,13.863980053,-15.864040
410,998247475682,13.901647114,1498318215,1498320187,998226696289,998227075967,13.897877306,-20.399715
411,998279912564,13.934083996,1498826648,1498828335,998262657836,998260973286,13.931774625,-18.939278
412,998301630065,13.955801497,1499335080,1499338304,998294764912,998294870539,13.965671878,-6.759526
413,998338131731,13.992303163,1499843512,1499846395,998330676211,998328767793,13.999569132,-9.363938
414,998369169984,14.023341416,1500351944,1500354522,998362681316,998362665046,14.033466385,-6.504938
415,998406335286,14.060506718,1500860376,1500862654,998394744970,998396562299,14.067363638,-9.772987
416,998440216494,14.094387926,1501368808,1501370775,998430679030,998430459552,14.101260891,-9.756942
417,998470008325,14.124179757,1501877240,1501878895,998462726208,998464356805,14.135158144,-5.651520
418,998508661207,14.162832639,1502385673,1502388894,998498745555,998498254125,14.169055464,-10.407082
419,998545566536,14.199737968,1502894105,1502897011,998530703483,998532151378,14.202952717,-13.415158
420,998575299295,14.229470727,1503402537,1503405137,998566746305,998566048631,14.236849970,-9.250664
421,998606989134,14.261160566,1503910969,1503913299,998598688047,998599945884,14.270747223,-7.043250
422,998642691114,14.296862546,1504419401,1504421438,998634712525,998633843137,14.304644476,-8.847977
423,998692590629,14.346762061,1504927833,1504929548,998666695475,998667740390,14.338541729,-24.850239
424,998720268446,14.374439878,1505436265,1505439530,998702744212,998701637643,14.372438982,-18.630803
425,998746587189,14.400758621,1505944697,1505947630,998734738201,998735534896,14.406336235,-11.052293
426,998778646572,14.432818004,1506453130,1506455734,998770704681,998769432216,14.440233555,-9.214356
427,998829575025,14.483746457,1506961562,1506963858,998802752458,998803329469,14.474130808,-26.245556
428,998851176034,14.505347466,1507469994,1507471980,998838691075,998837226722,14.508028061,-13.949312
429,998879052780,14.533224212,1507978426,1507980101,998870712280,998871123976,14.541925315,-7.928804
430,998919717085,14.573888517,1508486858,1508490103,998906762897,998905021229,14.575822568,-14.695856
431,998963940843,14.618112275,1508995290,1508998243,998938717227,998938918482,14.609719821,-25.022361
432,998990530192,14.644701624,1509503722,1509506329,998974699097,998972815735,14.643617074,-17.714457
433,999014427566,14.668598998,1510012154,1510014428,999006755537,999006712988,14.677514327,-7.714578
434,999049438154,14.703609586,1510520587,1510522538,999038738493,999040610308,14.711411647,-8.827846
435,999093034423,14.747205855,1511029019,1511030676,999074744200,999074507561,14.745308900,-18.526862
436,999120085491,14.774256923,1511537451,1511540696,999106758976,999108404814,14.779206153,-11.680677
437,999150168571,14.804340003,1512045883,1512048845,999142726690,999142302067,14.813103406,-7.866504
438,999185774496,14.839945928,1512554315,1512556973,999174736977,999176199320,14.847000659,-9.575176
439,999234089451,14.888260883,1513062747,1513065067,999210762221,999210096573,14.880897912,-23.992878
440,999259171491,14.913342923,1513571179,1513573208,999242729637,999243993826,14.914795165,-15.177665
441,999285341734,14.939513166,1514079611,1514081345,999278728858,999277891079,14.948692418,-7.450655
442,999318381002,14.972552434,1514588044,1514591352,999310727545,999311788399,14.982589738,-6.592603
443,999358449212,15.012620644,1515096476,1515099475,999346734371,999345685652,15.016486991,-12.763560
444,999386843777,15.041015209,1515604908,1515607616,999378804989,999379582905,15.050384244,-7.260872
445,999426165080,15.080336512,1516113340,1516115756,999414761815,999413480159,15.084281498,-12.684921
446,999454281081,15.108452513,1516621772,1516623878,999446772609,999447377412,15.118178751,-6.903669
447,999496102393,15.150273825,1517130204,1517131993,999482775709,999481274665,15.152076004,-14.827728
448,999523334775,15.177506207,1517638636,1517640101,999514802644,999515171918,15.185973257,-8.162857
449,999562529921,15.216701353,1518147068,1518150119,999550774778,999549069171,15.219870510,-13.460750
450,999592124664,15.246296096,1518655501,1518658243,999582905235,999582966491,15.253767830,-9.158173
451,999636597934,15.290769366,1519163933,1519166345,999618747654,999616863744,15.287665083,-19.734190
452,999661196107,15.315367539,1519672365,1519674457,999650751276,999650760997,15.321562336,-10.435110
453,999690739203,15.344910635,1520180797,1520182544,999682803357,999684658250,15.355459589,-6.080953
454,999730909632,15.385081064,1520689229,1520692517,999718788238,999718555503,15.389356842,-12.354129
455,999778867687,15.433039119,1521197661,1521200685,999750759978,999752452756,15.423254095,-26.414931
456,999808310699,15.462482131,1521706094,1521708825,999786793182,999786350076,15.457151415,-21.960623
457,999830297234,15.484468666,1522214525,1522216953,999818775588,999820247262,15.491048601,-10.049972
458,999867045342,15.521216774,1522722958,1522725113,999854803849,999854144582,15.524945921,-12.900760
459,999906289046,15.560460478,1523231390,1523233230,999886764074,999888041835,15.558843174,-18.247211
460,999931703968,15.585875400,1523739822,1523741356,999922815622,999921939088,15.592740427,-9.764880
461,999963133733,15.617305165,1524248254,1524251363,999954814964,999955836342,15.626637681,-7.297391
462,999999400534,15.653571966,1524756686,1524759466,999990763772,999989733595,15.660534934,-9.666939
463,1000037441527,15.691612959,1525265118,1525267611,1000022786595,1000023630848,15.694432187,-13.810679
464,1000066304374,15.720475806,1525773551,1525775735,1000058758683,1000057528168,15.728329507,-8.776206
465,1000097347070,15.751518502,1526281983,1526283855,1000090786186,1000091425421,15.762226760,-5.921649
466,1000135026647,15.789198079,1526790415,1526791995,1000126818232,1000125322674,15.796124013,-9.703973
467,1000173721174,15.827892606,1527298847,1527302010,1000158819339,1000159219927,15.830021266,-14.501247
468,1000203899661,15.858071093,1527807279,1527810155,1000194853798,1000193117180,15.863918519,-10.782481
469,1000237617521,15.891788953,1528315711,1528318280,1000226828551,1000227014433,15.897815772,-10.603088
470,1000266376081,15.920547513,1528824143,1528826463,1000262802260,1000260911686,15.931713025,-5.464395
471,1000307308809,15.961480241,1529332575,1529334556,1000294791140,1000294808939,15.965610278,-12.499870
472,1000334291446,15.988462878,1529841008,1529842684,1000326840027,1000328706259,15.999507598,-5.585187
473,1000373216713,16.027388145,1530349440,1530352697,1000362843213,1000362603512,16.033404851,-10.613201
474,1000405313273,16.059484705,1530857872,1530860807,1000394795009,1000396500765,16.067302104,-8.812508
475,1000443762472,16.097933904,1531366304,1531368944,1000430798709,1000430398018,16.101199357,-13.364454
476,1000470416942,16.124588374,1531874736,1531877086,1000462850929,1000464295271,16.135096610,-6.121671
477,1000507727116,16.161898548,1532383168,1532385213,1000498850484,1000498192525,16.168993864,-9.534591
478,1000538367332,16.192538764,1532891600,1532893337,1000530863645,1000532089778,16.202891117,-6.277554
479,1000575993811,16.230165243,1533400033,1533403324,1000566830114,1000565987097,16.236788436,-10.006714
480,1000606416749,16.260588181,1533908465,1533911431,1000598796472,1000599884350,16.270685689,-6.532399
481,1000648223073,16.302394505,1534416897,1534419551,1000634830203,1000633781604,16.304582943,-14.441469
482,1000684148667,16.338320099,1534925329,1534927662,1000666818054,1000667678857,16.338480196,-16.469810
483,1000727987663,16.382159095,1535433761,1535435771,1000702848055,1000701576110,16.372377449,-26.411553
484,1000753046705,16.407218137,1535942193,1535943898,1000734811498,1000735473363,16.406274702,-17.573342
485,1000779812732,16.433984164,1536450625,1536453901,1000770823818,1000769370616,16.440171955,-10.442116
486,1000810342842,16.464514274,1536959057,1536962017,1000802885027,1000803267869,16.474069208,-7.074973
487,1000845565827,16.499737259,1537467490,1537470111,1000838856699,1000837165189,16.507966528,-8.400638
488,1000879060405,16.533231837,1537975922,1537978227,1000870894044,1000871062442,16.541863781,-7.997963
489,1000909428514,16.563599946,1538484354,1538486337,1000906869954,1000904959695,16.575761034,-4.468819
490,1000947258265,16.601429697,1538992786,1538994420,1000938872406,1000938856948,16.609658287,-8.401317
491,1000982530948,16.636702380,1539501218,1539504438,1000970854375,1000972754201,16.643555540,-9.776747
492,1001016209550,16.670380982,1540009650,1540012619,1001006833961,1001006651454,16.677452793,-9.558096
493,1001044906545,16.699077977,1540518082,1540520742,1001038826013,1001040548707,16.711350046,-4.357838
494,1001089637247,16.743808679,1541026514,1541028914,1001074841183,1001074445961,16.745247300,-15.191286
495,1001135708589,16.789880021,1541534947,1541537041,1001106849654,1001108343280,16.779144619,-27.365309
496,1001155203813,16.809375245,1542043379,1542045170,1001142836025,1001142240533,16.813041872,-12.963280
497,1001182813472,16.836984904,1542551811,1542553274,1001174848503,1001176137787,16.846939126,-6.675685
498,1001219021735,16.873193167,1543060243,1543063284,1001210876675,1001210035040,16.880836379,-8.986695
499,1001260582483,16.914753915,1543568675,1543571378,1001242844997,1001243932293,16.914733632,-16.650190
500,1001286565541,16.940736973,1544077107,1544079511,1001278853692,1001277829546,16.948630885,-8.735995
501,1001317564953,16.971736385,1544585539,1544587627,1001310886562,1001311726799,16.982528138,-5.838154
502,1001355269222,17.009440654,1545093971,1545095776,1001346873361,1001345624052,17.016425391,-9.645170
503,1001395731019,17.049902451,1545602404,1545603889,1001378887388,1001379521372,17.050322711,-16.209647
504,1001423557190,17.077728622,1546110836,1546113905,1001414884174,1001413418625,17.084219964,-10.138565
505,1001456040968,17.110212400,1546619268,1546622032,1001446897588,1001447315878,17.118117217,-8.725090
506,1001490978438,17.145149870,1547127700,1547130194,1001482834521,1001481213131,17.152014470,-9.765307
507,1001533032710,17.187204142,1547636132,1547638385,1001514882891,1001515110384,17.185911723,-17.922326
508,1001556863641,17.211035073,1548144564,1548146455,1001550851327,1001549007637,17.219808976,-7.856004
509,1001590677369,17.244848801,1548652996,1548654574,1001582854320,1001582904890,17.253706229,-7.772479
510,1001623870354,17.278041786,1549161428,1549164574,1001614915025,1001616802144,17.287603483,-7.068210
511,1001663047886,17.317219318,1549669861,1549672711,1001650861989,1001650699463,17.321500802,-12.348423
512,1001700901821,17.355073253,1550178293,1550180836,1001682871146,1001684596716,17.355398055,-16.305105
513,1001729142271,17.383313703,1550686725,1550688985,1001718895727,1001718493970,17.389295309,-10.648301
514,1001759767506,17.413938938,1551195157,1551197133,1001750914441,1001752391223,17.423192562,-7.376283
515,1001794202374,17.448373806,1551703589,1551705263,1001786924133,1001786288476,17.457089815,-7.913898
516,1001826339962,17.480511394,1552212021,1552215239,1001818863722,1001820185729,17.490987068,-6.154233
517,1001863009874,17.517181306,1552720454,1552723355,1001854923543,1001854083049,17.524884388,-8.926825
518,1001898589992,17.552761424,1553228885,1553231500,1001886864699,1001887980235,17.558781574,-10.609757
519,1001935656590,17.589828022,1553737318,1553739605,1001922872304,1001921877555,17.592678894,-13.779035
520,1001963361818,17.617533250,1554245750,1554247732,1001954984137,1001955774808,17.626576147,-7.587010
521,1002003164274,17.657335706,1554754182,1554755888,1001990872831,1001989672061,17.660473400,-13.492213
522,1002030481301,17.684652733,1555262614,1555265921,1002022964597,1002023569314,17.694370653,-6.911987
523,1002066160977,17.720332409,1555771046,1555774075,1002058936326,1002057466567,17.728267906,-8.694410
524,1002104573891,17.758745323,1556279478,1556282229,1002090928041,1002091363820,17.762165159,-13.210071
525,1002146797974,17.800969406,1556787911,1556790310,1002126874587,1002125261140,17.796062479,-21.536834
526,1002170818746,17.824990178,1557296343,1557298436,1002158912545,1002159158393,17.829959732,-11.660353
527,1002197718170,17.851889602,1557804775,1557806594,1002194894905,1002193055646,17.863856985,-4.662524
528,1002241756084,17.895927516,1558313207,1558314698,1002226937546,1002226952899,17.897754238,-14.803185
529,1002293639805,17.947811237,1558821639,1558824682,1002258920420,1002260850153,17.931651492,-32.789652
530,1002320993965,17.975165397,1559330071,1559332780,1002294927016,1002294747406,17.965548745,-26.246559
531,1002343686720,17.997858152,1559838503,1559840874,1002326938053,1002328644659,17.999445998,-15.042061
532,1002370756567,18.024927999,1560346935,1560348966,1002363097401,1002362541912,18.033343251,-8.214655
533,1002416508784,18.070680216,1560855368,1560857109,1002394909592,1002396439232,18.067240571,-20.069552
534,1002439580907,18.093752339,1561363800,1561367119,1002430909233,1002430336485,18.101137824,-9.244422
535,1002473259347,18.127430779,1561872232,1561875245,1002462951282,1002464233738,18.135035077,-9.025609
536,1002507731926,18.161903358,1562380664,1562383389,1002498896418,1002498130991,18.168932330,-9.600935
537,1002554170879,18.208342311,1562889096,1562891494,1002530920531,1002532028244,18.202829583,-22.142635
538,1002580492556,18.234663988,1563397528,1563399623,1002566947482,1002565925497,18.236726836,-14.567059
539,1002605601885,18.259773317,1563905960,1563907758,1002598917145,1002599822750,18.270624089,-5.779135
540,1002650472085,18.304643517,1564414393,1564415885,1002634937322,1002633720070,18.304521409,-16.752015
541,1002694322547,18.348493979,1564922825,1564925881,1002666923455,1002667617323,18.338418662,-26.705224
542,1002719832087,18.374003519,1565431257,1565433985,1002702930016,1002701514576,18.372315915,-18.317511
543,1002742430775,18.396602207,1565939689,1565942096,1002735045727,1002735411829,18.406213168,-7.018946
544,1002780606115,18.434777547,1566448121,1566450218,1002770949659,1002769309082,18.440110421,-11.297033
545,1002829677698,18.483849130,1566956553,1566958362,1002802961533,1002803206336,18.474007675,-26.471362
546,1002857689012,18.511860444,1567464985,1567466472,1002838921837,1002837103589,18.507904928,-20.585423
547,1002879776136,18.533947568,1567973417,1567976461,1002870968523,1002871000842,18.541802181,-8.775294
548,1002910905839,18.565077271,1568481850,1568484590,1002902998152,1002904898161,18.575699500,-6.007678
549,1002952295378,18.606466810,1568990282,1568992719,1002938942250,1002938795415,18.609596754,-13.499963
550,1002978379086,18.632550518,1569498714,1569500808,1002970960971,1002972692668,18.643494007,-5.686418
551,1003015280380,18.669451812,1570007146,1570008963,1003006981422,1003006589921,18.677391260,-8.690459
552,1003046380395,18.700551827,1570515578,1570517096,1003038958329,1003040487174,18.711288513,-5.893221
553,1003089652139,18.743823571,1571024010,1571027095,1003074992611,1003074384427,18.745185766,-15.267712
554,1003115437318,18.769608750,1571532442,1571535217,1003106985754,1003108281680,18.779083019,-7.155638
555,1003156084385,18.810255817,1572040874,1572043357,1003142940455,1003142178933,18.812980272,-13.905452
556,1003183811456,18.837982888,1572549307,1572551518,1003174936467,1003176076253,18.846877592,-7.735203
557,1003227367058,18.881538490,1573057739,1573059620,1003210952344,1003209973506,18.880774845,-17.393552
558,1003250655267,18.904826699,1573566171,1573567744,1003242981729,1003243870759,18.914672098,-6.784508
559,1003288519025,18.942690457,1574074603,1574077739,1003278965299,1003277768012,18.948569351,-10.751013
560,1003318476479,18.972647911,1574583035,1574585852,1003310983152,1003311665265,18.982466604,-6.811214
561,1003360460653,19.014632085,1575091467,1575093980,1003347024187,1003345562518,19.016363857,-14.898135
562,1003386412841,19.040584273,1575599899,1575602146,1003378956247,1003379459772,19.050261111,-6.953069
563,1003423486875,19.077658307,1576108331,1576110283,1003414940176,1003413357025,19.084158364,-10.129850
564,1003454970138,19.109141570,1576616764,1576618429,1003446964773,1003447254344,19.118055683,-7.715794
565,1003502933458,19.157104890,1577125196,1577128441,1003482960971,1003481151598,19.151952937,-21.781860
566,1003527788544,19.181959976,1577633628,1577636587,1003514997781,1003515048851,19.185850190,-12.739693
567,1003555141487,19.209312919,1578142060,1578144671,1003547015503,1003548946104,19.219747443,-6.195383
568,1003593090639,19.247262071,1578650492,1578652774,1003583013598,1003582843357,19.253644696,-10.247282
569,1003636937684,19.291109116,1579158924,1579160899,1003615016531,1003616740610,19.287541949,-20.197074
570,1003662262608,19.316434040,1579667356,1579669007,1003650992544,1003650637863,19.321439202,-11.624745
571,1003689382306,19.343553738,1580175788,1580178995,1003682997368,1003684535116,19.355336455,-4.847190
572,1003727256447,19.381427879,1580684221,1580687108,1003719028211,1003718432436,19.389233775,-8.824011
573,1003767883782,19.422055214,1581192653,1581195213,1003750978994,1003752329689,19.423131028,-15.554093
574,1003794590875,19.448762307,1581701085,1581703337,1003787052585,1003786226942,19.457028281,-8.363933
575,1003826345370,19.480516802,1582209517,1582211458,1003819031862,1003820124195,19.490925534,-6.221175
576,1003868222180,19.522393612,1582717949,1582719588,1003855010798,1003854021448,19.524822787,-14.200732
577,1003913809045,19.567980477,1583226381,1583229592,1003886997708,1003887918701,19.558720040,-25.890344
578,1003939794451,19.593965883,1583734814,1583737732,1003922992724,1003921816021,19.592617360,-17.978430
579,1003961454439,19.615625871,1584243245,1584245874,1003955042256,1003955713208,19.626514547,-5.741231
580,1003999896674,19.654068106,1584751678,1584753997,1003991022158,1003989610527,19.660411866,-10.286147
581,1004046598850,19.700770282,1585260110,1585262133,1004023031578,1004023507781,19.694309120,-23.091069
582,1004072979302,19.727150734,1585768542,1585770246,1004058993471,1004057405034,19.728206373,-15.574268
583,1004097617017,19.751788449,1586276974,1586280225,1004091041849,1004091302287,19.762103626,-6.314730
584,1004134771678,19.788943110,1586785406,1586788341,1004127060833,1004125199540,19.796000879,-9.572138
585,1004176614577,19.830786009,1587293838,1587296452,1004159049716,1004159096793,19.829898132,-17.517784
586,1004205046632,19.859218064,1587802271,1587804574,1004191178197,1004192994113,19.863795452,-12.052519
587,1004235197773,19.889369205,1588310703,1588312701,1004227185268,1004226891366,19.897692705,-8.306407
588,1004268309004,19.922480436,1588819135,1588820797,1004259066062,1004260788619,19.931589958,-7.520385
589,1004316446013,19.970617445,1589327567,1589330770,1004295044513,1004294685872,19.965487211,-21.760141
590,1004343902865,19.998074297,1589835999,1589838943,1004327132967,1004328583125,19.999384464,-15.319740
591,1004369942085,20.024113517,1590344431,1590347028,1004362998766,1004362480378,20.033281717,-7.461707
592,1004403235919,20.057407351,1590852863,1590855113,1004395054578,1004396377631,20.067178970,-6.858288
593,1004450839232,20.105010664,1591361295,1591363238,1004431044580,1004430274884,20.101076223,-20.564348
594,1004476327083,20.130498515,1591869728,1591871398,1004463040966,1004464172204,20.134973543,-12.154879
595,1004507366033,20.161537465,1592378160,1592381414,1004499038732,1004498069457,20.168870796,-9.296576
596,1004538601169,20.192772601,1592886592,1592889578,1004531069672,1004531966710,20.202768049,-6.634459
597,1004583784663,20.237956095,1593395024,1593397703,1004567012427,1004565863964,20.236665303,-17.920699
598,1004611220630,20.265392062,1593903456,1593905787,1004599052807,1004599761217,20.270562556,-11.459413
599,1004642074195,20.296245627,1594411888,1594413914,1004635008111,1004633658470,20.304459809,-8.415725
600,1004678711912,20.332883344,1594920320,1594922044,1004667080979,1004667555723,20.338357062,-11.156189
601,1004727503929,20.381675361,1595428753,1595432050,1004703083335,1004701453043,20.372254382,-26.050886
602,1004751730153,20.405901585,1595937185,1595940177,1004735182410,1004735350296,20.406151635,-16.379857
603,1004777571537,20.431742969,1596445617,1596448314,1004771097525,1004769247549,20.440048888,-8.323988
604,1004812975723,20.467147155,1596954049,1596956440,1004803062238,1004803144802,20.473946141,-9.830921
605,1004861683503,20.515854935,1597462481,1597464571,1004835067559,1004837042055,20.507843394,-24.641448
606,1004885946968,20.540118400,1597970913,1597972725,1004871045735,1004870939308,20.541740647,-15.007660
607,1004910190903,20.564362335,1598479345,1598480836,1004903088809,1004904836561,20.575637900,-5.354342
608,1004951715195,20.605886627,1598987777,1598990840,1004939149209,1004938733814,20.609535153,-12.981381
609,1004993016608,20.647188040,1599496210,1599498941,1004971065941,1004972631134,20.643432473,-20.385474
610,1005022923578,20.677095010,1600004642,1600007063,1005007054697,1005006528387,20.677329726,-16.395191
611,1005046324168,20.700495600,1600513074,1600515194,1005039140496,1005040425640,20.711226979,-5.898528
612,1005084774549,20.738945981,1601021506,1601023337,1005075210560,1005074322893,20.745124232,-10.451656
613,1005130753715,20.784925147,1601529938,1601531506,1005107101510,1005108220147,20.779021486,-22.533568
614,1005155028650,20.809200082,1602038370,1602041504,1005143066412,1005142117400,20.812918739,-12.911250
615,1005182024826,20.836196258,1602546802,1602549600,1005175124864,1005176014653,20.846815992,-6.010173
616,1005223876420,20.878047852,1603055234,1603057731,1005211088131,1005209911906,20.880713245,-13.964514
617,1005265869114,20.920040546,1603563667,1603565833,1005243098707,1005243809226,20.914610565,-22.059888
618,1005292092242,20.946263674,1604072099,1604073954,1005279074313,1005277706479,20.948507818,-14.385763
619,1005317741875,20.971913307,1604580531,1604582069,1005311068253,1005311603732,20.982405071,-6.138143
620,1005355787079,21.009958511,1605088963,1605092064,1005347090733,1005345500985,21.016302324,-10.286094
621,1005400313434,21.054484866,1605597395,1605600208,1005379064267,1005379398238,21.050199577,-20.915196
622,1005425379968,21.079551400,1606105827,1606108349,1005415167060,1005413295491,21.084096830,-12.084477
623,1005453868436,21.108039868,1606614259,1606616452,1005447124523,1005447192744,21.117994083,-6.675692
624,1005487439953,21.141611385,1607122691,1607124568,1005479250039,1005481089997,21.151891336,-6.349956
625,1005526970094,21.181141526,1607631124,1607632683,1005515103460,1005514987317,21.185788656,-11.982777
626,1005555087366,21.209258798,1608139556,1608142674,1005547114675,1005548884570,21.219685909,-6.202796
627,1005592023915,21.246195347,1608647988,1608650840,1005583153803,1005582781823,21.253583162,-9.242092
628,1005624129170,21.278300602,1609156420,1609158951,1005615114464,1005616679076,21.287480415,-7.450094
629,1005660942760,21.315114192,1609664852,1609667090,1005651075527,1005650576330,21.321377669,-10.366430
630,1005691738304,21.345909736,1610173284,1610175203,1005683085442,1005684473583,21.355274922,-7.264721
631,1005727275721,21.381447153,1610681716,1610683336,1005719113484,1005718370836,21.389172175,-8.904885
632,1005758486906,21.412658338,1611190148,1611193337,1005751109630,1005752268089,21.423069428,-6.218817
633,1005796520324,21.450691756,1611698581,1611701451,1005787082888,1005786165409,21.456966748,-10.354915
634,1005827379173,21.481550605,1612207013,1612209586,1005819111803,1005820062662,21.490864001,-7.316511
635,1005865595161,21.519766593,1612715445,1612717741,1005855081703,1005853959915,21.524761254,-11.635246
636,1005897104943,21.551276375,1613223877,1613225837,1005887094942,1005887857168,21.558658507,-9.247775
637,1005941053567,21.595224999,1613732309,1613733980,1005923112946,1005921754421,21.592555760,-19.299146
638,1005967790011,21.621961443,1614240741,1614244012,1005955100957,1005955651674,21.626453013,-12.138337
639,1005999297421,21.653468853,1614749174,1614752105,1005991092492,1005989548994,21.660350333,-9.748427
640,1006034340578,21.688512010,1615257605,1615260254,1006023108005,1006023446180,21.694247519,-10.894398
641,1006072012600,21.726184032,1615766038,1615768379,1006059083225,1006057343500,21.728144839,-14.669100
642,1006098735285,21.752906717,1616274470,1616276482,1006091144781,1006091240753,21.762042092,-7.494532
643,1006130353396,21.784524828,1616782902,1616784662,1006123127574,1006125138006,21.795939345,-5.215390
644,1006169413969,21.823585401,1617291334,1617294655,1006159110649,1006159035259,21.829836598,-10.378710
645,1006210160810,21.864332242,1617799766,1617802772,1006191122034,1006192932512,21.863733851,-17.228298
646,1006234514898,21.888686330,1618308198,1618310900,1006227108456,1006226829766,21.897631105,-7.685132
647,1006268140657,21.922312089,1618816631,1618819034,1006259128168,1006260727085,21.931528424,-7.413572
648,1006303819176,21.957990608,1619325063,1619327153,1006295104698,1006294624338,21.965425677,-9.194838
649,1006341438744,21.995610176,1619833495,1619835297,1006327124007,1006328521592,21.999322931,-12.917152
650,1006370576576,22.024748008,1620341927,1620343440,1006363120239,1006362418845,22.033220184,-8.157731
651,1006402672137,22.056843569,1620850359,1620853457,1006395115805,1006396316098,22.067117437,-6.356039
652,1006444746934,22.098918366,1621358791,1621361551,1006431115602,1006430213351,22.101014690,-14.533583
653,1006483671718,22.137843150,1621867223,1621869666,1006463112373,1006464110604,22.134911943,-19.561114
654,1006509506230,22.163677662,1622375655,1622377774,1006499200297,1006498007857,22.168809196,-11.498373
655,1006543952531,22.198123963,1622884088,1622885920,1006531127791,1006531905177,22.202706516,-12.047354
656,1006580402992,22.234574424,1623392520,1623394061,1006567123586,1006565802430,22.236603769,-14.600562
657,1006627128702,22.281300134,1623900952,1623904082,1006599140561,1006599699683,22.270501022,-27.429019
658,1006652815353,22.306986785,1624409384,1624412222,1006635143755,1006633596936,22.304398275,-19.218417
659,1006673419845,22.327591277,1624917816,1624920350,1006667172925,1006667494189,22.338295528,-5.925656
660,1006715808462,22.369979894,1625426248,1625428477,1006703126347,1006701391442,22.372192781,-14.417020
661,1006756377984,22.410549416,1625934680,1625936584,1006735149759,1006735288695,22.406090034,-21.089289
662,1006782572608,22.436744040,1626443113,1626444700,1006767159591,1006769186015,22.439987354,-13.386593
663,1006809539898,22.463711330,1626951545,1626954716,1006803146123,1006803083268,22.473884607,-6.456630
664,1006842952704,22.497124136,1627459977,1627462859,1006835174990,1006836980521,22.507781860,-5.972183
665,1006890304398,22.544475830,1627968409,1627970986,1006871142079,1006870877775,22.541679114,-19.426623
666,1006914332714,22.568504146,1628476841,1628479074,1006903145432,1006904775028,22.575576367,-9.557686
667,1006945521610,22.599693042,1628985273,1628987204,1006939140544,1006938672281,22.609473620,-6.849329
668,1006983692853,22.637864285,1629493705,1629495340,1006971146316,1006972569534,22.643370873,-11.123319
669,1007030544843,22.684716275,1630002137,1630005301,1007007158495,1007006466787,22.677268126,-24.078056
670,1007054383504,22.708554936,1630510570,1630513432,1007039161007,1007040364107,22.711165446,-14.019397
671,1007083228846,22.737400278,1631019002,1631021606,1007075146815,1007074261360,22.745062699,-8.967486
672,1007115317669,22.769489101,1631527434,1631529732,1007107159279,1007108158613,22.778959952,-7.159056
673,1007154106423,22.808277855,1632035866,1632037806,1007143157648,1007142055866,22.812857205,-12.050557
674,1007183324060,22.837495492,1632544298,1632545904,1007175164500,1007175953119,22.846754458,-7.370941
675,1007219877050,22.874048482,1633052730,1633055928,1007211178920,1007209850372,22.880651711,-10.026678
676,1007255649238,22.909820670,1633561162,1633564055,1007243200452,1007243747625,22.914548964,-11.901613
677,1007298666997,22.952838429,1634069594,1634072170,1007279174087,1007277644878,22.948446217,-21.022119
678,1007324889281,22.979060713,1634578027,1634580267,1007311204694,1007311542198,22.982343537,-13.347083
679,1007357737535,23.011908967,1635086459,1635088398,1007347155644,1007345439451,23.016240790,-12.298084
680,1007386834054,23.041005486,1635594891,1635596468,1007379171916,1007379336704,23.050138043,-7.497350
681,1007428449125,23.082620557,1636103323,1636106477,1007415179400,1007413233958,23.084035297,-15.215167
682,1007454752266,23.108923698,1636611755,1636614638,1007447186774,1007447131211,23.117932550,-7.621055
683,1007486085115,23.140256547,1637120187,1637122757,1007479172540,1007481028464,23.151829803,-5.056651
684,1007527961029,23.182132461,1637628619,1637630893,1007515241364,1007514925717,23.185727056,-13.035312
685,1007569436942,23.223608374,1638137051,1638138992,1007547205183,1007548822970,23.219624309,-20.613972
686,1007592650603,23.246822035,1638645484,1638647134,1007583254640,1007582720290,23.253521629,-9.930313
687,1007622115035,23.276286467,1639153916,1639157155,1007615183342,1007616617543,23.287418882,-5.497492
688,1007665893590,23.320065022,1639662348,1639665308,1007651176982,1007650514796,23.321316135,-15.378794
689,1007708218685,23.362390117,1640170780,1640173448,1007683193505,1007684412049,23.355213388,-23.806636
690,1007733952760,23.388124192,1640679212,1640681565,1007719238049,1007718309302,23.389110641,-15.643458
691,1007758052496,23.412223928,1641187644,1641189665,1007751201126,1007752206555,23.423007894,-5.845941
692,1007802086826,23.456258258,1641696076,1641697798,1007787184921,1007786103808,23.456905147,-15.983018
693,1007857253961,23.511425393,1642204508,1642207750,1007819212659,1007820001061,23.490802400,-37.252900
694,1007885652914,23.539824346,1642712941,1642715832,1007855188232,1007853898381,23.524699720,-31.754533
695,1007907332269,23.561503701,1643221373,1643223955,1007887208918,1007887795634,23.558596973,-19.536635
696,1007935069446,23.589240878,1643729805,1643732121,1007923226340,1007921692887,23.592494226,-13.376559
697,1007973100031,23.627271463,1644238237,1644240253,1007955215165,1007955590141,23.626391480,-17.509890
698,1007998544745,23.652716177,1644746669,1644748358,1007991192731,1007989487394,23.660288733,-9.057351
699,1008032799856,23.686971288,1645255101,1645258352,1008023232919,1008023384647,23.694185986,-9.415209
700,1008062749109,23.716920541,1645763534,1645766515,1008059190360,1008057281966,23.728083305,-5.467143
701,1008099039709,23.753211141,1646271965,1646274630,1008091215138,1008091179153,23.761980492,-7.860556
702,1008130581608,23.784753040,1646780398,1646782749,1008123218085,1008125076473,23.795877812,-5.505135
703,1008166572901,23.820744333,1647288830,1647290896,1008159214020,1008158973726,23.829775065,-7.599175
704,1008198698228,23.852869660,1647797262,1647799026,1008191213743,1008192870979,23.863672318,-5.827249
705,1008234334287,23.888505719,1648305694,1648307166,1008227212544,1008226768232,23.897569571,-7.566055
706,1008267439641,23.921611073,1648814126,1648817170,1008259217662,1008260665485,23.931466824,-6.774156
707,1008305459535,23.959630967,1649322558,1649325310,1008295224107,1008294562738,23.965364077,-10.896797
708,1008336441261,23.990612693,1649830991,1649833431,1008327218744,1008328460058,23.999261397,-7.981203
709,1008369538246,24.023709678,1650339423,1650341560,1008363227445,1008362357311,24.033158650,-7.180935
710,1008405495295,24.059666727,1650847855,1650849642,1008395228765,1008396254564,24.067055903,-9.240731
711,1008441324861,24.095496293,1651356287,1651357783,1008431265118,1008430151817,24.100953156,-11.173044
712,1008470067111,24.124238543,1651864719,1651867803,1008463268825,1008464049070,24.134850409,-6.018041
713,1008505734069,24.159905501,1652373151,1652375917,1008499235035,1008497946323,24.168747662,-7.787746
714,1008538278753,24.192450185,1652881583,1652884024,1008531236332,1008531843577,24.202644916,-6.435176
715,1008575336996,24.229508428,1653390015,1653392122,1008567258769,1008565740830,24.236542169,-9.596166
716,1008607692153,24.261863585,1653898448,1653900234,1008599242266,1008599638149,24.270439488,-8.054004
717,1008646016796,24.300188228,1654406880,1654408371,1008635232200,1008633535403,24.304336742,-12.481393
718,1008674734449,24.328905881,1654915312,1654918364,1008667250219,1008667432656,24.338233995,-7.301793
719,1008706732557,24.360903989,1655423744,1655426491,1008703237399,1008701329909,24.372131248,-5.402648
720,1008742043589,24.396215021,1655932176,1655934638,1008735244175,1008735227162,24.406028501,-6.816427
721,1008773218085,24.427389517,1656440608,1656442767,1008767277787,1008769124415,24.439925754,-4.093670
722,1008813835056,24.468006488,1656949040,1656950882,1008803314984,1008803021668,24.473823007,-10.813388
723,1008846895053,24.501066485,1657457473,1657459029,1008835255290,1008836918988,24.507720327,-9.976065
724,1008878872897,24.533044329,1657965905,1657969027,1008871271629,1008870816241,24.541617580,-8.056656
725,1008929859874,24.584031306,1658474337,1658477144,1008903283314,1008904713494,24.575514833,-25.146380
726,1008963643373,24.617814805,1658982769,1658985287,1008939270638,1008938610747,24.609412086,-25.032626
727,1008983385005,24.637556437,1659491201,1659493445,1008971257183,1008972508000,24.643309339,-10.877005
728,1009013905565,24.668076997,1659999633,1660001595,1009007252872,1009006405253,24.677206592,-7.500312
729,1009050188682,24.704360114,1660508065,1660509721,1009039269238,1009040302506,24.711103845,-9.886176
730,1009082872408,24.737043840,1661016497,1661019718,1009075336384,1009074199760,24.745001099,-8.672648
731,1009113972144,24.768143576,1661524930,1661527801,1009107314136,1009108097079,24.778898418,-5.875065
732,1009151811681,24.805983113,1662033362,1662035939,1009143257664,1009141994332,24.812795671,-9.817349
733,1009190179060,24.844350492,1662541794,1662544027,1009175299274,1009175891586,24.846692925,-14.287474
734,1009218792617,24.872964049,1663050226,1663052176,1009211256869,1009209788839,24.880590178,-9.003778
735,1009251214788,24.905386220,1663558658,1663560294,1009243288676,1009243686092,24.914487431,-7.528696
736,1009289140295,24.943311727,1664067090,1664070312,1009279313989,1009277583345,24.948384684,-11.556950
737,1009329876745,24.984048177,1664575522,1664578423,1009311297514,1009311480598,24.982281937,-18.396147
738,1009353079382,25.007250814,1665083954,1665086576,1009347305716,1009345377851,25.016179190,-7.701531
739,1009386277187,25.040448619,1665592387,1665594677,1009379279920,1009379275171,25.050076510,-7.002016
740,1009422331743,25.076503175,1666100819,1666102814,1009411334575,1009413172424,25.083973763,-9.159319
741,1009462960086,25.117131518,1666609251,1666610934,1009447311950,1009447069677,25.117871016,-15.890409
742,1009488090796,25.142262228,1667117683,1667120935,1009479290068,1009480966930,25.151768269,-7.123866
743,1009523504154,25.177675586,1667626115,1667629057,1009515301786,1009514864183,25.185665522,-8.639971
744,1009554827760,25.208999192,1668134547,1668137236,1009547325998,1009548761436,25.219562775,-6.066324
745,1009595594959,25.249766391,1668642979,1668645354,1009583345340,1009582658689,25.253460028,-12.936270
746,1009623708760,25.277880192,1669151411,1669153466,1009615295468,1009616555943,25.287357282,-7.152817
747,1009663900305,25.318071737,1669659844,1669661550,1009651339253,1009650453262,25.321254601,-13.447043
748,1009690770384,25.344941816,1670168276,1670171557,1009683291839,1009684350515,25.355151854,-6.419869
749,1009729300239,25.383471671,1670676708,1670679724,1009719300846,1009718247769,25.389049108,-11.052470
750,1009758937017,25.413108449,1671185140,1671187834,1009751332711,1009752145022,25.422946361,-6.791995
751,1009800780996,25.454952428,1671693572,1671695954,1009787298032,1009786042275,25.456843614,-14.738721
752,1009840526180,25.494697612,1672202004,1672204080,1009819316316,1009819939528,25.490740867,-20.586652
753,1009876042253,25.530213685,1672710436,1672712216,1009855313678,1009853836781,25.524638120,-22.205472
754,1009901391736,25.555563168,1673218868,1673222182,1009887337428,1009887734034,25.558535373,-13.657702
755,1009930033589,25.584205021,1673727301,1673730296,1009923295925,1009921631354,25.592432693,-8.402235
756,1009962390806,25.616562238,1674235733,1674238417,1009955356359,1009955528607,25.626329946,-6.862199
757,1009994934468,25.649105900,1674744165,1674746515,1009991300490,1009989425860,25.660227199,-5.508608
758,1010033328405,25.687499837,1675252597,1675254645,1010023319081,1010023323113,25.694124452,-10.005292
759,1010062440171,25.716611603,1675761029,1675762771,1010055330838,1010057220366,25.728021705,-5.219805
760,1010100123004,25.754294436,1676269461,1676270922,1010091337193,1010091117619,25.761918958,-9.005385
761,1010133295552,25.787466984,1676777894,1676780950,1010123335837,1010125014939,25.795816278,-8.280613
762,1010180020960,25.834192392,1677286325,1677289081,1010159325036,1010158912126,25.829713465,-21.108834
763,1010211379908,25.865551340,1677794758,1677797194,1010191357296,1010192809445,25.863610784,-18.570463
764,1010235135944,25.889307376,1678303190,1678305328,1010227332927,1010226706698,25.897508037,-8.429246
765,1010267831405,25.922002837,1678811622,1678813466,1010259337681,1010260603952,25.931405291,-7.227453
766,1010302848397,25.957019829,1679320054,1679321575,1010295397405,1010294501205,25.965302544,-8.347192
767,1010344097667,25.998269099,1679828486,1679831562,1010327352980,1010328398458,25.999199797,-15.699209
768,1010370232728,26.024404160,1680336918,1680339681,1010363330121,1010362295711,26.033097050,-7.937017
769,1010403140403,26.057311835,1680845351,1680847799,1010395349808,1010396193031,26.066994370,-6.947372
770,1010440702002,26.094873434,1681353783,1681355934,1010431336146,1010430090284,26.100891623,-10.611718
771,1010485262194,26.139433626,1681862215,1681864049,1010463372794,1010463987537,26.134788876,-21.274657
772,1010517382255,26.171553687,1682370647,1682372177,1010499394025,1010497884790,26.168686129,-19.497465
773,1010540220488,26.194391920,1682879079,1682882158,1010531359638,1010531782043,26.202583382,-8.438445
774,1010577410635,26.231582067,1683387511,1683390276,1010567384802,1010565679296,26.236480635,-11.731339
775,1010630891082,26.285062514,1683895943,1683898372,1010599358792,1010599576549,26.270377888,-31.314533
776,1010652680605,26.306852037,1684404375,1684406514,1010635331145,1010633473802,26.304275141,-19.206803
777,1010678150464,26.332321896,1684912808,1684914660,1010667382580,1010667371122,26.338172461,-10.779342
778,1010708147220,26.362318652,1685421240,1685422765,1010699360173,1010701268375,26.372069714,-6.878845
779,1010750492728,26.404664160,1685929672,1685932772,1010735367502,1010735165628,26.405966967,-15.327100
780,1010774451872,26.428623304,1686438104,1686440842,1010767383095,1010769062881,26.439864220,-5.388991
781,1010815637798,26.469809230,1686946536,1686949030,1010803387715,1010802960134,26.473761473,-12.677664
782,1010846667282,26.500838714,1687454968,1687457161,1010835395088,1010836857388,26.507658727,-9.809894
783,1010902277369,26.556448801,1687963400,1687965296,1010871391072,1010870754641,26.541555980,-31.522728
784,1010927778394,26.581949826,1688471833,1688473418,1010903393674,1010904651960,26.575453299,-23.126434
785,1010958245599,26.612417031,1688980265,1688983438,1010939400514,1010938549214,26.609350553,-19.696385
786,1010979767837,26.633939269,1689488697,1689491539,1010971485836,1010972446467,26.643247806,-7.321370
787,1011020978214,26.675149646,1689997129,1689999689,1011007360546,1011006343720,26.677145059,-14.634494
788,1011045936898,26.700108330,1690505561,1690507832,1011039466160,1011040240973,26.711042312,-5.695925
789,1011088721242,26.742892674,1691013993,1691015961,1011075423105,1011074138226,26.744939565,-14.583016
790,1011124165950,26.778337382,1691522425,1691524051,1011107427810,1011108035479,26.778836818,-16.130471
791,1011159947043,26.814118475,1692030857,1692034057,1011143421795,1011141932732,26.812734071,-18.014311
792,1011184349961,26.838521393,1692539290,1692542232,1011175474251,1011175830052,26.846631391,-8.519909
793,1011224556275,26.878727707,1693047722,1693050360,1011211370482,1011209727305,26.880528644,-14.828970
794,1011258352339,26.912523771,1693556154,1693558490,1011243432532,1011243624558,26.914425897,-14.727781
795,1011293021674,26.947193106,1694064586,1694066587,1011279384328,1011277521811,26.948323150,-15.499863
796,1011320586006,26.974757438,1694573018,1694574679,1011311388281,1011311419064,26.982220403,-9.166942
797,1011350610003,27.004781435,1695081450,1695084696,1011343449818,1011345316317,27.016117656,-5.293686
798,1011386325734,27.040497166,1695589882,1695592807,1011379426040,1011379213571,27.050014910,-7.112163
799,1011427585697,27.081757129,1696098314,1696100959,1011411410324,1011413110824,27.083912163,-14.474873
800,1011456355251,27.110526683,1696606747,1696609051,1011447429249,1011447008143,27.117809482,-9.347108
801,1011492951437,27.147122869,1697115179,1697117141,1011479434539,1011480905397,27.151706736,-12.046040
802,1011523701273,27.177872705,1697623611,1697625267,1011515445885,1011514802650,27.185603989,-8.898623
803,1011567248509,27.221419941,1698132043,1698135261,1011547431523,1011548699903,27.219501242,-18.548606
804,1011597698325,27.251869757,1698640475,1698643379,1011583438713,1011582597156,27.253398495,-15.101169
805,1011621534435,27.275705867,1699148907,1699151505,1011615433029,1011616494409,27.287295748,-5.040026
806,1011659334116,27.313505548,1699657339,1699659617,1011651398538,1011650391662,27.321193001,-8.942454
807,1011705875266,27.360046698,1700165771,1700167746,1011683424608,1011684288915,27.355090254,-21.586351
808,1011729672170,27.383843602,1700674204,1700675871,1011719450952,1011718186235,27.388987574,-11.485935
809,1011762334316,27.416505748,1701182636,1701185846,1011751473522,1011752083488,27.422884827,-10.250828
810,1011801731606,27.455903038,1701691068,1701693975,1011787393940,1011785980741,27.456782080,-15.750865
811,1011855247421,27.509418853,1702199500,1702202088,1011819433425,1011819877994,27.490679333,-35.369427
812,1011880443390,27.534614822,1702707932,1702710224,1011855450024,1011853775247,27.524576586,-26.668143
813,1011908450634,27.562622066,1703216364,1703218356,1011887421200,1011887672500,27.558473839,-20.778134
814,1011933914482,27.588085914,1703724796,1703726466,1011923445959,1011921569754,27.592371093,-12.344728
815,1011989092164,27.643263596,1704233228,1704236477,1011955455793,1011955467007,27.626268346,-33.625157
816,1012012797221,27.666968653,1704741661,1704744595,1011987430958,1011989364326,27.660165665,-23.432895
817,1012033815422,27.687986854,1705250093,1705252742,1012023459700,1012023261580,27.694062919,-10.553842
818,1012063147048,27.717318480,1705758525,1705760890,1012055421653,1012057158833,27.727960172,-5.988215
819,1012104165559,27.758336991,1706266957,1706269031,1012091468733,1012091056086,27.761857425,-13.109473
820,1012131118654,27.785290086,1706775389,1706777174,1012123470594,1012124953339,27.795754678,-6.165315
821,1012168133088,27.822304520,1707283821,1707285324,1012159437491,1012158850592,27.829651931,-9.282496
822,1012199300451,27.853471883,1707792254,1707795343,1012191462327,1012192747912,27.863549251,-6.552539
823,1012242362795,27.896534227,1708300685,1708303482,1012227487185,1012226645098,27.897446437,-15.717697
824,1012268217476,27.922388908,1708809118,1708811586,1012259473323,1012260542418,27.931343757,-7.675058
825,1012311224736,27.965396168,1709317550,1709319704,1012295493443,1012294439671,27.965241010,-16.785065
826,1012341105505,27.995276937,1709825982,1709827814,1012327454480,1012328336924,27.999138263,-12.768581
827,1012369787291,28.023958723,1710334414,1710335944,1012363478042,1012362234177,28.033035516,-7.553114
828,1012409485625,28.063657057,1710842846,1710845916,1012395483728,1012396131430,28.066932769,-13.354195
829,1012439158392,28.093329824,1711351278,1711354057,1012431487322,1012430028683,28.100830022,-9.129709
830,1012471975891,28.126147323,1711859711,1711862222,1012463492524,1012463926003,28.134727342,-8.049888
831,1012506234981,28.160406413,1712368143,1712370368,1012499490870,1012497823256,28.168624595,-8.411725
832,1012539091474,28.193262906,1712876575,1712878491,1012531533984,1012531720509,28.202521848,-7.370965
833,1012571049713,28.225221145,1713385007,1713386622,1012567489626,1012565617763,28.236419102,-5.431950
834,1012609067123,28.263238555,1713893439,1713896582,1012599464592,1012599515016,28.270316355,-9.552107
835,1012646344408,28.300515840,1714401871,1714404701,1012631493493,1012633412269,28.304213608,-12.932139
836,1012674054467,28.328225899,1714910303,1714912799,1012667530388,1012667309522,28.338110861,-6.744945
837,1012707988356,28.362159788,1715418735,1715420889,1012699514620,1012701206775,28.372008114,-6.781581
838,1012744694344,28.398865776,1715927168,1715929045,1012735528512,1012735104095,28.405905434,-9.590249
839,1012788429392,28.442600824,1716435600,1716437159,1012767481602,1012769001348,28.439802687,-19.428044
840,1012812187568,28.466359000,1716944032,1716947141,1012803506397,1012802898601,28.473699940,-9.288967
841,1012845250385,28.499421817,1717452464,1717455261,1012835507004,1012836795854,28.507597193,-8.454531
842,1012886353376,28.540524808,1717960896,1717963391,1012871526553,1012870693107,28.541494446,-15.660269
843,1012937590511,28.591761943,1718469328,1718471543,1012903469338,1012904590360,28.575391699,-33.000151
844,1012958657461,28.612828893,1718977760,1718979692,1012939523981,1012938487613,28.609288952,-20.169848
845,1012980225337,28.634396769,1719486193,1719487814,1012971491756,1012972384933,28.643186272,-7.840404
846,1013015281442,28.669452874,1719994625,1719997793,1013007467526,1013006282186,28.677083525,-8.999256
847,1013052744030,28.706915462,1720503057,1720505901,1013039548162,1013040179439,28.710980778,-12.564591
848,1013086919558,28.741090990,1721011489,1721014006,1013075478599,1013074076692,28.744878031,-12.842866
849,1013117227533,28.771398965,1721519921,1721522118,1013107536103,1013107973946,28.778775285,-9.253587
850,1013156882826,28.811054258,1722028353,1722030238,1013143531431,1013141871199,28.812672538,-15.011627
851,1013196935347,28.851106779,1722536785,1722538364,1013175490176,1013175768452,28.846569791,-21.166895
852,1013221839414,28.876010846,1723045217,1723048390,1013211496418,1013209665705,28.880467044,-12.173709
853,1013250355843,28.904527275,1723553650,1723556539,1013243577719,1013243563025,28.914364364,-6.792818
854,1013283277707,28.937449139,1724062082,1724064680,1013275542932,1013277460278,28.948261617,-5.817429
855,1013325918182,28.980089614,1724570514,1724572839,1013311518313,1013311357531,28.982158870,-14.560651
856,1013350991627,29.005163059,1725078946,1725080974,1013343510765,1013345254784,29.016056123,-5.736843
857,1013386594158,29.040765590,1725587378,1725589045,1013379546808,1013379152037,29.049953376,-7.442121
858,1013419736770,29.073908202,1726095810,1726099057,1013411543747,1013413049290,29.083850629,-6.687480
859,1013465220186,29.119391618,1726604242,1726607158,1013447556428,1013446946543,29.117747882,-18.273643
860,1013492248865,29.146420297,1727112674,1727115303,1013479521686,1013480843796,29.151645135,-11.405069
861,1013522102293,29.176273725,1727621107,1727623412,1013515568129,1013514741116,29.185542455,-7.361177
862,1013557723294,29.211894726,1728129539,1728131542,1013547529646,1013548638369,29.219439708,-9.084925
863,1013599864628,29.254036060,1728637971,1728639681,1013583511798,1013582535622,29.253336961,-17.329006
864,1013626183378,29.280354810,1729146403,1729149684,1013615575363,1013616432875,29.287234214,-9.750503
865,1013661390521,29.315561953,1729654835,1729657807,1013651568691,1013650330128,29.321131467,-11.060393
866,1013693044954,29.347216386,1730163267,1730165939,1013683573985,1013684227382,29.355028721,-8.817572
867,1013738957877,29.393129309,1730671699,1730674079,1013719533421,1013718124635,29.388925974,-20.833242
868,1013761902822,29.416074254,1731180131,1731182199,1013751538768,1013752021888,29.422823227,-9.880934
869,1013793987443,29.448158875,1731688564,1731690297,1013787581138,1013785919208,29.456720547,-8.068235
870,1013827263190,29.481434622,1732196996,1732198448,1013819596662,1013819816461,29.490617800,-7.446729
871,1013863454309,29.517625741,1732705428,1732708472,1013855573230,1013853713714,29.524515053,-9.740595
872,1013895033835,29.549205267,1733213860,1733216606,1013887587550,1013887610967,29.558412306,-7.422868
873,1013926617110,29.580788542,1733722292,1733724752,1013919575773,1013921508220,29.592309559,-5.108890
874,1013963642644,29.617814076,1734230724,1734232901,1013955553778,1013955405473,29.626206812,-8.237171
875,1014009982689,29.664154121,1734739156,1734741022,1013987545203,1013989302726,29.660104065,-20.679963
876,1014037806463,29.691977895,1735247588,1735249138,1014023563241,1014023199979,29.694001318,-14.606484
877,1014062484078,29.716655510,1735756021,1735759117,1014055567136,1014057097299,29.727898638,-5.386779
878,1014102056964,29.756228396,1736264453,1736267238,1014091587082,1014090994552,29.761795891,-11.062412
879,1014145016774,29.799188206,1736772885,1736775397,1014123550072,1014124891805,29.795693144,-20.124969
880,1014169356268,29.823527700,1737281317,1737283510,1014159546028,1014158789058,29.829590397,-10.567210
881,1014198144584,29.852316016,1737789749,1737791629,1014191541805,1014192686311,29.863487650,-5.458273
882,1014236794204,29.890965636,1738298181,1738299748,1014227580173,1014226583565,29.897384904,-10.210639
883,1014277550555,29.931721987,1738806614,1738809792,1014259572491,1014260480884,29.931282223,-17.069671
884,1014302904399,29.957075831,1739315045,1739317884,1014295541865,1014294378071,29.965179410,-8.526328
885,1014334506618,29.988678050,1739823478,1739826029,1014327568767,1014328275391,29.999076730,-6.231227
886,1014377671537,30.031842969,1740331910,1740334197,1014363552632,1014362172644,30.032973983,-15.498893
887,1014422019441,30.076190873,1740840342,1740842319,1014395557926,1014396069897,30.066871236,-25.949544
888,1014448960187,30.103131619,1741348774,1741350448,1014431616021,1014429967150,30.100768489,-18.993037
889,1014470178954,30.124350386,1741857206,1741860433,1014463649692,1014463864403,30.134665742,-6.314551
890,1014510456645,30.164628077,1742365638,1742368557,1014499608309,1014497761656,30.168562995,-12.694989
891,1014549913251,30.204084683,1742874071,1742876699,1014531595836,1014531658976,30.202460315,-18.254275
892,1014574102463,30.228273895,1743382503,1743384822,1014563583075,1014565556229,30.236357568,-8.546234
893,1014608698952,30.262870384,1743890935,1743892998,1014599581156,1014599453482,30.270254821,-9.245470
894,1014641084983,30.295256415,1744399367,1744401119,1014631605718,1014633350735,30.304152074,-7.734248
895,1014681817536,30.335988968,1744907799,1744909260,1014667628449,1014667247988,30.338049327,-14.569548
896,1014707072904,30.361244336,1745416231,1745419242,1014699580087,1014701145241,30.371946580,-5.927663
897,1014743168987,30.397340419,1745924663,1745927367,1014735628637,1014735042494,30.405843833,-8.126493
898,1014777921547,30.432092979,1746433095,1746435452,1014767608270,1014768939748,30.439741087,-8.981799
899,1014818869766,30.473041198,1746941528,1746943617,1014803618925,1014802837067,30.473638406,-16.032699
900,1014846036750,30.500208182,1747449960,1747451763,1014835597814,1014836734320,30.507535659,-9.302430
901,1014880821977,30.534993409,1747958392,1747959865,1014871620546,1014870631574,30.541432913,-10.190403
902,1014912750742,30.566922174,1748466824,1748469861,1014903597086,1014904528827,30.575330166,-8.221915
903,1014952168037,30.606339469,1748975256,1748977984,1014939581592,1014938426080,30.609227419,-13.741957
904,1014980278241,30.634449673,1749483688,1749486091,1014971599758,1014972323333,30.643124672,-7.954908
905,1015015484327,30.669655759,1749992120,1749994238,1015007611427,1015006220586,30.677021925,-9.263741
906,1015047439995,30.701611427,1750500553,1750502362,1015039642961,1015040117906,30.710919245,-7.322089
907,1015084408260,30.738579692,1751008985,1751010497,1015075583843,1015074015159,30.744816498,-10.393101
908,1015115127468,30.769298900,1751517417,1751520527,1015107653151,1015107912412,30.778713751,-7.215056
909,1015156638850,30.810810282,1752025849,1752028645,1015143642160,1015141809665,30.812611004,-14.829185
910,1015183812136,30.837983568,1752534281,1752536774,1015175600120,1015175706918,30.846508257,-8.105218
911,1015220798227,30.874969659,1753042713,1753044924,1015207650703,1015209604171,30.880405510,-11.194056
912,1015252386088,30.906557520,1753551145,1753553025,1015243725422,1015243501424,30.914302763,-8.884664
913,1015286479225,30.940650657,1754059577,1754061126,1015275670007,1015277398677,30.948200016,-9.080548
914,1015319361965,30.973533397,1754568010,1754571111,1015311664567,1015311295997,30.982097336,-8.065968
915,1015351267754,31.005439186,1755076442,1755079240,1015343639009,1015345193250,31.015994589,-6.074504
916,1015388094496,31.042265928,1755584874,1755587396,1015379649646,1015379090503,31.049891842,-9.003993
917,1015419422527,31.073593959,1756093306,1756095499,1015411649616,1015412987757,31.083789096,-6.434770
918,1015457929343,31.112100775,1756601738,1756603609,1015447608731,1015446885010,31.117686349,-11.044333
919,1015494269191,31.148440623,1757110170,1757111741,1015479627357,1015480782263,31.151583602,-13.486928
920,1015523253422,31.177424854,1757618602,1757621726,1015515664550,1015514679516,31.185480855,-8.573906
921,1015554535205,31.208706637,1758127034,1758129853,1015547729054,1015548576769,31.219378108,-5.958436
922,1015589840926,31.244012358,1758635467,1758637972,1015583680207,1015582474089,31.253275428,-7.366837
923,1015626298427,31.280469859,1759143899,1759146135,1015615641563,1015616371342,31.287172681,-9.927085
924,1015659034579,31.313206011,1759652331,1759654208,1015651614864,1015650268595,31.321069934,-8.765984
925,1015690529973,31.344701405,1760160763,1760162333,1015683630101,1015684165848,31.354967187,-6.364125
926,1015727536885,31.381708317,1760669195,1760672353,1015719666802,1015718063101,31.388864440,-9.473784
927,1015767147546,31.421318978,1761177627,1761180437,1015751649593,1015751960354,31.422761693,-15.187192
928,1015795187606,31.449359038,1761686059,1761688584,1015787677314,1015785857607,31.456658946,-9.329999
929,1015828846438,31.483017870,1762194491,1762196717,1015819697197,1015819754860,31.490556199,-9.091578
930,1015861937290,31.516108722,1762702924,1762704806,1015851653551,1015853652180,31.524453519,-8.285110
931,1015907366959,31.561538391,1763211356,1763212930,1015887647703,1015887549433,31.558350772,-19.817526
932,1015929793275,31.583964707,1763719788,1763722907,1015919658285,1015921446686,31.592248025,-8.346589
933,1015963905688,31.618077120,1764228220,1764231065,1015955678006,1015955343939,31.626145278,-8.561749
934,1015997890214,31.652061646,1764736652,1764739189,1015987673026,1015989241193,31.660042532,-8.649021
935,1016056095275,31.710266707,1765245084,1765247254,1016023647739,1016023138446,31.693939785,-32.956829
936,1016078215471,31.732386903,1765753516,1765755354,1016055648783,1016057035699,31.727837038,-21.179772
937,1016098236875,31.752408307,1766261948,1766263487,1016091716021,1016090932952,31.761734291,-7.303923
938,1016132830567,31.787001999,1766770381,1766773499,1016123707186,1016124830272,31.795631611,-8.000295
939,1016171534901,31.825706333,1767278813,1767281633,1016159659006,1016158727525,31.829528864,-12.807376
940,1016200042679,31.854214111,1767787245,1767789767,1016191713295,1016192624778,31.863426117,-7.417901
941,1016240258168,31.894429600,1768295677,1768297894,1016227656802,1016226522031,31.897323370,-13.736137
942,1016267851720,31.922023152,1768804109,1768806005,1016259844207,1016260419284,31.931220623,-7.432436
943,1016307103397,31.961274829,1769312541,1769314119,1016295701352,1016294316537,31.965117876,-12.786860
944,1016335374031,31.989545463,1769820974,1769824172,1016327727306,1016328213857,31.999015196,-7.160174
945,1016375483706,32.029655138,1770329405,1770332307,1016363723012,1016362111043,32.032912382,-13.372663
946,1016403699780,32.057871212,1770837838,1770840461,1016395751942,1016396008363,32.066809702,-7.691417
947,1016443481222,32.097652654,1771346270,1771348584,1016431694017,1016429905616,32.100706955,-13.575606
948,1016471188035,32.125359467,1771854702,1771856718,1016463721438,1016463802869,32.134604208,-7.385166
949,1016503111257,32.157282689,1772363134,1772364822,1016495739189,1016497700122,32.168501461,-5.411135
950,1016540737297,32.194908729,1772871566,1772874846,1016531677404,1016531597376,32.202398715,-9.139921
951,1016578817192,32.232988624,1773379998,1773382965,1016563695458,1016565494629,32.236295968,-13.322563
952,1016608396516,32.262567948,1773888431,1773891169,1016599716407,1016599391948,32.270193287,-9.004568
953,1016641444186,32.295615618,1774396863,1774399261,1016631730836,1016633289202,32.304090541,-8.154984
954,1016676223252,32.330394684,1774905295,1774907369,1016667798713,1016667186455,32.337987794,-9.036797
955,1016716234086,32.370405518,1775413727,1775415534,1016699724476,1016701083708,32.371885047,-15.150378
956,1016743735402,32.397906834,1775922159,1775923659,1016735679525,1016734980961,32.405782300,-8.754441
957,1016774598846,32.428770278,1776430591,1776433664,1016767714207,1016768878214,32.439679553,-5.720632
958,1016811292456,32.465463888,1776939023,1776941810,1016803748779,1016802775467,32.473576806,-8.516989
959,1016848819872,32.502991304,1777447455,1777449962,1016835694550,1016836672720,32.507474059,-12.147152
960,1016879838607,32.534010039,1777955888,1777958109,1016871741888,1016870570040,32.541371379,-9.268567
961,1016911093473,32.565264905,1778464320,1778466294,1016903748150,1016904467293,32.575268632,-6.626180
962,1016952390766,32.606562198,1778972752,1778974380,1016939736053,1016938364546,32.609165885,-14.026220
963,1016994410292,32.648581724,1779481184,1779484370,1016971739684,1016972261799,32.643063138,-22.148493
964,1017030251050,32.684422482,1779989616,1779992447,1017007698439,1017006159052,32.676960391,-24.091998
965,1017055366536,32.709537968,1780498048,1780500557,1017039739950,1017040056305,32.710857644,-15.310231
966,1017084652560,32.738823992,1781006480,1781008683,1017075725868,1017073953559,32.744754898,-10.699001
967,1017129888657,32.784060089,1781514913,1781516789,1017107720199,1017107850878,32.778652217,-22.037779
968,1017158657545,32.812828977,1782023345,1782024919,1017139734340,1017141748131,32.812549470,-16.909414
969,1017185099363,32.839270795,1782531777,1782534892,1017175823478,1017175645385,32.846446724,-9.453978
970,1017218440240,32.872611672,1783040209,1783043027,1017207725968,1017209542638,32.880343977,-8.897602
971,1017259346594,32.913518026,1783548641,1783551145,1017243776047,1017243439891,32.914241230,-15.906703
972,1017285793045,32.939964477,1784057073,1784059247,1017275836896,1017277337144,32.948138483,-8.455901
973,1017319637033,32.973808465,1784565505,1784567339,1017311779762,1017311234397,32.982035736,-8.402636
974,1017351557313,33.005728745,1785073937,1785075518,1017343767138,1017345131650,33.015932989,-6.425663
975,1017389811084,33.043982516,1785582370,1785585512,1017379732669,1017379028970,33.049830309,-10.782114
976,1017419687609,33.073859041,1786090802,1786093669,1017411797339,1017412926223,33.083727562,-6.761386
977,1017460512084,33.114683516,1786599234,1786601790,1017447774507,1017446823476,33.117624815,-13.688608
978,1017487345606,33.141517038,1787107666,1787109895,1017479768798,1017480720729,33.151522068,-6.624877
979,1017528114407,33.182285839,1787616098,1787618043,1017515742771,1017514617982,33.185419321,-13.496425
980,1017557727006,33.211898438,1788124530,1788126153,1017547792026,1017548515235,33.219316574,-9.211771
981,1017596251104,33.250422536,1788632962,1788636129,1017583772852,1017582412488,33.253213827,-13.838616
982,1017632949862,33.287121294,1789141394,1789144242,1017615750680,1017616309742,33.287111081,-16.640120
983,1017667503553,33.321674985,1789649827,1789652348,1017651738109,1017650207061,33.321008400,-17.296492
984,1017693783288,33.347954720,1790158259,1790160483,1017683812044,1017684104314,33.354905653,-9.678974
985,1017727101911,33.381273343,1790666691,1790668630,1017719801126,1017718001568,33.388802907,-9.100343
986,1017758855856,33.413027288,1791175123,1791176717,1017751817666,1017751898821,33.422700160,-6.957035
987,1017791133398,33.445304830,1791683555,1791686708,1017787732268,1017785796074,33.456597413,-5.337324
988,1017829200998,33.483372430,1792191987,1792194847,1017819747400,1017819693327,33.490494666,-9.507671
989,1017862240889,33.516412321,1792700419,1792702939,1017851759079,1017853590580,33.524391919,-8.650309
990,1017894566805,33.548738237,1793208851,1793211045,1017887876455,1017887487833,33.558289172,-7.078972
991,1017932352865,33.586524297,1793717284,1793719185,1017919767367,1017921385153,33.592186492,-10.967712
992,1017962717150,33.616888582,1794225716,1794227310,1017955809978,1017955282406,33.626083745,-7.434744
993,1017995166793,33.649338225,1794734148,1794737306,1017987810985,1017989179659,33.659980998,-5.987134
994,1018032116656,33.686288088,1795242580,1795245456,1018023785466,1018023076912,33.693878251,-9.039744
995,1018075759520,33.729930952,1795751012,1795753581,1018055767914,1018056974165,33.727775504,-18.785355
996,1018100581631,33.754753063,1796259444,1796261762,1018091798174,1018090871418,33.761672757,-9.710213
997,1018134168986,33.788340418,1796767876,1796769883,1018123764233,1018124768671,33.795570010,-9.400315
998,1018167780278,33.821951710,1797276308,1797277999,1018159789791,1018158665925,33.829467264,-9.114353
999,1018211450459,33.865621891,1797784741,1797787976,1018191786339,1018192563244,33.863364583,-18.887215
1000,1018234324673,33.888496105,1798293173,1798296128,1018227762379,1018226460497,33.897261836,-7.864176
1001,1018267600034,33.921771466,1798801605,1798804198,1018259815902,1018260357750,33.931159089,-7.242284
1002,1018302659906,33.956831338,1799310037,1799312351,1018295825932,1018294255004,33.965056343,-8.404902
1003,1018341847752,33.996019184,1799818469,1799820477,1018327787818,1018328152257,33.998953596,-13.695495
1004,1018369772689,34.023944121,1800326901,1800328604,1018363797825,1018362049510,34.032850849,-7.723179
1005,1018404038100,34.058209532,1800835334,1800838626,1018395814103,1018395946830,34.066748169,-8.091270
1006,1018435890188,34.090061620,1801343765,1801346731,1018431805383,1018429844016,34.100645355,-6.046172
1007,1018474423210,34.128594642,1801852198,1801854885,1018463799619,1018463741336,34.134542675,-10.681874
1008,1018507619521,34.161790953,1802360630,1802363019,1018495860913,1018497638589,34.168439928,-9.980932
1009,1018543777877,34.197949309,1802869062,1802871118,1018531844811,1018531535842,34.202337181,-12.242035
1010,1018573180681,34.227352113,1803377494,1803379242,1018563858305,1018565433095,34.236234434,-7.747586
1011,1018614260322,34.268431754,1803885926,1803889237,1018599806698,1018599330348,34.270131687,-14.929974
1012,1018649093536,34.303264968,1804394358,1804397363,1018631792786,1018633227601,34.304028940,-15.865935
1013,1018675423298,34.329594730,1804902791,1804905464,1018667829073,1018667124921,34.337926260,-8.298377
1014,1018712136046,34.366307478,1805411223,1805413590,1018699793197,1018701022174,34.371823513,-11.113872
1015,1018743280645,34.397452077,1805919655,1805921720,1018735845469,1018734919427,34.405720766,-8.361218
1016,1018775719101,34.429890533,1806428087,1806429808,1018767852849,1018768816680,34.439618019,-6.902421
1017,1018810615327,34.464786759,1806936519,1806939827,1018803832381,1018802713933,34.473515272,-7.901394
1018,1018843107341,34.497278773,1807444951,1807448017,1018835867295,1018836611187,34.507412526,-6.496154
1019,1018883366910,34.537538342,1807953383,1807956141,1018871793696,1018870508440,34.541309779,-12.858470
1020,1018913300290,34.567471722,1808461815,1808464245,1018903826170,1018904405693,34.575207032,-8.894597
1021,1018953842880,34.608014312,1808970248,1808972355,1018939812815,1018938303013,34.609104352,-15.539867
1022,1018979821144,34.633992576,1809478680,1809480483,1018971870114,1018972200266,34.643001605,-7.620878
1023,1019017289631,34.671461063,1809987112,1809988607,1019007817073,1019006097519,34.676898858,-11.192112
1024,1019053265360,34.707436792,1810495544,1810498601,1019039879257,1019039994772,34.710796111,-13.270588
1025,1019113548044,34.767719476,1811003976,1811006734,1019075821858,1019073892025,34.744693364,-39.656019
1026,1019138325918,34.792497350,1811512408,1811514860,1019107919210,1019107789278,34.778590617,-30.536640
1027,1019157954192,34.812125624,1812020840,1812023044,1019139833466,1019141686531,34.812487870,-16.267661
1028,1019183468665,34.837640097,1812529273,1812531171,1019175860906,1019175583851,34.846385190,-7.884814
1029,1019220712811,34.874884243,1813037705,1813039279,1019207868301,1019209481104,34.880282443,-11.231707
1030,1019253628993,34.907800425,1813546137,1813549289,1019243893427,1019243378357,34.914179696,-10.250636
1031,1019284203746,34.938375178,1814054569,1814057445,1019275866693,1019277275610,34.948076949,-6.928136
1032,1019321217657,34.975389089,1814563001,1814565544,1019311820723,1019311172863,34.981974202,-10.044794
1033,1019360971980,35.015143412,1815071433,1815073633,1019343845357,1019345070116,35.015871455,-15.901864
1034,1019387464506,35.041635938,1815579865,1815581755,1019379891459,1019378967370,35.049768709,-8.497136
1035,1019418641740,35.072813172,1816088297,1816089859,1019411829764,1019412864623,35.083665962,-5.777117
1036,1019456586244,35.110757676,1816596730,1816599808,1019447888337,1019446761942,35.117563281,-9.824302
1037,1019495019004,35.149190436,1817105162,1817107964,1019479861198,1019480659196,35.151460535,-14.359808
1038,1019523716275,35.177887707,1817613594,1817616100,1019515868867,1019514556449,35.185357788,-9.159826
1039,1019559099037,35.213270469,1818122026,1818124218,1019547850771,1019548453702,35.219255041,-10.645335
1040,1019592345107,35.246516539,1818630458,1818632378,1019583877444,1019582350955,35.253152294,-9.994152
1041,1019633817813,35.287989245,1819138890,1819140467,1019615875023,1019616248208,35.287049547,-17.569605
1042,1019659439828,35.313611260,1819647322,1819650498,1019651878475,1019650145461,35.320946800,-9.294367
1043,1019693167739,35.347339171,1820155754,1820158618,1019683908209,1019684042714,35.354844053,-9.125025
1044,1019724125378,35.378296810,1820664187,1820666721,1019719887437,1019717940034,35.388741373,-6.185344
1045,1019762795636,35.416967068,1821172619,1821174853,1019751856010,1019751837287,35.422638626,-10.958349
1046,1019791501039,35.445672471,1821681051,1821682974,1019783858852,1019785734540,35.456535879,-5.766499
1047,1019830362568,35.484534000,1822189483,1822191087,1019819912355,1019819631793,35.490433132,-10.730775
1048,1019860804843,35.514976275,1822697915,1822701075,1019851889009,1019853529046,35.524330385,-7.275797
1049,1019898747325,35.552918757,1823206347,1823209194,1019887892405,1019887426299,35.558227638,-11.321026
1050,1019927476140,35.581647572,1823714779,1823717283,1019919916164,1019921323553,35.592124892,-6.152587
1051,1019964504126,35.618675558,1824223211,1824225411,1019955863972,1019955220806,35.626022145,-9.283320
1052,1019995616625,35.649788057,1824731644,1824733520,1019987896501,1019989118125,35.659919464,-6.498500
1053,1020042666394,35.696837826,1825240076,1825241647,1020023877908,1020023015379,35.693816718,-19.651015
1054,1020066600251,35.720771683,1825748508,1825751672,1020055882753,1020056912632,35.727713971,-9.687619
1055,1020098624142,35.752795574,1826256940,1826259788,1020091934314,1020090809885,35.761611224,-7.814257
1056,1020132869753,35.787041185,1826765372,1826767921,1020123908954,1020124707138,35.795508477,-8.162615
1057,1020172707736,35.826879168,1827273804,1827275998,1020159904526,1020158604391,35.829405730,-14.103345
1058,1020199607573,35.853779005,1827782236,1827784127,1020191884118,1020192501644,35.863302983,-7.105929
1059,1020235441680,35.889613112,1828290668,1828292256,1020227928066,1020226398897,35.897200236,-9.042783
1060,1020267474018,35.921645450,1828799101,1828802291,1020259931244,1020260296217,35.931097556,-7.177801
1061,1020305739380,35.959910812,1829307533,1829310439,1020295900538,1020294193470,35.964994809,-11.545910
1062,1020336476695,35.990648127,1829815965,1829818587,1020327958049,1020328090723,35.998892062,-8.385972
1063,1020369621350,36.023792782,1830324397,1830326707,1020363924338,1020361987976,36.032789315,-7.633374
1064,1020410282706,36.064454138,1830832829,1830834806,1020395946584,1020395885229,36.066686568,-14.397477
1065,1020456846315,36.111017747,1831341261,1831342904,1020427904596,1020429782482,36.100583821,-27.063833
1066,1020480614467,36.134785899,1831849694,1831852885,1020463908694,1020463679802,36.134481141,-16.934665
1067,1020504897481,36.159068913,1832358125,1832361032,1020495957278,1020497576989,36.168378328,-7.320492
1068,1020543571345,36.197742777,1832866558,1832869172,1020531945917,1020531474308,36.202275647,-12.097037
1069,1020584432778,36.238604210,1833374990,1833377321,1020563905100,1020565371562,36.236172901,-19.061216
1070,1020609927950,36.264099382,1833883422,1833885468,1020599928143,1020599268815,36.270070154,-10.659135
1071,1020638607749,36.292779181,1834391854,1834393604,1020631951022,1020633166068,36.303967407,-5.441681
1072,1020681930199,36.336101631,1834900286,1834903581,1020667974682,1020667063321,36.337864660,-14.866878
1073,1020729362444,36.383533876,1835408718,1835411711,1020699909758,1020700960574,36.371761913,-28.401870
1074,1020758588932,36.412760364,1835917151,1835919856,1020735955310,1020734857894,36.405659233,-23.731038
1075,1020779423055,36.433594487,1836425583,1836427961,1020767925481,1020768755147,36.439556486,-10.667908
1076,1020813704671,36.467876103,1836934015,1836936082,1020803921525,1020802652400,36.473453739,-11.052271
1077,1020851167172,36.505338604,1837442447,1837444223,1020835923666,1020836549653,36.507350992,-14.617519
1078,1020880468079,36.534639511,1837950879,1837952356,1020871916363,1020870446906,36.541248245,-10.021173
1079,1020913572308,36.567743740,1838459311,1838462336,1020903978443,1020904344159,36.575145498,-9.228149
1080,1020952553568,36.606725000,1838967743,1838970479,1020939956495,1020938241412,36.609042751,-14.312156
1081,1021005194154,36.659365586,1839476175,1839478610,1020971967899,1020972138665,36.642940004,-33.055489
1082,1021031428267,36.685599699,1839984608,1839986743,1021007918138,1021006035985,36.676837324,-25.392282
1083,1021051999551,36.706170983,1840493040,1840494858,1021039938604,1021039933238,36.710734577,-12.066313
1084,1021079690451,36.733861883,1841001472,1841003010,1021071986951,1021073830491,36.744631830,-5.859960
1085,1021131056679,36.785228111,1841509904,1841512996,1021107978395,1021107727744,36.778529083,-23.328935
1086,1021158825221,36.812996653,1842018336,1842021102,1021139935400,1021141624998,36.812426337,-17.200223
1087,1021182641854,36.836813286,1842526768,1842529217,1021176117672,1021175522251,36.846323590,-7.119603
1088,1021221287223,36.875458655,1843035200,1843037324,1021207967438,1021209419504,36.880220843,-11.867719
1089,1021264512506,36.918683938,1843543633,1843545472,1021243951903,1021243316824,36.914118163,-21.195682
1090,1021290675805,36.944847237,1844052065,1844053593,1021275945551,1021277214077,36.948015416,-13.461728
1091,1021319426300,36.973597732,1844560497,1844563598,1021311988792,1021311111330,36.981912669,-8.314970
1092,1021352214819,37.006386251,1845068929,1845071741,1021343989743,1021345008583,37.015809922,-7.206236
1093,1021389614804,37.043786236,1845577361,1845579860,1021379935299,1021378905836,37.049707175,-10.708968
1094,1021420630498,37.074801930,1846085793,1846088007,1021411988467,1021412803089,37.083604428,-7.827409
1095,1021460735087,37.114906519,1846594225,1846596137,1021447992253,1021446700342,37.117501681,-14.034745
1096,1021490855651,37.145027083,1847102657,1847104263,1021479955327,1021480597595,37.151398934,-10.258056
1097,1021525034504,37.179205936,1847611090,1847614271,1021515989236,1021514494915,37.185296254,-10.539589
1098,1021555670216,37.209841648,1848119522,1848122441,1021548052836,1021548392168,37.219193507,-7.278048
1099,1021592395453,37.246566885,1848627954,1848630557,1021583941739,1021582289421,37.253090760,-10.106032
1100,1021623699476,37.277870908,1849136386,1849138660,1021615961826,1021616186674,37.286988013,-7.512802
1101,1021656088603,37.310260035,1849644818,1849646786,1021651987637,1021650083927,37.320885266,-6.004676
1102,1021692365402,37.346536834,1850153250,1850154936,1021684023171,1021683981181,37.354782520,-8.384221
1103,1021726852642,37.381024074,1850661682,1850664946,1021716025651,1021717878434,37.388679773,-8.974208
1104,1021758512332,37.412683764,1851170114,1851173068,1021752028767,1021751775687,37.422577026,-6.736645
1105,1021793778560,37.447949992,1851678547,1851681212,1021783980980,1021785673007,37.456474346,-8.105553
1106,1021827100585,37.481272017,1852186979,1852189374,1021820010404,1021819570260,37.490371599,-7.530325
1107,1021858186636,37.512358068,1852695411,1852697494,1021851972930,1021853467513,37.524268852,-4.719123
1108,1021901960095,37.556131527,1853203843,1853205612,1021888043739,1021887364766,37.558166105,-14.595329
1109,1021946449845,37.600621277,1853712275,1853713759,1021919969728,1021921262019,37.592063358,-25.187826
1110,1021968722090,37.622893522,1854220707,1854223718,1021955983517,1021955159272,37.625960611,-13.562818
1111,1021994668170,37.648839602,1854729139,1854731911,1021988047756,1021989056525,37.659857864,-5.611645
1112,1022035204031,37.689375463,1855237571,1855240014,1022024038953,1022022953778,37.693755117,-12.250253
1113,1022084164177,37.738335609,1855746004,1855748140,1022055999204,1022056851098,37.727652437,-27.313079
1114,1022108464645,37.762636077,1856254436,1856256229,1022091999939,1022090748351,37.761549690,-17.716294
1115,1022131051753,37.785223185,1856762868,1856764348,1022124052010,1022124645604,37.795446943,-6.406149
1116,1022173780816,37.827952248,1857271300,1857274334,1022160105174,1022158542857,37.829344196,-15.237959
1117,1022220418316,37.874589748,1857779732,1857782470,1022192040730,1022192440110,37.863241449,-27.978206
1118,1022244728949,37.898900381,1858288164,1858290568,1022228003765,1022226337364,37.897138703,-18.391585
1119,1022266601432,37.920772864,1858796596,1858798684,1022260070616,1022260234617,37.931035956,-6.366815
1120,1022307098921,37.961270353,1859305028,1859306781,1022295991025,1022294131870,37.964933209,-12.967051
1121,1022350252712,38.004424144,1859813461,1859814918,1022328005648,1022328029190,37.998830529,-22.223522
1122,1022377548604,38.031720036,1860321893,1860324916,1022360058912,1022361926443,38.032727782,-15.622161
1123,1022402714550,38.056885982,1860830325,1860833040,1022396061242,1022395823696,38.066625035,-6.890854
1124,1022436182834,38.090354266,1861338757,1861341171,1022428011546,1022429720949,38.100522288,-6.461885
1125,1022481126946,38.135298378,1861847189,1861849306,1022464067955,1022463618202,38.134419541,-17.508744
1126,1022509271765,38.163443197,1862355621,1862357459,1022496054137,1022497515455,38.168316794,-11.756310
1127,1022541819043,38.195990475,1862864054,1862865565,1022532088772,1022531412775,38.202214114,-10.406268
1128,1022571848411,38.226019843,1863372485,1863375544,1022564062342,1022565309961,38.236111300,-6.538450
1129,1022614023195,38.268194627,1863880918,1863883652,1022600067232,1022599207281,38.270008620,-14.815914
1130,1022641517839,38.295689271,1864389350,1864391786,1022632069075,1022633104534,38.303905873,-8.413305
1131,1022681822121,38.335993553,1864897782,1864899958,1022668004535,1022667001787,38.337803126,-14.820334
1132,1022718013701,38.372185133,1865406214,1865408076,1022700095188,1022700899040,38.371700379,-17.114661
1133,1022748190866,38.402362298,1865914646,1865916163,1022736051264,1022734796293,38.405597632,-13.394573
1134,1022775686523,38.429857955,1866423078,1866426157,1022768101404,1022768693547,38.439494886,-6.992976
1135,1022814036053,38.468207485,1866931511,1866934315,1022804079098,1022802590866,38.473392205,-11.445187
1136,1022843879589,38.498051021,1867439943,1867442417,1022836038284,1022836488119,38.507289458,-7.391470
1137,1022878212622,38.532384054,1867948375,1867950521,1022872020528,1022870385373,38.541186712,-7.827249
1138,1022913392232,38.567563664,1868456807,1868458683,1022904086912,1022904282626,38.575083965,-9.109606
1139,1022946432794,38.600604226,1868965239,1868966798,1022940065037,1022938179879,38.608981218,-8.252915
1140,1022978159379,38.632330811,1869473671,1869476800,1022972116902,1022972077132,38.642878471,-6.082247
1141,1023019595786,38.673767218,1869982103,1869984948,1023004101948,1023005974385,38.676775724,-13.621401
1142,1023049043932,38.703215364,1870490535,1870493018,1023040054665,1023039871638,38.710672977,-9.172294
1143,1023078263136,38.732434568,1870998968,1871001135,1023072094706,1023073768958,38.744570297,-4.494178
1144,1023120245761,38.774417193,1871507400,1871509286,1023108065658,1023107666211,38.778467550,-12.579550
1145,1023169434303,38.823605735,1872015832,1872017404,1023140085647,1023141563464,38.812364803,-27.870839
1146,1023190976589,38.845148021,1872524264,1872527408,1023176040923,1023175460717,38.846262056,-15.515872
1147,1023214923491,38.869094923,1873032696,1873035548,1023208119689,1023209357970,38.880159309,-5.565521
1148,1023256306563,38.910477995,1873541128,1873543670,1023244053621,1023243255223,38.914056562,-13.051340
1149,1023301600114,38.955771546,1874049560,1874051773,1023276061988,1023277152476,38.947953815,-24.447638
1150,1023325642576,38.979814008,1874557993,1874559894,1023312096851,1023311049796,38.981851135,-14.592780
1151,1023350537453,39.004708885,1875066425,1875068007,1023344088041,1023344947049,39.015748388,-5.590404
1152,1023391522637,39.045694069,1875574857,1875578016,1023380059603,1023378844302,39.049645641,-12.678335
1153,1023449080794,39.103252226,1876083289,1876086150,1023412066593,1023412741555,39.083542894,-36.339239
1154,1023477295729,39.131467161,1876591721,1876594291,1023448084267,1023446638809,39.117440148,-30.656920
1155,1023499752558,39.153923990,1877100153,1877102444,1023480091124,1023480536062,39.151337401,-19.216496
1156,1023529015409,39.183186841,1877608585,1877610609,1023516098502,1023514433315,39.185234654,-14.582094
1157,1023569732268,39.223903700,1878117017,1878118706,1023548101845,1023548330568,39.219131907,-21.401700
1158,1023595404809,39.249576241,1878625450,1878628713,1023584081794,1023582227888,39.253029227,-13.176921
1159,1023624901797,39.279073229,1879133882,1879136824,1023616097090,1023616125141,39.286926480,-8.776656
1160,1023655598561,39.309769993,1879642314,1879644958,1023648119566,1023650022394,39.320823733,-5.576167
1161,1023694835545,39.349006977,1880150746,1880153073,1023684083967,1023683919647,39.354720986,-10.915898
1162,1023723953315,39.378124747,1880659178,1880661234,1023716084497,1023717816900,39.388618239,-6.136415
1163,1023765563810,39.419735242,1881167610,1881169372,1023752076767,1023751714153,39.422515492,-13.849657
1164,1023796148927,39.450320359,1881676042,1881677493,1023784085250,1023785611406,39.456412745,-10.537521
1165,1023828866375,39.483037807,1882184474,1882187476,1023820112460,1023819508659,39.490309998,-9.357716
1166,1023859361428,39.513532860,1882692907,1882695603,1023852114762,1023853405979,39.524207318,-5.955449
1167,1023902458736,39.556630168,1883201339,1883203715,1023888078547,1023887303232,39.558104571,-15.155504
1168,1023930507354,39.584678786,1883709771,1883711910,1023920107281,1023921200485,39.592001824,-9.306869
1169,1023965249656,39.619421088,1884218203,1884220074,1023956091929,1023955097738,39.625899077,-10.151918
1170,1023994654031,39.648825463,1884726635,1884728196,1023988130411,1023988994992,39.659796331,-5.659039
1171,1024032613166,39.686784598,1885235067,1885238226,1024024095770,1024022892245,39.693693584,-9.720921
1172,1024062586911,39.716758343,1885743499,1885746308,1024056143806,1024056789498,39.727590837,-5.797413
1173,1024100227597,39.754399029,1886251931,1886254419,1024092084856,1024090686751,39.761488090,-9.540846
1174,1024130762855,39.784934287,1886760364,1886762529,1024124132179,1024124584071,39.795385410,-6.178784
1175,1024170480575,39.824652007,1887268796,1887270584,1024160094914,1024158481324,39.829282663,-11.999251
1176,1024199316485,39.853487917,1887777228,1887778724,1024192161767,1024192378577,39.863179916,-6.937908
1177,1024235989979,39.890161411,1888285660,1888288720,1024228150494,1024226275830,39.897077169,-9.714149
1178,1024267123034,39.921294466,1888794092,1888796856,1024260114569,1024260173083,39.930974422,-6.949951
1179,1024299861657,39.954033089,1889302524,1889305007,1024292120946,1024294070336,39.964871675,-5.791321
1180,1024337182223,39.991353655,1889810956,1889813074,1024328111527,1024327967589,39.998768928,-9.214634
1181,1024376648743,40.030820175,1890319388,1890321206,1024360122218,1024361864842,40.032666181,-14.783901
1182,1024403941512,40.058112944,1890827821,1890829327,1024396117608,1024395762162,40.066563501,-8.179350
1183,1024435085450,40.089256882,1891336253,1891339338,1024428182347,1024429659415,40.100460754,-5.426035
1184,1024475161874,40.129333306,1891844685,1891847473,1024464142368,1024463556668,40.134358007,-11.605206
1185,1024514812215,40.168983647,1892353117,1892355597,1024496123188,1024497453921,40.168255260,-17.358294
1186,1024547422061,40.201593493,1892861549,1892863714,1024532144550,1024531351175,40.202152514,-16.070886
1187,1024570095422,40.224266854,1893369981,1893371809,1024564141873,1024565248428,40.236049767,-4.846994
1188,1024611346819,40.265518251,1893878414,1893879918,1024600172010,1024599145747,40.269947086,-12.201072
1189,1024653822688,40.307994120,1894386846,1894389923,1024632134851,1024633043001,40.303844340,-20.779687
1190,1024676228410,40.330399842,1894895278,1894898055,1024668130595,1024666940254,40.337741593,-9.288156
1191,1024710705464,40.364876896,1895403710,1895406194,1024700159017,1024700837507,40.371638846,-9.867957
1192,1024749375718,40.403547150,1895912142,1895914308,1024736129826,1024734734760,40.405536099,-14.640958
1193,1024790161027,40.444332459,1896420574,1896422446,1024768143167,1024768632013,40.439433352,-21.529014
1194,1024817928470,40.472099902,1896929006,1896930543,1024804172855,1024802529266,40.473330605,-15.399204
1195,1024843493245,40.497664677,1897437438,1897440549,1024836141557,1024836426519,40.507227858,-7.066726
1196,1024880794022,40.534965454,1897945871,1897948674,1024872135752,1024870323839,40.541125178,-10.470183
1197,1024925217990,40.579389422,1898454303,1898456770,1024904168397,1024904221092,40.575022431,-20.996898
1198,1024948997061,40.603168493,1898962735,1898964887,1024936158247,1024938118345,40.608919684,-10.878716
1199,1024985514715,40.639686147,1899471167,1899473055,1024972195177,1024972015598,40.642816937,-13.499117
1200,1025014300257,40.668471689,1899979599,1899981166,1025004154853,1025005912851,40.676714190,-8.387406
1201,1025052597853,40.706769285,1900488031,1900491179,1025040156565,1025039810104,40.710611443,-12.787749
1202,1025079904625,40.734076057,1900996463,1900999306,1025072206190,1025073707358,40.744508697,-6.197267
1203,1025114669019,40.768840451,1901504895,1901507440,1025108150830,1025107604611,40.778405950,-7.064408
1204,1025147688595,40.801860027,1902013328,1902015535,1025140153391,1025141501930,40.812303269,-6.186665
1205,1025193145863,40.847317295,1902521760,1902523666,1025176153903,1025175399184,40.846200523,-17.746679
1206,1025223211671,40.877383103,1903030192,1903031798,1025208175901,1025209296437,40.880097776,-13.915234
1207,1025252154607,40.906326039,1903538624,1903541778,1025244153198,1025243193690,40.913995029,-8.960917
1208,1025283731722,40.937903154,1904047056,1904049912,1025276183074,1025277090943,40.947892282,-6.640779
1209,1025331188083,40.985359515,1904555488,1904558040,1025312182752,1025310988196,40.981789535,-20.199887
1210,1025357083759,41.011255191,1905063920,1905066152,1025344204498,1025344885449,41.015686788,-12.198310
1211,1025391142787,41.045314219,1905572353,1905574298,1025380231441,1025378782769,41.049584108,-12.360018
1212,1025422317723,41.076489155,1906080785,1906082409,1025412194301,1025412680022,41.083481361,-9.637701
1213,1025458945166,41.113116598,1906589217,1906592414,1025448171554,1025446577275,41.117378614,-12.367891
1214,1025488378797,41.142550229,1907097649,1907100537,1025480185982,1025480474528,41.151275867,-7.904269
1215,1025525907355,41.180078787,1907606081,1907608653,1025516206242,1025514371781,41.185173120,-11.535574
1216,1025555660211,41.209831643,1908114513,1908116743,1025548179780,1025548269034,41.219070373,-7.391177
1217,1025594774440,41.248945872,1908622945,1908624877,1025580199045,1025582166287,41.252967626,-12.608153
1218,1025623752505,41.277923937,1909131377,1909133007,1025616192996,1025616063541,41.286864880,-7.688964
1219,1025659625909,41.313797341,1909639810,1909643024,1025648216428,1025649960860,41.320762199,-9.665049
1220,1025695764253,41.349935685,1910148242,1910151099,1025684192259,1025683858113,41.354659452,-11.906140
1221,1025739905021,41.394076453,1910656674,1910659209,1025716204709,1025717755367,41.388556706,-22.149654
1222,1025764413387,41.418584819,1911165106,1911167349,1025752194880,1025751652620,41.422453959,-12.760767
1223,1025790978059,41.445149491,1911673538,1911675481,1025784217905,1025785549873,41.456351212,-5.428186
1224,1025832024404,41.486195836,1912181970,1912183595,1025820195477,1025819447126,41.490248465,-12.577278
1225,1025871717620,41.525889052,1912690402,1912693606,1025852197913,1025853344379,41.524145718,-18.373241
1226,1025895805502,41.549976934,1913198834,1913201717,1025888204789,1025887241632,41.558042971,-8.563870
1227,1025927671254,41.581842686,1913707267,1913709839,1025920197080,1025921138952,41.591940291,-6.532302
1228,1025966234582,41.620406014,1914215699,1914217939,1025956192965,1025955036205,41.625837544,-11.198377
1229,1026006801263,41.660972695,1914724131,1914726056,1025988234332,1025988933458,41.659734797,-17.867805
1230,1026032862029,41.687033461,1915232563,1915234185,1026024295033,1026022830711,41.693632050,-10.031318
1231,1026062602616,41.716774048,1915740995,1915744189,1026056207801,1026056727964,41.727529303,-5.874652
1232,1026102629614,41.756801046,1916249427,1916252344,1026092208300,1026090625217,41.761426556,-12.004397
1233,1026141645181,41.795816613,1916757859,1916760445,1026124225505,1026124522470,41.795323809,-17.122711
1234,1026167739853,41.821911285,1917266291,1917268538,1026160198281,1026158419724,41.829221063,-9.320129
1235,1026203242500,41.857413932,1917774724,1917776664,1026192230865,1026192317043,41.863118382,-10.925457
1236,1026232701187,41.886872619,1918283156,1918284765,1026224239470,1026226214296,41.897015635,-6.486891
1237,1026271962171,41.926133603,1918791588,1918794789,1026260230172,1026260111549,41.930912888,-11.850622
1238,1026300599754,41.954771186,1919300020,1919302920,1026292225105,1026294008803,41.964810142,-6.590951
1239,1026338994108,41.993165540,1919808452,1919811020,1026328229422,1026327906056,41.998707395,-11.088052
1240,1026370766881,42.024938313,1920316884,1920319170,1026360260709,1026361803309,42.032604648,-8.963572
1241,1026411961319,42.066132751,1920825316,1920827285,1026396222408,1026395700562,42.066501901,-16.260757
1242,1026436942025,42.091113457,1921333748,1921335396,1026428265349,1026429597815,42.100399154,-7.344210
1243,1026475543128,42.129714560,1921842181,1921845399,1026464225893,1026463495135,42.134296474,-12.047993
1244,1026503842076,42.158013508,1922350613,1922353551,1026496255679,1026497392388,42.168193727,-6.449688
1245,1026543640357,42.197811789,1922859045,1922861705,1026532232763,1026531289641,42.202090980,-12.350716
1246,1026571783822,42.225955254,1923367477,1923369853,1026564269011,1026565186894,42.235988233,-6.596928
1247,1026611157685,42.265329117,1923875909,1923877967,1026600237125,1026599084147,42.269885486,-12.073538
1248,1026641969395,42.296140827,1924384341,1924386056,1026632246050,1026632981400,42.303782739,-8.987995
1249,1026680092822,42.334264254,1924892774,1924896059,1026668267087,1026666878720,42.337680059,-13.214102
1250,1026708059400,42.362230832,1925401205,1925404173,1026700256951,1026700775906,42.371577245,-7.283494
1251,1026748914027,42.403085459,1925909638,1925912332,1026736251214,1026734673226,42.405474565,-14.240801
1252,1026775900665,42.430072097,1926418070,1926420448,1026768270625,1026768570479,42.439371818,-7.330186
1253,1026810882947,42.465054379,1926926502,1926928557,1026804272495,1026802467732,42.473269071,-8.415215
1254,1026845865896,42.500037328,1927434934,1927436698,1026836262146,1026836364986,42.507166325,-9.500910
1255,1026879295408,42.533466840,1927943366,1927946682,1026872288534,1026870262239,42.541063578,-9.033169
1256,1026912951969,42.567123401,1928451798,1928454805,1026904257820,1026904159492,42.574960831,-8.792477
1257,1026952635373,42.606806805,1928960231,1928962922,1026936269548,1026938056812,42.608858151,-14.578561
1258,1026980188387,42.634359819,1929468663,1929471055,1026972272443,1026971954065,42.642755404,-8.234322
1259,1027013168171,42.667339603,1929977095,1929979185,1027004259837,1027005851318,42.676652657,-7.316853
1260,1027054325023,42.708496455,1930485527,1930487280,1027040261452,1027039748571,42.710549910,-14.576452
1261,1027093444535,42.747615967,1930993959,1930995416,1027072268974,1027073645824,42.744447163,-19.798711
1262,1027138310186,42.792481618,1931502391,1931505405,1027108990089,1027107543077,42.778344416,-30.767109
1263,1027164399536,42.818570968,1932010823,1932013543,1027140264793,1027141440330,42.812241669,-22.959206
1264,1027193165760,42.847337192,1932519255,1932521658,1027176279752,1027175337583,42.846138922,-17.828177
1265,1027214359521,42.868530953,1933027688,1933029754,1027208270565,1027209234903,42.880036242,-5.124618
1266,1027252021152,42.906192584,1933536120,1933537867,1027244271048,1027243132156,42.913933495,-8.888996
1267,1027295792883,42.949964315,1934044552,1934047863,1027276302344,1027277029409,42.947830748,-18.763474
1268,1027318539261,42.972710693,1934552984,1934555989,1027312280101,1027310926662,42.981728001,-7.612599
1269,1027358832354,43.013003786,1935061416,1935064086,1027344344949,1027344823915,43.015625254,-14.008439
1270,1027390689262,43.044860694,1935569848,1935572225,1027380280027,1027378721169,43.049522508,-11.968093
1271,1027435193555,43.089364987,1936078280,1936080357,1027412292828,1027412618422,43.083419761,-22.575133
1272,1027458431827,43.112603259,1936586713,1936588528,1027448360717,1027446515741,43.117317080,-11.916086
1273,1027487656363,43.141827795,1937095145,1937096672,1027480354602,1027480412995,43.151214334,-7.243368
1274,1027520299267,43.174470699,1937603577,1937606659,1027516271995,1027514310248,43.185111587,-5.989019
1275,1027563861657,43.218033089,1938112009,1938114816,1027548321890,1027548207501,43.219008840,-15.654156
1276,1027587916456,43.242087888,1938620441,1938622915,1027580295179,1027582104754,43.252906093,-5.811702
1277,1027623858351,43.278029783,1939128873,1939131015,1027616295997,1027616002007,43.286803346,-7.856344
1278,1027655944446,43.310115878,1939637305,1939639175,1027648326800,1027649899260,43.320700599,-6.045186
1279,1027692208686,43.346380118,1940145737,1940147264,1027684311688,1027683796513,43.354597852,-8.412173
1280,1027724916710,43.379088142,1940654170,1940657275,1027716300974,1027717693833,43.388495172,-7.222877
1281,1027760595966,43.414767398,1941162602,1941165432,1027752351549,1027751591086,43.422392425,-9.004880
1282,1027791945043,43.446116475,1941671034,1941673572,1027784414373,1027785488339,43.456289678,-6.456704
1283,1027835383544,43.489554976,1942179466,1942181676,1027820306423,1027819385592,43.490186931,-15.997952
1284,1027860068271,43.514239703,1942687898,1942689785,1027852315716,1027853282845,43.524084184,-6.785426
1285,1027901738103,43.555909535,1943196330,1943197901,1027888358918,1027887180098,43.557981437,-14.558005
1286,1027928068493,43.582239925,1943704762,1943707909,1027920355385,1027921077352,43.591878691,-6.991141
1287,1027962831526,43.617002958,1944213194,1944216025,1027956310249,1027954974605,43.625775944,-7.856921
1288,1027998392212,43.652563644,1944721627,1944724124,1027988363408,1027988871924,43.659673263,-9.520288
1289,1028037978538,43.692149970,1945230059,1945232254,1028024312867,1028022769178,43.693570517,-15.209360
1290,1028071830838,43.726002270,1945738491,1945740377,1028056379860,1028056666431,43.727467770,-15.164407
1291,1028106005431,43.760176863,1946246923,1946248509,1028092335353,1028090563684,43.761365023,-15.441747
1292,1028132055262,43.786226694,1946755355,1946758465,1028124329501,1028124460937,43.795262276,-7.594325
1293,1028162809787,43.816981219,1947263787,1947266585,1028160306299,1028158358190,43.829159529,-4.451597
1294,1028201892817,43.856064249,1947772219,1947774698,1028192350011,1028192255443,43.863056782,-9.637374
1295,1028242174753,43.896346185,1948280651,1948282828,1028224343920,1028226152696,43.896954035,-16.022057
1296,1028267347086,43.921518518,1948789084,1948790972,1028260358487,1028260050016,43.930851355,-7.297070
1297,1028300960126,43.955131558,1949297516,1949299069,1028292355363,1028293947269,43.964748608,-7.012857
1298,1028340058245,43.994229677,1949805948,1949809096,1028328370517,1028327844522,43.998645861,-12.213723
1299,1028374022937,44.028194369,1950314380,1950317240,1028360355366,1028361741775,44.032543114,-12.281162
1300,1028403425492,44.057596924,1950822812,1950825335,1028396340908,1028395639028,44.066440367,-7.786464
1301,1028435359660,44.089531092,1951331244,1951333454,1028428340123,1028429536281,44.100337620,-5.823379
1302,1028475575480,44.129746912,1951839676,1951841555,1028464385354,1028463433535,44.134234874,-12.141945
1303,1028516844823,44.171016255,1952348108,1952349667,1028496345426,1028497330788,44.168132127,-19.514035
1304,1028538548879,44.192720311,1952856541,1952859702,1028532403969,1028531228107,44.202029446,-7.320772
1305,1028576246948,44.230418380,1953364973,1953367835,1028564400321,1028565125360,44.235926699,-11.121588
1306,1028608218779,44.262390211,1953873405,1953875970,1028600358988,1028599022614,44.269823953,-9.196165
1307,1028647883962,44.302055394,1954381837,1954384118,1028632361948,1028632919867,44.303721206,-14.964095
1308,1028675976358,44.330147790,1954890269,1954892239,1028668340740,1028666817120,44.337618459,-9.159238
1309,1028712366310,44.366537742,1955398701,1955400411,1028700360338,1028700714373,44.371515712,-11.651937
1310,1028744377210,44.398548642,1955907134,1955910396,1028736357432,1028734611693,44.405413032,-9.765517
1311,1028780988514,44.435159946,1956415565,1956418532,1028768403320,1028768508879,44.439310218,-12.479635
1312,1028808139939,44.462311371,1956923998,1956926656,1028804340072,1028802406199,44.473207538,-5.733740
1313,1028850257620,44.504429052,1957432430,1957434775,1028836429239,1028836303452,44.507104791,-13.954168
1314,1028878294937,44.532466369,1957940862,1957942906,1028868408253,1028870200705,44.541002044,-8.094232
1315,1028919286444,44.573457876,1958449294,1958451016,1028904409991,1028904097958,44.574899297,-15.188486
1316,1028944427167,44.598598599,1958957726,1958961006,1028936427698,1028937995211,44.608796550,-6.431956
1317,1028980053143,44.634224575,1959466158,1959469168,1028972406482,1028971892464,44.642693803,-8.160679
1318,1029014171624,44.668343056,1959974591,1959977290,1029004376539,1029005789784,44.676591123,-8.381840
1319,1029055399265,44.709570697,1960483023,1960485408,1029040392258,1029039687037,44.710488376,-15.712228
1320,1029079905340,44.734076772,1960991455,1960993523,1029072401729,1029073584290,44.744385629,-6.321050
1321,1029119974018,44.774145450,1961499887,1961501610,1029108382452,1029107481543,44.778282882,-12.492475
1322,1029150131234,44.804302666,1962008319,1962011583,1029140424264,1029141378797,44.812180136,-8.752437
1323,1029187079174,44.841250606,1962516751,1962519691,1029176415680,1029175276050,44.846077389,-11.803124
1324,1029215977282,44.870148714,1963025183,1963027837,1029208393949,1029209173303,44.879974642,-6.803979
1325,1029251115665,44.905287097,1963533615,1963536005,1029244428548,1029243070556,44.913871895,-8.045109
1326,1029285899056,44.940070488,1964042048,1964044101,1029276415306,1029276967876,44.947769215,-8.931180
1327,1029328614318,44.982785750,1964550480,1964552216,1029312396245,1029310865129,44.981666468,-17.749189
1328,1029352755208,45.006926640,1965058912,1965062236,1029344448140,1029344762382,45.015563721,-7.992826
