# timestamp(s) q p v bg ba cam_imu_dt num_cam cam0_k cam0_d cam0_rot cam0_trans ... imu_model dw da tg wtoI atoI etc
1700000008.13492 0.271775 0.059319 -0.960443 0.012973 -0.003956 0.013301 -0.000636 -0.025649 0.089206 -0.005501 0.000810 -0.000278 -0.002204 -0.005541 -0.002573 0.006017 0.0000000 1 418.629359 418.629359 505.740581 286.574774 -0.020453 -0.024926 0.019510 -0.005656 -0.660094 0.642445 -0.268559 0.281810 -0.062419 0.031365 0.062150 0 1.00000000 0.00000000 0.00000000 1.00000000 0.00000000 1.00000000 1.00000000 0.00000000 0.00000000 1.00000000 0.00000000 1.00000000 0.00000000 0.00000000 0.00000000 0.00000000 0.00000000 0.00000000 0.00000000 0.00000000 0.00000000 0.00000000 0.00000000 0.00000000 1.00000000 0.00000000 0.00000000 0.00000000 1.00000000 
1700000008.16882 0.271954 0.059595 -0.960403 0.010724 -0.005284 0.016604 -0.003783 -0.029589 0.096558 -0.017230 0.000799 -0.000296 -0.002215 -0.038153 0.017297 -0.009288 0.0000000 1 418.629359 418.629359 505.740581 286.574774 -0.020453 -0.024926 0.019510 -0.005656 -0.660094 0.642445 -0.268559 0.281810 -0.062419 0.031365 0.062150 0 1.00000000 0.00000000 0.00000000 1.00000000 0.00000000 1.00000000 1.00000000 0.00000000 0.00000000 1.00000000 0.00000000 1.00000000 0.00000000 0.00000000 0.00000000 0.00000000 0.00000000 0.00000000 0.00000000 0.00000000 0.00000000 0.00000000 0.00000000 0.00000000 1.00000000 0.00000000 0.00000000 0.00000000 1.00000000 
1700000008.20271 0.271875 0.059137 -0.960470 0.009148 -0.004939 0.016675 -0.000141 -0.028397 0.091621 -0.000321 0.000835 -0.000177 -0.002366 -0.070030 0.065028 -0.011610 0.0000000 1 418.629359 418.629359 505.740581 286.574774 -0.020453 -0.024926 0.019510 -0.005656 -0.660094 0.642445 -0.268559 0.281810 -0.062419 0.031365 0.062150 0 1.00000000 0.00000000 0.00000000 1.00000000 0.00000000 1.00000000 1.00000000 0.00000000 0.00000000 1.00000000 0.00000000 1.00000000 0.00000000 0.00000000 0.00000000 0.00000000 0.00000000 0.00000000 0.00000000 0.00000000 0.00000000 0.00000000 0.00000000 0.00000000 1.00000000 0.00000000 0.00000000 0.00000000 1.00000000 
1700000008.23661 0.271793 0.059570 -0.960480 0.007641 -0.005960 0.019818 -0.000209 -0.031539 0.094011 -0.003530 0.000835 -0.000177 -0.002366 -0.070030 0.065028 -0.011610 0.0000000 1 418.629359 418.629359 505.740581 286.574774 -0.020453 -0.024926 0.019510 -0.005656 -0.660094 0.642445 -0.268559 0.281810 -0.062419 0.031365 0.062150 0 1.00000000 0.00000000 0.00000000 1.00000000 0.00000000 1.00000000 1.00000000 0.00000000 0.00000000 1.00000000 0.00000000 1.00000000 0.00000000 0.00000000 0.00000000 0.00000000 0.00000000 0.00000000 0.00000000 0.00000000 0.00000000 0.00000000 0.00000000 0.00000000 1.00000000 0.00000000 0.00000000 0.00000000 1.00000000 
1700000008.27050 0.271565 0.060379 -0.960508 0.005558 -0.007075 0.023042 -0.000342 -0.034102 0.096261 -0.003932 0.000835 -0.000177 -0.002366 -0.070030 0.065028 -0.011610 0.0000000 1 418.629359 418.629359 505.740581 286.574774 -0.020453 -0.024926 0.019510 -0.005656 -0.660094 0.642445 -0.268559 0.281810 -0.062419 0.031365 0.062150 0 1.00000000 0.00000000 0.00000000 1.00000000 0.00000000 1.00000000 1.00000000 0.00000000 0.00000000 1.00000000 0.00000000 1.00000000 0.00000000 0.00000000 0.00000000 0.00000000 0.00000000 0.00000000 0.00000000 0.00000000 0.00000000 0.00000000 0.00000000 0.00000000 1.00000000 0.00000000 0.00000000 0.00000000 1.00000000 
1700000008.30440 0.271225 0.061294 -0.960556 0.003378 -0.008211 0.026797 -0.001044 -0.033586 0.099986 -0.009244 0.000955 -0.000143 -0.002344 -0.080284 0.052491 0.018661 0.0000000 1 418.629359 418.629359 505.740581 286.574774 -0.020453 -0.024926 0.019510 -0.005656 -0.660094 0.642445 -0.268559 0.281810 -0.062419 0.031365 0.062150 0 1.00000000 0.00000000 0.00000000 1.00000000 0.00000000 1.00000000 1.00000000 0.00000000 0.00000000 1.00000000 0.00000000 1.00000000 0.00000000 0.00000000 0.00000000 0.00000000 0.00000000 0.00000000 0.00000000 0.00000000 0.00000000 0.00000000 0.00000000 0.00000000 1.00000000 0.00000000 0.00000000 0.00000000 1.00000000 
1700000008.33829 0.270740 0.061783 -0.960667 0.001344 -0.009391 0.030252 -0.001344 -0.036280 0.103490 -0.009066 0.000955 -0.000143 -0.002344 -0.080284 0.052491 0.018661 0.0000000 1 418.629359 418.629359 505.740581 286.574774 -0.020453 -0.024926 0.019510 -0.005656 -0.660094 0.642445 -0.268559 0.281810 -0.062419 0.031365 0.062150 0 1.00000000 0.00000000 0.00000000 1.00000000 0.00000000 1.00000000 1.00000000 0.00000000 0.00000000 1.00000000 0.00000000 1.00000000 0.00000000 0.00000000 0.00000000 0.00000000 0.00000000 0.00000000 0.00000000 0.00000000 0.00000000 0.00000000 0.00000000 0.00000000 1.00000000 0.00000000 0.00000000 0.00000000 1.00000000 
1700000008.37219 -0.270372 -0.063401 0.960666 0.000707 -0.008002 0.028105 -0.002163 -0.013865 0.063449 -0.008495 0.001942 0.000574 -0.002331 -0.008236 -0.063104 0.037455 0.0000000 1 418.629359 418.629359 505.740581 286.574774 -0.020453 -0.024926 0.019510 -0.005656 -0.660094 0.642445 -0.268559 0.281810 -0.062419 0.031365 0.062150 0 1.00000000 0.00000000 0.00000000 1.00000000 0.00000000 1.00000000 1.00000000 0.00000000 0.00000000 1.00000000 0.00000000 1.00000000 0.00000000 0.00000000 0.00000000 0.00000000 0.00000000 0.00000000 0.00000000 0.00000000 0.00000000 0.00000000 0.00000000 0.00000000 1.00000000 0.00000000 0.00000000 0.00000000 1.00000000 
1700000008.40609 -0.269874 -0.064147 0.960754 0.002216 -0.008445 0.030247 -0.002464 -0.012325 0.062769 -0.009863 0.001942 0.000574 -0.002331 -0.008236 -0.063104 0.037455 0.0000000 1 418.629359 418.629359 505.740581 286.574774 -0.020453 -0.024926 0.019510 -0.005656 -0.660094 0.642445 -0.268559 0.281810 -0.062419 0.031365 0.062150 0 1.00000000 0.00000000 0.00000000 1.00000000 0.00000000 1.00000000 1.00000000 0.00000000 0.00000000 1.00000000 0.00000000 1.00000000 0.00000000 0.00000000 0.00000000 0.00000000 0.00000000 0.00000000 0.00000000 0.00000000 0.00000000 0.00000000 0.00000000 0.00000000 1.00000000 0.00000000 0.00000000 0.00000000 1.00000000 
1700000008.43998 -0.269626 -0.064956 0.960765 0.003684 -0.010091 0.032295 -0.002344 -0.022887 0.064245 -0.011765 0.000784 -0.000781 -0.002159 -0.031181 -0.062938 0.027884 0.0000000 1 418.629359 418.629359 505.740581 286.574774 -0.020453 -0.024926 0.019510 -0.005656 -0.660094 0.642445 -0.268559 0.281810 -0.062419 0.031365 0.062150 0 1.00000000 0.00000000 0.00000000 1.00000000 0.00000000 1.00000000 1.00000000 0.00000000 0.00000000 1.00000000 0.00000000 1.00000000 0.00000000 0.00000000 0.00000000 0.00000000 0.00000000 0.00000000 0.00000000 0.00000000 0.00000000 0.00000000 0.00000000 0.00000000 1.00000000 0.00000000 0.00000000 0.00000000 1.00000000 
1700000008.47388 -0.268018 -0.065720 0.961155 0.005364 -0.009426 0.033552 -0.000941 -0.030287 0.076576 -0.004114 0.000188 0.000126 -0.001122 -0.045542 -0.030522 0.000958 0.0000000 1 418.629359 418.629359 505.740581 286.574774 -0.020453 -0.024926 0.019510 -0.005656 -0.660094 0.642445 -0.268559 0.281810 -0.062419 0.031365 0.062150 0 1.00000000 0.00000000 0.00000000 1.00000000 0.00000000 1.00000000 1.00000000 0.00000000 0.00000000 1.00000000 0.00000000 1.00000000 0.00000000 0.00000000 0.00000000 0.00000000 0.00000000 0.00000000 0.00000000 0.00000000 0.00000000 0.00000000 0.00000000 0.00000000 1.00000000 0.00000000 0.00000000 0.00000000 1.00000000 
1700000008.50777 -0.266701 -0.067819 0.961361 0.007515 -0.010011 0.036397 -0.001256 -0.027998 0.076788 -0.009275 0.000879 0.001027 -0.000958 -0.036180 -0.028503 0.015587 0.0000000 1 418.629359 418.629359 505.740581 286.574774 -0.020453 -0.024926 0.019510 -0.005656 -0.660094 0.642445 -0.268559 0.281810 -0.062419 0.031365 0.062150 0 1.00000000 0.00000000 0.00000000 1.00000000 0.00000000 1.00000000 1.00000000 0.00000000 0.00000000 1.00000000 0.00000000 1.00000000 0.00000000 0.00000000 0.00000000 0.00000000 0.00000000 0.00000000 0.00000000 0.00000000 0.00000000 0.00000000 0.00000000 0.00000000 1.00000000 0.00000000 0.00000000 0.00000000 1.00000000 
1700000008.54167 -0.266301 -0.069002 0.961368 0.009692 -0.011307 0.038840 -0.001973 -0.034271 0.076648 -0.009555 0.000393 0.000931 -0.001028 -0.040354 -0.034998 0.012461 0.0000000 1 418.629359 418.629359 505.740581 286.574774 -0.020453 -0.024926 0.019510 -0.005656 -0.660094 0.642445 -0.268559 0.281810 -0.062419 0.031365 0.062150 0 1.00000000 0.00000000 0.00000000 1.00000000 0.00000000 1.00000000 1.00000000 0.00000000 0.00000000 1.00000000 0.00000000 1.00000000 0.00000000 0.00000000 0.00000000 0.00000000 0.00000000 0.00000000 0.00000000 0.00000000 0.00000000 0.00000000 0.00000000 0.00000000 1.00000000 0.00000000 0.00000000 0.00000000 1.00000000 
1700000008.57556 -0.263804 -0.070013 0.961943 0.013085 -0.010919 0.041695 -0.002487 -0.022786 0.083145 -0.001822 -0.001631 0.005427 0.001990 -0.032201 -0.010140 -0.008753 0.0000000 1 418.629359 418.629359 505.740581 286.574774 -0.020453 -0.024926 0.019510 -0.005656 -0.660094 0.642445 -0.268559 0.281810 -0.062419 0.031365 0.062150 0 1.00000000 0.00000000 0.00000000 1.00000000 0.00000000 1.00000000 1.00000000 0.00000000 0.00000000 1.00000000 0.00000000 1.00000000 0.00000000 0.00000000 0.00000000 0.00000000 0.00000000 0.00000000 0.00000000 0.00000000 0.00000000 0.00000000 0.00000000 0.00000000 1.00000000 0.00000000 0.00000000 0.00000000 1.00000000 
1700000008.60946 -0.262590 -0.071338 0.962154 0.014725 -0.011387 0.044564 -0.002874 -0.022069 0.081683 -0.003908 0.000799 0.007838 0.001181 -0.036639 -0.007769 -0.011838 0.0000000 1 418.629359 418.629359 505.740581 286.574774 -0.020453 -0.024926 0.019510 -0.005656 -0.660094 0.642445 -0.268559 0.281810 -0.062419 0.031365 0.062150 0 1.00000000 0.00000000 0.00000000 1.00000000 0.00000000 1.00000000 1.00000000 0.00000000 0.00000000 1.00000000 0.00000000 1.00000000 0.00000000 0.00000000 0.00000000 0.00000000 0.00000000 0.00000000 0.00000000 0.00000000 0.00000000 0.00000000 0.00000000 0.00000000 1.00000000 0.00000000 0.00000000 0.00000000 1.00000000 
1700000008.64335 -0.262648 -0.071847 0.962062 0.017023 -0.012294 0.047313 -0.002976 -0.024513 0.078248 -0.006365 0.000742 0.007315 0.000845 -0.033932 -0.011199 -0.009349 0.0000000 1 418.629359 418.629359 505.740581 286.574774 -0.020453 -0.024926 0.019510 -0.005656 -0.660094 0.642445 -0.268559 0.281810 -0.062419 0.031365 0.062150 0 1.00000000 0.00000000 0.00000000 1.00000000 0.00000000 1.00000000 1.00000000 0.00000000 0.00000000 1.00000000 0.00000000 1.00000000 0.00000000 0.00000000 0.00000000 0.00000000 0.00000000 0.00000000 0.00000000 0.00000000 0.00000000 0.00000000 0.00000000 0.00000000 1.00000000 0.00000000 0.00000000 0.00000000 1.00000000 
1700000008.67725 -0.262627 -0.072188 0.961998 0.019396 -0.013126 0.049974 -0.003180 -0.026089 0.077816 -0.003248 0.000618 0.007532 0.000785 -0.034716 -0.011514 -0.010878 0.0000000 1 418.629359 418.629359 505.740581 286.574774 -0.020453 -0.024926 0.019510 -0.005656 -0.660094 0.642445 -0.268559 0.281810 -0.062419 0.031365 0.062150 0 1.00000000 0.00000000 0.00000000 1.00000000 0.00000000 1.00000000 1.00000000 0.00000000 0.00000000 1.00000000 0.00000000 1.00000000 0.00000000 0.00000000 0.00000000 0.00000000 0.00000000 0.00000000 0.00000000 0.00000000 0.00000000 0.00000000 0.00000000 0.00000000 1.00000000 0.00000000 0.00000000 0.00000000 1.00000000 
1700000008.71115 -0.263129 -0.071299 0.961874 0.021849 -0.014004 0.052621 -0.003211 -0.025161 0.078041 0.000981 0.000618 0.007532 0.000785 -0.034716 -0.011514 -0.010878 0.0000000 1 418.629359 418.629359 505.740581 286.574774 -0.020453 -0.024926 0.019510 -0.005656 -0.660094 0.642445 -0.268559 0.281810 -0.062419 0.031365 0.062150 0 1.00000000 0.00000000 0.00000000 1.00000000 0.00000000 1.00000000 1.00000000 0.00000000 0.00000000 1.00000000 0.00000000 1.00000000 0.00000000 0.00000000 0.00000000 0.00000000 0.00000000 0.00000000 0.00000000 0.00000000 0.00000000 0.00000000 0.00000000 0.00000000 1.00000000 0.00000000 0.00000000 0.00000000 1.00000000 
1700000008.74504 -0.263714 -0.069907 0.961767 0.023917 -0.014797 0.055234 -0.003164 -0.021162 0.075957 0.001037 0.000618 0.007532 0.000785 -0.034716 -0.011514 -0.010878 0.0000000 1 418.629359 418.629359 505.740581 286.574774 -0.020453 -0.024926 0.019510 -0.005656 -0.660094 0.642445 -0.268559 0.281810 -0.062419 0.031365 0.062150 0 1.00000000 0.00000000 0.00000000 1.00000000 0.00000000 1.00000000 1.00000000 0.00000000 0.00000000 1.00000000 0.00000000 1.00000000 0.00000000 0.00000000 0.00000000 0.00000000 0.00000000 0.00000000 0.00000000 0.00000000 0.00000000 0.00000000 0.00000000 0.00000000 1.00000000 0.00000000 0.00000000 0.00000000 1.00000000 
1700000008.77894 -0.263992 -0.068451 0.961752 0.025617 -0.015551 0.058290 -0.004166 -0.017380 0.078981 -0.007456 0.000718 0.007561 0.000721 -0.044800 -0.019847 -0.004821 0.0000000 1 418.629359 418.629359 505.740581 286.574774 -0.020453 -0.024926 0.019510 -0.005656 -0.660094 0.642445 -0.268559 0.281810 -0.062419 0.031365 0.062150 0 1.00000000 0.00000000 0.00000000 1.00000000 0.00000000 1.00000000 1.00000000 0.00000000 0.00000000 1.00000000 0.00000000 1.00000000 0.00000000 0.00000000 0.00000000 0.00000000 0.00000000 0.00000000 0.00000000 0.00000000 0.00000000 0.00000000 0.00000000 0.00000000 1.00000000 0.00000000 0.00000000 0.00000000 1.00000000 
1700000008.81283 -0.263519 -0.069472 0.961714 0.028929 -0.012728 0.060885 -0.003443 0.006480 0.074330 -0.003990 -0.000203 0.007869 0.002583 -0.022448 0.005533 0.001312 0.0000000 1 418.629359 418.629359 505.740581 286.574774 -0.020453 -0.024926 0.019510 -0.005656 -0.660094 0.642445 -0.268559 0.281810 -0.062419 0.031365 0.062150 0 1.00000000 0.00000000 0.00000000 1.00000000 0.00000000 1.00000000 1.00000000 0.00000000 0.00000000 1.00000000 0.00000000 1.00000000 0.00000000 0.00000000 0.00000000 0.00000000 0.00000000 0.00000000 0.00000000 0.00000000 0.00000000 0.00000000 0.00000000 0.00000000 1.00000000 0.00000000 0.00000000 0.00000000 1.00000000 
1700000008.84673 -0.265501 -0.069857 0.961044 0.031989 -0.016377 0.062661 -0.002102 -0.012256 0.070258 0.002650 -0.000431 0.002562 0.005405 -0.022342 -0.010514 -0.008097 0.0000000 1 418.629359 418.629359 505.740581 286.574774 -0.020453 -0.024926 0.019510 -0.005656 -0.660094 0.642445 -0.268559 0.281810 -0.062419 0.031365 0.062150 0 1.00000000 0.00000000 0.00000000 1.00000000 0.00000000 1.00000000 1.00000000 0.00000000 0.00000000 1.00000000 0.00000000 1.00000000 0.00000000 0.00000000 0.00000000 0.00000000 0.00000000 0.00000000 0.00000000 0.00000000 0.00000000 0.00000000 0.00000000 0.00000000 1.00000000 0.00000000 0.00000000 0.00000000 1.00000000 
1700000008.88062 -0.264793 -0.071282 0.961052 0.034393 -0.015839 0.064766 -0.000493 -0.008023 0.073802 0.012640 -0.000379 0.002093 0.006735 -0.024504 0.009821 -0.017297 0.0000000 1 418.629359 418.629359 505.740581 286.574774 -0.020453 -0.024926 0.019510 -0.005656 -0.660094 0.642445 -0.268559 0.281810 -0.062419 0.031365 0.062150 0 1.00000000 0.00000000 0.00000000 1.00000000 0.00000000 1.00000000 1.00000000 0.00000000 0.00000000 1.00000000 0.00000000 1.00000000 0.00000000 0.00000000 0.00000000 0.00000000 0.00000000 0.00000000 0.00000000 0.00000000 0.00000000 0.00000000 0.00000000 0.00000000 1.00000000 0.00000000 0.00000000 0.00000000 1.00000000 
1700000008.91452 -0.264643 -0.071240 0.961046 0.035768 -0.016154 0.067438 -0.000310 -0.006610 0.076094 0.008662 -0.000024 0.002055 0.006903 -0.032238 0.004733 -0.015523 0.0000000 1 418.629359 418.629359 505.740581 286.574774 -0.020453 -0.024926 0.019510 -0.005656 -0.660094 0.642445 -0.268559 0.281810 -0.062419 0.031365 0.062150 0 1.00000000 0.00000000 0.00000000 1.00000000 0.00000000 1.00000000 1.00000000 0.00000000 0.00000000 1.00000000 0.00000000 1.00000000 0.00000000 0.00000000 0.00000000 0.00000000 0.00000000 0.00000000 0.00000000 0.00000000 0.00000000 0.00000000 0.00000000 0.00000000 1.00000000 0.00000000 0.00000000 0.00000000 1.00000000 
1700000008.94841 -0.262635 -0.070196 0.961657 0.036213 -0.016908 0.069935 -0.002050 -0.010745 0.076910 -0.005079 0.000149 0.005395 0.007328 -0.054403 -0.040739 -0.020644 0.0000000 1 418.629359 418.629359 505.740581 286.574774 -0.020453 -0.024926 0.019510 -0.005656 -0.660094 0.642445 -0.268559 0.281810 -0.062419 0.031365 0.062150 0 1.00000000 0.00000000 0.00000000 1.00000000 0.00000000 1.00000000 1.00000000 0.00000000 0.00000000 1.00000000 0.00000000 1.00000000 0.00000000 0.00000000 0.00000000 0.00000000 0.00000000 0.00000000 0.00000000 0.00000000 0.00000000 0.00000000 0.00000000 0.00000000 1.00000000 0.00000000 0.00000000 0.00000000 1.00000000 
1700000008.98231 -0.261960 -0.072869 0.961586 0.037681 -0.017260 0.072524 -0.002538 -0.004682 0.071107 -0.001285 -0.000701 0.005559 0.006901 -0.034711 -0.022888 -0.010549 0.0000000 1 418.629359 418.629359 505.740581 286.574774 -0.020453 -0.024926 0.019510 -0.005656 -0.660094 0.642445 -0.268559 0.281810 -0.062419 0.031365 0.062150 0 1.00000000 0.00000000 0.00000000 1.00000000 0.00000000 1.00000000 1.00000000 0.00000000 0.00000000 1.00000000 0.00000000 1.00000000 0.00000000 0.00000000 0.00000000 0.00000000 0.00000000 0.00000000 0.00000000 0.00000000 0.00000000 0.00000000 0.00000000 0.00000000 1.00000000 0.00000000 0.00000000 0.00000000 1.00000000 
1700000009.01621 -0.261429 -0.073698 0.961625 0.038743 -0.017935 0.074973 -0.002981 -0.012870 0.069868 -0.000917 -0.001337 0.005495 0.005646 -0.028582 -0.042692 -0.008539 0.0000000 1 418.629359 418.629359 505.740581 286.574774 -0.020453 -0.024926 0.019510 -0.005656 -0.660094 0.642445 -0.268559 0.281810 -0.062419 0.031365 0.062150 0 1.00000000 0.00000000 0.00000000 1.00000000 0.00000000 1.00000000 1.00000000 0.00000000 0.00000000 1.00000000 0.00000000 1.00000000 0.00000000 0.00000000 0.00000000 0.00000000 0.00000000 0.00000000 0.00000000 0.00000000 0.00000000 0.00000000 0.00000000 0.00000000 1.00000000 0.00000000 0.00000000 0.00000000 1.00000000 
1700000009.05010 -0.260422 -0.074829 0.961736 0.040568 -0.018361 0.077353 -0.002929 -0.012264 0.070224 0.003849 -0.001337 0.005495 0.005646 -0.028582 -0.042692 -0.008539 0.0000000 1 418.629359 418.629359 505.740581 286.574774 -0.020453 -0.024926 0.019510 -0.005656 -0.660094 0.642445 -0.268559 0.281810 -0.062419 0.031365 0.062150 0 1.00000000 0.00000000 0.00000000 1.00000000 0.00000000 1.00000000 1.00000000 0.00000000 0.00000000 1.00000000 0.00000000 1.00000000 0.00000000 0.00000000 0.00000000 0.00000000 0.00000000 0.00000000 0.00000000 0.00000000 0.00000000 0.00000000 0.00000000 0.00000000 1.00000000 0.00000000 0.00000000 0.00000000 1.00000000 
1700000009.08400 -0.259758 -0.075336 0.961808 0.042144 -0.018833 0.079715 -0.002905 -0.016409 0.067742 0.002435 -0.001218 0.005387 0.005666 -0.029053 -0.043850 -0.006618 0.0000000 1 418.629359 418.629359 505.740581 286.574774 -0.020453 -0.024926 0.019510 -0.005656 -0.660094 0.642445 -0.268559 0.281810 -0.062419 0.031365 0.062150 0 1.00000000 0.00000000 0.00000000 1.00000000 0.00000000 1.00000000 1.00000000 0.00000000 0.00000000 1.00000000 0.00000000 1.00000000 0.00000000 0.00000000 0.00000000 0.00000000 0.00000000 0.00000000 0.00000000 0.00000000 0.00000000 0.00000000 0.00000000 0.00000000 1.00000000 0.00000000 0.00000000 0.00000000 1.00000000 
1700000009.11789 -0.258681 -0.073861 0.962178 0.042913 -0.020731 0.083583 -0.003651 -0.027664 0.075101 -0.002035 -0.001464 0.005232 0.003935 -0.052085 -0.071940 -0.018789 0.0000000 1 418.629359 418.629359 505.740581 286.574774 -0.020453 -0.024926 0.019510 -0.005656 -0.660094 0.642445 -0.268559 0.281810 -0.062419 0.031365 0.062150 0 1.00000000 0.00000000 0.00000000 1.00000000 0.00000000 1.00000000 1.00000000 0.00000000 0.00000000 1.00000000 0.00000000 1.00000000 0.00000000 0.00000000 0.00000000 0.00000000 0.00000000 0.00000000 0.00000000 0.00000000 0.00000000 0.00000000 0.00000000 0.00000000 1.00000000 0.00000000 0.00000000 0.00000000 1.00000000 
1700000009.15179 -0.257725 -0.075669 0.962172 0.045583 -0.021450 0.085532 -0.002244 -0.025774 0.067018 0.007345 -0.000665 0.004976 0.004381 -0.053844 -0.048166 -0.026795 0.0000000 1 418.629359 418.629359 505.740581 286.574774 -0.020453 -0.024926 0.019510 -0.005656 -0.660094 0.642445 -0.268559 0.281810 -0.062419 0.031365 0.062150 0 1.00000000 0.00000000 0.00000000 1.00000000 0.00000000 1.00000000 1.00000000 0.00000000 0.00000000 1.00000000 0.00000000 1.00000000 0.00000000 0.00000000 0.00000000 0.00000000 0.00000000 0.00000000 0.00000000 0.00000000 0.00000000 0.00000000 0.00000000 0.00000000 1.00000000 0.00000000 0.00000000 0.00000000 1.00000000 
1700000009.18568 -0.257879 -0.076658 0.961945 0.047785 -0.022299 0.087583 -0.002048 -0.021641 0.060831 0.004248 -0.000120 0.004314 0.004196 -0.050581 -0.042526 -0.021385 0.0000000 1 418.629359 418.629359 505.740581 286.574774 -0.020453 -0.024926 0.019510 -0.005656 -0.660094 0.642445 -0.268559 0.281810 -0.062419 0.031365 0.062150 0 1.00000000 0.00000000 0.00000000 1.00000000 0.00000000 1.00000000 1.00000000 0.00000000 0.00000000 1.00000000 0.00000000 1.00000000 0.00000000 0.00000000 0.00000000 0.00000000 0.00000000 0.00000000 0.00000000 0.00000000 0.00000000 0.00000000 0.00000000 0.00000000 1.00000000 0.00000000 0.00000000 0.00000000 1.00000000 
1700000009.21958 -0.255194 -0.078031 0.962445 0.049864 -0.021441 0.089952 -0.001376 -0.007667 0.059928 0.012558 0.000240 0.006077 0.004186 -0.072619 -0.014846 -0.038381 0.0000000 1 418.629359 418.629359 505.740581 286.574774 -0.020453 -0.024926 0.019510 -0.005656 -0.660094 0.642445 -0.268559 0.281810 -0.062419 0.031365 0.062150 0 1.00000000 0.00000000 0.00000000 1.00000000 0.00000000 1.00000000 1.00000000 0.00000000 0.00000000 1.00000000 0.00000000 1.00000000 0.00000000 0.00000000 0.00000000 0.00000000 0.00000000 0.00000000 0.00000000 0.00000000 0.00000000 0.00000000 0.00000000 0.00000000 1.00000000 0.00000000 0.00000000 0.00000000 1.00000000 
1700000009.25347 -0.255073 -0.079024 0.962313 0.051448 -0.021767 0.091499 -0.000328 -0.004444 0.053044 0.012735 0.000812 0.005358 0.004313 -0.074259 -0.004149 -0.039182 0.0000000 1 418.629359 418.629359 505.740581 286.574774 -0.020453 -0.024926 0.019510 -0.005656 -0.660094 0.642445 -0.268559 0.281810 -0.062419 0.031365 0.062150 0 1.00000000 0.00000000 0.00000000 1.00000000 0.00000000 1.00000000 1.00000000 0.00000000 0.00000000 1.00000000 0.00000000 1.00000000 0.00000000 0.00000000 0.00000000 0.00000000 0.00000000 0.00000000 0.00000000 0.00000000 0.00000000 0.00000000 0.00000000 0.00000000 1.00000000 0.00000000 0.00000000 0.00000000 1.00000000 
1700000009.28737 -0.255022 -0.079390 0.962233 0.052611 -0.021853 0.093197 0.000084 -0.000794 0.047338 0.011439 0.000812 0.005358 0.004313 -0.074259 -0.004149 -0.039182 0.0000000 1 418.629359 418.629359 505.740581 286.574774 -0.020453 -0.024926 0.019510 -0.005656 -0.660094 0.642445 -0.268559 0.281810 -0.062419 0.031365 0.062150 0 1.00000000 0.00000000 0.00000000 1.00000000 0.00000000 1.00000000 1.00000000 0.00000000 0.00000000 1.00000000 0.00000000 1.00000000 0.00000000 0.00000000 0.00000000 0.00000000 0.00000000 0.00000000 0.00000000 0.00000000 0.00000000 0.00000000 0.00000000 0.00000000 1.00000000 0.00000000 0.00000000 0.00000000 1.00000000 
1700000009.32126 -0.254030 -0.079379 0.962433 0.053768 -0.022252 0.095725 0.000444 0.000490 0.048956 0.010301 0.000712 0.005241 0.004170 -0.093324 -0.008555 -0.051141 0.0000000 1 418.629359 418.629359 505.740581 286.574774 -0.020453 -0.024926 0.019510 -0.005656 -0.660094 0.642445 -0.268559 0.281810 -0.062419 0.031365 0.062150 0 1.00000000 0.00000000 0.00000000 1.00000000 0.00000000 1.00000000 1.00000000 0.00000000 0.00000000 1.00000000 0.00000000 1.00000000 0.00000000 0.00000000 0.00000000 0.00000000 0.00000000 0.00000000 0.00000000 0.00000000 0.00000000 0.00000000 0.00000000 0.00000000 1.00000000 0.00000000 0.00000000 0.00000000 1.00000000 
1700000009.35516 -0.254590 -0.078535 0.962327 0.054255 -0.022814 0.097312 0.000367 -0.001401 0.041366 0.005982 0.000928 0.004897 0.003407 -0.085027 -0.042320 -0.047595 0.0000000 1 418.629359 418.629359 505.740581 286.574774 -0.020453 -0.024926 0.019510 -0.005656 -0.660094 0.642445 -0.268559 0.281810 -0.062419 0.031365 0.062150 0 1.00000000 0.00000000 0.00000000 1.00000000 0.00000000 1.00000000 1.00000000 0.00000000 0.00000000 1.00000000 0.00000000 1.00000000 0.00000000 0.00000000 0.00000000 0.00000000 0.00000000 0.00000000 0.00000000 0.00000000 0.00000000 0.00000000 0.00000000 0.00000000 1.00000000 0.00000000 0.00000000 0.00000000 1.00000000 
1700000009.38906 -0.252872 -0.078089 0.962698 0.056308 -0.023209 0.097870 -0.000329 -0.001299 0.036394 0.001375 0.000691 0.004959 0.004966 -0.107082 -0.063390 -0.061558 0.0000000 1 418.629359 418.629359 505.740581 286.574774 -0.020453 -0.024926 0.019510 -0.005656 -0.660094 0.642445 -0.268559 0.281810 -0.062419 0.031365 0.062150 0 1.00000000 0.00000000 0.00000000 1.00000000 0.00000000 1.00000000 1.00000000 0.00000000 0.00000000 1.00000000 0.00000000 1.00000000 0.00000000 0.00000000 0.00000000 0.00000000 0.00000000 0.00000000 0.00000000 0.00000000 0.00000000 0.00000000 0.00000000 0.00000000 1.00000000 0.00000000 0.00000000 0.00000000 1.00000000 
1700000009.42295 -0.251016 -0.077466 0.963174 0.057313 -0.023532 0.099287 -0.000712 -0.000380 0.035642 0.000744 -0.000467 0.004866 0.005777 -0.131086 -0.074226 -0.077437 0.0000000 1 418.629359 418.629359 505.740581 286.574774 -0.020453 -0.024926 0.019510 -0.005656 -0.660094 0.642445 -0.268559 0.281810 -0.062419 0.031365 0.062150 0 1.00000000 0.00000000 0.00000000 1.00000000 0.00000000 1.00000000 1.00000000 0.00000000 0.00000000 1.00000000 0.00000000 1.00000000 0.00000000 0.00000000 0.00000000 0.00000000 0.00000000 0.00000000 0.00000000 0.00000000 0.00000000 0.00000000 0.00000000 0.00000000 1.00000000 0.00000000 0.00000000 0.00000000 1.00000000 
1700000009.45685 -0.250682 -0.078638 0.963170 0.057264 -0.023520 0.100326 -0.000764 0.001324 0.025783 -0.003671 -0.000467 0.004866 0.005777 -0.131086 -0.074226 -0.077437 0.0000000 1 418.629359 418.629359 505.740581 286.574774 -0.020453 -0.024926 0.019510 -0.005656 -0.660094 0.642445 -0.268559 0.281810 -0.062419 0.031365 0.062150 0 1.00000000 0.00000000 0.00000000 1.00000000 0.00000000 1.00000000 1.00000000 0.00000000 0.00000000 1.00000000 0.00000000 1.00000000 0.00000000 0.00000000 0.00000000 0.00000000 0.00000000 0.00000000 0.00000000 0.00000000 0.00000000 0.00000000 0.00000000 0.00000000 1.00000000 0.00000000 0.00000000 0.00000000 1.00000000 
1700000009.49074 -0.250965 -0.079016 0.963099 0.056692 -0.024142 0.101143 -0.001204 -0.001337 0.016923 -0.003509 -0.000478 0.004717 0.005206 -0.125883 -0.094503 -0.076837 0.0000000 1 418.629359 418.629359 505.740581 286.574774 -0.020453 -0.024926 0.019510 -0.005656 -0.660094 0.642445 -0.268559 0.281810 -0.062419 0.031365 0.062150 0 1.00000000 0.00000000 0.00000000 1.00000000 0.00000000 1.00000000 1.00000000 0.00000000 0.00000000 1.00000000 0.00000000 1.00000000 0.00000000 0.00000000 0.00000000 0.00000000 0.00000000 0.00000000 0.00000000 0.00000000 0.00000000 0.00000000 0.00000000 0.00000000 1.00000000 0.00000000 0.00000000 0.00000000 1.00000000 
1700000009.52464 -0.249902 -0.079617 0.963290 0.057300 -0.023764 0.101194 -0.001727 0.003912 0.011464 -0.008173 -0.000264 0.004917 0.006106 -0.136549 -0.100042 -0.080478 0.0000000 1 418.629359 418.629359 505.740581 286.574774 -0.020453 -0.024926 0.019510 -0.005656 -0.660094 0.642445 -0.268559 0.281810 -0.062419 0.031365 0.062150 0 1.00000000 0.00000000 0.00000000 1.00000000 0.00000000 1.00000000 1.00000000 0.00000000 0.00000000 1.00000000 0.00000000 1.00000000 0.00000000 0.00000000 0.00000000 0.00000000 0.00000000 0.00000000 0.00000000 0.00000000 0.00000000 0.00000000 0.00000000 0.00000000 1.00000000 0.00000000 0.00000000 0.00000000 1.00000000 
1700000009.55853 -0.249655 -0.079642 0.963391 0.056633 -0.024091 0.101483 -0.002362 -0.000261 0.004071 -0.011606 -0.000205 0.004758 0.006065 -0.138737 -0.119004 -0.083974 0.0000000 1 418.629359 418.629359 505.740581 286.574774 -0.020453 -0.024926 0.019510 -0.005656 -0.660094 0.642445 -0.268559 0.281810 -0.062419 0.031365 0.062150 0 1.00000000 0.00000000 0.00000000 1.00000000 0.00000000 1.00000000 1.00000000 0.00000000 0.00000000 1.00000000 0.00000000 1.00000000 0.00000000 0.00000000 0.00000000 0.00000000 0.00000000 0.00000000 0.00000000 0.00000000 0.00000000 0.00000000 0.00000000 0.00000000 1.00000000 0.00000000 0.00000000 0.00000000 1.00000000 
1700000009.59243 -0.249279 -0.080312 0.963445 0.056424 -0.024127 0.101696 -0.002706 -0.000285 -0.000814 -0.011004 -0.000292 0.004742 0.006127 -0.144270 -0.118599 -0.087441 0.0000000 1 418.629359 418.629359 505.740581 286.574774 -0.020453 -0.024926 0.019510 -0.005656 -0.660094 0.642445 -0.268559 0.281810 -0.062419 0.031365 0.062150 0 1.00000000 0.00000000 0.00000000 1.00000000 0.00000000 1.00000000 1.00000000 0.00000000 0.00000000 1.00000000 0.00000000 1.00000000 0.00000000 0.00000000 0.00000000 0.00000000 0.00000000 0.00000000 0.00000000 0.00000000 0.00000000 0.00000000 0.00000000 0.00000000 1.00000000 0.00000000 0.00000000 0.00000000 1.00000000 
1700000009.62632 -0.248843 -0.080634 0.963519 0.056634 -0.023573 0.101580 -0.002974 0.005610 -0.007190 -0.009438 -0.000310 0.004963 0.006096 -0.144400 -0.109851 -0.086481 0.0000000 1 418.629359 418.629359 505.740581 286.574774 -0.020453 -0.024926 0.019510 -0.005656 -0.660094 0.642445 -0.268559 0.281810 -0.062419 0.031365 0.062150 0 1.00000000 0.00000000 0.00000000 1.00000000 0.00000000 1.00000000 1.00000000 0.00000000 0.00000000 1.00000000 0.00000000 1.00000000 0.00000000 0.00000000 0.00000000 0.00000000 0.00000000 0.00000000 0.00000000 0.00000000 0.00000000 0.00000000 0.00000000 0.00000000 1.00000000 0.00000000 0.00000000 0.00000000 1.00000000 
1700000009.66022 -0.248641 -0.079917 0.963627 0.056687 -0.023352 0.101219 -0.003279 0.007578 -0.014317 -0.009040 -0.000310 0.004963 0.006096 -0.144400 -0.109851 -0.086481 0.0000000 1 418.629359 418.629359 505.740581 286.574774 -0.020453 -0.024926 0.019510 -0.005656 -0.660094 0.642445 -0.268559 0.281810 -0.062419 0.031365 0.062150 0 1.00000000 0.00000000 0.00000000 1.00000000 0.00000000 1.00000000 1.00000000 0.00000000 0.00000000 1.00000000 0.00000000 1.00000000 0.00000000 0.00000000 0.00000000 0.00000000 0.00000000 0.00000000 0.00000000 0.00000000 0.00000000 0.00000000 0.00000000 0.00000000 1.00000000 0.00000000 0.00000000 0.00000000 1.00000000 
1700000009.69412 -0.248559 -0.079070 0.963734 0.056428 -0.023038 0.100599 -0.003632 0.010935 -0.022432 -0.012294 -0.000310 0.004963 0.006096 -0.144400 -0.109851 -0.086481 0.0000000 1 418.629359 418.629359 505.740581 286.574774 -0.020453 -0.024926 0.019510 -0.005656 -0.660094 0.642445 -0.268559 0.281810 -0.062419 0.031365 0.062150 0 1.00000000 0.00000000 0.00000000 1.00000000 0.00000000 1.00000000 1.00000000 0.00000000 0.00000000 1.00000000 0.00000000 1.00000000 0.00000000 0.00000000 0.00000000 0.00000000 0.00000000 0.00000000 0.00000000 0.00000000 0.00000000 0.00000000 0.00000000 0.00000000 1.00000000 0.00000000 0.00000000 0.00000000 1.00000000 
1700000009.72801 -0.248335 -0.078765 0.963839 0.056037 -0.022611 0.099692 -0.004122 0.014904 -0.030703 -0.016072 -0.000310 0.004963 0.006096 -0.144400 -0.109851 -0.086481 0.0000000 1 418.629359 418.629359 505.740581 286.574774 -0.020453 -0.024926 0.019510 -0.005656 -0.660094 0.642445 -0.268559 0.281810 -0.062419 0.031365 0.062150 0 1.00000000 0.00000000 0.00000000 1.00000000 0.00000000 1.00000000 1.00000000 0.00000000 0.00000000 1.00000000 0.00000000 1.00000000 0.00000000 0.00000000 0.00000000 0.00000000 0.00000000 0.00000000 0.00000000 0.00000000 0.00000000 0.00000000 0.00000000 0.00000000 1.00000000 0.00000000 0.00000000 0.00000000 1.00000000 
1700000009.76191 -0.247604 -0.078939 0.964047 0.055448 -0.021996 0.098534 -0.004699 0.021022 -0.037716 -0.018283 -0.000310 0.004963 0.006096 -0.144400 -0.109851 -0.086481 0.0000000 1 418.629359 418.629359 505.740581 286.574774 -0.020453 -0.024926 0.019510 -0.005656 -0.660094 0.642445 -0.268559 0.281810 -0.062419 0.031365 0.062150 0 1.00000000 0.00000000 0.00000000 1.00000000 0.00000000 1.00000000 1.00000000 0.00000000 0.00000000 1.00000000 0.00000000 1.00000000 0.00000000 0.00000000 0.00000000 0.00000000 0.00000000 0.00000000 0.00000000 0.00000000 0.00000000 0.00000000 0.00000000 0.00000000 1.00000000 0.00000000 0.00000000 0.00000000 1.00000000 
1700000009.79580 -0.246637 -0.079886 0.964250 0.054874 -0.021223 0.097138 -0.005378 0.024500 -0.044021 -0.021299 -0.000310 0.004963 0.006096 -0.144400 -0.109851 -0.086481 0.0000000 1 418.629359 418.629359 505.740581 286.574774 -0.020453 -0.024926 0.019510 -0.005656 -0.660094 0.642445 -0.268559 0.281810 -0.062419 0.031365 0.062150 0 1.00000000 0.00000000 0.00000000 1.00000000 0.00000000 1.00000000 1.00000000 0.00000000 0.00000000 1.00000000 0.00000000 1.00000000 0.00000000 0.00000000 0.00000000 0.00000000 0.00000000 0.00000000 0.00000000 0.00000000 0.00000000 0.00000000 0.00000000 0.00000000 1.00000000 0.00000000 0.00000000 0.00000000 1.00000000 
1700000009.82970 -0.245711 -0.080927 0.964441 0.054131 -0.020308 0.095613 -0.006076 0.029297 -0.045890 -0.019533 -0.000310 0.004963 0.006096 -0.144400 -0.109851 -0.086481 0.0000000 1 418.629359 418.629359 505.740581 286.574774 -0.020453 -0.024926 0.019510 -0.005656 -0.660094 0.642445 -0.268559 0.281810 -0.062419 0.031365 0.062150 0 1.00000000 0.00000000 0.00000000 1.00000000 0.00000000 1.00000000 1.00000000 0.00000000 0.00000000 1.00000000 0.00000000 1.00000000 0.00000000 0.00000000 0.00000000 0.00000000 0.00000000 0.00000000 0.00000000 0.00000000 0.00000000 0.00000000 0.00000000 0.00000000 1.00000000 0.00000000 0.00000000 0.00000000 1.00000000 
1700000009.86359 -0.244995 -0.081576 0.964626 0.053108 -0.019284 0.094008 -0.006734 0.031047 -0.049012 -0.019858 -0.000310 0.004963 0.006096 -0.144400 -0.109851 -0.086481 0.0000000 1 418.629359 418.629359 505.740581 286.574774 -0.020453 -0.024926 0.019510 -0.005656 -0.660094 0.642445 -0.268559 0.281810 -0.062419 0.031365 0.062150 0 1.00000000 0.00000000 0.00000000 1.00000000 0.00000000 1.00000000 1.00000000 0.00000000 0.00000000 1.00000000 0.00000000 1.00000000 0.00000000 0.00000000 0.00000000 0.00000000 0.00000000 0.00000000 0.00000000 0.00000000 0.00000000 0.00000000 0.00000000 0.00000000 1.00000000 0.00000000 0.00000000 0.00000000 1.00000000 
1700000009.89749 -0.244755 -0.082268 0.964698 0.051812 -0.018177 0.092298 -0.007421 0.034405 -0.051609 -0.020153 -0.000310 0.004963 0.006096 -0.144400 -0.109851 -0.086481 0.0000000 1 418.629359 418.629359 505.740581 286.574774 -0.020453 -0.024926 0.019510 -0.005656 -0.660094 0.642445 -0.268559 0.281810 -0.062419 0.031365 0.062150 0 1.00000000 0.00000000 0.00000000 1.00000000 0.00000000 1.00000000 1.00000000 0.00000000 0.00000000 1.00000000 0.00000000 1.00000000 0.00000000 0.00000000 0.00000000 0.00000000 0.00000000 0.00000000 0.00000000 0.00000000 0.00000000 0.00000000 0.00000000 0.00000000 1.00000000 0.00000000 0.00000000 0.00000000 1.00000000 
1700000009.93138 -0.245102 -0.082127 0.964693 0.050472 -0.019482 0.090077 -0.006354 0.019082 -0.055176 -0.010823 -0.000160 0.004157 0.006186 -0.152567 -0.116469 -0.096850 0.0000000 1 418.629359 418.629359 505.740581 286.574774 -0.020453 -0.024926 0.019510 -0.005656 -0.660094 0.642445 -0.268559 0.281810 -0.062419 0.031365 0.062150 0 1.00000000 0.00000000 0.00000000 1.00000000 0.00000000 1.00000000 1.00000000 0.00000000 0.00000000 1.00000000 0.00000000 1.00000000 0.00000000 0.00000000 0.00000000 0.00000000 0.00000000 0.00000000 0.00000000 0.00000000 0.00000000 0.00000000 0.00000000 0.00000000 1.00000000 0.00000000 0.00000000 0.00000000 1.00000000 
1700000009.96528 -0.244908 -0.082709 0.964742 0.049511 -0.017095 0.086972 -0.005517 0.028905 -0.063091 -0.006006 -0.000244 0.004597 0.006507 -0.151417 -0.101497 -0.096783 0.0000000 1 418.629359 418.629359 505.740581 286.574774 -0.020453 -0.024926 0.019510 -0.005656 -0.660094 0.642445 -0.268559 0.281810 -0.062419 0.031365 0.062150 0 1.00000000 0.00000000 0.00000000 1.00000000 0.00000000 1.00000000 1.00000000 0.00000000 0.00000000 1.00000000 0.00000000 1.00000000 0.00000000 0.00000000 0.00000000 0.00000000 0.00000000 0.00000000 0.00000000 0.00000000 0.00000000 0.00000000 0.00000000 0.00000000 1.00000000 0.00000000 0.00000000 0.00000000 1.00000000 
1700000009.99917 -0.244678 -0.082309 0.964898 0.048278 -0.016079 0.084830 -0.005532 0.030938 -0.067987 -0.003880 -0.000253 0.004653 0.006594 -0.152624 -0.100999 -0.097745 0.0000000 1 418.629359 418.629359 505.740581 286.574774 -0.020453 -0.024926 0.019510 -0.005656 -0.660094 0.642445 -0.268559 0.281810 -0.062419 0.031365 0.062150 0 1.00000000 0.00000000 0.00000000 1.00000000 0.00000000 1.00000000 1.00000000 0.00000000 0.00000000 1.00000000 0.00000000 1.00000000 0.00000000 0.00000000 0.00000000 0.00000000 0.00000000 0.00000000 0.00000000 0.00000000 0.00000000 0.00000000 0.00000000 0.00000000 1.00000000 0.00000000 0.00000000 0.00000000 1.00000000 
1700000010.03307 -0.244983 -0.082111 0.964886 0.047282 -0.015060 0.081418 -0.006074 0.031177 -0.079941 -0.006131 -0.000094 0.004497 0.006779 -0.144306 -0.104691 -0.091996 0.0000000 1 418.629359 418.629359 505.740581 286.574774 -0.020453 -0.024926 0.019510 -0.005656 -0.660094 0.642445 -0.268559 0.281810 -0.062419 0.031365 0.062150 0 1.00000000 0.00000000 0.00000000 1.00000000 0.00000000 1.00000000 1.00000000 0.00000000 0.00000000 1.00000000 0.00000000 1.00000000 0.00000000 0.00000000 0.00000000 0.00000000 0.00000000 0.00000000 0.00000000 0.00000000 0.00000000 0.00000000 0.00000000 0.00000000 1.00000000 0.00000000 0.00000000 0.00000000 1.00000000 
1700000010.06697 -0.244986 -0.081860 0.964990 0.045550 -0.014259 0.078621 -0.006918 0.031848 -0.083828 -0.007877 -0.000114 0.004352 0.006688 -0.139841 -0.109409 -0.088312 0.0000000 1 418.629359 418.629359 505.740581 286.574774 -0.020453 -0.024926 0.019510 -0.005656 -0.660094 0.642445 -0.268559 0.281810 -0.062419 0.031365 0.062150 0 1.00000000 0.00000000 0.00000000 1.00000000 0.00000000 1.00000000 1.00000000 0.00000000 0.00000000 1.00000000 0.00000000 1.00000000 0.00000000 0.00000000 0.00000000 0.00000000 0.00000000 0.00000000 0.00000000 0.00000000 0.00000000 0.00000000 0.00000000 0.00000000 1.00000000 0.00000000 0.00000000 0.00000000 1.00000000 
1700000010.10086 -0.245181 -0.081272 0.965078 0.043651 -0.012788 0.074875 -0.007490 0.033637 -0.090730 -0.009836 -0.000108 0.004401 0.006591 -0.133942 -0.110904 -0.084259 0.0000000 1 418.629359 418.629359 505.740581 286.574774 -0.020453 -0.024926 0.019510 -0.005656 -0.660094 0.642445 -0.268559 0.281810 -0.062419 0.031365 0.062150 0 1.00000000 0.00000000 0.00000000 1.00000000 0.00000000 1.00000000 1.00000000 0.00000000 0.00000000 1.00000000 0.00000000 1.00000000 0.00000000 0.00000000 0.00000000 0.00000000 0.00000000 0.00000000 0.00000000 0.00000000 0.00000000 0.00000000 0.00000000 0.00000000 1.00000000 0.00000000 0.00000000 0.00000000 1.00000000 
1700000010.13476 -0.246273 -0.080483 0.964961 0.041513 -0.012431 0.071418 -0.008611 0.030111 -0.097352 -0.016187 -0.000086 0.004001 0.006502 -0.127017 -0.116041 -0.078722 0.0000000 1 418.629359 418.629359 505.740581 286.574774 -0.020453 -0.024926 0.019510 -0.005656 -0.660094 0.642445 -0.268559 0.281810 -0.062419 0.031365 0.062150 0 1.00000000 0.00000000 0.00000000 1.00000000 0.00000000 1.00000000 1.00000000 0.00000000 0.00000000 1.00000000 0.00000000 1.00000000 0.00000000 0.00000000 0.00000000 0.00000000 0.00000000 0.00000000 0.00000000 0.00000000 0.00000000 0.00000000 0.00000000 0.00000000 1.00000000 0.00000000 0.00000000 0.00000000 1.00000000 
1700000010.16865 -0.246918 -0.079719 0.964947 0.039431 -0.012083 0.068453 -0.009103 0.028377 -0.102332 -0.019845 -0.000343 0.003699 0.006629 -0.124963 -0.119254 -0.076722 0.0000000 1 418.629359 418.629359 505.740581 286.574774 -0.020453 -0.024926 0.019510 -0.005656 -0.660094 0.642445 -0.268559 0.281810 -0.062419 0.031365 0.062150 0 1.00000000 0.00000000 0.00000000 1.00000000 0.00000000 1.00000000 1.00000000 0.00000000 0.00000000 1.00000000 0.00000000 1.00000000 0.00000000 0.00000000 0.00000000 0.00000000 0.00000000 0.00000000 0.00000000 0.00000000 0.00000000 0.00000000 0.00000000 0.00000000 1.00000000 0.00000000 0.00000000 0.00000000 1.00000000 
1700000010.20255 -0.246142 -0.080469 0.965190 0.036705 -0.010122 0.063670 -0.010484 0.037159 -0.115977 -0.022502 0.000318 0.004308 0.006441 -0.125409 -0.122028 -0.077528 0.0000000 1 418.629359 418.629359 505.740581 286.574774 -0.020453 -0.024926 0.019510 -0.005656 -0.660094 0.642445 -0.268559 0.281810 -0.062419 0.031365 0.062150 0 1.00000000 0.00000000 0.00000000 1.00000000 0.00000000 1.00000000 1.00000000 0.00000000 0.00000000 1.00000000 0.00000000 1.00000000 0.00000000 0.00000000 0.00000000 0.00000000 0.00000000 0.00000000 0.00000000 0.00000000 0.00000000 0.00000000 0.00000000 0.00000000 1.00000000 0.00000000 0.00000000 0.00000000 1.00000000 
1700000010.23644 -0.245456 -0.081943 0.965326 0.034382 -0.009109 0.059320 -0.011313 0.037184 -0.125333 -0.026677 0.000811 0.004287 0.006621 -0.127665 -0.122635 -0.077329 0.0000000 1 418.629359 418.629359 505.740581 286.574774 -0.020453 -0.024926 0.019510 -0.005656 -0.660094 0.642445 -0.268559 0.281810 -0.062419 0.031365 0.062150 0 1.00000000 0.00000000 0.00000000 1.00000000 0.00000000 1.00000000 1.00000000 0.00000000 0.00000000 1.00000000 0.00000000 1.00000000 0.00000000 0.00000000 0.00000000 0.00000000 0.00000000 0.00000000 0.00000000 0.00000000 0.00000000 0.00000000 0.00000000 0.00000000 1.00000000 0.00000000 0.00000000 0.00000000 1.00000000 
1700000010.27034 -0.245007 -0.082978 0.965435 0.031970 -0.008252 0.055190 -0.012311 0.033671 -0.127799 -0.022959 0.000801 0.004277 0.006363 -0.126671 -0.121799 -0.076320 0.0000000 1 418.629359 418.629359 505.740581 286.574774 -0.020453 -0.024926 0.019510 -0.005656 -0.660094 0.642445 -0.268559 0.281810 -0.062419 0.031365 0.062150 0 1.00000000 0.00000000 0.00000000 1.00000000 0.00000000 1.00000000 1.00000000 0.00000000 0.00000000 1.00000000 0.00000000 1.00000000 0.00000000 0.00000000 0.00000000 0.00000000 0.00000000 0.00000000 0.00000000 0.00000000 0.00000000 0.00000000 0.00000000 0.00000000 1.00000000 0.00000000 0.00000000 0.00000000 1.00000000 
1700000010.30423 -0.244763 -0.082837 0.965606 0.028884 -0.007689 0.052536 -0.013354 0.032521 -0.119552 -0.017874 0.000528 0.004328 0.005735 -0.121075 -0.122755 -0.073099 0.0000000 1 418.629359 418.629359 505.740581 286.574774 -0.020453 -0.024926 0.019510 -0.005656 -0.660094 0.642445 -0.268559 0.281810 -0.062419 0.031365 0.062150 0 1.00000000 0.00000000 0.00000000 1.00000000 0.00000000 1.00000000 1.00000000 0.00000000 0.00000000 1.00000000 0.00000000 1.00000000 0.00000000 0.00000000 0.00000000 0.00000000 0.00000000 0.00000000 0.00000000 0.00000000 0.00000000 0.00000000 0.00000000 0.00000000 1.00000000 0.00000000 0.00000000 0.00000000 1.00000000 
1700000010.33813 -0.244504 -0.083416 0.965697 0.026254 -0.006555 0.048221 -0.013532 0.030128 -0.121780 -0.015936 0.000599 0.003985 0.005493 -0.119977 -0.116341 -0.071595 0.0000000 1 418.629359 418.629359 505.740581 286.574774 -0.020453 -0.024926 0.019510 -0.005656 -0.660094 0.642445 -0.268559 0.281810 -0.062419 0.031365 0.062150 0 1.00000000 0.00000000 0.00000000 1.00000000 0.00000000 1.00000000 1.00000000 0.00000000 0.00000000 1.00000000 0.00000000 1.00000000 0.00000000 0.00000000 0.00000000 0.00000000 0.00000000 0.00000000 0.00000000 0.00000000 0.00000000 0.00000000 0.00000000 0.00000000 1.00000000 0.00000000 0.00000000 0.00000000 1.00000000 
1700000010.37203 -0.243339 -0.083538 0.966038 0.024045 -0.006118 0.044860 -0.014342 0.025558 -0.123532 -0.014011 0.000831 0.004110 0.005126 -0.125355 -0.118870 -0.075562 0.0000000 1 418.629359 418.629359 505.740581 286.574774 -0.020453 -0.024926 0.019510 -0.005656 -0.660094 0.642445 -0.268559 0.281810 -0.062419 0.031365 0.062150 0 1.00000000 0.00000000 0.00000000 1.00000000 0.00000000 1.00000000 1.00000000 0.00000000 0.00000000 1.00000000 0.00000000 1.00000000 0.00000000 0.00000000 0.00000000 0.00000000 0.00000000 0.00000000 0.00000000 0.00000000 0.00000000 0.00000000 0.00000000 0.00000000 1.00000000 0.00000000 0.00000000 0.00000000 1.00000000 
1700000010.40592 -0.243849 -0.083392 0.965988 0.021234 -0.005850 0.042666 -0.012982 0.019294 -0.115940 -0.004934 0.000574 0.003265 0.003645 -0.119006 -0.104382 -0.072441 0.0000000 1 418.629359 418.629359 505.740581 286.574774 -0.020453 -0.024926 0.019510 -0.005656 -0.660094 0.642445 -0.268559 0.281810 -0.062419 0.031365 0.062150 0 1.00000000 0.00000000 0.00000000 1.00000000 0.00000000 1.00000000 1.00000000 0.00000000 0.00000000 1.00000000 0.00000000 1.00000000 0.00000000 0.00000000 0.00000000 0.00000000 0.00000000 0.00000000 0.00000000 0.00000000 0.00000000 0.00000000 0.00000000 0.00000000 1.00000000 0.00000000 0.00000000 0.00000000 1.00000000 
1700000010.43982 -0.244335 -0.082447 0.965993 0.018967 -0.005773 0.040450 -0.012381 0.015505 -0.109325 0.000065 0.000579 0.002836 0.002953 -0.114090 -0.099877 -0.069756 0.0000000 1 418.629359 418.629359 505.740581 286.574774 -0.020453 -0.024926 0.019510 -0.005656 -0.660094 0.642445 -0.268559 0.281810 -0.062419 0.031365 0.062150 0 1.00000000 0.00000000 0.00000000 1.00000000 0.00000000 1.00000000 1.00000000 0.00000000 0.00000000 1.00000000 0.00000000 1.00000000 0.00000000 0.00000000 0.00000000 0.00000000 0.00000000 0.00000000 0.00000000 0.00000000 0.00000000 0.00000000 0.00000000 0.00000000 1.00000000 0.00000000 0.00000000 0.00000000 1.00000000 
1700000010.47371 -0.244634 -0.082005 0.965983 0.017500 -0.005650 0.036933 -0.011482 0.010895 -0.110763 0.004672 0.001297 0.002410 0.002701 -0.116935 -0.088033 -0.070366 0.0000000 1 418.629359 418.629359 505.740581 286.574774 -0.020453 -0.024926 0.019510 -0.005656 -0.660094 0.642445 -0.268559 0.281810 -0.062419 0.031365 0.062150 0 1.00000000 0.00000000 0.00000000 1.00000000 0.00000000 1.00000000 1.00000000 0.00000000 0.00000000 1.00000000 0.00000000 1.00000000 0.00000000 0.00000000 0.00000000 0.00000000 0.00000000 0.00000000 0.00000000 0.00000000 0.00000000 0.00000000 0.00000000 0.00000000 1.00000000 0.00000000 0.00000000 0.00000000 1.00000000 
1700000010.50761 -0.245378 -0.080492 0.965947 0.016057 -0.005210 0.032859 -0.011245 0.013128 -0.110334 0.005977 0.001470 0.002275 0.002648 -0.108968 -0.082791 -0.064354 0.0000000 1 418.629359 418.629359 505.740581 286.574774 -0.020453 -0.024926 0.019510 -0.005656 -0.660094 0.642445 -0.268559 0.281810 -0.062419 0.031365 0.062150 0 1.00000000 0.00000000 0.00000000 1.00000000 0.00000000 1.00000000 1.00000000 0.00000000 0.00000000 1.00000000 0.00000000 1.00000000 0.00000000 0.00000000 0.00000000 0.00000000 0.00000000 0.00000000 0.00000000 0.00000000 0.00000000 0.00000000 0.00000000 0.00000000 1.00000000 0.00000000 0.00000000 0.00000000 1.00000000 
1700000010.54150 -0.245816 -0.078726 0.966014 0.013926 -0.004772 0.029119 -0.010855 0.014436 -0.113796 0.004534 0.001283 0.002053 0.002372 -0.104750 -0.080032 -0.061131 0.0000000 1 418.629359 418.629359 505.740581 286.574774 -0.020453 -0.024926 0.019510 -0.005656 -0.660094 0.642445 -0.268559 0.281810 -0.062419 0.031365 0.062150 0 1.00000000 0.00000000 0.00000000 1.00000000 0.00000000 1.00000000 1.00000000 0.00000000 0.00000000 1.00000000 0.00000000 1.00000000 0.00000000 0.00000000 0.00000000 0.00000000 0.00000000 0.00000000 0.00000000 0.00000000 0.00000000 0.00000000 0.00000000 0.00000000 1.00000000 0.00000000 0.00000000 0.00000000 1.00000000 
1700000010.57540 -0.245664 -0.077347 0.966193 0.011762 -0.004279 0.025319 -0.010574 0.017015 -0.119619 0.003052 0.000971 0.001990 0.002100 -0.107772 -0.080739 -0.063425 0.0000000 1 418.629359 418.629359 505.740581 286.574774 -0.020453 -0.024926 0.019510 -0.005656 -0.660094 0.642445 -0.268559 0.281810 -0.062419 0.031365 0.062150 0 1.00000000 0.00000000 0.00000000 1.00000000 0.00000000 1.00000000 1.00000000 0.00000000 0.00000000 1.00000000 0.00000000 1.00000000 0.00000000 0.00000000 0.00000000 0.00000000 0.00000000 0.00000000 0.00000000 0.00000000 0.00000000 0.00000000 0.00000000 0.00000000 1.00000000 0.00000000 0.00000000 0.00000000 1.00000000 
1700000010.60929 -0.246079 -0.075958 0.966225 0.009252 -0.003631 0.021396 -0.009721 0.022982 -0.119830 0.003752 0.000125 0.001447 0.001903 -0.101837 -0.084712 -0.061607 0.0000000 1 418.629359 418.629359 505.740581 286.574774 -0.020453 -0.024926 0.019510 -0.005656 -0.660094 0.642445 -0.268559 0.281810 -0.062419 0.031365 0.062150 0 1.00000000 0.00000000 0.00000000 1.00000000 0.00000000 1.00000000 1.00000000 0.00000000 0.00000000 1.00000000 0.00000000 1.00000000 0.00000000 0.00000000 0.00000000 0.00000000 0.00000000 0.00000000 0.00000000 0.00000000 0.00000000 0.00000000 0.00000000 0.00000000 1.00000000 0.00000000 0.00000000 0.00000000 1.00000000 
1700000010.64319 -0.245583 -0.075759 0.966391 0.006216 -0.002813 0.016918 -0.009337 0.024689 -0.124058 -0.000543 -0.000299 0.000962 0.001383 -0.103433 -0.088207 -0.062190 0.0000000 1 418.629359 418.629359 505.740581 286.574774 -0.020453 -0.024926 0.019510 -0.005656 -0.660094 0.642445 -0.268559 0.281810 -0.062419 0.031365 0.062150 0 1.00000000 0.00000000 0.00000000 1.00000000 0.00000000 1.00000000 1.00000000 0.00000000 0.00000000 1.00000000 0.00000000 1.00000000 0.00000000 0.00000000 0.00000000 0.00000000 0.00000000 0.00000000 0.00000000 0.00000000 0.00000000 0.00000000 0.00000000 0.00000000 1.00000000 0.00000000 0.00000000 0.00000000 1.00000000 
1700000010.67708 -0.244178 -0.076399 0.966706 0.004353 -0.001713 0.011441 -0.009026 0.026184 -0.126985 -0.000259 -0.000113 0.000698 0.001605 -0.109524 -0.093223 -0.066686 0.0000000 1 418.629359 418.629359 505.740581 286.574774 -0.020453 -0.024926 0.019510 -0.005656 -0.660094 0.642445 -0.268559 0.281810 -0.062419 0.031365 0.062150 0 1.00000000 0.00000000 0.00000000 1.00000000 0.00000000 1.00000000 1.00000000 0.00000000 0.00000000 1.00000000 0.00000000 1.00000000 0.00000000 0.00000000 0.00000000 0.00000000 0.00000000 0.00000000 0.00000000 0.00000000 0.00000000 0.00000000 0.00000000 0.00000000 1.00000000 0.00000000 0.00000000 0.00000000 1.00000000 
1700000010.71098 -0.243023 -0.077182 0.966941 0.002939 -0.000735 0.005628 -0.008106 0.021842 -0.127689 0.005621 0.000210 0.000422 0.001739 -0.113224 -0.089113 -0.070545 0.0000000 1 418.629359 418.629359 505.740581 286.574774 -0.020453 -0.024926 0.019510 -0.005656 -0.660094 0.642445 -0.268559 0.281810 -0.062419 0.031365 0.062150 0 1.00000000 0.00000000 0.00000000 1.00000000 0.00000000 1.00000000 1.00000000 0.00000000 0.00000000 1.00000000 0.00000000 1.00000000 0.00000000 0.00000000 0.00000000 0.00000000 0.00000000 0.00000000 0.00000000 0.00000000 0.00000000 0.00000000 0.00000000 0.00000000 1.00000000 0.00000000 0.00000000 0.00000000 1.00000000 
1700000010.74488 -0.243293 -0.078325 0.966784 0.001397 -0.000578 0.000393 -0.006747 0.009487 -0.122897 0.013266 0.000621 -0.000083 0.001612 -0.108708 -0.063947 -0.065702 0.0000000 1 418.629359 418.629359 505.740581 286.574774 -0.020453 -0.024926 0.019510 -0.005656 -0.660094 0.642445 -0.268559 0.281810 -0.062419 0.031365 0.062150 0 1.00000000 0.00000000 0.00000000 1.00000000 0.00000000 1.00000000 1.00000000 0.00000000 0.00000000 1.00000000 0.00000000 1.00000000 0.00000000 0.00000000 0.00000000 0.00000000 0.00000000 0.00000000 0.00000000 0.00000000 0.00000000 0.00000000 0.00000000 0.00000000 1.00000000 0.00000000 0.00000000 0.00000000 1.00000000 
1700000010.77877 0.244569 0.077355 -0.966541 0.000266 -0.000242 -0.004190 -0.005468 0.004750 -0.113408 0.021386 0.001292 -0.000213 0.001710 -0.095614 -0.057881 -0.059002 0.0000000 1 418.629359 418.629359 505.740581 286.574774 -0.020453 -0.024926 0.019510 -0.005656 -0.660094 0.642445 -0.268559 0.281810 -0.062419 0.031365 0.062150 0 1.00000000 0.00000000 0.00000000 1.00000000 0.00000000 1.00000000 1.00000000 0.00000000 0.00000000 1.00000000 0.00000000 1.00000000 0.00000000 0.00000000 0.00000000 0.00000000 0.00000000 0.00000000 0.00000000 0.00000000 0.00000000 0.00000000 0.00000000 0.00000000 1.00000000 0.00000000 0.00000000 0.00000000 1.00000000 
1700000010.81267 0.246190 0.075151 -0.966302 0.001724 0.000293 -0.009148 -0.004548 0.004945 -0.110097 0.020889 0.001921 -0.000198 0.001892 -0.086484 -0.058323 -0.053463 0.0000000 1 418.629359 418.629359 505.740581 286.574774 -0.020453 -0.024926 0.019510 -0.005656 -0.660094 0.642445 -0.268559 0.281810 -0.062419 0.031365 0.062150 0 1.00000000 0.00000000 0.00000000 1.00000000 0.00000000 1.00000000 1.00000000 0.00000000 0.00000000 1.00000000 0.00000000 1.00000000 0.00000000 0.00000000 0.00000000 0.00000000 0.00000000 0.00000000 0.00000000 0.00000000 0.00000000 0.00000000 0.00000000 0.00000000 1.00000000 0.00000000 0.00000000 0.00000000 1.00000000 
1700000010.84656 0.247731 0.072318 -0.966122 0.002840 0.000937 -0.014415 -0.003968 0.010679 -0.112144 0.012239 0.002210 -0.000435 0.002305 -0.077972 -0.066616 -0.047454 0.0000000 1 418.629359 418.629359 505.740581 286.574774 -0.020453 -0.024926 0.019510 -0.005656 -0.660094 0.642445 -0.268559 0.281810 -0.062419 0.031365 0.062150 0 1.00000000 0.00000000 0.00000000 1.00000000 0.00000000 1.00000000 1.00000000 0.00000000 0.00000000 1.00000000 0.00000000 1.00000000 0.00000000 0.00000000 0.00000000 0.00000000 0.00000000 0.00000000 0.00000000 0.00000000 0.00000000 0.00000000 0.00000000 0.00000000 1.00000000 0.00000000 0.00000000 0.00000000 1.00000000 
1700000010.88046 0.248211 0.070241 -0.966147 0.004066 0.001614 -0.018945 -0.003607 0.014938 -0.117045 0.002550 0.001917 -0.000699 0.002523 -0.077111 -0.074939 -0.046397 0.0000000 1 418.629359 418.629359 505.740581 286.574774 -0.020453 -0.024926 0.019510 -0.005656 -0.660094 0.642445 -0.268559 0.281810 -0.062419 0.031365 0.062150 0 1.00000000 0.00000000 0.00000000 1.00000000 0.00000000 1.00000000 1.00000000 0.00000000 0.00000000 1.00000000 0.00000000 1.00000000 0.00000000 0.00000000 0.00000000 0.00000000 0.00000000 0.00000000 0.00000000 0.00000000 0.00000000 0.00000000 0.00000000 0.00000000 1.00000000 0.00000000 0.00000000 0.00000000 1.00000000 
1700000010.91435 0.248389 0.069449 -0.966155 0.004944 0.002193 -0.024099 -0.003219 0.017976 -0.122158 -0.003576 0.001622 -0.001194 0.002634 -0.076442 -0.076379 -0.044909 0.0000000 1 418.629359 418.629359 505.740581 286.574774 -0.020453 -0.024926 0.019510 -0.005656 -0.660094 0.642445 -0.268559 0.281810 -0.062419 0.031365 0.062150 0 1.00000000 0.00000000 0.00000000 1.00000000 0.00000000 1.00000000 1.00000000 0.00000000 0.00000000 1.00000000 0.00000000 1.00000000 0.00000000 0.00000000 0.00000000 0.00000000 0.00000000 0.00000000 0.00000000 0.00000000 0.00000000 0.00000000 0.00000000 0.00000000 1.00000000 0.00000000 0.00000000 0.00000000 1.00000000 
1700000010.94825 0.249005 0.069232 -0.966006 0.005930 0.003057 -0.029987 -0.002613 0.020440 -0.119639 -0.000478 0.001201 -0.001524 0.002835 -0.059497 -0.075151 -0.036175 0.0000000 1 418.629359 418.629359 505.740581 286.574774 -0.020453 -0.024926 0.019510 -0.005656 -0.660094 0.642445 -0.268559 0.281810 -0.062419 0.031365 0.062150 0 1.00000000 0.00000000 0.00000000 1.00000000 0.00000000 1.00000000 1.00000000 0.00000000 0.00000000 1.00000000 0.00000000 1.00000000 0.00000000 0.00000000 0.00000000 0.00000000 0.00000000 0.00000000 0.00000000 0.00000000 0.00000000 0.00000000 0.00000000 0.00000000 1.00000000 0.00000000 0.00000000 0.00000000 1.00000000 
1700000010.98214 0.249653 0.069349 -0.965820 0.007466 0.003946 -0.035910 -0.001884 0.019807 -0.114897 0.006483 0.001168 -0.001654 0.002918 -0.041771 -0.070266 -0.026909 0.0000000 1 418.629359 418.629359 505.740581 286.574774 -0.020453 -0.024926 0.019510 -0.005656 -0.660094 0.642445 -0.268559 0.281810 -0.062419 0.031365 0.062150 0 1.00000000 0.00000000 0.00000000 1.00000000 0.00000000 1.00000000 1.00000000 0.00000000 0.00000000 1.00000000 0.00000000 1.00000000 0.00000000 0.00000000 0.00000000 0.00000000 0.00000000 0.00000000 0.00000000 0.00000000 0.00000000 0.00000000 0.00000000 0.00000000 1.00000000 0.00000000 0.00000000 0.00000000 1.00000000 
1700000011.01604 0.250630 0.069014 -0.965577 0.009106 0.004684 -0.041222 -0.001138 0.017010 -0.110320 0.010803 0.001405 -0.001789 0.002876 -0.026029 -0.063979 -0.017631 0.0000000 1 418.629359 418.629359 505.740581 286.574774 -0.020453 -0.024926 0.019510 -0.005656 -0.660094 0.642445 -0.268559 0.281810 -0.062419 0.031365 0.062150 0 1.00000000 0.00000000 0.00000000 1.00000000 0.00000000 1.00000000 1.00000000 0.00000000 0.00000000 1.00000000 0.00000000 1.00000000 0.00000000 0.00000000 0.00000000 0.00000000 0.00000000 0.00000000 0.00000000 0.00000000 0.00000000 0.00000000 0.00000000 0.00000000 1.00000000 0.00000000 0.00000000 0.00000000 1.00000000 
1700000011.04994 0.251641 0.067458 -0.965407 0.010710 0.005808 -0.047426 -0.000168 0.016625 -0.110604 0.012909 0.001640 -0.001957 0.002967 -0.013365 -0.070305 -0.012497 0.0000000 1 418.629359 418.629359 505.740581 286.574774 -0.020453 -0.024926 0.019510 -0.005656 -0.660094 0.642445 -0.268559 0.281810 -0.062419 0.031365 0.062150 0 1.00000000 0.00000000 0.00000000 1.00000000 0.00000000 1.00000000 1.00000000 0.00000000 0.00000000 1.00000000 0.00000000 1.00000000 0.00000000 0.00000000 0.00000000 0.00000000 0.00000000 0.00000000 0.00000000 0.00000000 0.00000000 0.00000000 0.00000000 0.00000000 1.00000000 0.00000000 0.00000000 0.00000000 1.00000000 
1700000011.08383 0.252083 0.065645 -0.965399 0.012245 0.006789 -0.052874 0.000496 0.017910 -0.116869 0.010947 0.001696 -0.002012 0.002902 -0.012911 -0.080089 -0.014208 0.0000000 1 418.629359 418.629359 505.740581 286.574774 -0.020453 -0.024926 0.019510 -0.005656 -0.660094 0.642445 -0.268559 0.281810 -0.062419 0.031365 0.062150 0 1.00000000 0.00000000 0.00000000 1.00000000 0.00000000 1.00000000 1.00000000 0.00000000 0.00000000 1.00000000 0.00000000 1.00000000 0.00000000 0.00000000 0.00000000 0.00000000 0.00000000 0.00000000 0.00000000 0.00000000 0.00000000 0.00000000 0.00000000 0.00000000 1.00000000 0.00000000 0.00000000 0.00000000 1.00000000 
1700000011.11773 0.253158 0.064418 -0.965183 0.013502 0.007997 -0.060048 0.001047 0.019773 -0.121850 0.007447 0.001656 -0.002221 0.003026 -0.002734 -0.080096 -0.007446 0.0000000 1 418.629359 418.629359 505.740581 286.574774 -0.020453 -0.024926 0.019510 -0.005656 -0.660094 0.642445 -0.268559 0.281810 -0.062419 0.031365 0.062150 0 1.00000000 0.00000000 0.00000000 1.00000000 0.00000000 1.00000000 1.00000000 0.00000000 0.00000000 1.00000000 0.00000000 1.00000000 0.00000000 0.00000000 0.00000000 0.00000000 0.00000000 0.00000000 0.00000000 0.00000000 0.00000000 0.00000000 0.00000000 0.00000000 1.00000000 0.00000000 0.00000000 0.00000000 1.00000000 
1700000011.15162 0.253619 0.062783 -0.965144 0.015256 0.009050 -0.065882 0.001613 0.021129 -0.127349 0.006007 0.001328 -0.002502 0.002914 0.001858 -0.091683 -0.006739 0.0000000 1 418.629359 418.629359 505.740581 286.574774 -0.020453 -0.024926 0.019510 -0.005656 -0.660094 0.642445 -0.268559 0.281810 -0.062419 0.031365 0.062150 0 1.00000000 0.00000000 0.00000000 1.00000000 0.00000000 1.00000000 1.00000000 0.00000000 0.00000000 1.00000000 0.00000000 1.00000000 0.00000000 0.00000000 0.00000000 0.00000000 0.00000000 0.00000000 0.00000000 0.00000000 0.00000000 0.00000000 0.00000000 0.00000000 1.00000000 0.00000000 0.00000000 0.00000000 1.00000000 
1700000011.18552 0.253491 0.061443 -0.965239 0.016736 0.010252 -0.071807 0.001995 0.026260 -0.133884 0.008178 0.001159 -0.002793 0.002863 0.001310 -0.107837 -0.008952 0.0000000 1 418.629359 418.629359 505.740581 286.574774 -0.020453 -0.024926 0.019510 -0.005656 -0.660094 0.642445 -0.268559 0.281810 -0.062419 0.031365 0.062150 0 1.00000000 0.00000000 0.00000000 1.00000000 0.00000000 1.00000000 1.00000000 0.00000000 0.00000000 1.00000000 0.00000000 1.00000000 0.00000000 0.00000000 0.00000000 0.00000000 0.00000000 0.00000000 0.00000000 0.00000000 0.00000000 0.00000000 0.00000000 0.00000000 1.00000000 0.00000000 0.00000000 0.00000000 1.00000000 
1700000011.21941 0.253648 0.061090 -0.965199 0.017952 0.010718 -0.076351 0.002587 0.024269 -0.137947 0.013391 0.001057 -0.003274 0.002879 0.006291 -0.101025 -0.004569 0.0000000 1 418.629359 418.629359 505.740581 286.574774 -0.020453 -0.024926 0.019510 -0.005656 -0.660094 0.642445 -0.268559 0.281810 -0.062419 0.031365 0.062150 0 1.00000000 0.00000000 0.00000000 1.00000000 0.00000000 1.00000000 1.00000000 0.00000000 0.00000000 1.00000000 0.00000000 1.00000000 0.00000000 0.00000000 0.00000000 0.00000000 0.00000000 0.00000000 0.00000000 0.00000000 0.00000000 0.00000000 0.00000000 0.00000000 1.00000000 0.00000000 0.00000000 0.00000000 1.00000000 
1700000011.25331 0.253995 0.060560 -0.965103 0.019904 0.011214 -0.081044 0.003672 0.022536 -0.138321 0.022825 0.000958 -0.003587 0.002828 0.017408 -0.098994 0.000685 0.0000000 1 418.629359 418.629359 505.740581 286.574774 -0.020453 -0.024926 0.019510 -0.005656 -0.660094 0.642445 -0.268559 0.281810 -0.062419 0.031365 0.062150 0 1.00000000 0.00000000 0.00000000 1.00000000 0.00000000 1.00000000 1.00000000 0.00000000 0.00000000 1.00000000 0.00000000 1.00000000 0.00000000 0.00000000 0.00000000 0.00000000 0.00000000 0.00000000 0.00000000 0.00000000 0.00000000 0.00000000 0.00000000 0.00000000 1.00000000 0.00000000 0.00000000 0.00000000 1.00000000 
1700000011.28720 0.254057 0.059415 -0.965097 0.022649 0.011699 -0.085343 0.005095 0.023702 -0.132781 0.028493 0.000681 -0.004070 0.002753 0.026090 -0.107717 0.002579 0.0000000 1 418.629359 418.629359 505.740581 286.574774 -0.020453 -0.024926 0.019510 -0.005656 -0.660094 0.642445 -0.268559 0.281810 -0.062419 0.031365 0.062150 0 1.00000000 0.00000000 0.00000000 1.00000000 0.00000000 1.00000000 1.00000000 0.00000000 0.00000000 1.00000000 0.00000000 1.00000000 0.00000000 0.00000000 0.00000000 0.00000000 0.00000000 0.00000000 0.00000000 0.00000000 0.00000000 0.00000000 0.00000000 0.00000000 1.00000000 0.00000000 0.00000000 0.00000000 1.00000000 
1700000011.32110 0.252216 0.058148 -0.965572 0.025995 0.012887 -0.092050 0.006601 0.025167 -0.131789 0.027098 0.000253 -0.004491 0.002631 0.010538 -0.134683 -0.012237 0.0000000 1 418.629359 418.629359 505.740581 286.574774 -0.020453 -0.024926 0.019510 -0.005656 -0.660094 0.642445 -0.268559 0.281810 -0.062419 0.031365 0.062150 0 1.00000000 0.00000000 0.00000000 1.00000000 0.00000000 1.00000000 1.00000000 0.00000000 0.00000000 1.00000000 0.00000000 1.00000000 0.00000000 0.00000000 0.00000000 0.00000000 0.00000000 0.00000000 0.00000000 0.00000000 0.00000000 0.00000000 0.00000000 0.00000000 1.00000000 0.00000000 0.00000000 0.00000000 1.00000000 
1700000011.35500 0.249113 0.057708 -0.966318 0.029019 0.013496 -0.095200 0.007939 0.021485 -0.131471 0.027053 0.000260 -0.004783 0.002120 -0.024132 -0.162459 -0.037575 0.0000000 1 418.629359 418.629359 505.740581 286.574774 -0.020453 -0.024926 0.019510 -0.005656 -0.660094 0.642445 -0.268559 0.281810 -0.062419 0.031365 0.062150 0 1.00000000 0.00000000 0.00000000 1.00000000 0.00000000 1.00000000 1.00000000 0.00000000 0.00000000 1.00000000 0.00000000 1.00000000 0.00000000 0.00000000 0.00000000 0.00000000 0.00000000 0.00000000 0.00000000 0.00000000 0.00000000 0.00000000 0.00000000 0.00000000 1.00000000 0.00000000 0.00000000 0.00000000 1.00000000 
1700000011.38889 0.247236 0.057716 -0.966734 0.031111 0.014550 -0.100753 0.009200 0.020600 -0.125883 0.027787 0.000380 -0.004873 0.002002 -0.032380 -0.186586 -0.047131 0.0000000 1 418.629359 418.629359 505.740581 286.574774 -0.020453 -0.024926 0.019510 -0.005656 -0.660094 0.642445 -0.268559 0.281810 -0.062419 0.031365 0.062150 0 1.00000000 0.00000000 0.00000000 1.00000000 0.00000000 1.00000000 1.00000000 0.00000000 0.00000000 1.00000000 0.00000000 1.00000000 0.00000000 0.00000000 0.00000000 0.00000000 0.00000000 0.00000000 0.00000000 0.00000000 0.00000000 0.00000000 0.00000000 0.00000000 1.00000000 0.00000000 0.00000000 0.00000000 1.00000000 
1700000011.42279 0.247970 0.058376 -0.966438 0.033167 0.014993 -0.104438 0.010420 0.014890 -0.105666 0.028685 0.000445 -0.005017 0.001929 -0.004339 -0.186097 -0.031474 0.0000000 1 418.629359 418.629359 505.740581 286.574774 -0.020453 -0.024926 0.019510 -0.005656 -0.660094 0.642445 -0.268559 0.281810 -0.062419 0.031365 0.062150 0 1.00000000 0.00000000 0.00000000 1.00000000 0.00000000 1.00000000 1.00000000 0.00000000 0.00000000 1.00000000 0.00000000 1.00000000 0.00000000 0.00000000 0.00000000 0.00000000 0.00000000 0.00000000 0.00000000 0.00000000 0.00000000 0.00000000 0.00000000 0.00000000 1.00000000 0.00000000 0.00000000 0.00000000 1.00000000 
1700000011.45668 0.248858 0.057876 -0.966163 0.035342 0.015311 -0.106447 0.011624 0.009069 -0.087887 0.030236 0.000623 -0.004939 0.001760 0.021369 -0.195595 -0.019254 0.0000000 1 418.629359 418.629359 505.740581 286.574774 -0.020453 -0.024926 0.019510 -0.005656 -0.660094 0.642445 -0.268559 0.281810 -0.062419 0.031365 0.062150 0 1.00000000 0.00000000 0.00000000 1.00000000 0.00000000 1.00000000 1.00000000 0.00000000 0.00000000 1.00000000 0.00000000 1.00000000 0.00000000 0.00000000 0.00000000 0.00000000 0.00000000 0.00000000 0.00000000 0.00000000 0.00000000 0.00000000 0.00000000 0.00000000 1.00000000 0.00000000 0.00000000 0.00000000 1.00000000 
1700000011.49058 0.250121 0.057968 -0.965757 0.037322 0.015289 -0.106633 0.012313 0.001192 -0.071099 0.027908 0.000801 -0.004702 0.001540 0.041974 -0.187586 -0.005473 0.0000000 1 418.629359 418.629359 505.740581 286.574774 -0.020453 -0.024926 0.019510 -0.005656 -0.660094 0.642445 -0.268559 0.281810 -0.062419 0.031365 0.062150 0 1.00000000 0.00000000 0.00000000 1.00000000 0.00000000 1.00000000 1.00000000 0.00000000 0.00000000 1.00000000 0.00000000 1.00000000 0.00000000 0.00000000 0.00000000 0.00000000 0.00000000 0.00000000 0.00000000 0.00000000 0.00000000 0.00000000 0.00000000 0.00000000 1.00000000 0.00000000 0.00000000 0.00000000 1.00000000 
1700000011.52447 0.250667 0.057102 -0.965594 0.039162 0.015833 -0.108001 0.012689 0.002935 -0.060126 0.020939 0.000952 -0.004388 0.001424 0.053342 -0.198888 0.000730 0.0000000 1 418.629359 418.629359 505.740581 286.574774 -0.020453 -0.024926 0.019510 -0.005656 -0.660094 0.642445 -0.268559 0.281810 -0.062419 0.031365 0.062150 0 1.00000000 0.00000000 0.00000000 1.00000000 0.00000000 1.00000000 1.00000000 0.00000000 0.00000000 1.00000000 0.00000000 1.00000000 0.00000000 0.00000000 0.00000000 0.00000000 0.00000000 0.00000000 0.00000000 0.00000000 0.00000000 0.00000000 0.00000000 0.00000000 1.00000000 0.00000000 0.00000000 0.00000000 1.00000000 
1700000011.55837 0.251002 0.056632 -0.965485 0.040366 0.016202 -0.108988 0.012765 0.004990 -0.050624 0.013353 0.001055 -0.004260 0.001361 0.059357 -0.202479 0.005624 0.0000000 1 418.629359 418.629359 505.740581 286.574774 -0.020453 -0.024926 0.019510 -0.005656 -0.660094 0.642445 -0.268559 0.281810 -0.062419 0.031365 0.062150 0 1.00000000 0.00000000 0.00000000 1.00000000 0.00000000 1.00000000 1.00000000 0.00000000 0.00000000 1.00000000 0.00000000 1.00000000 0.00000000 0.00000000 0.00000000 0.00000000 0.00000000 0.00000000 0.00000000 0.00000000 0.00000000 0.00000000 0.00000000 0.00000000 1.00000000 0.00000000 0.00000000 0.00000000 1.00000000 
1700000011.59226 0.251587 0.056386 -0.965310 0.041237 0.016492 -0.110451 0.012925 0.003303 -0.041229 0.006985 0.001069 -0.004197 0.001394 0.071869 -0.203530 0.013434 0.0000000 1 418.629359 418.629359 505.740581 286.574774 -0.020453 -0.024926 0.019510 -0.005656 -0.660094 0.642445 -0.268559 0.281810 -0.062419 0.031365 0.062150 0 1.00000000 0.00000000 0.00000000 1.00000000 0.00000000 1.00000000 1.00000000 0.00000000 0.00000000 1.00000000 0.00000000 1.00000000 0.00000000 0.00000000 0.00000000 0.00000000 0.00000000 0.00000000 0.00000000 0.00000000 0.00000000 0.00000000 0.00000000 0.00000000 1.00000000 0.00000000 0.00000000 0.00000000 1.00000000 
1700000011.62616 0.252566 0.056414 -0.965017 0.042084 0.016739 -0.111652 0.012969 0.001314 -0.027583 0.003458 0.000885 -0.004048 0.001374 0.090500 -0.204300 0.024215 0.0000000 1 418.629359 418.629359 505.740581 286.574774 -0.020453 -0.024926 0.019510 -0.005656 -0.660094 0.642445 -0.268559 0.281810 -0.062419 0.031365 0.062150 0 1.00000000 0.00000000 0.00000000 1.00000000 0.00000000 1.00000000 1.00000000 0.00000000 0.00000000 1.00000000 0.00000000 1.00000000 0.00000000 0.00000000 0.00000000 0.00000000 0.00000000 0.00000000 0.00000000 0.00000000 0.00000000 0.00000000 0.00000000 0.00000000 1.00000000 0.00000000 0.00000000 0.00000000 1.00000000 
1700000011.66005 0.253649 0.056509 -0.964685 0.043022 0.016953 -0.112471 0.013063 -0.001255 -0.010892 0.002396 0.001021 -0.003890 0.001391 0.113405 -0.206583 0.036959 0.0000000 1 418.629359 418.629359 505.740581 286.574774 -0.020453 -0.024926 0.019510 -0.005656 -0.660094 0.642445 -0.268559 0.281810 -0.062419 0.031365 0.062150 0 1.00000000 0.00000000 0.00000000 1.00000000 0.00000000 1.00000000 1.00000000 0.00000000 0.00000000 1.00000000 0.00000000 1.00000000 0.00000000 0.00000000 0.00000000 0.00000000 0.00000000 0.00000000 0.00000000 0.00000000 0.00000000 0.00000000 0.00000000 0.00000000 1.00000000 0.00000000 0.00000000 0.00000000 1.00000000 
1700000011.69395 0.254084 0.056433 -0.964541 0.043777 0.017022 -0.112439 0.012991 -0.005539 0.001576 0.000678 0.001108 -0.003601 0.001180 0.124066 -0.213041 0.041762 0.0000000 1 418.629359 418.629359 505.740581 286.574774 -0.020453 -0.024926 0.019510 -0.005656 -0.660094 0.642445 -0.268559 0.281810 -0.062419 0.031365 0.062150 0 1.00000000 0.00000000 0.00000000 1.00000000 0.00000000 1.00000000 1.00000000 0.00000000 0.00000000 1.00000000 0.00000000 1.00000000 0.00000000 0.00000000 0.00000000 0.00000000 0.00000000 0.00000000 0.00000000 0.00000000 0.00000000 0.00000000 0.00000000 0.00000000 1.00000000 0.00000000 0.00000000 0.00000000 1.00000000 
1700000011.72785 0.255095 0.056570 -0.964261 0.043911 0.016955 -0.111808 0.012760 -0.008333 0.018294 -0.000259 0.001279 -0.003395 0.001158 0.140799 -0.212680 0.052023 0.0000000 1 418.629359 418.629359 505.740581 286.574774 -0.020453 -0.024926 0.019510 -0.005656 -0.660094 0.642445 -0.268559 0.281810 -0.062419 0.031365 0.062150 0 1.00000000 0.00000000 0.00000000 1.00000000 0.00000000 1.00000000 1.00000000 0.00000000 0.00000000 1.00000000 0.00000000 1.00000000 0.00000000 0.00000000 0.00000000 0.00000000 0.00000000 0.00000000 0.00000000 0.00000000 0.00000000 0.00000000 0.00000000 0.00000000 1.00000000 0.00000000 0.00000000 0.00000000 1.00000000 
1700000011.76174 0.255882 0.056978 -0.964034 0.043775 0.016658 -0.110389 0.012246 -0.012889 0.033994 -0.005472 0.001420 -0.003219 0.001081 0.154624 -0.204330 0.062624 0.0000000 1 418.629359 418.629359 505.740581 286.574774 -0.020453 -0.024926 0.019510 -0.005656 -0.660094 0.642445 -0.268559 0.281810 -0.062419 0.031365 0.062150 0 1.00000000 0.00000000 0.00000000 1.00000000 0.00000000 1.00000000 1.00000000 0.00000000 0.00000000 1.00000000 0.00000000 1.00000000 0.00000000 0.00000000 0.00000000 0.00000000 0.00000000 0.00000000 0.00000000 0.00000000 0.00000000 0.00000000 0.00000000 0.00000000 1.00000000 0.00000000 0.00000000 0.00000000 1.00000000 
1700000011.79564 0.256242 0.057212 -0.963951 0.043197 0.016263 -0.108479 0.011728 -0.018378 0.046893 -0.009133 0.001584 -0.002934 0.000843 0.164239 -0.203796 0.068623 0.0000000 1 418.629359 418.629359 505.740581 286.574774 -0.020453 -0.024926 0.019510 -0.005656 -0.660094 0.642445 -0.268559 0.281810 -0.062419 0.031365 0.062150 0 1.00000000 0.00000000 0.00000000 1.00000000 0.00000000 1.00000000 1.00000000 0.00000000 0.00000000 1.00000000 0.00000000 1.00000000 0.00000000 0.00000000 0.00000000 0.00000000 0.00000000 0.00000000 0.00000000 0.00000000 0.00000000 0.00000000 0.00000000 0.00000000 1.00000000 0.00000000 0.00000000 0.00000000 1.00000000 
1700000011.82953 0.257494 0.057613 -0.963642 0.042091 0.015474 -0.105181 0.011177 -0.023960 0.064417 -0.009574 0.001691 -0.002587 0.000751 0.187858 -0.198053 0.082919 0.0000000 1 418.629359 418.629359 505.740581 286.574774 -0.020453 -0.024926 0.019510 -0.005656 -0.660094 0.642445 -0.268559 0.281810 -0.062419 0.031365 0.062150 0 1.00000000 0.00000000 0.00000000 1.00000000 0.00000000 1.00000000 1.00000000 0.00000000 0.00000000 1.00000000 0.00000000 1.00000000 0.00000000 0.00000000 0.00000000 0.00000000 0.00000000 0.00000000 0.00000000 0.00000000 0.00000000 0.00000000 0.00000000 0.00000000 1.00000000 0.00000000 0.00000000 0.00000000 1.00000000 
1700000011.86343 0.258807 0.057831 -0.963327 0.040942 0.014443 -0.100442 0.010548 -0.028054 0.081623 -0.012121 0.001615 -0.002326 0.000743 0.210575 -0.195316 0.096523 0.0000000 1 418.629359 418.629359 505.740581 286.574774 -0.020453 -0.024926 0.019510 -0.005656 -0.660094 0.642445 -0.268559 0.281810 -0.062419 0.031365 0.062150 0 1.00000000 0.00000000 0.00000000 1.00000000 0.00000000 1.00000000 1.00000000 0.00000000 0.00000000 1.00000000 0.00000000 1.00000000 0.00000000 0.00000000 0.00000000 0.00000000 0.00000000 0.00000000 0.00000000 0.00000000 0.00000000 0.00000000 0.00000000 0.00000000 1.00000000 0.00000000 0.00000000 0.00000000 1.00000000 
1700000011.89732 0.258925 0.058382 -0.963318 0.039603 0.013617 -0.096169 0.009695 -0.030771 0.093329 -0.015079 0.001551 -0.001917 0.000498 0.215813 -0.197509 0.099611 0.0000000 1 418.629359 418.629359 505.740581 286.574774 -0.020453 -0.024926 0.019510 -0.005656 -0.660094 0.642445 -0.268559 0.281810 -0.062419 0.031365 0.062150 0 1.00000000 0.00000000 0.00000000 1.00000000 0.00000000 1.00000000 1.00000000 0.00000000 0.00000000 1.00000000 0.00000000 1.00000000 0.00000000 0.00000000 0.00000000 0.00000000 0.00000000 0.00000000 0.00000000 0.00000000 0.00000000 0.00000000 0.00000000 0.00000000 1.00000000 0.00000000 0.00000000 0.00000000 1.00000000 
1700000011.93122 0.259802 0.059207 -0.963106 0.037733 0.012645 -0.091782 0.008719 -0.034325 0.110614 -0.014870 0.001689 -0.001473 0.000521 0.230361 -0.189828 0.109996 0.0000000 1 418.629359 418.629359 505.740581 286.574774 -0.020453 -0.024926 0.019510 -0.005656 -0.660094 0.642445 -0.268559 0.281810 -0.062419 0.031365 0.062150 0 1.00000000 0.00000000 0.00000000 1.00000000 0.00000000 1.00000000 1.00000000 0.00000000 0.00000000 1.00000000 0.00000000 1.00000000 0.00000000 0.00000000 0.00000000 0.00000000 0.00000000 0.00000000 0.00000000 0.00000000 0.00000000 0.00000000 0.00000000 0.00000000 1.00000000 0.00000000 0.00000000 0.00000000 1.00000000 
1700000011.96511 0.260198 0.059505 -0.963066 0.035503 0.011605 -0.087742 0.007724 -0.039079 0.119283 -0.019126 0.002002 -0.001095 0.000478 0.235664 -0.183465 0.114930 0.0000000 1 418.629359 418.629359 505.740581 286.574774 -0.020453 -0.024926 0.019510 -0.005656 -0.660094 0.642445 -0.268559 0.281810 -0.062419 0.031365 0.062150 0 1.00000000 0.00000000 0.00000000 1.00000000 0.00000000 1.00000000 1.00000000 0.00000000 0.00000000 1.00000000 0.00000000 1.00000000 0.00000000 0.00000000 0.00000000 0.00000000 0.00000000 0.00000000 0.00000000 0.00000000 0.00000000 0.00000000 0.00000000 0.00000000 1.00000000 0.00000000 0.00000000 0.00000000 1.00000000 
1700000011.99901 0.260993 0.059655 -0.962946 0.032549 0.010374 -0.083673 0.006767 -0.043585 0.125051 -0.020888 0.002180 -0.000573 0.000423 0.246113 -0.175989 0.121844 0.0000000 1 418.629359 418.629359 505.740581 286.574774 -0.020453 -0.024926 0.019510 -0.005656 -0.660094 0.642445 -0.268559 0.281810 -0.062419 0.031365 0.062150 0 1.00000000 0.00000000 0.00000000 1.00000000 0.00000000 1.00000000 1.00000000 0.00000000 0.00000000 1.00000000 0.00000000 1.00000000 0.00000000 0.00000000 0.00000000 0.00000000 0.00000000 0.00000000 0.00000000 0.00000000 0.00000000 0.00000000 0.00000000 0.00000000 1.00000000 0.00000000 0.00000000 0.00000000 1.00000000 
1700000012.03291 0.262621 0.060061 -0.962574 0.029576 0.008991 -0.079450 0.005733 -0.045090 0.135597 -0.021712 0.002075 -0.000117 0.000680 0.267511 -0.163422 0.136160 0.0000000 1 418.629359 418.629359 505.740581 286.574774 -0.020453 -0.024926 0.019510 -0.005656 -0.660094 0.642445 -0.268559 0.281810 -0.062419 0.031365 0.062150 0 1.00000000 0.00000000 0.00000000 1.00000000 0.00000000 1.00000000 1.00000000 0.00000000 0.00000000 1.00000000 0.00000000 1.00000000 0.00000000 0.00000000 0.00000000 0.00000000 0.00000000 0.00000000 0.00000000 0.00000000 0.00000000 0.00000000 0.00000000 0.00000000 1.00000000 0.00000000 0.00000000 0.00000000 1.00000000 
1700000012.06680 0.263220 0.059979 -0.962485 0.027217 0.007942 -0.074633 0.004541 -0.038118 0.141681 -0.027830 0.001774 0.000171 0.000791 0.276264 -0.164646 0.142002 0.0000000 1 418.629359 418.629359 505.740581 286.574774 -0.020453 -0.024926 0.019510 -0.005656 -0.660094 0.642445 -0.268559 0.281810 -0.062419 0.031365 0.062150 0 1.00000000 0.00000000 0.00000000 1.00000000 0.00000000 1.00000000 1.00000000 0.00000000 0.00000000 1.00000000 0.00000000 1.00000000 0.00000000 0.00000000 0.00000000 0.00000000 0.00000000 0.00000000 0.00000000 0.00000000 0.00000000 0.00000000 0.00000000 0.00000000 1.00000000 0.00000000 0.00000000 0.00000000 1.00000000 
1700000012.10070 0.262305 0.060574 -0.962765 0.024694 0.007059 -0.070087 0.003201 -0.032212 0.139596 -0.032761 0.001414 0.000466 0.000638 0.269066 -0.168231 0.137825 0.0000000 1 418.629359 418.629359 505.740581 286.574774 -0.020453 -0.024926 0.019510 -0.005656 -0.660094 0.642445 -0.268559 0.281810 -0.062419 0.031365 0.062150 0 1.00000000 0.00000000 0.00000000 1.00000000 0.00000000 1.00000000 1.00000000 0.00000000 0.00000000 1.00000000 0.00000000 1.00000000 0.00000000 0.00000000 0.00000000 0.00000000 0.00000000 0.00000000 0.00000000 0.00000000 0.00000000 0.00000000 0.00000000 0.00000000 1.00000000 0.00000000 0.00000000 0.00000000 1.00000000 
1700000012.13459 0.261618 0.062224 -0.962916 0.021862 0.006152 -0.065611 0.001904 -0.031669 0.143525 -0.032044 0.001254 0.000873 0.000491 0.271974 -0.165923 0.139720 0.0000000 1 418.629359 418.629359 505.740581 286.574774 -0.020453 -0.024926 0.019510 -0.005656 -0.660094 0.642445 -0.268559 0.281810 -0.062419 0.031365 0.062150 0 1.00000000 0.00000000 0.00000000 1.00000000 0.00000000 1.00000000 1.00000000 0.00000000 0.00000000 1.00000000 0.00000000 1.00000000 0.00000000 0.00000000 0.00000000 0.00000000 0.00000000 0.00000000 0.00000000 0.00000000 0.00000000 0.00000000 0.00000000 0.00000000 1.00000000 0.00000000 0.00000000 0.00000000 1.00000000 
1700000012.16849 0.261747 0.063827 -0.962837 0.018947 0.005032 -0.060800 0.000888 -0.034701 0.151854 -0.025627 0.001282 0.001153 0.000434 0.284749 -0.161681 0.147082 0.0000000 1 418.629359 418.629359 505.740581 286.574774 -0.020453 -0.024926 0.019510 -0.005656 -0.660094 0.642445 -0.268559 0.281810 -0.062419 0.031365 0.062150 0 1.00000000 0.00000000 0.00000000 1.00000000 0.00000000 1.00000000 1.00000000 0.00000000 0.00000000 1.00000000 0.00000000 1.00000000 0.00000000 0.00000000 0.00000000 0.00000000 0.00000000 0.00000000 0.00000000 0.00000000 0.00000000 0.00000000 0.00000000 0.00000000 1.00000000 0.00000000 0.00000000 0.00000000 1.00000000 
1700000012.20238 0.262127 0.064858 -0.962719 0.015959 0.003661 -0.055668 0.000192 -0.038925 0.157493 -0.020048 0.001561 0.001351 0.000370 0.295847 -0.156482 0.153553 0.0000000 1 418.629359 418.629359 505.740581 286.574774 -0.020453 -0.024926 0.019510 -0.005656 -0.660094 0.642445 -0.268559 0.281810 -0.062419 0.031365 0.062150 0 1.00000000 0.00000000 0.00000000 1.00000000 0.00000000 1.00000000 1.00000000 0.00000000 0.00000000 1.00000000 0.00000000 1.00000000 0.00000000 0.00000000 0.00000000 0.00000000 0.00000000 0.00000000 0.00000000 0.00000000 0.00000000 0.00000000 0.00000000 0.00000000 1.00000000 0.00000000 0.00000000 0.00000000 1.00000000 
1700000012.23628 0.262572 0.065437 -0.962606 0.012813 0.002212 -0.050687 -0.000453 -0.040993 0.158877 -0.020421 0.001596 0.001477 0.000284 0.304114 -0.150765 0.158715 0.0000000 1 418.629359 418.629359 505.740581 286.574774 -0.020453 -0.024926 0.019510 -0.005656 -0.660094 0.642445 -0.268559 0.281810 -0.062419 0.031365 0.062150 0 1.00000000 0.00000000 0.00000000 1.00000000 0.00000000 1.00000000 1.00000000 0.00000000 0.00000000 1.00000000 0.00000000 1.00000000 0.00000000 0.00000000 0.00000000 0.00000000 0.00000000 0.00000000 0.00000000 0.00000000 0.00000000 0.00000000 0.00000000 0.00000000 1.00000000 0.00000000 0.00000000 0.00000000 1.00000000 
1700000012.27017 0.262747 0.065989 -0.962557 0.009699 0.000978 -0.045511 -0.001184 -0.038191 0.158179 -0.019636 0.001317 0.001586 0.000311 0.308987 -0.150429 0.161219 0.0000000 1 418.629359 418.629359 505.740581 286.574774 -0.020453 -0.024926 0.019510 -0.005656 -0.660094 0.642445 -0.268559 0.281810 -0.062419 0.031365 0.062150 0 1.00000000 0.00000000 0.00000000 1.00000000 0.00000000 1.00000000 1.00000000 0.00000000 0.00000000 1.00000000 0.00000000 1.00000000 0.00000000 0.00000000 0.00000000 0.00000000 0.00000000 0.00000000 0.00000000 0.00000000 0.00000000 0.00000000 0.00000000 0.00000000 1.00000000 0.00000000 0.00000000 0.00000000 1.00000000 
1700000012.30407 0.262848 0.066865 -0.962493 0.006853 -0.000224 -0.040553 -0.001929 -0.035229 0.156630 -0.017090 0.001121 0.001644 0.000292 0.312032 -0.147899 0.163530 0.0000000 1 418.629359 418.629359 505.740581 286.574774 -0.020453 -0.024926 0.019510 -0.005656 -0.660094 0.642445 -0.268559 0.281810 -0.062419 0.031365 0.062150 0 1.00000000 0.00000000 0.00000000 1.00000000 0.00000000 1.00000000 1.00000000 0.00000000 0.00000000 1.00000000 0.00000000 1.00000000 0.00000000 0.00000000 0.00000000 0.00000000 0.00000000 0.00000000 0.00000000 0.00000000 0.00000000 0.00000000 0.00000000 0.00000000 1.00000000 0.00000000 0.00000000 0.00000000 1.00000000 
1700000012.33796 0.262893 0.067672 -0.962439 0.004453 -0.001196 -0.035695 -0.002656 -0.028033 0.157548 -0.014533 0.000828 0.001708 0.000364 0.316820 -0.145981 0.166978 0.0000000 1 418.629359 418.629359 505.740581 286.574774 -0.020453 -0.024926 0.019510 -0.005656 -0.660094 0.642445 -0.268559 0.281810 -0.062419 0.031365 0.062150 0 1.00000000 0.00000000 0.00000000 1.00000000 0.00000000 1.00000000 1.00000000 0.00000000 0.00000000 1.00000000 0.00000000 1.00000000 0.00000000 0.00000000 0.00000000 0.00000000 0.00000000 0.00000000 0.00000000 0.00000000 0.00000000 0.00000000 0.00000000 0.00000000 1.00000000 0.00000000 0.00000000 0.00000000 1.00000000 
1700000012.37186 0.262201 0.068649 -0.962565 0.002527 -0.002226 -0.031035 -0.003029 -0.023405 0.150261 -0.014245 0.000641 0.001525 0.000213 0.315518 -0.146630 0.166155 0.0000000 1 418.629359 418.629359 505.740581 286.574774 -0.020453 -0.024926 0.019510 -0.005656 -0.660094 0.642445 -0.268559 0.281810 -0.062419 0.031365 0.062150 0 1.00000000 0.00000000 0.00000000 1.00000000 0.00000000 1.00000000 1.00000000 0.00000000 0.00000000 1.00000000 0.00000000 1.00000000 0.00000000 0.00000000 0.00000000 0.00000000 0.00000000 0.00000000 0.00000000 0.00000000 0.00000000 0.00000000 0.00000000 0.00000000 1.00000000 0.00000000 0.00000000 0.00000000 1.00000000 
1700000012.40576 0.261154 0.070183 -0.962742 0.000714 -0.003138 -0.026495 -0.003470 -0.020316 0.143075 -0.014421 0.000189 0.001416 -0.000014 0.313463 -0.146879 0.164643 0.0000000 1 418.629359 418.629359 505.740581 286.574774 -0.020453 -0.024926 0.019510 -0.005656 -0.660094 0.642445 -0.268559 0.281810 -0.062419 0.031365 0.062150 0 1.00000000 0.00000000 0.00000000 1.00000000 0.00000000 1.00000000 1.00000000 0.00000000 0.00000000 1.00000000 0.00000000 1.00000000 0.00000000 0.00000000 0.00000000 0.00000000 0.00000000 0.00000000 0.00000000 0.00000000 0.00000000 0.00000000 0.00000000 0.00000000 1.00000000 0.00000000 0.00000000 0.00000000 1.00000000 
1700000012.43965 -0.260199 -0.072235 0.962849 0.000736 -0.003784 -0.022204 -0.003619 -0.017722 0.142274 -0.011042 -0.000016 0.001330 -0.000158 0.318626 -0.147391 0.166391 0.0000000 1 418.629359 418.629359 505.740581 286.574774 -0.020453 -0.024926 0.019510 -0.005656 -0.660094 0.642445 -0.268559 0.281810 -0.062419 0.031365 0.062150 0 1.00000000 0.00000000 0.00000000 1.00000000 0.00000000 1.00000000 1.00000000 0.00000000 0.00000000 1.00000000 0.00000000 1.00000000 0.00000000 0.00000000 0.00000000 0.00000000 0.00000000 0.00000000 0.00000000 0.00000000 0.00000000 0.00000000 0.00000000 0.00000000 1.00000000 0.00000000 0.00000000 0.00000000 1.00000000 
1700000012.47355 -0.259488 -0.074368 0.962876 0.002231 -0.004434 -0.018029 -0.003700 -0.020904 0.139530 -0.006544 -0.000080 0.001449 -0.000279 0.322921 -0.146586 0.167498 0.0000000 1 418.629359 418.629359 505.740581 286.574774 -0.020453 -0.024926 0.019510 -0.005656 -0.660094 0.642445 -0.268559 0.281810 -0.062419 0.031365 0.062150 0 1.00000000 0.00000000 0.00000000 1.00000000 0.00000000 1.00000000 1.00000000 0.00000000 0.00000000 1.00000000 0.00000000 1.00000000 0.00000000 0.00000000 0.00000000 0.00000000 0.00000000 0.00000000 0.00000000 0.00000000 0.00000000 0.00000000 0.00000000 0.00000000 1.00000000 0.00000000 0.00000000 0.00000000 1.00000000 
1700000012.50744 -0.259293 -0.076137 0.962786 0.003623 -0.005095 -0.013896 -0.003860 -0.022654 0.140218 -0.003785 0.000155 0.001574 -0.000297 0.327464 -0.145071 0.169860 0.0000000 1 418.629359 418.629359 505.740581 286.574774 -0.020453 -0.024926 0.019510 -0.005656 -0.660094 0.642445 -0.268559 0.281810 -0.062419 0.031365 0.062150 0 1.00000000 0.00000000 0.00000000 1.00000000 0.00000000 1.00000000 1.00000000 0.00000000 0.00000000 1.00000000 0.00000000 1.00000000 0.00000000 0.00000000 0.00000000 0.00000000 0.00000000 0.00000000 0.00000000 0.00000000 0.00000000 0.00000000 0.00000000 0.00000000 1.00000000 0.00000000 0.00000000 0.00000000 1.00000000 
1700000012.54134 -0.259583 -0.077185 0.962618 0.005019 -0.005796 -0.009849 -0.003920 -0.022943 0.138567 -0.002535 0.000373 0.001644 -0.000157 0.331386 -0.143396 0.172078 0.0000000 1 418.629359 418.629359 505.740581 286.574774 -0.020453 -0.024926 0.019510 -0.005656 -0.660094 0.642445 -0.268559 0.281810 -0.062419 0.031365 0.062150 0 1.00000000 0.00000000 0.00000000 1.00000000 0.00000000 1.00000000 1.00000000 0.00000000 0.00000000 1.00000000 0.00000000 1.00000000 0.00000000 0.00000000 0.00000000 0.00000000 0.00000000 0.00000000 0.00000000 0.00000000 0.00000000 0.00000000 0.00000000 0.00000000 1.00000000 0.00000000 0.00000000 0.00000000 1.00000000 
1700000012.57523 -0.259813 -0.078147 0.962472 0.006194 -0.006365 -0.006081 -0.004340 -0.021391 0.130071 -0.007622 0.000293 0.001773 -0.000121 0.331991 -0.143078 0.173019 0.0000000 1 418.629359 418.629359 505.740581 286.574774 -0.020453 -0.024926 0.019510 -0.005656 -0.660094 0.642445 -0.268559 0.281810 -0.062419 0.031365 0.062150 0 1.00000000 0.00000000 0.00000000 1.00000000 0.00000000 1.00000000 1.00000000 0.00000000 0.00000000 1.00000000 0.00000000 1.00000000 0.00000000 0.00000000 0.00000000 0.00000000 0.00000000 0.00000000 0.00000000 0.00000000 0.00000000 0.00000000 0.00000000 0.00000000 1.00000000 0.00000000 0.00000000 0.00000000 1.00000000 
1700000012.60913 -0.259823 -0.079362 0.962360 0.007486 -0.006772 -0.002478 -0.004979 -0.019688 0.124085 -0.009190 0.000314 0.001866 -0.000116 0.330411 -0.144559 0.172984 0.0000000 1 418.629359 418.629359 505.740581 286.574774 -0.020453 -0.024926 0.019510 -0.005656 -0.660094 0.642445 -0.268559 0.281810 -0.062419 0.031365 0.062150 0 1.00000000 0.00000000 0.00000000 1.00000000 0.00000000 1.00000000 1.00000000 0.00000000 0.00000000 1.00000000 0.00000000 1.00000000 0.00000000 0.00000000 0.00000000 0.00000000 0.00000000 0.00000000 0.00000000 0.00000000 0.00000000 0.00000000 0.00000000 0.00000000 1.00000000 0.00000000 0.00000000 0.00000000 1.00000000 
1700000012.64302 -0.260099 -0.080309 0.962196 0.008868 -0.007534 0.001161 -0.005539 -0.022660 0.122605 -0.008466 0.000480 0.001929 -0.000121 0.331364 -0.145328 0.174358 0.0000000 1 418.629359 418.629359 505.740581 286.574774 -0.020453 -0.024926 0.019510 -0.005656 -0.660094 0.642445 -0.268559 0.281810 -0.062419 0.031365 0.062150 0 1.00000000 0.00000000 0.00000000 1.00000000 0.00000000 1.00000000 1.00000000 0.00000000 0.00000000 1.00000000 0.00000000 1.00000000 0.00000000 0.00000000 0.00000000 0.00000000 0.00000000 0.00000000 0.00000000 0.00000000 0.00000000 0.00000000 0.00000000 0.00000000 1.00000000 0.00000000 0.00000000 0.00000000 1.00000000 
1700000012.67692 -0.260276 -0.080932 0.962079 0.010551 -0.008360 0.004623 -0.005967 -0.022653 0.119612 -0.007904 0.000671 0.001883 -0.000042 0.332681 -0.146663 0.175649 0.0000000 1 418.629359 418.629359 505.740581 286.574774 -0.020453 -0.024926 0.019510 -0.005656 -0.660094 0.642445 -0.268559 0.281810 -0.062419 0.031365 0.062150 0 1.00000000 0.00000000 0.00000000 1.00000000 0.00000000 1.00000000 1.00000000 0.00000000 0.00000000 1.00000000 0.00000000 1.00000000 0.00000000 0.00000000 0.00000000 0.00000000 0.00000000 0.00000000 0.00000000 0.00000000 0.00000000 0.00000000 0.00000000 0.00000000 1.00000000 0.00000000 0.00000000 0.00000000 1.00000000 
1700000012.71082 -0.260665 -0.081314 0.961922 0.012147 -0.009375 0.008383 -0.006005 -0.025786 0.122171 -0.002241 0.000662 0.001852 0.000226 0.335986 -0.144872 0.177292 0.0000000 1 418.629359 418.629359 505.740581 286.574774 -0.020453 -0.024926 0.019510 -0.005656 -0.660094 0.642445 -0.268559 0.281810 -0.062419 0.031365 0.062150 0 1.00000000 0.00000000 0.00000000 1.00000000 0.00000000 1.00000000 1.00000000 0.00000000 0.00000000 1.00000000 0.00000000 1.00000000 0.00000000 0.00000000 0.00000000 0.00000000 0.00000000 0.00000000 0.00000000 0.00000000 0.00000000 0.00000000 0.00000000 0.00000000 1.00000000 0.00000000 0.00000000 0.00000000 1.00000000 
1700000012.74471 -0.260860 -0.081551 0.961835 0.013217 -0.010398 0.012265 -0.005877 -0.027003 0.123045 0.001619 0.000720 0.001777 0.000331 0.338822 -0.144277 0.178678 0.0000000 1 418.629359 418.629359 505.740581 286.574774 -0.020453 -0.024926 0.019510 -0.005656 -0.660094 0.642445 -0.268559 0.281810 -0.062419 0.031365 0.062150 0 1.00000000 0.00000000 0.00000000 1.00000000 0.00000000 1.00000000 1.00000000 0.00000000 0.00000000 1.00000000 0.00000000 1.00000000 0.00000000 0.00000000 0.00000000 0.00000000 0.00000000 0.00000000 0.00000000 0.00000000 0.00000000 0.00000000 0.00000000 0.00000000 1.00000000 0.00000000 0.00000000 0.00000000 1.00000000 
1700000012.77861 -0.260758 -0.082123 0.961797 0.014383 -0.011329 0.015793 -0.005714 -0.029361 0.117013 0.002191 0.000561 0.001849 0.000239 0.343318 -0.142379 0.180700 0.0000000 1 418.629359 418.629359 505.740581 286.574774 -0.020453 -0.024926 0.019510 -0.005656 -0.660094 0.642445 -0.268559 0.281810 -0.062419 0.031365 0.062150 0 1.00000000 0.00000000 0.00000000 1.00000000 0.00000000 1.00000000 1.00000000 0.00000000 0.00000000 1.00000000 0.00000000 1.00000000 0.00000000 0.00000000 0.00000000 0.00000000 0.00000000 0.00000000 0.00000000 0.00000000 0.00000000 0.00000000 0.00000000 0.00000000 1.00000000 0.00000000 0.00000000 0.00000000 1.00000000 
1700000012.81250 -0.260330 -0.083263 0.961791 0.015895 -0.012209 0.019296 -0.005760 -0.028223 0.114104 0.001212 0.000490 0.001926 0.000070 0.346809 -0.142470 0.182672 0.0000000 1 418.629359 418.629359 505.740581 286.574774 -0.020453 -0.024926 0.019510 -0.005656 -0.660094 0.642445 -0.268559 0.281810 -0.062419 0.031365 0.062150 0 1.00000000 0.00000000 0.00000000 1.00000000 0.00000000 1.00000000 1.00000000 0.00000000 0.00000000 1.00000000 0.00000000 1.00000000 0.00000000 0.00000000 0.00000000 0.00000000 0.00000000 0.00000000 0.00000000 0.00000000 0.00000000 0.00000000 0.00000000 0.00000000 1.00000000 0.00000000 0.00000000 0.00000000 1.00000000 
1700000012.84640 -0.259545 -0.084460 0.961861 0.018054 -0.013285 0.022851 -0.005752 -0.026860 0.114241 0.000589 0.000486 0.001841 0.000085 0.350584 -0.143286 0.184932 0.0000000 1 418.629359 418.629359 505.740581 286.574774 -0.020453 -0.024926 0.019510 -0.005656 -0.660094 0.642445 -0.268559 0.281810 -0.062419 0.031365 0.062150 0 1.00000000 0.00000000 0.00000000 1.00000000 0.00000000 1.00000000 1.00000000 0.00000000 0.00000000 1.00000000 0.00000000 1.00000000 0.00000000 0.00000000 0.00000000 0.00000000 0.00000000 0.00000000 0.00000000 0.00000000 0.00000000 0.00000000 0.00000000 0.00000000 1.00000000 0.00000000 0.00000000 0.00000000 1.00000000 
1700000012.88029 -0.258561 -0.085853 0.961961 0.020159 -0.014401 0.026534 -0.005462 -0.031027 0.114285 0.002857 0.000445 0.001888 0.000150 0.355021 -0.140664 0.186866 0.0000000 1 418.629359 418.629359 505.740581 286.574774 -0.020453 -0.024926 0.019510 -0.005656 -0.660094 0.642445 -0.268559 0.281810 -0.062419 0.031365 0.062150 0 1.00000000 0.00000000 0.00000000 1.00000000 0.00000000 1.00000000 1.00000000 0.00000000 0.00000000 1.00000000 0.00000000 1.00000000 0.00000000 0.00000000 0.00000000 0.00000000 0.00000000 0.00000000 0.00000000 0.00000000 0.00000000 0.00000000 0.00000000 0.00000000 1.00000000 0.00000000 0.00000000 0.00000000 1.00000000 
1700000012.91419 -0.257724 -0.087225 0.962009 0.022569 -0.015632 0.030336 -0.005037 -0.034542 0.116139 0.008167 0.000570 0.002063 0.000298 0.357452 -0.137405 0.187614 0.0000000 1 418.629359 418.629359 505.740581 286.574774 -0.020453 -0.024926 0.019510 -0.005656 -0.660094 0.642445 -0.268559 0.281810 -0.062419 0.031365 0.062150 0 1.00000000 0.00000000 0.00000000 1.00000000 0.00000000 1.00000000 1.00000000 0.00000000 0.00000000 1.00000000 0.00000000 1.00000000 0.00000000 0.00000000 0.00000000 0.00000000 0.00000000 0.00000000 0.00000000 0.00000000 0.00000000 0.00000000 0.00000000 0.00000000 1.00000000 0.00000000 0.00000000 0.00000000 1.00000000 
1700000012.94808 -0.257072 -0.087920 0.962068 0.024667 -0.016980 0.034686 -0.004412 -0.037014 0.122530 0.013055 0.000746 0.002166 0.000569 0.354864 -0.135184 0.185470 0.0000000 1 418.629359 418.629359 505.740581 286.574774 -0.020453 -0.024926 0.019510 -0.005656 -0.660094 0.642445 -0.268559 0.281810 -0.062419 0.031365 0.062150 0 1.00000000 0.00000000 0.00000000 1.00000000 0.00000000 1.00000000 1.00000000 0.00000000 0.00000000 1.00000000 0.00000000 1.00000000 0.00000000 0.00000000 0.00000000 0.00000000 0.00000000 0.00000000 0.00000000 0.00000000 0.00000000 0.00000000 0.00000000 0.00000000 1.00000000 0.00000000 0.00000000 0.00000000 1.00000000 
1700000012.98198 -0.256866 -0.088055 0.962059 0.026627 -0.018351 0.038602 -0.003962 -0.037241 0.119708 0.011535 0.000974 0.002230 0.000621 0.356461 -0.137452 0.185971 0.0000000 1 418.629359 418.629359 505.740581 286.574774 -0.020453 -0.024926 0.019510 -0.005656 -0.660094 0.642445 -0.268559 0.281810 -0.062419 0.031365 0.062150 0 1.00000000 0.00000000 0.00000000 1.00000000 0.00000000 1.00000000 1.00000000 0.00000000 0.00000000 1.00000000 0.00000000 1.00000000 0.00000000 0.00000000 0.00000000 0.00000000 0.00000000 0.00000000 0.00000000 0.00000000 0.00000000 0.00000000 0.00000000 0.00000000 1.00000000 0.00000000 0.00000000 0.00000000 1.00000000 
1700000013.01587 -0.256674 -0.088142 0.962038 0.028841 -0.019599 0.042348 -0.003759 -0.034614 0.114339 0.005354 0.000918 0.002279 0.000704 0.358848 -0.140550 0.187067 0.0000000 1 418.629359 418.629359 505.740581 286.574774 -0.020453 -0.024926 0.019510 -0.005656 -0.660094 0.642445 -0.268559 0.281810 -0.062419 0.031365 0.062150 0 1.00000000 0.00000000 0.00000000 1.00000000 0.00000000 1.00000000 1.00000000 0.00000000 0.00000000 1.00000000 0.00000000 1.00000000 0.00000000 0.00000000 0.00000000 0.00000000 0.00000000 0.00000000 0.00000000 0.00000000 0.00000000 0.00000000 0.00000000 0.00000000 1.00000000 0.00000000 0.00000000 0.00000000 1.00000000 
1700000013.04977 -0.256270 -0.088742 0.962024 0.030986 -0.020624 0.045998 -0.003957 -0.031602 0.108886 -0.001735 0.000735 0.002384 0.000754 0.360768 -0.145141 0.188074 0.0000000 1 418.629359 418.629359 505.740581 286.574774 -0.020453 -0.024926 0.019510 -0.005656 -0.660094 0.642445 -0.268559 0.281810 -0.062419 0.031365 0.062150 0 1.00000000 0.00000000 0.00000000 1.00000000 0.00000000 1.00000000 1.00000000 0.00000000 0.00000000 1.00000000 0.00000000 1.00000000 0.00000000 0.00000000 0.00000000 0.00000000 0.00000000 0.00000000 0.00000000 0.00000000 0.00000000 0.00000000 0.00000000 0.00000000 1.00000000 0.00000000 0.00000000 0.00000000 1.00000000 
1700000013.08367 -0.255780 -0.089406 0.962020 0.033179 -0.021685 0.049722 -0.004216 -0.028397 0.107895 -0.004299 0.000776 0.002493 0.000873 0.360128 -0.149580 0.187464 0.0000000 1 418.629359 418.629359 505.740581 286.574774 -0.020453 -0.024926 0.019510 -0.005656 -0.660094 0.642445 -0.268559 0.281810 -0.062419 0.031365 0.062150 0 1.00000000 0.00000000 0.00000000 1.00000000 0.00000000 1.00000000 1.00000000 0.00000000 0.00000000 1.00000000 0.00000000 1.00000000 0.00000000 0.00000000 0.00000000 0.00000000 0.00000000 0.00000000 0.00000000 0.00000000 0.00000000 0.00000000 0.00000000 0.00000000 1.00000000 0.00000000 0.00000000 0.00000000 1.00000000 
1700000013.11756 -0.255267 -0.089825 0.962055 0.034933 -0.022709 0.053675 -0.004324 -0.028015 0.108764 -0.004164 0.000730 0.002641 0.001067 0.355527 -0.151824 0.184228 0.0000000 1 418.629359 418.629359 505.740581 286.574774 -0.020453 -0.024926 0.019510 -0.005656 -0.660094 0.642445 -0.268559 0.281810 -0.062419 0.031365 0.062150 0 1.00000000 0.00000000 0.00000000 1.00000000 0.00000000 1.00000000 1.00000000 0.00000000 0.00000000 1.00000000 0.00000000 1.00000000 0.00000000 0.00000000 0.00000000 0.00000000 0.00000000 0.00000000 0.00000000 0.00000000 0.00000000 0.00000000 0.00000000 0.00000000 1.00000000 0.00000000 0.00000000 0.00000000 1.00000000 
1700000013.15146 -0.255379 -0.090413 0.961918 0.036331 -0.023491 0.057064 -0.004619 -0.023485 0.100840 -0.005485 0.000702 0.002832 0.001119 0.358769 -0.154384 0.185791 0.0000000 1 418.629359 418.629359 505.740581 286.574774 -0.020453 -0.024926 0.019510 -0.005656 -0.660094 0.642445 -0.268559 0.281810 -0.062419 0.031365 0.062150 0 1.00000000 0.00000000 0.00000000 1.00000000 0.00000000 1.00000000 1.00000000 0.00000000 0.00000000 1.00000000 0.00000000 1.00000000 0.00000000 0.00000000 0.00000000 0.00000000 0.00000000 0.00000000 0.00000000 0.00000000 0.00000000 0.00000000 0.00000000 0.00000000 1.00000000 0.00000000 0.00000000 0.00000000 1.00000000 
1700000013.18535 -0.255372 -0.090768 0.961837 0.037615 -0.024229 0.060351 -0.005043 -0.019554 0.092991 -0.008608 0.000632 0.002889 0.001115 0.359774 -0.160718 0.185836 0.0000000 1 418.629359 418.629359 505.740581 286.574774 -0.020453 -0.024926 0.019510 -0.005656 -0.660094 0.642445 -0.268559 0.281810 -0.062419 0.031365 0.062150 0 1.00000000 0.00000000 0.00000000 1.00000000 0.00000000 1.00000000 1.00000000 0.00000000 0.00000000 1.00000000 0.00000000 1.00000000 0.00000000 0.00000000 0.00000000 0.00000000 0.00000000 0.00000000 0.00000000 0.00000000 0.00000000 0.00000000 0.00000000 0.00000000 1.00000000 0.00000000 0.00000000 0.00000000 1.00000000 
1700000013.21925 -0.255353 -0.091399 0.961737 0.038779 -0.024785 0.063293 -0.005426 -0.014376 0.083073 -0.008032 0.000543 0.002988 0.001150 0.360739 -0.164576 0.185812 0.0000000 1 418.629359 418.629359 505.740581 286.574774 -0.020453 -0.024926 0.019510 -0.005656 -0.660094 0.642445 -0.268559 0.281810 -0.062419 0.031365 0.062150 0 1.00000000 0.00000000 0.00000000 1.00000000 0.00000000 1.00000000 1.00000000 0.00000000 0.00000000 1.00000000 0.00000000 1.00000000 0.00000000 0.00000000 0.00000000 0.00000000 0.00000000 0.00000000 0.00000000 0.00000000 0.00000000 0.00000000 0.00000000 0.00000000 1.00000000 0.00000000 0.00000000 0.00000000 1.00000000 
1700000013.25314 -0.255358 -0.091806 0.961664 0.039586 -0.025325 0.065995 -0.005658 -0.010376 0.075354 -0.006331 0.000504 0.002932 0.001289 0.359635 -0.169099 0.184495 0.0000000 1 418.629359 418.629359 505.740581 286.574774 -0.020453 -0.024926 0.019510 -0.005656 -0.660094 0.642445 -0.268559 0.281810 -0.062419 0.031365 0.062150 0 1.00000000 0.00000000 0.00000000 1.00000000 0.00000000 1.00000000 1.00000000 0.00000000 0.00000000 1.00000000 0.00000000 1.00000000 0.00000000 0.00000000 0.00000000 0.00000000 0.00000000 0.00000000 0.00000000 0.00000000 0.00000000 0.00000000 0.00000000 0.00000000 1.00000000 0.00000000 0.00000000 0.00000000 1.00000000 
1700000013.28704 -0.255618 -0.092379 0.961516 0.040153 -0.025604 0.067959 -0.005827 -0.006508 0.060526 -0.006662 0.000505 0.002882 0.001300 0.364676 -0.170512 0.186985 0.0000000 1 418.629359 418.629359 505.740581 286.574774 -0.020453 -0.024926 0.019510 -0.005656 -0.660094 0.642445 -0.268559 0.281810 -0.062419 0.031365 0.062150 0 1.00000000 0.00000000 0.00000000 1.00000000 0.00000000 1.00000000 1.00000000 0.00000000 0.00000000 1.00000000 0.00000000 1.00000000 0.00000000 0.00000000 0.00000000 0.00000000 0.00000000 0.00000000 0.00000000 0.00000000 0.00000000 0.00000000 0.00000000 0.00000000 1.00000000 0.00000000 0.00000000 0.00000000 1.00000000 
1700000013.32093 -0.255818 -0.093018 0.961375 0.040785 -0.025732 0.069333 -0.005920 -0.003122 0.045380 -0.006956 0.000515 0.002805 0.001307 0.370101 -0.169913 0.189807 0.0000000 1 418.629359 418.629359 505.740581 286.574774 -0.020453 -0.024926 0.019510 -0.005656 -0.660094 0.642445 -0.268559 0.281810 -0.062419 0.031365 0.062150 0 1.00000000 0.00000000 0.00000000 1.00000000 0.00000000 1.00000000 1.00000000 0.00000000 0.00000000 1.00000000 0.00000000 1.00000000 0.00000000 0.00000000 0.00000000 0.00000000 0.00000000 0.00000000 0.00000000 0.00000000 0.00000000 0.00000000 0.00000000 0.00000000 1.00000000 0.00000000 0.00000000 0.00000000 1.00000000 
1700000013.35483 -0.256038 -0.093606 0.961238 0.041284 -0.025872 0.070317 -0.005937 -0.001311 0.032729 -0.005730 0.000544 0.002764 0.001373 0.374072 -0.169024 0.191585 0.0000000 1 418.629359 418.629359 505.740581 286.574774 -0.020453 -0.024926 0.019510 -0.005656 -0.660094 0.642445 -0.268559 0.281810 -0.062419 0.031365 0.062150 0 1.00000000 0.00000000 0.00000000 1.00000000 0.00000000 1.00000000 1.00000000 0.00000000 0.00000000 1.00000000 0.00000000 1.00000000 0.00000000 0.00000000 0.00000000 0.00000000 0.00000000 0.00000000 0.00000000 0.00000000 0.00000000 0.00000000 0.00000000 0.00000000 1.00000000 0.00000000 0.00000000 0.00000000 1.00000000 
1700000013.38873 -0.256274 -0.093800 0.961149 0.041449 -0.025938 0.071061 -0.005933 0.000149 0.022253 -0.004520 0.000606 0.002739 0.001480 0.374653 -0.169098 0.191408 0.0000000 1 418.629359 418.629359 505.740581 286.574774 -0.020453 -0.024926 0.019510 -0.005656 -0.660094 0.642445 -0.268559 0.281810 -0.062419 0.031365 0.062150 0 1.00000000 0.00000000 0.00000000 1.00000000 0.00000000 1.00000000 1.00000000 0.00000000 0.00000000 1.00000000 0.00000000 1.00000000 0.00000000 0.00000000 0.00000000 0.00000000 0.00000000 0.00000000 0.00000000 0.00000000 0.00000000 0.00000000 0.00000000 0.00000000 1.00000000 0.00000000 0.00000000 0.00000000 1.00000000 
1700000013.42262 -0.256913 -0.093792 0.960980 0.041436 -0.025905 0.071101 -0.006150 0.002443 0.008229 -0.007365 0.000637 0.002669 0.001510 0.380714 -0.173323 0.194261 0.0000000 1 418.629359 418.629359 505.740581 286.574774 -0.020453 -0.024926 0.019510 -0.005656 -0.660094 0.642445 -0.268559 0.281810 -0.062419 0.031365 0.062150 0 1.00000000 0.00000000 0.00000000 1.00000000 0.00000000 1.00000000 1.00000000 0.00000000 0.00000000 1.00000000 0.00000000 1.00000000 0.00000000 0.00000000 0.00000000 0.00000000 0.00000000 0.00000000 0.00000000 0.00000000 0.00000000 0.00000000 0.00000000 0.00000000 1.00000000 0.00000000 0.00000000 0.00000000 1.00000000 
1700000013.45652 -0.257274 -0.093735 0.960896 0.041257 -0.025889 0.071034 -0.006442 0.003837 -0.001218 -0.009147 0.000575 0.002660 0.001561 0.382075 -0.178291 0.194150 0.0000000 1 418.629359 418.629359 505.740581 286.574774 -0.020453 -0.024926 0.019510 -0.005656 -0.660094 0.642445 -0.268559 0.281810 -0.062419 0.031365 0.062150 0 1.00000000 0.00000000 0.00000000 1.00000000 0.00000000 1.00000000 1.00000000 0.00000000 0.00000000 1.00000000 0.00000000 1.00000000 0.00000000 0.00000000 0.00000000 0.00000000 0.00000000 0.00000000 0.00000000 0.00000000 0.00000000 0.00000000 0.00000000 0.00000000 1.00000000 0.00000000 0.00000000 0.00000000 1.00000000 
1700000013.49041 -0.257857 -0.093711 0.960760 0.040856 -0.025755 0.070617 -0.006805 0.007815 -0.009967 -0.008173 0.000615 0.002603 0.001560 0.384270 -0.183861 0.194733 0.0000000 1 418.629359 418.629359 505.740581 286.574774 -0.020453 -0.024926 0.019510 -0.005656 -0.660094 0.642445 -0.268559 0.281810 -0.062419 0.031365 0.062150 0 1.00000000 0.00000000 0.00000000 1.00000000 0.00000000 1.00000000 1.00000000 0.00000000 0.00000000 1.00000000 0.00000000 1.00000000 0.00000000 0.00000000 0.00000000 0.00000000 0.00000000 0.00000000 0.00000000 0.00000000 0.00000000 0.00000000 0.00000000 0.00000000 1.00000000 0.00000000 0.00000000 0.00000000 1.00000000 
1700000013.52431 -0.258322 -0.093372 0.960691 0.040291 -0.025537 0.069946 -0.007126 0.010826 -0.018056 -0.007774 0.000698 0.002511 0.001568 0.385582 -0.190039 0.194763 0.0000000 1 418.629359 418.629359 505.740581 286.574774 -0.020453 -0.024926 0.019510 -0.005656 -0.660094 0.642445 -0.268559 0.281810 -0.062419 0.031365 0.062150 0 1.00000000 0.00000000 0.00000000 1.00000000 0.00000000 1.00000000 1.00000000 0.00000000 0.00000000 1.00000000 0.00000000 1.00000000 0.00000000 0.00000000 0.00000000 0.00000000 0.00000000 0.00000000 0.00000000 0.00000000 0.00000000 0.00000000 0.00000000 0.00000000 1.00000000 0.00000000 0.00000000 0.00000000 1.00000000 
1700000013.55820 -0.258837 -0.092861 0.960626 0.039713 -0.025257 0.069019 -0.007382 0.013812 -0.026220 -0.008625 0.000794 0.002347 0.001520 0.386948 -0.194989 0.194915 0.0000000 1 418.629359 418.629359 505.740581 286.574774 -0.020453 -0.024926 0.019510 -0.005656 -0.660094 0.642445 -0.268559 0.281810 -0.062419 0.031365 0.062150 0 1.00000000 0.00000000 0.00000000 1.00000000 0.00000000 1.00000000 1.00000000 0.00000000 0.00000000 1.00000000 0.00000000 1.00000000 0.00000000 0.00000000 0.00000000 0.00000000 0.00000000 0.00000000 0.00000000 0.00000000 0.00000000 0.00000000 0.00000000 0.00000000 1.00000000 0.00000000 0.00000000 0.00000000 1.00000000 
1700000013.59210 -0.259151 -0.092419 0.960607 0.039168 -0.024845 0.067880 -0.007545 0.016288 -0.034582 -0.010208 0.000790 0.002206 0.001491 0.388075 -0.195514 0.195208 0.0000000 1 418.629359 418.629359 505.740581 286.574774 -0.020453 -0.024926 0.019510 -0.005656 -0.660094 0.642445 -0.268559 0.281810 -0.062419 0.031365 0.062150 0 1.00000000 0.00000000 0.00000000 1.00000000 0.00000000 1.00000000 1.00000000 0.00000000 0.00000000 1.00000000 0.00000000 1.00000000 0.00000000 0.00000000 0.00000000 0.00000000 0.00000000 0.00000000 0.00000000 0.00000000 0.00000000 0.00000000 0.00000000 0.00000000 1.00000000 0.00000000 0.00000000 0.00000000 1.00000000 
1700000013.62599 -0.259483 -0.092306 0.960556 0.038467 -0.024298 0.066565 -0.007683 0.019315 -0.041601 -0.010245 0.000620 0.002115 0.001506 0.388344 -0.193693 0.195119 0.0000000 1 418.629359 418.629359 505.740581 286.574774 -0.020453 -0.024926 0.019510 -0.005656 -0.660094 0.642445 -0.268559 0.281810 -0.062419 0.031365 0.062150 0 1.00000000 0.00000000 0.00000000 1.00000000 0.00000000 1.00000000 1.00000000 0.00000000 0.00000000 1.00000000 0.00000000 1.00000000 0.00000000 0.00000000 0.00000000 0.00000000 0.00000000 0.00000000 0.00000000 0.00000000 0.00000000 0.00000000 0.00000000 0.00000000 1.00000000 0.00000000 0.00000000 0.00000000 1.00000000 
1700000013.65989 -0.259775 -0.092389 0.960511 0.037411 -0.023589 0.065025 -0.007985 0.022409 -0.048010 -0.011211 0.000513 0.002084 0.001459 0.388595 -0.193317 0.195142 0.0000000 1 418.629359 418.629359 505.740581 286.574774 -0.020453 -0.024926 0.019510 -0.005656 -0.660094 0.642445 -0.268559 0.281810 -0.062419 0.031365 0.062150 0 1.00000000 0.00000000 0.00000000 1.00000000 0.00000000 1.00000000 1.00000000 0.00000000 0.00000000 1.00000000 0.00000000 1.00000000 0.00000000 0.00000000 0.00000000 0.00000000 0.00000000 0.00000000 0.00000000 0.00000000 0.00000000 0.00000000 0.00000000 0.00000000 1.00000000 0.00000000 0.00000000 0.00000000 1.00000000 
1700000013.69378 -0.260161 -0.092282 0.960463 0.036200 -0.022911 0.063246 -0.008402 0.023358 -0.053619 -0.012266 0.000513 0.002015 0.001395 0.388878 -0.196932 0.194847 0.0000000 1 418.629359 418.629359 505.740581 286.574774 -0.020453 -0.024926 0.019510 -0.005656 -0.660094 0.642445 -0.268559 0.281810 -0.062419 0.031365 0.062150 0 1.00000000 0.00000000 0.00000000 1.00000000 0.00000000 1.00000000 1.00000000 0.00000000 0.00000000 1.00000000 0.00000000 1.00000000 0.00000000 0.00000000 0.00000000 0.00000000 0.00000000 0.00000000 0.00000000 0.00000000 0.00000000 0.00000000 0.00000000 0.00000000 1.00000000 0.00000000 0.00000000 0.00000000 1.00000000 
1700000013.72768 -0.260631 -0.092116 0.960399 0.034926 -0.022199 0.061293 -0.008743 0.023980 -0.058749 -0.012018 0.000569 0.001965 0.001353 0.388591 -0.198571 0.194312 0.0000000 1 418.629359 418.629359 505.740581 286.574774 -0.020453 -0.024926 0.019510 -0.005656 -0.660094 0.642445 -0.268559 0.281810 -0.062419 0.031365 0.062150 0 1.00000000 0.00000000 0.00000000 1.00000000 0.00000000 1.00000000 1.00000000 0.00000000 0.00000000 1.00000000 0.00000000 1.00000000 0.00000000 0.00000000 0.00000000 0.00000000 0.00000000 0.00000000 0.00000000 0.00000000 0.00000000 0.00000000 0.00000000 0.00000000 1.00000000 0.00000000 0.00000000 0.00000000 1.00000000 
1700000013.76158 -0.261101 -0.091820 0.960349 0.033532 -0.021415 0.059217 -0.009183 0.026396 -0.063763 -0.013341 0.000579 0.001876 0.001272 0.387735 -0.200991 0.193582 0.0000000 1 418.629359 418.629359 505.740581 286.574774 -0.020453 -0.024926 0.019510 -0.005656 -0.660094 0.642445 -0.268559 0.281810 -0.062419 0.031365 0.062150 0 1.00000000 0.00000000 0.00000000 1.00000000 0.00000000 1.00000000 1.00000000 0.00000000 0.00000000 1.00000000 0.00000000 1.00000000 0.00000000 0.00000000 0.00000000 0.00000000 0.00000000 0.00000000 0.00000000 0.00000000 0.00000000 0.00000000 0.00000000 0.00000000 1.00000000 0.00000000 0.00000000 0.00000000 1.00000000 
1700000013.79547 -0.261522 -0.091386 0.960324 0.032149 -0.020647 0.056872 -0.009645 0.027153 -0.068851 -0.013041 0.000615 0.001706 0.001248 0.387323 -0.205296 0.192937 0.0000000 1 418.629359 418.629359 505.740581 286.574774 -0.020453 -0.024926 0.019510 -0.005656 -0.660094 0.642445 -0.268559 0.281810 -0.062419 0.031365 0.062150 0 1.00000000 0.00000000 0.00000000 1.00000000 0.00000000 1.00000000 1.00000000 0.00000000 0.00000000 1.00000000 0.00000000 1.00000000 0.00000000 0.00000000 0.00000000 0.00000000 0.00000000 0.00000000 0.00000000 0.00000000 0.00000000 0.00000000 0.00000000 0.00000000 1.00000000 0.00000000 0.00000000 0.00000000 1.00000000 
1700000013.82937 -0.261879 -0.090865 0.960322 0.030725 -0.019935 0.054385 -0.009909 0.025992 -0.073671 -0.011268 0.000646 0.001515 0.001255 0.386734 -0.207278 0.192177 0.0000000 1 418.629359 418.629359 505.740581 286.574774 -0.020453 -0.024926 0.019510 -0.005656 -0.660094 0.642445 -0.268559 0.281810 -0.062419 0.031365 0.062150 0 1.00000000 0.00000000 0.00000000 1.00000000 0.00000000 1.00000000 1.00000000 0.00000000 0.00000000 1.00000000 0.00000000 1.00000000 0.00000000 0.00000000 0.00000000 0.00000000 0.00000000 0.00000000 0.00000000 0.00000000 0.00000000 0.00000000 0.00000000 0.00000000 1.00000000 0.00000000 0.00000000 0.00000000 1.00000000 
1700000013.86326 -0.262163 -0.090345 0.960342 0.029177 -0.019328 0.051790 -0.010131 0.024484 -0.078309 -0.010221 0.000664 0.001298 0.001168 0.385970 -0.209444 0.191264 0.0000000 1 418.629359 418.629359 505.740581 286.574774 -0.020453 -0.024926 0.019510 -0.005656 -0.660094 0.642445 -0.268559 0.281810 -0.062419 0.031365 0.062150 0 1.00000000 0.00000000 0.00000000 1.00000000 0.00000000 1.00000000 1.00000000 0.00000000 0.00000000 1.00000000 0.00000000 1.00000000 0.00000000 0.00000000 0.00000000 0.00000000 0.00000000 0.00000000 0.00000000 0.00000000 0.00000000 0.00000000 0.00000000 0.00000000 1.00000000 0.00000000 0.00000000 0.00000000 1.00000000 
1700000013.89716 -0.262329 -0.089765 0.960394 0.027750 -0.018910 0.048987 -0.010299 0.020947 -0.084018 -0.008053 0.000740 0.001127 0.000987 0.385704 -0.212368 0.190350 0.0000000 1 418.629359 418.629359 505.740581 286.574774 -0.020453 -0.024926 0.019510 -0.005656 -0.660094 0.642445 -0.268559 0.281810 -0.062419 0.031365 0.062150 0 1.00000000 0.00000000 0.00000000 1.00000000 0.00000000 1.00000000 1.00000000 0.00000000 0.00000000 1.00000000 0.00000000 1.00000000 0.00000000 0.00000000 0.00000000 0.00000000 0.00000000 0.00000000 0.00000000 0.00000000 0.00000000 0.00000000 0.00000000 0.00000000 1.00000000 0.00000000 0.00000000 0.00000000 1.00000000 
1700000013.93105 -0.262579 -0.089399 0.960389 0.026694 -0.018219 0.046124 -0.010170 0.023094 -0.088234 -0.002307 0.000767 0.000970 0.001011 0.384996 -0.208610 0.189898 0.0000000 1 418.629359 418.629359 505.740581 286.574774 -0.020453 -0.024926 0.019510 -0.005656 -0.660094 0.642445 -0.268559 0.281810 -0.062419 0.031365 0.062150 0 1.00000000 0.00000000 0.00000000 1.00000000 0.00000000 1.00000000 1.00000000 0.00000000 0.00000000 1.00000000 0.00000000 1.00000000 0.00000000 0.00000000 0.00000000 0.00000000 0.00000000 0.00000000 0.00000000 0.00000000 0.00000000 0.00000000 0.00000000 0.00000000 1.00000000 0.00000000 0.00000000 0.00000000 1.00000000 
1700000013.96495 -0.262817 -0.088551 0.960437 0.025446 -0.017687 0.043215 -0.010016 0.025063 -0.092044 0.001396 0.000909 0.000676 0.000935 0.382336 -0.209992 0.188063 0.0000000 1 418.629359 418.629359 505.740581 286.574774 -0.020453 -0.024926 0.019510 -0.005656 -0.660094 0.642445 -0.268559 0.281810 -0.062419 0.031365 0.062150 0 1.00000000 0.00000000 0.00000000 1.00000000 0.00000000 1.00000000 1.00000000 0.00000000 0.00000000 1.00000000 0.00000000 1.00000000 0.00000000 0.00000000 0.00000000 0.00000000 0.00000000 0.00000000 0.00000000 0.00000000 0.00000000 0.00000000 0.00000000 0.00000000 1.00000000 0.00000000 0.00000000 0.00000000 1.00000000 
1700000013.99884 -0.262942 -0.087418 0.960538 0.024204 -0.017153 0.040178 -0.009553 0.024840 -0.096612 0.005911 0.001006 0.000331 0.000990 0.379925 -0.209914 0.186291 0.0000000 1 418.629359 418.629359 505.740581 286.574774 -0.020453 -0.024926 0.019510 -0.005656 -0.660094 0.642445 -0.268559 0.281810 -0.062419 0.031365 0.062150 0 1.00000000 0.00000000 0.00000000 1.00000000 0.00000000 1.00000000 1.00000000 0.00000000 0.00000000 1.00000000 0.00000000 1.00000000 0.00000000 0.00000000 0.00000000 0.00000000 0.00000000 0.00000000 0.00000000 0.00000000 0.00000000 0.00000000 0.00000000 0.00000000 1.00000000 0.00000000 0.00000000 0.00000000 1.00000000 
1700000014.03274 -0.263087 -0.086257 0.960642 0.022616 -0.016595 0.036921 -0.008903 0.023603 -0.104498 0.009997 0.000996 0.000087 0.000945 0.378726 -0.208427 0.185128 0.0000000 1 418.629359 418.629359 505.740581 286.574774 -0.020453 -0.024926 0.019510 -0.005656 -0.660094 0.642445 -0.268559 0.281810 -0.062419 0.031365 0.062150 0 1.00000000 0.00000000 0.00000000 1.00000000 0.00000000 1.00000000 1.00000000 0.00000000 0.00000000 1.00000000 0.00000000 1.00000000 0.00000000 0.00000000 0.00000000 0.00000000 0.00000000 0.00000000 0.00000000 0.00000000 0.00000000 0.00000000 0.00000000 0.00000000 1.00000000 0.00000000 0.00000000 0.00000000 1.00000000 
1700000014.06664 -0.263179 -0.085106 0.960757 0.020948 -0.015813 0.033120 -0.008573 0.025226 -0.114378 0.009890 0.000950 -0.000067 0.000966 0.378150 -0.209911 0.184768 0.0000000 1 418.629359 418.629359 505.740581 286.574774 -0.020453 -0.024926 0.019510 -0.005656 -0.660094 0.642445 -0.268559 0.281810 -0.062419 0.031365 0.062150 0 1.00000000 0.00000000 0.00000000 1.00000000 0.00000000 1.00000000 1.00000000 0.00000000 0.00000000 1.00000000 0.00000000 1.00000000 0.00000000 0.00000000 0.00000000 0.00000000 0.00000000 0.00000000 0.00000000 0.00000000 0.00000000 0.00000000 0.00000000 0.00000000 1.00000000 0.00000000 0.00000000 0.00000000 1.00000000 
1700000014.10053 -0.263161 -0.083891 0.960909 0.019044 -0.014952 0.029065 -0.008184 0.027343 -0.122245 0.010431 0.000851 -0.000216 0.001056 0.377040 -0.210847 0.184068 0.0000000 1 418.629359 418.629359 505.740581 286.574774 -0.020453 -0.024926 0.019510 -0.005656 -0.660094 0.642445 -0.268559 0.281810 -0.062419 0.031365 0.062150 0 1.00000000 0.00000000 0.00000000 1.00000000 0.00000000 1.00000000 1.00000000 0.00000000 0.00000000 1.00000000 0.00000000 1.00000000 0.00000000 0.00000000 0.00000000 0.00000000 0.00000000 0.00000000 0.00000000 0.00000000 0.00000000 0.00000000 0.00000000 0.00000000 1.00000000 0.00000000 0.00000000 0.00000000 1.00000000 
1700000014.13443 -0.263222 -0.082814 0.961026 0.016872 -0.014068 0.024661 -0.007636 0.028185 -0.131335 0.012258 0.000760 -0.000367 0.001011 0.377316 -0.210672 0.183969 0.0000000 1 418.629359 418.629359 505.740581 286.574774 -0.020453 -0.024926 0.019510 -0.005656 -0.660094 0.642445 -0.268559 0.281810 -0.062419 0.031365 0.062150 0 1.00000000 0.00000000 0.00000000 1.00000000 0.00000000 1.00000000 1.00000000 0.00000000 0.00000000 1.00000000 0.00000000 1.00000000 0.00000000 0.00000000 0.00000000 0.00000000 0.00000000 0.00000000 0.00000000 0.00000000 0.00000000 0.00000000 0.00000000 0.00000000 1.00000000 0.00000000 0.00000000 0.00000000 1.00000000 
1700000014.16832 -0.263213 -0.081846 0.961149 0.014572 -0.013233 0.019980 -0.007095 0.027886 -0.140387 0.013021 0.000716 -0.000472 0.000843 0.376547 -0.211456 0.183108 0.0000000 1 418.629359 418.629359 505.740581 286.574774 -0.020453 -0.024926 0.019510 -0.005656 -0.660094 0.642445 -0.268559 0.281810 -0.062419 0.031365 0.062150 0 1.00000000 0.00000000 0.00000000 1.00000000 0.00000000 1.00000000 1.00000000 0.00000000 0.00000000 1.00000000 0.00000000 1.00000000 0.00000000 0.00000000 0.00000000 0.00000000 0.00000000 0.00000000 0.00000000 0.00000000 0.00000000 0.00000000 0.00000000 0.00000000 1.00000000 0.00000000 0.00000000 0.00000000 1.00000000 
1700000014.20222 -0.263372 -0.080961 0.961210 0.012454 -0.012390 0.014972 -0.006499 0.026191 -0.148375 0.014997 0.000681 -0.000549 0.000682 0.376936 -0.211485 0.183026 0.0000000 1 418.629359 418.629359 505.740581 286.574774 -0.020453 -0.024926 0.019510 -0.005656 -0.660094 0.642445 -0.268559 0.281810 -0.062419 0.031365 0.062150 0 1.00000000 0.00000000 0.00000000 1.00000000 0.00000000 1.00000000 1.00000000 0.00000000 0.00000000 1.00000000 0.00000000 1.00000000 0.00000000 0.00000000 0.00000000 0.00000000 0.00000000 0.00000000 0.00000000 0.00000000 0.00000000 0.00000000 0.00000000 0.00000000 1.00000000 0.00000000 0.00000000 0.00000000 1.00000000 
1700000014.23611 -0.263896 -0.079762 0.961193 0.010220 -0.011659 0.010048 -0.005804 0.026907 -0.148600 0.019940 0.000785 -0.000675 0.000736 0.377557 -0.211226 0.183375 0.0000000 1 418.629359 418.629359 505.740581 286.574774 -0.020453 -0.024926 0.019510 -0.005656 -0.660094 0.642445 -0.268559 0.281810 -0.062419 0.031365 0.062150 0 1.00000000 0.00000000 0.00000000 1.00000000 0.00000000 1.00000000 1.00000000 0.00000000 0.00000000 1.00000000 0.00000000 1.00000000 0.00000000 0.00000000 0.00000000 0.00000000 0.00000000 0.00000000 0.00000000 0.00000000 0.00000000 0.00000000 0.00000000 0.00000000 1.00000000 0.00000000 0.00000000 0.00000000 1.00000000 
1700000014.27001 -0.264285 -0.078136 0.961245 0.007503 -0.010902 0.004970 -0.005047 0.029961 -0.152116 0.020277 0.000818 -0.000936 0.000778 0.376465 -0.211936 0.182959 0.0000000 1 418.629359 418.629359 505.740581 286.574774 -0.020453 -0.024926 0.019510 -0.005656 -0.660094 0.642445 -0.268559 0.281810 -0.062419 0.031365 0.062150 0 1.00000000 0.00000000 0.00000000 1.00000000 0.00000000 1.00000000 1.00000000 0.00000000 0.00000000 1.00000000 0.00000000 1.00000000 0.00000000 0.00000000 0.00000000 0.00000000 0.00000000 0.00000000 0.00000000 0.00000000 0.00000000 0.00000000 0.00000000 0.00000000 1.00000000 0.00000000 0.00000000 0.00000000 1.00000000 
1700000014.30390 -0.264247 -0.076809 0.961383 0.004183 -0.010150 -0.000366 -0.004271 0.032675 -0.159876 0.019852 0.000541 -0.001334 0.000584 0.372872 -0.215093 0.180480 0.0000000 1 418.629359 418.629359 505.740581 286.574774 -0.020453 -0.024926 0.019510 -0.005656 -0.660094 0.642445 -0.268559 0.281810 -0.062419 0.031365 0.062150 0 1.00000000 0.00000000 0.00000000 1.00000000 0.00000000 1.00000000 1.00000000 0.00000000 0.00000000 1.00000000 0.00000000 1.00000000 0.00000000 0.00000000 0.00000000 0.00000000 0.00000000 0.00000000 0.00000000 0.00000000 0.00000000 0.00000000 0.00000000 0.00000000 1.00000000 0.00000000 0.00000000 0.00000000 1.00000000 
1700000014.33780 -0.263765 -0.076280 0.961566 0.001031 -0.008685 -0.006385 -0.003337 0.039628 -0.169483 0.022798 0.000211 -0.001655 0.000559 0.370732 -0.218154 0.178321 0.0000000 1 418.629359 418.629359 505.740581 286.574774 -0.020453 -0.024926 0.019510 -0.005656 -0.660094 0.642445 -0.268559 0.281810 -0.062419 0.031365 0.062150 0 1.00000000 0.00000000 0.00000000 1.00000000 0.00000000 1.00000000 1.00000000 0.00000000 0.00000000 1.00000000 0.00000000 1.00000000 0.00000000 0.00000000 0.00000000 0.00000000 0.00000000 0.00000000 0.00000000 0.00000000 0.00000000 0.00000000 0.00000000 0.00000000 1.00000000 0.00000000 0.00000000 0.00000000 1.00000000 
1700000014.37170 0.262857 0.076196 -0.961819 0.002179 -0.007435 -0.012278 -0.002323 0.039031 -0.171747 0.026325 0.000164 -0.001911 0.000286 0.367139 -0.220149 0.175665 0.0000000 1 418.629359 418.629359 505.740581 286.574774 -0.020453 -0.024926 0.019510 -0.005656 -0.660094 0.642445 -0.268559 0.281810 -0.062419 0.031365 0.062150 0 1.00000000 0.00000000 0.00000000 1.00000000 0.00000000 1.00000000 1.00000000 0.00000000 0.00000000 1.00000000 0.00000000 1.00000000 0.00000000 0.00000000 0.00000000 0.00000000 0.00000000 0.00000000 0.00000000 0.00000000 0.00000000 0.00000000 0.00000000 0.00000000 1.00000000 0.00000000 0.00000000 0.00000000 1.00000000 
1700000014.40559 0.262056 0.075958 -0.962046 0.004889 -0.006260 -0.018436 -0.001028 0.037410 -0.173499 0.029455 0.000378 -0.002236 0.000212 0.366180 -0.222265 0.174303 0.0000000 1 418.629359 418.629359 505.740581 286.574774 -0.020453 -0.024926 0.019510 -0.005656 -0.660094 0.642445 -0.268559 0.281810 -0.062419 0.031365 0.062150 0 1.00000000 0.00000000 0.00000000 1.00000000 0.00000000 1.00000000 1.00000000 0.00000000 0.00000000 1.00000000 0.00000000 1.00000000 0.00000000 0.00000000 0.00000000 0.00000000 0.00000000 0.00000000 0.00000000 0.00000000 0.00000000 0.00000000 0.00000000 0.00000000 1.00000000 0.00000000 0.00000000 0.00000000 1.00000000 
1700000014.43949 0.261555 0.075698 -0.962187 0.007376 -0.005432 -0.024505 0.000433 0.030314 -0.173546 0.031709 0.000544 -0.002342 0.000178 0.367702 -0.221032 0.174372 0.0000000 1 418.629359 418.629359 505.740581 286.574774 -0.020453 -0.024926 0.019510 -0.005656 -0.660094 0.642445 -0.268559 0.281810 -0.062419 0.031365 0.062150 0 1.00000000 0.00000000 0.00000000 1.00000000 0.00000000 1.00000000 1.00000000 0.00000000 0.00000000 1.00000000 0.00000000 1.00000000 0.00000000 0.00000000 0.00000000 0.00000000 0.00000000 0.00000000 0.00000000 0.00000000 0.00000000 0.00000000 0.00000000 0.00000000 1.00000000 0.00000000 0.00000000 0.00000000 1.00000000 
1700000014.47338 0.261354 0.075255 -0.962255 0.009840 -0.004512 -0.030439 0.001695 0.027949 -0.170965 0.031666 0.000651 -0.002437 0.000263 0.369614 -0.221591 0.174981 0.0000000 1 418.629359 418.629359 505.740581 286.574774 -0.020453 -0.024926 0.019510 -0.005656 -0.660094 0.642445 -0.268559 0.281810 -0.062419 0.031365 0.062150 0 1.00000000 0.00000000 0.00000000 1.00000000 0.00000000 1.00000000 1.00000000 0.00000000 0.00000000 1.00000000 0.00000000 1.00000000 0.00000000 0.00000000 0.00000000 0.00000000 0.00000000 0.00000000 0.00000000 0.00000000 0.00000000 0.00000000 0.00000000 0.00000000 1.00000000 0.00000000 0.00000000 0.00000000 1.00000000 
1700000014.50728 0.261351 0.074654 -0.962272 0.012416 -0.003615 -0.036327 0.002910 0.026319 -0.168889 0.032185 0.000883 -0.002533 0.000307 0.370889 -0.222604 0.175370 0.0000000 1 418.629359 418.629359 505.740581 286.574774 -0.020453 -0.024926 0.019510 -0.005656 -0.660094 0.642445 -0.268559 0.281810 -0.062419 0.031365 0.062150 0 1.00000000 0.00000000 0.00000000 1.00000000 0.00000000 1.00000000 1.00000000 0.00000000 0.00000000 1.00000000 0.00000000 1.00000000 0.00000000 0.00000000 0.00000000 0.00000000 0.00000000 0.00000000 0.00000000 0.00000000 0.00000000 0.00000000 0.00000000 0.00000000 1.00000000 0.00000000 0.00000000 0.00000000 1.00000000 
1700000014.54117 0.261584 0.073713 -0.962247 0.014865 -0.002635 -0.042150 0.003896 0.026827 -0.167579 0.029335 0.001050 -0.002650 0.000336 0.371492 -0.224425 0.175787 0.0000000 1 418.629359 418.629359 505.740581 286.574774 -0.020453 -0.024926 0.019510 -0.005656 -0.660094 0.642445 -0.268559 0.281810 -0.062419 0.031365 0.062150 0 1.00000000 0.00000000 0.00000000 1.00000000 0.00000000 1.00000000 1.00000000 0.00000000 0.00000000 1.00000000 0.00000000 1.00000000 0.00000000 0.00000000 0.00000000 0.00000000 0.00000000 0.00000000 0.00000000 0.00000000 0.00000000 0.00000000 0.00000000 0.00000000 1.00000000 0.00000000 0.00000000 0.00000000 1.00000000 
1700000014.57507 0.261868 0.072810 -0.962197 0.017337 -0.001684 -0.047827 0.004807 0.028050 -0.165133 0.028074 0.001028 -0.002713 0.000373 0.372104 -0.225074 0.176283 0.0000000 1 418.629359 418.629359 505.740581 286.574774 -0.020453 -0.024926 0.019510 -0.005656 -0.660094 0.642445 -0.268559 0.281810 -0.062419 0.031365 0.062150 0 1.00000000 0.00000000 0.00000000 1.00000000 0.00000000 1.00000000 1.00000000 0.00000000 0.00000000 1.00000000 0.00000000 1.00000000 0.00000000 0.00000000 0.00000000 0.00000000 0.00000000 0.00000000 0.00000000 0.00000000 0.00000000 0.00000000 0.00000000 0.00000000 1.00000000 0.00000000 0.00000000 0.00000000 1.00000000 
1700000014.60896 0.261843 0.071904 -0.962221 0.019990 -0.000564 -0.053312 0.005465 0.032767 -0.160584 0.023189 0.001037 -0.003001 0.000424 0.370903 -0.227700 0.176210 0.0000000 1 418.629359 418.629359 505.740581 286.574774 -0.020453 -0.024926 0.019510 -0.005656 -0.660094 0.642445 -0.268559 0.281810 -0.062419 0.031365 0.062150 0 1.00000000 0.00000000 0.00000000 1.00000000 0.00000000 1.00000000 1.00000000 0.00000000 0.00000000 1.00000000 0.00000000 1.00000000 0.00000000 0.00000000 0.00000000 0.00000000 0.00000000 0.00000000 0.00000000 0.00000000 0.00000000 0.00000000 0.00000000 0.00000000 1.00000000 0.00000000 0.00000000 0.00000000 1.00000000 
1700000014.64286 0.260946 0.071238 -0.962459 0.022478 0.000439 -0.059351 0.006115 0.029998 -0.166062 0.019348 0.001066 -0.003166 0.000218 0.362845 -0.228880 0.171607 0.0000000 1 418.629359 418.629359 505.740581 286.574774 -0.020453 -0.024926 0.019510 -0.005656 -0.660094 0.642445 -0.268559 0.281810 -0.062419 0.031365 0.062150 0 1.00000000 0.00000000 0.00000000 1.00000000 0.00000000 1.00000000 1.00000000 0.00000000 0.00000000 1.00000000 0.00000000 1.00000000 0.00000000 0.00000000 0.00000000 0.00000000 0.00000000 0.00000000 0.00000000 0.00000000 0.00000000 0.00000000 0.00000000 0.00000000 1.00000000 0.00000000 0.00000000 0.00000000 1.00000000 
1700000014.67675 0.260674 0.070817 -0.962511 0.024631 0.001478 -0.065091 0.006949 0.029100 -0.162369 0.022163 0.000993 -0.003318 0.000225 0.365625 -0.231634 0.172563 0.0000000 1 418.629359 418.629359 505.740581 286.574774 -0.020453 -0.024926 0.019510 -0.005656 -0.660094 0.642445 -0.268559 0.281810 -0.062419 0.031365 0.062150 0 1.00000000 0.00000000 0.00000000 1.00000000 0.00000000 1.00000000 1.00000000 0.00000000 0.00000000 1.00000000 0.00000000 1.00000000 0.00000000 0.00000000 0.00000000 0.00000000 0.00000000 0.00000000 0.00000000 0.00000000 0.00000000 0.00000000 0.00000000 0.00000000 1.00000000 0.00000000 0.00000000 0.00000000 1.00000000 
1700000014.71065 0.261011 0.070016 -0.962418 0.026877 0.002423 -0.070317 0.007845 0.026507 -0.152832 0.025382 0.001098 -0.003466 0.000358 0.376053 -0.232311 0.178504 0.0000000 1 418.629359 418.629359 505.740581 286.574774 -0.020453 -0.024926 0.019510 -0.005656 -0.660094 0.642445 -0.268559 0.281810 -0.062419 0.031365 0.062150 0 1.00000000 0.00000000 0.00000000 1.00000000 0.00000000 1.00000000 1.00000000 0.00000000 0.00000000 1.00000000 0.00000000 1.00000000 0.00000000 0.00000000 0.00000000 0.00000000 0.00000000 0.00000000 0.00000000 0.00000000 0.00000000 0.00000000 0.00000000 0.00000000 1.00000000 0.00000000 0.00000000 0.00000000 1.00000000 
1700000014.74455 0.261448 0.068820 -0.962320 0.029138 0.003170 -0.075503 0.009050 0.022011 -0.149241 0.027717 0.001309 -0.003494 0.000428 0.381946 -0.232737 0.181191 0.0000000 1 418.629359 418.629359 505.740581 286.574774 -0.020453 -0.024926 0.019510 -0.005656 -0.660094 0.642445 -0.268559 0.281810 -0.062419 0.031365 0.062150 0 1.00000000 0.00000000 0.00000000 1.00000000 0.00000000 1.00000000 1.00000000 0.00000000 0.00000000 1.00000000 0.00000000 1.00000000 0.00000000 0.00000000 0.00000000 0.00000000 0.00000000 0.00000000 0.00000000 0.00000000 0.00000000 0.00000000 0.00000000 0.00000000 1.00000000 0.00000000 0.00000000 0.00000000 1.00000000 
1700000014.77844 0.261872 0.067443 -0.962233 0.031344 0.004218 -0.080627 0.009996 0.025382 -0.146111 0.026532 0.001313 -0.003505 0.000518 0.383912 -0.236097 0.181731 0.0000000 1 418.629359 418.629359 505.740581 286.574774 -0.020453 -0.024926 0.019510 -0.005656 -0.660094 0.642445 -0.268559 0.281810 -0.062419 0.031365 0.062150 0 1.00000000 0.00000000 0.00000000 1.00000000 0.00000000 1.00000000 1.00000000 0.00000000 0.00000000 1.00000000 0.00000000 1.00000000 0.00000000 0.00000000 0.00000000 0.00000000 0.00000000 0.00000000 0.00000000 0.00000000 0.00000000 0.00000000 0.00000000 0.00000000 1.00000000 0.00000000 0.00000000 0.00000000 1.00000000 
1700000014.81234 0.261633 0.066120 -0.962317 0.033486 0.005473 -0.085597 0.010653 0.034177 -0.145341 0.020134 0.001284 -0.003623 0.000558 0.377934 -0.242279 0.177714 0.0000000 1 418.629359 418.629359 505.740581 286.574774 -0.020453 -0.024926 0.019510 -0.005656 -0.660094 0.642445 -0.268559 0.281810 -0.062419 0.031365 0.062150 0 1.00000000 0.00000000 0.00000000 1.00000000 0.00000000 1.00000000 1.00000000 0.00000000 0.00000000 1.00000000 0.00000000 1.00000000 0.00000000 0.00000000 0.00000000 0.00000000 0.00000000 0.00000000 0.00000000 0.00000000 0.00000000 0.00000000 0.00000000 0.00000000 1.00000000 0.00000000 0.00000000 0.00000000 1.00000000 
1700000014.84623 0.261674 0.065725 -0.962247 0.035881 0.006389 -0.090158 0.011142 0.034563 -0.141389 0.014498 0.001061 -0.003713 0.000490 0.376949 -0.238788 0.177872 0.0000000 1 418.629359 418.629359 505.740581 286.574774 -0.020453 -0.024926 0.019510 -0.005656 -0.660094 0.642445 -0.268559 0.281810 -0.062419 0.031365 0.062150 0 1.00000000 0.00000000 0.00000000 1.00000000 0.00000000 1.00000000 1.00000000 0.00000000 0.00000000 1.00000000 0.00000000 1.00000000 0.00000000 0.00000000 0.00000000 0.00000000 0.00000000 0.00000000 0.00000000 0.00000000 0.00000000 0.00000000 0.00000000 0.00000000 1.00000000 0.00000000 0.00000000 0.00000000 1.00000000 
1700000014.88013 0.261965 0.065587 -0.962066 0.038756 0.007801 -0.094075 0.011420 0.035305 -0.130648 0.011549 0.000766 -0.003686 0.000481 0.382935 -0.239749 0.181406 0.0000000 1 418.629359 418.629359 505.740581 286.574774 -0.020453 -0.024926 0.019510 -0.005656 -0.660094 0.642445 -0.268559 0.281810 -0.062419 0.031365 0.062150 0 1.00000000 0.00000000 0.00000000 1.00000000 0.00000000 1.00000000 1.00000000 0.00000000 0.00000000 1.00000000 0.00000000 1.00000000 0.00000000 0.00000000 0.00000000 0.00000000 0.00000000 0.00000000 0.00000000 0.00000000 0.00000000 0.00000000 0.00000000 0.00000000 1.00000000 0.00000000 0.00000000 0.00000000 1.00000000 
1700000014.91402 0.261584 0.065595 -0.962046 0.041695 0.009252 -0.098118 0.011591 0.035977 -0.125168 0.008828 0.000664 -0.003724 0.000390 0.374858 -0.244750 0.176359 0.0000000 1 418.629359 418.629359 505.740581 286.574774 -0.020453 -0.024926 0.019510 -0.005656 -0.660094 0.642445 -0.268559 0.281810 -0.062419 0.031365 0.062150 0 1.00000000 0.00000000 0.00000000 1.00000000 0.00000000 1.00000000 1.00000000 0.00000000 0.00000000 1.00000000 0.00000000 1.00000000 0.00000000 0.00000000 0.00000000 0.00000000 0.00000000 0.00000000 0.00000000 0.00000000 0.00000000 0.00000000 0.00000000 0.00000000 1.00000000 0.00000000 0.00000000 0.00000000 1.00000000 
1700000014.94792 0.260590 0.065376 -0.962216 0.044269 0.011003 -0.101759 0.011422 0.039467 -0.119454 0.005616 0.000617 -0.003645 0.000167 0.363073 -0.253145 0.169066 0.0000000 1 418.629359 418.629359 505.740581 286.574774 -0.020453 -0.024926 0.019510 -0.005656 -0.660094 0.642445 -0.268559 0.281810 -0.062419 0.031365 0.062150 0 1.00000000 0.00000000 0.00000000 1.00000000 0.00000000 1.00000000 1.00000000 0.00000000 0.00000000 1.00000000 0.00000000 1.00000000 0.00000000 0.00000000 0.00000000 0.00000000 0.00000000 0.00000000 0.00000000 0.00000000 0.00000000 0.00000000 0.00000000 0.00000000 1.00000000 0.00000000 0.00000000 0.00000000 1.00000000 
1700000014.98181 0.260293 0.065441 -0.962188 0.046467 0.012426 -0.104993 0.011516 0.037470 -0.107548 0.008645 0.000703 -0.003574 0.000053 0.364089 -0.255338 0.169515 0.0000000 1 418.629359 418.629359 505.740581 286.574774 -0.020453 -0.024926 0.019510 -0.005656 -0.660094 0.642445 -0.268559 0.281810 -0.062419 0.031365 0.062150 0 1.00000000 0.00000000 0.00000000 1.00000000 0.00000000 1.00000000 1.00000000 0.00000000 0.00000000 1.00000000 0.00000000 1.00000000 0.00000000 0.00000000 0.00000000 0.00000000 0.00000000 0.00000000 0.00000000 0.00000000 0.00000000 0.00000000 0.00000000 0.00000000 1.00000000 0.00000000 0.00000000 0.00000000 1.00000000 
