frame_index,receive_monotonic_ns,relative_s,uvc_pts,uvc_scr_stc,uvc_payload_host_monotonic_ns,uvc_source_mapped_monotonic_ns,uvc_source_relative_s,source_minus_receive_ms
0,231092444548213,0.000000000,1676008949,1676265828,231092449368616,231092430534051,0.000000000,-14.014162
1,231092475038500,0.030490287,1676517381,1676518957,231092465385792,231092464427855,0.033893804,-10.610645
2,231092504774685,0.060226472,1677025814,1677028959,231092497438939,231092498321725,0.067787674,-6.452960
3,231092547280023,0.102731810,1677534246,1677537116,231092533420972,231092532215528,0.101681477,-15.064495
4,231092572039158,0.127490945,1678042678,1678045277,231092565421411,231092566109331,0.135575280,-5.929827
5,231092610041539,0.165493326,1678551110,1678553431,231092601414189,231092600003135,0.169469084,-10.038404
6,231092641513707,0.196965494,1679059542,1679061559,231092633416619,231092633896938,0.203362887,-7.616769
7,231092678195401,0.233647188,1679567974,1679569684,231092669405796,231092667790741,0.237256690,-10.404660
8,231092707582149,0.263033936,1680076406,1680079690,231092701415796,231092701684545,0.271150494,-5.897604
9,231092747730659,0.303182446,1680584838,1680587800,231092737396585,231092735578348,0.305044297,-12.152311
10,231092779411107,0.334862894,1681093271,1681095898,231092769386514,231092769472218,0.338938167,-9.938889
11,231092807843418,0.363295205,1681601703,1681604047,231092801391382,231092803366021,0.372831970,-4.477397
12,231092886304110,0.441755897,1682618567,1682620282,231092869418823,231092871153628,0.440619577,-15.150482
13,231092942525966,0.497977753,1683635431,1683638386,231092937411336,231092938941234,0.508407183,-3.584732
14,231092973051458,0.528503245,1684143863,1684146526,231092973409905,231092972835038,0.542300987,-0.216420
15,231093003219420,0.558671207,1684652296,1684654631,231093005415118,231093006728908,0.576194857,3.509488
16,231093019266407,0.574718194,1684652296,1684654631,231093005415118,231093006728908,0.576194857,-12.537499
17,231093058310405,0.613762192,1685669160,1685670886,231093073453341,231093074516514,0.643982463,16.206109
18,231093084819607,0.640271394,1685669160,1685670886,231093073453341,231093074516514,0.643982463,-10.303093
19,231093102807682,0.658259469,1686177592,1686180861,231093109381647,231093108410318,0.677876267,5.602636
20,231093122780511,0.678232298,1686177592,1686180861,231093109381647,231093108410318,0.677876267,-14.370193
21,231093169415360,0.724867147,1687194456,1687197113,231093177362758,231093176197924,0.745663873,6.782564
22,231093190965188,0.746416975,1687194456,1687197113,231093177362758,231093176197924,0.745663873,-14.767264
23,231093215469935,0.770921722,1687702888,1687705233,231093209359260,231093210091728,0.779557677,-5.378207
24,231093259024109,0.814475896,1688211320,1688213316,231093245404024,231093243985531,0.813451480,-15.038578
25,231093311041919,0.866493706,1689228185,1689231436,231093313329482,231093311773204,0.881239153,0.731285
26,231093334235480,0.889687267,1689736617,1689739547,231093345414354,231093345667008,0.915132957,11.431528
27,231093355486245,0.910938032,1689736617,1689739547,231093345414354,231093345667008,0.915132957,-9.819237
28,231093390828939,0.946280726,1690245049,1690247667,231093381387634,231093379560811,0.949026760,-11.268128
29,231093431841331,0.987293118,1691261913,1691263885,231093445387601,231093447348418,1.016814367,15.507087
30,231093456754103,1.012205890,1691261913,1691263885,231093445387601,231093447348418,1.016814367,-9.405685
31,231093488515093,1.043966880,1691770345,1691772008,231093481354357,231093481242221,1.050708170,-7.272872
32,231093526583679,1.082035466,1692278777,1692282022,231093513366710,231093515136024,1.084601973,-11.447655
33,231093573032373,1.128484160,1693295642,1693298238,231093581348283,231093582923697,1.152389646,9.891324
34,231093594955381,1.150407168,1693295642,1693298238,231093581348283,231093582923697,1.152389646,-12.031684
35,231093627596258,1.183048045,1693804074,1693806360,231093617329998,231093616817501,1.186283450,-10.778757
36,231093659876308,1.215328095,1694312506,1694314447,231093649349413,231093650711304,1.220177253,-9.165004
37,231093712168552,1.267620339,1695329370,1695332609,231093717386922,231093718498911,1.287964860,6.330359
38,231093735990958,1.291442745,1695837802,1695840706,231093753319096,231093752392714,1.321858663,16.401756
39,231093762671985,1.318123772,1695837802,1695840706,231093753319096,231093752392714,1.321858663,-10.279271
40,231093791859366,1.347311153,1696346235,1696348843,231093785337300,231093786286584,1.355752533,-5.572782
41,231093837591264,1.393043051,1697363099,1697365130,231093853332847,231093854074191,1.423540140,16.482927
42,231093861412302,1.416864089,1697363099,1697365130,231093853332847,231093854074191,1.423540140,-7.338111
43,231093899820290,1.455272077,1697871531,1697873250,231093889326400,231093887967994,1.457433943,-11.852296
44,231093928571921,1.484023708,1698379963,1698383243,231093921338270,231093921861797,1.491327746,-6.710124
45,231093975208274,1.530660061,1699396827,1699399496,231093989440324,231093989649404,1.559115353,14.441130
46,231093995748954,1.551200741,1699396827,1699399496,231093989440324,231093989649404,1.559115353,-6.099550
47,231094033475556,1.588927343,1699905259,1699907588,231094025307180,231094023543207,1.593009156,-9.932349
48,231094067558509,1.623010296,1700413691,1700415737,231094057356328,231094057437010,1.626902959,-10.121499
49,231094110903378,1.666355165,1701430556,1701433877,231094125320769,231094125224684,1.694690633,14.321306
50,231094132223668,1.687675455,1701430556,1701433877,231094125320769,231094125224684,1.694690633,-6.998984
51,231094164846569,1.720298356,1701938988,1701942011,231094157309279,231094159118487,1.728584436,-5.728082
52,231094207398035,1.762849822,1702447420,1702450132,231094193351927,231094193012290,1.762478239,-14.385745
53,231094258322979,1.813774766,1703464284,1703466414,231094261301846,231094260799897,1.830265846,2.476918
54,231094281450279,1.836902066,1703972717,1703974560,231094293294705,231094294693767,1.864159716,13.243488
55,231094299952856,1.855404643,1703972717,1703974560,231094293294705,231094294693767,1.864159716,-5.259089
56,231094338889849,1.894341636,1704481148,1704482668,231094329342337,231094328587504,1.898053453,-10.302345
57,231094380865663,1.936317450,1705498013,1705500755,231094397283072,231094396375177,1.965841126,15.509514
58,231094403265631,1.958717418,1705498013,1705500755,231094397283072,231094396375177,1.965841126,-6.890454
59,231094439540478,1.994992265,1706006445,1706008882,231094429288297,231094430268980,1.999734929,-9.271498
60,231094472019428,2.027471215,1706514877,1706517017,231094465284113,231094464162784,2.033628733,-7.856644
61,231094508609171,2.064060958,1707023309,1707025166,231094497298518,231094498056587,2.067522536,-10.552584
62,231094539332545,2.094784332,1707531741,1707533308,231094533267459,231094531950390,2.101416339,-7.382155
63,231094572028260,2.127480047,1708040174,1708043289,231094565288264,231094565844260,2.135310209,-6.184000
64,231094613768907,2.169220694,1708548606,1708551412,231094601266118,231094599738063,2.169204012,-14.030844
65,231094654704341,2.210156128,1709565470,1709567635,231094669314044,231094667525670,2.236991619,12.821329
66,231094675678197,2.231129984,1709565470,1709567635,231094669314044,231094667525670,2.236991619,-8.152527
67,231094707875348,2.263327135,1710073902,1710075788,231094701325754,231094701419473,2.270885422,-6.455875
68,231094745423619,2.300875406,1710582334,1710583948,231094733324187,231094735313277,2.304779226,-10.110342
69,231094793918144,2.349369931,1711599198,1711602052,231094801285847,231094803100883,2.372566832,9.182739
70,231094812903556,2.368355343,1711599198,1711602052,231094801285847,231094803100883,2.372566832,-9.802673
71,231094847642238,2.403094025,1712107631,1712110177,231094837302151,231094836994753,2.406460702,-10.647485
72,231094879657260,2.435109047,1712616063,1712618314,231094869270608,231094870888557,2.440354506,-8.768703
73,231094922033130,2.477484917,1713632927,1713634537,231094937281180,231094938676163,2.508142112,16.643033
74,231094943506081,2.498957868,1713632927,1713634537,231094937281180,231094938676163,2.508142112,-4.829918
75,231094980485922,2.535937709,1714141359,1714144550,231094973269194,231094972569967,2.542035916,-7.915955
76,231095017455657,2.572907444,1714649791,1714652727,231095005259455,231095006463770,2.575929719,-10.991887
77,231095060911912,2.616363699,1715666656,1715668947,231095073340975,231095074251443,2.643717392,13.339531
78,231095082678916,2.638130703,1715666656,1715668947,231095073340975,231095074251443,2.643717392,-8.427473
79,231095121324152,2.676775939,1716175088,1716177078,231095109246006,231095108145246,2.677611195,-13.178906
80,231095152128554,2.707580341,1716683520,1716685170,231095141263604,231095142039050,2.711504999,-10.089504
81,231095193412529,2.748864316,1717700384,1717703302,231095209255854,231095209826656,2.779292605,16.414127
82,231095218235838,2.773687625,1717700384,1717703302,231095209255854,231095209826656,2.779292605,-8.409182
83,231095254634787,2.810086574,1718208816,1718211454,231095245251387,231095243720460,2.813186409,-10.914327
84,231095286294936,2.841746723,1718717248,1718719550,231095277259626,231095277614263,2.847080212,-8.680673
85,231095327345602,2.882797389,1719225680,1719227653,231095313228634,231095311508066,2.880974015,-15.837536
86,231095352151416,2.907603203,1719734113,1719735735,231095345246389,231095345401936,2.914867885,-6.749480
87,231095386197796,2.941649583,1720242545,1720245753,231095381222935,231095379295740,2.948761689,-6.902056
88,231095422804913,2.978256700,1720750977,1720753898,231095413365289,231095413189543,2.982655492,-9.615370
89,231095464445518,3.019897305,1721767841,1721770183,231095481233890,231095480977150,3.050443099,16.531632
90,231095487246113,3.042697900,1721767841,1721770183,231095481233890,231095480977150,3.050443099,-6.268963
91,231095525420179,3.080871966,1722276273,1722278279,231095513278915,231095514870953,3.084336902,-10.549226
92,231095562822212,3.118273999,1722784705,1722786390,231095549260247,231095548764756,3.118230705,-14.057456
93,231095603650073,3.159101860,1723801570,1723804511,231095617223757,231095616552430,3.186018379,12.902357
94,231095623577173,3.179028960,1723801570,1723804511,231095617223757,231095616552430,3.186018379,-7.024743
95,231095659223431,3.214675218,1724310002,1724312637,231095649252804,231095650446233,3.219912182,-8.777198
96,231095698223181,3.253674968,1724818434,1724820758,231095685220048,231095684340036,3.253805985,-13.883145
97,231095742530385,3.297982172,1725835298,1725836952,231095753236481,231095752127643,3.321593592,9.597258
98,231095767047448,3.322499235,1725835298,1725836952,231095753236481,231095752127643,3.321593592,-14.919805
99,231095793523636,3.348975423,1726343730,1726346978,231095785230427,231095786021446,3.355487395,-7.502190
100,231095835203601,3.390655388,1726852162,1726855121,231095821237945,231095819915249,3.389381198,-15.288352
101,231095884296440,3.439748227,1727869027,1727871412,231095889240078,231095887702923,3.457168872,3.406483
102,231095905122876,3.460574663,1728377459,1728379524,231095921329620,231095921596726,3.491062675,16.473850
103,231095929207750,3.484659537,1728377459,1728379524,231095921329620,231095921596726,3.491062675,-7.611024
104,231095963485083,3.518936870,1728885891,1728887656,231095957201052,231095955490529,3.524956478,-7.994554
105,231096010598755,3.566050542,1729902755,1729905809,231096025191384,231096023278136,3.592744085,12.679381
106,231096031253078,3.586704865,1729902755,1729905809,231096025191384,231096023278136,3.592744085,-7.974942
107,231096065985783,3.621437570,1730411187,1730413928,231096057249105,231096057171939,3.626637888,-8.813844
108,231096099690364,3.655142151,1730919619,1730922023,231096089206796,231096091065743,3.660531692,-8.624621
109,231096143278493,3.698730280,1731936484,1731938294,231096157209953,231096158853416,3.728319365,15.574923
110,231096165798614,3.721250401,1731936484,1731938294,231096157209953,231096158853416,3.728319365,-6.945198
111,231096206329541,3.761781328,1732444916,1732446398,231096193201570,231096192747219,3.762213168,-13.582322
112,231096231880139,3.787331926,1732953348,1732956389,231096225212033,231096226641022,3.796106971,-5.239117
113,231096275747979,3.831199766,1733461780,1733464496,231096261197931,231096260534826,3.830000775,-15.213153
114,231096299315294,3.854767081,1733970212,1733972611,231096293193090,231096294428629,3.863894578,-4.886665
115,231096340724361,3.896176148,1734478644,1734480751,231096329194570,231096328322432,3.897788381,-12.401929
116,231096367915147,3.923366934,1734987077,1734988868,231096361188490,231096362216302,3.931682251,-5.698845
117,231096413526507,3.968978294,1736003941,1736007019,231096429192226,231096430003909,3.999469858,16.477402
118,231096437939479,3.993391266,1736003941,1736007019,231096429192226,231096430003909,3.999469858,-7.935570
119,231096475527424,4.030979211,1736512373,1736515149,231096465189249,231096463897712,4.033363661,-11.629712
120,231096506711737,4.062163524,1737020805,1737023232,231096497199451,231096497791516,4.067257465,-8.920221
121,231096557544082,4.112995869,1738037669,1738039482,231096565190819,231096565579122,4.135045071,8.035040
122,231096583987901,4.139439688,1738546101,1738547572,231096601157965,231096599472926,4.168938875,15.485025
123,231096607998869,4.163450656,1738546101,1738547572,231096601157965,231096599472926,4.168938875,-8.525943
124,231096646893308,4.202345095,1739054534,1739057582,231096633202081,231096633366796,4.202832745,-13.526512
125,231096702651805,4.258103592,1740071398,1740073812,231096701173687,231096701154402,4.270620351,-1.497403
126,231096722845797,4.278297584,1740579830,1740581919,231096733175931,231096735048205,4.304514154,12.202408
127,231096742203537,4.297655324,1740579830,1740581919,231096733175931,231096735048205,4.304514154,-7.155332
128,231096779624131,4.335075918,1741088262,1741090026,231096769197415,231096768942009,4.338407958,-10.682122
129,231096827183270,4.382635057,1742105126,1742108137,231096837216272,231096836729615,4.406195564,9.546345
130,231096851293729,4.406745516,1742105126,1742108137,231096837216272,231096836729615,4.406195564,-14.564114
131,231096879549011,4.435000798,1742613558,1742616252,231096869165294,231096870623419,4.440089368,-8.925592
132,231096916761900,4.472213687,1743121991,1743124369,231096905215615,231096904517289,4.473983238,-12.244611
133,231096969403221,4.524855008,1744138855,1744140667,231096973154090,231096972304895,4.541770844,2.901674
134,231096992762464,4.548214251,1744647287,1744648800,231097005161495,231097006198699,4.575664648,13.436235
135,231097014318075,4.569769862,1744647287,1744648800,231097005161495,231097006198699,4.575664648,-8.119376
136,231097048658008,4.604109795,1745155719,1745158778,231097041153607,231097040092502,4.609558451,-8.565506
137,231097092954355,4.648406142,1746172583,1746175017,231097109216659,231097107880109,4.677346058,14.925754
138,231097116371215,4.671823002,1746172583,1746175017,231097109216659,231097107880109,4.677346058,-8.491106
139,231097153917808,4.709369595,1746681016,1746683154,231097141168915,231097141773979,4.711239928,-12.143829
140,231097184590682,4.740042469,1747189448,1747191293,231097177164426,231097175667782,4.745133731,-8.922900
141,231097228843236,4.784295023,1748206312,1748209410,231097245136263,231097243455388,4.812921337,14.612152
142,231097251444287,4.806896074,1748206312,1748209410,231097245136263,231097243455388,4.812921337,-7.988899
143,231097291216932,4.846668719,1748714744,1748717512,231097277151158,231097277349192,4.846815141,-13.867740
144,231097316125961,4.871577748,1749223176,1749225616,231097313122831,231097311242995,4.880708944,-4.882966
145,231097368141192,4.923592979,1750240040,1750241838,231097377196379,231097379030602,4.948496551,10.889410
146,231097393907975,4.949359762,1750240040,1750241838,231097377196379,231097379030602,4.948496551,-14.877373
147,231097421180349,4.976632136,1750748473,1750749951,231097413202379,231097412924472,4.982390421,-8.255877
148,231097453550484,5.009002271,1751256905,1751259945,231097445149224,231097446818275,5.016284224,-6.732209
149,231097497403271,5.052855058,1751765337,1751768072,231097481154330,231097480712078,5.050178027,-16.691193
150,231097519992174,5.075443961,1752273769,1752276186,231097513192318,231097514605882,5.084071831,-5.386292
151,231097563240007,5.118691794,1752782201,1752784307,231097549199623,231097548499685,5.117965634,-14.740322
152,231097588602266,5.144054053,1753290633,1753292431,231097581178662,231097582393488,5.151859437,-6.208778
153,231097631467772,5.186919559,1753799065,1753800552,231097617163462,231097616287292,5.185753241,-15.180480
154,231097655162138,5.210613925,1754307497,1754310542,231097649124472,231097650181095,5.219647044,-4.981043
155,231097693494716,5.248946503,1754815930,1754818685,231097685165143,231097684074965,5.253540914,-9.419751
156,231097723410138,5.278861925,1755324362,1755326819,231097717162163,231097717968768,5.287434717,-5.441370
157,231097766332839,5.321784626,1755832794,1755834958,231097753139579,231097751862572,5.321328521,-14.470267
158,231097791505899,5.346957686,1756341226,1756343112,231097785146709,231097785756375,5.355222324,-5.749524
159,231097834651925,5.390103712,1756849658,1756851235,231097821108746,231097819650178,5.389116127,-15.001747
160,231097859718319,5.415170106,1757358090,1757361236,231097853118214,231097853543981,5.423009930,-6.174338
161,231097900687090,5.456138877,1757866522,1757869345,231097889092534,231097887437785,5.456903734,-13.249305
162,231097927160802,5.482612589,1758374955,1758377479,231097921165097,231097921331655,5.490797604,-5.829147
163,231097961265309,5.516717096,1758883387,1758885604,231097957129607,231097955225458,5.524691407,-6.039851
164,231097995565908,5.551017695,1759391819,1759393704,231097989107696,231097989119261,5.558585210,-6.446647
165,231098038569419,5.594021206,1759900251,1759901832,231098021133753,231098023013065,5.592479014,-15.556354
166,231098066289856,5.621741643,1760408683,1760411842,231098057121343,231098056906868,5.626372817,-9.382988
167,231098099084102,5.654535889,1760917115,1760919954,231098089148040,231098090800671,5.660266620,-8.283431
168,231098136385473,5.691837260,1761425547,1761428083,231098125115053,231098124694475,5.694160424,-11.690998
169,231098189035151,5.744486938,1762442411,1762444316,231098193115012,231098192482081,5.761948030,3.446930
170,231098209797517,5.765249304,1762950844,1762952432,231098225097784,231098226375951,5.795841900,16.578434
171,231098231603211,5.787054998,1762950844,1762952432,231098225097784,231098226375951,5.795841900,-5.227260
172,231098268840710,5.824292497,1763459276,1763462469,231098261122016,231098260269754,5.829735703,-8.570956
173,231098313901303,5.869353090,1764476140,1764478718,231098329131756,231098328057361,5.897523310,14.156058
174,231098337740208,5.893191995,1764476140,1764478718,231098329131756,231098328057361,5.897523310,-9.682847
175,231098370158055,5.925609842,1764984572,1764986803,231098361113350,231098361951164,5.931417113,-8.206891
176,231098407333759,5.962785546,1765493004,1765494981,231098397093331,231098395844968,5.965310917,-11.488791
177,231098450898695,6.006350482,1766509868,1766513119,231098465077832,231098463632574,6.033098523,12.733879
178,231098477413017,6.032864804,1766509868,1766513119,231098465077832,231098463632574,6.033098523,-13.780443
179,231098506739680,6.062191467,1767018301,1767021255,231098497124244,231098497526444,6.066992393,-9.213236
180,231098545427490,6.100879277,1767526733,1767529353,231098533075311,231098531420248,6.100886197,-14.007242
181,231098594308778,6.149760565,1768543597,1768545603,231098601064250,231098599207854,6.168673803,4.899076
182,231098616790044,6.172241831,1769052029,1769053736,231098633121475,231098633101658,6.202567607,16.311614
183,231098639375453,6.194827240,1769052029,1769053736,231098633121475,231098633101658,6.202567607,-6.273795
184,231098672083849,6.227535636,1769560461,1769563758,231098665104744,231098666995461,6.236461410,-5.088388
185,231098713278216,6.268730003,1770068894,1770071867,231098701108443,231098700889331,6.270355280,-12.388885
186,231098741537597,6.296989384,1770577326,1770579979,231098733174510,231098734783134,6.304249083,-6.754463
187,231098779482707,6.334934494,1771085758,1771088093,231098769114841,231098768676938,6.338142887,-10.805769
188,231098810759507,6.366211294,1771594190,1771596248,231098801091413,231098802570741,6.372036690,-8.188766
189,231098849573830,6.405025617,1772102622,1772104407,231098837093099,231098836464544,6.405930493,-13.109286
190,231098876672229,6.432124016,1772611054,1772614374,231098869072845,231098870358347,6.439824296,-6.313882
191,231098920351875,6.475803662,1773119486,1773122497,231098905066002,231098904252151,6.473718100,-16.099724
192,231098945746673,6.501198460,1773627918,1773630654,231098937061124,231098938145954,6.507611903,-7.600719
193,231098993474101,6.548925888,1774644783,1774646870,231099005073941,231099005933627,6.575399576,12.459526
194,231099018999194,6.574450981,1774644783,1774646870,231099005073941,231099005933627,6.575399576,-13.065567
195,231099051592771,6.607044558,1775153215,1775155000,231099041092813,231099039827431,6.609293380,-11.765340
196,231099079141955,6.634593742,1775661647,1775663109,231099073100050,231099073721234,6.643187183,-5.420721
197,231099117924465,6.673376252,1776170079,1776173123,231099109029649,231099107615037,6.677080986,-10.309428
198,231099150958615,6.706410402,1776678511,1776681274,231099141086220,231099141508841,6.710974790,-9.449774
199,231099188872971,6.744324758,1777186943,1777189433,231099177031652,231099175402644,6.744868593,-13.470327
200,231099215430799,6.770882586,1777695376,1777697557,231099209063925,231099209296514,6.778762463,-6.134285
201,231099256128776,6.811580563,1778203808,1778205653,231099245077054,231099243190317,6.812656266,-12.938459
202,231099284526710,6.839978497,1778712240,1778713781,231099277114018,231099277084121,6.846550070,-7.442589
203,231099317834992,6.873286779,1779220672,1779223787,231099309095690,231099310977924,6.880443873,-6.857068
204,231099355459262,6.910911049,1779729104,1779731930,231099345087443,231099344871727,6.914337676,-10.587535
205,231099397106195,6.952557982,1780745968,1780748175,231099413118423,231099412659334,6.982125283,15.553139
206,231099419163711,6.974615498,1780745968,1780748175,231099413118423,231099412659334,6.982125283,-6.504377
207,231099454565420,7.010017207,1781254400,1781256298,231099445043736,231099446553137,7.016019086,-8.012283
208,231099492170743,7.047622530,1781762833,1781764440,231099481083000,231099480447007,7.049912956,-11.723736
209,231099535463107,7.090914894,1782779697,1782782545,231099549041515,231099548234614,7.117700563,12.771507
210,231099559784740,7.115236527,1782779697,1782782545,231099549041515,231099548234614,7.117700563,-11.550126
211,231099588690495,7.144142282,1783288129,1783290663,231099581077657,231099582128417,7.151594366,-6.562078
212,231099628964790,7.184416577,1783796561,1783798743,231099617063601,231099616022220,7.185488169,-12.942570
213,231099683539551,7.238991338,1784813425,1784814928,231099685084482,231099683809827,7.253275776,0.270276
214,231099704971932,7.260423719,1785321857,1785324938,231099717031226,231099717703630,7.287169579,12.731698
215,231099723902406,7.279354193,1785321857,1785324938,231099717031226,231099717703630,7.287169579,-6.198776
216,231099759547066,7.314998853,1785830290,1785833045,231099753024299,231099751597500,7.321063449,-7.949566
217,231099803227148,7.358678935,1786847154,1786849261,231099821070703,231099819385107,7.388851056,16.157959
218,231099827171830,7.382623617,1786847154,1786849261,231099821070703,231099819385107,7.388851056,-7.786723
219,231099860868612,7.416320399,1787355586,1787357386,231099853037073,231099853278910,7.422744859,-7.589702
220,231099892591538,7.448043325,1787864018,1787865522,231099889029117,231099887172714,7.456638663,-5.418824
221,231099938624896,7.494076683,1788880882,1788883640,231099953048493,231099954960320,7.524426269,16.335424
222,231099964679519,7.520131306,1788880882,1788883640,231099953048493,231099954960320,7.524426269,-9.719199
223,231100003680028,7.559131815,1789389314,1789391789,231099989074446,231099988854123,7.558320072,-14.825905
224,231100042268588,7.597720375,1790406179,1790408072,231100057017409,231100056641797,7.626107746,14.373209
225,231100089475356,7.644927143,1790914611,1790916188,231100089033872,231100090535600,7.660001549,1.060244
226,231100111424935,7.666876722,1791423043,1791426207,231100125007486,231100124429403,7.693895352,13.004468
227,231100132747198,7.688198985,1791423043,1791426207,231100125007486,231100124429403,7.693895352,-8.317795
228,231100163161713,7.718613500,1791931475,1791934291,231100157024441,231100158323207,7.727789156,-4.838506
229,231100200373762,7.755825549,1792439907,1792442410,231100193023564,231100192217010,7.761682959,-8.156752
230,231100233440466,7.788892253,1792948339,1792950563,231100224996165,231100226110813,7.795576762,-7.329653
231,231100270304297,7.825756084,1793456771,1793458694,231100261050251,231100260004617,7.829470566,-10.299680
232,231100299025054,7.854476841,1793965204,1793966821,231100293050861,231100293898487,7.863364436,-5.126567
233,231100335445789,7.890897576,1794473636,1794476819,231100329046922,231100327792290,7.897258239,-7.653499
234,231100368125420,7.923577207,1794982068,1794984973,231100361050902,231100361686093,7.931152042,-6.439327
235,231100407623235,7.963075022,1795490500,1795493118,231100397037843,231100395579896,7.965045845,-12.043339
236,231100435096110,7.990547897,1795998932,1796001226,231100428990749,231100429473700,7.998939649,-5.622410
237,231100471598667,8.027050454,1796507364,1796509354,231100465114859,231100463367503,8.032833452,-8.231164
238,231100505439503,8.060891290,1797015797,1797017477,231100497039598,231100497261373,8.066727322,-8.178130
239,231100539912692,8.095364479,1797524228,1797527472,231100532971994,231100531155110,8.100621059,-8.757582
240,231100571273802,8.126725589,1798032661,1798035597,231100565097758,231100565048980,8.134514929,-6.224822
241,231100605455558,8.160907345,1798541093,1798543725,231100597028293,231100598942783,8.168408732,-6.512775
242,231100644294393,8.199746180,1799049525,1799051863,231100633004999,231100632836586,8.202302535,-11.457807
243,231100680078182,8.235529969,1799557957,1799559944,231100664982520,231100666730390,8.236196339,-13.347792
244,231100711781583,8.267233370,1800066389,1800068031,231100701036241,231100700624193,8.270090142,-11.157390
245,231100749834160,8.305285947,1800574821,1800578058,231100733006083,231100734517996,8.303983945,-15.316164
246,231100782935929,8.338387716,1801083254,1801086134,231100769028222,231100768411866,8.337877815,-14.524063
247,231100808250848,8.363702635,1801591686,1801594258,231100800968310,231100802305670,8.371771619,-5.945178
248,231100850841967,8.406293754,1802100118,1802102385,231100836991460,231100836199473,8.405665422,-14.642494
249,231100897690868,8.453142655,1803116982,1803118583,231100904988647,231100903987080,8.473453029,6.296212
250,231100918333559,8.473785346,1803116982,1803118583,231100904988647,231100903987080,8.473453029,-14.346479
251,231100943968819,8.499420606,1803625414,1803628574,231100937010958,231100937880883,8.507346832,-6.087936
252,231100982383955,8.537835742,1804133846,1804136686,231100972955471,231100971774686,8.541240635,-10.609269
253,231101025091882,8.580543669,1805150711,1805152931,231101040981969,231101039562359,8.609028308,14.470477
254,231101052054147,8.607505934,1805150711,1805152931,231101040981969,231101039562359,8.609028308,-12.491788
255,231101079874000,8.635325787,1805659143,1805661079,231101073004881,231101073456163,8.642922112,-6.417837
256,231101117826406,8.673278193,1806167575,1806169186,231101109079016,231101107349966,8.676815915,-10.476440
257,231101159324718,8.714776505,1807184439,1807187339,231101176979147,231101175137573,8.744603522,15.812855
258,231101183280006,8.738731793,1807184439,1807187339,231101176979147,231101175137573,8.744603522,-8.142433
259,231101222279795,8.777731582,1807692871,1807695457,231101209014397,231101209031376,8.778497325,-13.248419
260,231101248982694,8.804434481,1808201303,1808203562,231101240986226,231101242925179,8.812391128,-6.057515
261,231101292571183,8.848022970,1808709736,1808711684,231101276986869,231101276819049,8.846284998,-15.752134
262,231101326253495,8.881705282,1809218168,1809219819,231101308983097,231101310712853,8.880178802,-15.540642
263,231101352551001,8.908002788,1809726600,1809729826,231101344981253,231101344606656,8.914072605,-7.944345
264,231101383458987,8.938910774,1810235032,1810237980,231101376983029,231101378500459,8.947966408,-4.958528
265,231101423048918,8.978500705,1810743464,1810746095,231101412979947,231101412394263,8.981860212,-10.654655
266,231101452028384,9.007480171,1811251896,1811254226,231101444991660,231101446288066,9.015754015,-5.740318
267,231101488873927,9.044325714,1811760328,1811762369,231101480990671,231101480181869,9.049647818,-8.692058
268,231101520136765,9.075588552,1812268760,1812270474,231101512926986,231101514075672,9.083541621,-6.061093
269,231101562068915,9.117520702,1812777193,1812780478,231101548960998,231101547969542,9.117435491,-14.099373
270,231101588296847,9.143748634,1813285625,1813288627,231101580960938,231101581863346,9.151329295,-6.433501
271,231101625159184,9.180610971,1813794057,1813796770,231101616956480,231101615757149,9.185223098,-9.402035
272,231101655426806,9.210878593,1814302489,1814304927,231101648937354,231101649650952,9.219116901,-5.775854
273,231101699681574,9.255133361,1814810921,1814813097,231101684968046,231101683544756,9.253010705,-16.136818
274,231101737032636,9.292484423,1815827785,1815829336,231101752905199,231101751332362,9.320798311,14.299726
275,231101780983103,9.336434890,1816336217,1816339327,231101784959819,231101785226166,9.354692115,4.243063
276,231101802849522,9.358301309,1816844650,1816847432,231101820949602,231101819120036,9.388585985,16.270514
277,231101827080828,9.382532615,1816844650,1816847432,231101820949602,231101819120036,9.388585985,-7.960792
278,231101859204320,9.414656107,1817353082,1817355549,231101852990921,231101853013839,9.422479788,-6.190481
279,231101898719959,9.454171746,1817861514,1817863678,231101884942993,231101886907642,9.456373591,-11.812317
280,231101931305281,9.486757068,1818369946,1818371807,231101920912073,231101920801446,9.490267395,-10.503835
281,231101960752491,9.516204278,1818878378,1818879937,231101953050559,231101954695249,9.524161198,-6.057242
282,231102002309591,9.557761378,1819386810,1819389933,231101988933140,231101988589052,9.558055001,-13.720539
283,231102046846092,9.602297879,1820403675,1820406210,231102056946953,231102056376725,9.625842674,9.530633
284,231102079119961,9.634571748,1820912107,1820914311,231102088940265,231102090270529,9.659736478,11.150568
285,231102101419846,9.656871633,1820912107,1820914311,231102088940265,231102090270529,9.659736478,-11.149317
286,231102136404927,9.691856714,1821420539,1821422426,231102124943181,231102124164332,9.693630281,-12.240595
287,231102184954277,9.740406064,1822437403,1822440597,231102192937749,231102191951939,9.761417888,6.997662
288,231102206514538,9.761966325,1822437403,1822440597,231102192937749,231102191951939,9.761417888,-14.562599
289,231102231139514,9.786591301,1822945835,1822948686,231102225050748,231102225845742,9.795311691,-5.293772
290,231102270017394,9.825469181,1823454267,1823456784,231102260896016,231102259739545,9.829205494,-10.277849
291,231102308661743,9.864113530,1823962699,1823964911,231102292910021,231102293633349,9.863099298,-15.028394
292,231102337266658,9.892718445,1824471131,1824472997,231102328874727,231102327527152,9.896993101,-9.739506
293,231102367050566,9.922502353,1824979564,1824981102,231102360918470,231102361421022,9.930886971,-5.629544
294,231102410581380,9.966033167,1825487996,1825491079,231102396933332,231102395314825,9.964780774,-15.266555
295,231102449410414,10.004862201,1826504860,1826507348,231102464869217,231102463102432,10.032568381,13.692018
296,231102473277452,10.028729239,1826504860,1826507348,231102464869217,231102463102432,10.032568381,-10.175020
297,231102503300493,10.058752280,1827013292,1827015491,231102497034722,231102496996235,10.066462184,-6.304258
298,231102537307184,10.092758971,1827521724,1827523598,231102528926958,231102530890039,10.100355988,-6.417145
299,231102591869612,10.147321399,1828538588,1828541730,231102596914268,231102598677645,10.168143594,6.808033
300,231102614313280,10.169765067,1828538588,1828541730,231102596914268,231102598677645,10.168143594,-15.635635
301,231102639117974,10.194569761,1829047021,1829049863,231102632905283,231102632571515,10.202037464,-6.546459
302,231102673741551,10.229193338,1829555453,1829557967,231102664904472,231102666465318,10.235931267,-7.276233
303,231102716774209,10.272225996,1830063885,1830066134,231102700867404,231102700359122,10.269825071,-16.415087
304,231102739052773,10.294504560,1830572317,1830574249,231102732945020,231102734252925,10.303718874,-4.799848
305,231102778887281,10.334339068,1831080749,1831082407,231102768873156,231102768146728,10.337612677,-10.740553
306,231102807791928,10.363243715,1831589181,1831592391,231102800864487,231102802040532,10.371506481,-5.751396
307,231102851839611,10.407291398,1832097614,1832100535,231102836906335,231102835934402,10.405400351,-15.905209
308,231102875142382,10.430594169,1832606046,1832608681,231102868919716,231102869828205,10.439294154,-5.314177
309,231102913936101,10.469387888,1833114478,1833116782,231102904851962,231102903722008,10.473187957,-10.214093
310,231102943950319,10.499402106,1833622910,1833624864,231102936905931,231102937615812,10.507081761,-6.334507
311,231102990843909,10.546295696,1834639774,1834642941,231103004856054,231103005403418,10.574869367,14.559509
312,231103011738105,10.567189892,1834639774,1834642941,231103004856054,231103005403418,10.574869367,-6.334687
313,231103051339480,10.606791267,1835148206,1835151058,231103040897712,231103039297222,10.608763171,-12.042258
314,231103079082339,10.634534126,1835656638,1835659211,231103072922911,231103073191025,10.642656974,-5.891314
315,231103121734708,10.677186495,1836165071,1836167338,231103108886292,231103107084895,10.676550844,-14.649813
316,231103147539937,10.702991724,1836673503,1836675475,231103140884675,231103140978698,10.710444647,-6.561239
317,231103181244699,10.736696486,1837181935,1837183567,231103172913969,231103174872501,10.744338450,-6.372198
318,231103221874735,10.777326522,1837690367,1837693576,231103208880608,231103208766305,10.778232254,-13.108430
319,231103267359419,10.822811206,1838707231,1838709840,231103276881258,231103276553911,10.846019860,9.194492
320,231103289325633,10.844777420,1838707231,1838709840,231103276881258,231103276553911,10.846019860,-12.771722
321,231103314905451,10.870357238,1839215663,1839217955,231103308890262,231103310447715,10.879913664,-4.457736
322,231103359076777,10.914528564,1839724096,1839726071,231103344886016,231103344341585,10.913807534,-14.735192
323,231103402189865,10.957641652,1840740960,1840744189,231103412833263,231103412129191,10.981595140,9.939326
324,231103422751269,10.978203056,1840740960,1840744189,231103412833263,231103412129191,10.981595140,-10.622078
325,231103454617042,11.010068829,1841249392,1841252333,231103444875901,231103446022995,11.015488944,-8.594047
326,231103492916921,11.048368708,1841757824,1841760462,231103480887554,231103479916798,11.049382747,-13.000123
327,231103536349294,11.091801081,1842774688,1842776708,231103548838017,231103547704405,11.117170354,11.355111
328,231103560554995,11.116006782,1842774688,1842776708,231103548838017,231103547704405,11.117170354,-12.850590
329,231103586974212,11.142425999,1843283120,1843284821,231103580930709,231103581598208,11.151064157,-5.376004
330,231103626890162,11.182341949,1843791553,1843794842,231103616841166,231103615492078,11.184958027,-11.398084
331,231103669835596,11.225287383,1844808417,1844811097,231103684834947,231103683279684,11.252745633,13.444088
332,231103695034438,11.250486225,1844808417,1844811097,231103684834947,231103683279684,11.252745633,-11.754754
333,231103728163815,11.283615602,1845316849,1845319184,231103716862239,231103717173488,11.286639437,-10.990327
334,231103762748674,11.318200461,1845825281,1845827300,231103752847530,231103751067291,11.320533240,-11.681383
335,231103807509854,11.362961641,1846842145,1846845393,231103820799461,231103818854898,11.388320847,11.345044
336,231103831459379,11.386911166,1846842145,1846845393,231103820799461,231103818854898,11.388320847,-12.604481
337,231103863680600,11.419132387,1847350577,1847353517,231103852863397,231103852748701,11.422214650,-10.931899
338,231103895936224,11.451388011,1847859010,1847861659,231103884825383,231103886642571,11.456108520,-9.293653
339,231103934232278,11.489684065,1848367442,1848369757,231103920817290,231103920536374,11.490002323,-13.695904
340,231103959108967,11.514560754,1848875874,1848877881,231103952844008,231103954430178,11.523896127,-4.678789
341,231103997918643,11.553370430,1849384306,1849386021,231103988805858,231103988323981,11.557789930,-9.594662
342,231104033768278,11.589220065,1849892738,1849896033,231104020838426,231104022217784,11.591683733,-11.550494
343,231104100885309,11.656337096,1850909602,1850912299,231104088802135,231104090005391,11.659471340,-10.879918
344,231104121294450,11.676746237,1851418035,1851420398,231104124791039,231104123899261,11.693365210,2.604811
345,231104137706869,11.693158656,1851418035,1851420398,231104124791039,231104123899261,11.693365210,-13.807608
346,231104163500931,11.718952718,1851926467,1851928527,231104156807602,231104157793064,11.727259013,-5.707867
347,231104216271260,11.771723047,1852943331,1852946622,231104224838348,231104225580671,11.795046620,9.309411
348,231104240902038,11.796353825,1852943331,1852946622,231104224838348,231104225580671,11.795046620,-15.321367
349,231104267437822,11.822889609,1853451763,1853454797,231104260843602,231104259474474,11.828940423,-7.963348
350,231104300393881,11.855845668,1853960195,1853962936,231104292817263,231104293368277,11.862834226,-7.025604
351,231104341122880,11.896574667,1854468627,1854471033,231104328788509,231104327262081,11.896728030,-13.860799
352,231104367699027,11.923150814,1854977059,1854979169,231104360856776,231104361155884,11.930621833,-6.543143
353,231104409422152,11.964873939,1855485491,1855487312,231104396829567,231104395049687,11.964515636,-14.372465
354,231104438979721,11.994431508,1855993924,1855995444,231104428858318,231104428943557,11.998409506,-10.036164
355,231104485720391,12.041172178,1857010788,1857013583,231104496834732,231104496731164,12.066197113,11.010773
356,231104502808999,12.058260786,1857010788,1857013583,231104496834732,231104496731164,12.066197113,-6.077835
357,231104541797302,12.097249089,1857519220,1857521700,231104528788068,231104530624967,12.100090916,-11.172335
358,231104571210161,12.126661948,1858027652,1858029803,231104564778674,231104564518771,12.133984720,-6.691390
359,231104608735112,12.164186899,1858536084,1858537914,231104596781042,231104598412574,12.167878523,-10.322538
360,231104639340307,12.194792094,1859044517,1859046061,231104632784288,231104632306444,12.201772393,-7.033863
361,231104672583520,12.228035307,1859552948,1859556071,231104664787688,231104666200181,12.235666130,-6.383339
362,231104714336109,12.269787896,1860061381,1860064192,231104700803098,231104700094050,12.269559999,-14.242059
363,231104761069820,12.316521607,1861078245,1861080441,231104768804388,231104767881657,12.337347606,6.811837
364,231104781157069,12.336608856,1861078245,1861080441,231104768804388,231104767881657,12.337347606,-13.275412
365,231104807119379,12.362571166,1861586677,1861588545,231104800786842,231104801775460,12.371241409,-5.343919
366,231104846407558,12.401859345,1862095109,1862096668,231104836792051,231104835669264,12.405135213,-10.738294
367,231104896678970,12.452130757,1863111974,1863114786,231104904792904,231104903456937,12.472922886,6.777967
368,231104917917030,12.473368817,1863111974,1863114786,231104904792904,231104903456937,12.472922886,-14.460093
369,231104945229499,12.500681286,1863620406,1863622918,231104936802363,231104937350740,12.506816689,-7.878759
370,231104982617108,12.538068895,1864128838,1864131035,231104972800912,231104971244544,12.540710493,-11.372564
371,231105025645550,12.581097337,1865145702,1865147286,231105040793788,231105039032150,12.608498099,13.386600
372,231105047682222,12.603134009,1865145702,1865147286,231105040793788,231105039032150,12.608498099,-8.650072
373,231105083129507,12.638581294,1865654134,1865657299,231105072805977,231105072925954,12.642391903,-10.203553
374,231105111736611,12.667188398,1866162566,1866165433,231105108782285,231105106819757,12.676285706,-4.916854
375,231105152459347,12.707911134,1866670998,1866673610,231105140744851,231105140713560,12.710179509,-11.745787
376,231105182465300,12.737917087,1867179431,1867181678,231105172749677,231105174607430,12.744073379,-7.857870
377,231105221684264,12.777136051,1867687863,1867689805,231105208768647,231105208501234,12.777967183,-13.183030
378,231105247751137,12.803202924,1868196295,1868197955,231105240828399,231105242395037,12.811860986,-5.356100
379,231105295907948,12.851359735,1869213159,1869216066,231105308779313,231105310182643,12.879648592,14.274695
380,231105316048147,12.871499934,1869213159,1869216066,231105308779313,231105310182643,12.879648592,-5.865504
381,231105357592405,12.913044192,1869721591,1869724195,231105344754358,231105344076447,12.913542396,-13.515958
382,231105382865377,12.938317164,1870230023,1870232314,231105376735231,231105377970250,12.947436199,-4.895127
383,231105419176735,12.974628522,1870738456,1870740405,231105412776656,231105411864120,12.981330069,-7.312615
384,231105454145727,13.009597514,1871246888,1871248525,231105444729170,231105445757923,13.015223872,-8.387804
385,231105492680891,13.048132678,1871755320,1871758509,231105480758078,231105479651727,13.049117676,-13.029164
386,231105519730991,13.075182778,1872263752,1872266630,231105512777153,231105513545530,13.083011479,-6.185461
387,231105555249892,13.110701679,1872772184,1872774771,231105548715625,231105547439333,13.116905282,-7.810559
388,231105589950194,13.145401981,1873280616,1873282884,231105580768007,231105581333137,13.150799086,-8.617057
389,231105631391554,13.186843341,1873789048,1873790987,231105616786381,231105615226940,13.184692889,-16.164614
390,231105658368889,13.213820676,1874297480,1874299141,231105648733767,231105649120743,13.218586692,-9.248146
391,231105693434764,13.248886551,1874805913,1874809164,231105684725718,231105683014613,13.252480562,-10.420151
392,231105727498042,13.282949829,1875314345,1875317304,231105716762025,231105716908417,13.286374366,-10.589625
393,231105754958402,13.310410189,1875822777,1875825428,231105752703549,231105750802220,13.320268169,-4.156182
394,231105795805210,13.351256997,1876331209,1876333549,231105784740638,231105784696023,13.354161972,-11.109187
395,231105835942528,13.391394315,1877348073,1877349850,231105852803774,231105852483630,13.421949579,16.541102
396,231105862244996,13.417696783,1877348073,1877349850,231105852803774,231105852483630,13.421949579,-9.761366
397,231105892464918,13.447916705,1877856505,1877857970,231105884763562,231105886377433,13.455843382,-6.087485
398,231105934759534,13.490211321,1878364937,1878367976,231105920757839,231105920271236,13.489737185,-14.488298
399,231105982775285,13.538227072,1879381802,1879384201,231105988707360,231105988058910,13.557524859,5.283625
400,231106010899539,13.566351326,1879890234,1879892306,231106020729568,231106021952713,13.591418662,11.053174
401,231106031490231,13.586942018,1879890234,1879892306,231106020729568,231106021952713,13.591418662,-9.537518
402,231106067105643,13.622557430,1880398666,1880400427,231106056728764,231106055846516,13.625312465,-11.259127
403,231106116273458,13.671725245,1881415530,1881418525,231106124707775,231106123634123,13.693100072,7.360665
404,231106137103060,13.692554847,1881415530,1881418525,231106124707775,231106123634123,13.693100072,-13.468937
405,231106163010654,13.718462441,1881923962,1881926633,231106156737834,231106157527926,13.726993875,-5.482728
406,231106205164354,13.760616141,1882432394,1882434723,231106192729494,231106191421730,13.760887679,-13.742624
407,231106249709292,13.805161079,1883449259,1883450979,231106260713196,231106259209403,13.828675352,9.500111
408,231106273248817,13.828700604,1883449259,1883450979,231106260713196,231106259209403,13.828675352,-14.039414
409,231106303374305,13.858826092,1883957691,1883960983,231106292740252,231106293103206,13.862569155,-10.271099
410,231106342989102,13.898440889,1884466123,1884469096,231106328833121,231106326997010,13.896462959,-15.992092
411,231106392969075,13.948420862,1885482987,1885485345,231106396667800,231106394784616,13.964250565,1.815541
412,231106415643874,13.971095661,1885991419,1885993486,231106428691675,231106428678419,13.998144368,13.034545
413,231106437927927,13.993379714,1885991419,1885993486,231106428691675,231106428678419,13.998144368,-9.249508
414,231106469921448,14.025373235,1886499851,1886501625,231106460681839,231106462572223,14.032038172,-7.349225
415,231106512313015,14.067764802,1887008284,1887009754,231106496703418,231106496466093,14.065932042,-15.846922
416,231106534706615,14.090158402,1887516716,1887519763,231106528681332,231106530359896,14.099825845,-4.346719
417,231106572791581,14.128243368,1888025148,1888027858,231106564716510,231106564253699,14.133719648,-8.537882
418,231106605137987,14.160589774,1888533580,1888536000,231106596721226,231106598147503,14.167613452,-6.990484
419,231106647298413,14.202750200,1889042012,1889044127,231106632710291,231106632041306,14.201507255,-15.257107
420,231106676037553,14.231489340,1889550444,1889552270,231106664670635,231106665935109,14.235401058,-10.102444
421,231106712621842,14.268073629,1890058877,1890060415,231106700717648,231106699828979,14.269294928,-12.792863
422,231106739285456,14.294737243,1890567308,1890570370,231106732713650,231106733722716,14.303188665,-5.562740
423,231106792116087,14.347567874,1891584173,1891586612,231106800712008,231106801510389,14.370976338,9.394302
424,231106816557736,14.372009523,1891584173,1891586612,231106800712008,231106801510389,14.370976338,-15.047347
425,231106843784539,14.399236326,1892092605,1892094724,231106836715643,231106835404192,14.404870141,-8.380347
426,231106875126165,14.430577952,1892601037,1892602843,231106868705327,231106869297996,14.438763945,-5.828169
427,231106919898756,14.475350543,1893109469,1893110959,231106904650355,231106903191799,14.472657748,-16.706957
428,231106947743192,14.503194979,1893617901,1893620941,231106936697265,231106937085602,14.506551551,-10.657590
429,231106983582860,14.539034647,1894126334,1894129054,231106972698189,231106970979472,14.540445421,-12.603388
430,231107011040541,14.566492328,1894634766,1894637163,231107004713211,231107004873276,14.574339225,-6.167265
431,231107049540379,14.604992166,1895143198,1895145269,231107040636208,231107038767079,14.608233028,-10.773300
432,231107080742892,14.636194679,1895651630,1895653354,231107072717626,231107072660882,14.642126831,-8.082010
433,231107113808069,14.669259856,1896160062,1896161523,231107104697125,231107106554686,14.676020635,-7.253383
434,231107151807769,14.707259556,1896668494,1896671516,231107140650621,231107140448489,14.709914438,-11.359280
435,231107207333054,14.762784841,1897685358,1897687797,231107208685013,231107208236096,14.777702045,0.903042
436,231107230661706,14.786113493,1898193791,1898195937,231107240656272,231107242129966,14.811595915,11.468260
437,231107255507786,14.810959573,1898193791,1898195937,231107240656272,231107242129966,14.811595915,-13.377820
438,231107283363199,14.838814986,1898702223,1898704024,231107276631540,231107276023769,14.845489718,-7.339430
439,231107329279291,14.884731078,1899719087,1899722174,231107344711634,231107343811376,14.913277325,14.532085
440,231107351770883,14.907222670,1899719087,1899722174,231107344711634,231107343811376,14.913277325,-7.959507
441,231107387855000,14.943306787,1900227519,1900230256,231107376660327,231107377705179,14.947171128,-10.149821
442,231107422235261,14.977687048,1900735951,1900738399,231107412635496,231107411598982,14.981064931,-10.636279
443,231107466287763,15.021739550,1901752816,1901754621,231107480685218,231107479386655,15.048852604,13.098892
444,231107488616497,15.044068284,1901752816,1901754621,231107480685218,231107479386655,15.048852604,-9.229842
445,231107520872307,15.076324094,1902261248,1902262781,231107512677268,231107513280459,15.082746408,-7.591848
446,231107559109436,15.114561223,1902769680,1902772758,231107548672049,231107547174262,15.116640211,-11.935174
447,231107607806723,15.163258510,1903786544,1903789006,231107616659728,231107614961869,15.184427818,7.155146
448,231107630835402,15.186287189,1903786544,1903789006,231107616659728,231107614961869,15.184427818,-15.873533
449,231107655065906,15.210517693,1904294976,1904297119,231107648622984,231107648855672,15.218321621,-6.210234
450,231107687504246,15.242956033,1904803408,1904805235,231107684633752,231107682749475,15.252215424,-4.754771
451,231107734204612,15.289656399,1905820273,1905823373,231107748654086,231107750537149,15.320003098,16.332537
452,231107758503868,15.313955655,1905820273,1905823373,231107748654086,231107750537149,15.320003098,-7.966719
453,231107793277486,15.348729273,1906328705,1906331515,231107784634777,231107784430952,15.353896901,-8.846534
454,231107828711232,15.384163019,1906837137,1906839646,231107816747823,231107818324755,15.387790704,-10.386477
455,231107882987727,15.438439514,1907854001,1907855845,231107884606691,231107886112362,15.455578311,3.124635
456,231107902095366,15.457547153,1907854001,1907855845,231107884606691,231107886112362,15.455578311,-15.983004
457,231107932265640,15.487717427,1908362433,1908363973,231107920668332,231107920006165,15.489472114,-12.259475
458,231107963325800,15.518777587,1908870865,1908873962,231107952641605,231107953899968,15.523365917,-9.425832
459,231108005399795,15.560851582,1909887730,1909890213,231108020647360,231108021687642,15.591153591,16.287847
460,231108027038542,15.582490329,1909887730,1909890213,231108020647360,231108021687642,15.591153591,-5.350900
461,231108065655587,15.621107374,1910396162,1910398327,231108056650886,231108055581445,15.625047394,-10.074142
462,231108096031499,15.651483286,1910904594,1910906457,231108088659055,231108089475248,15.658941197,-6.556251
463,231108138711438,15.694163225,1911413026,1911414571,231108124629814,231108123369052,15.692835001,-15.342386
464,231108168338219,15.723790006,1911921458,1911924567,231108156632953,231108157262855,15.726728804,-11.075364
465,231108200332975,15.755784762,1912429890,1912432685,231108192624096,231108191156658,15.760622607,-9.176317
466,231108238029354,15.793481141,1912938322,1912940855,231108224636344,231108225050462,15.794516411,-12.978892
467,231108291764033,15.847215820,1913955187,1913957154,231108292627047,231108292838135,15.862304084,1.074102
468,231108312667302,15.868119089,1914463619,1914465300,231108328606454,231108326731938,15.896197887,14.064636
469,231108336697349,15.892149136,1914463619,1914465300,231108328606454,231108326731938,15.896197887,-9.965411
470,231108366966295,15.922418082,1914972051,1914975303,231108360598161,231108360625742,15.930091691,-6.340553
471,231108406982388,15.962434175,1915480483,1915483435,231108392640567,231108394519545,15.963985494,-12.462843
472,231108434620098,15.990071885,1915988915,1915991539,231108428638008,231108428413348,15.997879297,-6.206750
473,231108466926049,16.022377836,1916497347,1916499698,231108460613823,231108462307152,16.031773101,-4.618897
474,231108502672538,16.058124325,1917005779,1917007819,231108496588054,231108496200955,16.065666904,-6.471583
475,231108540392634,16.095844421,1917514211,1917515948,231108528607314,231108530094758,16.099560707,-10.297876
476,231108571285789,16.126737576,1918022644,1918025931,231108564618160,231108563988628,16.133454577,-7.297161
477,231108606123912,16.161575699,1918531076,1918534037,231108596615718,231108597882431,16.167348380,-8.241481
478,231108641500211,16.196951998,1919039508,1919042172,231108632635613,231108631776235,16.201242184,-9.723976
479,231108690221175,16.245672962,1920056372,1920058439,231108700595957,231108699563841,16.269029790,9.342666
480,231108710574702,16.266026489,1920056372,1920058439,231108700595957,231108699563841,16.269029790,-11.010861
481,231108738935017,16.294386804,1920564804,1920566581,231108732572058,231108733457645,16.302923594,-5.477372
482,231108779064160,16.334515947,1921073237,1921074701,231108768592957,231108767351515,16.336817464,-11.712645
483,231108824674134,16.380125921,1922090101,1922092822,231108836548300,231108835139121,16.404605070,10.464987
484,231108842901083,16.398352870,1922090101,1922092822,231108836548300,231108835139121,16.404605070,-7.761962
485,231108875266753,16.430718540,1922598533,1922600921,231108868589487,231108869032925,16.438498874,-6.233828
486,231108915706560,16.471158347,1923106965,1923109029,231108904608370,231108902926728,16.472392677,-12.779832
487,231108956332734,16.511784521,1924123829,1924125309,231108972572270,231108970714334,16.540180283,14.381600
488,231108985576249,16.541028036,1924123829,1924125309,231108972572270,231108970714334,16.540180283,-14.861915
489,231109013341597,16.568793384,1924632261,1924635326,231109004607393,231109004608138,16.574074087,-8.733459
490,231109046821225,16.602273012,1925140694,1925143475,231109036584051,231109038502008,16.607967957,-8.319217
491,231109095198095,16.650649882,1926157558,1926159710,231109104589009,231109106289614,16.675755563,11.091519
492,231109117811755,16.673263542,1926157558,1926159710,231109104589009,231109106289614,16.675755563,-11.522141
493,231109150938837,16.706390624,1926665990,1926667839,231109140662195,231109140183418,16.709649367,-10.755419
494,231109178675747,16.734127534,1927174422,1927175956,231109172579537,231109174077221,16.743543170,-4.598526
495,231109217970479,16.773422266,1927682854,1927685952,231109208574338,231109207971024,16.777436973,-9.999455
496,231109247395727,16.802847514,1928191286,1928194102,231109240538353,231109241864828,16.811330777,-5.530899
497,231109286497878,16.841949665,1928699718,1928702215,231109276595371,231109275758631,16.845224580,-10.739247
498,231109319251983,16.874703770,1929208151,1929210342,231109308580912,231109309652501,16.879118450,-9.599482
499,231109359031494,16.914483281,1929716583,1929718434,231109344563515,231109343546304,16.913012253,-15.485190
500,231109383274760,16.938726547,1930225015,1930226563,231109376534927,231109377440108,16.946906057,-5.834652
501,231109425747962,16.981199749,1930733447,1930736576,231109412603592,231109411333911,16.980799860,-14.414051
502,231109452135886,17.007587673,1931241879,1931244702,231109444588511,231109445227714,17.014693663,-6.908172
503,231109501869602,17.057321389,1932258743,1932260939,231109512531480,231109513015321,17.082481270,11.145719
504,231109522075498,17.077527285,1932258743,1932260939,231109512531480,231109513015321,17.082481270,-9.060177
505,231109556348996,17.111800783,1932767176,1932769052,231109548505221,231109546909191,17.116375140,-9.439805
506,231109591513749,17.146965536,1933275608,1933277193,231109580582772,231109580802994,17.150268943,-10.710755
507,231109632360745,17.187812532,1934292472,1934295271,231109648533826,231109648590601,17.218056550,16.229856
508,231109655105958,17.210557745,1934292472,1934295271,231109648533826,231109648590601,17.218056550,-6.515357
509,231109687248758,17.242700545,1934800904,1934803392,231109680584624,231109682484404,17.251950353,-4.764354
510,231109726322251,17.281774038,1935309336,1935311551,231109716554218,231109716378207,17.285844156,-9.944044
511,231109770037570,17.325489357,1936326200,1936327773,231109784509820,231109784165814,17.353631763,14.128244
512,231109809279686,17.364731473,1936834633,1936837751,231109816514895,231109818059684,17.387525633,8.779998
513,231109835843169,17.391294956,1937343065,1937345878,231109852554458,231109851953487,17.421419436,16.110318
514,231109860245637,17.415697424,1937343065,1937345878,231109852554458,231109851953487,17.421419436,-8.292150
515,231109892801158,17.448252945,1937851497,1937854002,231109884505588,231109885847291,17.455313240,-6.953867
516,231109931752447,17.487204234,1938359929,1938362108,231109920559338,231109919741094,17.489207043,-12.011353
517,231109974160521,17.529612308,1939376793,1939378359,231109988513207,231109987528701,17.556994650,13.368180
518,231110001732049,17.557183836,1939376793,1939378359,231109988513207,231109987528701,17.556994650,-14.203348
519,231110027786864,17.583238651,1939885225,1939888350,231110020550548,231110021422504,17.590888453,-6.364360
520,231110067104302,17.622556089,1940393657,1940396493,231110056485613,231110055316307,17.624782256,-11.787995
521,231110111847688,17.667299475,1941410522,1941412796,231110124579831,231110123103980,17.692569929,11.256292
522,231110130730684,17.686182471,1941410522,1941412796,231110124579831,231110123103980,17.692569929,-7.626704
523,231110163413488,17.718865275,1941918954,1941920884,231110156543152,231110156997784,17.726463733,-6.415704
524,231110200171370,17.755623157,1942427386,1942429018,231110192507855,231110190891587,17.760357536,-9.279783
525,231110240328662,17.795780449,1942935818,1942938982,231110224525539,231110224785390,17.794251339,-15.543272
526,231110267673113,17.823124900,1943444250,1943447111,231110260515542,231110258679194,17.828145143,-8.993919
527,231110300885185,17.856336972,1943952682,1943955258,231110292523911,231110292572997,17.862038946,-8.312188
528,231110331332873,17.886784660,1944461115,1944463410,231110324507284,231110326466867,17.895932816,-4.866006
529,231110373676359,17.929128146,1944969547,1944971549,231110360501143,231110360360670,17.929826619,-13.315689
530,231110400852026,17.956303813,1945477979,1945479650,231110392512492,231110394254474,17.963720423,-6.597552
531,231110443105576,17.998557363,1945986411,1945989618,231110428516561,231110428148277,17.997614226,-14.957299
532,231110475424305,18.030876092,1946494843,1946497747,231110460479034,231110462042080,18.031508029,-13.382225
533,231110509899632,18.065351419,1947003275,1947005878,231110496493033,231110495935884,18.065401833,-13.963748
534,231110535340151,18.090791938,1947511707,1947514010,231110528515566,231110529829687,18.099295636,-5.510464
535,231110574325883,18.129777670,1948020139,1948022144,231110564474972,231110563723490,18.133189439,-10.602393
536,231110602634564,18.158086351,1948528571,1948530318,231110596494141,231110597617294,18.167083243,-5.017270
537,231110642414986,18.197866773,1949037004,1949040323,231110632531272,231110631511163,18.200977112,-10.903823
538,231110671390632,18.226842419,1949545436,1949548443,231110664516169,231110665404967,18.234870916,-5.985665
539,231110709955418,18.265407205,1950053868,1950056604,231110700523100,231110699298770,18.268764719,-10.656648
540,231110740093496,18.295545283,1950562300,1950564724,231110732521005,231110733192573,18.302658522,-6.900923
541,231110780637897,18.336089684,1951070732,1951072826,231110768478211,231110767086377,18.336552326,-13.551520
542,231110811688059,18.367139846,1951579164,1951580957,231110800513230,231110800980180,18.370446129,-10.707879
543,231110844088333,18.399540120,1952087597,1952089052,231110836510326,231110834874050,18.404339999,-9.214283
544,231110874821597,18.430273384,1952596028,1952599067,231110868521985,231110868767787,18.438233736,-6.053810
545,231110911117570,18.466569357,1953104461,1953107187,231110904497932,231110902661657,18.472127606,-8.455913
546,231110944831853,18.500283640,1953612893,1953615296,231110936454633,231110936555460,18.506021409,-8.276393
547,231110975369697,18.530821484,1954121325,1954123425,231110968517399,231110970449263,18.539915212,-4.920434
548,231111016097436,18.571549223,1954629757,1954631517,231111004501574,231111004343067,18.573809016,-11.754369
549,231111048596811,18.604048598,1955138189,1955139652,231111036463307,231111038236870,18.607702819,-10.359941
550,231111081295226,18.636747013,1955646621,1955649649,231111072462994,231111072130673,18.641596622,-9.164553
551,231111110952054,18.666403841,1956155054,1956157793,231111104476116,231111106024543,18.675490492,-4.927511
552,231111154338086,18.709789873,1956663486,1956665890,231111140493995,231111139918346,18.709384295,-14.419740
553,231111205420861,18.760872648,1957680350,1957682181,231111208439639,231111207705953,18.777171902,2.285092
554,231111223046725,18.778498512,1957680350,1957682181,231111208439639,231111207705953,18.777171902,-15.340772
555,231111247411378,18.802863165,1958188782,1958190317,231111240495355,231111241599756,18.811065705,-5.811622
556,231111287334159,18.842785946,1958697214,1958700296,231111276482205,231111275493560,18.844959509,-11.840599
557,231111327554720,18.883006507,1959714078,1959716521,231111344469795,231111343281166,18.912747115,15.726446
558,231111350620762,18.906072549,1959714078,1959716521,231111344469795,231111343281166,18.912747115,-7.339596
559,231111385617041,18.941068828,1960222511,1960224637,231111376468220,231111377175036,18.946640985,-8.442005
560,231111423932737,18.979384524,1960730943,1960732783,231111412470133,231111411068840,18.980534789,-12.863897
561,231111468990291,19.024442078,1961747807,1961750899,231111480427198,231111478856446,19.048322395,9.866155
562,231111489812455,19.045264242,1961747807,1961750899,231111480427198,231111478856446,19.048322395,-10.956009
563,231111520219877,19.075671664,1962256239,1962259042,231111512425856,231111512750250,19.082216199,-7.469627
564,231111558578267,19.114030054,1962764671,1962767202,231111548408126,231111546644053,19.116110002,-11.934214
565,231111602676493,19.158128280,1963781536,1963783463,231111612440202,231111614431726,19.183897675,11.755233
566,231111622274226,19.177726013,1963781536,1963783463,231111612440202,231111614431726,19.183897675,-7.842500
567,231111655589459,19.211041246,1964289968,1964291561,231111648416472,231111648325530,19.217791479,-7.263929
568,231111688553099,19.244004886,1964798400,1964801568,231111680451342,231111682219333,19.251685282,-6.333766
569,231111730802412,19.286254199,1965306832,1965309699,231111716416176,231111716113136,19.285579085,-14.689276
570,231111755393633,19.310845420,1965815264,1965817802,231111748445241,231111750006939,19.319472888,-5.386694
571,231111796861476,19.352313263,1966323696,1966325923,231111784467773,231111783900743,19.353366692,-12.960733
572,231111822772575,19.378224362,1966832128,1966834041,231111816519839,231111817794546,19.387260495,-4.978029
573,231111863814726,19.419266513,1967340560,1967342168,231111852429723,231111851688349,19.421154298,-12.126377
574,231111890620378,19.446072165,1967848993,1967852154,231111884432390,231111885582219,19.455048168,-5.038159
575,231111933071599,19.488523386,1968357425,1968360296,231111920439164,231111919476023,19.488941972,-13.595576
576,231111959149299,19.514601086,1968865857,1968868443,231111952466311,231111953369826,19.522835775,-5.779473
577,231112008268877,19.563720664,1969882721,1969884703,231112020414350,231112021157433,19.590623382,12.888556
578,231112033298656,19.588750443,1969882721,1969884703,231112020414350,231112021157433,19.590623382,-12.141223
579,231112064253581,19.619705368,1970391153,1970392806,231112056394212,231112055051236,19.624517185,-9.202345
580,231112095614344,19.651066131,1970899585,1970902824,231112088409696,231112088945039,19.658410988,-6.669305
581,231112136232884,19.691684671,1971408017,1971410960,231112124382981,231112122838843,19.692304792,-13.394041
582,231112162899192,19.718350979,1971916450,1971919074,231112156432949,231112156732713,19.726198662,-6.166479
583,231112200794354,19.756246141,1972424882,1972427185,231112192418768,231112190626516,19.760092465,-10.167838
584,231112231638572,19.787090359,1972933314,1972935330,231112224401207,231112224520319,19.793986268,-7.118253
585,231112281557733,19.837009520,1973950178,1973953455,231112292426952,231112292307926,19.861773875,10.750193
586,231112303131633,19.858583420,1973950178,1973953455,231112292426952,231112292307926,19.861773875,-10.823707
587,231112331373052,19.886824839,1974458610,1974461620,231112324496110,231112326201729,19.895667678,-5.171323
588,231112369027640,19.924479427,1974967042,1974969723,231112360424627,231112360095532,19.929561481,-8.932108
589,231112409982035,19.965433822,1975475475,1975477855,231112392400532,231112393989402,19.963455351,-15.992633
590,231112434878449,19.990330236,1975983907,1975985989,231112428386883,231112427883206,19.997349155,-6.995243
591,231112470935283,20.026387070,1976492339,1976494126,231112460417364,231112461777009,20.031242958,-9.158274
592,231112508243565,20.063695352,1977000771,1977004076,231112496404748,231112495670812,20.065136761,-12.572753
593,231112549969262,20.105421049,1978017635,1978020299,231112564403452,231112563458419,20.132924368,13.489157
594,231112575728599,20.131180386,1978017635,1978020299,231112564403452,231112563458419,20.132924368,-12.270180
595,231112604818626,20.160270413,1978526067,1978528403,231112596424061,231112597352222,20.166818171,-7.466404
596,231112644386925,20.199838712,1979034499,1979036519,231112632391899,231112631246026,20.200711975,-13.140899
597,231112690747182,20.246198969,1980051364,1980054642,231112700393643,231112699033699,20.268499648,8.286517
598,231112712203580,20.267655367,1980051364,1980054642,231112700393643,231112699033699,20.268499648,-13.169881
599,231112738598332,20.294050119,1980559796,1980562778,231112732431553,231112732927502,20.302393451,-5.670830
600,231112776716540,20.332168327,1981068228,1981070910,231112768349439,231112766821306,20.336287255,-9.895234
601,231112811444299,20.366896086,1981576660,1981579007,231112800404096,231112800715109,20.370181058,-10.729190
602,231112845429419,20.400881206,1982085092,1982087119,231112836377873,231112834608912,20.404074861,-10.820507
603,231112875456531,20.430908318,1982593524,1982595229,231112868359604,231112868502715,20.437968664,-6.953816
604,231112912530673,20.467982460,1983101957,1983105249,231112904336066,231112902396585,20.471862534,-10.134088
605,231112956673064,20.512124851,1984118821,1984121532,231112968369820,231112970184192,20.539650141,13.511128
606,231112978379872,20.533831659,1984118821,1984121532,231112968369820,231112970184192,20.539650141,-8.195680
607,231113015655120,20.571106907,1984627253,1984629655,231113004397953,231113004077995,20.573543944,-11.577125
608,231113047602373,20.603054160,1985135685,1985137783,231113036407507,231113037971799,20.607437748,-9.630574
609,231113101678503,20.657130290,1986152549,1986154088,231113104373528,231113105759405,20.675225354,4.080902
610,231113121324745,20.676776532,1986152549,1986154088,231113104373528,231113105759405,20.675225354,-15.565340
611,231113146623013,20.702074800,1986660981,1986664067,231113140379811,231113139653209,20.709119158,-6.969804
612,231113178493687,20.733945474,1987169414,1987172163,231113172370733,231113173547079,20.743013028,-4.946608
613,231113218310581,20.773762368,1987677846,1987680301,231113208332296,231113207440882,20.776906831,-10.869699
614,231113246397897,20.801849684,1988186278,1988188429,231113240334873,231113241334685,20.810800634,-5.063212
615,231113282437536,20.837889323,1988694710,1988696552,231113276355237,231113275228488,20.844694437,-7.209048
616,231113315156949,20.870608736,1989203142,1989204681,231113308378374,231113309122292,20.878588241,-6.034657
617,231113353313777,20.908765564,1989711574,1989714639,231113344335623,231113343016095,20.912482044,-10.297682
618,231113386372497,20.941824284,1990220006,1990222807,231113376360533,231113376909898,20.946375847,-9.462599
619,231113423937803,20.979389590,1990728438,1990730946,231113412324103,231113410803702,20.980269651,-13.134101
620,231113452118606,21.007570393,1991236871,1991239028,231113444329974,231113444697572,21.014163521,-7.421034
621,231113499142754,21.054594541,1992253735,1992255279,231113512373878,231113512485178,21.081951127,13.342424
622,231113518462817,21.073914604,1992253735,1992255279,231113512373878,231113512485178,21.081951127,-5.977639
623,231113554521202,21.109972989,1992762167,1992765295,231113548312566,231113546378982,21.115844931,-8.142220
624,231113591542226,21.146994013,1993270599,1993273418,231113580325713,231113580272785,21.149738734,-11.269441
625,231113636089605,21.191541392,1994287463,1994289671,231113648317616,231113648060392,21.217526341,11.970787
626,231113654818352,21.210270139,1994287463,1994289671,231113648317616,231113648060392,21.217526341,-6.757960
627,231113686959685,21.242411472,1994795896,1994797776,231113680323775,231113681954262,21.251420211,-5.005423
628,231113724138995,21.279590782,1995304328,1995305927,231113716324617,231113715848065,21.285314014,-8.290930
629,231113768214448,21.323666235,1996321192,1996324026,231113784303391,231113783635672,21.353101621,15.421224
630,231113792820755,21.348272542,1996321192,1996324026,231113784303391,231113783635672,21.353101621,-9.185083
631,231113828884254,21.384336041,1996829624,1996832116,231113816328772,231113817529475,21.386995424,-11.354779
632,231113861086579,21.416538366,1997338056,1997340208,231113852301248,231113851423278,21.420889227,-9.663301
633,231113907052381,21.462504168,1998354920,1998356495,231113920291764,231113919210885,21.488676834,12.158504
634,231113926830401,21.482282188,1998354920,1998356495,231113920291764,231113919210885,21.488676834,-7.619516
635,231113961603691,21.517055478,1998863353,1998866508,231113952329397,231113953104755,21.522570704,-8.498936
636,231114002201698,21.557653485,1999371785,1999374627,231113988300901,231113986998558,21.556464507,-15.203140
637,231114044696785,21.600148572,2000388649,2000390904,231114056320865,231114054786165,21.624252114,10.089380
638,231114068697063,21.624148850,2000388649,2000390904,231114056320865,231114054786165,21.624252114,-13.910898
639,231114096407458,21.651859245,2000897081,2000899025,231114088293985,231114088679968,21.658145917,-7.727490
640,231114132842266,21.688294053,2001405513,2001407118,231114124307908,231114122573771,21.692039720,-10.268495
641,231114177774475,21.733226262,2002422377,2002425278,231114192277881,231114190361378,21.759827327,12.586903
642,231114198185145,21.753636932,2002422377,2002425278,231114192277881,231114190361378,21.759827327,-7.823767
643,231114233964986,21.789416773,2002930810,2002933414,231114224283842,231114224255248,21.793721197,-9.709738
644,231114262696830,21.818148617,2003439242,2003441503,231114256289209,231114258149051,21.827615000,-4.547779
645,231114304120627,21.859572414,2003947674,2003949651,231114292296629,231114292042855,21.861508804,-12.077772
646,231114330712457,21.886164244,2004456106,2004457803,231114324282404,231114325936658,21.895402607,-4.775799
647,231114368675107,21.924126894,2004964538,2004967787,231114360302627,231114359830461,21.929296410,-8.844646
648,231114399316384,21.954768171,2005472970,2005475919,231114392279461,231114393724264,21.963190213,-5.592120
649,231114441605641,21.997057428,2005981402,2005984018,231114428281661,231114427618068,21.997084017,-13.987573
650,231114467843063,22.023294850,2006489834,2006492107,231114460278483,231114461511871,22.030977820,-6.331192
651,231114510245439,22.065697226,2006998267,2007000253,231114496274429,231114495405741,22.064871690,-14.839698
652,231114535203095,22.090654882,2007506699,2007508349,231114528296974,231114529299544,22.098765493,-5.903551
653,231114582689034,22.138140821,2008523563,2008526513,231114596275497,231114597087151,22.166553100,14.398117
654,231114603276440,22.158728227,2008523563,2008526513,231114596275497,231114597087151,22.166553100,-6.189289
655,231114645410088,22.200861875,2009031995,2009034640,231114632280547,231114630980954,22.200446903,-14.429134
656,231114675449250,22.230901037,2009540427,2009542726,231114664268820,231114664874758,22.234340707,-10.574492
657,231114722273929,22.277725716,2010557291,2010559039,231114732259063,231114732662364,22.302128313,10.388435
658,231114739349323,22.294801110,2010557291,2010559039,231114732259063,231114732662364,22.302128313,-6.686959
659,231114778968900,22.334420687,2011065724,2011069013,231114768250369,231114766556234,22.336022183,-12.412666
660,231114810053811,22.365505598,2011574156,2011577124,231114800264499,231114800450038,22.369915987,-9.603773
661,231114858191096,22.413642883,2012591020,2012593332,231114868263944,231114868237644,22.437703593,10.046548
662,231114883458021,22.438909808,2012591020,2012593332,231114868263944,231114868237644,22.437703593,-15.220377
663,231114907329287,22.462781074,2013099452,2013101465,231114900305708,231114902131448,22.471597397,-5.197839
664,231114952255931,22.507707718,2013607884,2013609590,231114936290334,231114936025251,22.505491200,-16.230680
665,231115007867708,22.563319495,2014624748,2014627729,231115004300566,231115003812857,22.573278806,-4.054851
666,231115032464219,22.587916006,2015133181,2015135849,231115036247659,231115037706727,22.607172676,5.242508
667,231115052915343,22.608367130,2015133181,2015135849,231115036247659,231115037706727,22.607172676,-15.208616
668,231115081717266,22.637169053,2015641613,2015644003,231115072238709,231115071600531,22.641066480,-10.116735
669,231115133996006,22.689447793,2016658477,2016660256,231115140233275,231115139388137,22.708854086,5.392131
670,231115158761284,22.714213071,2017166909,2017168370,231115172247288,231115173281941,22.742747890,14.520657
671,231115182916875,22.738368662,2017166909,2017168370,231115172247288,231115173281941,22.742747890,-9.634934
672,231115222016566,22.777468353,2017675341,2017678393,231115208263210,231115207175744,22.776641693,-14.840822
673,231115285202408,22.840654195,2018692206,2018694684,231115276242567,231115274963417,22.844429366,-10.238991
674,231115308022620,22.863474407,2019200638,2019202819,231115308303108,231115308857221,22.878323170,0.834601
675,231115326797691,22.882249478,2019709070,2019710959,231115344227377,231115342751024,22.912216973,15.953333
676,231115350898274,22.906350061,2019709070,2019710959,231115344227377,231115342751024,22.912216973,-8.147250
677,231115405202634,22.960654421,2020725934,2020729021,231115412226831,231115410538630,22.980004579,5.335996
678,231115428185473,22.983637260,2021234366,2021237173,231115444228202,231115444432434,23.013898383,16.246961
679,231115450395447,23.005847234,2021234366,2021237173,231115444228202,231115444432434,23.013898383,-5.963013
680,231115486247294,23.041699081,2021742798,2021745272,231115480208331,231115478326237,23.047792186,-7.921057
681,231115528828776,23.084280563,2022251231,2022253394,231115512240881,231115512220107,23.081686056,-16.608669
682,231115553090754,23.108542541,2022759663,2022761529,231115544280426,231115546113910,23.115579859,-6.976844
683,231115592153786,23.147605573,2023268095,2023269669,231115580222252,231115580007714,23.149473663,-12.146072
684,231115623497430,23.178949217,2023776527,2023779688,231115612235447,231115613901517,23.183367466,-9.595913
685,231115665030115,23.220481902,2024793391,2024795891,231115680214955,231115681689124,23.251155073,16.659009
686,231115689186792,23.244638579,2024793391,2024795891,231115680214955,231115681689124,23.251155073,-7.497668
687,231115725300787,23.280752574,2025301823,2025304029,231115716219603,231115715582927,23.285048876,-9.717860
688,231115761652611,23.317104398,2025810256,2025812164,231115748216983,231115749476797,23.318942746,-12.175814
689,231115812313367,23.367765154,2026827120,2026830266,231115816202228,231115817264404,23.386730353,4.951037
690,231115834928602,23.390380389,2027335552,2027338364,231115852229513,231115851158207,23.420624156,16.229605
691,231115858505024,23.413956811,2027335552,2027338364,231115852229513,231115851158207,23.420624156,-7.346817
692,231115893778491,23.449230278,2027843984,2027846458,231115884223976,231115885052010,23.454517959,-8.726481
693,231115934645940,23.490097727,2028352416,2028354548,231115920188971,231115918945814,23.488411763,-15.700126
694,231115958601494,23.514053281,2028860848,2028862690,231115952205341,231115952839617,23.522305566,-5.761877
695,231116002079476,23.557531263,2029369280,2029370799,231115988185813,231115986733420,23.556199369,-15.346056
696,231116026822199,23.582273986,2029877713,2029880796,231116020193136,231116020627290,23.590093239,-6.194909
697,231116067357746,23.622809533,2030386145,2030388958,231116056235560,231116054521093,23.623987042,-12.836653
698,231116094903020,23.650354807,2030894577,2030897063,231116088202348,231116088414897,23.657880846,-6.488123
699,231116132448763,23.687900550,2031403009,2031405182,231116124180509,231116122308700,23.691774649,-10.140063
700,231116163115645,23.718567432,2031911441,2031913324,231116156194788,231116156202503,23.725668452,-6.913142
701,231116202141609,23.757593396,2032419873,2032421408,231116188198037,231116190096307,23.759562256,-12.045302
702,231116230264880,23.785716667,2032928305,2032931421,231116224202229,231116223990110,23.793456059,-6.274770
703,231116263570864,23.819022651,2033436737,2033439531,231116256195107,231116257883913,23.827349862,-5.686951
704,231116301818072,23.857269859,2033945170,2033947673,231116292188415,231116291777783,23.861243732,-10.040289
705,231116343543234,23.898995021,2034962034,2034963941,231116360243810,231116359565390,23.929031339,16.022156
706,231116367556384,23.923008171,2034962034,2034963941,231116360243810,231116359565390,23.929031339,-7.990994
707,231116403694617,23.959146404,2035470466,2035472070,231116392180020,231116393459193,23.962925142,-10.235424
708,231116437654941,23.993106728,2035978898,2035982068,231116428210907,231116427352997,23.996818946,-10.301944
709,231116482244340,24.037696127,2036995762,2036998349,231116496172056,231116495140603,24.064606552,12.896263
710,231116502232511,24.057684298,2036995762,2036998349,231116496172056,231116495140603,24.064606552,-7.091908
711,231116537617244,24.093069031,2037504194,2037506435,231116528281153,231116529034406,24.098500355,-8.582838
712,231116573030773,24.128482560,2038012627,2038014580,231116564161643,231116562928276,24.132394225,-10.102497
713,231116622317816,24.177769603,2039029491,2039032675,231116632177934,231116630715883,24.200181832,8.398067
714,231116643488438,24.198940225,2039029491,2039032675,231116632177934,231116630715883,24.200181832,-12.772555
715,231116675028597,24.230480384,2039537923,2039540817,231116664166763,231116664609686,24.234075635,-10.418911
716,231116712818598,24.268270385,2040046355,2040048939,231116700148091,231116698503490,24.267969439,-14.315108
717,231116761399775,24.316851562,2041063219,2041065200,231116768144875,231116766291096,24.335757045,4.891321
718,231116785248807,24.340700594,2041571651,2041573357,231116800153459,231116800184900,24.369650849,14.936093
719,231116807012134,24.362463921,2041571651,2041573357,231116800153459,231116800184900,24.369650849,-6.827234
720,231116842300786,24.397752573,2042080084,2042083326,231116832181605,231116834078770,24.403544719,-8.222016
721,231116889200959,24.444652746,2043096948,2043099529,231116900162920,231116901866376,24.471332325,12.665417
722,231116908846366,24.464298153,2043096948,2043099529,231116900162920,231116901866376,24.471332325,-6.979990
723,231116950222731,24.505674518,2043605380,2043607654,231116936158431,231116935760180,24.505226129,-14.462551
724,231116974651410,24.530103197,2044113812,2044115767,231116968153508,231116969653983,24.539119932,-4.997427
725,231117012177348,24.567629135,2044622244,2044623905,231117004145427,231117003547786,24.573013735,-8.629562
726,231117046476355,24.601928142,2045130677,2045133911,231117036171266,231117037441656,24.606907605,-9.034699
727,231117083386444,24.638838231,2045639108,2045642049,231117072134413,231117071335393,24.640801342,-12.051051
728,231117111377079,24.666828866,2046147541,2046150180,231117104138285,231117105229263,24.674695212,-6.147816
729,231117152464448,24.707916235,2046655973,2046658298,231117140134752,231117139123066,24.708589015,-13.341382
730,231117178555542,24.734007329,2047164405,2047166433,231117172147761,231117173016869,24.742482818,-5.538673
731,231117221829094,24.777280881,2047672837,2047674549,231117208129574,231117206910673,24.776376622,-14.918421
732,231117249203739,24.804655526,2048181269,2048184590,231117240182013,231117240804476,24.810270425,-8.399263
733,231117305345945,24.860797732,2049198134,2049200832,231117308166838,231117308592149,24.878058098,3.246204
734,231117326384500,24.881836287,2049706566,2049708971,231117344122602,231117342485953,24.911951902,16.101453
735,231117350645911,24.906097698,2049706566,2049708971,231117344122602,231117342485953,24.911951902,-8.159958
736,231117383241031,24.938692818,2050214998,2050217053,231117376132064,231117376379756,24.945845705,-6.861275
737,231117426308036,24.981759823,2050723430,2050725206,231117412110537,231117410273559,24.979739508,-16.034477
738,231117450536301,25.005988088,2051231862,2051233356,231117444127337,231117444167363,25.013633312,-6.368938
739,231117482737843,25.038189630,2051740294,2051743367,231117476135173,231117478061166,25.047527115,-4.676677
740,231117521246062,25.076697849,2052248726,2052251511,231117512178444,231117511954969,25.081420918,-9.291093
741,231117565374215,25.120826002,2053265591,2053267805,231117580111529,231117579742642,25.149208591,14.368427
742,231117587451195,25.142902982,2053265591,2053267805,231117580111529,231117579742642,25.149208591,-7.708553
743,231117622379983,25.177831770,2053774023,2053775930,231117612145985,231117613636446,25.183102395,-8.743537
744,231117659115177,25.214566964,2054282455,2054284080,231117648128042,231117647530249,25.216996198,-11.584928
745,231117710334033,25.265785820,2055299319,2055302245,231117716162419,231117715317856,25.284783805,4.983823
746,231117733050460,25.288502247,2055807751,2055810365,231117748117441,231117749211659,25.318677608,16.161199
747,231117756062387,25.311514174,2055807751,2055810365,231117748117441,231117749211659,25.318677608,-6.850728
748,231117791365403,25.346817190,2056316183,2056318499,231117784097340,231117783105462,25.352571411,-8.259941
749,231117835540083,25.390991870,2057333048,2057334746,231117852161618,231117850893136,25.420359085,15.353053
750,231117859173805,25.414625592,2057333048,2057334746,231117852161618,231117850893136,25.420359085,-8.280669
751,231117891559881,25.447011668,2057841480,2057844758,231117884126929,231117884786939,25.454252888,-6.772942
752,231117928413904,25.483865691,2058349912,2058352887,231117920086722,231117918680742,25.488146691,-9.733162
753,231117970583341,25.526035128,2059366776,2059369157,231117988113677,231117986468349,25.555934298,15.885008
754,231117994223099,25.549674886,2059366776,2059369157,231117988113677,231117986468349,25.555934298,-7.754750
755,231118027062206,25.582513993,2059875208,2059877251,231118020122678,231118020362152,25.589828101,-6.700054
756,231118060309624,25.615761411,2060383640,2060385360,231118056088590,231118054255956,25.623721905,-6.053668
757,231118102726888,25.658178675,2060892073,2060895325,231118088109265,231118088149826,25.657615775,-14.577062
758,231118126312305,25.681764092,2061400505,2061403429,231118120119818,231118122043629,25.691509578,-4.268676
759,231118166443112,25.721894899,2061908937,2061911548,231118156091690,231118155937432,25.725403381,-10.505680
760,231118194924282,25.750376069,2062417369,2062419700,231118188089859,231118189831235,25.759297184,-5.093047
761,231118235187146,25.790638933,2062925801,2062927804,231118224086244,231118223725039,25.793190988,-11.462107
762,231118278011833,25.833463620,2063942665,2063945932,231118292100561,231118291512645,25.860978594,13.500812
763,231118305815266,25.861267053,2063942665,2063945932,231118292100561,231118291512645,25.860978594,-14.302621
764,231118330366812,25.885818599,2064451097,2064454048,231118324112638,231118325406449,25.894872398,-4.960363
765,231118366924613,25.922376400,2064959530,2064962192,231118360059221,231118359300319,25.928766268,-7.624294
766,231118404641204,25.960092991,2065467962,2065470294,231118392084267,231118393194122,25.962660071,-11.447082
767,231118436927041,25.992378828,2065976394,2065978480,231118428103697,231118427087925,25.996553874,-9.839116
768,231118466314393,26.021766180,2066484826,2066486571,231118460071614,231118460981729,26.030447678,-5.332664
769,231118509660121,26.065111908,2066993258,2066994733,231118496074408,231118494875532,26.064341481,-14.784589
770,231118535125529,26.090577316,2067501690,2067504724,231118528121736,231118528769335,26.098235284,-6.356194
771,231118578090172,26.133541959,2068010122,2068012847,231118564060726,231118562663139,26.132129088,-15.427033
772,231118602960344,26.158412131,2068518555,2068520951,231118596145485,231118596557009,26.166022958,-6.403335
773,231118646979520,26.202431307,2069026987,2069029073,231118632074634,231118630450812,26.199916761,-16.528708
774,231118672617190,26.228068977,2069535419,2069537174,231118664069384,231118664344615,26.233810564,-8.272575
775,231118714152990,26.269604777,2070043851,2070045305,231118700059935,231118698238418,26.267704367,-15.914572
776,231118739772458,26.295224245,2070552283,2070555312,231118732104212,231118732132222,26.301598171,-7.640236
777,231118773227097,26.328678884,2071060715,2071063463,231118764115736,231118766026025,26.335491974,-7.201072
778,231118808331035,26.363782822,2071569147,2071571596,231118800053537,231118799919828,26.369385777,-8.411207
779,231118852131188,26.407582975,2072586011,2072587874,231118868077433,231118867707435,26.437173384,15.576247
780,231118874223249,26.429675036,2072586011,2072587874,231118868077433,231118867707435,26.437173384,-6.515814
781,231118911991065,26.467442852,2073094444,2073095973,231118900096201,231118901601305,26.471067254,-10.389760
782,231118944086161,26.499537948,2073602876,2073605971,231118936066106,231118935495108,26.504961057,-8.591053
783,231118992736007,26.548187794,2074619740,2074622251,231119004154049,231119003282715,26.572748664,10.546708
784,231119011739085,26.567190872,2074619740,2074622251,231119004154049,231119003282715,26.572748664,-8.456370
785,231119045360185,26.600811972,2075128172,2075130374,231119036074951,231119037176518,26.606642467,-8.183667
786,231119083513596,26.638965383,2075636604,2075638497,231119072071585,231119071070322,26.640536271,-12.443274
787,231119130189833,26.685641620,2076653468,2076656628,231119140053585,231119138857928,26.708323877,8.668095
788,231119149330838,26.704782625,2076653468,2076656628,231119140053585,231119138857928,26.708323877,-10.472910
789,231119179976339,26.735428126,2077161901,2077164747,231119172047045,231119172751798,26.742217747,-7.224541
790,231119215873726,26.771325513,2077670333,2077672873,231119208019081,231119206645601,26.776111550,-9.228125
791,231119263815868,26.819267655,2078687197,2078689105,231119276036068,231119274433208,26.843899157,10.617340
792,231119295494292,26.850946079,2079195629,2079197212,231119308095402,231119308327011,26.877792960,12.832719
793,231119321753937,26.877205724,2079195629,2079197212,231119308095402,231119308327011,26.877792960,-13.426926
794,231119350569450,26.906021237,2079704061,2079707223,231119344026813,231119342220815,26.911686764,-8.348635
795,231119397621895,26.953073682,2080720926,2080723505,231119408058315,231119410008488,26.979474437,12.386593
796,231119418281566,26.973733353,2080720926,2080723505,231119408058315,231119410008488,26.979474437,-8.273078
797,231119455529217,27.010981004,2081229358,2081231608,231119444119316,231119443902291,27.013368240,-11.626926
798,231119483828341,27.039280128,2081737790,2081739733,231119476023785,231119477796095,27.047262044,-6.032246
799,231119526788937,27.082240724,2082246222,2082247862,231119512066524,231119511689898,27.081155847,-15.099039
800,231119550319993,27.105771780,2082754654,2082757867,231119544067864,231119545583701,27.115049650,-4.736292
801,231119588116723,27.143568510,2083263086,2083266007,231119580018304,231119579477505,27.148943454,-8.639218
802,231119618325452,27.173777239,2083771518,2083774153,231119612037084,231119613371308,27.182837257,-4.954144
803,231119660805741,27.216257528,2084279951,2084282251,231119648032075,231119647265178,27.216731127,-13.540563
804,231119686470410,27.241922197,2084788383,2084790392,231119680043572,231119681158981,27.250624930,-5.311429
805,231119727175922,27.282627709,2085296815,2085298508,231119716062481,231119715052784,27.284518733,-12.123138
806,231119756527157,27.311978944,2085805247,2085808552,231119748031018,231119748946588,27.318412537,-7.580569
807,231119796087956,27.351539743,2086313679,2086316674,231119784040313,231119782840391,27.352306340,-13.247565
808,231119823385414,27.378837201,2086822111,2086824785,231119816099510,231119816734194,27.386200143,-6.651220
809,231119863346190,27.418797977,2087330543,2087332929,231119852014375,231119850627998,27.420093947,-12.718192
810,231119892191234,27.447643021,2087838976,2087841043,231119884038730,231119884521868,27.453987817,-7.669366
811,231119933189128,27.488640915,2088347408,2088349145,231119920010851,231119918415671,27.487881620,-14.773457
812,231119959092608,27.514544395,2088855840,2088859161,231119952009443,231119952309474,27.521775423,-6.783134
813,231119998470170,27.553921957,2089364272,2089367300,231119988036086,231119986203278,27.555669227,-12.266892
814,231120031159649,27.586611436,2089872704,2089875410,231120020050318,231120020097081,27.589563030,-11.062568
815,231120082772091,27.638223878,2090889568,2090891702,231120088056824,231120087884688,27.657350637,5.112597
816,231120102950209,27.658401996,2090889568,2090891702,231120088056824,231120087884688,27.657350637,-15.065521
817,231120126501911,27.681953698,2091398000,2091399852,231120120049343,231120121778491,27.691244440,-4.723420
818,231120162620969,27.718072756,2091906433,2091907998,231120156041071,231120155672361,27.725138310,-6.948608
819,231120203900109,27.759351896,2092414865,2092417975,231120187996906,231120189566164,27.759032113,-14.333945
820,231120230063828,27.785515615,2092923297,2092926103,231120224031664,231120223459968,27.792925917,-6.603860
821,231120265012579,27.820464366,2093431729,2093434239,231120256026912,231120257353771,27.826819720,-7.658808
822,231120302497773,27.857949560,2093940161,2093942351,231120292038759,231120291247574,27.860713523,-11.250199
823,231120352422169,27.907873956,2094957025,2094958578,231120359984980,231120359035181,27.928501130,6.613012
824,231120372750141,27.928201928,2094957025,2094958578,231120359984980,231120359035181,27.928501130,-13.714960
825,231120399311014,27.954762801,2095465457,2095468578,231120392065003,231120392928984,27.962394933,-6.382030
826,231120436865500,27.992317287,2095973890,2095976737,231120428017136,231120426822854,27.996288803,-10.042646
827,231120483070634,28.038522421,2096990754,2096992983,231120496047154,231120494610461,28.064076410,11.539827
828,231120503540381,28.058992168,2096990754,2096992983,231120496047154,231120494610461,28.064076410,-8.929920
829,231120538071224,28.093523011,2097499186,2097501114,231120528028745,231120528504264,28.097970213,-9.566960
830,231120570904608,28.126356395,2098007618,2098009253,231120564009013,231120562398067,28.131864016,-8.506541
831,231120612483307,28.167935094,2098516050,2098519273,231120596045532,231120596291871,28.165757820,-16.191436
832,231120638271514,28.193723301,2099024482,2099027387,231120632084409,231120630185674,28.199651623,-8.085840
833,231120670167633,28.225619420,2099532914,2099535520,231120663973635,231120664079477,28.233545426,-6.088156
834,231120708839745,28.264291532,2100041347,2100043614,231120696003346,231120697973347,28.267439296,-10.866398
835,231120752692035,28.308143822,2101058211,2101059831,231120763973955,231120765760954,28.335226903,13.068919
836,231120773908996,28.329360783,2101058211,2101059831,231120763973955,231120765760954,28.335226903,-8.148042
837,231120814788855,28.370240642,2101566643,2101569799,231120799981523,231120799654757,28.369120706,-15.134098
838,231120838874362,28.394326149,2102075075,2102077935,231120831974791,231120833548560,28.403014509,-5.325802
839,231120883516793,28.438968580,2102583507,2102586038,231120867956465,231120867442364,28.436908313,-16.074429
840,231120905921776,28.461373563,2103091939,2103094125,231120899949950,231120901336167,28.470802116,-4.585609
841,231120946422340,28.501874127,2103600371,2103602271,231120935941065,231120935229970,28.504695919,-11.192370
842,231120974372660,28.529824447,2104108804,2104110409,231120967944006,231120969123840,28.538589789,-5.248820
843,231121010437939,28.565889726,2104617236,2104620415,231121004021962,231121003017644,28.572483593,-7.420295
844,231121046166154,28.601617941,2105125668,2105128545,231121035982424,231121036911447,28.606377396,-9.254707
845,231121082023897,28.637475684,2105634100,2105636660,231121071990535,231121070805250,28.640271199,-11.218647
846,231121116537645,28.671989432,2106142532,2106144786,231121104017010,231121104699054,28.674165003,-11.838591
847,231121158819020,28.714270807,2107159397,2107161041,231121171990353,231121172486727,28.741952676,13.667707
848,231121184812360,28.740264147,2107159397,2107161041,231121171990353,231121172486727,28.741952676,-12.325633
849,231121220591600,28.776043387,2107667828,2107671033,231121207978778,231121206380464,28.775846413,-14.211136
850,231121249269796,28.804721583,2108176261,2108179119,231121240030565,231121240274334,28.809740283,-8.995462
851,231121300226985,28.855678772,2109193125,2109195383,231121307939614,231121308061940,28.877527889,7.834955
852,231121321316420,28.876768207,2109193125,2109195383,231121307939614,231121308061940,28.877527889,-13.254480
853,231121346586243,28.902038030,2109701557,2109703506,231121339970984,231121341955744,28.911421693,-4.630499
854,231121385150835,28.940602622,2110209989,2110211622,231121375975254,231121375849547,28.945315496,-9.301288
855,231121427005368,28.982457155,2111226854,2111229752,231121443981971,231121443637220,29.013103169,16.631852
856,231121452078006,29.007529793,2111226854,2111229752,231121443981971,231121443637220,29.013103169,-8.440786
857,231121486307472,29.041759259,2111735286,2111737882,231121475967709,231121477531023,29.046996972,-8.776449
858,231121520214327,29.075666114,2112243718,2112246017,231121511922737,231121511424827,29.080890776,-8.789500
859,231121559069874,29.114521661,2112752150,2112754158,231121543926101,231121545318630,29.114784579,-13.751244
860,231121586276437,29.141728224,2113260582,2113262280,231121579971517,231121579212433,29.148678382,-7.064004
861,231121619499380,29.174951167,2113769014,2113772267,231121611975322,231121613106237,29.182572186,-6.393143
862,231121659900146,29.215351933,2114277446,2114280414,231121647946646,231121647000040,29.216465989,-12.900106
863,231121706939666,29.262391453,2115294311,2115296698,231121715935657,231121714787713,29.284253662,7.848047
864,231121727601071,29.283052858,2115294311,2115296698,231121715935657,231121714787713,29.284253662,-12.813358
865,231121755874161,29.311325948,2115802743,2115804832,231121747924598,231121748681517,29.318147466,-7.192644
866,231121793893973,29.349345760,2116311175,2116312980,231121783903795,231121782575320,29.352041269,-11.318653
867,231121836525961,29.391977748,2117328039,2117331123,231121851891281,231121850362926,29.419828875,13.836965
868,231121861951244,29.417403031,2117328039,2117331123,231121851891281,231121850362926,29.419828875,-11.588318
869,231121894331306,29.449783093,2117836471,2117839235,231121883932798,231121884256730,29.453722679,-10.074576
870,231121930766586,29.486218373,2118344903,2118347344,231121919927332,231121918150533,29.487616482,-12.616053
871,231121975267092,29.530718879,2119361768,2119363646,231121983975120,231121985938206,29.555404155,10.671114
872,231121997563350,29.553015137,2119361768,2119363646,231121983975120,231121985938206,29.555404155,-11.625144
873,231122032264684,29.587716471,2119870200,2119871710,231122019957139,231122019832010,29.589297959,-12.432674
874,231122058728304,29.614180091,2120378632,2120381700,231122051941615,231122053725813,29.623191762,-5.002491
875,231122101372889,29.656824676,2120887064,2120889819,231122087927018,231122087619616,29.657085565,-13.753273
876,231122126116346,29.681568133,2121395496,2121397965,231122119940427,231122121513420,29.690979369,-4.602926
877,231122165719848,29.721171635,2121903928,2121906114,231122155896930,231122155407223,29.724873172,-10.312625
878,231122195692242,29.751144029,2122412360,2122414262,231122187935798,231122189301026,29.758766975,-6.391216
879,231122238658469,29.794110256,2122920793,2122922409,231122223886268,231122223194896,29.792660845,-15.463573
880,231122262177071,29.817628858,2123429225,2123432433,231122255916703,231122257088700,29.826554649,-5.088371
881,231122304186171,29.859637958,2123937657,2123940566,231122291946026,231122290982503,29.860448452,-13.203668
882,231122334271027,29.889722814,2124446089,2124448700,231122323903766,231122324876306,29.894342255,-9.394721
883,231122390402617,29.945854404,2125462953,2125464906,231122391893475,231122392663913,29.962129862,2.261296
884,231122409280949,29.964732736,2125462953,2125464906,231122391893475,231122392663913,29.962129862,-16.617036
885,231122434386019,29.989837806,2125971385,2125973044,231122427864274,231122426557716,29.996023665,-7.828303
886,231122466033669,30.021485456,2126479817,2126483060,231122459935377,231122460451519,30.029917468,-5.582150
887,231122503289753,30.058741540,2126988250,2126991185,231122495907832,231122494345389,30.063811338,-8.944364
888,231122536555413,30.092007200,2127496682,2127499310,231122527883636,231122528239193,30.097705142,-8.316220
889,231122572796003,30.128247790,2128005114,2128007435,231122563893634,231122562132996,30.131598945,-10.663007
890,231122608079453,30.163531240,2128513546,2128515532,231122595901804,231122596026799,30.165492748,-12.052654
891,231122650167649,30.205619436,2129530410,2129533638,231122663898824,231122663814406,30.233280355,13.646757
892,231122675980948,30.231432735,2129530410,2129533638,231122663898824,231122663814406,30.233280355,-12.166542
893,231122704014447,30.259466234,2130038842,2130041762,231122695920178,231122697708209,30.267174158,-6.306238
894,231122745219058,30.300670845,2130547274,2130549841,231122731892772,231122731602013,30.301067962,-13.617045
895,231122790464198,30.345915985,2131564139,2131566116,231122799896256,231122799389686,30.368855635,8.925488
896,231122809907477,30.365359264,2131564139,2131566116,231122799896256,231122799389686,30.368855635,-10.517791
897,231122838209498,30.393661285,2132072571,2132074281,231122831981532,231122833283489,30.402749438,-4.926009
898,231122874756871,30.430208658,2132581003,2132584305,231122867889851,231122867177293,30.436643242,-7.579578
899,231122915951282,30.471403069,2133089435,2133092480,231122899864134,231122901071096,30.470537045,-14.880186
900,231122941966396,30.497418183,2133597867,2133600608,231122935902742,231122934964899,30.504430848,-7.001497
901,231122977322183,30.532773970,2134106299,2134108733,231122967851381,231122968858702,30.538324651,-8.463481
902,231123017950920,30.573402707,2134614731,2134616842,231123003876990,231123002752506,30.572218455,-15.198414
903,231123058559823,30.614011610,2135631596,2135633062,231123071886212,231123070540179,30.640006128,11.980356
904,231123079087868,30.634539655,2135631596,2135633062,231123071886212,231123070540179,30.640006128,-8.547689
905,231123110360165,30.665811952,2136140028,2136143022,231123103880542,231123104433982,30.673899931,-5.926183
906,231123154580134,30.710031921,2136648460,2136651139,231123139871218,231123138327786,30.707793735,-16.252348
907,231123205909996,30.761361783,2137665324,2137667418,231123207824830,231123206115392,30.775581341,0.205396
908,231123226410889,30.781862676,2138173757,2138175535,231123239851010,231123240009262,30.809475211,13.598373
909,231123246194384,30.801646171,2138173757,2138175535,231123239851010,231123240009262,30.809475211,-6.185122
910,231123280318917,30.835770704,2138682188,2138685511,231123275810308,231123273902999,30.843368948,-6.415918
911,231123319725896,30.875177683,2139190621,2139193651,231123307834252,231123307796869,30.877262818,-11.929027
912,231123346373474,30.901825261,2139699053,2139701763,231123339866585,231123341690672,30.911156621,-4.682802
913,231123382900014,30.938351801,2140207485,2140209902,231123375869255,231123375584476,30.945050425,-7.315538
914,231123419976106,30.975427893,2140715917,2140718021,231123407872634,231123409478279,30.978944228,-10.497827
915,231123463633728,31.019085515,2141732781,2141736098,231123475880684,231123477265886,31.046731835,13.632158
916,231123482491168,31.037942955,2141732781,2141736098,231123475880684,231123477265886,31.046731835,-5.225282
917,231123520656244,31.076108031,2142241214,2142244246,231123511817890,231123511159755,31.080625704,-9.496489
918,231123551322750,31.106774537,2142749646,2142752372,231123543841948,231123545053559,31.114519508,-6.269191
919,231123595482173,31.150933960,2143258078,2143260472,231123579831712,231123578947362,31.148413311,-16.534811
920,231123618078762,31.173530549,2143766510,2143768584,231123611876037,231123612841165,31.182307114,-5.237597
921,231123661011916,31.216463703,2144274942,2144276701,231123647807237,231123646734969,31.216200918,-14.276947
922,231123686056441,31.241508228,2144783374,2144786697,231123679883319,231123680628772,31.250094721,-5.427669
923,231123724013024,31.279464811,2145291806,2145294851,231123715809878,231123714522575,31.283988524,-9.490449
924,231123758730693,31.314182480,2145800238,2145802946,231123747816684,231123748416379,31.317882328,-10.314314
925,231123791718115,31.347169902,2146308671,2146311090,231123783809997,231123782310249,31.351776198,-9.407866
926,231123827670767,31.383122554,2146817103,2146819189,231123815847984,231123816204052,31.385670001,-11.466715
927,231123875380952,31.430832739,2147833967,2147837283,231123883798659,231123883991659,31.453457608,8.610707
928,231123896187500,31.451639287,2147833967,2147837283,231123883798659,231123883991659,31.453457608,-12.195841
929,231123923497600,31.478949387,2148342399,2148345435,231123919779574,231123917885462,31.487351411,-5.612138
930,231123964083432,31.519535219,2148850831,2148853543,231123951855378,231123951779265,31.521245214,-12.304167
931,231124011119825,31.566571612,2149867696,2149869803,231124019811551,231124019566938,31.589032887,8.447113
932,231124031277249,31.586729036,2149867696,2149869803,231124019811551,231124019566938,31.589032887,-11.710311
933,231124058674451,31.614126238,2150376128,2150377917,231124051862224,231124053460742,31.622926691,-5.213709
934,231124101952726,31.657404513,2150884560,2150886057,231124087797315,231124087354545,31.656820494,-14.598181
935,231124153526322,31.708978109,2151901424,2151904172,231124155824913,231124155142152,31.724608101,1.615830
936,231124173877266,31.729329053,2152409856,2152412296,231124187841684,231124189035955,31.758501904,15.158689
937,231124194370948,31.749822735,2152409856,2152412296,231124187841684,231124189035955,31.758501904,-5.334993
938,231124233616708,31.789068495,2152918288,2152920390,231124223793162,231124222929758,31.792395707,-10.686950
939,231124283371441,31.838823228,2153935153,2153936618,231124291764988,231124290717432,31.860183381,7.345991
940,231124305397721,31.860849508,2153935153,2153936618,231124291764988,231124290717432,31.860183381,-14.680289
941,231124332191666,31.887643453,2154443585,2154446655,231124323782649,231124324611235,31.894077184,-7.580431
942,231124368930099,31.924381886,2154952017,2154954781,231124359801201,231124358505038,31.927970987,-10.425061
943,231124420949203,31.976400990,2155968881,2155971034,231124427760038,231124426292645,31.995758594,5.343442
944,231124443712476,31.999164263,2156477313,2156479152,231124459826456,231124460186448,32.029652397,16.473972
945,231124466219718,32.021671505,2156477313,2156479152,231124459826456,231124460186448,32.029652397,-6.033270
946,231124505258926,32.060710713,2156985745,2156987246,231124495811998,231124494080252,32.063546201,-11.178674
947,231124546779746,32.102231533,2158002610,2158005394,231124563853801,231124561867925,32.131333874,15.088179
948,231124572663805,32.128115592,2158002610,2158005394,231124563853801,231124561867925,32.131333874,-10.795880
949,231124602492348,32.157944135,2158511042,2158513528,231124595830328,231124595761728,32.165227677,-6.730620
950,231124635203427,32.190655214,2159019474,2159021627,231124627796659,231124629655531,32.199121480,-5.547896
951,231124685131685,32.240583472,2160036338,2160037870,231124695772399,231124697443138,32.266909087,12.311453
952,231124704442615,32.259894402,2160036338,2160037870,231124695772399,231124697443138,32.266909087,-6.999477
953,231124742644722,32.298096509,2160544770,2160547895,231124731808551,231124731336941,32.300802890,-11.307781
954,231124774662057,32.330113844,2161053202,2161056028,231124763760758,231124765230745,32.334696694,-9.431312
955,231124824754929,32.380206716,2162070067,2162072235,231124831756854,231124833018418,32.402484367,8.263489
956,231124844527070,32.399978857,2162070067,2162072235,231124831756854,231124833018418,32.402484367,-11.508652
957,231124874386417,32.429838204,2162578499,2162580322,231124867777011,231124866912221,32.436378170,-7.474196
958,231124908734218,32.464186005,2163086931,2163088446,231124899750909,231124900806025,32.470271974,-7.928193
959,231124952119111,32.507570898,2164103795,2164106545,231124967760328,231124968593631,32.538059580,16.474520
960,231124975385899,32.530837686,2164103795,2164106545,231124967760328,231124968593631,32.538059580,-6.792268
961,231125017140078,32.572591865,2164612227,2164614646,231125003771869,231125002487435,32.571953384,-14.652643
962,231125042750001,32.598201788,2165120659,2165122791,231125035788328,231125036381238,32.605847187,-6.368763
963,231125087272369,32.642724156,2166137524,2166139018,231125103812166,231125104168911,32.673634860,16.896542
964,231125112853353,32.668305140,2166137524,2166139018,231125103812166,231125104168911,32.673634860,-8.684442
965,231125152687346,32.708139133,2166645956,2166649011,231125139763118,231125138062714,32.707528663,-14.624632
966,231125178340135,32.733791922,2167154388,2167157157,231125171784446,231125171956518,32.741422467,-6.383617
967,231125217295341,32.772747128,2167662820,2167665261,231125207724856,231125205850321,32.775316270,-11.445020
968,231125247812237,32.803264024,2168171252,2168173437,231125239735077,231125239744124,32.809210073,-8.068113
969,231125278329165,32.833780952,2168679684,2168681553,231125271738158,231125273637928,32.843103877,-4.691237
970,231125317981873,32.873433660,2169188117,2169189639,231125307734397,231125307531798,32.876997747,-10.450075
971,231125359856115,32.915307902,2170204981,2170207765,231125375799846,231125375319404,32.944785353,15.463289
972,231125382074565,32.937526352,2170204981,2170207765,231125375799846,231125375319404,32.944785353,-6.755161
973,231125416897562,32.972349349,2170713413,2170715865,231125407756346,231125409213208,32.978679157,-7.684354
974,231125454192852,33.009644639,2171221845,2171223965,231125443742633,231125443107011,33.012572960,-11.085841
975,231125498511667,33.053963454,2172238709,2172240251,231125511718843,231125510894618,33.080360567,12.382951
976,231125518800509,33.074252296,2172238709,2172240251,231125511718843,231125510894618,33.080360567,-7.905891
977,231125556590558,33.112042345,2172747141,2172750201,231125543747750,231125544788421,33.114254370,-11.802137
978,231125592325397,33.147777184,2173255574,2173258374,231125579732757,231125578682291,33.148148240,-13.643106
979,231125635471403,33.190923190,2174272438,2174274605,231125647707265,231125646469897,33.215935846,10.998494
980,231125657617186,33.213068973,2174272438,2174274605,231125647707265,231125646469897,33.215935846,-11.147289
981,231125686964660,33.242416447,2174780870,2174782736,231125679778724,231125680363701,33.249829650,-6.600959
982,231125728359492,33.283811279,2175289302,2175290848,231125715702435,231125714257504,33.283723453,-14.101988
983,231125777930228,33.333382015,2176306166,2176308976,231125783756225,231125782045111,33.351511060,4.114883
984,231125798044080,33.353495867,2176306166,2176308976,231125783756225,231125782045111,33.351511060,-15.998969
985,231125822568117,33.378019904,2176814598,2176817085,231125815736604,231125815938914,33.385404863,-6.629203
986,231125860377856,33.415829643,2177323031,2177325212,231125851720685,231125849832784,33.419298733,-10.545072
987,231125903411458,33.458863245,2178339895,2178341404,231125915708534,231125917620391,33.487086340,14.208933
988,231125923722774,33.479174561,2178339895,2178341404,231125915708534,231125917620391,33.487086340,-6.102383
989,231125959652312,33.515104099,2178848327,2178851414,231125951722933,231125951514194,33.520980143,-8.138118
990,231125990585219,33.546037006,2179356759,2179359528,231125983701395,231125985407997,33.554873946,-5.177222
991,231126035609177,33.591060964,2179865191,2179867656,231126019721105,231126019301801,33.588767750,-16.307376
992,231126058545513,33.613997300,2180373623,2180375795,231126051759047,231126053195604,33.622661553,-5.349909
993,231126102067646,33.657519433,2180882056,2180883899,231126087698801,231126087089474,33.656555423,-14.978172
994,231126126418403,33.681870190,2181390488,2181392019,231126119690448,231126120983277,33.690449226,-5.435126
995,231126172332908,33.727784695,2182407352,2182410171,231126187711824,231126188770884,33.758236833,16.437976
996,231126196142484,33.751594271,2182407352,2182410171,231126187711824,231126188770884,33.758236833,-7.371600
997,231126235967221,33.791419008,2182915784,2182918295,231126223673060,231126222664687,33.792130636,-13.302534
998,231126265419702,33.820871489,2183424216,2183426423,231126255737024,231126256558490,33.826024439,-8.861212
999,231126312634735,33.868086522,2184441080,2184442689,231126323729494,231126324346097,33.893812046,11.711362
1000,231126332498694,33.887950481,2184441080,2184442689,231126323729494,231126324346097,33.893812046,-8.152597
1001,231126365828645,33.921280432,2184949513,2184952674,231126359669078,231126358239967,33.927705916,-7.588678
1002,231126402838871,33.958290658,2185457945,2185460801,231126391703538,231126392133770,33.961599719,-10.705101
1003,231126465224424,34.020676211,2186474809,2186477018,231126459727119,231126459921377,34.029387326,-5.303047
1004,231126484131122,34.039582909,2186983241,2186985149,231126495703172,231126493815180,34.063281129,9.684058
1005,231126501265749,34.056717536,2186983241,2186985149,231126495703172,231126493815180,34.063281129,-7.450569
1006,231126539221835,34.094673622,2187491673,2187493276,231126527724946,231126527708984,34.097174933,-11.512851
1007,231126592220373,34.147672160,2188508537,2188511425,231126595704964,231126595496590,34.164962539,3.276217
1008,231126613648291,34.169100078,2189016970,2189019514,231126627732881,231126629390460,34.198856409,15.742169
1009,231126633855066,34.189306853,2189016970,2189019514,231126627732881,231126629390460,34.198856409,-4.464606
1010,231126671272815,34.226724602,2189525402,2189527637,231126663686148,231126663284264,34.232750213,-7.988551
1011,231126708624091,34.264075878,2190033834,2190035764,231126695667797,231126697178067,34.266644016,-11.446024
1012,231126747437948,34.302889735,2190542266,2190543888,231126731671015,231126731071870,34.300537819,-16.366078
1013,231126778911720,34.334363507,2191050698,2191053915,231126763674493,231126764965673,34.334431622,-13.946047
1014,231126806941887,34.362393674,2191559130,2191562005,231126799689238,231126798859477,34.368325426,-8.082410
1015,231126838804074,34.394255861,2192067562,2192070154,231126831686239,231126832753280,34.402219229,-6.050794
1016,231126877214276,34.432666063,2192575995,2192578286,231126867643602,231126866647150,34.436113099,-10.567126
1017,231126912442616,34.467894403,2193084427,2193086402,231126899682323,231126900540953,34.470006902,-11.901663
1018,231126942828199,34.498279986,2193592859,2193594502,231126935696369,231126934434757,34.503900706,-8.393442
1019,231126974458209,34.529909996,2194101291,2194104508,231126967662671,231126968328560,34.537794509,-6.129649
1020,231127017992919,34.573444706,2194609723,2194612672,231127003645509,231127002222363,34.571688312,-15.770556
1021,231127061518409,34.616970196,2195626587,2195628884,231127071661143,231127070009970,34.639475919,8.491561
1022,231127081966152,34.637417939,2195626587,2195628884,231127071661143,231127070009970,34.639475919,-11.956182
1023,231127110648089,34.666099876,2196135019,2196136976,231127103712516,231127103903773,34.673369722,-6.744316
1024,231127145895876,34.701347663,2196643451,2196645097,231127139672428,231127137797577,34.707263526,-8.098299
1025,231127198308079,34.753759866,2197660316,2197663278,231127203677150,231127205585250,34.775051199,7.277171
1026,231127217014028,34.772465815,2197660316,2197663278,231127203677150,231127205585250,34.775051199,-11.428778
1027,231127246577554,34.802029341,2198168748,2198171433,231127239691210,231127239479053,34.808945002,-7.098501
1028,231127279735462,34.835187249,2198677180,2198679538,231127271700425,231127273372856,34.842838805,-6.362606
1029,231127321144635,34.876596422,2199185612,2199187679,231127307683333,231127307266660,34.876732609,-13.877975
1030,231127346293732,34.901745519,2199694044,2199695832,231127339741815,231127341160463,34.910626412,-5.133269
1031,231127385449100,34.940900887,2200202477,2200203928,231127375653398,231127375054333,34.944520282,-10.394767
1032,231127417585130,34.973036917,2200710908,2200713963,231127407625431,231127408948070,34.978414019,-8.637060
1033,231127473014249,35.028466036,2201727773,2201730206,231127475657471,231127476735743,35.046201692,3.721494
1034,231127494555048,35.050006835,2202236205,2202238333,231127511607802,231127510629546,35.080095495,16.074498
1035,231127518320539,35.073772326,2202236205,2202238333,231127511607802,231127510629546,35.080095495,-7.690993
1036,231127553030381,35.108482168,2202744637,2202746447,231127543660519,231127544523350,35.113989299,-8.507031
1037,231127599232376,35.154684163,2203761501,2203764582,231127611628876,231127612310956,35.181776905,13.078580
1038,231127623909339,35.179361126,2203761501,2203764582,231127611628876,231127612310956,35.181776905,-11.598383
1039,231127656607440,35.212059227,2204269934,2204272714,231127647646895,231127646204826,35.215670775,-10.402614
1040,231127690123063,35.245574850,2204778366,2204780845,231127679668594,231127680098630,35.249564579,-10.024433
1041,231127734495425,35.289947212,2205795230,2205797087,231127747680398,231127747886236,35.317352185,13.390811
1042,231127759045361,35.314497148,2205795230,2205797087,231127747680398,231127747886236,35.317352185,-11.159125
1043,231127786331994,35.341783781,2206303662,2206305192,231127783624435,231127781780039,35.351245988,-4.551955
1044,231127826511379,35.381963166,2206812094,2206815185,231127815650652,231127815673843,35.385139792,-10.837536
1045,231127868591149,35.424042936,2207828958,2207831449,231127883669970,231127883461449,35.452927398,14.870300
1046,231127889773242,35.445225029,2207828958,2207831449,231127883669970,231127883461449,35.452927398,-6.311793
1047,231127928311353,35.483763140,2208337391,2208339609,231127915648079,231127917355319,35.486821268,-10.956034
1048,231127961488774,35.516940561,2208845823,2208847732,231127951622780,231127951249123,35.520715072,-10.239651
1049,231128003045033,35.558496820,2209862687,2209865855,231128019657101,231128019036729,35.588502678,15.991696
1050,231128026105906,35.581557693,2209862687,2209865855,231128019657101,231128019036729,35.588502678,-7.069177
1051,231128060996506,35.616448293,2210371119,2210373987,231128051603908,231128052930533,35.622396482,-8.065973
1052,231128101524496,35.656976283,2210879551,2210882106,231128087630873,231128086824336,35.656290285,-14.700160
1053,231128141627283,35.697079070,2211896416,2211898399,231128155647089,231128154612009,35.724077958,12.984726
1054,231128161850451,35.717302238,2211896416,2211898399,231128155647089,231128154612009,35.724077958,-7.238442
1055,231128200785286,35.756237073,2212404848,2212406488,231128187628800,231128188505813,35.757971762,-12.279473
1056,231128235151928,35.790603715,2212913280,2212916484,231128223721031,231128222399616,35.791865565,-12.752312
1057,231128291337715,35.846789502,2213930144,2213932738,231128291607057,231128290187222,35.859653171,-1.150493
1058,231128315418766,35.870870553,2214438576,2214440884,231128323632316,231128324081026,35.893546975,8.662260
1059,231128336530563,35.891982350,2214438576,2214440884,231128323632316,231128324081026,35.893546975,-12.449537
1060,231128371745241,35.927197028,2214947008,2214949009,231128359564591,231128357974829,35.927440778,-13.770412
1061,231128412542327,35.967994114,2215963873,2215967112,231128427709638,231128425762502,35.995228451,13.220175
1062,231128433752395,35.989204182,2215963873,2215967112,231128427709638,231128425762502,35.995228451,-7.989893
1063,231128468056814,36.023508601,2216472305,2216475241,231128459573618,231128459656306,36.029122255,-8.400508
1064,231128498675296,36.054127083,2216980737,2216983375,231128491630615,231128493550109,36.063016058,-5.125187
1065,231128538694160,36.094145947,2217489169,2217491501,231128527572397,231128527443912,36.096909861,-11.250248
1066,231128566028946,36.121480733,2217997601,2217999605,231128559622656,231128561337716,36.130803665,-4.691230
1067,231128608905607,36.164357394,2218506033,2218507763,231128595592525,231128595231519,36.164697468,-13.674088
1068,231128634835478,36.190287265,2219014465,2219017747,231128627592953,231128629125322,36.198591271,-5.710156
1069,231128679322495,36.234774282,2219522897,2219525869,231128663577667,231128663019126,36.232485075,-16.303369
1070,231128701685024,36.257136811,2220031330,2220034006,231128695556470,231128696912996,36.266378945,-4.772028
1071,231128744960422,36.300412209,2220539762,2220542111,231128731558755,231128730806799,36.300272748,-14.153623
1072,231128772710025,36.328161812,2221048194,2221050215,231128763559185,231128764700602,36.334166551,-8.009423
1073,231128818422852,36.373874639,2222065058,2222068361,231128831606264,231128832488209,36.401954158,14.065357
1074,231128840235301,36.395687088,2222065058,2222068361,231128831606264,231128832488209,36.401954158,-7.747092
1075,231128874364963,36.429816750,2222573490,2222576488,231128867576856,231128866382012,36.435847961,-7.982951
1076,231128911176570,36.466628357,2223081922,2223084598,231128899583134,231128900275815,36.469741764,-10.900755
1077,231128956446876,36.511898663,2224098787,2224100832,231128967597262,231128968063489,36.537529438,11.616613
1078,231128976916513,36.532368300,2224098787,2224100832,231128967597262,231128968063489,36.537529438,-8.853024
1079,231129012781356,36.568233143,2224607219,2224608925,231129003538359,231129001957292,36.571423241,-10.824064
1080,231129041761490,36.597213277,2225115651,2225118935,231129035666935,231129035851095,36.605317044,-5.910395
1081,231129091301881,36.646753668,2226132515,2226135194,231129103580973,231129103638702,36.673104651,12.336821
1082,231129115402772,36.670854559,2226132515,2226135194,231129103580973,231129103638702,36.673104651,-11.764070
1083,231129142009412,36.697461199,2226640947,2226643288,231129135632950,231129137532505,36.706998454,-4.476907
1084,231129178319467,36.733771254,2227149379,2227151418,231129171588056,231129171426309,36.740892258,-6.893158
1085,231129216648742,36.772100529,2227657811,2227659507,231129203534109,231129205320112,36.774786061,-11.328630
1086,231129245945052,36.801396839,2228166244,2228169526,231129239521591,231129239213982,36.808679931,-6.731070
1087,231129283034360,36.838486147,2228674676,2228677624,231129271579231,231129273107785,36.842573734,-9.926575
1088,231129317882991,36.873334778,2229183108,2229185734,231129307561752,231129307001589,36.876467538,-10.881402
1089,231129363258257,36.918710044,2230199972,2230201988,231129375564385,231129374789195,36.944255144,11.530938
1090,231129389821640,36.945273427,2230199972,2230201988,231129375564385,231129374789195,36.944255144,-15.032445
1091,231129414581383,36.970033170,2230708404,2230710163,231129407686808,231129408682998,36.978148947,-5.898385
1092,231129457158403,37.012610190,2231216837,2231220139,231129443543225,231129442576868,37.012042817,-14.581535
1093,231129512467076,37.067918863,2232233701,2232236376,231129511557000,231129510364475,37.079830424,-2.102601
1094,231129536185965,37.091637752,2232742133,2232744531,231129543541875,231129544258278,37.113724227,8.072313
1095,231129555202719,37.110654506,2232742133,2232744531,231129543541875,231129544258278,37.113724227,-10.944441
1096,231129590204053,37.145655840,2233250565,2233252649,231129579541822,231129578152082,37.147618031,-12.051971
1097,231129630190113,37.185641900,2234267429,2234268888,231129647545519,231129645939688,37.215405637,15.749575
1098,231129655716133,37.211167920,2234267429,2234268888,231129647545519,231129645939688,37.215405637,-9.776445
1099,231129689989909,37.245441696,2234775861,2234778894,231129679550373,231129679833492,37.249299441,-10.156417
1100,231129726037310,37.281489097,2235284294,2235287023,231129715534886,231129713727362,37.283193311,-12.309948
1101,231129767319673,37.322771460,2236301158,2236303240,231129779576808,231129781514968,37.350980917,14.195295
1102,231129791171733,37.346623520,2236301158,2236303240,231129779576808,231129781514968,37.350980917,-9.656765
1103,231129822691609,37.378143396,2236809590,2236811367,231129815537725,231129815408772,37.384874721,-7.282837
1104,231129855412119,37.410863906,2237318022,2237321344,231129847526621,231129849302575,37.418768524,-6.109544
1105,231129897673676,37.453125463,2237826454,2237829466,231129883502534,231129883196378,37.452662327,-14.477298
1106,231129921819173,37.477270960,2238334886,2238337591,231129915554219,231129917090182,37.486556131,-4.728991
1107,231129960251036,37.515702823,2238843318,2238845703,231129951531429,231129950983985,37.520449934,-9.267051
1108,231129992232126,37.547683913,2239351751,2239353835,231129983556409,231129984877855,37.554343804,-7.354271
1109,231130033201107,37.588652894,2239860183,2239861974,231130019533491,231130018771658,37.588237607,-14.429449
1110,231130058646819,37.614098606,2240368615,2240371937,231130051546521,231130052665461,37.622131410,-5.981358
1111,231130099659872,37.655111659,2240877047,2240880038,231130087521331,231130086559265,37.656025214,-13.100607
1112,231130131248735,37.686700522,2241385479,2241388170,231130119490736,231130120453068,37.689919017,-10.795667
1113,231130180375453,37.735827240,2242402343,2242404413,231130187497865,231130188240675,37.757706624,7.865222
1114,231130199982766,37.755434553,2242402343,2242404413,231130187497865,231130188240675,37.757706624,-11.742091
1115,231130230362601,37.785814388,2242910776,2242912540,231130223504518,231130222134545,37.791600494,-8.228056
1116,231130263195858,37.818647645,2243419208,2243420671,231130255515150,231130256028348,37.825494297,-7.167510
1117,231130305607426,37.861059213,2243927640,2243930674,231130291467064,231130289922151,37.859388100,-15.685275
1118,231130329865325,37.885317112,2244436072,2244438802,231130323521128,231130323815955,37.893281904,-6.049370
1119,231130369652086,37.925103873,2244944504,2244946951,231130359505886,231130357709758,37.927175707,-11.942328
1120,231130403912813,37.959364600,2245452936,2245455083,231130391535745,231130391603561,37.961069510,-12.309252
1121,231130445359369,38.000811156,2246469800,2246471312,231130459485146,231130459391168,38.028857117,14.031799
1122,231130465892903,38.021344690,2246469800,2246471312,231130459485146,231130459391168,38.028857117,-6.501735
1123,231130499334461,38.054786248,2246978233,2246981311,231130491504141,231130493285038,38.062750987,-6.049423
1124,231130542815368,38.098267155,2247486665,2247489442,231130527497845,231130527178841,38.096644790,-15.636527
1125,231130591185490,38.146637277,2248503529,2248505730,231130595506471,231130594966448,38.164432397,3.780958
1126,231130611790836,38.167242623,2248503529,2248505730,231130595506471,231130594966448,38.164432397,-16.824388
1127,231130636901199,38.192352986,2249011961,2249013909,231130627520515,231130628860251,38.198326200,-8.040948
1128,231130675388979,38.230840766,2249520393,2249522029,231130663491594,231130662754054,38.232220003,-12.634925
1129,231130718664534,38.274116321,2250537257,2250540133,231130731525135,231130730541661,38.300007610,11.877127
1130,231130737647766,38.293099553,2250537257,2250540133,231130731525135,231130730541661,38.300007610,-7.106105
1131,231130771093417,38.326545204,2251045690,2251048311,231130763460115,231130764435531,38.333901480,-6.657886
1132,231130814527355,38.369979142,2251554122,2251556443,231130799502476,231130798329334,38.367795283,-16.198021
1133,231130854083829,38.409535616,2252570986,2252572690,231130867437597,231130866116941,38.435582890,12.033112
1134,231130878963088,38.434414875,2252570986,2252572690,231130867437597,231130866116941,38.435582890,-12.846147
1135,231130910654842,38.466106629,2253079418,2253082699,231130899509717,231130900010744,38.469476693,-10.644098
1136,231130948536722,38.503988509,2253587850,2253590832,231130935480862,231130933904548,38.503370497,-14.632174
1137,231130995869362,38.551321149,2254604714,2254607054,231131003444367,231131001692154,38.571158103,5.822792
1138,231131013918685,38.569370472,2254604714,2254607054,231131003444367,231131001692154,38.571158103,-12.226531
1139,231131044536755,38.599988542,2255113147,2255115199,231131035444439,231131035586024,38.605051973,-8.950731
1140,231131076750081,38.632201868,2255621579,2255623314,231131067492879,231131069479827,38.638945776,-7.270254
1141,231131115700737,38.671152524,2256130011,2256133298,231131103459449,231131103373631,38.672839580,-12.327106
1142,231131142256284,38.697708071,2256638443,2256641431,231131135451534,231131137267434,38.706733383,-4.988850
1143,231131181410217,38.736862004,2257146875,2257149522,231131171444762,231131171161237,38.740627186,-10.248980
1144,231131211854511,38.767306298,2257655307,2257657653,231131203482474,231131205055041,38.774520990,-6.799470
1145,231131250276674,38.805728461,2258163739,2258165767,231131239432667,231131238948844,38.808414793,-11.327830
1146,231131278075366,38.833527153,2258672171,2258673878,231131271483136,231131272842647,38.842308596,-5.232719
1147,231131321871958,38.877323745,2259180604,2259183863,231131307479045,231131306736517,38.876202466,-15.135441
1148,231131351744228,38.907196015,2259689036,2259691976,231131339446698,231131340630321,38.910096270,-11.113907
1149,231131384045460,38.939497247,2260197468,2260200081,231131375444145,231131374524124,38.943990073,-9.521336
1150,231131417870900,38.973322687,2260705900,2260708239,231131407448024,231131408417927,38.977883876,-9.452973
1151,231131457161463,39.012613250,2261214332,2261216381,231131443447023,231131442311731,39.011777680,-14.849732
1152,231131485559775,39.041011562,2261722764,2261724478,231131475434516,231131476205534,39.045671483,-9.354241
1153,231131528635747,39.084087534,2262739628,2262742562,231131543479888,231131543993140,39.113459089,15.357393
1154,231131550489062,39.105940849,2262739628,2262742562,231131543479888,231131543993140,39.113459089,-6.495922
1155,231131587622781,39.143074568,2263248061,2263250665,231131579404624,231131577887010,39.147352959,-9.735771
1156,231131618543646,39.173995433,2263756493,2263758809,231131611438947,231131611780814,39.181246763,-6.762832
1157,231131656221938,39.211673725,2264264925,2264266925,231131647445119,231131645674617,39.215140566,-10.547321
1158,231131688583390,39.244035177,2264773357,2264775017,231131679444794,231131679568420,39.249034369,-9.014970
1159,231131718041023,39.273492810,2265281789,2265285021,231131715446724,231131713462224,39.282928173,-4.578799
1160,231131758291109,39.313742896,2265790221,2265793154,231131747446638,231131747356027,39.316821976,-10.935082
1161,231131798350622,39.353802409,2266807086,2266809431,231131815431904,231131815143700,39.384609649,16.793078
1162,231131827105940,39.382557727,2266807086,2266809431,231131815431904,231131815143700,39.384609649,-11.962240
1163,231131854338025,39.409789812,2267315518,2267317544,231131847450018,231131849037504,39.418503453,-5.300521
1164,231131891187529,39.446639316,2267823950,2267825670,231131883454421,231131882931307,39.452397256,-8.256222
1165,231131930667172,39.486118959,2268332382,2268335692,231131915409307,231131916825110,39.486291059,-13.842062
1166,231131957739790,39.513191577,2268840814,2268843821,231131951414763,231131950718914,39.520184863,-7.020876
1167,231131993262894,39.548714681,2269349246,2269351954,231131983408306,231131984612717,39.554078666,-8.650177
1168,231132029823180,39.585274967,2269857678,2269860127,231132019446710,231132018506520,39.587972469,-11.316660
1169,231132073103306,39.628555093,2270874543,2270876369,231132087434407,231132086294193,39.655760142,13.190887
1170,231132093473798,39.648925585,2270874543,2270876369,231132087434407,231132086294193,39.655760142,-7.179605
1171,231132126871705,39.682323492,2271382975,2271384500,231132119397593,231132120187997,39.689653946,-6.683708
1172,231132165330081,39.720781868,2271891407,2271894515,231132155386663,231132154081800,39.723547749,-11.248281
1173,231132205061503,39.760513290,2272908271,2272910790,231132223411672,231132221869407,39.791335356,16.807904
1174,231132232928187,39.788379974,2272908271,2272910790,231132223411672,231132221869407,39.791335356,-11.058780
1175,231132266124925,39.821576712,2273416703,2273418927,231132255416122,231132255763210,39.825229159,-10.361715
1176,231132303727862,39.859179649,2273925136,2273927063,231132291433272,231132289657080,39.859123029,-14.070782
1177,231132346275725,39.901727512,2274942000,2274945179,231132359550225,231132357444687,39.926910636,11.168962
1178,231132371802066,39.927253853,2274942000,2274945179,231132359550225,231132357444687,39.926910636,-14.357379
1179,231132398851708,39.954303495,2275450432,2275453325,231132391441776,231132391338490,39.960804439,-7.513218
1180,231132431198837,39.986650624,2275958864,2275961430,231132423425843,231132425232293,39.994698242,-5.966544
1181,231132474658697,40.030110484,2276467296,2276469533,231132459376798,231132459126097,40.028592046,-15.532600
1182,231132497887913,40.053339700,2276975728,2276977662,231132491415107,231132493019900,40.062485849,-4.868013
1183,231132534246220,40.089698007,2277484160,2277485790,231132527367840,231132526913703,40.096379652,-7.332517
1184,231132566243931,40.121695718,2277992593,2277995795,231132559413988,231132560807573,40.130273522,-5.436358
1185,231132605320294,40.160772081,2278501025,2278503913,231132595365308,231132594701376,40.164167325,-10.618918
1186,231132634265027,40.189716814,2279009457,2279012037,231132627368139,231132628595180,40.198061129,-5.669847
1187,231132672326506,40.227778293,2279517889,2279520137,231132663375956,231132662488983,40.231954932,-9.837523
1188,231132702756682,40.258208469,2280026321,2280028249,231132695377264,231132696382786,40.265848735,-6.373896
1189,231132747591274,40.303043061,2281043185,2281046343,231132763375491,231132764170393,40.333636342,16.579119
1190,231132770287467,40.325739254,2281043185,2281046343,231132763375491,231132764170393,40.333636342,-6.117074
1191,231132812473092,40.367924879,2281551617,2281554459,231132799387704,231132798064196,40.367530145,-14.408896
1192,231132837774836,40.393226623,2282060050,2282062553,231132831369854,231132831958066,40.401424015,-5.816770
1193,231132880623170,40.436074957,2282568482,2282570665,231132867398289,231132865851870,40.435317819,-14.771300
1194,231132906238006,40.461689793,2283076914,2283078815,231132899398894,231132899745673,40.469211622,-6.492333
1195,231132943948901,40.499400688,2283585346,2283586928,231132935352470,231132933639476,40.503105425,-10.309425
1196,231132974509980,40.529961767,2284093778,2284096892,231132967399301,231132967533280,40.536999229,-6.976700
1197,231133019328588,40.574780375,2285110642,2285113146,231133035377441,231133035320886,40.604786835,15.992298
1198,231133041398705,40.596850492,2285110642,2285113146,231133035377441,231133035320886,40.604786835,-6.077819
1199,231133073525270,40.628977057,2285619075,2285621270,231133067347753,231133069214756,40.638680705,-4.310514
1200,231133113672737,40.669124524,2286127507,2286129384,231133103421548,231133103108560,40.672574509,-10.564177
1201,231133151973854,40.707425641,2286635939,2286637518,231133135369254,231133137002363,40.706468312,-14.971491
1202,231133178227352,40.733679139,2287144371,2287147519,231133171504163,231133170896166,40.740362115,-7.331186
1203,231133216643893,40.772095680,2287652803,2287655672,231133203356385,231133204789969,40.774255918,-11.853924
1204,231133246399184,40.801850971,2288161235,2288163793,231133239381558,231133238683773,40.808149722,-7.715411
1205,231133292245456,40.847697243,2289178099,2289180019,231133307326421,231133306471379,40.875937328,14.225923
1206,231133313448326,40.868900113,2289178099,2289180019,231133307326421,231133306471379,40.875937328,-6.976947
1207,231133345967451,40.901419238,2289686531,2289688138,231133339339953,231133340365183,40.909831132,-5.602268
1208,231133383625587,40.939077374,2290194964,2290198158,231133375315047,231133374259053,40.943725002,-9.366534
1209,231133426591191,40.982042978,2291211828,2291214436,231133443323509,231133442046659,41.011512608,15.455468
1210,231133449982378,41.005434165,2291211828,2291214436,231133443323509,231133442046659,41.011512608,-7.935719
1211,231133486727942,41.042179729,2291720260,2291722539,231133475364031,231133475940463,41.045406412,-10.787479
1212,231133522227149,41.077678936,2292228692,2292230677,231133511315416,231133509834266,41.079300215,-12.392883
1213,231133578198145,41.133649932,2293245557,2293248799,231133579360523,231133577621939,41.147087888,-0.576206
1214,231133599907448,41.155359235,2293753988,2293756894,231133611324519,231133611515676,41.180981625,11.608228
1215,231133618635004,41.174086791,2293753988,2293756894,231133611324519,231133611515676,41.180981625,-7.119328
1216,231133650123518,41.205575305,2294262421,2294264996,231133647294502,231133645409546,41.214875495,-4.713972
1217,231133698749574,41.254201361,2295279285,2295281209,231133711320807,231133713197152,41.282663101,14.447578
1218,231133723740522,41.279192309,2295279285,2295281209,231133711320807,231133713197152,41.282663101,-10.543370
1219,231133761982457,41.317434244,2295787717,2295789362,231133747360959,231133747090956,41.316556905,-14.891501
1220,231133786061002,41.341512789,2296296149,2296299370,231133779378092,231133780984759,41.350450708,-5.076243
1221,231133830126126,41.385577913,2296804581,2296807461,231133815305460,231133814878562,41.384344511,-15.247564
1222,231133854177412,41.409629199,2297313014,2297315600,231133847304191,231133848772432,41.418238381,-5.404980
1223,231133892908279,41.448360066,2297821446,2297823758,231133883308566,231133882666236,41.452132185,-10.242043
1224,231133922147401,41.477599188,2298329878,2298331859,231133915347029,231133916560039,41.486025988,-5.587362
1225,231133971352029,41.526803816,2299346742,2299349978,231133983321436,231133984347646,41.553813595,12.995617
1226,231133992143296,41.547595083,2299346742,2299349978,231133983321436,231133984347646,41.553813595,-7.795650
1227,231134030630997,41.586082784,2299855174,2299858106,231134019311620,231134018241449,41.587707398,-12.389548
1228,231134057987581,41.613439368,2300363606,2300366219,231134051318869,231134052135252,41.621601201,-5.852329
1229,231134100768702,41.656220489,2300872038,2300874355,231134087289160,231134086029056,41.655495005,-14.739646
1230,231134125890034,41.681341821,2301380471,2301382506,231134119293996,231134119922926,41.689388875,-5.967108
1231,231134164942710,41.720394497,2301888903,2301890627,231134155277883,231134153816729,41.723282678,-11.125981
1232,231134196508178,41.751959965,2302397335,2302400603,231134187291247,231134187710532,41.757176481,-8.797646
1233,231134235819788,41.791271575,2302905767,2302908700,231134223271405,231134221604335,41.791070284,-14.215453
1234,231134262630720,41.818082507,2303414199,2303416814,231134255295195,231134255498139,41.824964088,-7.132581
1235,231134297620073,41.853071860,2303922631,2303924934,231134291275922,231134289391942,41.858857891,-8.228131
1236,231134331905680,41.887357467,2304431063,2304433040,231134323282900,231134323285745,41.892751694,-8.619935
1237,231134380779497,41.936231284,2305447928,2305451173,231134391286495,231134391073419,41.960539368,10.293922
1238,231134401484714,41.956936501,2305447928,2305451173,231134391286495,231134391073419,41.960539368,-10.411295
1239,231134432375443,41.987827230,2305956360,2305959305,231134423315135,231134424967222,41.994433171,-7.408221
1240,231134466347667,42.021799454,2306464792,2306467433,231134459279999,231134458861025,42.028326974,-7.486642
1241,231134509254937,42.064706724,2306973224,2306975541,231134491288745,231134492754829,42.062220778,-16.500108
1242,231134533534317,42.088986104,2307481656,2307483713,231134527265169,231134526648632,42.096114581,-6.885685
1243,231134567865724,42.123317511,2307990088,2307991830,231134559268224,231134560542435,42.130008384,-7.323289
1244,231134603093713,42.158545500,2308498520,2308501810,231134595262552,231134594436239,42.163902188,-8.657474
1245,231134645250891,42.200702678,2309006953,2309009914,231134627273922,231134628330109,42.197796058,-16.920782
1246,231134669765654,42.225217441,2309515385,2309518027,231134663266774,231134662223912,42.231689861,-7.541742
1247,231134707627080,42.263078867,2310023817,2310026167,231134695271963,231134696117715,42.265583664,-11.509365
1248,231134742068041,42.297519828,2310532249,2310534325,231134731247991,231134730011518,42.299477467,-12.056523
1249,231134793741106,42.349192893,2311549113,2311552433,231134799254777,231134797799125,42.367265074,4.058019
1250,231134817896455,42.373348242,2312057545,2312060533,231134831283695,231134831692928,42.401158877,13.796473
1251,231134838394659,42.393846446,2312057545,2312060533,231134831283695,231134831692928,42.401158877,-6.701731
1252,231134873325103,42.428776890,2312565977,2312568629,231134867270617,231134865586732,42.435052681,-7.738371
1253,231134914685322,42.470137109,2313074410,2313076787,231134899260958,231134899480602,42.468946551,-15.204720
1254,231134937834874,42.493286661,2313582842,2313584880,231134935240528,231134933374405,42.502840354,-4.460469
1255,231134977314023,42.532765810,2314091274,2314092989,231134967260693,231134967268208,42.536734157,-10.045815
1256,231135006121447,42.561573234,2314599706,2314602992,231134999300576,231135001162012,42.570627961,-4.959435
1257,231135045863674,42.601315461,2315108138,2315111115,231135035252581,231135035055815,42.604521764,-10.807859
1258,231135073793684,42.629245471,2315616570,2315619234,231135067274483,231135068949618,42.638415567,-4.844066
1259,231135115186572,42.670638359,2316125002,2316127354,231135103265505,231135102843422,42.672309371,-12.343150
1260,231135145157220,42.700609007,2316633434,2316635522,231135135260907,231135136737225,42.706203174,-8.419995
1261,231135191009498,42.746461285,2317650299,2317653605,231135203243221,231135204524898,42.773990847,13.515400
1262,231135231411445,42.786863232,2318158731,2318161735,231135239235674,231135238418702,42.807884651,7.007257
1263,231135264992570,42.820444357,2318667163,2318669880,231135271237664,231135272312505,42.841778454,7.319935
1264,231135297317622,42.852769409,2319175595,2319178034,231135307236495,231135306206308,42.875672257,8.888686
1265,231135316126064,42.871577851,2319175595,2319178034,231135307236495,231135306206308,42.875672257,-9.919756
1266,231135350374897,42.905826684,2319684027,2319686174,231135339248060,231135340100111,42.909566060,-10.274786
1267,231135406783958,42.962235745,2320700891,2320702439,231135407232777,231135407887718,42.977353667,1.103760
1268,231135429538323,42.984990110,2321209324,2321212456,231135443303347,231135441781588,43.011247537,12.243265
1269,231135455004499,43.010456286,2321209324,2321212456,231135443303347,231135441781588,43.011247537,-13.222911
1270,231135482647172,43.038098959,2321717756,2321720585,231135475238107,231135475675391,43.045141340,-6.971781
1271,231135526273057,43.081724844,2322226188,2322228676,231135511215541,231135509569195,43.079035144,-16.703862
1272,231135549785618,43.105237405,2322734620,2322736856,231135543219733,231135543462998,43.112928947,-6.322620
1273,231135581745941,43.137197728,2323243052,2323244980,231135579205649,231135577356801,43.146822750,-4.389140
1274,231135620065292,43.175517079,2323751484,2323753101,231135611221655,231135611250605,43.180716554,-8.814687
1275,231135668977058,43.224428845,2324768348,2324771223,231135679243647,231135679038211,43.248504160,10.061153
1276,231135690478766,43.245930553,2324768348,2324771223,231135679243647,231135679038211,43.248504160,-11.440555
1277,231135720531290,43.275983077,2325276781,2325279373,231135711213065,231135712932081,43.282398030,-7.599209
1278,231135761048950,43.316500737,2325785213,2325787480,231135747215080,231135746825885,43.316291834,-14.223065
1279,231135812763918,43.368215705,2326802077,2326803722,231135815256080,231135814613491,43.384079440,1.849573
1280,231135834639909,43.390091696,2327310509,2327313731,231135847234495,231135848507294,43.417973243,13.867385
1281,231135853662432,43.409114219,2327310509,2327313731,231135847234495,231135848507294,43.417973243,-5.155138
1282,231135893420423,43.448872210,2327818941,2327821844,231135883196977,231135882401098,43.451867047,-11.019325
1283,231135933016866,43.488468653,2328327374,2328329987,231135915210669,231135916294968,43.485760917,-16.721898
1284,231135957499608,43.512951395,2328835806,2328838099,231135951232215,231135950188771,43.519654720,-7.310837
1285,231135997981798,43.553433585,2329344238,2329346245,231135983199725,231135984082574,43.553548523,-13.899224
1286,231136030286302,43.585738089,2329852670,2329854336,231136019195387,231136017976378,43.587442327,-12.309924
1287,231136084718550,43.640170337,2330869534,2330872458,231136087223421,231136085763984,43.655229933,1.045434
1288,231136106590106,43.662041893,2331377966,2331380590,231136119261434,231136119657788,43.689123737,13.067682
1289,231136127941031,43.683392818,2331377966,2331380590,231136119261434,231136119657788,43.689123737,-8.283243
1290,231136164943906,43.720395693,2331886398,2331888695,231136155184080,231136153551591,43.723017540,-11.392315
1291,231136208876810,43.764328597,2332903263,2332905020,231136223164756,231136221339264,43.790805213,12.462454
1292,231136227146054,43.782597841,2332903263,2332905020,231136223164756,231136221339264,43.790805213,-5.806790
1293,231136265172149,43.820623936,2333411695,2333414986,231136255192471,231136255233068,43.824699017,-9.939081
1294,231136294284335,43.849736122,2333920127,2333923119,231136287237593,231136289126871,43.858592820,-5.157464
1295,231136337017228,43.892469015,2334428559,2334431239,231136323226141,231136323020674,43.892486623,-13.996554
1296,231136361940510,43.917392297,2334936991,2334939397,231136355180765,231136356914477,43.926380426,-5.026033
1297,231136404864956,43.960316743,2335445423,2335447526,231136391193862,231136390808281,43.960274230,-14.056675
1298,231136431889496,43.987341283,2335953856,2335955639,231136423207789,231136424702151,43.994168100,-7.187345
1299,231136478866242,44.034318029,2336970720,2336973718,231136491194159,231136492489757,44.061955706,13.623515
1300,231136497675266,44.053127053,2336970720,2336973718,231136491194159,231136492489757,44.061955706,-5.185509
1301,231136539526506,44.094978293,2337479152,2337481867,231136527198927,231136526383561,44.095849510,-13.142945
1302,231136565319462,44.120771249,2337987584,2337989996,231136559166529,231136560277364,44.129743313,-5.042098
1303,231136616375827,44.171827614,2339004448,2339006233,231136627187055,231136628064971,44.197530920,11.689144
1304,231136636872644,44.192324431,2339004448,2339006233,231136627187055,231136628064971,44.197530920,-8.807673
1305,231136669288236,44.224740023,2339512880,2339514358,231136663150202,231136661958774,44.231424723,-7.329462
1306,231136706246984,44.261698771,2340021313,2340024387,231136695198678,231136695852644,44.265318593,-10.394340
1307,231136752168548,44.307620335,2341038177,2341040654,231136763171176,231136763640251,44.333106200,11.471703
1308,231136773358518,44.328810305,2341038177,2341040654,231136763171176,231136763640251,44.333106200,-9.718267
1309,231136811990614,44.367442401,2341546609,2341548810,231136799148343,231136797534054,44.367000003,-14.456560
1310,231136840674828,44.396126615,2342055041,2342056939,231136831202653,231136831427857,44.400893806,-9.246971
1311,231136894916083,44.450367870,2343071905,2343075075,231136899155103,231136899215464,44.468681413,4.299381
1312,231136917657674,44.473109461,2343580337,2343583208,231136931156639,231136933109267,44.502575216,15.451593
1313,231136937297705,44.492749492,2343580337,2343583208,231136931156639,231136933109267,44.502575216,-4.188438
1314,231136974337967,44.529789754,2344088770,2344091377,231136967157103,231136967003137,44.536469086,-7.334830
1315,231137010979421,44.566431208,2344597202,2344599494,231136999154073,231137000896940,44.570362889,-10.082481
1316,231137043876236,44.599328023,2345105634,2345107619,231137035141436,231137034790744,44.604256693,-9.085492
1317,231137073753462,44.629205249,2345614066,2345615751,231137067144074,231137068684547,44.638150496,-5.068915
1318,231137118413664,44.673865451,2346122498,2346125735,231137103178280,231137102578350,44.672044299,-15.835314
1319,231137170025382,44.725477169,2347139362,2347142016,231137171119626,231137170365957,44.739831906,0.340575
1320,231137191192879,44.746644666,2347647794,2347650128,231137203140077,231137204259760,44.773725709,13.066881
1321,231137211143320,44.766595107,2347647794,2347650128,231137203140077,231137204259760,44.773725709,-6.883560
1322,231137253445243,44.808897030,2348156227,2348158242,231137239167360,231137238153630,44.807619579,-15.291613
1323,231137299715033,44.855166820,2349173091,2349176372,231137307139606,231137305941237,44.875407186,6.226204
1324,231137317048900,44.872500687,2349173091,2349176372,231137307139606,231137305941237,44.875407186,-11.107663
1325,231137347308195,44.902759982,2349681523,2349684503,231137339200711,231137339835040,44.909300989,-7.473155
1326,231137386770693,44.942222480,2350189955,2350192621,231137375126020,231137373728844,44.943194793,-13.041849
1327,231137431785196,44.987236983,2351206819,2351208904,231137443150501,231137441516450,45.010982399,9.731254
1328,231137453573604,45.009025391,2351206819,2351208904,231137443150501,231137441516450,45.010982399,-12.057154
1329,231137482485326,45.037937113,2351715251,2351717026,231137475133845,231137475410253,45.044876202,-7.075073
1330,231137519347313,45.074799100,2352223684,2352225138,231137511136177,231137509304123,45.078770072,-10.043190
1331,231137564116272,45.119568059,2353240548,2353243281,231137575167160,231137577091730,45.146557679,12.975458
1332,231137587868413,45.143320200,2353240548,2353243281,231137575167160,231137577091730,45.146557679,-10.776683
1333,231137617753057,45.173204844,2353748980,2353751411,231137611149033,231137610985533,45.180451482,-6.767524
1334,231137654748703,45.210200490,2354257412,2354259560,231137643123528,231137644879337,45.214345286,-9.869366
1335,231137702409133,45.257860920,2355274277,2355275769,231137711123749,231137712667010,45.282132959,10.257877
1336,231137725882957,45.281334744,2355274277,2355275769,231137711123749,231137712667010,45.282132959,-13.215947
1337,231137755486846,45.310938633,2355782708,2355785753,231137747144594,231137746560747,45.316026696,-8.926099
1338,231137785217720,45.340669507,2356291141,2356293872,231137779104406,231137780454617,45.349920566,-4.763103
1339,231137826626561,45.382078348,2356799573,2356801972,231137815165838,231137814348420,45.383814369,-12.278141
1340,231137854206331,45.409658118,2357308005,2357310107,231137847156626,231137848242223,45.417708172,-5.964108
1341,231137895009550,45.450461337,2357816437,2357818218,231137883124124,231137882136027,45.451601976,-12.873523
1342,231137923716990,45.479168777,2358324869,2358326384,231137915124883,231137916029830,45.485495779,-7.687160
1343,231137970583073,45.526034860,2359341734,2359344536,231137983118090,231137983817503,45.553283452,13.234430
1344,231137997142164,45.552593951,2359341734,2359344536,231137983118090,231137983817503,45.553283452,-13.324661
1345,231138025366027,45.580817814,2359850166,2359852679,231138019084401,231138017711306,45.587177255,-7.654721
1346,231138058436071,45.613887858,2360358598,2360360788,231138051100714,231138051605110,45.621071059,-6.830961
1347,231138103296183,45.658747970,2361375462,2361377039,231138119146160,231138119392716,45.688858665,16.096533
1348,231138125399513,45.680851300,2361375462,2361377039,231138119146160,231138119392716,45.688858665,-6.006797
1349,231138166301724,45.721753511,2361883894,2361887029,231138155085454,231138153286520,45.722752469,-13.015204
1350,231138193578433,45.749030220,2362392326,2362395154,231138187101069,231138187180323,45.756646272,-6.398110
1351,231138230833034,45.786284821,2362900758,2362903304,231138219092512,231138221074126,45.790540075,-9.758908
1352,231138262411112,45.817862899,2363409191,2363411440,231138255098374,231138254967996,45.824433945,-7.443116
1353,231138296713960,45.852165747,2363917623,2363919584,231138287138889,231138288861800,45.858327749,-7.852160
1354,231138332581627,45.888033414,2364426055,2364427733,231138323099010,231138322755603,45.892221552,-9.826024
1355,231138376180697,45.931632484,2365442919,2365445808,231138391076337,231138390543210,45.960009159,14.362513
1356,231138397077046,45.952528833,2365442919,2365445808,231138391076337,231138390543210,45.960009159,-6.533836
1357,231138431489629,45.986941416,2365951351,2365953929,231138423091535,231138424437013,45.993902962,-7.052616
1358,231138465302401,46.020754188,2366459783,2366462063,231138459063530,231138458330816,46.027796765,-6.971585
1359,231138503345939,46.058797726,2366968216,2366970151,231138491109348,231138492224686,46.061690635,-11.121253
1360,231138533569989,46.089021776,2367476648,2367478287,231138527102351,231138526118489,46.095584438,-7.451500
1361,231138568651467,46.124103254,2367985080,2367988248,231138559092959,231138560012293,46.129478242,-8.639174
1362,231138603755544,46.159207331,2368493512,2368496357,231138595071623,231138593906096,46.163372045,-9.849448
1363,231138643962081,46.199413868,2369001944,2369004468,231138627094794,231138627799899,46.197265848,-16.162182
1364,231138669127051,46.224578838,2369510376,2369512604,231138663084059,231138661693703,46.231159652,-7.433348
1365,231138708428862,46.263880649,2370018808,2370020732,231138695106207,231138695587506,46.265053455,-12.841356
1366,231138743202701,46.298654488,2370527240,2370528856,231138731108595,231138729481309,46.298947258,-13.721392
1367,231138789697487,46.345149274,2371544105,2371546947,231138799099267,231138797268983,46.366734932,7.571496
1368,231138812554789,46.368006576,2371544105,2371546947,231138799099267,231138797268983,46.366734932,-15.285806
1369,231138838598865,46.394050652,2372052537,2372055098,231138831057913,231138831162786,46.400628735,-7.436079
1370,231138872726955,46.428178742,2372560969,2372563201,231138863074782,231138865056589,46.434522538,-7.670366
1371,231138910123178,46.465574965,2373069401,2373071406,231138899094299,231138898950393,46.468416342,-11.172785
1372,231138937629539,46.493081326,2373577833,2373579505,231138931059950,231138932844196,46.502310145,-4.785343
1373,231138973536853,46.528988640,2374086265,2374089496,231138967077771,231138966737999,46.536203948,-6.798854
1374,231139005951218,46.561403005,2374594697,2374597620,231138999110814,231139000631802,46.570097751,-5.319416
1375,231139044583590,46.600035377,2375103130,2375105717,231139035041284,231139034525672,46.603991621,-10.057918
1376,231139073148975,46.628600762,2375611562,2375613848,231139067079776,231139068419476,46.637885425,-4.729499
1377,231139116382943,46.671834730,2376119994,2376121935,231139103083515,231139102313279,46.671779228,-14.069664
1378,231139141167996,46.696619783,2376628426,2376630094,231139135107372,231139136207082,46.705673031,-4.960914
1379,231139185290978,46.740742765,2377136858,2377140089,231139171079977,231139170100886,46.739566835,-15.190092
1380,231139209758526,46.765210313,2377645290,2377648230,231139203117443,231139203994689,46.773460638,-5.763837
1381,231139253420057,46.808871844,2378153722,2378156375,231139239027426,231139237888492,46.807354441,-15.531565
1382,231139278641000,46.834092787,2378662154,2378664470,231139271055883,231139271782296,46.841248245,-6.858704
1383,231139313875520,46.869327307,2379170587,2379172565,231139307058652,231139305676166,46.875142115,-8.199354
1384,231139345503295,46.900955082,2379679019,2379680685,231139339110861,231139339569969,46.909035918,-5.933326
1385,231139388669854,46.944121641,2380187451,2380190694,231139375063151,231139373463772,46.942929721,-15.206082
1386,231139420199737,46.975651524,2380695883,2380698833,231139407056416,231139407357576,46.976823525,-12.842161
1387,231139455985528,47.011437315,2381204315,2381206947,231139443045727,231139441251379,47.010717328,-14.734149
1388,231139481234872,47.036686659,2381712747,2381715070,231139475111604,231139475145182,47.044611131,-6.089690
1389,231139522549299,47.078001086,2382221179,2382223199,231139507102310,231139509038986,47.078504935,-13.510313
1390,231139549476029,47.104927816,2382729611,2382731327,231139543083549,231139542932789,47.112398738,-6.543240
1391,231139585322037,47.140773824,2383238044,2383241312,231139575056748,231139576826659,47.146292608,-8.495378
1392,231139618893251,47.174345038,2383746476,2383749454,231139611034669,231139610720462,47.180186411,-8.172789
1393,231139652941860,47.208393647,2384254908,2384257564,231139643027908,231139644614265,47.214080214,-8.327595
1394,231139689436366,47.244888153,2384763340,2384765716,231139679072405,231139678508069,47.247974018,-10.928297
1395,231139725905808,47.281357595,2385271772,2385273855,231139711040823,231139712401872,47.281867821,-13.503936
1396,231139753607637,47.309059424,2385780204,2385781974,231139747092549,231139746295675,47.315761624,-7.311962
1397,231139792145341,47.347597128,2386288637,2386290107,231139779050992,231139780189545,47.349655494,-11.955796
1398,231139827578265,47.383030052,2386797068,2386800112,231139815051202,231139814083282,47.383549231,-13.494983
1399,231139872330536,47.427782323,2387813933,2387816323,231139883063660,231139881870955,47.451336904,9.540419
1400,231139891584348,47.447036135,2387813933,2387816323,231139883063660,231139881870955,47.451336904,-9.713393
1401,231139925047949,47.480499736,2388322365,2388324434,231139915021962,231139915764759,47.485230708,-9.283190
1402,231139961931135,47.517382922,2388830797,2388832548,231139951033405,231139949658562,47.519124511,-12.272573
1403,231140006466989,47.561918776,2389847661,2389850671,231140019061774,231140017446169,47.586912118,10.979180
1404,231140026806608,47.582258395,2389847661,2389850671,231140019061774,231140017446169,47.586912118,-9.360439
1405,231140058277738,47.613729525,2390356094,2390358800,231140051061076,231140051340038,47.620805987,-6.937700
1406,231140100689399,47.656141186,2390864526,2390866888,231140086996147,231140085233842,47.654699791,-15.455557
1407,231140143502014,47.698953801,2391881390,2391883155,231140151065311,231140153021448,47.722487397,9.519434
1408,231140167676481,47.723128268,2391881390,2391883155,231140151065311,231140153021448,47.722487397,-14.655033
1409,231140194077854,47.749529641,2392389822,2392393126,231140187044938,231140186915252,47.756381201,-7.162602
1410,231140230299168,47.785750955,2392898254,2392901272,231140219032889,231140220809055,47.790275004,-9.490113
1411,231140278606308,47.834058095,2393915118,2393917493,231140287022158,231140288596662,47.858062611,9.990354
1412,231140298593121,47.854044908,2393915118,2393917493,231140287022158,231140288596662,47.858062611,-9.996459
1413,231140329514104,47.884965891,2394423551,2394425653,231140323017257,231140322490532,47.891956481,-7.023572
1414,231140362195878,47.917647665,2394931983,2394933785,231140354982446,231140356384335,47.925850284,-5.811543
1415,231140403566063,47.959017850,2395440415,2395441874,231140390978352,231140390278138,47.959744087,-13.287925
1416,231140429148273,47.984600060,2395948847,2395951881,231140423044464,231140424171942,47.993637891,-4.976331
1417,231140468194748,48.023646535,2396457279,2396459987,231140459022603,231140458065745,48.027531694,-10.129003
1418,231140498404308,48.053856095,2396965711,2396968116,231140490971780,231140491959548,48.061425497,-6.444760
1419,231140539878460,48.095330247,2397474143,2397476256,231140526961060,231140525853352,48.095319301,-14.025108
1420,231140565140973,48.120592760,2397982576,2397984387,231140558974683,231140559747222,48.129213171,-5.393751
1421,231140608674020,48.164125807,2398491008,2398492522,231140595097217,231140593641025,48.163106974,-15.032995
1422,231140639171498,48.194623285,2398999440,2399002542,231140627008222,231140627534828,48.197000777,-11.636670
1423,231140694326385,48.249778172,2400016304,2400018757,231140695000348,231140695322435,48.264788384,0.996050
1424,231140716184954,48.271636741,2400524736,2400526903,231140731007042,231140729216238,48.298682187,13.031284
1425,231140737693492,48.293145279,2400524736,2400526903,231140731007042,231140729216238,48.298682187,-8.477254
1426,231140769561754,48.325013541,2401033168,2401035047,231140763008299,231140763110041,48.332575990,-6.451713
1427,231140811714113,48.367165900,2401541600,2401543190,231140794995890,231140797003845,48.366469794,-14.710268
1428,231140837674002,48.393125789,2402050033,2402053190,231140831020761,231140830897715,48.400363664,-6.776287
1429,231140872675299,48.428127086,2402558465,2402561306,231140862998161,231140864791518,48.434257467,-7.883781
1430,231140906635771,48.462087558,2403066897,2403069407,231140899081311,231140898685321,48.468151270,-7.950450
1431,231140944230989,48.499682776,2403575329,2403577551,231140930959586,231140932579125,48.502045074,-11.651864
1432,231140974790880,48.530242667,2404083761,2404085654,231140966960323,231140966472928,48.535938877,-8.317952
1433,231141010033564,48.565485351,2404592193,2404593770,231140998953810,231141000366731,48.569832680,-9.666833
1434,231141044849683,48.600301470,2405100625,2405103776,231141035012705,231141034260535,48.603726484,-10.589148
1435,231141090382349,48.645834136,2406117490,2406120038,231141102960016,231141102048208,48.671514157,11.665859
1436,231141110556414,48.666008201,2406117490,2406120038,231141102960016,231141102048208,48.671514157,-8.508206
1437,231141144229170,48.699680957,2406625922,2406628181,231141134987668,231141135942011,48.705407960,-8.287159
1438,231141177181030,48.732632817,2407134354,2407136280,231141170978871,231141169835814,48.739301763,-7.345216
1439,231141219409007,48.774860794,2407642786,2407644385,231141202945918,231141203729618,48.773195567,-15.679389
1440,231141245503823,48.800955610,2408151218,2408154426,231141238935087,231141237623421,48.807089370,-7.880402
1441,231141282432964,48.837884751,2408659650,2408662538,231141270951244,231141271517224,48.840983173,-10.915740
1442,231141316205556,48.871657343,2409168082,2409170640,231141306986373,231141305411028,48.874876977,-10.794528
1443,231141360458018,48.915909805,2410184947,2410186879,231141374973954,231141373198701,48.942664650,12.740683
1444,231141384048675,48.939500462,2410184947,2410186879,231141374973954,231141373198701,48.942664650,-10.849974
1445,231141414626888,48.970078675,2410693379,2410695021,231141406995501,231141407092504,48.976558453,-7.534384
1446,231141447095306,49.002547093,2411201811,2411205028,231141442944519,231141440986308,49.010452257,-6.108998
1447,231141488076482,49.043528269,2411710243,2411713137,231141474956013,231141474880111,49.044346060,-13.196371
1448,231141514177551,49.069629338,2412218675,2412221237,231141506981541,231141508773914,49.078239863,-5.403637
1449,231141557093838,49.112545625,2412727107,2412729361,231141542984996,231141542667718,49.112133667,-14.426120
1450,231141581173034,49.136624821,2413235539,2413237493,231141574977457,231141576561521,49.146027470,-4.611513
1451,231141622498516,49.177950303,2413743972,2413745606,231141610917891,231141610455391,49.179921340,-12.043125
1452,231141649777912,49.205229699,2414252404,2414255579,231141642966908,231141644349194,49.213815143,-5.428718
1453,231141686783559,49.242235346,2414760836,2414763685,231141678963130,231141678242998,49.247708947,-8.540561
1454,231141718281437,49.273733224,2415269268,2415271861,231141710959588,231141712136801,49.281602750,-6.144636
1455,231141761301852,49.316753639,2415777700,2415779995,231141746918242,231141746030604,49.315496553,-15.271248
1456,231141785239570,49.340691357,2416286132,2416288109,231141778947682,231141779924407,49.349390356,-5.315163
1457,231141824897255,49.380349042,2416794564,2416796239,231141814951582,231141813818211,49.383284160,-11.079044
1458,231141854944672,49.410396459,2417302997,2417306250,231141847065435,231141847712081,49.417178030,-7.232591
1459,231141896450470,49.451902257,2417811428,2417814354,231141882931762,231141881605817,49.451071766,-14.844653
1460,231141921733663,49.477185450,2418319861,2418322512,231141914947102,231141915499687,49.484965636,-6.233976
1461,231141958840298,49.514292085,2418828293,2418830622,231141950906999,231141949393491,49.518859440,-9.446807
1462,231141990142792,49.545594579,2419336725,2419338738,231141982960634,231141983287294,49.552753243,-6.855498
1463,231142028251002,49.583702789,2419845157,2419846881,231142018886394,231142017181097,49.586647046,-11.069905
1464,231142057275744,49.612727531,2420353589,2420356901,231142050949730,231142051074901,49.620540850,-6.200843
1465,231142090086405,49.645538192,2420862021,2420865021,231142086928053,231142084968704,49.654434653,-5.117701
1466,231142127889709,49.683341496,2421370454,2421373136,231142118946564,231142118862574,49.688328523,-9.027135
1467,231142176134996,49.731586783,2422387318,2422389421,231142186925726,231142186650181,49.756116130,10.515185
1468,231142195714614,49.751166401,2422387318,2422389421,231142186925726,231142186650181,49.756116130,-9.064433
1469,231142226321747,49.781773534,2422895750,2422897542,231142218964624,231142220543984,49.790009933,-5.777763
1470,231142265438047,49.820889834,2423404182,2423405649,231142254950298,231142254437787,49.823903736,-11.000260
1471,231142307508397,49.862960184,2424421046,2424423780,231142322922059,231142322225394,49.891691343,14.716997
1472,231142329053260,49.884505047,2424421046,2424423780,231142322922059,231142322225394,49.891691343,-6.827866
1473,231142365339640,49.920791427,2424929478,2424931896,231142354902884,231142356119197,49.925585146,-9.220443
1474,231142400205796,49.955657583,2425437911,2425440007,231142390915398,231142390013067,49.959479016,-10.192729
1475,231142442098799,49.997550586,2426454775,2426456245,231142458896829,231142457800674,50.027266623,15.701875
1476,231142466097700,50.021549487,2426454775,2426456245,231142458896829,231142457800674,50.027266623,-8.297026
1477,231142500503122,50.055954909,2426963207,2426966219,231142490941511,231142491694477,50.061160426,-8.808645
1478,231142538816580,50.094268367,2427471639,2427474345,231142526888373,231142525588280,50.095054229,-13.228300
1479,231142586768780,50.142220567,2428488503,2428490581,231142594857722,231142593375887,50.162841836,6.607107
1480,231142606340955,50.161792742,2428488503,2428490581,231142594857722,231142593375887,50.162841836,-12.965068
1481,231142633450496,50.188902283,2428996936,2428998705,231142626888371,231142627269757,50.196735706,-6.180739
1482,231142673889706,50.229341493,2429505368,2429506824,231142662893542,231142661163560,50.230629509,-12.726146
1483,231142725852470,50.281304257,2430522232,2430524974,231142730844541,231142728951167,50.298417116,3.098697
1484,231142749485163,50.304936950,2431030664,2431033116,231142762910232,231142762844970,50.332310919,13.359807
1485,231142770216149,50.325667936,2431030664,2431033116,231142762910232,231142762844970,50.332310919,-7.371179
1486,231142802263882,50.357715669,2431539096,2431541250,231142794921744,231142796738773,50.366204722,-5.525109
1487,231142843356644,50.398808431,2432047528,2432049417,231142830859920,231142830632577,50.400098526,-12.724067
1488,231142870990930,50.426442717,2432555960,2432557544,231142862870230,231142864526380,50.433992329,-6.464550
1489,231142912140889,50.467592676,2433064393,2433067528,231142898901521,231142898420250,50.467886199,-13.720639
1490,231142939314217,50.494766004,2433572825,2433575631,231142930928974,231142932314053,50.501780002,-7.000164
1491,231142990828043,50.546279830,2434589689,2434591895,231142998855084,231143000101660,50.569567609,9.273617
1492,231143011858045,50.567309832,2434589689,2434591895,231142998855084,231143000101660,50.569567609,-11.756385
1493,231143042173985,50.597625772,2435098121,2435099985,231143034877172,231143033995463,50.603461412,-8.178522
1494,231143074171591,50.629623378,2435606553,2435608069,231143066897463,231143067889267,50.637355216,-6.282324
1495,231143109330333,50.664782120,2436114985,2436118058,231143102879271,231143101783070,50.671249019,-7.547263
1496,231143143091849,50.698543636,2436623417,2436626178,231143134887600,231143135676873,50.705142822,-7.414976
1497,231143178217152,50.733668939,2437131850,2437134286,231143170834077,231143169570743,50.739036692,-8.646409
1498,231143209951602,50.765403389,2437640282,2437642421,231143202881912,231143203464547,50.772930496,-6.487055
1499,231143254987609,50.810439396,2438657146,2438658673,231143270881684,231143271252153,50.840718102,16.264544
1500,231143280234103,50.835685890,2438657146,2438658673,231143270881684,231143271252153,50.840718102,-8.981950
1501,231143317661999,50.873113786,2439165578,2439168663,231143306865951,231143305145956,50.874611905,-12.516043
1502,231143348309144,50.903760931,2439674010,2439676775,231143338881198,231143339039760,50.908505709,-9.269384
1503,231143396338134,50.951789921,2440690875,2440693036,231143406886612,231143406827433,50.976293382,10.489299
1504,231143417083821,50.972535608,2440690875,2440693036,231143406886612,231143406827433,50.976293382,-10.256388
1505,231143449306877,51.004758664,2441199307,2441201166,231143438833876,231143440721236,51.010187185,-8.585641
1506,231143483104305,51.038556092,2441707739,2441709271,231143474823310,231143474615040,51.044080989,-8.489265
1507,231143523315167,51.078766954,2442216171,2442219294,231143506846275,231143508508843,51.077974792,-14.806324
1508,231143549803936,51.105255723,2442724603,2442727442,231143542881791,231143542402646,51.111868595,-7.401290
1509,231143582159768,51.137611555,2443233035,2443235534,231143574819646,231143576296450,51.145762399,-5.863318
1510,231143619941331,51.175393118,2443741467,2443743631,231143610842315,231143610190253,51.179656202,-9.751078
1511,231143660073417,51.215525204,2444249899,2444251801,231143642824632,231143644084056,51.213550005,-15.989361
1512,231143706329220,51.261781007,2445266764,2445269928,231143710843773,231143711871730,51.281337679,5.542510
1513,231143733036262,51.288488049,2445775196,2445778112,231143746831098,231143745765533,51.315231482,12.729271
1514,231143760750654,51.316202441,2445775196,2445778112,231143746831098,231143745765533,51.315231482,-14.985121
1515,231143785113679,51.340565466,2446283628,2446286211,231143778824256,231143779659336,51.349125285,-5.454343
1516,231143829398976,51.384850763,2446792060,2446794324,231143814834207,231143813553140,51.383019089,-15.845836
1517,231143873718920,51.429170707,2447808924,2447810503,231143882807833,231143881340746,51.450806695,7.621826
1518,231143893052282,51.448504069,2447808924,2447810503,231143882807833,231143881340746,51.450806695,-11.711536
1519,231143921101118,51.476552905,2448317357,2448320505,231143914823493,231143915234616,51.484700565,-5.866502
1520,231143961021503,51.516473290,2448825788,2448828650,231143950797986,231143949128353,51.518594302,-11.893150
1521,231144007110143,51.562561930,2449842653,2449844894,231144018817393,231144016916026,51.586381975,9.805883
1522,231144027597038,51.583048825,2449842653,2449844894,231144018817393,231144016916026,51.586381975,-10.681012
1523,231144059059345,51.614511132,2450351085,2450353069,231144050852977,231144050809829,51.620275778,-8.249516
1524,231144096303986,51.651755773,2450859517,2450861207,231144082836226,231144084703633,51.654169582,-11.600353
1525,231144138717388,51.694169175,2451876381,2451879344,231144150875402,231144152491239,51.721957188,13.773851
1526,231144157343730,51.712795517,2451876381,2451879344,231144150875402,231144152491239,51.721957188,-4.852491
1527,231144200227741,51.755679528,2452384814,2452387474,231144186848187,231144186385109,51.755851058,-13.842632
1528,231144226890267,51.782342054,2452893246,2452895609,231144218856934,231144220278913,51.789744862,-6.611354
1529,231144264005964,51.819457751,2453401678,2453403748,231144254841397,231144254172716,51.823638665,-9.833248
1530,231144293015312,51.848467099,2453910110,2453911851,231144286833260,231144288066519,51.857532468,-4.948793
1531,231144336141749,51.891593536,2454418542,2454420017,231144322827214,231144321960323,51.891426272,-14.181426
1532,231144364275175,51.919726962,2454926974,2454929984,231144354780575,231144355854126,51.925320075,-8.421049
1533,231144400191956,51.955643743,2455435406,2455438079,231144390787697,231144389747929,51.959213878,-10.444027
1534,231144433583190,51.989034977,2455943838,2455946179,231144422844707,231144423641732,51.993107681,-9.941458
1535,231144469643078,52.025094865,2456452271,2456454275,231144458775280,231144457535602,52.027001551,-12.107476
1536,231144497312061,52.052763848,2456960703,2456962397,231144490789318,231144491429406,52.060895355,-5.882655
1537,231144533090883,52.088542670,2457469135,2457472408,231144526817447,231144525323209,52.094789158,-7.767674
1538,231144565956918,52.121408705,2457977567,2457980514,231144558818753,231144559217012,52.128682961,-6.739906
1539,231144608254127,52.163705914,2458485999,2458488662,231144594765086,231144593110816,52.162576765,-15.143311
1540,231144637808529,52.193260316,2458994431,2458996810,231144626815798,231144627004619,52.196470568,-10.803910
1541,231144673999372,52.229451159,2459502863,2459504928,231144662779332,231144660898422,52.230364371,-13.100950
1542,231144701162195,52.256613982,2460011296,2460013080,231144694820774,231144694792292,52.264258241,-6.369903
1543,231144735877309,52.291329096,2460519728,2460521213,231144726812484,231144728686096,52.298152045,-7.191213
1544,231144769583879,52.325035666,2461028160,2461031199,231144762805515,231144762579899,52.332045848,-7.003980
1545,231144804642316,52.360094103,2461536592,2461539336,231144794778234,231144796473702,52.365939651,-8.168614
1546,231144837939192,52.393390979,2462045024,2462047492,231144830802451,231144830367506,52.399833455,-7.571686
1547,231144869079051,52.424530838,2462553456,2462555616,231144862806540,231144864261309,52.433727258,-4.817742
1548,231144907885640,52.463337427,2463061888,2463063747,231144898756231,231144898155112,52.467621061,-9.730528
1549,231144942621912,52.498073699,2463570320,2463571816,231144930769454,231144932048915,52.501514864,-10.572997
1550,231144976089757,52.531541544,2464078753,2464081816,231144966746350,231144965942785,52.535408734,-10.146972
1551,231145009056740,52.564508527,2464587185,2464589914,231144998776297,231144999836589,52.569302538,-9.220151
1552,231145048044301,52.603496088,2465095617,2465098035,231145034781442,231145033730392,52.603196341,-14.313909
1553,231145097790665,52.653242452,2466112481,2466114285,231145102773247,231145101517999,52.670983948,3.727334
1554,231145115666082,52.671117869,2466112481,2466114285,231145102773247,231145101517999,52.670983948,-14.148083
1555,231145142827743,52.698279530,2466620913,2466622411,231145134760450,231145135411802,52.704877751,-7.415941
1556,231145180042763,52.735494550,2467129345,2467132407,231145170732440,231145169305605,52.738771554,-10.737158
1557,231145223051018,52.778502805,2468146210,2468148654,231145238806271,231145237093279,52.806559228,14.042261
1558,231145245288313,52.800740100,2468146210,2468148654,231145238806271,231145237093279,52.806559228,-8.195034
1559,231145279599953,52.835051740,2468654642,2468656794,231145270797171,231145270987082,52.840453031,-8.612871
1560,231145310199790,52.865651577,2469163074,2469164901,231145306767492,231145304880885,52.874346834,-5.318905
1561,231145350387104,52.905838891,2469671506,2469673021,231145338756090,231145338774689,52.908240638,-11.612415
1562,231145378755198,52.934206985,2470179938,2470182995,231145370749576,231145372668492,52.942134441,-6.086706
1563,231145422194093,52.977645880,2470688370,2470691113,231145406810436,231145406562295,52.976028244,-15.631798
1564,231145444923737,53.000375524,2471196802,2471199260,231145438734448,231145440456098,53.009922047,-4.467639
1565,231145492009679,53.047461466,2472213667,2472215484,231145506787572,231145508243772,53.077709721,16.234093
1566,231145513440050,53.068891837,2472213667,2472215484,231145506787572,231145508243772,53.077709721,-5.196278
1567,231145557835200,53.113286987,2472722099,2472723643,231145542765722,231145542137575,53.111603524,-15.697625
1568,231145581420437,53.136872224,2473230531,2473233663,231145574722225,231145576031378,53.145497327,-5.389059
1569,231145632501089,53.187952876,2474247395,2474249909,231145642728233,231145643818985,53.213284934,11.317896
1570,231145654116242,53.209568029,2474247395,2474249909,231145642728233,231145643818985,53.213284934,-10.297257
1571,231145692568686,53.248020473,2474755827,2474758040,231145678774000,231145677712788,53.247178737,-14.855898
1572,231145717387860,53.272839647,2475264259,2475266129,231145710726079,231145711606592,53.281072541,-5.781268
1573,231145762247872,53.317699659,2475772691,2475774253,231145746706106,231145745500395,53.314966344,-16.747477
1574,231145785130618,53.340582405,2476281124,2476284306,231145778849076,231145779394265,53.348860214,-5.736353
1575,231145823990937,53.379442724,2476789556,2476792420,231145814748018,231145813288068,53.382754017,-10.702869
1576,231145854381380,53.409833167,2477297988,2477300593,231145846740406,231145847181872,53.416647821,-7.199508
1577,231145901489346,53.456941133,2478314852,2478316828,231145914750878,231145914969478,53.484435427,13.480132
1578,231145921667824,53.477119611,2478314852,2478316828,231145914750878,231145914969478,53.484435427,-6.698346
1579,231145954583532,53.510035319,2478823284,2478824941,231145950683473,231145948863282,53.518329231,-5.720250
1580,231145992951280,53.548403067,2479331717,2479334936,231145982702340,231145982757152,53.552223101,-10.194128
1581,231146037068307,53.592520094,2480348581,2480351169,231146050708690,231146050544758,53.620010707,13.476451
1582,231146060302647,53.615754434,2480348581,2480351169,231146050708690,231146050544758,53.620010707,-9.757889
1583,231146094737674,53.650189461,2480857013,2480859301,231146082750588,231146084438561,53.653904510,-10.299113
1584,231146132301611,53.687753398,2481365445,2481367435,231146118750101,231146118332365,53.687798314,-13.969246
1585,231146187655774,53.743107561,2482382309,2482385582,231146186687744,231146186119971,53.755585920,-1.535803
1586,231146208668375,53.764120162,2482890741,2482893729,231146218691596,231146220013775,53.789479724,11.345400
1587,231146230867299,53.786319086,2482890741,2482893729,231146218691596,231146220013775,53.789479724,-10.853524
1588,231146265063687,53.820515474,2483399174,2483401835,231146254684273,231146253907645,53.823373594,-11.156042
1589,231146309042458,53.864494245,2484416038,2484418042,231146322713642,231146321695251,53.891161200,12.652793
1590,231146330901012,53.886352799,2484416038,2484418042,231146322713642,231146321695251,53.891161200,-9.205761
1591,231146365706716,53.921158503,2484924470,2484926159,231146354731819,231146355589055,53.925055004,-10.117661
1592,231146399936659,53.955388446,2485432902,2485436151,231146390673769,231146389482858,53.958948807,-10.453801
1593,231146441475483,53.996927270,2486449766,2486452407,231146458667310,231146457270465,54.026736414,15.794982
1594,231146466791883,54.022243670,2486449766,2486452407,231146458667310,231146457270465,54.026736414,-9.521418
1595,231146499557060,54.055008847,2486958198,2486960509,231146490736970,231146491164268,54.060630217,-8.392792
1596,231146535557042,54.091008829,2487466631,2487468581,231146526720165,231146525058138,54.094524087,-10.498904
1597,231146585264417,54.140716204,2488483495,2488486748,231146594664628,231146592845744,54.162311693,7.581327
1598,231146606193039,54.161644826,2488483495,2488486748,231146594664628,231146592845744,54.162311693,-13.347295
1599,231146634311888,54.189763675,2488991927,2488994881,231146626715983,231146626739548,54.196205497,-7.572340
1600,231146666759204,54.222210991,2489500359,2489502994,231146658698514,231146660633351,54.230099300,-6.125853
1601,231146710981475,54.266433262,2490008791,2490011122,231146694700974,231146694527154,54.263993103,-16.454321
1602,231146735080148,54.290531935,2490517223,2490519248,231146726726185,231146728420958,54.297886907,-6.659190
1603,231146770211837,54.325663624,2491025656,2491027357,231146762709941,231146762314828,54.331780777,-7.897009
1604,231146803529524,54.358981311,2491534088,2491537369,231146794781569,231146796208631,54.365674580,-7.320893
1605,231146846285688,54.401737475,2492042520,2492045502,231146830682283,231146830102434,54.399568383,-16.183254
1606,231146869024725,54.424476512,2492550952,2492553620,231146862689654,231146863996238,54.433462187,-5.028487
1607,231146913828819,54.469280606,2493059384,2493061725,231146898704942,231146897890041,54.467355990,-15.938778
1608,231146940178009,54.495629796,2493567816,2493569860,231146930681088,231146931783844,54.501249793,-8.394165
1609,231146991143925,54.546595712,2494584680,2494587931,231146998669969,231146999571451,54.569037400,8.427526
1610,231147011684632,54.567136419,2494584680,2494587931,231146998669969,231146999571451,54.569037400,-12.113181
1611,231147045357706,54.600809493,2495093113,2495096035,231147034648421,231147033465321,54.602931270,-11.892385
1612,231147077151832,54.632603619,2495601545,2495604188,231147066703619,231147067359124,54.636825073,-9.792708
1613,231147119408224,54.674860011,2496618409,2496620411,231147134795699,231147135146731,54.704612680,15.738507
1614,231147140867041,54.696318828,2496618409,2496620411,231147134795699,231147135146731,54.704612680,-5.720310
1615,231147181344283,54.736796070,2497126841,2497128569,231147170635145,231147169040534,54.738506483,-12.303749
1616,231147213824828,54.769276615,2497635273,2497638577,231147202704425,231147202934337,54.772400286,-10.890491
1617,231147261494066,54.816945853,2498652137,2498654775,231147270682698,231147270721944,54.840187893,9.227878
1618,231147284042132,54.839493919,2498652137,2498654775,231147270682698,231147270721944,54.840187893,-13.320188
1619,231147309241854,54.864693641,2499160570,2499162928,231147302704396,231147304615814,54.874081763,-4.626040
1620,231147351563859,54.907015646,2499669002,2499671036,231147338665180,231147338509617,54.907975566,-13.054242
1621,231147399618906,54.955070693,2500685866,2500689180,231147406659449,231147406297224,54.975763173,6.678318
1622,231147423059414,54.978511201,2500685866,2500689180,231147406659449,231147406297224,54.975763173,-16.762190
1623,231147448803702,55.004255489,2501194298,2501197309,231147438685371,231147440191027,55.009656976,-8.612675
1624,231147483684563,55.039136350,2501702730,2501705436,231147474714726,231147474084831,55.043550780,-9.599732
1625,231147527830940,55.083282727,2502719594,2502721694,231147542624939,231147541872437,55.111338386,14.041497
1626,231147549044648,55.104496435,2502719594,2502721694,231147542624939,231147541872437,55.111338386,-7.172211
1627,231147585184704,55.140636491,2503228027,2503229807,231147574663400,231147575766307,55.145232256,-9.418397
1628,231147623437932,55.178889719,2503736459,2503737950,231147610662820,231147609660110,55.179126059,-13.777822
1629,231147678786962,55.234238749,2504753323,2504756083,231147678617467,231147677447717,55.246913666,-1.339245
1630,231147698801612,55.254253399,2505261755,2505264191,231147710669192,231147711341520,55.280807469,12.539908
1631,231147716726380,55.272178167,2505261755,2505264191,231147710669192,231147711341520,55.280807469,-5.384860
1632,231147755327253,55.310779040,2505770187,2505772322,231147746603471,231147745235324,55.314701273,-10.091929
1633,231147806508412,55.361960199,2506787051,2506788585,231147814627335,231147813022930,55.382488879,6.514518
1634,231147826269159,55.381720946,2506787051,2506788585,231147814627335,231147813022930,55.382488879,-13.246229
1635,231147855560045,55.411011832,2507295484,2507298597,231147846673401,231147846916800,55.416382749,-8.643245
1636,231147891690744,55.447142531,2507803916,2507806723,231147882620882,231147880810604,55.450276553,-10.880140
1637,231147932428690,55.487880477,2508820780,2508822969,231147946660876,231147948598210,55.518064159,16.169520
1638,231147955008944,55.510460731,2508820780,2508822969,231147946660876,231147948598210,55.518064159,-6.410734
1639,231147990395262,55.545847049,2509329212,2509331110,231147982653152,231147982492014,55.551957963,-7.903248
1640,231148026740310,55.582192097,2509837644,2509839212,231148014612016,231148016385817,55.585851766,-10.354493
1641,231148070711396,55.626163183,2510854508,2510857320,231148082604312,231148084173424,55.653639373,13.462028
1642,231148089699469,55.645151256,2510854508,2510857320,231148082604312,231148084173424,55.653639373,-5.526045
1643,231148127327523,55.682779310,2511362941,2511365430,231148118660493,231148118067294,55.687533243,-9.260229
1644,231148156796217,55.712248004,2511871373,2511873556,231148150652278,231148151961097,55.721427046,-4.835120
1645,231148200391648,55.755843435,2512379805,2512381695,231148186644626,231148185854900,55.755320849,-14.536748
1646,231148227839190,55.783290977,2512888237,2512889838,231148218663664,231148219748703,55.789214652,-8.090487
1647,231148264123641,55.819575428,2513396669,2513399832,231148254621579,231148253642507,55.823108456,-10.481134
1648,231148294115480,55.849567267,2513905101,2513907929,231148286657485,231148287536310,55.857002259,-6.579170
1649,231148334533966,55.889985753,2514413534,2514416048,231148322577389,231148321430180,55.890896129,-13.103786
1650,231148360914011,55.916365798,2514921966,2514924187,231148354629148,231148355323983,55.924789932,-5.590028
1651,231148403279380,55.958731167,2515430398,2515432283,231148390605711,231148389217787,55.958683736,-14.061593
1652,231148431362721,55.986814508,2515938830,2515940396,231148422633589,231148423111590,55.992577539,-8.251131
1653,231148482368191,56.037819978,2516955694,2516958541,231148490583127,231148490899197,56.060365146,8.531006
1654,231148506440155,56.061891942,2516955694,2516958541,231148490583127,231148490899197,56.060365146,-15.540958
1655,231148534857873,56.090309660,2517464126,2517466685,231148526618266,231148524793000,56.094258949,-10.064873
1656,231148566645110,56.122096897,2517972558,2517974816,231148558615969,231148558686803,56.128152752,-7.958307
1657,231148609240641,56.164692428,2518480991,2518482956,231148590612601,231148592580673,56.162046622,-16.659968
1658,231148632668516,56.188120303,2518989423,2518991044,231148626640618,231148626474476,56.195940425,-6.194040
1659,231148666445537,56.221897324,2519497855,2519501022,231148658572636,231148660368280,56.229834229,-6.077257
1660,231148704206496,56.259658283,2520006287,2520009149,231148694629450,231148694262083,56.263728032,-9.944413
1661,231148749455079,56.304906866,2521023151,2521025423,231148762562716,231148762049690,56.331515639,12.594611
1662,231148781862373,56.337314160,2521531583,2521533580,231148794569614,231148795943493,56.365409442,14.081120
1663,231148804550755,56.360002542,2521531583,2521533580,231148794569614,231148795943493,56.365409442,-8.607262
1664,231148842083835,56.397535622,2522040016,2522041703,231148830553848,231148829837363,56.399303312,-12.246472
1665,231148897440213,56.452892000,2523056880,2523059828,231148898590578,231148897624970,56.467090919,0.184757
1666,231148921121467,56.476573254,2523565312,2523567967,231148930561699,231148931518773,56.500984722,10.397306
1667,231148940830045,56.496281832,2523565312,2523567967,231148930561699,231148931518773,56.500984722,-9.311272
1668,231148976714694,56.532166481,2524073744,2524076075,231148966570590,231148965412576,56.534878525,-11.302118
1669,231149021363713,56.576815500,2525090608,2525092331,231149034576914,231149033200183,56.602666132,11.836470
1670,231149041815323,56.597267110,2525090608,2525092331,231149034576914,231149033200183,56.602666132,-8.615140
1671,231149073310904,56.628762691,2525599040,2525602271,231149066556237,231149067093986,56.636559935,-6.216918
1672,231149116846874,56.672298661,2526107473,2526110377,231149102587502,231149100987856,56.670453805,-15.859018
1673,231149165467090,56.720918877,2527124337,2527126635,231149170564952,231149168775463,56.738241412,3.308373
1674,231149189892929,56.745344716,2527632769,2527634727,231149202581486,231149202669266,56.772135215,12.776337
1675,231149208732450,56.764184237,2527632769,2527634727,231149202581486,231149202669266,56.772135215,-6.063184
1676,231149244443111,56.799894898,2528141201,2528142839,231149234615413,231149236563069,56.806029018,-7.880042
1677,231149297213873,56.852665660,2529158065,2529160973,231149302542328,231149304350676,56.873816625,7.136803
1678,231149323091556,56.878543343,2529666497,2529669089,231149338574620,231149338244479,56.907710428,15.152923
1679,231149344878254,56.900330041,2529666497,2529669089,231149338574620,231149338244479,56.907710428,-6.633775
1680,231149377078398,56.932530185,2530174930,2530177220,231149370574044,231149372138349,56.941604298,-4.940049
1681,231149420377492,56.975829279,2530683362,2530685375,231149406528073,231149406032153,56.975498102,-14.345339
1682,231149449092886,57.004544673,2531191794,2531193514,231149438598206,231149439925956,57.009391905,-9.166930
1683,231149483513419,57.038965206,2531700226,2531703519,231149474570305,231149473819759,57.043285708,-9.693660
1684,231149514950866,57.070402653,2532208658,2532211631,231149506561868,231149507713563,57.077179512,-7.237303
1685,231149561410289,57.116862076,2533225522,2533227853,231149574569452,231149575501169,57.144967118,14.090880
1686,231149585975987,57.141427774,2533225522,2533227853,231149574569452,231149575501169,57.144967118,-10.474818
1687,231149620927755,57.176379542,2533733954,2533735965,231149610543371,231149609394973,57.178860922,-11.532782
1688,231149652872447,57.208324234,2534242387,2534244082,231149642528941,231149643288843,57.212754792,-9.583604
1689,231149700690631,57.256142418,2535259251,2535262215,231149710532413,231149711076449,57.280542398,10.385818
1690,231149723919883,57.279371670,2535259251,2535262215,231149710532413,231149711076449,57.280542398,-12.843434
1691,231149755452851,57.310904638,2535767683,2535770340,231149746554813,231149744970252,57.314436201,-10.482599
1692,231149790474207,57.345925994,2536276115,2536278450,231149778564300,231149778864056,57.348330005,-11.610151
1693,231149838539812,57.393991599,2537292979,2537294660,231149846528320,231149846651662,57.416117611,8.111850
1694,231149859128487,57.414580274,2537292979,2537294660,231149846528320,231149846651662,57.416117611,-12.476825
1695,231149884875020,57.440326807,2537801411,2537804642,231149882505179,231149880545466,57.450011415,-4.329554
1696,231149923580564,57.479032351,2538309844,2538312794,231149914507998,231149914439336,57.483905285,-9.141228
1697,231149977638390,57.533090177,2539326708,2539329062,231149982556586,231149982226942,57.551692891,4.588552
1698,231150004233331,57.559685118,2539835140,2539837210,231150014536698,231150016120746,57.585586695,11.887415
1699,231150030393296,57.585845083,2539835140,2539837210,231150014536698,231150016120746,57.585586695,-14.272550
1700,231150058814615,57.614266402,2540343572,2540345307,231150050525887,231150050014549,57.619480498,-8.800066
1701,231150104343550,57.659795337,2541360437,2541363488,231150118493407,231150117802222,57.687268171,13.458672
1702,231150127926507,57.683378294,2541360437,2541363488,231150118493407,231150117802222,57.687268171,-10.124285
1703,231150157110525,57.712562312,2541868868,2541871628,231150150553446,231150151695959,57.721161908,-5.414566
1704,231150200724483,57.756176270,2542377301,2542379715,231150186543728,231150185589829,57.755055778,-15.134654
1705,231150252580353,57.808032140,2543394165,2543396022,231150254523499,231150253377436,57.822843385,0.797083
1706,231150276370492,57.831822279,2543902597,2543904135,231150286534771,231150287271239,57.856737188,10.900747
1707,231150297087143,57.852538930,2543902597,2543904135,231150286534771,231150287271239,57.856737188,-9.815904
1708,231150329807892,57.885259679,2544411029,2544414144,231150322511289,231150321165042,57.890630991,-8.642850
1709,231150373445709,57.928897496,2545427894,2545430384,231150390486759,231150388952715,57.958418664,15.507006
1710,231150396552899,57.952004686,2545427894,2545430384,231150390486759,231150388952715,57.958418664,-7.600184
1711,231150429713499,57.985165286,2545936326,2545938501,231150422534824,231150422846519,57.992312468,-6.866980
1712,231150468677277,58.024129064,2546444758,2546446593,231150458498369,231150456740322,58.026206271,-11.936955
1713,231150514772769,58.070224556,2547461622,2547464700,231150526473475,231150524527929,58.093993878,9.755160
1714,231150536201368,58.091653155,2547461622,2547464700,231150526473475,231150524527929,58.093993878,-11.673439
1715,231150565172581,58.120624368,2547970054,2547972836,231150558530185,231150558421732,58.127887681,-6.750849
1716,231150599308022,58.154759809,2548478486,2548481016,231150590524688,231150592315535,58.161781484,-6.992487
1717,231150639413200,58.194864987,2548986918,2548989121,231150626525471,231150626209339,58.195675288,-13.203861
1718,231150666614355,58.222066142,2549495351,2549497237,231150658541514,231150660103209,58.229569158,-6.511146
1719,231150708790689,58.264242476,2550003783,2550005392,231150694530371,231150693997012,58.263462961,-14.793677
1720,231150736976678,58.292428465,2550512215,2550515367,231150726471634,231150727890815,58.297356764,-9.085863
1721,231150780384811,58.335836598,2551529079,2551531587,231150794497447,231150795678422,58.365144371,15.293611
1722,231150808601431,58.364053218,2551529079,2551531587,231150794497447,231150795678422,58.365144371,-12.923009
1723,231150838653110,58.394104897,2552037511,2552039756,231150830502162,231150829572225,58.399038174,-9.080885
1724,231150869490981,58.424942768,2552545943,2552547854,231150862496518,231150863466028,58.432931977,-6.024953
1725,231150910632872,58.466084659,2553054376,2553055983,231150898461168,231150897359898,58.466825847,-13.272974
1726,231150942123156,58.497574943,2553562808,2553565961,231150930574472,231150931253702,58.500719651,-10.869454
1727,231150975489047,58.530940834,2554071240,2554074074,231150966459005,231150965147505,58.534613454,-10.341542
1728,231151006674520,58.562126307,2554579672,2554582213,231150998524663,231150999041308,58.568507257,-7.633212
1729,231151052238650,58.607690437,2555596536,2555598448,231151066472972,231151066828915,58.636294864,14.590265
1730,231151075354542,58.630806329,2555596536,2555598448,231151066472972,231151066828915,58.636294864,-8.525627
1731,231151109745689,58.665197476,2556104968,2556106562,231151102503725,231151100722718,58.670188667,-9.022971
1732,231151147237243,58.702689030,2556613400,2556616555,231151134511087,231151134616522,58.704082471,-12.620721
1733,231151194555050,58.750006837,2557630265,2557632756,231151202519420,231151202404195,58.771870144,7.849145
1734,231151215223016,58.770674803,2557630265,2557632756,231151202519420,231151202404195,58.771870144,-12.818821
1735,231151242143508,58.797595295,2558138697,2558140876,231151234565325,231151236297998,58.805763947,-5.845510
1736,231151276759879,58.832211666,2558647129,2558649025,231151270438263,231151270191802,58.839657751,-6.568077
1737,231151318553999,58.874005786,2559155561,2559157169,231151302488149,231151304085605,58.873551554,-14.468394
1738,231151346529167,58.901980954,2559663993,2559667165,231151338474959,231151337979408,58.907445357,-8.549759
1739,231151377508788,58.932960575,2560172425,2560175285,231151370471037,231151371873211,58.941339160,-5.635577
1740,231151419820182,58.975271969,2560680857,2560683402,231151406449839,231151405767015,58.975232964,-14.053167
1741,231151470553680,59.026005467,2561697722,2561699691,231151474424509,231151473554688,59.043020637,3.001008
1742,231151494447078,59.049898865,2562206154,2562207828,231151506430914,231151507448491,59.076914440,13.001413
1743,231151514830705,59.070282492,2562206154,2562207828,231151506430914,231151507448491,59.076914440,-7.382214
1744,231151553668760,59.109120547,2562714586,2562717830,231151542474633,231151541342295,59.110808244,-12.326465
1745,231151602956137,59.158407924,2563731450,2563734122,231151610460629,231151609129901,59.178595850,6.173764
1746,231151624822023,59.180273810,2563731450,2563734122,231151610460629,231151609129901,59.178595850,-15.692122
1747,231151649491504,59.204943291,2564239882,2564242271,231151642481405,231151643023705,59.212489654,-6.467799
1748,231151690336210,59.245787997,2564748315,2564750394,231151678429466,231151676917575,59.246383524,-13.418635
1749,231151732882381,59.288334168,2565765179,2565768449,231151746496585,231151744705181,59.314171130,11.822800
1750,231151755738111,59.311189898,2565765179,2565768449,231151746496585,231151744705181,59.314171130,-11.032930
1751,231151787549866,59.343001653,2566273611,2566276566,231151778416302,231151778598985,59.348064934,-8.950881
1752,231151817461215,59.372913002,2566782043,2566784702,231151814414868,231151812492788,59.381958737,-4.968427
1753,231151863299077,59.418750864,2567290475,2567292822,231151846453276,231151846386591,59.415852540,-16.912486
1754,231151885683613,59.441135400,2567798907,2567800929,231151878432992,231151880280394,59.449746343,-5.403219
1755,231151927202544,59.482654331,2568307339,2568309030,231151914471084,231151914174198,59.483640147,-13.028346
1756,231151952764951,59.508216738,2568815772,2568819066,231151946456035,231151948068068,59.517534017,-4.696883
1757,231151993772332,59.549224119,2569324204,2569327204,231151982460148,231151981961871,59.551427820,-11.810461
1758,231152020596930,59.576048717,2569832636,2569835333,231152014437212,231152015855674,59.585321623,-4.741256
1759,231152061188004,59.616639791,2570341068,2570343483,231152050407947,231152049749478,59.619215427,-11.438526
1760,231152094161534,59.649613321,2570849500,2570851597,231152082402373,231152083643281,59.653109230,-10.518253
1761,231152134702305,59.690154092,2571866364,2571867845,231152150412060,231152151430888,59.720896837,16.728583
1762,231152183670309,59.739122096,2572374797,2572377854,231152186446878,231152185324758,59.754790707,1.654449
1763,231152209190913,59.764642700,2572883228,2572885954,231152218411536,231152219218494,59.788684443,10.027581
1764,231152236848227,59.792300014,2573391661,2573394093,231152254406763,231152253112364,59.822578313,16.264137
1765,231152260748539,59.816200326,2573391661,2573394093,231152254406763,231152253112364,59.822578313,-7.636175
1766,231152293481624,59.848933411,2573900093,2573902233,231152286431769,231152287006168,59.856472117,-6.475456
1767,231152328807006,59.884258793,2574408525,2574410372,231152322443761,231152320899971,59.890365920,-7.907035
1768,231152364086739,59.919538526,2574916957,2574918471,231152354396497,231152354793774,59.924259723,-9.292965
1769,231152402370658,59.957822445,2575425389,2575428469,231152390407449,231152388687578,59.958153527,-13.683080
1770,231152429513968,59.984965755,2575933821,2575936590,231152422443769,231152422581381,59.992047330,-6.932587
1771,231152471058756,60.026510543,2576442254,2576444734,231152458438669,231152456475251,60.025941200,-14.583505
1772,231152496972493,60.052424280,2576950686,2576952821,231152490442671,231152490369054,60.059835003,-6.603439
1773,231152530624341,60.086076128,2577459118,2577460944,231152522405876,231152524262857,60.093728806,-6.361484
1774,231152565840680,60.121292467,2577967550,2577969072,231152558374445,231152558156661,60.127622610,-7.684019
1775,231152603434968,60.158886755,2578475982,2578479072,231152590396767,231152592050464,60.161516413,-11.384504
1776,231152636276682,60.191728469,2578984414,2578987141,231152626416352,231152625944267,60.195410216,-10.332415
1777,231152669591452,60.225043239,2579492846,2579495276,231152658382692,231152659838071,60.229304020,-9.753381
1778,231152707894859,60.263346646,2580001278,2580003391,231152694420786,231152693731874,60.263197823,-14.162985
1779,231152754075937,60.309527724,2581018143,2581019642,231152762386184,231152761519547,60.330985496,7.443610
1780,231152778516404,60.333968191,2581526575,2581529682,231152794428306,231152795413351,60.364879300,16.896947
1781,231152800849341,60.356301128,2581526575,2581529682,231152794428306,231152795413351,60.364879300,-5.435990
1782,231152839325530,60.394777317,2582035007,2582037819,231152830356579,231152829307154,60.398773103,-10.018376
1783,231152893745934,60.449197721,2583051871,2583054060,231152898335642,231152897094761,60.466560710,3.348827
1784,231152915848188,60.471299975,2583560303,2583562155,231152930496343,231152930988564,60.500454513,15.140376
1785,231152936743929,60.492195716,2583560303,2583562155,231152930496343,231152930988564,60.500454513,-5.755365
1786,231152976655192,60.532106979,2584068736,2584070240,231152966341590,231152964882434,60.534348383,-11.772758
1787,231153020603195,60.576054982,2585085600,2585088394,231153034400392,231153032670040,60.602135989,12.066845
1788,231153041450844,60.596902631,2585085600,2585088394,231153034400392,231153032670040,60.602135989,-8.780804
1789,231153076317937,60.631769724,2585594032,2585596500,231153066353589,231153066563844,60.636029793,-9.754093
1790,231153111224314,60.666676101,2586102464,2586104608,231153102382855,231153100457647,60.669923596,-10.766667
1791,231153154063022,60.709514809,2587119328,2587120831,231153166363186,231153168245254,60.737711203,14.182232
1792,231153175083111,60.730534898,2587119328,2587120831,231153166363186,231153168245254,60.737711203,-6.837857
1793,231153211877822,60.767329609,2587627760,2587630846,231153202395121,231153202139057,60.771605006,-9.738765
1794,231153242868047,60.798319834,2588136193,2588138944,231153234400168,231153236032927,60.805498876,-6.835120
1795,231153292047446,60.847499233,2589153057,2589155216,231153302353412,231153303820534,60.873286483,11.773088
1796,231153309918590,60.865370377,2589153057,2589155216,231153302353412,231153303820534,60.873286483,-6.098056
1797,231153347529027,60.902980814,2589661489,2589663325,231153338337446,231153337714337,60.907180286,-9.814690
1798,231153381281549,60.936733336,2590169921,2590171449,231153370353375,231153371608140,60.941074089,-9.673409
1799,231153425306568,60.980758355,2591186785,2591189568,231153438329920,231153439395747,61.008861696,14.089179
1800,231153446623566,61.002075353,2591186785,2591189568,231153438329920,231153439395747,61.008861696,-7.227819
1801,231153488204768,61.043656555,2591695217,2591697686,231153474360911,231153473289550,61.042755499,-14.915218
1802,231153518695807,61.074147594,2592203650,2592205835,231153506373400,231153507183420,61.076649369,-11.512387
1803,231153568442415,61.123894202,2593220514,2593222076,231153574336171,231153574971027,61.144436976,6.528612
1804,231153588275674,61.143727461,2593220514,2593222076,231153574336171,231153574971027,61.144436976,-13.304647
1805,231153618971343,61.174423130,2593728946,2593732055,231153610387532,231153608864830,61.178330779,-10.106513
1806,231153651194737,61.206646524,2594237378,2594240209,231153642340841,231153642758633,61.212224582,-8.436104
1807,231153693281511,61.248733298,2594745810,2594748355,231153678320595,231153676652437,61.246118386,-16.629074
1808,231153717055217,61.272507004,2595254242,2595256473,231153710391232,231153710546240,61.280012189,-6.508977
1809,231153752550288,61.308002075,2595762674,2595764608,231153746338400,231153744440043,61.313905992,-8.110245
1810,231153790905274,61.346357061,2596271107,2596272721,231153778320288,231153778333913,61.347799862,-12.571361
1811,231153849740484,61.405192271,2597287971,2597290856,231153846317108,231153846121520,61.415587469,-3.618964
1812,231153874592856,61.430044643,2597796403,2597798989,231153878317531,231153880015323,61.449481272,5.422467
1813,231153892636961,61.448088748,2597796403,2597798989,231153878317531,231153880015323,61.449481272,-12.621638
1814,231153921797191,61.477248978,2598304835,2598307157,231153914339285,231153913909127,61.483375076,-7.888064
1815,231153965745508,61.521197295,2599321699,2599323391,231153982304535,231153981696733,61.551162682,15.951225
1816,231153988268223,61.543720010,2599321699,2599323391,231153982304535,231153981696733,61.551162682,-6.571490
1817,231154024876458,61.580328245,2599830131,2599833402,231154014333025,231154015590536,61.585056485,-9.285922
1818,231154059769677,61.615221464,2600338564,2600341516,231154050325909,231154049484406,61.618950355,-10.285271
1819,231154104262375,61.659714162,2601355428,2601357824,231154118337978,231154117272013,61.686737962,13.009638
1820,231154124950748,61.680402535,2601355428,2601357824,231154118337978,231154117272013,61.686737962,-7.678735
1821,231154157743766,61.713195553,2601863860,2601865923,231154150320417,231154151165816,61.720631765,-6.577950
1822,231154201706246,61.757158033,2602372292,2602374047,231154186335264,231154185059620,61.754525569,-16.646626
1823,231154246126742,61.801578529,2603389157,2603392189,231154254285361,231154252847293,61.822313242,6.720551
1824,231154271219233,61.826671020,2603897588,2603900297,231154286380173,231154286741030,61.856206979,15.521797
1825,231154292582793,61.848034580,2603897588,2603900297,231154286380173,231154286741030,61.856206979,-5.841763
1826,231154333781763,61.889233550,2604406021,2604408448,231154322293228,231154320634900,61.890100849,-13.146863
1827,231154382490735,61.937942522,2605422885,2605424708,231154390288509,231154388422506,61.957888455,5.931771
1828,231154403736470,61.959188257,2605422885,2605424708,231154390288509,231154388422506,61.957888455,-15.313964
1829,231154428536895,61.983988682,2605931317,2605932834,231154422365425,231154422316310,61.991782259,-6.220585
1830,231154464976550,62.020428337,2606439749,2606442835,231154454295162,231154456210113,62.025676062,-8.766437
1831,231154511453289,62.066905076,2607456614,2607459112,231154522291664,231154523997786,62.093463735,12.544497
1832,231154531118014,62.086569801,2607456614,2607459112,231154522291664,231154523997786,62.093463735,-7.120228
1833,231154568259967,62.123711754,2607965046,2607967257,231154558276373,231154557891590,62.127357539,-10.368377
1834,231154597564901,62.153016688,2608473478,2608475411,231154590281579,231154591785393,62.161251342,-5.779508
1835,231154638548511,62.194000298,2608981910,2608983512,231154626273168,231154625679196,62.195145145,-12.869315
1836,231154664744555,62.220196342,2609490342,2609493501,231154658273109,231154659572999,62.229038948,-5.171556
1837,231154703453979,62.258905766,2609998774,2610001629,231154694265114,231154693466803,62.262932752,-9.987176
1838,231154734273302,62.289725089,2610507206,2610509761,231154726292764,231154727360606,62.296826555,-6.912696
1839,231154773983224,62.329435011,2611015638,2611017881,231154762273208,231154761254409,62.330720358,-12.728815
1840,231154800385530,62.355837317,2611524071,2611525982,231154794271913,231154795148279,62.364614228,-5.237251
1841,231154841437745,62.396889532,2612032503,2612034110,231154830294184,231154829042083,62.398508032,-12.395662
1842,231154871577539,62.427029326,2612540935,2612544122,231154862316466,231154862935886,62.432401835,-8.641653
1843,231154917791424,62.473243211,2613557799,2613560366,231154930297190,231154930723493,62.500189442,12.932069
1844,231154936369834,62.491821621,2613557799,2613560366,231154930297190,231154930723493,62.500189442,-5.646341
1845,231154974677983,62.530129770,2614066231,2614068472,231154966243461,231154964617296,62.534083245,-10.060687
1846,231155006684156,62.562135943,2614574663,2614576594,231154998263276,231154998511099,62.567977048,-8.173057
1847,231155046999618,62.602451405,2615083096,2615084745,231155034233368,231155032404969,62.601870918,-14.594649
1848,231155072768091,62.628219878,2615591528,2615594743,231155066257120,231155066298772,62.635764721,-6.469319
1849,231155111360728,62.666812515,2616099960,2616102872,231155098299016,231155100192576,62.669658525,-11.168152
1850,231155147882241,62.703334028,2616608392,2616611034,231155134251111,231155134086379,62.703552328,-13.795862
1851,231155199411149,62.754862936,2617625256,2617627311,231155202291130,231155201873986,62.771339935,2.462837
1852,231155219217024,62.774668811,2618133688,2618135469,231155234270462,231155235767789,62.805233738,16.550765
1853,231155240464317,62.795916104,2618133688,2618135469,231155234270462,231155235767789,62.805233738,-4.696528
1854,231155280150430,62.835602217,2618642120,2618643602,231155270245944,231155269661592,62.839127541,-10.488838
1855,231155320238575,62.875690362,2619150553,2619153567,231155302273422,231155303555462,62.873021411,-16.683113
1856,231155347214136,62.902665923,2619658985,2619661644,231155338229807,231155337449266,62.906915215,-9.764870
1857,231155376519500,62.931971287,2620167417,2620169778,231155370265706,231155371343069,62.940809018,-5.176431
1858,231155416171604,62.971623391,2620675849,2620677910,231155406269324,231155405236872,62.974702821,-10.934732
1859,231155462475548,63.017927335,2621692713,2621696021,231155474215352,231155473024479,63.042490428,10.548931
1860,231155481647551,63.037099338,2621692713,2621696021,231155474215352,231155473024479,63.042490428,-8.623072
1861,231155514184887,63.069636674,2622201145,2622204133,231155506288225,231155506918282,63.076384231,-7.266605
1862,231155554798190,63.110249977,2622709577,2622712244,231155542230515,231155540812086,63.110278035,-13.986104
1863,231155597888683,63.153340470,2623726442,2623728470,231155610256820,231155608599759,63.178065708,10.711076
1864,231155618402597,63.173854384,2623726442,2623728470,231155610256820,231155608599759,63.178065708,-9.802838
1865,231155654409647,63.209861434,2624234874,2624236615,231155642230312,231155642493562,63.211959511,-11.916085
1866,231155685586639,63.241038426,2624743306,2624746588,231155678268381,231155676387365,63.245853314,-9.199274
1867,231155727221636,63.282673423,2625251738,2625254704,231155710232882,231155710281169,63.279747118,-16.940467
1868,231155751405533,63.306857320,2625760170,2625762831,231155742251940,231155744174972,63.313640921,-7.230561
1869,231155788882456,63.344334243,2626268602,2626270945,231155778217999,231155778068775,63.347534724,-10.813681
1870,231155821348521,63.376800308,2626777034,2626779078,231155810218007,231155811962579,63.381428528,-9.385942
1871,231155876908909,63.432360696,2627793899,2627797223,231155878221088,231155879750252,63.449216201,2.841343
1872,231155904557253,63.460009040,2628302331,2628305354,231155914303371,231155913644055,63.483110004,9.086802
1873,231155924920990,63.480372777,2628302331,2628305354,231155914303371,231155913644055,63.483110004,-11.276935
1874,231155962029850,63.517481637,2628810763,2628813521,231155946242544,231155947537859,63.517003808,-14.491991
1875,231156008480253,63.563932040,2629827627,2629829731,231156014208949,231156015325465,63.584791414,6.845212
1876,231156030817340,63.586269127,2629827627,2629829731,231156014208949,231156015325465,63.584791414,-15.491875
1877,231156057036040,63.612487827,2630336059,2630337895,231156050279881,231156049219269,63.618685218,-7.816771
1878,231156093012537,63.648464324,2630844491,2630845991,231156082203621,231156083113072,63.652579021,-9.899465
1879,231156134612261,63.690064048,2631861356,2631864146,231156150255787,231156150900745,63.720366694,16.288484
1880,231156161308527,63.716760314,2631861356,2631864146,231156150255787,231156150900745,63.720366694,-10.407782
1881,231156195942453,63.751394240,2632369788,2632372311,231156186210213,231156184794548,63.754260497,-11.147905
1882,231156225710139,63.781161926,2632878220,2632880424,231156218214650,231156218688352,63.788154301,-7.021787
1883,231156271945725,63.827397512,2633895084,2633896682,231156286192225,231156286475958,63.855941907,14.530233
1884,231156293297197,63.848748984,2633895084,2633896682,231156286192225,231156286475958,63.855941907,-6.821239
1885,231156335961631,63.891413418,2634403517,2634406674,231156322185289,231156320369828,63.889835777,-15.591803
1886,231156360600523,63.916052310,2634911948,2634914820,231156354191937,231156354263565,63.923729514,-6.336958
1887,231156401375584,63.956827371,2635420381,2635422938,231156386209329,231156388157435,63.957623384,-13.218149
1888,231156428350210,63.983801997,2635928813,2635931069,231156422183004,231156422051238,63.991517187,-6.298972
1889,231156460795031,64.016246818,2636437245,2636439207,231156454187403,231156455945042,64.025410991,-4.849989
1890,231156500145481,64.055597268,2636945677,2636947342,231156490184163,231156489838845,64.059304794,-10.306636
1891,231156545785299,64.101237086,2637962541,2637965452,231156558205169,231156557626452,64.127092401,11.841153
1892,231156569606585,64.125058372,2637962541,2637965452,231156558205169,231156557626452,64.127092401,-11.980133
1893,231156597362775,64.152814562,2638470974,2638473570,231156590176799,231156591520322,64.160986271,-5.842453
1894,231156636244710,64.191696497,2638979406,2638981702,231156626188320,231156625414125,64.194880074,-10.830585
1895,231156685906170,64.241357957,2639996270,2639997964,231156694189109,231156693201732,64.262667681,7.295562
1896,231156707092833,64.262544620,2639996270,2639997964,231156694189109,231156693201732,64.262667681,-13.891101
1897,231156733228351,64.288680138,2640504702,2640507943,231156726194602,231156727095535,64.296561484,-6.132816
1898,231156770741720,64.326193507,2641013134,2641016030,231156762160676,231156760989338,64.330455287,-9.752382
1899,231156817937176,64.373388963,2642029998,2642032353,231156830168183,231156828776945,64.398242894,10.839769
1900,231156841458452,64.396910239,2642029998,2642032353,231156830168183,231156828776945,64.398242894,-12.681507
1901,231156869101779,64.424553566,2642538431,2642540450,231156862166915,231156862670815,64.432136764,-6.430964
1902,231156907096730,64.462548517,2643046863,2643048554,231156898156867,231156896564618,64.466030567,-10.532112
1903,231156956890120,64.512341907,2644063727,2644066704,231156966186867,231156964352225,64.533818174,7.462105
1904,231156979347010,64.534798797,2644063727,2644066704,231156966186867,231156964352225,64.533818174,-14.994785
1905,231157004895821,64.560347608,2644572159,2644574818,231156998168426,231156998246028,64.567711977,-6.649793
1906,231157043395761,64.598847548,2645080591,2645082951,231157030218183,231157032139831,64.601605780,-11.255930
1907,231157091779391,64.647231178,2646097456,2646099208,231157098176922,231157099927505,64.669393454,8.148114
1908,231157114877114,64.670328901,2646097456,2646099208,231157098176922,231157099927505,64.669393454,-14.949609
1909,231157140675604,64.696127391,2646605888,2646609155,231157134149073,231157133821308,64.703287257,-6.854296
1910,231157173095922,64.728547709,2647114320,2647117276,231157166150317,231157167715111,64.737181060,-5.380811
1911,231157223341098,64.778792885,2648131184,2648133484,231157234165132,231157235502718,64.804968667,12.161620
1912,231157244724494,64.800176281,2648131184,2648133484,231157234165132,231157235502718,64.804968667,-9.221776
1913,231157278036558,64.833488345,2648639616,2648641608,231157270141090,231157269396521,64.838862470,-8.640037
1914,231157308472977,64.863924764,2649148048,2649149731,231157302138755,231157303290324,64.872756273,-5.182653
1915,231157355619904,64.911071691,2650164913,2650167899,231157370154715,231157371077998,64.940543947,15.458094
1916,231157376467470,64.931919257,2650164913,2650167899,231157370154715,231157371077998,64.940543947,-5.389472
1917,231157415654454,64.971106241,2650673345,2650676040,231157406161363,231157404971801,64.974437750,-10.682653
1918,231157448341521,65.003793308,2651181777,2651184163,231157438173884,231157438865604,65.008331553,-9.475917
1919,231157504706267,65.060158054,2652198641,2652200409,231157506149291,231157506653211,65.076119160,1.946944
1920,231157527887886,65.083339673,2652707073,2652708554,231157542164808,231157540547014,65.110012963,12.659128
1921,231157548795403,65.104247190,2652707073,2652708554,231157542164808,231157540547014,65.110012963,-8.248389
1922,231157583726748,65.139178535,2653215505,2653218589,231157574139973,231157574440818,65.143906767,-9.285930
1923,231157624971368,65.180423155,2653723937,2653726664,231157610119573,231157608334621,65.177800570,-16.636747
1924,231157652079079,65.207530866,2654232370,2654234796,231157642125323,231157642228491,65.211694440,-9.850588
1925,231157680875577,65.236327364,2654740802,2654742922,231157674154754,231157676122294,65.245588243,-4.753283
1926,231157725062515,65.280514302,2655249234,2655251071,231157710230117,231157710016098,65.279482047,-15.046417
1927,231157789079273,65.344531060,2656266098,2656269181,231157778144358,231157777803704,65.347269653,-11.275569
1928,231157811940899,65.367392686,2656774530,2656777333,231157810113290,231157811697507,65.381163456,-0.243392
1929,231157833268876,65.388720663,2657282962,2657285509,231157846120870,231157845591311,65.415057260,12.322435
1930,231157854298446,65.409750233,2657282962,2657285509,231157846120870,231157845591311,65.415057260,-8.707135
1931,231157911612520,65.467064307,2658299827,2658301849,231157914115720,231157913378984,65.482844933,1.766464
1932,231157932913413,65.488365200,2658808259,2658809958,231157946112845,231157947272787,65.516738736,14.359374
1933,231157952673830,65.508125617,2658808259,2658809958,231157946112845,231157947272787,65.516738736,-5.401043
1934,231157992457008,65.547908795,2659316691,2659319919,231157982109257,231157981166591,65.550632540,-11.290417
1935,231158044166632,65.599618419,2660333555,2660336191,231158050136480,231158048954197,65.618420146,4.787565
1936,231158072228673,65.627680460,2660841987,2660844289,231158082103121,231158082848001,65.652313950,10.619328
1937,231158094882831,65.650334618,2660841987,2660844289,231158082103121,231158082848001,65.652313950,-12.034830
1938,231158125123546,65.680575333,2661350419,2661352381,231158118131634,231158116741804,65.686207753,-8.381742
1939,231158177291356,65.732743143,2662367284,2662370527,231158186128214,231158184529477,65.753995426,7.238121
1940,231158200631528,65.756083315,2662367284,2662370527,231158186128214,231158184529477,65.753995426,-16.102051
1941,231158225094757,65.780546544,2662875716,2662878625,231158218135278,231158218423281,65.787889230,-6.671476
1942,231158263984468,65.819436255,2663384148,2663386731,231158254098108,231158252317084,65.821783033,-11.667384
1943,231158306703972,65.862155759,2664401012,2664402982,231158318135811,231158320104690,65.889570639,13.400718
1944,231158330014664,65.885466451,2664401012,2664402982,231158318135811,231158320104690,65.889570639,-9.909974
1945,231158360961152,65.916412939,2664909444,2664911102,231158354129538,231158353998494,65.923464443,-6.962658
1946,231158395769043,65.951220830,2665417877,2665421092,231158386224402,231158387892364,65.957358313,-7.876679
1947,231158437503362,65.992955149,2665926308,2665929211,231158422109318,231158421786100,65.991252049,-15.717262
1948,231158460203654,66.015655441,2666434741,2666437342,231158454112047,231158455679970,66.025145919,-4.523684
1949,231158498086575,66.053538362,2666943173,2666945520,231158490169802,231158489573774,66.059039723,-8.512801
1950,231158531570593,66.087022380,2667451605,2667453675,231158522110831,231158523467577,66.092933526,-8.103016
1951,231158590537684,66.145989471,2668468469,2668469945,231158590192080,231158591255184,66.160721133,0.717500
1952,231158615911527,66.171363314,2668976901,2668979936,231158626199717,231158625148987,66.194614936,9.237460
1953,231158634058613,66.189510400,2668976901,2668979936,231158626199717,231158625148987,66.194614936,-8.909626
1954,231158664429142,66.219880929,2669485334,2669488061,231158658086485,231158659042857,66.228508806,-5.386285
1955,231158714046795,66.269498582,2670502198,2670504321,231158726127339,231158726830464,66.296296413,12.783669
1956,231158737550035,66.293001822,2670502198,2670504321,231158726127339,231158726830464,66.296296413,-10.719571
1957,231158768713638,66.324165425,2671010630,2671012452,231158762077870,231158760724267,66.330190216,-7.989371
1958,231158800798219,66.356250006,2671519062,2671520594,231158794164789,231158794618070,66.364084019,-6.180149
1959,231158848466616,66.403918403,2672535926,2672538739,231158862186502,231158862405677,66.431871626,13.939061
1960,231158871993125,66.427444912,2672535926,2672538739,231158862186502,231158862405677,66.431871626,-9.587448
1961,231158905249753,66.460701540,2673044358,2673046829,231158898048435,231158896299480,66.465765429,-8.950273
1962,231158936948492,66.492400279,2673552791,2673554965,231158930075417,231158930193350,66.499659299,-6.755142
1963,231158991174176,66.546625963,2674569655,2674571210,231158998077270,231158997980957,66.567446906,6.806781
1964,231159013536517,66.568988304,2674569655,2674571210,231158998077270,231158997980957,66.567446906,-15.555560
1965,231159036512644,66.591964431,2675078087,2675081177,231159030226857,231159031874760,66.601340709,-4.637884
1966,231159075039039,66.630490826,2675586519,2675589303,231159066081974,231159065768563,66.635234512,-9.270476
1967,231159115974137,66.671425924,2676094951,2676097437,231159098067377,231159099662367,66.669128316,-16.311770
1968,231159140544126,66.695995913,2676603383,2676605540,231159134211280,231159133556170,66.703022119,-6.987956
1969,231159172845471,66.728297258,2677111816,2677113677,231159166082369,231159167450040,66.736915989,-5.395431
1970,231159210928226,66.766380013,2677620248,2677621796,231159202113655,231159201343843,66.770809792,-9.584383
1971,231159256074575,66.811526362,2678637112,2678639922,231159270063115,231159269131450,66.838597399,13.056875
1972,231159278312839,66.833764626,2678637112,2678639922,231159270063115,231159269131450,66.838597399,-9.181389
1973,231159310847774,66.866299561,2679145544,2679148017,231159302256975,231159303025253,66.872491202,-7.822521
1974,231159348933489,66.904385276,2679653976,2679656148,231159338108517,231159336919057,66.906385006,-12.014432
1975,231159399814531,66.955266318,2680670840,2680672394,231159406038047,231159404706663,66.974172612,4.892132
1976,231159419950148,66.975401935,2680670840,2680672394,231159406038047,231159404706663,66.974172612,-15.243485
1977,231159445530469,67.000982256,2681179273,2681182383,231159438099940,231159438600533,67.008066482,-6.929936
1978,231159480472521,67.035924308,2681687705,2681690515,231159474030691,231159472494336,67.041960285,-7.978185
1979,231159526314083,67.081765870,2682704569,2682706764,231159542075278,231159540281943,67.109747892,13.967860
1980,231159548556145,67.104007932,2682704569,2682706764,231159542075278,231159540281943,67.109747892,-8.274202
1981,231159586548263,67.142000050,2683213001,2683214894,231159574095763,231159574175746,67.143641695,-12.372517
1982,231159615968722,67.171420509,2683721433,2683723034,231159606112041,231159608069550,67.177535499,-7.899172
1983,231159676623503,67.232075290,2684738297,2684741200,231159674081603,231159675857156,67.245323105,-0.766347
1984,231159697088813,67.252540600,2685246730,2685249321,231159710051908,231159709751026,67.279216975,12.662213
1985,231159720249110,67.275700897,2685246730,2685249321,231159710051908,231159709751026,67.279216975,-10.498084
1986,231159748009030,67.303460817,2685755162,2685757423,231159742035987,231159743644830,67.313110779,-4.364200
1987,231159786502358,67.341954145,2686263594,2686265517,231159778040302,231159777538633,67.347004582,-8.963725
1988,231159816477156,67.371928943,2686772026,2686773665,231159810063448,231159811432436,67.380898385,-5.044720
1989,231159855300341,67.410752128,2687280458,2687283696,231159846058059,231159845326240,67.414792189,-9.974101
1990,231159891574525,67.447026312,2687788890,2687791807,231159878065009,231159879220043,67.448685992,-12.354482
1991,231159934077115,67.489528902,2688805755,2688808034,231159946065138,231159947007716,67.516473665,12.930601
1992,231159956658234,67.512110021,2688805755,2688808034,231159946065138,231159947007716,67.516473665,-9.650518
1993,231159993887571,67.549339358,2689314187,2689316135,231159982055464,231159980901519,67.550367468,-12.986052
1994,231160024536435,67.579988222,2689822619,2689824238,231160014077363,231160014795323,67.584261272,-9.741112
1995,231160074500463,67.629952250,2690839483,2690842349,231160082046881,231160082582929,67.652048878,8.082466
1996,231160098757247,67.654209034,2690839483,2690842349,231160082046881,231160082582929,67.652048878,-16.174318
1997,231160124259579,67.679711366,2691347915,2691350448,231160118054913,231160116476733,67.685942682,-7.782846
1998,231160156924526,67.712376313,2691856347,2691858621,231160150023711,231160150370536,67.719836485,-6.553990
1999,231160200551606,67.756003393,2692364779,2692366745,231160185989315,231160184264339,67.753730288,-16.287267
2000,231160224282093,67.779733880,2692873211,2692874873,231160218070681,231160218158143,67.787624092,-6.123950
2001,231160256579319,67.812031106,2693381644,2693384864,231160253982308,231160252052013,67.821517962,-4.527306
2002,231160298544208,67.853995995,2693890076,2693892991,231160286044672,231160285945816,67.855411765,-12.598392
2003,231160341645036,67.897096823,2694906940,2694909219,231160353990091,231160353733423,67.923199372,12.088387
2004,231160366116374,67.921568161,2694906940,2694909219,231160353990091,231160353733423,67.923199372,-12.382951
2005,231160392991716,67.948443503,2695415372,2695417353,231160386059337,231160387627226,67.957093175,-5.364490
2006,231160434965442,67.990417229,2695923804,2695925496,231160421993616,231160421521029,67.990986978,-13.444413
2007,231160481720074,68.037171861,2696940668,2696943644,231160489990841,231160489308636,68.058774585,7.588562
2008,231160499427842,68.054879629,2696940668,2696943644,231160489990841,231160489308636,68.058774585,-10.119206
2009,231160533136548,68.088588335,2697449101,2697451749,231160522041353,231160523202506,68.092668455,-9.934042
2010,231160564603244,68.120055031,2697957533,2697959882,231160557973817,231160557096309,68.126562258,-7.506935
2011,231160606467692,68.161919479,2698465965,2698468047,231160589998185,231160590990112,68.160456061,-15.477580
2012,231160648490795,68.203942582,2699482829,2699486110,231160657985403,231160658777719,68.228243668,10.286924
2013,231160681565122,68.237016909,2699991261,2699994245,231160694013875,231160692671522,68.262137471,11.106400
2014,231160709382310,68.264834097,2699991261,2699994245,231160694013875,231160692671522,68.262137471,-16.710788
2015,231160732289033,68.287740820,2700499694,2700502356,231160726066792,231160726565392,68.296031341,-5.723641
2016,231160770403992,68.325855779,2701008126,2701010471,231160761989095,231160760459196,68.329925145,-9.944796
2017,231160814924306,68.370376093,2702024990,2702026704,231160830137995,231160828246802,68.397712751,13.322496
2018,231160836280592,68.391732379,2702024990,2702026704,231160830137995,231160828246802,68.397712751,-8.033790
2019,231160868693099,68.424144886,2702533422,2702536694,231160862024872,231160862140606,68.431606555,-6.552493
2020,231160905299532,68.460751319,2703041854,2703044856,231160897998193,231160896034409,68.465500358,-9.265123
2021,231160959666878,68.515118665,2704058718,2704061099,231160961984750,231160963822016,68.533287965,4.155138
2022,231160987801044,68.543252831,2704567151,2704569216,231160997988844,231160997715885,68.567181834,9.914841
2023,231161006645535,68.562097322,2704567151,2704569216,231160997988844,231160997715885,68.567181834,-8.929650
2024,231161038811722,68.594263509,2705075583,2705077353,231161030038450,231161031609689,68.601075638,-7.202033
2025,231161091603339,68.647055126,2706092447,2706095470,231161098036205,231161099397295,68.668863244,7.793956
2026,231161114263247,68.669715034,2706092447,2706095470,231161098036205,231161099397295,68.668863244,-14.865952
2027,231161140971620,68.696423407,2706600879,2706603621,231161133966741,231161133291099,68.702757048,-7.680521
2028,231161173909838,68.729361625,2707109311,2707111752,231161165953131,231161167184902,68.736650851,-6.724936
2029,231161215397635,68.770849422,2707617743,2707619864,231161201986432,231161201078705,68.770544654,-14.318930
2030,231161240580250,68.796032037,2708126176,2708127947,231161234001727,231161234972575,68.804438524,-5.607675
2031,231161280585426,68.836037213,2708634608,2708636080,231161269990262,231161268866379,68.838332328,-11.719047
2032,231161309837009,68.865288796,2709143040,2709146065,231161301999942,231161302760182,68.872226131,-7.076827
2033,231161351913221,68.907365008,2709651472,2709654246,231161337955635,231161336653985,68.906119934,-15.259236
2034,231161376236915,68.931688702,2710159904,2710162356,231161370021621,231161370547789,68.940013738,-5.689126
2035,231161416309833,68.971761620,2710668336,2710670514,231161405983352,231161404441592,68.973907541,-11.868241
2036,231161445414743,69.000866530,2711176768,2711178630,231161437943075,231161438335395,69.007801344,-7.079348
2037,231161496810321,69.052262108,2712193633,2712196725,231161505980874,231161506123068,69.075589017,9.312747
2038,231161518381650,69.073833437,2712193633,2712196725,231161505980874,231161506123068,69.075589017,-12.258582
2039,231161544929937,69.100381724,2712702065,2712704863,231161541917500,231161540016872,69.109482821,-4.913065
2040,231161586216269,69.141668056,2713210497,2713212998,231161573984711,231161573910675,69.143376624,-12.305594
2041,231161633085581,69.188537368,2714227361,2714229254,231161641944088,231161641698282,69.211164231,8.612701
2042,231161652723531,69.208175318,2714227361,2714229254,231161641944088,231161641698282,69.211164231,-11.025249
2043,231161682920644,69.238372431,2714735793,2714737379,231161673969170,231161675592085,69.245058034,-7.328559
2044,231161717643056,69.273094843,2715244225,2715247413,231161709996537,231161709485888,69.278951837,-8.157168
2045,231161765528442,69.320980229,2716261090,2716263668,231161777931374,231161777273562,69.346739511,11.745120
2046,231161789442592,69.344894379,2716261090,2716263668,231161777931374,231161777273562,69.346739511,-12.169030
2047,231161818319325,69.373771112,2716769522,2716771798,231161809923328,231161811167365,69.380633314,-7.151960
2048,231161856648580,69.412100367,2717277954,2717279918,231161845965016,231161845061168,69.414527117,-11.587412
2049,231161903270823,69.458722610,2718294818,2718298000,231161913928584,231161912848775,69.482314724,9.577952
2050,231161923304733,69.478756520,2718294818,2718298000,231161913928584,231161912848775,69.482314724,-10.455958
2051,231161953236203,69.508687990,2718803250,2718806152,231161945924213,231161946742578,69.516208527,-6.493625
2052,231161989011443,69.544463230,2719311682,2719314249,231161981960571,231161980636382,69.550102331,-8.375061
2053,231162026676398,69.582128185,2719820115,2719822391,231162013952671,231162014530252,69.583996201,-12.146146
2054,231162058125908,69.613577695,2720328547,2720330509,231162049904871,231162048424055,69.617890004,-9.701853
2055,231162089236770,69.644688557,2720836979,2720838638,231162081952094,231162082317858,69.651783807,-6.918912
2056,231162127071034,69.682522821,2721345411,2721348611,231162117934102,231162116211661,69.685677610,-10.859373
2057,231162176915722,69.732367509,2722362275,2722364841,231162185889765,231162183999268,69.753465217,7.083546
2058,231162197429038,69.752880825,2722362275,2722364841,231162185889765,231162183999268,69.753465217,-13.429770
2059,231162225116422,69.780568209,2722870707,2722872944,231162217954947,231162217893071,69.787359020,-7.223351
2060,231162260373029,69.815824816,2723379139,2723381051,231162249917072,231162251786875,69.821252824,-8.586154
2061,231162305906686,69.861358473,2724396004,2724399164,231162317927303,231162319574548,69.889040497,13.667862
2062,231162328954436,69.884406223,2724396004,2724399164,231162317927303,231162319574548,69.889040497,-9.379888
2063,231162362579782,69.918031569,2724904436,2724907319,231162353899359,231162353468351,69.922934300,-9.111431
2064,231162395254534,69.950706321,2725412868,2725415447,231162385947623,231162387362155,69.956828104,-7.892379
2065,231162445193847,70.000645634,2726429732,2726431689,231162453898332,231162455149761,70.024615710,9.955914
2066,231162471817059,70.027268846,2726429732,2726431689,231162453898332,231162455149761,70.024615710,-16.667298
2067,231162496325930,70.051777717,2726938164,2726939794,231162489882130,231162489043565,70.058509514,-7.282365
2068,231162533491908,70.088943695,2727446597,2727449797,231162521886140,231162522937435,70.092403384,-10.554473
2069,231162586703738,70.142155525,2728463461,2728466063,231162589903313,231162590725041,70.160190990,4.021303
2070,231162612930059,70.168381846,2728971893,2728974204,231162625930524,231162624618844,70.194084793,11.688785
2071,231162635654464,70.191106251,2728971893,2728974204,231162625930524,231162624618844,70.194084793,-11.035620
2072,231162665316755,70.220768542,2729480325,2729482335,231162657937758,231162658512648,70.227978597,-6.804107
2073,231162710646743,70.266098530,2730497189,2730500480,231162725904680,231162726300254,70.295766203,15.653511
2074,231162734209353,70.289661140,2730497189,2730500480,231162725904680,231162726300254,70.295766203,-7.909099
2075,231162768160137,70.323611924,2731005621,2731008594,231162761891993,231162760194058,70.329660007,-7.966079
2076,231162803370035,70.358821822,2731514054,2731516733,231162793907876,231162794087928,70.363553877,-9.282107
2077,231162854647304,70.410099091,2732530918,2732532940,231162861923380,231162861875534,70.431341483,7.228230
2078,231162878920176,70.434371963,2733039350,2733041045,231162893933786,231162895769338,70.465235287,16.849162
2079,231162900124986,70.455576773,2733039350,2733041045,231162893933786,231162895769338,70.465235287,-4.355648
2080,231162939469816,70.494921603,2733547782,2733551065,231162929922306,231162929663141,70.499129090,-9.806675
2081,231162991908875,70.547360662,2734564646,2734567310,231162997869902,231162997450748,70.566916697,5.541873
2082,231163015798406,70.571250193,2735073078,2735075444,231163029864965,231163031344551,70.600810500,15.546145
2083,231163037223646,70.592675433,2735073078,2735075444,231163029864965,231163031344551,70.600810500,-5.879095
2084,231163073416552,70.628868339,2735581511,2735583596,231163065908294,231163065238421,70.634704370,-8.178131
2085,231163123263137,70.678714924,2736598375,2736599870,231163133878324,231163133026028,70.702491977,9.762891
2086,231163142777997,70.698229784,2736598375,2736599870,231163133878324,231163133026028,70.702491977,-9.751969
2087,231163172063194,70.727514981,2737106807,2737109886,231163165853172,231163166919831,70.736385780,-5.143363
2088,231163212814838,70.768266625,2737615239,2737618005,231163201877093,231163200813634,70.770279583,-12.001204
2089,231163262095078,70.817546865,2738632103,2738634258,231163269856963,231163268601241,70.838067190,6.506163
2090,231163284509133,70.839960920,2738632103,2738634258,231163269856963,231163268601241,70.838067190,-15.907892
2091,231163309031552,70.864483339,2739140536,2739142371,231163301894290,231163302495111,70.871961060,-6.536441
2092,231163348517930,70.903969717,2739648968,2739650480,231163337878591,231163336388914,70.905854863,-12.129016
2093,231163399225436,70.954677223,2740665832,2740668595,231163405869435,231163404176521,70.973642470,4.951085
2094,231163423943506,70.979395293,2741174264,2741176749,231163438033905,231163438070324,71.007536273,14.126818
2095,231163444258633,70.999710420,2741174264,2741176749,231163438033905,231163438070324,71.007536273,-6.188309
2096,231163477045457,71.032497244,2741682696,2741684851,231163473861467,231163471964127,71.041430076,-5.081330
2097,231163519686292,71.075138079,2742191128,2742193015,231163505864843,231163505857931,71.075323880,-13.828361
2098,231163545349886,71.100801673,2742699560,2742701174,231163537884078,231163539751734,71.109217683,-5.598152
2099,231163580363354,71.135815141,2743207993,2743211161,231163573836208,231163573645604,71.143111553,-6.717750
2100,231163613495055,71.168946842,2743716425,2743719282,231163605837598,231163607539407,71.177005356,-5.955648
2101,231163665422083,71.220873870,2744733289,2744735493,231163673865528,231163675327014,71.244792963,9.904931
2102,231163692658414,71.248110201,2745241721,2745243598,231163709837311,231163709220817,71.278686766,16.562403
2103,231163715841053,71.271292840,2745241721,2745243598,231163709837311,231163709220817,71.278686766,-6.620236
2104,231163748795358,71.304247145,2745750153,2745751693,231163741891335,231163743114620,71.312580569,-5.680738
2105,231163797515002,71.352966789,2746767017,2746769796,231163809827035,231163810902227,71.380368176,13.387225
2106,231163816307255,71.371759042,2746767017,2746769796,231163809827035,231163810902227,71.380368176,-5.405028
2107,231163859178590,71.414630377,2747275450,2747277965,231163845842723,231163844796097,71.414262046,-14.382493
2108,231163884150229,71.439602016,2747783882,2747786064,231163877879130,231163878689900,71.448155849,-5.460329
2109,231163925092365,71.480544152,2748292314,2748294213,231163913809600,231163912583704,71.482049653,-12.508661
2110,231163953102341,71.508554128,2748800746,2748802339,231163945870771,231163946477507,71.515943456,-6.624834
2111,231163991216231,71.546668018,2749309178,2749312335,231163981857582,231163980371310,71.549837259,-10.844921
2112,231164022066584,71.577518371,2749817610,2749820457,231164013886840,231164014265114,71.583731063,-7.801470
2113,231164065664677,71.621116464,2750834474,2750836714,231164081905930,231164082052720,71.651518669,16.388043
2114,231164088153211,71.643604998,2750834474,2750836714,231164081905930,231164082052720,71.651518669,-6.100491
2115,231164123942003,71.679393790,2751342907,2751344844,231164117799670,231164115946590,71.685412539,-7.995413
2116,231164160667730,71.716119517,2751851339,2751852958,231164149860953,231164149840394,71.719306343,-10.827336
2117,231164210510044,71.765961831,2752868203,2752871070,231164217819075,231164217628000,71.787093949,7.117956
2118,231164232187960,71.787639747,2752868203,2752871070,231164217819075,231164217628000,71.787093949,-14.559960
2119,231164256210510,71.811662297,2753376635,2753379190,231164249817133,231164251521803,71.820987752,-4.688707
2120,231164294270030,71.849721817,2753885067,2753887275,231164285842937,231164285415607,71.854881556,-8.854423
2121,231164336917336,71.892369123,2754901931,2754903534,231164353801649,231164353203213,71.922669162,16.285877
2122,231164360259763,71.915711550,2754901931,2754903534,231164353801649,231164353203213,71.922669162,-7.056550
2123,231164393313032,71.948764819,2755410364,2755413534,231164385835687,231164387097083,71.956563032,-6.215949
2124,231164434376954,71.989828741,2755918796,2755921675,231164421840842,231164420990887,71.990456836,-13.386067
2125,231164493531310,72.048983097,2756935660,2756937987,231164489809261,231164488778493,72.058244442,-4.752817
2126,231164516104293,72.071556080,2757444092,2757446094,231164521799827,231164522672297,72.092138246,6.568004
2127,231164538516784,72.093968571,2757444092,2757446094,231164521799827,231164522672297,72.092138246,-15.844487
2128,231164564576910,72.120028697,2757952524,2757954194,231164557798150,231164556566100,72.126032049,-8.010810
2129,231164610018200,72.165469987,2758969388,2758972283,231164625830967,231164624353707,72.193819656,14.335507
2130,231164633344714,72.188796501,2758969388,2758972283,231164625830967,231164624353707,72.193819656,-8.991007
2131,231164668244814,72.223696601,2759477821,2759480428,231164657825682,231164658247577,72.227713526,-9.997237
2132,231164709328547,72.264780334,2760494685,2760496659,231164725837905,231164726035183,72.295501132,16.706636
2133,231164732216116,72.287667903,2760494685,2760496659,231164725837905,231164726035183,72.295501132,-6.180933
2134,231164765439040,72.320890827,2761003117,2761004796,231164761768247,231164759928986,72.329394935,-5.510054
2135,231164801516857,72.356968644,2761511549,2761514815,231164793836744,231164793822790,72.363288739,-7.694067
2136,231164845963289,72.401415076,2762528414,2762531093,231164861837539,231164861610463,72.431076412,15.647174
2137,231164872743517,72.428195304,2762528414,2762531093,231164861837539,231164861610463,72.431076412,-11.133054
2138,231164906538038,72.461989825,2763036846,2763039259,231164893794742,231164895504266,72.464970215,-11.033772
2139,231164939558992,72.495010779,2763545278,2763547402,231164929818633,231164929398070,72.498864019,-10.160922
2140,231164994861423,72.550313210,2764562142,2764563635,231164997756558,231164997185676,72.566651625,2.324253
2141,231165023897356,72.579349143,2765070574,2765073623,231165029793598,231165031079480,72.600545429,7.182124
2142,231165043161724,72.598613511,2765070574,2765073623,231165029793598,231165031079480,72.600545429,-12.082244
2143,231165075609162,72.631060949,2765579006,2765581764,231165065775459,231165064973283,72.634439232,-10.635879
2144,231165115228071,72.670679858,2766087438,2766089865,231165097775210,231165098867086,72.668333035,-16.360985
2145,231165141060642,72.696512429,2766595871,2766598001,231165133824669,231165132760956,72.702226905,-8.299686
2146,231165171926806,72.727378593,2767104303,2767106139,231165165809480,231165166654760,72.736120709,-5.272046
2147,231165213954330,72.769406117,2767612735,2767614252,231165201752745,231165200548563,72.770014512,-13.405767
2148,231165256213393,72.811665180,2768629599,2768632400,231165269774671,231165268336170,72.837802119,12.122777
2149,231165281411772,72.836863559,2768629599,2768632400,231165269774671,231165268336170,72.837802119,-13.075602
2150,231165308597947,72.864049734,2769138031,2769140510,231165301788917,231165302229973,72.871695922,-6.367974
2151,231165350545399,72.905997186,2769646463,2769648623,231165337789744,231165336123776,72.905589725,-14.421623
2152,231165402654751,72.958106538,2770663328,2770664853,231165405723374,231165403911449,72.973377398,1.256698
2153,231165428116743,72.983568530,2771171760,2771174859,231165437765308,231165437805253,73.007271202,9.688510
2154,231165450509701,73.005961488,2771171760,2771174859,231165437765308,231165437805253,73.007271202,-12.704448
2155,231165478440757,73.033892544,2771680192,2771682991,231165469819908,231165471699056,73.041165005,-6.741701
2156,231165532225114,73.087676901,2772697056,2772699268,231165537791357,231165539486663,73.108952612,7.261549
2157,231165561716738,73.117168525,2773205488,2773207369,231165573734558,231165573380466,73.142846415,11.663728
2158,231165581433850,73.136885637,2773205488,2773207369,231165573734558,231165573380466,73.142846415,-8.053384
2159,231165617170053,73.172621840,2773713920,2773715526,231165605737708,231165607274269,73.176740218,-9.895784
2160,231165669786710,73.225238497,2774730785,2774733619,231165673802710,231165675061943,73.244527892,5.275233
2161,231165692070960,73.247522747,2775239217,2775241777,231165709761615,231165708955746,73.278421695,16.884786
2162,231165718383530,73.273835317,2775239217,2775241777,231165709761615,231165708955746,73.278421695,-9.427784
2163,231165748686655,73.304138442,2775747649,2775749900,231165741762599,231165742849549,73.312315498,-5.837106
2164,231165798745107,73.354196894,2776764513,2776766151,231165809738498,231165810637156,73.380103105,11.892049
2165,231165824155111,73.379606898,2776764513,2776766151,231165809738498,231165810637156,73.380103105,-13.517955
2166,231165857247106,73.412698893,2777272945,2777276188,231165845736235,231165844530959,73.413996908,-12.716147
2167,231165884999821,73.440451608,2777781377,2777784322,231165877785580,231165878424762,73.447890711,-6.575059
2168,231165927946339,73.483398126,2778289810,2778292481,231165913718706,231165912318632,73.481784581,-15.627707
2169,231165953186991,73.508638778,2778798242,2778800543,231165945772334,231165946212436,73.515678385,-6.974555
2170,231165993649749,73.549101536,2779306674,2779308642,231165981712178,231165980106239,73.549572188,-13.543510
2171,231166022527874,73.577979661,2779815106,2779816768,231166013764453,231166014000042,73.583465991,-8.527832
2172,231166084189601,73.639641388,2780831970,2780834872,231166081713361,231166081787649,73.651253598,-2.401952
2173,231166107098473,73.662550260,2781340402,2781342964,231166113729398,231166115681452,73.685147401,8.582979
2174,231166129361188,73.684812975,2781340402,2781342964,231166113729398,231166115681452,73.685147401,-13.679736
2175,231166157194722,73.712646509,2781848835,2781851100,231166149747173,231166149575322,73.719041271,-7.619400
2176,231166200564009,73.756015796,2782865699,2782867357,231166217759292,231166217362929,73.786828878,16.798920
2177,231166223959147,73.779410934,2782865699,2782867357,231166217759292,231166217362929,73.786828878,-6.596218
2178,231166256547574,73.811999361,2783374131,2783377353,231166249708004,231166251256732,73.820722681,-5.290842
2179,231166299458872,73.854910659,2783882563,2783885495,231166285708187,231166285150536,73.854616485,-14.308336
2180,231166347177887,73.902629674,2784899427,2784901746,231166353703520,231166352938142,73.922404091,5.760255
2181,231166375112698,73.930564485,2785407859,2785409873,231166385705297,231166386831945,73.956297894,11.719247
2182,231166398782740,73.954234527,2785407859,2785409873,231166385705297,231166386831945,73.956297894,-11.950795
2183,231166428577097,73.984028884,2785916291,2785917987,231166421695941,231166420725749,73.990191698,-7.851348
2184,231166471904272,74.027356059,2786933156,2786936081,231166489766252,231166488513422,74.057979371,16.609150
2185,231166497033341,74.052485128,2786933156,2786936081,231166489766252,231166488513422,74.057979371,-8.519919
2186,231166533067634,74.088519421,2787441588,2787444242,231166521742783,231166522407225,74.091873174,-10.660409
2187,231166567995631,74.123447418,2787950020,2787952372,231166557727648,231166556301029,74.125766978,-11.694602
2188,231166612511644,74.167963431,2788966884,2788968595,231166625841447,231166624088635,74.193554584,11.576991
2189,231166635812646,74.191264433,2788966884,2788968595,231166625841447,231166624088635,74.193554584,-11.724011
2190,231166664004786,74.219456573,2789475317,2789478617,231166657745198,231166657982505,74.227448454,-6.022281
2191,231166706760125,74.262211912,2789983748,2789986721,231166693720665,231166691876242,74.261342191,-14.883883
2192,231166752370772,74.307822559,2791000613,2791002931,231166757727781,231166759663915,74.329129864,7.293143
2193,231166773629682,74.329081469,2791000613,2791002931,231166757727781,231166759663915,74.329129864,-13.965767
2194,231166801909139,74.357360926,2791509045,2791511067,231166793814244,231166793557719,74.363023668,-8.351420
2195,231166835973278,74.391425065,2792017477,2792019186,231166825812465,231166827451522,74.396917471,-8.521756
2196,231166887050046,74.442501833,2793034341,2793037308,231166893683447,231166895239128,74.464705077,8.189082
2197,231166911510461,74.466962248,2793034341,2793037308,231166893683447,231166895239128,74.464705077,-16.271333
2198,231166936134715,74.491586502,2793542774,2793545427,231166929733262,231166929132998,74.498598947,-7.001717
2199,231166968735076,74.524186863,2794051206,2794053519,231166961712038,231166963026802,74.532492751,-5.708274
2200,231167017071720,74.572523507,2795068070,2795069764,231167029677718,231167030814408,74.600280357,13.742688
2201,231167042200206,74.597651993,2795068070,2795069764,231167029677718,231167030814408,74.600280357,-11.385798
2202,231167072436227,74.627888014,2795576502,2795579730,231167065722477,231167064708212,74.634174161,-7.728015
2203,231167104233969,74.659685756,2796084934,2796087873,231167097829467,231167098602015,74.668067964,-5.631954
2204,231167149237810,74.704689597,2796593366,2796596004,231167133698376,231167132495818,74.701961767,-16.741992
2205,231167178587438,74.734039225,2797101798,2797104147,231167165703336,231167166389622,74.735855571,-12.197816
2206,231167208102448,74.763554235,2797610231,2797612272,231167201779435,231167200283492,74.769749441,-7.818956
2207,231167245747130,74.801198917,2798118663,2798120421,231167233839990,231167234177295,74.803643244,-11.569835
2208,231167298822001,74.854273788,2799135527,2799138519,231167301773903,231167301964902,74.871430851,3.142901
2209,231167320262543,74.875714330,2799643959,2799646635,231167337756796,231167335858705,74.905324654,15.596162
2210,231167344307988,74.899759775,2799643959,2799646635,231167337756796,231167335858705,74.905324654,-8.449283
2211,231167376760408,74.932212195,2800152391,2800154778,231167369669502,231167369752508,74.939218457,-7.007900
2212,231167420883864,74.976335651,2801169256,2801171004,231167437657202,231167437540181,75.007006130,16.656317
2213,231167445270008,75.000721795,2801169256,2801171004,231167437657202,231167437540181,75.007006130,-7.729827
2214,231167476269187,75.031720974,2801677688,2801681004,231167469652261,231167471433985,75.040899934,-4.835202
2215,231167518663313,75.074115100,2802186120,2802189106,231167505797234,231167505327788,75.074793737,-13.335525
2216,231167567421140,75.122872927,2803202984,2803205349,231167573641205,231167573115395,75.142581344,5.694255
2217,231167591060937,75.146512724,2803711416,2803713443,231167605807921,231167607009198,75.176475147,15.948261
2218,231167612530795,75.167982582,2803711416,2803713443,231167605807921,231167607009198,75.176475147,-5.521597
2219,231167655926304,75.211378091,2804219848,2804221568,231167641780334,231167640903001,75.210368950,-15.023303
2220,231167703748191,75.259199978,2805236713,2805239705,231167709680204,231167708690675,75.278156624,4.942484
2221,231167727382852,75.282834639,2805745145,2805747817,231167741632500,231167742584478,75.312050427,15.201626
2222,231167764113941,75.319565728,2806253577,2806255915,231167777627694,231167776478281,75.345944230,12.364340
2223,231167791272940,75.346724727,2806253577,2806255915,231167777627694,231167776478281,75.345944230,-14.794659
2224,231167817772724,75.373224511,2806762009,2806764034,231167809748313,231167810372085,75.379838034,-7.400639
2225,231167856567185,75.412018972,2807270441,2807272159,231167845749188,231167844265888,75.413731837,-12.301297
2226,231167903862703,75.459314490,2808287305,2808290245,231167913638418,231167912053495,75.481519444,8.190792
2227,231167929859424,75.485311211,2808795737,2808798370,231167945786867,231167945947298,75.515413247,16.087874
2228,231167953472482,75.508924269,2808795737,2808798370,231167945786867,231167945947298,75.515413247,-7.525184
2229,231167988705485,75.544157272,2809304170,2809306523,231167981737190,231167979841168,75.549307117,-8.864317
2230,231168030767118,75.586218905,2810321034,2810322723,231168045650041,231168047628774,75.617094723,16.861656
2231,231168052822706,75.608274493,2810321034,2810322723,231168045650041,231168047628774,75.617094723,-5.193932
2232,231168092432847,75.647884634,2810829466,2810832736,231168081723279,231168081522578,75.650988527,-10.910269
2233,231168120564930,75.676016717,2811337898,2811340799,231168113775413,231168115416381,75.684882330,-5.148549
2234,231168164463226,75.719915013,2811846330,2811848916,231168149650583,231168149310184,75.718776133,-15.153042
2235,231168191024726,75.746476513,2812354762,2812357035,231168181725337,231168183203988,75.752669937,-7.820738
2236,231168228237271,75.783689058,2812863194,2812865155,231168217775028,231168217097791,75.786563740,-11.139480
2237,231168256593579,75.812045366,2813371627,2813373318,231168249609008,231168250991661,75.820457610,-5.601918
2238,231168307901741,75.863353528,2814388491,2814391448,231168317621537,231168318779268,75.888245217,10.877527
2239,231168326318502,75.881770289,2814388491,2814391448,231168317621537,231168318779268,75.888245217,-7.539234
2240,231168361589338,75.917041125,2814896923,2814899542,231168353705641,231168352673071,75.922139020,-8.916267
2241,231168396676558,75.952128345,2815405355,2815407650,231168385724871,231168386566874,75.956032823,-10.109684
2242,231168437337990,75.992789777,2815913787,2815915781,231168421592573,231168420460678,75.989926627,-16.877312
2243,231168460333282,76.015785069,2816422219,2816423897,231168453612495,231168454354481,76.023820430,-5.978801
2244,231168496919969,76.052371756,2816930651,2816933911,231168489691386,231168488248284,76.057714233,-8.671685
2245,231168529168873,76.084620660,2817439084,2817442043,231168521716271,231168522142154,76.091608103,-7.026719
2246,231168566565812,76.122017599,2817947516,2817950157,231168557610722,231168556035957,76.125501906,-10.529855
2247,231168596519354,76.151971141,2818455948,2818458269,231168589745639,231168589929761,76.159395710,-6.589593
2248,231168635043610,76.190495397,2818964380,2818966417,231168625636238,231168623823564,76.193289513,-11.220046
2249,231168665471513,76.220923300,2819472812,2819474562,231168657710816,231168657717367,76.227183316,-7.754146
2250,231168708909883,76.264361670,2820489677,2820492665,231168725621300,231168725505041,76.294970990,16.595158
2251,231168732414360,76.287866147,2820489677,2820492665,231168725621300,231168725505041,76.294970990,-6.909319
2252,231168763855545,76.319307332,2820998108,2821000794,231168757640745,231168759398777,76.328864726,-4.456768
2253,231168807078477,76.362530264,2821506541,2821508918,231168793589235,231168793292647,76.362758596,-13.785830
2254,231168850042426,76.405494213,2822523405,2822525191,231168861590801,231168861080254,76.430546203,11.037828
2255,231168873389515,76.428841302,2822523405,2822525191,231168861590801,231168861080254,76.430546203,-12.309261
2256,231168900345486,76.455797273,2823031837,2823033330,231168893759126,231168894974057,76.464440006,-5.371429
2257,231168941393135,76.496844922,2823540269,2823543327,231168929699595,231168928867861,76.498333810,-12.525274
2258,231168994953202,76.550404989,2824557134,2824559587,231168997563721,231168996655534,76.566121483,1.702332
2259,231169018627324,76.574079111,2825065566,2825067719,231169029580800,231169030549337,76.600015286,11.922013
2260,231169037523699,76.592975486,2825065566,2825067719,231169029580800,231169030549337,76.600015286,-6.974362
2261,231169075574129,76.631025916,2825573998,2825575837,231169065566510,231169064443140,76.633909089,-11.130989
2262,231169120099755,76.675551542,2826590862,2826593963,231169133558489,231169132230747,76.701696696,12.130992
2263,231169151908734,76.707360521,2827099294,2827102062,231169165570890,231169166124550,76.735590499,14.215816
2264,231169175034824,76.730486611,2827099294,2827102062,231169165570890,231169166124550,76.735590499,-8.910274
2265,231169210349431,76.765801218,2827607726,2827610192,231169201592101,231169200018354,76.769484303,-10.331077
2266,231169243200349,76.798652136,2828116158,2828118316,231169233618319,231169233912157,76.803378106,-9.288192
2267,231169288069019,76.843520806,2829133023,2829134612,231169301585216,231169301699830,76.871165779,13.630811
2268,231169309043326,76.864495113,2829133023,2829134612,231169301585216,231169301699830,76.871165779,-7.343496
2269,231169342760009,76.898211796,2829641455,2829644608,231169337583955,231169335593634,76.905059583,-7.166375
2270,231169375720626,76.931172413,2830149887,2830152780,231169369632322,231169369487437,76.938953386,-6.233189
2271,231169411889442,76.967341229,2830658319,2830660899,231169401557333,231169403381240,76.972847189,-8.508202
2272,231169448938679,77.004390466,2831166751,2831169039,231169437622951,231169437275044,77.006740993,-11.663635
2273,231169483110462,77.038562249,2831675183,2831677125,231169469557705,231169471168847,77.040634796,-11.941615
2274,231169515050463,77.070502250,2832183616,2832185274,231169505609443,231169505062717,77.074528666,-9.987746
2275,231169554204036,77.109655823,2832692048,2832695264,231169537557312,231169538956520,77.108422469,-15.247516
2276,231169584128127,77.139579914,2833200480,2833203373,231169573579089,231169572850323,77.142316272,-11.277804
2277,231169613998637,77.169450424,2833708912,2833711433,231169605588178,231169606744127,77.176210076,-7.254510
2278,231169655185384,77.210637171,2834217344,2834219603,231169641562969,231169640637930,77.210103879,-14.547454
2279,231169704250841,77.259702628,2835234208,2835235870,231169709558104,231169708425537,77.277891486,4.174696
2280,231169722945363,77.278397150,2835234208,2835235870,231169709558104,231169708425537,77.277891486,-14.519826
2281,231169747970135,77.303421922,2835742640,2835745865,231169741588855,231169742319340,77.311785289,-5.650795
2282,231169789992792,77.345444579,2836251073,2836253999,231169777558353,231169776213210,77.345679159,-13.779582
2283,231169831153861,77.386605648,2837267937,2837270250,231169845506313,231169844000817,77.413466766,12.846956
2284,231169852707840,77.408159627,2837267937,2837270250,231169845506313,231169844000817,77.413466766,-8.707023
2285,231169886673359,77.442125146,2837776369,2837778351,231169877534148,231169877894620,77.447360569,-8.778739
2286,231169926360557,77.481812344,2838284801,2838286504,231169913544721,231169911788423,77.481254372,-14.572134
2287,231169979044472,77.534496259,2839301665,2839304656,231169981500085,231169979576030,77.549041979,0.531558
2288,231170002490225,77.557942012,2839810097,2839812744,231170013570954,231170013469833,77.582935782,10.979608
2289,231170025347432,77.580799219,2839810097,2839812744,231170013570954,231170013469833,77.582935782,-11.877599
2290,231170052849189,77.608300976,2840318530,2840320878,231170045580358,231170047363703,77.616829652,-5.485486
2291,231170103626914,77.659078701,2841335394,2841337085,231170113542695,231170115151310,77.684617259,11.524396
2292,231170126782401,77.682234188,2841335394,2841337085,231170113542695,231170115151310,77.684617259,-11.631091
2293,231170156015448,77.711467235,2841843826,2841847082,231170149510409,231170149045113,77.718511062,-6.970335
2294,231170191206671,77.746658458,2842352258,2842355232,231170181514192,231170182938916,77.752404865,-8.267755
2295,231170243850184,77.799301971,2843369122,2843371459,231170249541258,231170250726523,77.820192472,6.876339
2296,231170271318384,77.826770171,2843877554,2843879600,231170285616816,231170284620326,77.854086275,13.301942
2297,231170293520252,77.848972039,2843877554,2843879600,231170285616816,231170284620326,77.854086275,-8.899926
2298,231170329821448,77.885273235,2844385987,2844387738,231170317505357,231170318514196,77.887980145,-11.307252
2299,231170384845301,77.940297088,2845402851,2845405814,231170385501222,231170386301803,77.955767752,1.456502
2300,231170407769375,77.963221162,2845911283,2845913927,231170421654934,231170420195606,77.989661555,12.426231
2301,231170428056894,77.983508681,2845911283,2845913927,231170421654934,231170420195606,77.989661555,-7.861288
2302,231170461838394,78.017290181,2846419715,2846422066,231170453522992,231170454089410,78.023555359,-7.748984
2303,231170504016075,78.059467862,2846928147,2846930173,231170489503413,231170487983213,78.057449162,-16.032862
2304,231170527799933,78.083251720,2847436579,2847438294,231170521561237,231170521877016,78.091342965,-5.922917
2305,231170564931148,78.120382935,2847945011,2847948316,231170557530413,231170555770820,78.125236769,-9.160328
2306,231170601530390,78.156982177,2848453444,2848456427,231170589520217,231170589664690,78.159130639,-11.865700
2307,231170641998882,78.197450669,2849470308,2849472662,231170657489621,231170657452296,78.226918245,15.453414
2308,231170666016042,78.221467829,2849470308,2849472662,231170657489621,231170657452296,78.226918245,-8.563746
2309,231170700825094,78.256276881,2849978740,2849980772,231170689544106,231170691346099,78.260812048,-9.478995
2310,231170736394993,78.291846780,2850487172,2850488864,231170725543467,231170725239903,78.294705852,-11.155090
2311,231170783946861,78.339398648,2851504037,2851506992,231170793510041,231170793027576,78.362493525,9.080715
2312,231170808162000,78.363613787,2851504037,2851506992,231170793510041,231170793027576,78.362493525,-15.134424
2313,231170831925218,78.387377005,2852012468,2852015102,231170825589287,231170826921313,78.396387262,-5.003905
2314,231170869761549,78.425213336,2852520901,2852523208,231170861475567,231170860815183,78.430281132,-8.946366
2315,231170911975767,78.467427554,2853537765,2853539422,231170929537152,231170928602789,78.498068738,16.627022
2316,231170936554417,78.492006204,2853537765,2853539422,231170929537152,231170928602789,78.498068738,-7.951628
2317,231170969416989,78.524868776,2854046197,2854049459,231170961585217,231170962496593,78.531962542,-6.920396
2318,231171005410220,78.560862007,2854554629,2854557579,231170997625426,231170996390396,78.565856345,-9.019824
2319,231171046785379,78.602237166,2855063061,2855065704,231171029487930,231171030284199,78.599750148,-16.501180
2320,231171075337287,78.630789074,2855571494,2855573826,231171065473243,231171064178069,78.633644018,-11.159218
2321,231171104900776,78.660352563,2856079926,2856081997,231171097563625,231171098071873,78.667537822,-6.828903
2322,231171142220537,78.697672324,2856588358,2856590118,231171133520044,231171131965676,78.701431625,-10.254861
2323,231171190549870,78.746001657,2857605222,2857608215,231171201449308,231171199753282,78.769219231,9.203412
2324,231171211312541,78.766764328,2857605222,2857608215,231171201449308,231171199753282,78.769219231,-11.559259
2325,231171244328231,78.799780018,2858113654,2858116350,231171233645571,231171233647086,78.803113035,-10.681145
2326,231171274328473,78.829780260,2858622086,2858624474,231171269443321,231171267540889,78.837006838,-6.787584
2327,231171316137817,78.871589604,2859130518,2859132573,231171301487418,231171301434692,78.870900641,-14.703125
2328,231171340168742,78.895620529,2859638951,2859640694,231171333518153,231171335328562,78.904794511,-4.840180
2329,231171377822825,78.933274612,2860147383,2860150661,231171369627335,231171369222366,78.938688315,-8.600459
2330,231171409236107,78.964687894,2860655815,2860658787,231171401528746,231171403116169,78.972582118,-6.119938
2331,231171450253988,79.005705775,2861164247,2861166912,231171437568582,231171437009972,79.006475921,-13.244016
2332,231171477187367,79.032639154,2861672679,2861675081,231171469495484,231171470903776,79.040369725,-6.283591
2333,231171516466537,79.071918324,2862181111,2862183181,231171505573306,231171504797579,79.074263528,-11.668958
2334,231171544133217,79.099585004,2862689543,2862691345,231171537594040,231171538691382,79.108157331,-5.441835
2335,231171591498043,79.146949830,2863706408,2863709473,231171605509910,231171606479056,79.175945005,14.981013
2336,231171612571151,79.168022938,2863706408,2863709473,231171605509910,231171606479056,79.175945005,-6.092095
2337,231171653104773,79.208556560,2864214840,2864217606,231171641613483,231171640372859,79.209838808,-12.731914
2338,231171682062223,79.237514010,2864723272,2864725705,231171673555718,231171674266662,79.243732611,-7.795561
2339,231171722191098,79.277642885,2865231704,2865233806,231171709469743,231171708160466,79.277626415,-14.030632
2340,231171747900613,79.303352400,2865740136,2865741934,231171741622505,231171742054269,79.311520218,-5.846344
2341,231171785773118,79.341224905,2866248568,2866250028,231171777539302,231171775948072,79.345414021,-9.825046
2342,231171816447578,79.371899365,2866757000,2866760058,231171809446227,231171809841875,79.379307824,-6.605703
2343,231171862834276,79.418286063,2867773865,2867776286,231171877488024,231171877629549,79.447095498,14.795273
2344,231171886470562,79.441922349,2867773865,2867776286,231171877488024,231171877629549,79.447095498,-8.841013
2345,231171917521584,79.472973371,2868282297,2868284378,231171913451411,231171911523352,79.480989301,-5.998232
2346,231171956025432,79.511477219,2868790729,2868792479,231171945434333,231171945417155,79.514883104,-10.608277
2347,231171996798276,79.552250063,2869807593,2869810643,231172013427825,231172013204762,79.582670711,16.406486
2348,231172019832910,79.575284697,2869807593,2869810643,231172013427825,231172013204762,79.582670711,-6.628148
2349,231172057281950,79.612733737,2870316025,2870318768,231172045465860,231172047098565,79.616564514,-10.183385
2350,231172088346162,79.643797949,2870824457,2870826873,231172081419215,231172080992369,79.650458318,-7.353793
2351,231172140993066,79.696444853,2871841322,2871843096,231172149425618,231172148780042,79.718245991,7.786976
2352,231172169271476,79.724723263,2872349754,2872351263,231172181417395,231172182673845,79.752139794,13.402369
2353,231172187750177,79.743201964,2872349754,2872351263,231172181417395,231172182673845,79.752139794,-5.076332
2354,231172225057194,79.780508981,2872858186,2872861278,231172217433896,231172216567648,79.786033597,-8.489546
2355,231172266560149,79.822011936,2873366618,2873369393,231172249424030,231172250461452,79.819927401,-16.098697
2356,231172292189715,79.847641502,2873875050,2873877493,231172285403748,231172284355255,79.853821204,-7.834460
2357,231172329399610,79.884851397,2874383482,2874385637,231172317415826,231172318249058,79.887715007,-11.150552
2358,231172361164863,79.916616650,2874891915,2874893779,231172353408546,231172352142928,79.921608877,-9.021935
2359,231172408456850,79.963908637,2875908779,2875911858,231172421400195,231172419930535,79.989396484,11.473685
2360,231172431993089,79.987444876,2875908779,2875911858,231172421400195,231172419930535,79.989396484,-12.062554
2361,231172461198003,80.016649790,2876417211,2876419979,231172453440648,231172453824338,80.023290287,-7.373665
2362,231172497514541,80.052966328,2876925643,2876928126,231172489442743,231172487718142,80.057184091,-9.796399
2363,231172538979806,80.094431593,2877942507,2877944339,231172557404583,231172555505748,80.124971697,16.525942
2364,231172562370845,80.117822632,2877942507,2877944339,231172557404583,231172555505748,80.124971697,-6.865097
2365,231172600406270,80.155858057,2878450939,2878452467,231172589442339,231172589399552,80.158865501,-11.006718
2366,231172631436481,80.186888268,2878959371,2878962445,231172621471373,231172623293355,80.192759304,-8.143126
2367,231172684739816,80.240191603,2879976236,2879978714,231172689400202,231172691081028,80.260546977,6.341212
2368,231172711452064,80.266903851,2880484668,2880486808,231172725389259,231172724974832,80.294440781,13.522768
2369,231172731571643,80.287023430,2880484668,2880486808,231172725389259,231172724974832,80.294440781,-6.596811
2370,231172769772884,80.325224671,2880993100,2880994919,231172757386406,231172758868635,80.328334584,-10.904249
2371,231172813294356,80.368746143,2882009964,2882013045,231172825423814,231172826656241,80.396122190,13.361885
2372,231172831496037,80.386947824,2882009964,2882013045,231172825423814,231172826656241,80.396122190,-4.839796
2373,231172871623650,80.427075437,2882518397,2882521170,231172861393866,231172860550111,80.430016060,-11.073539
2374,231172906060935,80.461512722,2883026828,2883029306,231172893383047,231172894443848,80.463909797,-11.617087
2375,231172951424102,80.506875889,2884043693,2884045610,231172961418932,231172962231521,80.531697470,10.807419
2376,231172978615724,80.534067511,2884043693,2884045610,231172961418932,231172962231521,80.531697470,-16.384203
2377,231173004318482,80.559770269,2884552125,2884553735,231172997406190,231172996125325,80.565591274,-8.193157
2378,231173039311837,80.594763624,2885060557,2885063765,231173029424882,231173030019128,80.599485077,-9.292709
2379,231173087750960,80.643202747,2886077421,2886079995,231173097378220,231173097806735,80.667272684,10.055775
2380,231173109267800,80.664719587,2886077421,2886079995,231173097378220,231173097806735,80.667272684,-11.461065
2381,231173140440550,80.695892337,2886585854,2886588128,231173133359243,231173131700605,80.701166554,-8.739945
2382,231173172142325,80.727594112,2887094286,2887096251,231173165399004,231173165594408,80.735060357,-6.547917
2383,231173212227659,80.767679446,2887602718,2887604375,231173201383434,231173199488211,80.768954160,-12.739448
2384,231173239757903,80.795209690,2888111150,2888114402,231173233396738,231173233382015,80.802847964,-6.375888
2385,231173272304925,80.827756712,2888619582,2888622513,231173265422939,231173267275818,80.836741767,-5.029107
2386,231173314516108,80.869967895,2889128014,2889130668,231173301380867,231173301169621,80.870635570,-13.346487
2387,231173364292408,80.919744195,2890144878,2890146894,231173369396088,231173368957228,80.938423177,4.664820
2388,231173386243838,80.941695625,2890653311,2890655011,231173401364551,231173402851098,80.972317047,16.607260
2389,231173409155909,80.964607696,2890653311,2890655011,231173401364551,231173402851098,80.972317047,-6.304811
2390,231173446098370,81.001550157,2891161743,2891164995,231173437391874,231173436744901,81.006210850,-9.353469
2391,231173498920131,81.054371918,2892178607,2892181229,231173505343579,231173504532508,81.073998457,5.612377
2392,231173522441113,81.077892900,2892687039,2892689357,231173537377178,231173538426311,81.107892260,15.985198
2393,231173544134782,81.099586569,2892687039,2892689357,231173537377178,231173538426311,81.107892260,-5.708471
2394,231173582802998,81.138254785,2893195471,2893197469,231173573385644,231173572320114,81.141786063,-10.482884
2395,231173626225597,81.181677384,2894212336,2894215586,231173641333008,231173640107788,81.209573737,13.882191
2396,231173647728358,81.203180145,2894212336,2894215586,231173641333008,231173640107788,81.209573737,-7.620570
2397,231173680219713,81.235671500,2894720768,2894723748,231173673387185,231173674001591,81.243467540,-6.218122
2398,231173719055848,81.274507635,2895229200,2895231877,231173709343998,231173707895394,81.277361343,-11.160454
2399,231173769042271,81.324494058,2896246064,2896248105,231173777359141,231173775683001,81.345148950,6.640730
2400,231173794986358,81.350438145,2896754496,2896756230,231173809388305,231173809576804,81.379042753,14.590446
2401,231173816081627,81.371533414,2896754496,2896756230,231173809388305,231173809576804,81.379042753,-6.504823
2402,231173858353707,81.413805494,2897262928,2897266208,231173845335888,231173843470608,81.412936557,-14.883099
2403,231173908093475,81.463545262,2898279793,2898282497,231173909402914,231173911258281,81.480724230,3.164806
2404,231173928972247,81.484424034,2898788225,2898790648,231173945339683,231173945152084,81.514618033,16.179837
2405,231173952250512,81.507702299,2898788225,2898790648,231173945339683,231173945152084,81.514618033,-7.098428
2406,231173986542168,81.541993955,2899296657,2899298759,231173977331583,231173979045887,81.548511836,-7.496281
2407,231174030314581,81.585766368,2900313521,2900314996,231174045345014,231174046833494,81.616299443,16.518913
2408,231174056808374,81.612260161,2900313521,2900314996,231174045345014,231174046833494,81.616299443,-9.974880
2409,231174095123819,81.650575606,2900821953,2900824994,231174081409172,231174080727297,81.650193246,-14.396522
2410,231174120170004,81.675621791,2901330385,2901333118,231174113479594,231174114621101,81.684087050,-5.548903
2411,231174173269770,81.728721557,2902347250,2902349370,231174181322732,231174182408774,81.751874723,9.139004
2412,231174191452902,81.746904689,2902347250,2902349370,231174181322732,231174182408774,81.751874723,-9.044128
2413,231174226358020,81.781809807,2902855682,2902857500,231174217379661,231174216302577,81.785768526,-10.055443
2414,231174256913768,81.812365555,2903364114,2903365637,231174249370080,231174250196381,81.819662330,-6.717387
2415,231174300338891,81.855790678,2903872546,2903875599,231174285310270,231174284090184,81.853556133,-16.248707
2416,231174323912507,81.879364294,2904380978,2904383753,231174317324950,231174317983987,81.887449936,-5.928520
2417,231174361342859,81.916794646,2904889410,2904891881,231174353307213,231174351877790,81.921343739,-9.465069
2418,231174398200172,81.953651959,2905397842,2905400023,231174385311351,231174385771594,81.955237543,-12.428578
2419,231174444690737,82.000142524,2906414707,2906416274,231174453360697,231174453559267,82.023025216,8.868530
2420,231174467921200,82.023372987,2906414707,2906416274,231174453360697,231174453559267,82.023025216,-14.361933
2421,231174498909853,82.054361640,2906923139,2906926267,231174489332335,231174487453070,82.056919019,-11.456783
2422,231174531927176,82.087378963,2907431571,2907434408,231174521330518,231174521346874,82.090812823,-10.580302
2423,231174578997531,82.134449318,2908448435,2908450675,231174589297000,231174589134480,82.158600429,10.136949
2424,231174602797169,82.158248956,2908448435,2908450675,231174589297000,231174589134480,82.158600429,-13.662689
2425,231174627495871,82.182947658,2908956867,2908958792,231174621344698,231174623028284,82.192494233,-4.467587
2426,231174667960346,82.223412133,2909465299,2909466890,231174657379711,231174656922087,82.226388036,-11.038259
2427,231174712946008,82.268397795,2910482164,2910484990,231174725291838,231174724709760,82.294175709,11.763752
2428,231174735084147,82.290535934,2910482164,2910484990,231174725291838,231174724709760,82.294175709,-10.374387
2429,231174763931206,82.319382993,2910990596,2910993105,231174757293295,231174758603564,82.328069513,-5.327642
2430,231174802212763,82.357664550,2911499028,2911501215,231174793290446,231174792497367,82.361963316,-9.715396
2431,231174845178824,82.400630611,2912515892,2912517467,231174861303229,231174860284974,82.429750923,15.106150
2432,231174873649844,82.429101631,2912515892,2912517467,231174861303229,231174860284974,82.429750923,-13.364870
2433,231174899596979,82.455048766,2913024324,2913027477,231174893306257,231174894178777,82.463644726,-5.418202
2434,231174943884723,82.499336510,2913532757,2913535597,231174929312186,231174928072647,82.497538596,-15.812076
2435,231174995460270,82.550912057,2914549621,2914551876,231174997314281,231174995860253,82.565326202,0.399983
2436,231175014998189,82.570449976,2915058053,2915060006,231175029333507,231175029754057,82.599220006,14.755868
2437,231175036824279,82.592276066,2915058053,2915060006,231175029333507,231175029754057,82.599220006,-7.070222
2438,231175072877608,82.628329395,2915566485,2915568147,231175065265162,231175063647860,82.633113809,-9.229748
2439,231175113945327,82.669397114,2916074917,2916078151,231175097292256,231175097541663,82.667007612,-16.403664
2440,231175139741788,82.695193575,2916583349,2916586297,231175133258981,231175131435467,82.700901416,-8.306321
2441,231175175689333,82.731141120,2917091781,2917094452,231175165275147,231175165329270,82.734795219,-10.360063
2442,231175205024058,82.760475845,2917600214,2917602543,231175197296760,231175199223140,82.768689089,-5.800918
2443,231175252277374,82.807729161,2918617078,2918618770,231175265276146,231175267010747,82.836476696,14.733373
2444,231175278054854,82.833506641,2918617078,2918618770,231175265276146,231175267010747,82.836476696,-11.044107
2445,231175308208667,82.863660454,2919125510,2919128758,231175301304230,231175300904550,82.870370499,-7.304117
2446,231175346770956,82.902222743,2919633942,2919636905,231175333265342,231175334798353,82.904264302,-11.972603
2447,231175405481367,82.960933154,2920650806,2920653130,231175401256948,231175402585960,82.972051909,-2.895407
2448,231175431418396,82.986870183,2921159238,2921161251,231175437256248,231175436479763,83.005945712,5.061367
2449,231175451619368,83.007071155,2921159238,2921161251,231175437256248,231175436479763,83.005945712,-15.139605
2450,231175475817982,83.031269769,2921667671,2921669381,231175469254279,231175470373633,83.039839582,-5.444349
2451,231175518824315,83.074276102,2922176103,2922179355,231175505253515,231175504267436,83.073733385,-14.556879
2452,231175543397797,83.098849584,2922684535,2922687441,231175537282923,231175538161240,83.107627189,-5.236557
2453,231175586288609,83.141740396,2923192967,2923195529,231175573283466,231175572055043,83.141520992,-14.233566
2454,231175614245092,83.169696879,2923701399,2923703698,231175605252193,231175605948846,83.175414795,-8.296246
2455,231175655062971,83.210514758,2924209831,2924211825,231175641257078,231175639842650,83.209308599,-15.220321
2456,231175681514156,83.236965943,2924718263,2924719913,231175673253155,231175673736453,83.243202402,-7.777703
2457,231175717995331,83.273447118,2925226696,2925229917,231175709241427,231175707630323,83.277096272,-10.365008
2458,231175753106994,83.308558781,2925735128,2925738031,231175741256481,231175741524126,83.310990075,-11.582868
2459,231175799143008,83.354594795,2926751992,2926754332,231175809254608,231175809311733,83.378777682,10.168725
2460,231175819083787,83.374535574,2926751992,2926754332,231175809254608,231175809311733,83.378777682,-9.772054
2461,231175847862727,83.403314514,2927260424,2927262452,231175841277466,231175843205536,83.412671485,-4.657191
2462,231175885542948,83.440994735,2927768856,2927770542,231175877240395,231175877099340,83.446565289,-8.443608
2463,231175926049176,83.481500963,2928277288,2928280562,231175909250861,231175910993143,83.480459092,-15.056033
2464,231175951485985,83.506937772,2928785720,2928788669,231175945221416,231175944886946,83.514352895,-6.599039
2465,231175983956428,83.539408215,2929294153,2929296774,231175977232655,231175978780816,83.548246765,-5.175612
2466,231176026927571,83.582379358,2929802585,2929804847,231176013223369,231176012674619,83.582140568,-14.252952
2467,231176074083084,83.629534871,2930819449,2930821103,231176081235438,231176080462226,83.649928175,6.379142
2468,231176093294925,83.648746712,2930819449,2930821103,231176081235438,231176080462226,83.649928175,-12.832699
2469,231176123860896,83.679312683,2931327881,2931331119,231176113224878,231176114356029,83.683821978,-9.504867
2470,231176157334698,83.712786485,2931836313,2931839251,231176149262176,231176148249833,83.717715782,-9.084865
2471,231176209244424,83.764696211,2932853177,2932855460,231176217218815,231176216037439,83.785503388,6.793015
2472,231176235598709,83.791050496,2933361610,2933363577,231176249253842,231176249931309,83.819397258,14.332600
2473,231176256954799,83.812406586,2933361610,2933363577,231176249253842,231176249931309,83.819397258,-7.023490
2474,231176292715464,83.848167251,2933870042,2933871737,231176285202312,231176283825113,83.853291062,-8.890351
2475,231176336392081,83.891843868,2934886906,2934889872,231176353255733,231176351612719,83.921078668,15.220638
2476,231176361799819,83.917251606,2934886906,2934889872,231176353255733,231176351612719,83.921078668,-10.187100
2477,231176393435554,83.948887341,2935395338,2935398001,231176385252924,231176385506523,83.954972472,-7.929031
2478,231176432966319,83.988418106,2935903770,2935906097,231176421240898,231176419400326,83.988866275,-13.565993
2479,231176489912148,84.045363935,2936920635,2936922344,231176485228854,231176487187999,84.056653948,-2.724149
2480,231176512141428,84.067593215,2937429067,2937432387,231176521250734,231176521081802,84.090547751,8.940374
2481,231176539623517,84.095075304,2937937499,2937940528,231176553210685,231176554975606,84.124441555,15.352089
2482,231176572781242,84.128233029,2938445931,2938448655,231176589198373,231176588869409,84.158335358,16.088167
2483,231176616835192,84.172286979,2938954363,2938956807,231176621202090,231176622763212,84.192229161,5.928020
2484,231176636745933,84.192197720,2938954363,2938956807,231176621202090,231176622763212,84.192229161,-13.982721
2485,231176663849825,84.219301612,2939462795,2939464944,231176657201549,231176656657016,84.226122965,-7.192809
2486,231176696083211,84.251534998,2939971227,2939973094,231176689226626,231176690550819,84.260016768,-5.532392
2487,231176741895323,84.297347110,2940988091,2940991160,231176757207638,231176758338426,84.327804375,16.443103
2488,231176769568596,84.325020383,2940988091,2940991160,231176757207638,231176758338426,84.327804375,-11.230170
2489,231176802047089,84.357498876,2941496524,2941499286,231176793179539,231176792232296,84.361698245,-9.814793
2490,231176837099195,84.392550982,2942004956,2942007398,231176825205424,231176826126099,84.395592048,-10.973096
2491,231176895278363,84.450730150,2943021820,2943023647,231176893188891,231176893913706,84.463379655,-1.364657
2492,231176915947881,84.471399668,2943530252,2943531785,231176929183215,231176927807509,84.497273458,11.859628
2493,231176937672488,84.493124275,2943530252,2943531785,231176929183215,231176927807509,84.497273458,-9.864979
2494,231176967733570,84.523185357,2944038684,2944041808,231176961204438,231176961701312,84.531167261,-6.032258
2495,231177011292022,84.566743809,2944547117,2944549950,231176997180435,231176995595182,84.565061131,-15.696840
2496,231177035106087,84.590557874,2945055548,2945058110,231177029188693,231177029488919,84.598954868,-5.617168
2497,231177072770217,84.628222004,2945563981,2945566224,231177065162775,231177063382789,84.632848738,-9.387428
2498,231177108540128,84.663991915,2946072413,2946074328,231177097182809,231177097276592,84.666742541,-11.263536
2499,231177153657491,84.709109278,2947089277,2947092417,231177165190548,231177165064199,84.734530148,11.406708
2500,231177175388759,84.730840546,2947089277,2947092417,231177165190548,231177165064199,84.734530148,-10.324560
2501,231177203612711,84.759064498,2947597709,2947600578,231177197175988,231177198958002,84.768423951,-4.654709
2502,231177241979478,84.797431265,2948106141,2948108700,231177233167406,231177232851805,84.802317754,-9.127673
2503,231177295016066,84.850467853,2949123006,2949124914,231177301160673,231177300639479,84.870105428,5.623413
2504,231177319744171,84.875195958,2949631438,2949633050,231177333164342,231177334533282,84.903999231,14.789111
2505,231177339275707,84.894727494,2949631438,2949633050,231177333164342,231177334533282,84.903999231,-4.742425
2506,231177376481355,84.931933142,2950139870,2950143041,231177369178927,231177368427085,84.937893034,-8.054270
2507,231177418902341,84.974354128,2950648302,2950651162,231177401174599,231177402320889,84.971786838,-16.581452
2508,231177443350100,84.998801887,2951156734,2951159300,231177437155336,231177436214692,85.005680641,-7.135408
2509,231177475834334,85.031286121,2951665166,2951667405,231177469154850,231177470108495,85.039574444,-5.725839
2510,231177517718734,85.073170521,2952173598,2952175512,231177505157112,231177504002299,85.073468248,-13.716435
2511,231177568591792,85.124043579,2953190463,2953193659,231177573150101,231177571789972,85.141255921,3.198180
2512,231177609427543,85.164879330,2953698895,2953701759,231177605190835,231177605683775,85.175149724,-3.743768
2513,231177639263551,85.194715338,2954207327,2954209840,231177641142940,231177639577578,85.209043527,0.314027
2514,231177677231586,85.232683373,2954715759,2954717957,231177673153846,231177673471382,85.242937331,-3.760204
2515,231177696301917,85.251753704,2955224191,2955226055,231177709146489,231177707365185,85.276831134,11.063268
2516,231177719634637,85.275086424,2955224191,2955226055,231177709146489,231177707365185,85.276831134,-12.269452
2517,231177780232284,85.335684071,2956241056,2956244198,231177777133447,231177775152858,85.344618807,-5.079426
2518,231177814635641,85.370087428,2956749488,2956752349,231177809150277,231177809046662,85.378512611,-5.588979
2519,231177836208703,85.391660490,2957257920,2957260443,231177841147344,231177842940465,85.412406414,6.731762
2520,231177862325423,85.417777210,2957766352,2957768570,231177877137460,231177876834268,85.446300217,14.508845
2521,231177904057295,85.459509082,2958274784,2958276694,231177909141957,231177910728072,85.480194021,6.670777
2522,231177926091959,85.481543746,2958274784,2958276694,231177909141957,231177910728072,85.480194021,-15.363887
2523,231177955367008,85.510818795,2958783216,2958784823,231177945131366,231177944621875,85.514087824,-10.745133
2524,231177987726950,85.543178737,2959291648,2959294803,231177977240845,231177978515678,85.547981627,-9.211272
2525,231178027674849,85.583126636,2959800080,2959802924,231178013132354,231178012409482,85.581875431,-15.265367
2526,231178052913361,85.608365148,2960308513,2960311061,231178045127913,231178046303352,85.615769301,-6.610009
2527,231178093078543,85.648530330,2960816945,2960819217,231178081134561,231178080197155,85.649663104,-12.881388
2528,231178124871079,85.680322866,2961325377,2961327344,231178113153035,231178114090958,85.683556907,-10.780121
2529,231178170565242,85.726017029,2962342241,2962345470,231178181190819,231178181878565,85.751344514,11.313323
2530,231178192227403,85.747679190,2962342241,2962345470,231178181190819,231178181878565,85.751344514,-10.348838
2531,231178227910607,85.783362394,2962850673,2962853609,231178217120844,231178215772368,85.785238317,-12.138239
2532,231178257396289,85.812848076,2963359105,2963361704,231178249143119,231178249666171,85.819132120,-7.730118
2533,231178304753318,85.860205105,2964375970,2964377927,231178317131508,231178317453845,85.886919794,12.700527
2534,231178325826908,85.881278695,2964375970,2964377927,231178317131508,231178317453845,85.886919794,-8.373063
2535,231178362118138,85.917569925,2964884402,2964886074,231178353097853,231178351347648,85.920813597,-10.770490
2536,231178395902373,85.951354160,2965392834,2965396060,231178385152246,231178385241451,85.954707400,-10.660922
2537,231178438860575,85.994312362,2966409698,2966412271,231178453126152,231178453029058,86.022495007,14.168483
2538,231178459724522,86.015176309,2966409698,2966412271,231178453126152,231178453029058,86.022495007,-6.695464
2539,231178493432082,86.048883869,2966918130,2966920420,231178485235483,231178486922861,86.056388810,-6.509221
2540,231178529140731,86.084592518,2967426562,2967428554,231178521236425,231178520816665,86.090282614,-8.324066
2541,231178581367071,86.136818858,2968443427,2968446681,231178589239117,231178588604338,86.158070287,7.237267
2542,231178605020225,86.160472012,2968443427,2968446681,231178589239117,231178588604338,86.158070287,-16.415887
2543,231178627335302,86.182787089,2968951859,2968954787,231178621180377,231178622498141,86.191964090,-4.837161
2544,231178667796806,86.223248593,2969460291,2969462956,231178657101105,231178656391944,86.225857893,-11.404862
2545,231178715326789,86.270778576,2970477155,2970479244,231178725134600,231178724179551,86.293645500,8.852762
2546,231178734834964,86.290286751,2970477155,2970479244,231178725134600,231178724179551,86.293645500,-10.655413
2547,231178763805624,86.319257411,2970985587,2970987343,231178757220929,231178758073354,86.327539303,-5.732270
2548,231178805483466,86.360935253,2971494019,2971497342,231178793113755,231178791967158,86.361433107,-13.516308
2549,231178850050001,86.405501788,2972510884,2972513624,231178861089554,231178859754831,86.429220780,9.704830
2550,231178874621871,86.430073658,2972510884,2972513624,231178861089554,231178859754831,86.429220780,-14.867040
2551,231178899089875,86.454541662,2973019316,2973021777,231178893098566,231178893648634,86.463114583,-5.441241
2552,231178938902736,86.494354523,2973527748,2973529861,231178929119739,231178927542438,86.497008387,-11.360298
2553,231178992113116,86.547564903,2974544612,2974546066,231178997093717,231178995330044,86.564795993,3.216928
2554,231179012493151,86.567944938,2975053044,2975056078,231179029097622,231179029223848,86.598689797,16.730697
2555,231179035909267,86.591361054,2975053044,2975056078,231179029097622,231179029223848,86.598689797,-6.685419
2556,231179067579142,86.623030929,2975561477,2975564229,231179065061184,231179063117718,86.632583667,-4.461424
2557,231179113824744,86.669276531,2976069908,2976072366,231179097094372,231179097011454,86.666477403,-16.813290
2558,231179138183743,86.693635530,2976578341,2976580484,231179129086235,231179130905324,86.700371273,-7.278419
2559,231179172489767,86.727941554,2977086773,2977088626,231179165078793,231179164799128,86.734265077,-7.690639
2560,231179209659340,86.765111127,2977595205,2977596770,231179197102364,231179198692931,86.768158880,-10.966409
2561,231179268491112,86.823942899,2978612069,2978614922,231179265088641,231179266480537,86.835946486,-2.010575
2562,231179290595656,86.846047443,2979120501,2979123033,231179301080261,231179300374341,86.869840290,9.778685
2563,231179309790869,86.865242656,2979120501,2979123033,231179301080261,231179300374341,86.869840290,-9.416528
2564,231179339793380,86.895245167,2979628934,2979631136,231179333067683,231179334268211,86.903734160,-5.525169
2565,231179389463689,86.944915476,2980645798,2980647367,231179401062099,231179402055817,86.971521766,12.592128
2566,231179408822319,86.964274106,2980645798,2980647367,231179401062099,231179402055817,86.971521766,-6.766502
2567,231179451251890,87.006703677,2981154230,2981157338,231179437094382,231179435949621,87.005415570,-15.302269
2568,231179478339193,87.033790980,2981662662,2981665462,231179469087957,231179469843424,87.039309373,-8.495769
2569,231179515162001,87.070613788,2982171094,2982173609,231179505053788,231179503737227,87.073203176,-11.424774
2570,231179547376341,87.102828128,2982679526,2982681750,231179537108335,231179537631031,87.107096980,-9.745310
2571,231179583341381,87.138793168,2983187958,2983189866,231179573096612,231179571524834,87.140990783,-11.816547
2572,231179612541133,87.167992920,2983696391,2983698011,231179605063724,231179605418704,87.174884653,-7.122429
2573,231179654175012,87.209626799,2984204823,2984207983,231179641037204,231179639312507,87.208778456,-14.862505
2574,231179679899694,87.235351481,2984713255,2984716118,231179673097664,231179673206311,87.242672260,-6.693383
2575,231179715706455,87.271158242,2985221687,2985224243,231179709095821,231179707100114,87.276566063,-8.606341
2576,231179753033199,87.308484986,2985730119,2985732337,231179741097991,231179740993917,87.310459866,-12.039282
2577,231179799239721,87.354691508,2986746983,2986748598,231179809062689,231179808781524,87.378247473,9.541803
2578,231179816993190,87.372444977,2986746983,2986748598,231179809062689,231179808781524,87.378247473,-8.211666
2579,231179851620348,87.407072135,2987255416,2987258615,231179841141839,231179842675394,87.412141343,-8.944954
2580,231179887439712,87.442891499,2987763848,2987766718,231179877081551,231179876569197,87.446035146,-10.870515
2581,231179927962580,87.483414367,2988780712,2988782985,231179945033946,231179944356804,87.513822753,16.394224
2582,231179952707395,87.508159182,2988780712,2988782985,231179945033946,231179944356804,87.513822753,-8.350591
2583,231179985442146,87.540893933,2989289144,2989291098,231179977041072,231179978250607,87.547716556,-7.191539
2584,231180021821028,87.577272815,2989797576,2989799204,231180013093558,231180012144410,87.581610359,-9.676618
2585,231180066314816,87.621766603,2990814440,2990817298,231180081176131,231180079932017,87.649397966,13.617201
2586,231180091073151,87.646524938,2990814440,2990817298,231180081176131,231180079932017,87.649397966,-11.141134
2587,231180120312610,87.675764397,2991322873,2991325477,231180113121859,231180113825887,87.683291836,-6.486723
2588,231180161434363,87.716886150,2991831305,2991833607,231180149056514,231180147719690,87.717185639,-13.714673
2589,231180206145268,87.761597055,2992848169,2992849853,231180217076235,231180215507297,87.784973246,9.362029
2590,231180230309039,87.785760826,2992848169,2992849853,231180217076235,231180215507297,87.784973246,-14.801742
2591,231180257720809,87.813172596,2993356601,2993359821,231180249050708,231180249401100,87.818867049,-8.319709
2592,231180292587015,87.848038802,2993865033,2993867968,231180285017581,231180283294904,87.852760853,-9.292111
2593,231180333995309,87.889447096,2994373465,2994376083,231180317056554,231180317188707,87.886654656,-16.806602
2594,231180356476029,87.911927816,2994881897,2994884206,231180353040256,231180351082510,87.920548459,-5.393519
2595,231180395301289,87.950753076,2995390330,2995392321,231180385087991,231180384976380,87.954442329,-10.324909
2596,231180427607557,87.983059344,2995898762,2995900461,231180417080117,231180418870183,87.988336132,-8.737374
2597,231180474541792,88.029993579,2996915626,2996918572,231180485046608,231180486657790,88.056123739,12.115998
2598,231180497295609,88.052747396,2996915626,2996918572,231180485046608,231180486657790,88.056123739,-10.637819
2599,231180527386504,88.082838291,2997424058,2997426687,231180521115544,231180520551593,88.090017542,-6.834911
2600,231180560082331,88.115534118,2997932490,2997934823,231180553020709,231180554445397,88.123911346,-5.636934
2601,231180601259867,88.156711654,2998440922,2998442984,231180589003917,231180588339200,88.157805149,-12.920667
2602,231180627138877,88.182590664,2998949355,2998951099,231180621038607,231180622233070,88.191699019,-4.905807
2603,231180665109119,88.220560906,2999457787,2999461036,231180657078127,231180656126873,88.225592822,-8.982246
2604,231180698596772,88.254048559,2999966219,2999969158,231180689058245,231180690020677,88.259486626,-8.576095
2605,231180742892609,88.298344396,3000983083,3000985382,231180757032496,231180757808283,88.327274232,14.915674
2606,231180767615810,88.323067597,3000983083,3000985382,231180757032496,231180757808283,88.327274232,-9.807527
2607,231180803517839,88.358969626,3001491515,3001493484,231180793030402,231180791702086,88.361168035,-11.815753
2608,231180835215095,88.390666882,3001999947,3002001622,231180825050315,231180825595890,88.395061839,-9.619205
2609,231180881941816,88.437393603,3003016811,3003019785,231180893045423,231180893383496,88.462849445,11.441680
2610,231180904227305,88.459679092,3003016811,3003019785,231180893045423,231180893383496,88.462849445,-10.843809
2611,231180938539113,88.493990900,3003525244,3003527922,231180928991859,231180927277366,88.496743315,-11.261747
2612,231180970567449,88.526019236,3004033676,3004036071,231180961047828,231180961171170,88.530637119,-9.396279
2613,231181027428891,88.582880678,3005050540,3005052324,231181029029573,231181028958776,88.598424725,1.529885
2614,231181051931142,88.607382929,3005558972,3005560492,231181061025838,231181062852580,88.632318529,10.921438
2615,231181073265728,88.628717515,3005558972,3005560492,231181061025838,231181062852580,88.632318529,-10.413148
2616,231181105905443,88.661357230,3006067404,3006070512,231181097120542,231181096746383,88.666212332,-9.159060
2617,231181144523502,88.699975289,3006575837,3006578652,231181129032351,231181130640253,88.700106202,-13.883249
2618,231181173034624,88.728486411,3007084268,3007086764,231181164996950,231181164533990,88.733999939,-8.500634
2619,231181209426864,88.764878651,3007592701,3007594847,231181196987510,231181198427860,88.767893809,-10.999004
2620,231181245222945,88.800674732,3008101133,3008102961,231181233031679,231181232321663,88.801787612,-12.901282
2621,231181303076632,88.858528419,3009117997,3009121052,231181301017326,231181300109270,88.869575219,-2.967362
2622,231181324777842,88.880229629,3009626429,3009629210,231181332978002,231181334003073,88.903469022,9.225231
2623,231181346866020,88.902317807,3009626429,3009629210,231181332978002,231181334003073,88.903469022,-12.862947
2624,231181375489448,88.930941235,3010134861,3010137340,231181368971281,231181367896876,88.937362825,-7.592572
2625,231181411180281,88.966632068,3010643294,3010645417,231181400977659,231181401790746,88.971256695,-9.389535
2626,231181444790358,89.000242145,3011151726,3011153512,231181437097566,231181435684549,89.005150498,-9.105809
2627,231181477643697,89.033095484,3011660158,3011661658,231181468960719,231181469578353,89.039044302,-8.065344
2628,231181518174211,89.073625998,3012168590,3012171644,231181505005444,231181503472156,89.072938105,-14.702055
2629,231181561786021,89.117237808,3013185454,3013187886,231181572989755,231181571259763,89.140725712,9.473742
2630,231181586773077,89.142224864,3013185454,3013187886,231181572989755,231181571259763,89.140725712,-15.513314
2631,231181611577410,89.167029197,3013693886,3013696007,231181605031154,231181605153566,89.174619515,-6.423844
2632,231181650997368,89.206449155,3014202318,3014204138,231181640943094,231181639047369,89.208513318,-11.949999
2633,231181695108244,89.250560031,3015219183,3015222280,231181704974254,231181706835043,89.276300992,11.726799
2634,231181713817159,89.269268946,3015219183,3015222280,231181704974254,231181706835043,89.276300992,-6.982116
2635,231181752464455,89.307916242,3015727615,3015730379,231181740977163,231181740728846,89.310194795,-11.735609
2636,231181781660293,89.337112080,3016236047,3016238478,231181773000020,231181774622649,89.344088598,-7.037644
2637,231181824155925,89.379607712,3016744479,3016746621,231181808954154,231181808516453,89.377982402,-15.639472
2638,231181849509919,89.404961706,3017252911,3017254723,231181840991164,231181842410256,89.411876205,-7.099663
2639,231181888132366,89.443584153,3017761343,3017762878,231181876997181,231181876304059,89.445770008,-11.828307
2640,231181919469859,89.474921646,3018269776,3018272881,231181908990279,231181910197929,89.479663878,-9.271930
2641,231181961720053,89.517171840,3019286640,3019289108,231181976943229,231181977985536,89.547451485,16.265483
2642,231181983321616,89.538773403,3019286640,3019289108,231181976943229,231181977985536,89.547451485,-5.336080
2643,231182027166193,89.582617980,3019795072,3019797228,231182012935117,231182011879339,89.581345288,-15.286854
2644,231182054364893,89.609816680,3020303504,3020305398,231182045010079,231182045773142,89.615239091,-8.591751
2645,231182099096241,89.654548028,3021320368,3021323547,231182112972446,231182113560749,89.683026698,14.464508
2646,231182123862125,89.679313912,3021320368,3021323547,231182112972446,231182113560749,89.683026698,-10.301376
2647,231182160475396,89.715927183,3021828800,3021831697,231182148953620,231182147454552,89.716920501,-13.020844
2648,231182193245886,89.748697673,3022337233,3022339844,231182180988960,231182181348422,89.750814371,-11.897464
2649,231182232715151,89.788166938,3023354097,3023356120,231182248935557,231182249136029,89.818601978,16.420878
2650,231182255906961,89.811358748,3023354097,3023356120,231182248935557,231182249136029,89.818601978,-6.770932
2651,231182287210904,89.842662691,3023862529,3023864236,231182284972074,231182283029832,89.852495781,-4.181072
2652,231182330811427,89.886263214,3024370961,3024374241,231182316993117,231182316923636,89.886389585,-13.887791
2653,231182373621305,89.929073092,3025387825,3025390480,231182384941309,231182384711242,89.954177191,11.089937
2654,231182394918998,89.950370785,3025387825,3025390480,231182384941309,231182384711242,89.954177191,-10.207756
2655,231182423717418,89.979169205,3025896257,3025898601,231182416957246,231182418605046,89.988070995,-5.112372
2656,231182462244607,90.017696394,3026404690,3026406744,231182452959902,231182452498915,90.021964864,-9.745692
