frame_index,receive_monotonic_ns,relative_s
0,166670872649674,0.000000000
1,166670905243595,0.032593921
2,166670943724473,0.071074799
3,166670976921080,0.104271406
4,166671007650714,0.135001040
5,166671042494516,0.169844842
6,166671076297102,0.203647428
7,166671115984479,0.243334805
8,166671141524142,0.268874468
9,166671181898737,0.309249063
10,166671210532057,0.337882383
11,166671250584994,0.377935320
12,166671315405024,0.442755350
13,166671347518224,0.474868550
14,166671373211711,0.500562037
15,166671397097641,0.524447967
16,166671419379461,0.546729787
17,166671453011390,0.580361716
18,166671481604752,0.608955078
19,166671514898122,0.642248448
20,166671552111589,0.679461915
21,166671593302936,0.720653262
22,166671617511822,0.744862148
23,166671650720423,0.778070749
24,166671689470010,0.816820336
25,166671732247310,0.859597636
26,166671761556499,0.888906825
27,166671786805688,0.914156014
28,166671821415120,0.948765446
29,166671865519767,0.992870093
30,166671890664112,1.018014438
31,166671926126113,1.053476439
32,166671960958979,1.088309305
33,166672003980931,1.131331257
34,166672024434051,1.151784377
35,166672059927091,1.187277417
36,166672090609394,1.217959720
37,166672126360899,1.253711225
38,166672158881235,1.286231561
39,166672200433112,1.327783438
40,166672230422972,1.357773298
41,166672268445927,1.395796253
42,166672294741304,1.422091630
43,166672336736402,1.464086728
44,166672367323516,1.494673842
45,166672411254534,1.538604860
46,166672436934589,1.564284915
47,166672465478319,1.592828645
48,166672499513855,1.626864181
49,166672537931947,1.665282273
50,166672567989542,1.695339868
51,166672609186429,1.736536755
52,166672635351766,1.762702092
53,166672679097968,1.806448294
54,166672707360395,1.834710721
55,166672734024977,1.861375303
56,166672774177405,1.901527731
57,166672817520341,1.944870667
58,166672838518931,1.965869257
59,166672869658875,1.997009201
60,166672914522963,2.041873289
61,166672956602543,2.083952869
62,166672983106004,2.110456330
63,166673005678285,2.133028611
64,166673046067352,2.173417678
65,166673094304315,2.221654641
66,166673122289068,2.249639394
67,166673142609239,2.269959565
68,166673183590234,2.310940560
69,166673226974253,2.354324579
70,166673250932110,2.378282436
71,166673277874000,2.405224326
72,166673316155715,2.443506041
73,166673358159754,2.485510080
74,166673382750201,2.510100527
75,166673418128443,2.545478769
76,166673449628385,2.576978711
77,166673494924245,2.622274571
78,166673517190726,2.644541052
79,166673557012079,2.684362405
80,166673583101752,2.710452078
81,166673622063501,2.749413827
82,166673650851703,2.778202029
83,166673686522362,2.813872688
84,166673718671758,2.846022084
85,166673755592513,2.882942839
86,166673787746993,2.915097319
87,166673829681299,2.957031625
88,166673863346629,2.990696955
89,166673897500032,3.024850358
90,166673922740790,3.050091116
91,166673961800712,3.089151038
92,166673995927848,3.123278174
93,166674034075434,3.161425760
94,166674060077098,3.187427424
95,166674090220484,3.217570810
96,166674126649592,3.253999918
97,166674166716439,3.294066765
98,166674194888414,3.322238740
99,166674225299660,3.352649986
100,166674268390497,3.395740823
101,166674310184795,3.437535121
102,166674336927056,3.464277382
103,166674362703430,3.490053756
104,166674402811294,3.530161620
105,166674441765961,3.569116287
106,166674470956012,3.598306338
107,166674498687285,3.626037611
108,166674542269919,3.669620245
109,166674599204788,3.726555114
110,166674627834866,3.755185192
111,166674654301687,3.781652013
112,166674676791905,3.804142231
113,166674722307431,3.849657757
114,166674747942351,3.875292677
115,166674773142437,3.900492763
116,166674803092726,3.930443052
117,166674842199912,3.969550238
118,166674871389046,3.998739372
119,166674913644233,4.040994559
120,166674939846932,4.067197258
121,166674983534185,4.110884511
122,166675007480796,4.134831122
123,166675051165832,4.178516158
124,166675095391730,4.222742056
125,166675130423496,4.257773822
126,166675154122200,4.281472526
127,166675177658275,4.305008601
128,166675211845090,4.339195416
129,166675248650706,4.376001032
130,166675279894765,4.407245091
131,166675311918024,4.439268350
132,166675352870833,4.480221159
133,166675393464733,4.520815059
134,166675421034237,4.548384563
135,166675445031324,4.572381650
136,166675487723542,4.615073868
137,166675528649153,4.655999479
138,166675552676547,4.680026873
139,166675582815590,4.710165916
140,166675620130208,4.747480534
141,166675657344777,4.784695103
142,166675686771783,4.814122109
143,166675718125829,4.845476155
144,166675757117055,4.884467381
145,166675811698248,4.939048574
146,166675834852261,4.962202587
147,166675854809994,4.982160320
148,166675890600014,5.017950340
149,166675926043625,5.053393951
150,166675957930297,5.085280623
151,166675993130896,5.120481222
152,166676022578305,5.149928631
153,166676059952713,5.187303039
154,166676090587892,5.217938218
155,166676132294771,5.259645097
156,166676165786889,5.293137215
157,166676196791447,5.324141773
158,166676226550795,5.353901121
159,166676266095742,5.393446068
160,166676297789215,5.425139541
161,166676336045243,5.463395569
162,166676361718907,5.489069233
163,166676403346496,5.530696822
164,166676429253883,5.556604209
165,166676470622696,5.597973022
166,166676498095726,5.625446052
167,166676536557127,5.663907453
168,166676567120308,5.694470634
169,166676606280985,5.733631311
170,166676633632697,5.760983023
171,166676669254367,5.796604693
172,166676706673797,5.834024123
173,166676746581649,5.873931975
174,166676769711122,5.897061448
175,166676803864385,5.931214711
176,166676840785422,5.968135748
177,166676884348440,6.011698766
178,166676909796095,6.037146421
179,166676938762042,6.066112368
180,166676979590397,6.106940723
181,166677034096733,6.161447059
182,166677052202440,6.179552766
183,166677073159986,6.200510312
184,166677116609122,6.243959448
185,166677157863671,6.285213997
186,166677183954407,6.311304733
187,166677209503211,6.336853537
188,166677248969077,6.376319403
189,166677298792273,6.426142599
190,166677323141766,6.450492092
191,166677345664178,6.473014504
192,166677378635641,6.505985967
193,166677417308398,6.544658724
194,166677446385420,6.573735746
195,166677481989409,6.609339735
196,166677520055567,6.647405893
197,166677567126394,6.694476720
198,166677593579432,6.720929758
199,166677617397662,6.744747988
200,166677650988373,6.778338699
201,166677696945890,6.824296216
202,166677724317267,6.851667593
203,166677757264869,6.884615195
204,166677789052491,6.916402817
205,166677845179060,6.972529386
206,166677872060400,6.999410726
207,166677891324281,7.018674607
208,166677922358214,7.049708540
209,166677963543814,7.090894140
210,166677990699934,7.118050260
211,166678021713858,7.149064184
212,166678060546277,7.187896603
213,166678107209332,7.234559658
214,166678130723358,7.258073684
215,166678157378517,7.284728843
216,166678200899261,7.328249587
217,166678242208337,7.369558663
218,166678268077160,7.395427486
219,166678293347508,7.420697834
220,166678331854781,7.459205107
221,166678375373714,7.502724040
222,166678400376835,7.527727161
223,166678430795245,7.558145571
224,166678468469017,7.595819343
225,166678509113904,7.636464230
226,166678533495083,7.660845409
227,166678569118133,7.696468459
228,166678598711605,7.726061931
229,166678634521782,7.761872108
230,166678667240016,7.794590342
231,166678709128793,7.836479119
232,166678745012541,7.872362867
233,166678785076282,7.912426608
234,166678809171201,7.936521527
235,166678839513946,7.966864272
236,166678874569225,8.001919551
237,166678906083376,8.033433702
238,166678943998433,8.071348759
239,166678978187687,8.105538013
240,166679006698250,8.134048576
241,166679050748682,8.178099008
242,166679084430582,8.211780908
243,166679110827142,8.238177468
244,166679146061107,8.273411433
245,166679198367807,8.325718133
246,166679221838663,8.349188989
247,166679241931727,8.369282053
248,166679282263839,8.409614165
249,166679323781508,8.451131834
250,166679348703373,8.476053699
251,166679377822482,8.505172808
252,166679417804040,8.545154366
253,166679479781736,8.607132062
254,166679505627794,8.632978120
255,166679528743287,8.656093613
256,166679553202589,8.680552915
257,166679597911604,8.725261930
258,166679621803176,8.749153502
259,166679652077764,8.779428090
260,166679688021588,8.815371914
261,166679725486298,8.852836624
262,166679775380033,8.902730359
263,166679803548397,8.930898723
264,166679834204447,8.961554773
265,166679859550721,8.986901047
266,166679887153917,9.014504243
267,166679926427976,9.053778302
268,166679955322922,9.082673248
269,166679997833644,9.125183970
270,166680024516197,9.151866523
271,166680077453315,9.204803641
272,166680102929760,9.230280086
273,166680125679315,9.253029641
274,166680158779504,9.286129830
275,166680204355500,9.331705826
276,166680230021387,9.357371713
277,166680265637855,9.392988181
278,166680295285295,9.422635621
279,166680339476228,9.466826554
280,166680366594138,9.493944464
281,166680404910530,9.532260856
282,166680432025740,9.559376066
283,166680478812690,9.606163016
284,166680502519698,9.629870024
285,166680529588879,9.656939205
286,166680571038885,9.698389211
287,166680619117151,9.746467477
288,166680642880662,9.770230988
289,166680666506508,9.793856834
290,166680706419640,9.833769966
291,166680748901033,9.876251359
292,166680774304663,9.901654989
293,166680802045243,9.929395569
294,166680841487293,9.968837619
295,166680897242929,10.024593255
296,166680920431915,10.047782241
297,166680938857351,10.066207677
298,166680974770975,10.102121301
299,166681010820703,10.138171029
300,166681049642661,10.176992987
301,166681076554009,10.203904335
302,166681108236220,10.235586546
303,166681152866079,10.280216405
304,166681176853777,10.304204103
305,166681212279560,10.339629886
306,166681242634662,10.369984988
307,166681292737374,10.420087700
308,166681315066133,10.442416459
309,166681347167160,10.474517486
310,166681379043924,10.506394250
311,166681419164039,10.546514365
312,166681446713722,10.574064048
313,166681486699965,10.614050291
314,166681514392733,10.641743059
315,166681550422475,10.677772801
316,166681582701097,10.710051423
317,166681618558979,10.745909305
318,166681650879949,10.778230275
319,166681691943561,10.819293887
320,166681719292990,10.846643316
321,166681752807945,10.880158271
322,166681789428173,10.916778499
323,166681831485003,10.958835329
324,166681856438356,10.983788682
325,166681885578996,11.012929322
326,166681927467639,11.054817965
327,166681973633679,11.100984005
328,166681997618220,11.124968546
329,166682021584045,11.148934371
330,166682059857248,11.187207574
331,166682099069262,11.226419588
332,166682129657464,11.257007790
333,166682157396229,11.284746555
334,166682197312584,11.324662910
335,166682237301028,11.364651354
336,166682262964729,11.390315055
337,166682296595450,11.423945776
338,166682336492390,11.463842716
339,166682387809714,11.515160040
340,166682410177413,11.537527739
341,166682432394290,11.559744616
342,166682467035315,11.594385641
343,166682510321405,11.637671731
344,166682534190504,11.661540830
345,166682565753664,11.693103990
346,166682599197843,11.726548169
347,166682645033610,11.772383936
348,166682670639825,11.797990151
349,166682702695918,11.830046244
350,166682734648154,11.861998480
351,166682797485092,11.924835418
352,166682837761669,11.965111995
353,166682861131251,11.988481577
354,166682886776753,12.014127079
355,166682926952902,12.054303228
356,166682951747418,12.079097744
357,166682974835969,12.102186295
358,166683009013843,12.136364169
359,166683051900397,12.179250723
360,166683076426891,12.203777217
361,166683106009565,12.233359891
362,166683145152003,12.272502329
363,166683194655030,12.322005356
364,166683219354523,12.346704849
365,166683241629097,12.368979423
366,166683280295847,12.407646173
367,166683323267948,12.450618274
368,166683348620651,12.475970977
369,166683380653535,12.508003861
370,166683420065533,12.547415859
371,166683468434601,12.595784927
372,166683495612066,12.622962392
373,166683516524371,12.643874697
374,166683551536998,12.678887324
375,166683595148240,12.722498566
376,166683621645734,12.748996060
377,166683654201670,12.781551996
378,166683694480741,12.821831067
379,166683744277814,12.871628140
380,166683768402840,12.895753166
381,166683786910252,12.914260578
382,166683826158028,12.953508354
383,166683882201556,13.009551882
384,166683909433710,13.036784036
385,166683931604210,13.058954536
386,166683958104942,13.085455268
387,166683996781934,13.124132260
388,166684022799880,13.150150206
389,166684062814003,13.190164329
390,166684090640067,13.217990393
391,166684133852269,13.261202595
392,166684159165468,13.286515794
393,166684198440113,13.325790439
394,166684227694761,13.355045087
395,166684275125615,13.402475941
396,166684297570562,13.424920888
397,166684331875832,13.459226158
398,166684362439988,13.489790314
399,166684401305201,13.528655527
400,166684430673352,13.558023678
401,166684461379004,13.588729330
402,166684506081856,13.633432182
403,166684561709603,13.689059929
404,166684585591267,13.712941593
405,166684606687779,13.734038105
406,166684634495184,13.761845510
407,166684679762385,13.807112711
408,166684704679725,13.832030051
409,166684734346832,13.861697158
410,166684775078436,13.902428762
411,166684814732141,13.942082467
412,166684838637350,13.965987676
413,166684869989389,13.997339715
414,166684912939350,14.040289676
415,166684964535392,14.091885718
416,166684987271314,14.114621640
417,166685005458487,14.132808813
418,166685039578186,14.166928512
419,166685091394167,14.218744493
420,166685118782635,14.246132961
421,166685141526000,14.268876326
422,166685176935194,14.304285520
423,166685218341675,14.345692001
424,166685243149913,14.370500239
425,166685278390626,14.405740952
426,166685313623412,14.440973738
427,166685354316817,14.481667143
428,166685378820075,14.506170401
429,166685418987424,14.546337750
430,166685446442454,14.573792780
431,166685489265163,14.616615489
432,166685516708604,14.644058930
433,166685553023745,14.680374071
434,166685584617144,14.711967470
435,166685625102895,14.752453221
436,166685651635699,14.778986025
437,166685686337675,14.813688001
438,166685726415516,14.853765842
439,166685784673341,14.912023667
440,166685809097282,14.936447608
441,166685827034592,14.954384918
442,166685855042162,14.982392488
443,166685893966653,15.021316979
444,166685923013896,15.050364222
445,166685954666982,15.082017308
446,166685997781239,15.125131565
447,166686041600804,15.168951130
448,166686070595471,15.197945797
449,166686089691259,15.217041585
450,166686128951761,15.256302087
451,166686175829709,15.303180035
452,166686201894563,15.329244889
453,166686225613561,15.352963887
454,166686267665638,15.395015964
455,166686310341232,15.437691558
456,166686338196335,15.465546661
457,166686361896407,15.489246733
458,166686395440297,15.522790623
459,166686434389477,15.561739803
460,166686463190940,15.590541266
461,166686504937973,15.632288299
462,166686538238438,15.665588764
463,166686580705453,15.708055779
464,166686605690945,15.733041271
465,166686633835229,15.761185555
466,166686667639159,15.794989485
467,166686703725433,15.831075759
468,166686735257831,15.862608157
469,166686769552587,15.896902913
470,166686804471956,15.931822282
471,166686837958170,15.965308496
472,166686872385635,15.999735961
473,166686906696867,16.034047193
474,166686937333258,16.064683584
475,166686981070883,16.108421209
476,166687006727330,16.134077656
477,166687039059410,16.166409736
478,166687075038573,16.202388899
479,166687113715077,16.241065403
480,166687144944183,16.272294509
481,166687173872560,16.301222886
482,166687212076766,16.339427092
483,166687249051184,16.376401510
484,166687279685005,16.407035331
485,166687313583661,16.440933987
486,166687348541472,16.475891798
487,166687393365398,16.520715724
488,166687415561501,16.542911827
489,166687445555148,16.572905474
490,166687484276228,16.611626554
491,166687525112178,16.652462504
492,166687551501175,16.678851501
493,166687586538308,16.713888634
494,166687614402600,16.741752926
495,166687650055670,16.777405996
496,166687683678832,16.811029158
497,166687725604362,16.852954688
498,166687756182302,16.883532628
499,166687788215501,16.915565827
500,166687818648365,16.945998691
501,166687860667831,16.988018157
502,166687891055152,17.018405478
503,166687925726612,17.053076938
504,166687958217327,17.085567653
505,166687990662528,17.118012854
506,166688022513119,17.149863445
507,166688063043438,17.190393764
508,166688089966605,17.217316931
509,166688132984667,17.260334993
510,166688161843862,17.289194188
511,166688200763929,17.328114255
512,166688238170766,17.365521092
513,166688275411502,17.402761828
514,166688295542299,17.422892625
515,166688329481473,17.456831799
516,166688365549539,17.492899865
517,166688407977860,17.535328186
518,166688429586604,17.556936930
519,166688462868625,17.590218951
520,166688499679365,17.627029691
521,166688542747974,17.670098300
522,166688565863063,17.693213389
523,166688603383949,17.730734275
524,166688638201475,17.765551801
525,166688684534518,17.811884844
526,166688706680654,17.834030980
527,166688739237126,17.866587452
528,166688770066546,17.897416872
529,166688809603127,17.936953453
530,166688838045094,17.965395420
531,166688870828867,17.998179193
532,166688902596861,18.029947187
533,166688947705871,18.075056197
534,166688972097872,18.099448198
535,166689008721469,18.136071795
536,166689037063059,18.164413385
537,166689084255934,18.211606260
538,166689105429755,18.232780081
539,166689143293017,18.270643343
540,166689173560074,18.300910400
541,166689213866267,18.341216593
542,166689241149909,18.368500235
543,166689279539497,18.406889823
544,166689313164836,18.440515162
545,166689366713769,18.494064095
546,166689391488650,18.518838976
547,166689416045151,18.543395477
548,166689451607475,18.578957801
549,166689501054457,18.628404783
550,166689524466284,18.651816610
551,166689549047085,18.676397411
552,166689585257508,18.712607834
553,166689627639598,18.754989924
554,166689649936579,18.777286905
555,166689684427425,18.811777751
556,166689720699168,18.848049494
557,166689767156098,18.894506424
558,166689792666555,18.920016881
559,166689818492048,18.945842374
560,166689855899838,18.983250164
561,166689903141843,19.030492169
562,166689924291616,19.051641942
563,166689956845246,19.084195572
564,166689989717279,19.117067605
565,166690034713520,19.162063846
566,166690058778664,19.186128990
567,166690091728578,19.219078904
568,166690128310983,19.255661309
569,166690178176276,19.305526602
570,166690198572516,19.325922842
571,166690226785743,19.354136069
572,166690259282978,19.386633304
573,166690305373235,19.432723561
574,166690325346653,19.452696979
575,166690366381748,19.493732074
576,166690393239987,19.520590313
577,166690430945558,19.558295884
578,166690461567744,19.588918070
579,166690500265198,19.627615524
580,166690529996639,19.657346965
581,166690583838601,19.711188927
582,166690604823935,19.732174261
583,166690637116968,19.764467294
584,166690665963873,19.793314199
585,166690708264849,19.835615175
586,166690733046074,19.860396400
587,166690774732979,19.902083305
588,166690803259431,19.930609757
589,166690851630941,19.978981267
590,166690878301724,20.005652050
591,166690903667444,20.031017770
592,166690939399387,20.066749713
593,166690989820920,20.117171246
594,166691014416164,20.141766490
595,166691039323145,20.166673471
596,166691077773273,20.205123599
597,166691124698745,20.252049071
598,166691145837221,20.273187547
599,166691173403312,20.300753638
600,166691215553160,20.342903486
601,166691251687981,20.379038307
602,166691280625363,20.407975689
603,166691310047267,20.437397593
604,166691353619779,20.480970105
605,166691402118425,20.529468751
606,166691432539647,20.559889973
607,166691455050839,20.582401165
608,166691479230218,20.606580544
609,166691514686620,20.642036946
610,166691546488795,20.673839121
611,166691587776885,20.715127211
612,166691625256994,20.752607320
613,166691666940677,20.794291003
614,166691689566369,20.816916695
615,166691721177708,20.848528034
616,166691751167090,20.878517416
617,166691793974222,20.921324548
618,166691819222692,20.946573018
619,166691858487177,20.985837503
620,166691888442678,21.015793004
621,166691925194546,21.052544872
622,166691954313094,21.081663420
623,166691998392376,21.125742702
624,166692030524318,21.157874644
625,166692081481940,21.208832266
626,166692101272565,21.228622891
627,166692128797700,21.256148026
628,166692158618988,21.285969314
629,166692200987377,21.328337703
630,166692225676341,21.353026667
631,166692258949108,21.386299434
632,166692295280856,21.422631182
633,166692333844118,21.461194444
634,166692364540810,21.491891136
635,166692396499689,21.523850015
636,166692431358309,21.558708635
637,166692481847948,21.609198274
638,166692504548478,21.631898804
639,166692530658357,21.658008683
640,166692569510425,21.696860751
641,166692616264363,21.743614689
642,166692635677608,21.763027934
643,166692666790263,21.794140589
644,166692703630073,21.830980399
645,166692751481579,21.878831905
646,166692775173341,21.902523667
647,166692803124851,21.930475177
648,166692836957083,21.964307409
649,166692889614787,22.016965113
650,166692911540752,22.038891078
651,166692938691039,22.066041365
652,166692969728763,22.097079089
653,166693011855035,22.139205361
654,166693037995717,22.165346043
655,166693074901856,22.202252182
656,166693108047283,22.235397609
657,166693151720234,22.279070560
658,166693174544212,22.301894538
659,166693216291094,22.343641420
660,166693245065824,22.372416150
661,166693294350241,22.421700567
662,166693314392708,22.441743034
663,166693346575582,22.473925908
664,166693379570584,22.506920910
665,166693424422241,22.551772567
666,166693445611964,22.572962290
667,166693478986092,22.606336418
668,166693518039427,22.645389753
669,166693563072452,22.690422778
670,166693586026613,22.713376939
671,166693615599138,22.742949464
672,166693650729587,22.778079913
673,166693696394461,22.823744787
674,166693717989236,22.845339562
675,166693752334715,22.879685041
676,166693791113071,22.918463397
677,166693836356367,22.963706693
678,166693862680854,22.990031180
679,166693886709807,23.014060133
680,166693921836192,23.049186518
681,166693966025545,23.093375871
682,166693989572802,23.116923128
683,166694026913370,23.154263696
684,166694057832178,23.185182504
685,166694106213488,23.233563814
686,166694126868413,23.254218739
687,166694159828037,23.287178363
688,166694189635084,23.316985410
689,166694230026888,23.357377214
690,166694257271759,23.384622085
691,166694302518990,23.429869316
692,166694325291403,23.452641729
693,166694364413915,23.491764241
694,166694393089673,23.520439999
695,166694433897520,23.561247846
696,166694461337142,23.588687468
697,166694508811901,23.636162227
698,166694530639439,23.657989765
699,166694571642633,23.698992959
700,166694600671832,23.728022158
701,166694647374854,23.774725180
702,166694672689976,23.800040302
703,166694704653968,23.832004294
704,166694733772018,23.861122344
705,166694786636961,23.913987287
706,166694808528920,23.935879246
707,166694834727369,23.962077695
708,166694870274306,23.997624632
709,166694915711141,24.043061467
710,166694937799549,24.065149875
711,166694970769293,24.098119619
712,166695011600273,24.138950599
713,166695055915526,24.183265852
714,166695078069004,24.205419330
715,166695107423892,24.234774218
716,166695148757573,24.276107899
717,166695196739824,24.324090150
718,166695215105592,24.342455918
719,166695242686057,24.370036383
720,166695277664250,24.405014576
721,166695316979717,24.444330043
722,166695345139306,24.472489632
723,166695378924314,24.506274640
724,166695413579510,24.540929836
725,166695462650708,24.590001034
726,166695485665024,24.613015350
727,166695514696250,24.642046576
728,166695545592277,24.672942603
729,166695596762841,24.724113167
730,166695619744967,24.747095293
731,166695652890562,24.780240888
732,166695681402951,24.808753277
733,166695726112684,24.853463010
734,166695749657578,24.877007904
735,166695786768483,24.914118809
736,166695818565536,24.945915862
737,166695864033604,24.991383930
738,166695885625395,25.012975721
739,166695923501925,25.050852251
740,166695955250756,25.082601082
741,166696000393612,25.127743938
742,166696022500796,25.149851122
743,166696060369360,25.187719686
744,166696089890894,25.217241220
745,166696133777148,25.261127474
746,166696158916599,25.286266925
747,166696193474219,25.320824545
748,166696230985501,25.358335827
749,166696279380300,25.406730626
750,166696300683455,25.428033781
751,166696326804782,25.454155108
752,166696363329606,25.490679932
753,166696404901586,25.532251912
754,166696430887178,25.558237504
755,166696464116711,25.591467037
756,166696500266509,25.627616835
757,166696546951853,25.674302179
758,166696571946923,25.699297249
759,166696599121938,25.726472264
760,166696640452677,25.767803003
761,166696689376597,25.816726923
762,166696727213158,25.854563484
763,166696758348415,25.885698741
764,166696779740725,25.907091051
765,166696805736680,25.933087006
766,166696834410712,25.961761038
767,166696893153701,26.020504027
768,166696920359364,26.047709690
769,166696944630170,26.071980496
770,166696969716993,26.097067319
771,166697006619027,26.133969353
772,166697037714193,26.165064519
773,166697074923755,26.202274081
774,166697105864278,26.233214604
775,166697152865567,26.280215893
776,166697175996812,26.303347138
777,166697211149153,26.338499479
778,166697241933125,26.369283451
779,166697292548988,26.419899314
780,166697314040110,26.441390436
781,166697345259092,26.472609418
782,166697381692100,26.509042426
783,166697424411930,26.551762256
784,166697445540689,26.572891015
785,166697482685742,26.610036068
786,166697516631929,26.643982255
787,166697561802319,26.689152645
788,166697581622662,26.708972988
789,166697616319135,26.743669461
790,166697650637246,26.777987572
791,166697699165197,26.826515523
792,166697722556369,26.849906695
793,166697753321314,26.880671640
794,166697821082055,26.948432381
795,166697894970390,27.022320716
796,166697944654536,27.072004862
797,166697984647936,27.111998262
798,166698004604719,27.131955045
799,166698065272857,27.192623183
800,166698089085476,27.216435802
801,166698114057062,27.241407388
802,166698137560462,27.264910788
803,166698193250304,27.320600630
804,166698216459999,27.343810325
805,166698235361947,27.362712273
806,166698253599440,27.380949766
807,166698298583759,27.425934085
808,166698320108125,27.447458451
809,166698338694280,27.466044606
810,166698366493748,27.493844074
811,166698416284259,27.543634585
812,166698440128587,27.567478913
813,166698460685092,27.588035418
814,166698484026549,27.611376875
815,166698519593660,27.646943986
816,166698540254003,27.667604329
817,166698567280294,27.694630620
818,166698599228114,27.726578440
819,166698638957885,27.766308211
820,166698666687518,27.794037844
821,166698701438685,27.828789011
822,166698735317703,27.862668029
823,166698784535046,27.911885372
824,166698809009817,27.936360143
825,166698834066074,27.961416400
826,166698873226672,28.000576998
827,166698913083922,28.040434248
828,166698938638186,28.065988512
829,166698973289402,28.100639728
830,166699008228972,28.135579298
831,166699048101338,28.175451664
832,166699075546354,28.202896680
833,166699105882511,28.233232837
834,166699150019013,28.277369339
835,166699199091369,28.326441695
836,166699224878031,28.352228357
837,166699243786815,28.371137141
838,166699276296623,28.403646949
839,166699313765452,28.441115778
840,166699342597556,28.469947882
841,166699382166024,28.509516350
842,166699413494384,28.540844710
843,166699458539637,28.585889963
844,166699484137855,28.611488181
845,166699517748321,28.645098647
846,166699550885028,28.678235354
847,166699595826324,28.723176650
848,166699617671442,28.745021768
849,166699656674231,28.784024557
850,166699685492564,28.812842890
851,166699731370680,28.858721006
852,166699757279984,28.884630310
853,166699786601380,28.913951706
854,166699822943013,28.950293339
855,166699875989789,29.003340115
856,166699899533541,29.026883867
857,166699918756393,29.046106719
858,166699954867630,29.082217956
859,166699994265249,29.121615575
860,166700023532682,29.150883008
861,166700056149529,29.183499855
862,166700096827372,29.224177698
863,166700147369016,29.274719342
864,166700174880938,29.302231264
865,166700196219718,29.323570044
866,166700226785424,29.354135750
867,166700277221499,29.404571825
868,166700301038484,29.428388810
869,166700325649730,29.453000056
870,166700366084384,29.493434710
871,166700409092812,29.536443138
872,166700435983116,29.563333442
873,166700462073131,29.589423457
874,166700504654405,29.632004731
875,166700550807950,29.678158276
876,166700578029794,29.705380120
877,166700598022193,29.725372519
878,166700630657648,29.758007974
879,166700673682436,29.801032762
880,166700698737841,29.826088167
881,166700739122988,29.866473314
882,166700768151745,29.895502071
883,166700812468747,29.939819073
884,166700837089855,29.964440181
885,166700872877756,30.000228082
886,166700906182271,30.033532597
887,166700945145667,30.072495993
888,166700970785457,30.098135783
889,166701014524125,30.141874451
890,166701043843506,30.171193832
891,166701090412584,30.217762910
892,166701113823632,30.241173958
893,166701143224118,30.270574444
894,166701176891064,30.304241390
895,166701224363830,30.351714156
896,166701248059494,30.375409820
897,166701273540379,30.400890705
898,166701318953417,30.446303743
899,166701366725361,30.494075687
900,166701389679096,30.517029422
901,166701411952523,30.539302849
902,166701451011031,30.578361357
903,166701499714328,30.627064654
904,166701523615148,30.650965474
905,166701546012772,30.673363098
906,166701585455429,30.712805755
907,166701628327075,30.755677401
908,166701653967800,30.781318126
909,166701681723107,30.809073433
910,166701720181354,30.847531680
911,166701770758845,30.898109171
912,166701796180584,30.923530910
913,166701819407524,30.946757850
914,166701851532375,30.978882701
915,166701898316407,31.025666733
916,166701920879545,31.048229871
917,166701955121570,31.082471896
918,166701986817232,31.114167558
919,166702028136866,31.155487192
920,166702055640101,31.182990427
921,166702094325810,31.221676136
922,166702122963236,31.250313562
923,166702176957795,31.304308121
924,166702201916189,31.329266515
925,166702226293352,31.353643678
926,166702261808886,31.389159212
927,166702305636362,31.432986688
928,166702328419206,31.455769532
929,166702364115431,31.491465757
930,166702394962152,31.522312478
931,166702434313222,31.561663548
932,166702462581981,31.589932307
933,166702498103793,31.625454119
934,166702531423978,31.658774304
935,166702580588641,31.707938967
936,166702603174962,31.730525288
937,166702630017540,31.757367866
938,166702669711855,31.797062181
939,166702712152968,31.839503294
940,166702737077335,31.864427661
941,166702765999969,31.893350295
942,166702803725851,31.931076177
943,166702851048275,31.978398601
944,166702878450937,32.005801263
945,166702902101048,32.029451374
946,166702939377162,32.066727488
947,166702985903209,32.113253535
948,166703009168249,32.136518575
949,166703038581917,32.165932243
950,166703078387555,32.205737881
951,166703115851379,32.243201705
952,166703142659753,32.270010079
953,166703175710203,32.303060529
954,166703206928814,32.334279140
955,166703244890346,32.372240672
956,166703275898614,32.403248940
957,166703316791375,32.444141701
958,166703342845991,32.470196317
959,166703390981903,32.518332229
960,166703416842139,32.544192465
961,166703446134623,32.573484949
962,166703481861663,32.609211989
963,166703527260617,32.654610943
964,166703552248333,32.679598659
965,166703581892884,32.709243210
966,166703614800684,32.742151010
967,166703658802097,32.786152423
968,166703682917529,32.810267855
969,166703719940151,32.847290477
970,166703751075096,32.878425422
971,166703799319505,32.926669831
972,166703824305368,32.951655694
973,166703849937653,32.977287979
974,166703887601230,33.014951556
975,166703930457411,33.057807737
976,166703954761305,33.082111631
977,166703987595902,33.114946228
978,166704023950300,33.151300626
979,166704064924976,33.192275302
980,166704090746291,33.218096617
981,166704127120589,33.254470915
982,166704159314581,33.286664907
983,166704210562667,33.337912993
984,166704235454353,33.362804679
985,166704257730050,33.385080376
986,166704296211544,33.423561870
987,166704331543166,33.458893492
988,166704363164631,33.490514957
989,166704394586853,33.521937179
990,166704439141349,33.566491675
991,166704487839006,33.615189332
992,166704509910666,33.637260992
993,166704531769739,33.659120065
994,166704563570602,33.690920928
995,166704601281826,33.728632152
996,166704631078462,33.758428788
997,166704667362298,33.794712624
998,166704703597845,33.830948171
999,166704747040785,33.874391111
1000,166704773110191,33.900460517
1001,166704803781730,33.931132056
1002,166704835170507,33.962520833
1003,166704879353577,34.006703903
1004,166704906789026,34.034139352
1005,166704944659650,34.072009976
1006,166704971884878,34.099235204
1007,166705009877516,34.137227842
1008,166705038948289,34.166298615
1009,166705073796756,34.201147082
1010,166705107067121,34.234417447
1011,166705144104004,34.271454330
1012,166705193425802,34.320776128
1013,166705225656359,34.353006685
1014,166705254890916,34.382241242
1015,166705276658823,34.404009149
1016,166705310717174,34.438067500
1017,166705343519682,34.470870008
1018,166705378750533,34.506100859
1019,166705415859529,34.543209855
1020,166705451514451,34.578864777
1021,166705496106584,34.623456910
1022,166705519274585,34.646624911
1023,166705546081647,34.673431973
1024,166705590464691,34.717815017
1025,166705631530330,34.758880656
1026,166705652842452,34.780192778
1027,166705682041633,34.809391959
1028,166705726782772,34.854133098
1029,166705773635809,34.900986135
1030,166705798406523,34.925756849
1031,166705817924904,34.945275230
1032,166705851023925,34.978374251
1033,166705896821256,35.024171582
1034,166705919842326,35.047192652
1035,166705957732452,35.085082778
1036,166705986986316,35.114336642
1037,166706023630828,35.150981154
1038,166706056016170,35.183366496
1039,166706096561731,35.223912057
1040,166706125743556,35.253093882
1041,166706164827733,35.292178059
1042,166706190863570,35.318213896
1043,166706229025475,35.356375801
1044,166706260518256,35.387868582
1045,166706305822449,35.433172775
1046,166706329484495,35.456834821
1047,166706361879535,35.489229861
1048,166706394915541,35.522265867
1049,166706430467991,35.557818317
1050,166706465867128,35.593217454
1051,166706493858998,35.621209324
1052,166706531977548,35.659327874
1053,166706579622943,35.706973269
1054,166706611936490,35.739286816
1055,166706630345895,35.757696221
1056,166706671979986,35.799330312
1057,166706717680202,35.845030528
1058,166706740450014,35.867800340
1059,166706765902491,35.893252817
1060,166706809874793,35.937225119
1061,166706863417970,35.990768296
1062,166706888285443,36.015635769
1063,166706907674234,36.035024560
1064,166706939502340,36.066852666
1065,166706993043709,36.120394035
1066,166707017660866,36.145011192
1067,166707037831242,36.165181568
1068,166707071207325,36.198557651
1069,166707110026375,36.237376701
1070,166707138630321,36.265980647
1071,166707175080565,36.302430891
1072,166707206894091,36.334244417
1073,166707246502278,36.373852604
1074,166707274979299,36.402329625
1075,166707316059391,36.443409717
1076,166707342914875,36.470265201
1077,166707392924219,36.520274545
1078,166707419498729,36.546849055
1079,166707446524320,36.573874646
1080,166707480897133,36.608247459
1081,166707523911686,36.651262012
1082,166707546924043,36.674274369
1083,166707586085488,36.713435814
1084,166707618302130,36.745652456
1085,166707664063054,36.791413380
1086,166707690671403,36.818021729
1087,166707713914869,36.841265195
1088,166707752296802,36.879647128
1089,166707800023730,36.927374056
1090,166707822916025,36.950266351
1091,166707850230732,36.977581058
1092,166707892893403,37.020243729
1093,166707934431916,37.061782242
1094,166707956745903,37.084096229
1095,166707988405691,37.115756017
1096,166708023734540,37.151084866
1097,166708067326266,37.194676592
1098,166708090706211,37.218056537
1099,166708124138600,37.251488926
1100,166708160192253,37.287542579
1101,166708199963530,37.327313856
1102,166708229884669,37.357234995
1103,166708259298333,37.386648659
1104,166708296781051,37.424131377
1105,166708338992993,37.466343319
1106,166708361369643,37.488719969
1107,166708398796483,37.526146809
1108,166708426947582,37.554297908
1109,166708474094672,37.601444998
1110,166708499424050,37.626774376
1111,166708531122822,37.658473148
1112,166708562891817,37.690242143
1113,166708601399076,37.728749402
1114,166708631142004,37.758492330
1115,166708667999704,37.795350030
1116,166708702744608,37.830094934
1117,166708745066706,37.872417032
1118,166708774631183,37.901981509
1119,166708805444080,37.932794406
1120,166708835128421,37.962478747
1121,166708881467398,38.008817724
1122,166708905449972,38.032800298
1123,166708938373136,38.065723462
1124,166708970848179,38.098198505
1125,166709008787487,38.136137813
1126,166709038734674,38.166085000
1127,166709070938478,38.198288804
1128,166709113701807,38.241052133
1129,166709154572496,38.281922822
1130,166709178430678,38.305781004
1131,166709207510735,38.334861061
1132,166709245888514,38.373238840
1133,166709300885990,38.428236316
1134,166709323633358,38.450983684
1135,166709343213093,38.470563419
1136,166709384364210,38.511714536
1137,166709423986472,38.551336798
1138,166709448833877,38.576184203
1139,166709480404859,38.607755185
1140,166709515893681,38.643244007
1141,166709560292330,38.687642656
1142,166709583040594,38.710390920
1143,166709614066152,38.741416478
1144,166709647347668,38.774697994
1145,166709693957641,38.821307967
1146,166709718863523,38.846213849
1147,166709752286641,38.879636967
1148,166709786418960,38.913769286
1149,166709836876342,38.964226668
1150,166709864868665,38.992218991
1151,166709885696974,39.013047300
1152,166709921417649,39.048767975
1153,166709963123469,39.090473795
1154,166709988408055,39.115758381
1155,166710027725303,39.155075629
1156,166710055663695,39.183014021
1157,166710100204146,39.227554472
1158,166710127480235,39.254830561
1159,166710160570756,39.287921082
1160,166710190968128,39.318318454
1161,166710235797966,39.363148292
1162,166710261387277,39.388737603
1163,166710291385376,39.418735702
1164,166710330562829,39.457913155
1165,166710376703634,39.504053960
1166,166710400665906,39.528016232
1167,166710428665439,39.556015765
1168,166710466786585,39.594136911
1169,166710505338083,39.632688409
1170,166710530589101,39.657939427
1171,166710565834116,39.693184442
1172,166710602088494,39.729438820
1173,166710638163963,39.765514289
1174,166710667759978,39.795110304
1175,166710698721184,39.826071510
1176,166710743263104,39.870613430
1177,166710788899024,39.916249350
1178,166710811516525,39.938866851
1179,166710833523142,39.960873468
1180,166710871494764,39.998845090
1181,166710908200648,40.035550974
1182,166710936709083,40.064059409
1183,166710972854600,40.100204926
1184,166711006121419,40.133471745
1185,166711045318955,40.172669281
1186,166711070817481,40.198167807
1187,166711106730773,40.234081099
1188,166711138612605,40.265962931
1189,166711187254410,40.314604736
1190,166711210888314,40.338238640
1191,166711241855334,40.369205660
1192,166711274809702,40.402160028
1193,166711326247950,40.453598276
1194,166711351406042,40.478756368
1195,166711377688005,40.505038331
1196,166711411226861,40.538577187
1197,166711449280594,40.576630920
1198,166711479287799,40.606638125
1199,166711517521366,40.644871692
1200,166711546675829,40.674026155
1201,166711588807871,40.716158197
1202,166711614823546,40.742173872
1203,166711650525962,40.777876288
1204,166711684313629,40.811663955
1205,166711721544969,40.848895295
1206,166711750962447,40.878312773
1207,166711783486781,40.910837107
1208,166711822885242,40.950235568
1209,166711865656838,40.993007164
1210,166711888180820,41.015531146
1211,166711919240491,41.046590817
1212,166711961486845,41.088837171
1213,166712004243290,41.131593616
1214,166712026379135,41.153729461
1215,166712054272402,41.181622728
1216,166712092306051,41.219656377
1217,166712137027957,41.264378283
1218,166712161152306,41.288502632
1219,166712189788988,41.317139314
1220,166712229387739,41.356738065
1221,166712273259851,41.400610177
1222,166712301307012,41.428657338
1223,166712329573635,41.456923961
1224,166712360226207,41.487576533
1225,166712402029523,41.529379849
1226,166712426995881,41.554346207
1227,166712464345637,41.591695963
1228,166712498361909,41.625712235
1229,166712541088966,41.668439292
1230,166712570772432,41.698122758
1231,166712597812299,41.725162625
1232,166712631094037,41.758444363
1233,166712676031930,41.803382256
1234,166712701733620,41.829083946
1235,166712735905790,41.863256116
1236,166712766942393,41.894292719
1237,166712807940107,41.935290433
1238,166712835218054,41.962568380
1239,166712871382604,41.998732930
1240,166712903366959,42.030717285
1241,166712950107361,42.077457687
1242,166712977026036,42.104376362
1243,166713001704297,42.129054623
1244,166713040492614,42.167842940
1245,166713083264927,42.210615253
1246,166713106836410,42.234186736
1247,166713143997739,42.271348065
1248,166713175222884,42.302573210
1249,166713215335250,42.342685576
1250,166713244075278,42.371425604
1251,166713274171298,42.401521624
1252,166713318317151,42.445667477
1253,166713374300572,42.501650898
1254,166713399151890,42.526502216
1255,166713416942372,42.544292698
1256,166713447118176,42.574468502
1257,166713493947510,42.621297836
1258,166713519230642,42.646580968
1259,166713545988319,42.673338645
1260,166713579141941,42.706492267
1261,166713617613563,42.744963889
1262,166713660205220,42.787555546
1263,166713686912308,42.814262634
1264,166713715180078,42.842530404
1265,166713756340589,42.883690915
1266,166713786742064,42.914092390
1267,166713822106309,42.949456635
1268,166713852800595,42.980150921
1269,166713886300616,43.013650942
1270,166713923819728,43.051170054
1271,166713993573890,43.120924216
1272,166714021266779,43.148617105
1273,166714042277428,43.169627754
1274,166714068038717,43.195389043
1275,166714115062432,43.242412758
1276,166714143872280,43.271222606
1277,166714168876182,43.296226508
1278,166714193340505,43.320690831
1279,166714232936324,43.360286650
1280,166714258931680,43.386282006
1281,166714293657406,43.421007732
1282,166714328095471,43.455445797
1283,166714376965654,43.504315980
1284,166714402232707,43.529583033
1285,166714425662611,43.553012937
1286,166714467287778,43.594638104
1287,166714510215774,43.637566100
1288,166714533148270,43.660498596
1289,166714561934542,43.689284868
1290,166714599901954,43.727252280
1291,166714640848289,43.768198615
1292,166714667701485,43.795051811
1293,166714697610443,43.824960769
1294,166714735371653,43.862721979
1295,166714787307927,43.914658253
1296,166714809790005,43.937140331
1297,166714833609414,43.960959740
1298,166714867035849,43.994386175
1299,166714908826305,44.036176631
1300,166714934951665,44.062301991
1301,166714969619372,44.096969698
1302,166715002733507,44.130083833
1303,166715039389938,44.166740264
1304,166715073431255,44.200781581
1305,166715108685861,44.236036187
1306,166715139230270,44.266580596
1307,166715186012202,44.313362528
1308,166715209531525,44.336881851
1309,166715246056522,44.373406848
1310,166715275716940,44.403067266
1311,166715318767141,44.446117467
1312,166715343143597,44.470493923
1313,166715378017999,44.505368325
1314,166715410719300,44.538069626
1315,166715448695473,44.576045799
1316,166715478959500,44.606309826
1317,166715515039549,44.642389875
1318,166715547311826,44.674662152
1319,166715591775811,44.719126137
1320,166715619769886,44.747120212
1321,166715647843501,44.775193827
1322,166715684440984,44.811791310
1323,166715724993313,44.852343639
1324,166715750945630,44.878295956
1325,166715783514492,44.910864818
1326,166715820711883,44.948062209
1327,166715863425615,44.990775941
1328,166715890095741,45.017446067
1329,166715918289570,45.045639896
1330,166715958505637,45.085855963
1331,166715999358364,45.126708690
1332,166716023316950,45.150667276
1333,166716059686041,45.187036367
1334,166716093933795,45.221284121
1335,166716134796705,45.262147031
1336,166716158634777,45.285985103
1337,166716190330865,45.317681191
1338,166716222867332,45.350217658
1339,166716264331119,45.391681445
1340,166716291075995,45.418426321
1341,166716327238966,45.454589292
1342,166716362911094,45.490261420
1343,166716415726836,45.543077162
1344,166716441332250,45.568682576
1345,166716462806317,45.590156643
1346,166716497608509,45.624958835
1347,166716540717674,45.668068000
1348,166716565698022,45.693048348
1349,166716598408727,45.725759053
1350,166716635529851,45.762880177
1351,166716689254435,45.816604761
1352,166716715160117,45.842510443
1353,166716733802164,45.861152490
1354,166716767331216,45.894681542
1355,166716806209790,45.933560116
1356,166716835235680,45.962586006
1357,166716866531443,45.993881769
1358,166716908907654,46.036257980
1359,166716951864254,46.079214580
1360,166716977874024,46.105224350
1361,166717001596739,46.128947065
1362,166717040657172,46.168007498
1363,166717087124014,46.214474340
1364,166717111736457,46.239086783
1365,166717137722660,46.265072986
1366,166717176010977,46.303361303
1367,166717218254260,46.345604586
1368,166717243356548,46.370706874
1369,166717277853553,46.405203879
1370,166717311648850,46.438999176
1371,166717351706320,46.479056646
1372,166717379530313,46.506880639
1373,166717412736702,46.540087028
1374,166717442926271,46.570276597
1375,166717487120519,46.614470845
1376,166717511101235,46.638451561
1377,166717550680323,46.678030649
1378,166717581874332,46.709224658
1379,166717621682483,46.749032809
1380,166717646959346,46.774309672
1381,166717683447550,46.810797876
1382,166717715479769,46.842830095
1383,166717755850637,46.883200963
1384,166717786389344,46.913739670
1385,166717821457527,46.948807853
1386,166717851089331,46.978439657
1387,166717890525607,47.017875933
1388,166717919113794,47.046464120
1389,166717955202772,47.082553098
1390,166717988010817,47.115361143
1391,166718028213283,47.155563609
1392,166718055919437,47.183269763
1393,166718092205390,47.219555716
1394,166718127168220,47.254518546
1395,166718173736482,47.301086808
1396,166718196088158,47.323438484
1397,166718221614734,47.348965060
1398,166718259353551,47.386703877
1399,166718303313831,47.430664157
1400,166718328435522,47.455785848
1401,166718357884238,47.485234564
1402,166718398523244,47.525873570
1403,166718445266142,47.572616468
1404,166718470052674,47.597403000
1405,166718493744864,47.621095190
1406,166718531652872,47.659003198
1407,166718577437847,47.704788173
1408,166718599382202,47.726732528
1409,166718629531363,47.756881689
1410,166718666708773,47.794059099
1411,166718702204277,47.829554603
1412,166718730954666,47.858304992
1413,166718766993800,47.894344126
1414,166718805022634,47.932372960
1415,166718847670447,47.975020773
1416,166718873895815,48.001246141
1417,166718901769767,48.029120093
1418,166718935059924,48.062410250
1419,166718984356630,48.111706956
1420,166719010451295,48.137801621
1421,166719037685192,48.165035518
1422,166719073351492,48.200701818
1423,166719112249826,48.239600152
1424,166719138915859,48.266266185
1425,166719178351641,48.305701967
1426,166719206852715,48.334203041
1427,166719241776094,48.369126420
1428,166719275441619,48.402791945
1429,166719315781708,48.443132034
1430,166719344208536,48.471558862
1431,166719387243685,48.514594011
1432,166719413982289,48.541332615
1433,166719442249964,48.569600290
1434,166719479013639,48.606363965
1435,166719511092051,48.638442377
1436,166719552941662,48.680291988
1437,166719581269543,48.708619869
1438,166719622444529,48.749794855
1439,166719663415391,48.790765717
1440,166719696317082,48.823667408
1441,166719714191368,48.841541694
1442,166719756853958,48.884204284
1443,166719801689793,48.929040119
1444,166719825505013,48.952855339
1445,166719850193198,48.977543524
1446,166719888022463,49.015372789
1447,166719929219277,49.056569603
1448,166719955007823,49.082358149
1449,166719991604754,49.118955080
1450,166720018896249,49.146246575
1451,166720063249958,49.190600284
1452,166720089286896,49.216637222
1453,166720124935270,49.252285596
1454,166720154830108,49.282180434
1455,166720197517307,49.324867633
1456,166720224961948,49.352312274
1457,166720259829755,49.387180081
1458,166720293115571,49.420465897
1459,166720332303602,49.459653928
1460,166720359727402,49.487077728
1461,166720400028143,49.527378469
1462,166720426880920,49.554231246
1463,166720480650173,49.608000499
1464,166720504445764,49.631796090
1465,166720531520426,49.658870752
1466,166720565530354,49.692880680
1467,166720604599903,49.731950229
1468,166720631202012,49.758552338
1469,166720662300202,49.789650528
1470,166720707451118,49.834801444
1471,166720751079704,49.878430030
1472,166720776999559,49.904349885
1473,166720797919539,49.925269865
1474,166720840853148,49.968203474
1475,166720896399031,50.023749357
1476,166720921453232,50.048803558
1477,166720944588595,50.071938921
1478,166720971438094,50.098788420
1479,166721018605950,50.145956276
1480,166721044903231,50.172253557
1481,166721073752739,50.201103065
1482,166721109318222,50.236668548
1483,166721150750754,50.278101080
1484,166721182074623,50.309424949
1485,166721206165015,50.333515341
1486,166721249640771,50.376991097
1487,166721300617100,50.427967426
1488,166721325461857,50.452812183
1489,166721345683762,50.473034088
1490,166721375056600,50.502406926
1491,166721415075237,50.542425563
1492,166721454086205,50.581436531
1493,166721477880950,50.605231276
1494,166721517937662,50.645287988
1495,166721563707868,50.691058194
1496,166721586615747,50.713966073
1497,166721614191926,50.741542252
1498,166721651245515,50.778595841
1499,166721697247678,50.824598004
1500,166721719512233,50.846862559
1501,166721752045183,50.879395509
1502,166721784408455,50.911758781
1503,166721836806515,50.964156841
1504,166721863887106,50.991237432
1505,166721886188772,51.013539098
1506,166721923350380,51.050700706
1507,166721970055367,51.097405693
1508,166721991936979,51.119287305
1509,166722017940235,51.145290561
1510,166722059383257,51.186733583
1511,166722098154911,51.225505237
1512,166722133772990,51.261123316
1513,166722160619406,51.287969732
1514,166722194559590,51.321909916
1515,166722221866750,51.349217076
1516,166722259242105,51.386592431
1517,166722293069248,51.420419574
1518,166722329199861,51.456550187
1519,166722359395279,51.486745605
1520,166722396478962,51.523829288
1521,166722435014065,51.562364391
1522,166722466490808,51.593841134
1523,166722495638399,51.622988725
1524,166722532586678,51.659937004
1525,166722574864342,51.702214668
1526,166722597671003,51.725021329
1527,166722630460650,51.757810976
1528,166722663422839,51.790773165
1529,166722705079252,51.832429578
1530,166722731410666,51.858760992
1531,166722770171949,51.897522275
1532,166722803666288,51.931016614
1533,166722854284075,51.981634401
1534,166722881411242,52.008761568
1535,166722906470583,52.033820909
1536,166722935159362,52.062509688
1537,166722981677830,52.109028156
1538,166723006642621,52.133992947
1539,166723038375375,52.165725701
1540,166723071114519,52.198464845
1541,166723109705248,52.237055574
1542,166723138832904,52.266183230
1543,166723174327081,52.301677407
1544,166723207802605,52.335152931
1545,166723244359354,52.371709680
1546,166723277804828,52.405155154
1547,166723309240596,52.436590922
1548,166723344038949,52.471389275
1549,166723389966946,52.517317272
1550,166723411856099,52.539206425
1551,166723443650095,52.571000421
1552,166723479787042,52.607137368
1553,166723523132028,52.650482354
1554,166723547528529,52.674878855
1555,166723580787520,52.708137846
1556,166723616316205,52.743666531
1557,166723653292912,52.780643238
1558,166723684160850,52.811511176
1559,166723719624872,52.846975198
1560,166723751750448,52.879100774
1561,166723797377978,52.924728304
1562,166723821651722,52.949002048
1563,166723850629418,52.977979744
1564,166723887595017,53.014945343
1565,166723928350655,53.055700981
1566,166723951601947,53.078952273
1567,166723985864804,53.113215130
1568,166724019222676,53.146573002
1569,166724064181170,53.191531496
1570,166724090708623,53.218058949
1571,166724122632557,53.249982883
1572,166724159636120,53.286986446
1573,166724203498049,53.330848375
1574,166724227962149,53.355312475
1575,166724258582877,53.385933203
1576,166724291633298,53.418983624
1577,166724331436341,53.458786667
1578,166724360065606,53.487415932
1579,166724397905569,53.525255895
1580,166724432081263,53.559431589
1581,166724479037051,53.606387377
1582,166724504068567,53.631418893
1583,166724529996847,53.657347173
1584,166724563375903,53.690726229
1585,166724609032938,53.736383264
1586,166724634890482,53.762240808
1587,166724662140062,53.789490388
1588,166724701150386,53.828500712
1589,166724741525480,53.868875806
1590,166724770031600,53.897381926
1591,166724799390715,53.926741041
1592,166724843535842,53.970886168
1593,166724894137247,54.021487573
1594,166724916926807,54.044277133
1595,166724935682123,54.063032449
1596,166724972870618,54.100220944
1597,166725016048466,54.143398792
1598,166725039223345,54.166573671
1599,166725070177682,54.197528008
1600,166725109541344,54.236891670
1601,166725151327285,54.278677611
1602,166725178657196,54.306007522
1603,166725207716243,54.335066569
1604,166725239475692,54.366826018
1605,166725286377740,54.413728066
1606,166725310655761,54.438006087
1607,166725346037894,54.473388220
1608,166725379422843,54.506773169
1609,166725424467150,54.551817476
1610,166725448457382,54.575807708
1611,166725477728281,54.605078607
1612,166725510770879,54.638121205
1613,166725548115145,54.675465471
1614,166725580165194,54.707515520
1615,166725616781642,54.744131968
1616,166725646668051,54.774018377
1617,166725691464824,54.818815150
1618,166725715732908,54.843083234
1619,166725754649132,54.881999458
1620,166725782813631,54.910163957
1621,166725826463927,54.953814253
1622,166725851103255,54.978453581
1623,166725888567666,55.015917992
1624,166725919864964,55.047215290
1625,166725959363786,55.086714112
1626,166725986847381,55.114197707
1627,166726022804498,55.150154824
1628,166726060612057,55.187962383
1629,166726107644422,55.234994748
1630,166726132099692,55.259450018
1631,166726154040028,55.281390354
1632,166726191271705,55.318622031
1633,166726233288385,55.360638711
1634,166726259275274,55.386625600
1635,166726292838433,55.420188759
1636,166726333568454,55.460918780
1637,166726381644458,55.508994784
1638,166726406814788,55.534165114
1639,166726428787116,55.556137442
1640,166726464116093,55.591466419
1641,166726504548607,55.631898933
1642,166726531570308,55.658920634
1643,166726562204857,55.689555183
1644,166726597930830,55.725281156
1645,166726640778417,55.768128743
1646,166726670547121,55.797897447
1647,166726697839988,55.825190314
1648,166726730864672,55.858214998
1649,166726770984806,55.898335132
1650,166726799389611,55.926739937
1651,166726835890844,55.963241170
1652,166726867683564,55.995033890
1653,166726908865217,56.036215543
1654,166726934984572,56.062334898
1655,166726971062949,56.098413275
1656,166727008678419,56.136028745
1657,166727051434682,56.178785008
1658,166727078954908,56.206305234
1659,166727106931432,56.234281758
1660,166727138935158,56.266285484
1661,166727184409385,56.311759711
1662,166727207287045,56.334637371
1663,166727242779213,56.370129539
1664,166727274958138,56.402308464
1665,166727319581507,56.446931833
1666,166727344608379,56.471958705
1667,166727374362483,56.501712809
1668,166727418141922,56.545492248
1669,166727466915074,56.594265400
1670,166727493316504,56.620666830
1671,166727516968690,56.644319016
1672,166727547020661,56.674370987
1673,166727591781979,56.719132305
1674,166727615538068,56.742888394
1675,166727648384240,56.775734566
1676,166727684649450,56.811999776
1677,166727731181480,56.858531806
1678,166727755909524,56.883259850
1679,166727782978985,56.910329311
1680,166727816104182,56.943454508
1681,166727859512923,56.986863249
1682,166727884621184,57.011971510
1683,166727919693749,57.047044075
1684,166727951725719,57.079076045
1685,166727994647346,57.121997672
1686,166728019106096,57.146456422
1687,166728055971296,57.183321622
1688,166728087405500,57.214755826
1689,166728125606521,57.252956847
1690,166728155641331,57.282991657
1691,166728192157384,57.319507710
1692,166728223007534,57.350357860
1693,166728260469022,57.387819348
1694,166728292578620,57.419928946
1695,166728329262889,57.456613215
1696,166728361110033,57.488460359
1697,166728403058144,57.530408470
1698,166728426904300,57.554254626
1699,166728458543558,57.585893884
1700,166728499057332,57.626407658
1701,166728546217692,57.673568018
1702,166728571998843,57.699349169
1703,166728593965636,57.721315962
1704,166728634355908,57.761706234
1705,166728685288540,57.812638866
1706,166728708072979,57.835423305
1707,166728731585292,57.858935618
1708,166728770246289,57.897596615
1709,166728813126678,57.940477004
1710,166728836575851,57.963926177
1711,166728865954960,57.993305286
1712,166728904406092,58.031756418
1713,166728941764487,58.069114813
1714,166728972043168,58.099393494
1715,166729006844129,58.134194455
1716,166729039948518,58.167298844
1717,166729090686806,58.218037132
1718,166729117468362,58.244818688
1719,166729138039891,58.265390217
1720,166729172105795,58.299456121
1721,166729207249164,58.334599490
1722,166729242242311,58.369592637
1723,166729278837653,58.406187979
1724,166729306970381,58.434320707
1725,166729349274377,58.476624703
1726,166729375233025,58.502583351
1727,166729412320059,58.539670385
1728,166729443100235,58.570450561
1729,166729491258537,58.618608863
1730,166729516986099,58.644336425
1731,166729546784444,58.674134770
1732,166729580112448,58.707462774
1733,166729621357474,58.748707800
1734,166729647189881,58.774540207
1735,166729682582844,58.809933170
1736,166729719315589,58.846665915
1737,166729766845930,58.894196256
1738,166729794400663,58.921750989
1739,166729815480651,58.942830977
1740,166729854260824,58.981611150
1741,166729902608861,59.029959187
1742,166729926038233,59.053388559
1743,166729950228857,59.077579183
1744,166729995610440,59.122960766
1745,166730039026685,59.166377011
1746,166730067500282,59.194850608
1747,166730086186742,59.213537068
1748,166730131299994,59.258650320
1749,166730186164332,59.313514658
1750,166730212301671,59.339651997
1751,166730232036656,59.359386982
1752,166730259934741,59.387285067
1753,166730303282049,59.430632375
1754,166730330213666,59.457563992
1755,166730359444628,59.486794954
1756,166730394137496,59.521487822
1757,166730444736721,59.572087047
1758,166730473318470,59.600668796
1759,166730495488825,59.622839151
1760,166730527249756,59.654600082
1761,166730574415186,59.701765512
1762,166730618689544,59.746039870
1763,166730643777139,59.771127465
1764,166730674971978,59.802322304
1765,166730697989716,59.825340042
1766,166730730994632,59.858344958
1767,166730777792846,59.905143172
1768,166730802621117,59.929971443
1769,166730833976743,59.961327069
1770,166730867056095,59.994406421
1771,166730912206373,60.039556699
1772,166730937539485,60.064889811
1773,166730974223889,60.101574215
1774,166731004915029,60.132265355
1775,166731049185731,60.176536057
1776,166731076288922,60.203639248
1777,166731102839973,60.230190299
1778,166731141546010,60.268896336
1779,166731196688909,60.324039235
1780,166731223824054,60.351174380
1781,166731244592576,60.371942902
1782,166731274996309,60.402346635
1783,166731313573634,60.440923960
1784,166731343217204,60.470567530
1785,166731373905606,60.501255932
1786,166731418240974,60.545591300
1787,166731465232554,60.592582880
1788,166731492924948,60.620275274
1789,166731513112776,60.640463102
1790,166731547444732,60.674795058
1791,166731604828567,60.732178893
1792,166731629420319,60.756770645
1793,166731647725022,60.775075348
1794,166731685341997,60.812692323
1795,166731728880102,60.856230428
1796,166731751008577,60.878358903
1797,166731786487794,60.913838120
1798,166731816103646,60.943453972
1799,166731866478744,60.993829070
1800,166731889379579,61.016729905
1801,166731918234699,61.045585025
1802,166731951522843,61.078873169
1803,166731999707198,61.127057524
1804,166732023897045,61.151247371
1805,166732055506058,61.182856384
1806,166732087048895,61.214399221
1807,166732130447977,61.257798303
1808,166732157268638,61.284618964
1809,166732191535550,61.318885876
1810,166732225659686,61.353010012
1811,166732274446683,61.401797009
1812,166732299395216,61.426745542
1813,166732325938453,61.453288779
1814,166732359384303,61.486734629
1815,166732401916960,61.529267286
1816,166732427078452,61.554428778
1817,166732460369952,61.587720278
1818,166732500454707,61.627805033
1819,166732544566201,61.671916527
1820,166732572402131,61.699752457
1821,166732598813941,61.726164267
1822,166732633708408,61.761058734
1823,166732682965093,61.810315419
1824,166732706256781,61.833607107
1825,166732730134587,61.857484913
1826,166732768461262,61.895811588
1827,166732810032157,61.937382483
1828,166732835659470,61.963009796
1829,166732869948979,61.997299305
1830,166732909102736,62.036453062
1831,166732950025212,62.077375538
1832,166732974918564,62.102268890
1833,166733002287636,62.129637962
1834,166733035540482,62.162890808
1835,166733087346867,62.214697193
1836,166733112530615,62.239880941
1837,166733138629390,62.265979716
1838,166733171535963,62.298886289
1839,166733215043085,62.342393411
1840,166733247984340,62.375334666
1841,166733274582850,62.401933176
1842,166733308784817,62.436135143
1843,166733353273185,62.480623511
1844,166733378972645,62.506322971
1845,166733410854030,62.538204356
1846,166733445553518,62.572903844
1847,166733499183790,62.626534116
1848,166733526419580,62.653769906
1849,166733547587603,62.674937929
1850,166733579445774,62.706796100
1851,166733625309032,62.752659358
1852,166733648708660,62.776058986
1853,166733678075094,62.805425420
1854,166733717252648,62.844602974
1855,166733759142077,62.886492403
1856,166733784822117,62.912172443
1857,166733816036801,62.943387127
1858,166733859766507,62.987116833
1859,166733906589343,63.033939669
1860,166733929893772,63.057244098
1861,166733950312719,63.077663045
1862,166733988069264,63.115419590
1863,166734030892885,63.158243211
1864,166734055201958,63.182552284
1865,166734089419766,63.216770092
1866,166734123942190,63.251292516
1867,166734171414069,63.298764395
1868,166734196259078,63.323609404
1869,166734224396147,63.351746473
1870,166734261536860,63.388887186
1871,166734306599452,63.433949778
1872,166734331417655,63.458767981
1873,166734358563939,63.485914265
1874,166734398455064,63.525805390
1875,166734444555341,63.571905667
1876,166734473020637,63.600370963
1877,166734497931965,63.625282291
1878,166734528785184,63.656135510
1879,166734577221433,63.704571759
1880,166734604859277,63.732209603
1881,166734631362165,63.758712491
1882,166734664207165,63.791557491
1883,166734710345995,63.837696321
1884,166734738659831,63.866010157
1885,166734766346563,63.893696889
1886,166734799846069,63.927196395
1887,166734844436646,63.971786972
1888,166734873031160,64.000381486
1889,166734907940086,64.035290412
1890,166734937628388,64.064978714
1891,166734985564888,64.112915214
1892,166735011324954,64.138675280
1893,166735034342034,64.161692360
1894,166735071781597,64.199131923
1895,166735110917858,64.238268184
1896,166735139051135,64.266401461
1897,166735170241429,64.297591755
1898,166735208635327,64.335985653
1899,166735247162432,64.374512758
1900,166735274987153,64.402337479
1901,166735306227415,64.433577741
1902,166735350080138,64.477430464
1903,166735398710202,64.526060528
1904,166735421464443,64.548814769
1905,166735442028109,64.569378435
1906,166735480568743,64.607919069
1907,166735523129976,64.650480302
1908,166735547039552,64.674389878
1909,166735581975092,64.709325418
1910,166735611120857,64.738471183
1911,166735674626749,64.801977075
1912,166735701748140,64.829098466
1913,166735720125011,64.847475337
1914,166735747312483,64.874662809
1915,166735797819348,64.925169674
1916,166735822892670,64.950242996
1917,166735853634581,64.980984907
1918,166735885822920,65.013173246
1919,166735932707990,65.060058316
1920,166735961481274,65.088831600
1921,166735986196894,65.113547220
1922,166736019291149,65.146641475
1923,166736063128118,65.190478444
1924,166736087585311,65.214935637
1925,166736122559792,65.249910118
1926,166736159317307,65.286667633
1927,166736206251639,65.333601965
1928,166736228892532,65.356242858
1929,166736254093267,65.381443593
1930,166736291672149,65.419022475
1931,166736330025733,65.457376059
1932,166736361137242,65.488487568
1933,166736391106772,65.518457098
1934,166736434569529,65.561919855
1935,166736481453551,65.608803877
1936,166736504978678,65.632329004
1937,166736525927932,65.653278258
1938,166736566422447,65.693772773
1939,166736605020272,65.732370598
1940,166736631601889,65.758952215
1941,166736662353422,65.789703748
1942,166736701238792,65.828589118
1943,166736741763579,65.869113905
1944,166736769386123,65.896736449
1945,166736798111561,65.925461887
1946,166736836462423,65.963812749
1947,166736882096667,66.009446993
1948,166736905021790,66.032372116
1949,166736934066669,66.061416995
1950,166736967068387,66.094418713
1951,166737010126246,66.137476572
1952,166737035060593,66.162410919
1953,166737070127147,66.197477473
1954,166737103623098,66.230973424
1955,166737143037087,66.270387413
1956,166737171017761,66.298368087
1957,166737213337273,66.340687599
1958,166737238981194,66.366331520
1959,166737282023356,66.409373682
1960,166737307072230,66.434422556
1961,166737345857090,66.473207416
1962,166737375237748,66.502588074
1963,166737411895996,66.539246322
1964,166737443044713,66.570395039
1965,166737482504116,66.609854442
1966,166737511163677,66.638514003
1967,166737552553217,66.679903543
1968,166737579036865,66.706387191
1969,166737611389105,66.738739431
1970,166737652657383,66.780007709
1971,166737704992853,66.832343179
1972,166737729617701,66.856968027
1973,166737751463362,66.878813688
1974,166737783024689,66.910375015
1975,166737818701279,66.946051605
1976,166737851362229,66.978712555
1977,166737884673745,67.012024071
1978,166737923297775,67.050648101
1979,166737968206319,67.095556645
1980,166737994592086,67.121942412
1981,166738018525829,67.145876155
1982,166738055779180,67.183129506
1983,166738096242178,67.223592504
1984,166738123436724,67.250787050
1985,166738156121338,67.283471664
1986,166738189081781,67.316432107
1987,166738231639298,67.358989624
1988,166738255452848,67.382803174
1989,166738297588126,67.424938452
1990,166738323625981,67.450976307
1991,166738364986050,67.492336376
1992,166738391219594,67.518569920
1993,166738427285479,67.554635805
1994,166738461877242,67.589227568
1995,166738503134666,67.630484992
1996,166738526832695,67.654183021
1997,166738567250686,67.694601012
1998,166738595011417,67.722361743
1999,166738633604088,67.760954414
2000,166738663322890,67.790673216
2001,166738699608334,67.826958660
2002,166738733291518,67.860641844
2003,166738782320923,67.909671249
2004,166738806268956,67.933619282
2005,166738830218659,67.957568985
2006,166738869351768,67.996702094
2007,166738911363005,68.038713331
2008,166738935093387,68.062443713
2009,166738966614738,68.093965064
2010,166739005352930,68.132703256
2011,166739045377434,68.172727760
2012,166739095448107,68.222798433
2013,166739121703604,68.249053930
2014,166739153546414,68.280896740
2015,166739182161775,68.309512101
2016,166739207820920,68.335171246
2017,166739244189363,68.371539689
2018,166739280440002,68.407790328
2019,166739305869029,68.433219355
2020,166739349923062,68.477273388
2021,166739401601319,68.528951645
2022,166739424897757,68.552248083
2023,166739446247082,68.573597408
2024,166739475142054,68.602492380
2025,166739518966215,68.646316541
2026,166739542910100,68.670260426
2027,166739584873072,68.712223398
2028,166739612346807,68.739697133
2029,166739651978792,68.779329118
2030,166739679220894,68.806571220
2031,166739714103333,68.841453659
2032,166739747698766,68.875049092
2033,166739793202190,68.920552516
2034,166739816685629,68.944035955
2035,166739850256245,68.977606571
2036,166739883228095,69.010578421
2037,166739921975156,69.049325482
2038,166739951637556,69.078987882
2039,166739992916769,69.120267095
2040,166740020485075,69.147835401
2041,166740068543482,69.195893808
2042,166740092771428,69.220121754
2043,166740122198377,69.249548703
2044,166740155099051,69.282449377
2045,166740197587351,69.324937677
2046,166740223010238,69.350360564
2047,166740256287543,69.383637869
2048,166740292274116,69.419624442
2049,166740338826597,69.466176923
2050,166740366888462,69.494238788
2051,166740389907033,69.517257359
2052,166740430061705,69.557412031
2053,166740473655620,69.601005946
2054,166740498518106,69.625868432
2055,166740526286239,69.653636565
2056,166740563402164,69.690752490
2057,166740601349490,69.728699816
2058,166740631030298,69.758380624
2059,166740664698832,69.792049158
2060,166740699258720,69.826609046
2061,166740738455343,69.865805669
2062,166740767678537,69.895028863
2063,166740799292806,69.926643132
2064,166740834377003,69.961727329
2065,166740875690448,70.003040774
2066,166740898958488,70.026308814
2067,166740935579116,70.062929442
2068,166740967374413,70.094724739
2069,166741002791364,70.130141690
2070,166741035011310,70.162361636
2071,166741071329967,70.198680293
2072,166741107785876,70.235136202
2073,166741150578096,70.277928422
2074,166741175194899,70.302545225
2075,166741209685394,70.337035720
2076,166741241875958,70.369226284
2077,166741289164581,70.416514907
2078,166741313302543,70.440652869
2079,166741342607359,70.469957685
2080,166741375115194,70.502465520
2081,166741411189227,70.538539553
2082,166741442917271,70.570267597
2083,166741476157527,70.603507853
2084,166741512366572,70.639716898
2085,166741554496607,70.681846933
2086,166741579138092,70.706488418
2087,166741614332624,70.741682950
2088,166741647806764,70.775157090
2089,166741695738888,70.823089214
2090,166741722063579,70.849413905
2091,166741746094498,70.873444824
2092,166741783214851,70.910565177
2093,166741824372693,70.951723019
2094,166741852042784,70.979393110
2095,166741882310839,71.009661165
2096,166741927116441,71.054466767
2097,166741951138608,71.078488934
2098,166741989242592,71.116592918
2099,166742025561578,71.152911904
2100,166742058145533,71.185495859
2101,166742088464664,71.215814990
2102,166742119290082,71.246640408
2103,166742158850409,71.286200735
2104,166742187536005,71.314886331
2105,166742230468810,71.357819136
2106,166742262546945,71.389897271
2107,166742291948320,71.419298646
2108,166742323497415,71.450847741
2109,166742359226628,71.486576954
2110,166742390994018,71.518344344
2111,166742427227053,71.554577379
2112,166742464961691,71.592312017
2113,166742493795684,71.621146010
2114,166742527775597,71.655125923
2115,166742567167017,71.694517343
2116,166742596068978,71.723419304
2117,166742630799162,71.758149488
2118,166742666531684,71.793882010
2119,166742708927481,71.836277807
2120,166742738703861,71.866054187
2121,166742764953046,71.892303372
2122,166742801141280,71.928491606
2123,166742847651271,71.975001597
2124,166742874026055,72.001376381
2125,166742898458649,72.025808975
2126,166742941178510,72.068528836
2127,166742993023320,72.120373646
2128,166743015784540,72.143134866
2129,166743034357289,72.161707615
2130,166743073709304,72.201059630
2131,166743118036198,72.245386524
2132,166743142815638,72.270165964
2133,166743170041563,72.297391889
2134,166743206904078,72.334254404
2135,166743238231503,72.365581829
2136,166743275157967,72.402508293
2137,166743311291095,72.438641421
2138,166743363962407,72.491312733
2139,166743387297738,72.514648064
2140,166743410215726,72.537566052
2141,166743442803658,72.570153984
2142,166743496025068,72.623375394
2143,166743518127972,72.645478298
2144,166743543042852,72.670393178
2145,166743577863377,72.705213703
2146,166743613074734,72.740425060
2147,166743646784911,72.774135237
2148,166743679086891,72.806437217
2149,166743721060814,72.848411140
2150,166743775035292,72.902385618
2151,166743799584711,72.926935037
2152,166743822950001,72.950300327
2153,166743850335196,72.977685522
2154,166743893658275,73.021008601
2155,166743917593367,73.044943693
2156,166743954594413,73.081944739
2157,166743985647259,73.112997585
2158,166744023687248,73.151037574
2159,166744049783093,73.177133419
2160,166744088816754,73.216167080
2161,166744117793848,73.245144174
2162,166744162460870,73.289811196
2163,166744186052597,73.313402923
2164,166744230339751,73.357690077
2165,166744253926125,73.381276451
2166,166744293917639,73.421267965
2167,166744321720875,73.449071201
2168,166744359111904,73.486462230
2169,166744390507895,73.517858221
2170,166744436313925,73.563664251
2171,166744461201441,73.588551767
2172,166744501373572,73.628723898
2173,166744527176081,73.654526407
2174,166744576189814,73.703540140
2175,166744598874879,73.726225205
2176,166744633242456,73.760592782
2177,166744661886837,73.789237163
2178,166744710309669,73.837659995
2179,166744733363678,73.860714004
2180,166744768563199,73.895913525
2181,166744798259593,73.925609919
2182,166744836413284,73.963763610
2183,166744866236659,73.993586985
2184,166744902147474,74.029497800
2185,166744941324187,74.068674513
2186,166744995168798,74.122519124
2187,166745017652275,74.145002601
2188,166745037644989,74.164995315
2189,166745072860838,74.200211164
2190,166745117785116,74.245135442
2191,166745138615653,74.265965979
2192,166745171589995,74.298940321
2193,166745206994066,74.334344392
2194,166745246705696,74.374056022
2195,166745274059387,74.401409713
2196,166745311846568,74.439196894
2197,166745342250583,74.469600909
2198,166745391088114,74.518438440
2199,166745413516710,74.540867036
2200,166745442967224,74.570317550
2201,166745473633672,74.600983998
2202,166745513567826,74.640918152
2203,166745541945008,74.669295334
2204,166745580415060,74.707765386
2205,166745609565666,74.736915992
2206,166745649170199,74.776520525
2207,166745679050647,74.806400973
2208,166745718210462,74.845560788
2209,166745746299523,74.873649849
2210,166745802498877,74.929849203
2211,166745825417323,74.952767649
2212,166745863555636,74.990905962
2213,166745886097985,75.013448311
2214,166745919005569,75.046355895
2215,166745950179786,75.077530112
2216,166745992530810,75.119881136
2217,166746023315414,75.150665740
2218,166746051750467,75.179100793
2219,166746086567524,75.213917850
2220,166746128174218,75.255524544
2221,166746154569588,75.281919914
2222,166746186906919,75.314257245
2223,166746224223589,75.351573915
2224,166746266186822,75.393537148
2225,166746292746009,75.420096335
2226,166746323480077,75.450830403
2227,166746359298192,75.486648518
2228,166746401411201,75.528761527
2229,166746426630228,75.553980554
2230,166746459486373,75.586836699
2231,166746501706965,75.629057291
2232,166746550340460,75.677690786
2233,166746570768676,75.698119002
2234,166746595223982,75.722574308
2235,166746628100769,75.755451095
2236,166746675419955,75.802770281
2237,166746698160402,75.825510728
2238,166746731816971,75.859167297
2239,166746762671076,75.890021402
2240,166746817412284,75.944762610
2241,166746840950144,75.968300470
2242,166746871139022,75.998489348
2243,166746898128813,76.025479139
2244,166746941204065,76.068554391
2245,166746967094623,76.094444949
2246,166747008194848,76.135545174
2247,166747034237098,76.161587424
2248,166747085507662,76.212857988
2249,166747109160183,76.236510509
2250,166747139351316,76.266701642
2251,166747170256594,76.297606920
2252,166747211064803,76.338415129
2253,166747237725044,76.365075370
2254,166747271239623,76.398589949
2255,166747306897217,76.434247543
2256,166747339438178,76.466788504
2257,166747376920470,76.504270796
2258,166747407114812,76.534465138
2259,166747449644665,76.576994991
2260,166747481654032,76.609004358
2261,166747510096032,76.637446358
2262,166747549156103,76.676506429
2263,166747580387078,76.707737404
2264,166747610242368,76.737592694
2265,166747649984957,76.777335283
2266,166747678260920,76.805611246
2267,166747715650568,76.843000894
2268,166747751433434,76.878783760
2269,166747784686236,76.912036562
2270,166747814597251,76.941947577
2271,166747852806398,76.980156724
2272,166747885261255,77.012611581
2273,166747915179346,77.042529672
2274,166747954732564,77.082082890
2275,166748000239544,77.127589870
2276,166748024910857,77.152261183
2277,166748051423986,77.178774312
2278,166748090011480,77.217361806
2279,166748138863459,77.266213785
2280,166748162391529,77.289741855
2281,166748187012819,77.314363145
2282,166748222333950,77.349684276
2283,166748267841557,77.395191883
2284,166748293312465,77.420662791
2285,166748325938090,77.453288416
2286,166748373380657,77.500730983
2287,166748401839908,77.529190234
2288,166748426189612,77.553539938
2289,166748460040510,77.587390836
2290,166748505358363,77.632708689
2291,166748532626939,77.659977265
2292,166748558156804,77.685507130
2293,166748595669676,77.723020002
2294,166748634302939,77.761653265
2295,166748663904570,77.791254896
2296,166748695107701,77.822458027
2297,166748736360052,77.863710378
2298,166748787984362,77.915334688
2299,166748813315273,77.940665599
2300,166748834276859,77.961627185
2301,166748867697548,77.995047874
2302,166748907989396,78.035339722
2303,166748935196708,78.062547034
2304,166748966132672,78.093482998
2305,166749011408930,78.138759256
2306,166749052313258,78.179663584
2307,166749076221066,78.203571392
2308,166749102342484,78.229692810
2309,166749146410179,78.273760505
2310,166749197174378,78.324524704
2311,166749221042990,78.348393316
2312,166749241145910,78.368496236
2313,166749271150318,78.398500644
2314,166749313915097,78.441265423
2315,166749340351081,78.467701407
2316,166749374222233,78.501572559
2317,166749407754355,78.535104681
2318,166749454735594,78.582085920
2319,166749484907222,78.612257548
2320,166749510229425,78.637579751
2321,166749543198555,78.670548881
2322,166749592320218,78.719670544
2323,166749618032156,78.745382482
2324,166749648109583,78.775459909
2325,166749681476028,78.808826354
2326,166749736869535,78.864219861
2327,166749761948540,78.889298866
2328,166749783773693,78.911124019
2329,166749815257357,78.942607683
2330,166749864145391,78.991495717
2331,166749890104830,79.017455156
2332,166749914034639,79.041384965
2333,166749954606846,79.081957172
2334,166749989527931,79.116878257
2335,166750021957425,79.149307751
2336,166750054394661,79.181744987
2337,166750103601202,79.230951528
2338,166750122941549,79.250291875
2339,166750155703585,79.283053911
2340,166750186916093,79.314266419
2341,166750229176838,79.356527164
2342,166750253735688,79.381086014
2343,166750297365366,79.424715692
2344,166750325050723,79.452401049
2345,166750371675656,79.499025982
2346,166750392368054,79.519718380
2347,166750427991936,79.555342262
2348,166750458104614,79.585454940
2349,166750497146464,79.624496790
2350,166750525929911,79.653280237
2351,166750565291419,79.692641745
2352,166750599060841,79.726411167
2353,166750642750150,79.770100476
2354,166750669869900,79.797220226
2355,166750695146513,79.822496839
2356,166750731048410,79.858398736
2357,166750776706098,79.904056424
2358,166750798211268,79.925561594
2359,166750837008228,79.964358554
2360,166750870800574,79.998150900
2361,166750919550562,80.046900888
2362,166750939407585,80.066757911
2363,166750968419130,80.095769456
2364,166751004796883,80.132147209
2365,166751046115125,80.173465451
2366,166751070277576,80.197627902
2367,166751110291832,80.237642158
2368,166751141806123,80.269156449
2369,166751201469464,80.328819790
2370,166751225103074,80.352453400
2371,166751251035970,80.378386296
2372,166751272474042,80.399824368
2373,166751311469429,80.438819755
2374,166751338385509,80.465735835
2375,166751375811098,80.503161424
2376,166751409698338,80.537048664
2377,166751451670658,80.579020984
2378,166751474272528,80.601622854
2379,166751512483416,80.639833742
2380,166751542147135,80.669497461
2381,166751592009240,80.719359566
2382,166751616326727,80.743677053
2383,166751651084313,80.778434639
2384,166751678888921,80.806239247
2385,166751722796331,80.850146657
2386,166751746290650,80.873640976
2387,166751787169373,80.914519699
2388,166751814036502,80.941386828
2389,166751852062406,80.979412732
2390,166751882517738,81.009868064
2391,166751915436547,81.042786873
2392,166751953451683,81.080802009
2393,166752000682737,81.128033063
2394,166752021882382,81.149232708
2395,166752051341068,81.178691394
2396,166752092981926,81.220332252
2397,166752142847588,81.270197914
2398,166752165193818,81.292544144
2399,166752189264104,81.316614430
2400,166752222861111,81.350211437
2401,166752263265217,81.390615543
2402,166752289732983,81.417083309
2403,166752323485730,81.450836056
2404,166752360452886,81.487803212
2405,166752404839524,81.532189850
2406,166752426103640,81.553453966
2407,166752459303236,81.586653562
2408,166752490262155,81.617612481
2409,166752537782918,81.665133244
2410,166752560295206,81.687645532
2411,166752600664173,81.728014499
2412,166752626299624,81.753649950
2413,166752675726980,81.803077306
2414,166752697768041,81.825118367
2415,166752731202256,81.858552582
2416,166752762609702,81.889960028
2417,166752808598866,81.935949192
2418,166752830182389,81.957532715
2419,166752873098559,82.000448885
2420,166752916208232,82.043558558
2421,166752967160527,82.094510853
2422,166752995336700,82.122687026
2423,166753026337027,82.153687353
2424,166753047046338,82.174396664
2425,166753088404271,82.215754597
2426,166753116717798,82.244068124
2427,166753147752564,82.275102890
2428,166753179992690,82.307343016
2429,166753206845824,82.334196150
2430,166753238389781,82.365740107
2431,166753271408087,82.398758413
2432,166753310791018,82.438141344
2433,166753341065335,82.468415661
2434,166753374027013,82.501377339
2435,166753412552982,82.539903308
2436,166753447129116,82.574479442
2437,166753484723417,82.612073743
2438,166753511257864,82.638608190
2439,166753549786979,82.677137305
2440,166753592585633,82.719935959
2441,166753614766929,82.742117255
2442,166753645962096,82.773312422
2443,166753682810551,82.810160877
2444,166753726124306,82.853474632
2445,166753751546123,82.878896449
2446,166753778458014,82.905808340
2447,166753819415163,82.946765489
2448,166753863298438,82.990648764
2449,166753887834222,83.015184548
2450,166753914223722,83.041574048
2451,166753953519330,83.080869656
2452,166754005661026,83.133011352
2453,166754032042734,83.159393060
2454,166754051937237,83.179287563
2455,166754088109740,83.215460066
2456,166754131325686,83.258676012
2457,166754157833192,83.285183518
2458,166754186233931,83.313584257
2459,166754223127966,83.350478292
2460,166754254327780,83.381678106
2461,166754291356199,83.418706525
2462,166754324303670,83.451653996
2463,166754378136451,83.505486777
2464,166754403255956,83.530606282
2465,166754427035875,83.554386201
2466,166754458401620,83.585751946
2467,166754502211415,83.629561741
2468,166754525744865,83.653095191
2469,166754560813169,83.688163495
2470,166754596843127,83.724193453
2471,166754637672350,83.765022676
2472,166754662081047,83.789431373
2473,166754703065126,83.830415452
2474,166754731196960,83.858547286
2475,166754777997173,83.905347499
2476,166754799938280,83.927288606
2477,166754831169998,83.958520324
2478,166754866020388,83.993370714
2479,166754909172268,84.036522594
2480,166754933707183,84.061057509
2481,166754968351413,84.095701739
2482,166755002567915,84.129918241
2483,166755042820648,84.170170974
2484,166755067171719,84.194522045
2485,166755104161690,84.231512016
2486,166755134609643,84.261959969
2487,166755181263020,84.308613346
2488,166755202250198,84.329600524
2489,166755239171206,84.366521532
2490,166755270115077,84.397465403
2491,166755314299834,84.441650160
2492,166755338300571,84.465650897
2493,166755375318096,84.502668422
2494,166755405641508,84.532991834
2495,166755457067746,84.584418072
2496,166755478754368,84.606104694
2497,166755516246444,84.643596770
2498,166755542458198,84.669808524
2499,166755593564145,84.720914471
2500,166755614592537,84.741942863
2501,166755649029601,84.776379927
2502,166755693273090,84.820623416
2503,166755719085459,84.846435785
2504,166755747736343,84.875086669
2505,166755780086104,84.907436430
2506,166755822934111,84.950284437
2507,166755847410896,84.974761222
2508,166755882067086,85.009417412
2509,166755930091109,85.057441435
2510,166755956640158,85.083990484
2511,166755983142109,85.110492435
2512,166756017593595,85.144943921
2513,166756052792505,85.180142831
2514,166756085577979,85.212928305
2515,166756124959220,85.252309546
2516,166756165424572,85.292774898
2517,166756192728251,85.320078577
2518,166756223518510,85.350868836
2519,166756255853936,85.383204262
2520,166756301242198,85.428592524
2521,166756327557464,85.454907790
2522,166756354443233,85.481793559
2523,166756399185795,85.526536121
2524,166756447204373,85.574554699
2525,166756472084836,85.599435162
2526,166756491807897,85.619158223
2527,166756528147158,85.655497484
2528,166756567086009,85.694436335
2529,166756595397896,85.722748222
2530,166756626297409,85.753647735
2531,166756668058334,85.795408660
2532,166756715368437,85.842718763
2533,166756741245131,85.868595457
2534,166756762347395,85.889697721
2535,166756802247174,85.929597500
2536,166756851920925,85.979271251
2537,166756882893229,86.010243555
2538,166756902284267,86.029634593
2539,166756937010343,86.064360669
2540,166756990293294,86.117643620
2541,166757016132651,86.143482977
2542,166757036818554,86.164168880
2543,166757077100626,86.204450952
2544,166757102333761,86.229684087
2545,166757140709702,86.268060028
2546,166757170395013,86.297745339
2547,166757204594037,86.331944363
2548,166757238171579,86.365521905
2549,166757284218699,86.411569025
2550,166757306016224,86.433366550
2551,166757339339330,86.466689656
2552,166757375889261,86.503239587
2553,166757416539471,86.543889797
2554,166757443548638,86.570898964
2555,166757475701125,86.603051451
2556,166757516539991,86.643890317
2557,166757570675663,86.698025989
2558,166757593696870,86.721047196
2559,166757618554002,86.745904328
2560,166757642364877,86.769715203
2561,166757694281984,86.821632310
2562,166757718640143,86.845990469
2563,166757746537231,86.873887557
2564,166757781342782,86.908693108
2565,166757831189166,86.958539492
2566,166757856018632,86.983368958
2567,166757882838639,87.010188965
2568,166757915497094,87.042847420
2569,166757960748465,87.088098791
2570,166757989692639,87.117042965
2571,166758019568056,87.146918382
2572,166758055289161,87.182639487
2573,166758105236253,87.232586579
2574,166758131222332,87.258572658
2575,166758154287489,87.281637815
2576,166758187957818,87.315308144
2577,166758232301170,87.359651496
2578,166758255493216,87.382843542
2579,166758289057743,87.416408069
2580,166758328656045,87.456006371
2581,166758375590872,87.502941198
2582,166758401995272,87.529345598
2583,166758423210911,87.550561237
2584,166758460941217,87.588291543
2585,166758503544741,87.630895067
2586,166758529214422,87.656564748
2587,166758559512561,87.686862887
2588,166758597637926,87.724988252
2589,166758638562962,87.765913288
2590,166758663776201,87.791126527
2591,166758694568306,87.821918632
2592,166758736687286,87.864037612
2593,166758785203557,87.912553883
2594,166758807927085,87.935277411
2595,166758830317833,87.957668159
2596,166758868200320,87.995550646
2597,166758910108146,88.037458472
2598,166758937268856,88.064619182
2599,166758966168360,88.093518686
2600,166758999487517,88.126837843
2601,166759044803073,88.172153399
2602,166759073689506,88.201039832
2603,166759108210377,88.235560703
2604,166759135397722,88.262748048
2605,166759187307867,88.314658193
2606,166759210979805,88.338330131
2607,166759239271986,88.366622312
2608,166759271489217,88.398839543
2609,166759316936527,88.444286853
2610,166759341826497,88.469176823
2611,166759374965781,88.502316107
2612,166759407353052,88.534703378
2613,166759447206492,88.574556818
2614,166759477097552,88.604447878
2615,166759514136971,88.641487297
2616,166759544176807,88.671527133
2617,166759595243229,88.722593555
2618,166759618125365,88.745475691
2619,166759642452417,88.769802743
2620,166759680792310,88.808142636
2621,166759724535969,88.851886295
2622,166759747932903,88.875283229
2623,166759778484624,88.905834950
2624,166759819737416,88.947087742
2625,166759870234926,88.997585252
2626,166759895986358,89.023336684
2627,166759914520795,89.041871121
2628,166759951751625,89.079101951
2629,166760013175264,89.140525590
2630,166760040398724,89.167749050
2631,166760059442409,89.186792735
2632,166760087519986,89.214870312
2633,166760132300022,89.259650348
2634,166760159016888,89.286367214
2635,166760187195800,89.314546126
2636,166760224464669,89.351814995
2637,166760273231606,89.400581932
2638,166760298260534,89.425610860
2639,166760322123530,89.449473856
2640,166760355245118,89.482595444
2641,166760409649255,89.536999581
2642,166760434413811,89.561764137
2643,166760458677582,89.586027908
2644,166760497359571,89.624709897
2645,166760528123223,89.655473549
2646,166760559282644,89.686632970
2647,166760599748172,89.727098498
2648,166760650133870,89.777484196
2649,166760673743820,89.801094146
2650,166760695390493,89.822740819
2651,166760730797091,89.858147417
2652,166760777721924,89.905072250
2653,166760798510391,89.925860717
2654,166760833720309,89.961070635
2655,166760870372527,89.997722853
2656,166760920306969,90.047657295
2657,166760940137095,90.067487421
2658,166760969136261,90.096486587
2659,166760998600309,90.125950635
2660,166761044441501,90.171791827
2661,166761069889107,90.197239433
2662,166761110252516,90.237602842
2663,166761134325426,90.261675752
2664,166761176353303,90.303703629
2665,166761202573319,90.329923645
2666,166761243636018,90.370986344
2667,166761269968738,90.397319064
2668,166761315233614,90.442583940
2669,166761338365356,90.465715682
2670,166761378689339,90.506039665
2671,166761407315626,90.534665952
2672,166761452344061,90.579694387
2673,166761476451875,90.603802201
2674,166761511952791,90.639303117
2675,166761543292645,90.670642971
2676,166761598853709,90.726204035
2677,166761621446958,90.748797284
2678,166761643489559,90.770839885
2679,166761678246874,90.805597200
2680,166761723265492,90.850615818
2681,166761746243650,90.873593976
2682,166761779666640,90.907016966
2683,166761816029210,90.943379536
2684,166761854431102,90.981781428
2685,166761884731096,91.012081422
2686,166761915024969,91.042375295
2687,166761964085049,91.091435375
2688,166761988365313,91.115715639
2689,166762018120122,91.145470448
2690,166762054490778,91.181841104
2691,166762099315399,91.226665725
2692,166762120823182,91.248173508
2693,166762154368589,91.281718915
2694,166762188780516,91.316130842
2695,166762226729217,91.354079543
2696,166762256132816,91.383483142
2697,166762286081937,91.413432263
2698,166762324171767,91.451522093
2699,166762365859591,91.493209917
2700,166762391225797,91.518576123
2701,166762425700778,91.553051104
2702,166762459395596,91.586745922
2703,166762504458224,91.631808550
2704,166762530494559,91.657844885
2705,166762558541670,91.685891996
2706,166762596847138,91.724197464
2707,166762647848564,91.775198890
2708,166762678068543,91.805418869
2709,166762697158261,91.824508587
2710,166762731252517,91.858602843
2711,166762774480113,91.901830439
2712,166762799481074,91.926831400
2713,166762830474207,91.957824533
2714,166762867676519,91.995026845
2715,166762899114541,92.026464867
2716,166762931306796,92.058657122
2717,166762966571593,92.093921919
2718,166763014746151,92.142096477
2719,166763041088104,92.168438430
2720,166763069434524,92.196784850
2721,166763110339764,92.237690090
2722,166763153394627,92.280744953
2723,166763176298043,92.303648369
2724,166763203725991,92.331076317
2725,166763240030814,92.367381140
2726,166763289813945,92.417164271
2727,166763309459600,92.436809926
2728,166763339549891,92.466900217
2729,166763380061558,92.507411884
2730,166763426039544,92.553389870
2731,166763447755935,92.575106261
2732,166763475370691,92.602721017
2733,166763507809578,92.635159904
2734,166763553210233,92.680560559
2735,166763574592229,92.701942555
2736,166763611704539,92.739054865
2737,166763646155850,92.773506176
2738,166763698419966,92.825770292
2739,166763720542251,92.847892577
2740,166763747238503,92.874588829
2741,166763781344100,92.908694426
2742,166763829236402,92.956586728
2743,166763852187991,92.979538317
2744,166763883603331,93.010953657
2745,166763914795960,93.042146286
2746,166763961244105,93.088594431
2747,166763985782850,93.113133176
2748,166764019524352,93.146874678
2749,166764051793894,93.179144220
2750,166764106412253,93.233762579
2751,166764129427529,93.256777855
2752,166764151876131,93.279226457
2753,166764188247143,93.315597469
2754,166764236028554,93.363378880
2755,166764261530584,93.388880910
2756,166764287913758,93.415264084
2757,166764324715947,93.452066273
2758,166764379298606,93.506648932
2759,166764404404420,93.531754746
2760,166764437527252,93.564877578
2761,166764461314826,93.588665152
2762,166764504521390,93.631871716
2763,166764541132578,93.668482904
2764,166764572171950,93.699522276
2765,166764594154184,93.721504510
2766,166764627239082,93.754589408
2767,166764665239675,93.792590001
2768,166764695765850,93.823116176
2769,166764732257138,93.859607464
2770,166764767924157,93.895274483
2771,166764811668940,93.939019266
2772,166764837994482,93.965344808
2773,166764862082562,93.989432888
2774,166764901881493,94.029231819
2775,166764943056378,94.070406704
2776,166764975688705,94.103039031
2777,166764998895586,94.126245912
2778,166765042872497,94.170222823
2779,166765102468203,94.229818529
2780,166765126223598,94.253573924
2781,166765147101570,94.274451896
2782,166765178277167,94.305627493
2783,166765218957286,94.346307612
2784,166765243089205,94.370439531
2785,166765270376068,94.397726394
2786,166765313543802,94.440894128
2787,166765359958260,94.487308586
2788,166765384338791,94.511689117
2789,166765406156570,94.533506896
2790,166765439273194,94.566623520
2791,166765475332916,94.602683242
2792,166765511262128,94.638612454
2793,166765542429859,94.669780185
2794,166765593811901,94.721162227
2795,166765616160079,94.743510405
2796,166765643343081,94.770693407
2797,166765678870497,94.806220823
2798,166765720360390,94.847710716
2799,166765746772327,94.874122653
2800,166765779862170,94.907212496
2801,166765819533048,94.946883374
2802,166765866144596,94.993494922
2803,166765889173305,95.016523631
2804,166765917157597,95.044507923
2805,166765950865328,95.078215654
2806,166765993851004,95.121201330
2807,166766018376364,95.145726690
2808,166766053373302,95.180723628
2809,166766084773221,95.212123547
2810,166766129673385,95.257023711
2811,166766150897456,95.278247782
2812,166766194640577,95.321990903
2813,166766220151028,95.347501354
2814,166766270058300,95.397408626
2815,166766288852015,95.416202341
2816,166766323180749,95.450531075
2817,166766354990078,95.482340404
2818,166766409762930,95.537113256
2819,166766431701962,95.559052288
2820,166766459589312,95.586939638
2821,166766490108280,95.617458606
2822,166766538594296,95.665944622
2823,166766559197175,95.686547501
2824,166766595866155,95.723216481
2825,166766626791664,95.754141990
2826,166766676594979,95.803945305
2827,166766697775517,95.825125843
2828,166766728060907,95.855411233
2829,166766767268986,95.894619312
2830,166766820261650,95.947611976
2831,166766847695110,95.975045436
2832,166766876049276,96.003399602
2833,166766902159794,96.029510120
2834,166766959173641,96.086523967
2835,166766982106215,96.109456541
2836,166767004496971,96.131847297
2837,166767036424881,96.163775207
2838,166767089518145,96.216868471
2839,166767114132910,96.241483236
2840,166767137152715,96.264503041
2841,166767174132588,96.301482914
2842,166767215410264,96.342760590
2843,166767240142889,96.367493215
2844,166767274665595,96.402015921
2845,166767312441466,96.439791792
2846,166767357155914,96.484506240
2847,166767385457711,96.512808037
2848,166767409583190,96.536933516
2849,166767439462470,96.566812796
2850,166767487928364,96.615278690
2851,166767511588302,96.638938628
2852,166767546505337,96.673855663
2853,166767575235218,96.702585544
2854,166767620301554,96.747651880
2855,166767642198824,96.769549150
2856,166767685342329,96.812692655
2857,166767710196883,96.837547209
2858,166767750921191,96.878271517
2859,166767778275098,96.905625424
2860,166767821735470,96.949085796
2861,166767846692376,96.974042702
2862,166767894079079,97.021429405
2863,166767915421262,97.042771588
2864,166767955355590,97.082705916
2865,166767982065807,97.109416133
2866,166768018933026,97.146283352
2867,166768050762247,97.178112573
2868,166768084187110,97.211537436
2869,166768118923431,97.246273757
2870,166768162954409,97.290304735
2871,166768186135325,97.313485651
2872,166768219197496,97.346547822
2873,166768262348730,97.389699056
2874,166768310889818,97.438240144
2875,166768335411899,97.462762225
2876,166768358595383,97.485945709
2877,166768395497829,97.522848155
2878,166768440470937,97.567821263
2879,166768465096505,97.592446831
2880,166768491025074,97.618375400
2881,166768526536685,97.653887011
2882,166768573921881,97.701272207
2883,166768597216588,97.724566914
2884,166768629452868,97.756803194
2885,166768665089003,97.792439329
2886,166768710448430,97.837798756
2887,166768732448933,97.859799259
2888,166768765741926,97.893092252
2889,166768797738675,97.925089001
2890,166768848850639,97.976200965
2891,166768872952504,98.000302830
2892,166768899095897,98.026446223
2893,166768930677324,98.058027650
2894,166768979194760,98.106545086
2895,166768998597941,98.125948267
2896,166769035929225,98.163279551
2897,166769069261083,98.196611409
2898,166769118338827,98.245689153
2899,166769150416798,98.277767124
2900,166769175223847,98.302574173
2901,166769202439170,98.329789496
2902,166769246151240,98.373501566
2903,166769270188183,98.397538509
2904,166769312037326,98.439387652
2905,166769338359407,98.465709733
2906,166769389019573,98.516369899
2907,166769409631381,98.536981707
2908,166769439270366,98.566620692
2909,166769474289815,98.601640141
2910,166769513693197,98.641043523
2911,166769543304735,98.670655061
2912,166769576452115,98.703802441
2913,166769616886772,98.744237098
2914,166769661347361,98.788697687
2915,166769684527271,98.811877597
2916,166769711638086,98.838988412
2917,166769749937060,98.877287386
2918,166769798475468,98.925825794
2919,166769818689098,98.946039424
2920,166769847204803,98.974555129
2921,166769882863552,99.010213878
2922,166769927624485,99.054974811
2923,166769950935332,99.078285658
2924,166769983251694,99.110602020
2925,166770014420990,99.141771316
2926,166770060963875,99.188314201
2927,166770083520164,99.210870490
2928,166770120607448,99.247957774
2929,166770150763536,99.278113862
2930,166770200744195,99.328094521
2931,166770221352185,99.348702511
2932,166770259685317,99.387035643
2933,166770288676891,99.416027217
2934,166770333551844,99.460902170
2935,166770355074298,99.482424624
2936,166770396456278,99.523806604
2937,166770422323644,99.549673970
2938,166770465817402,99.593167728
2939,166770489730331,99.617080657
2940,166770530256811,99.657607137
2941,166770559398532,99.686748858
2942,166770604481488,99.731831814
2943,166770626379359,99.753729685
2944,166770664280051,99.791630377
2945,166770695130439,99.822480765
2946,166770740189350,99.867539676
2947,166770769739365,99.897089691
2948,166770795263376,99.922613702
2949,166770831061911,99.958412237
2950,166770880542911,100.007893237
2951,166770903760147,100.031110473
2952,166770931236502,100.058586828
2953,166770969491060,100.096841386
2954,166771012698441,100.140048767
2955,166771035761992,100.163112318
2956,166771071810772,100.199161098
2957,166771109161582,100.236511908
2958,166771161716370,100.289066696
2959,166771183687859,100.311038185
2960,166771209395800,100.336746126
2961,166771238589270,100.365939596
2962,166771294639431,100.421989757
2963,166771316600796,100.443951122
2964,166771339419832,100.466770158
2965,166771372304129,100.499654455
2966,166771415505070,100.542855396
2967,166771437737753,100.565088079
2968,166771475741311,100.603091637
2969,166771508184283,100.635534609
2970,166771557531132,100.684881458
2971,166771582687044,100.710037370
2972,166771612132452,100.739482778
2973,166771642889380,100.770239706
2974,166771698274319,100.825624645
2975,166771717472442,100.844822768
2976,166771747184394,100.874534720
2977,166771778792091,100.906142417
2978,166771828848740,100.956199066
2979,166771856239785,100.983590111
2980,166771883843810,101.011194136
2981,166771915082751,101.042433077
2982,166771961950000,101.089300326
2983,166771984042192,101.111392518
2984,166772015420188,101.142770514
2985,166772053907361,101.181257687
2986,166772104707984,101.232058310
2987,166772128016416,101.255366742
2988,166772160298920,101.287649246
2989,166772222759949,101.350110275
2990,166772265609409,101.392959735
2991,166772286217714,101.413568040
2992,166772308240870,101.435591196
2993,166772334722961,101.462073287
2994,166772381016298,101.508366624
2995,166772405440285,101.532790611
2996,166772430266879,101.557617205
2997,166772458640160,101.585990486
2998,166772503803567,101.631153893
2999,166772526978810,101.654329136
3000,166772559523054,101.686873380
3001,166772590264715,101.717615041
3002,166772633167467,101.760517793
3003,166772661714880,101.789065206
3004,166772695349042,101.822699368
3005,166772727321865,101.854672191
3006,166772782682770,101.910033096
3007,166772804076232,101.931426558
3008,166772831522861,101.958873187
3009,166772862935113,101.990285439
3010,166772909464830,102.036815156
3011,166772930333738,102.057684064
3012,166772983392399,102.110742725
3013,166773018970373,102.146320699
3014,166773042472508,102.169822834
3015,166773066742484,102.194092810
3016,166773107781392,102.235131718
3017,166773150757558,102.278107884
3018,166773176514974,102.303865300
3019,166773202315589,102.329665915
3020,166773235740987,102.363091313
3021,166773278769747,102.406120073
3022,166773303156927,102.430507253
3023,166773341474525,102.468824851
3024,166773372346755,102.499697081
3025,166773419589826,102.546940152
3026,166773442945972,102.570296298
3027,166773474915069,102.602265395
3028,166773507546286,102.634896612
3029,166773551716400,102.679066726
3030,166773576322381,102.703672707
3031,166773610635596,102.737985922
3032,166773646334683,102.773685009
3033,166773696972737,102.824323063
3034,166773721841960,102.849192286
3035,166773746587714,102.873938040
3036,166773779367707,102.906718033
3037,166773822546603,102.949896929
3038,166773847355956,102.974706282
3039,166773881078365,103.008428691
3040,166773919370787,103.046721113
3041,166773983498353,103.110848679
3042,166774009774943,103.137125269
3043,166774031687188,103.159037514
3044,166774054027971,103.181378297
3045,166774100762849,103.228113175
3046,166774126082998,103.253433324
3047,166774150524923,103.277875249
3048,166774193363947,103.320714273
3049,166774242181858,103.369532184
3050,166774271687918,103.399038244
3051,166774291292462,103.418642788
3052,166774323966592,103.451316918
3053,166774372328187,103.499678513
3054,166774398321047,103.525671373
3055,166774422138618,103.549488944
3056,166774462261334,103.589611660
3057,166774508373701,103.635724027
3058,166774531237280,103.658587606
3059,166774559818662,103.687168988
3060,166774594839373,103.722189699
3061,166774640402858,103.767753184
3062,166774668932284,103.796282610
3063,166774694435411,103.821785737
3064,166774727582051,103.854932377
3065,166774773805940,103.901156266
3066,166774800372620,103.927722946
3067,166774830294476,103.957644802
3068,166774867006071,103.994356397
3069,166774919636618,104.046986944
3070,166774942949635,104.070299961
3071,166774966387574,104.093737900
3072,166775002340798,104.129691124
3073,166775043023373,104.170373699
3074,166775070860639,104.198210965
3075,166775105763795,104.233114121
3076,166775135537419,104.262887745
3077,166775185503647,104.312853973
3078,166775211222155,104.338572481
3079,166775234567520,104.361917846
3080,166775271273217,104.398623543
3081,166775313252517,104.440602843
3082,166775341425704,104.468776030
3083,166775371084670,104.498434996
3084,166775408278223,104.535628549
3085,166775451475480,104.578825806
3086,166775478003479,104.605353805
3087,166775506464444,104.633814770
3088,166775549505346,104.676855672
3089,166775603333651,104.730683977
3090,166775627765077,104.755115403
3091,166775651173316,104.778523642
3092,166775681685271,104.809035597
3093,166775723948275,104.851298601
3094,166775749440972,104.876791298
3095,166775779688471,104.907038797
3096,166775812214157,104.939564483
3097,166775853539665,104.980889991
3098,166775880181408,105.007531734
3099,166775920359369,105.047709695
3100,166775949206554,105.076556880
3101,166775996851832,105.124202158
3102,166776019345445,105.146695771
3103,166776050429203,105.177779529
3104,166776083491756,105.210842082
3105,166776121721455,105.249071781
3106,166776151482285,105.278832611
3107,166776187162708,105.314513034
3108,166776219822870,105.347173196
3109,166776270369980,105.397720306
3110,166776294257406,105.421607732
3111,166776322488230,105.449838556
3112,166776357776280,105.485126606
3113,166776403601579,105.530951905
3114,166776429359802,105.556710128
3115,166776454886737,105.582237063
3116,166776492163468,105.619513794
3117,166776534229570,105.661579896
3118,166776559611406,105.686961732
3119,166776592633558,105.719983884
3120,166776633857196,105.761207522
3121,166776680694073,105.808044399
3122,166776706313168,105.833663494
3123,166776728556944,105.855907270
3124,166776764766740,105.892117066
3125,166776808305203,105.935655529
3126,166776832800122,105.960150448
3127,166776862796421,105.990146747
3128,166776900547171,106.027897497
3129,166776939398114,106.066748440
3130,166776967723861,106.095074187
3131,166776998723036,106.126073362
3132,166777037375440,106.164725766
3133,166777085016097,106.212366423
3134,166777110211781,106.237562107
3135,166777134515450,106.261865776
3136,166777171896603,106.299246929
3137,166777216754425,106.344104751
3138,166777240939713,106.368290039
3139,166777271466011,106.398816337
3140,166777305877402,106.433227728
3141,166777348983267,106.476333593
3142,166777374737053,106.502087379
3143,166777406739989,106.534090315
3144,166777444093822,106.571444148
3145,166777492914383,106.620264709
3146,166777515709204,106.643059530
3147,166777543585495,106.670935821
3148,166777578978837,106.706329163
3149,166777622963706,106.750314032
3150,166777650748843,106.778099169
3151,166777678253363,106.805603689
3152,166777712334882,106.839685208
3153,166777753271663,106.880621989
3154,166777779874133,106.907224459
3155,166777816228864,106.943579190
3156,166777847404276,106.974754602
3157,166777892945781,107.020296107
3158,166777916875953,107.044226279
3159,166777946292321,107.073642647
3160,166777988646459,107.115996785
3161,166778034137785,107.161488111
3162,166778060337723,107.187688049
3163,166778082272829,107.209623155
3164,166778119748545,107.247098871
3165,166778162680618,107.290030944
3166,166778187371525,107.314721851
3167,166778219202935,107.346553261
3168,166778258006636,107.385356962
3169,166778303081040,107.430431366
3170,166778326661967,107.454012293
3171,166778354298541,107.481648867
3172,166778392626081,107.519976407
3173,166778433747676,107.561098002
3174,166778458554649,107.585904975
3175,166778492917091,107.620267417
3176,166778525852760,107.653203086
3177,166778572712535,107.700062861
3178,166778596884886,107.724235212
3179,166778628559762,107.755910088
3180,166778660974538,107.788324864
3181,166778702598577,107.829948903
3182,166778727535987,107.854886313
3183,166778763995222,107.891345548
3184,166778800426244,107.927776570
3185,166778842365903,107.969716229
3186,166778871064065,107.998414391
3187,166778898227754,108.025578080
3188,166778933045984,108.060396310
3189,166778986848458,108.114198784
3190,166779011036127,108.138386453
3191,166779034358688,108.161709014
3192,166779068396492,108.195746818
3193,166779114124901,108.241475227
3194,166779141298460,108.268648786
3195,166779167451386,108.294801712
3196,166779210219701,108.337570027
3197,166779260659854,108.388010180
3198,166779292629150,108.419979476
3199,166779311164961,108.438515287
3200,166779339339770,108.466690096
3201,166779384084295,108.511434621
3202,166779407511439,108.534861765
3203,166779441205255,108.568555581
3204,166779479497071,108.606847397
3205,166779524258706,108.651609032
3206,166779548946224,108.676296550
3207,166779575376779,108.702727105
3208,166779613381276,108.740731602
3209,166779656336878,108.783687204
3210,166779682251420,108.809601746
3211,166779710193556,108.837543882
3212,166779750909912,108.878260238
3213,166779797903082,108.925253408
3214,166779821491506,108.948841832
3215,166779846886188,108.974236514
3216,166779881366108,109.008716434
3217,166779926218507,109.053568833
3218,166779951288115,109.078638441
3219,166779982381871,109.109732197
3220,166780015664810,109.143015136
3221,166780059985550,109.187335876
3222,166780084667784,109.212018110
3223,166780122384780,109.249735106
3224,166780153474034,109.280824360
3225,166780198568516,109.325918842
3226,166780222464071,109.349814397
3227,166780258811444,109.386161770
3228,166780292846580,109.420196906
3229,166780341303518,109.468653844
3230,166780371397358,109.498747684
3231,166780393232977,109.520583303
3232,166780423480691,109.550831017
3233,166780465449085,109.592799411
3234,166780491647614,109.618997940
3235,166780522488177,109.649838503
3236,166780560677525,109.688027851
3237,166780606663059,109.734013385
3238,166780632052922,109.759403248
3239,166780660140943,109.787491269
3240,166780703130042,109.830480368
3241,166780749359377,109.876709703
3242,166780782183451,109.909533777
3243,166780801018080,109.928368406
3244,166780835420138,109.962770464
3245,166780891731937,110.019082263
3246,166780917643660,110.044993986
3247,166780939226337,110.066576663
3248,166780969484436,110.096834762
3249,166781012606034,110.139956360
3250,166781034760370,110.162110696
3251,166781067818449,110.195168775
3252,166781100005957,110.227356283
3253,166781138781453,110.266131779
3254,166781169129309,110.296479635
3255,166781204878264,110.332228590
3256,166781242179168,110.369529494
3257,166781300725052,110.428075378
3258,166781324869509,110.452219835
3259,166781345401460,110.472751786
3260,166781371465421,110.498815747
3261,166781410456371,110.537806697
3262,166781450833828,110.578184154
3263,166781480711076,110.608061402
3264,166781507486274,110.634836600
3265,166781542281798,110.669632124
3266,166781575384585,110.702734911
3267,166781610391671,110.737741997
3268,166781643415995,110.770766321
3269,166781674321612,110.801671938
3270,166781717831546,110.845181872
3271,166781758367352,110.885717678
3272,166781785041479,110.912391805
3273,166781810602154,110.937952480
3274,166781848887550,110.976237876
3275,166781896908233,111.024258559
3276,166781929705163,111.057055489
3277,166781950230899,111.077581225
3278,166781986222642,111.113572968
3279,166782028731748,111.156082074
3280,166782052768242,111.180118568
3281,166782082750094,111.210100420
3282,166782125054300,111.252404626
3283,166782169452264,111.296802590
3284,166782192437200,111.319787526
3285,166782218516876,111.345867202
3286,166782257005533,111.384355859
3287,166782301428401,111.428778727
3288,166782328621633,111.455971959
3289,166782355019739,111.482370065
3290,166782391183681,111.518534007
3291,166782436043857,111.563394183
3292,166782463759376,111.591109702
3293,166782494113068,111.621463394
3294,166782523384364,111.650734690
3295,166782561847983,111.689198309
3296,166782591542681,111.718893007
3297,166782633829584,111.761179910
3298,166782665760499,111.793110825
3299,166782696826889,111.824177215
3300,166782729153883,111.856504209
3301,166782765552732,111.892903058
3302,166782795466687,111.922817013
3303,166782833945336,111.961295662
3304,166782869953212,111.997303538
3305,166782898285251,112.025635577
3306,166782931433726,112.058784052
3307,166782970454900,112.097805226
3308,166782999444784,112.126795110
3309,166783032236482,112.159586808
3310,166783069080021,112.196430347
3311,166783108343989,112.235694315
3312,166783135400844,112.262751170
3313,166783168257423,112.295607749
3314,166783204339561,112.331689887
3315,166783242344984,112.369695310
3316,166783272368844,112.399719170
3317,166783303348512,112.430698838
3318,166783339578133,112.466928459
3319,166783378479561,112.505829887
3320,166783408911686,112.536262012
3321,166783439210141,112.566560467
3322,166783477015923,112.604366249
3323,166783516311614,112.643661940
3324,166783544104219,112.671454545
3325,166783577644365,112.704994691
3326,166783607271643,112.734621969
3327,166783643268589,112.770618915
3328,166783675627873,112.802978199
3329,166783711806463,112.839156789
3330,166783743529269,112.870879595
3331,166783788470884,112.915821210
3332,166783812763148,112.940113474
3333,166783848502338,112.975852664
3334,166783879455289,113.006805615
3335,166783921253978,113.048604304
3336,166783948022852,113.075373178
3337,166783986275768,113.113626094
3338,166784021280095,113.148630421
3339,166784067831066,113.195181392
3340,166784093789231,113.221139557
3341,166784118517691,113.245868017
3342,166784151946853,113.279297179
3343,166784192194798,113.319545124
3344,166784220109948,113.347460274
3345,166784255414074,113.382764400
3346,166784290661704,113.418012030
3347,166784330826338,113.458176664
3348,166784355583556,113.482933882
3349,166784388459835,113.515810161
3350,166784430386519,113.557736845
3351,166784474667108,113.602017434
3352,166784496481757,113.623832083
3353,166784522595584,113.649945910
3354,166784565205075,113.692555401
3355,166784606794861,113.734145187
3356,166784629563339,113.756913665
3357,166784658686984,113.786037310
3358,166784696754658,113.824104984
3359,166784741145881,113.868496207
3360,166784770727050,113.898077376
3361,166784795053423,113.922403749
3362,166784838953151,113.966303477
3363,166784885494561,114.012844887
3364,166784907140113,114.034490439
3365,166784930349808,114.057700134
3366,166784968265302,114.095615628
3367,166785009182630,114.136532956
3368,166785034372271,114.161722597
3369,166785068299772,114.195650098
3370,166785099606401,114.226956727
3371,166785134972212,114.262322538
3372,166785167670389,114.295020715
3373,166785206183007,114.333533333
3374,166785235468177,114.362818503
3375,166785277428525,114.404778851
3376,166785303706327,114.431056653
3377,166785343771387,114.471121713
3378,166785380306617,114.507656943
3379,166785419996948,114.547347274
3380,166785442604502,114.569954828
3381,166785477807592,114.605157918
3382,166785505985734,114.633336060
3383,166785539670963,114.667021289
3384,166785574383997,114.701734323
3385,166785614492122,114.741842448
3386,166785642664668,114.770014994
3387,166785686857938,114.814208264
3388,166785710391573,114.837741899
3389,166785743344629,114.870694955
3390,166785779376238,114.906726564
3391,166785815596329,114.942946655
3392,166785850956147,114.978306473
3393,166785885424295,115.012774621
3394,166785916807488,115.044157814
3395,166785950924538,115.078274864
3396,166785987327750,115.114678076
3397,166786014312568,115.141662894
3398,166786053716453,115.181066779
3399,166786092427634,115.219777960
3400,166786120466959,115.247817285
3401,166786150990640,115.278340966
3402,166786183812028,115.311162354
3403,166786223795510,115.351145836
3404,166786252626243,115.379976569
3405,166786290708573,115.418058899
3406,166786319535693,115.446886019
3407,166786359853264,115.487203590
3408,166786389949444,115.517299770
3409,166786423144874,115.550495200
3410,166786456613671,115.583963997
3411,166786500098239,115.627448565
3412,166786523550565,115.650900891
3413,166786564214509,115.691564835
3414,166786591395804,115.718746130
3415,166786630585036,115.757935362
3416,166786660782876,115.788133202
3417,166786699990389,115.827340715
3418,166786731199577,115.858549903
3419,166786778660180,115.906010506
3420,166786801436447,115.928786773
3421,166786831013238,115.958363564
3422,166786864656089,115.992006415
3423,166786911833776,116.039184102
3424,166786936832900,116.064183226
3425,166786964517088,116.091867414
3426,166787004456786,116.131807112
3427,166787044576707,116.171927033
3428,166787070400038,116.197750364
3429,166787101027271,116.228377597
3430,166787141292888,116.268643214
3431,166787190890005,116.318240331
3432,166787214377127,116.341727453
3433,166787234425494,116.361775820
3434,166787276858139,116.404208465
3435,166787325450463,116.452800789
3436,166787348679942,116.476030268
3437,166787370593020,116.497943346
3438,166787412411306,116.539761632
3439,166787459911236,116.587261562
3440,166787483473133,116.610823459
3441,166787506330977,116.633681303
3442,166787540484649,116.667834975
3443,166787590593773,116.717944099
3444,166787614567598,116.741917924
3445,166787646828879,116.774179205
3446,166787678219163,116.805569489
3447,166787719842109,116.847192435
3448,166787744452693,116.871803019
3449,166787783369718,116.910720044
3450,166787817174902,116.944525228
3451,166787862099876,116.989450202
3452,166787886138317,117.013488643
3453,166787914731847,117.042082173
3454,166787947873097,117.075223423
3455,166787992820534,117.120170860
3456,166788017086174,117.144436500
3457,166788051959284,117.179309610
3458,166788083569088,117.210919414
3459,166788124592145,117.251942471
3460,166788152390951,117.279741277
3461,166788186079528,117.313429854
3462,166788220874887,117.348225213
3463,166788263455827,117.390806153
3464,166788289446554,117.416796880
3465,166788318629851,117.445980177
3466,166788363284345,117.490634671
3467,166788408398876,117.535749202
3468,166788436217649,117.563567975
3469,166788457116434,117.584466760
3470,166788498684970,117.626035296
3471,166788539026873,117.666377199
3472,166788562585533,117.689935859
3473,166788590401626,117.717751952
3474,166788629802101,117.757152427
3475,166788674896999,117.802247325
3476,166788698613004,117.825963330
3477,166788726714152,117.854064478
3478,166788764045146,117.891395472
3479,166788805524885,117.932875211
3480,166788828967484,117.956317810
3481,166788863881753,117.991232079
3482,166788895758215,118.023108541
3483,166788934920375,118.062270701
3484,166788963739695,118.091090021
3485,166789006538923,118.133889249
3486,166789033306168,118.160656494
3487,166789072168507,118.199518833
3488,166789098189866,118.225540192
3489,166789142230919,118.269581245
3490,166789172552972,118.299903298
3491,166789207810829,118.335161155
3492,166789234845349,118.362195675
3493,166789271709243,118.399059569
3494,166789302239894,118.429590220
3495,166789339767719,118.467118045
3496,166789371475986,118.498826312
3497,166789407654522,118.535004848
3498,166789437922691,118.565273017
3499,166789474269378,118.601619704
3500,166789508015645,118.635365971
3501,166789543909060,118.671259386
3502,166789574538932,118.701889258
3503,166789614215223,118.741565549
3504,166789642292338,118.769642664
3505,166789675594853,118.802945179
3506,166789710611577,118.837961903
3507,166789750810118,118.878160444
3508,166789778637057,118.905987383
3509,166789811626501,118.938976827
3510,166789848791917,118.976142243
3511,166789893733479,119.021083805
3512,166789932742315,119.060092641
3513,166789960445451,119.087795777
3514,166789983156872,119.110507198
3515,166790015608048,119.142958374
3516,166790053773828,119.181124154
3517,166790091415954,119.218766280
3518,166790116509465,119.243859791
3519,166790160921827,119.288272153
3520,166790185985215,119.313335541
3521,166790233699629,119.361049955
3522,166790259924371,119.387274697
3523,166790289112205,119.416462531
3524,166790322688338,119.450038664
3525,166790369893730,119.497244056
3526,166790390045719,119.517396045
3527,166790423547798,119.550898124
3528,166790458281279,119.585631605
3529,166790500333622,119.627683948
3530,166790522420202,119.649770528
3531,166790561029748,119.688380074
3532,166790591511437,119.718861763
3533,166790632505408,119.759855734
3534,166790658864862,119.786215188
3535,166790700411447,119.827761773
3536,166790729952090,119.857302416
3537,166790780267393,119.907617719
3538,166790799391209,119.926741535
3539,166790827728564,119.955078890
3540,166790863222578,119.990572904
3541,166790900800333,120.028150659
