frame_index,receive_monotonic_ns,relative_s
0,157112109229950,0.000000000
1,157112133166486,0.023936536
2,157112171645773,0.062415823
3,157112203898655,0.094668705
4,157112239747507,0.130517557
5,157112268843969,0.159614019
6,157112308881113,0.199651163
7,157112337805293,0.228575343
8,157112375522565,0.266292615
9,157112405879505,0.296649555
10,157112444294951,0.335065001
11,157112472170405,0.362940455
12,157112529454460,0.420224510
13,157112560484266,0.451254316
14,157112586056142,0.476826192
15,157112608230142,0.499000192
16,157112640542228,0.531312278
17,157112684221523,0.574991573
18,157112708544309,0.599314359
19,157112745843165,0.636613215
20,157112777874917,0.668644967
21,157112815119150,0.705889200
22,157112846701348,0.737471398
23,157112887488472,0.778258522
24,157112912311489,0.803081539
25,157112948255959,0.839026009
26,157112980425934,0.871195984
27,157113023136583,0.913906633
28,157113048325775,0.939095825
29,157113087203060,0.977973110
30,157113117842232,1.008612282
31,157113156397155,1.047167205
32,157113184447468,1.075217518
33,157113221706259,1.112476309
34,157113256601152,1.147371202
35,157113288354990,1.179125040
36,157113327959165,1.218729215
37,157113368372535,1.259142585
38,157113393495167,1.284265217
39,157113420510549,1.311280599
40,157113460093929,1.350863979
41,157113498281403,1.389051453
42,157113524249153,1.415019203
43,157113556849406,1.447619456
44,157113595423413,1.486193463
45,157113633757610,1.524527660
46,157113662322703,1.553092753
47,157113694269370,1.585039420
48,157113731458822,1.622228872
49,157113793195037,1.683965087
50,157113815452729,1.706222779
51,157113833262720,1.724032770
52,157113865995507,1.756765557
53,157113904851642,1.795621692
54,157113928186897,1.818956947
55,157113966393791,1.857163841
56,157113996287471,1.887057521
57,157114035024996,1.925795046
58,157114067784197,1.958554247
59,157114103169429,1.993939479
60,157114133845596,2.024615646
61,157114182328119,2.073098169
62,157114202674846,2.093444896
63,157114240056379,2.130826429
64,157114268770542,2.159540592
65,157114306681238,2.197451288
66,157114339489393,2.230259443
67,157114376212132,2.266982182
68,157114408061439,2.298831489
69,157114499062689,2.389832739
70,157114518111117,2.408881167
71,157114535440717,2.426210767
72,157114556761871,2.447531921
73,157114594353221,2.485123271
74,157114618447282,2.509217332
75,157114640125161,2.530895211
76,157114681079300,2.571849350
77,157114717747401,2.608517451
78,157114746491324,2.637261374
79,157114779553932,2.670323982
80,157114817562959,2.708333009
81,157114850576406,2.741346456
82,157114882249257,2.773019307
83,157114917252498,2.808022548
84,157114950642014,2.841412064
85,157114985972159,2.876742209
86,157115019525378,2.910295428
87,157115053121589,2.943891639
88,157115088042114,2.978812164
89,157115123428937,3.014198987
90,157115152721692,3.043491742
91,157115186629320,3.077399370
92,157115221946024,3.112716074
93,157115259187835,3.149957885
94,157115284248935,3.175018985
95,157115321393348,3.212163398
96,157115358322583,3.249092633
97,157115396968682,3.287738732
98,157115422286709,3.313056759
99,157115458663690,3.349433740
100,157115493808045,3.384578095
101,157115530634645,3.421404695
102,157115556461613,3.447231663
103,157115600081885,3.490851935
104,157115626967528,3.517737578
105,157115664619940,3.555389990
106,157115693593957,3.584364007
107,157115732601813,3.623371863
108,157115761140280,3.651910330
109,157115799226245,3.689996295
110,157115828531888,3.719301938
111,157115862450718,3.753220768
112,157115899654940,3.790424990
113,157115935752771,3.826522821
114,157115965738985,3.856509035
115,157116003146323,3.893916373
116,157116033464907,3.924234957
117,157116072877439,3.963647489
118,157116100489138,3.991259188
119,157116134522624,4.025292674
120,157116171085596,4.061855646
121,157116204484306,4.095254356
122,157116237419882,4.128189932
123,157116269314178,4.160084228
124,157116311961667,4.202731717
125,157116355992345,4.246762395
126,157116381132365,4.271902415
127,157116405185543,4.295955593
128,157116442970445,4.333740495
129,157116484869968,4.375640018
130,157116505487475,4.396257525
131,157116545813792,4.436583842
132,157116574604979,4.465375029
133,157116616518606,4.507288656
134,157116640451416,4.531221466
135,157116678457901,4.569227951
136,157116713014356,4.603784406
137,157116750551297,4.641321347
138,157116776458464,4.667228514
139,157116812427024,4.703197074
140,157116849644622,4.740414672
141,157116897192856,4.787962906
142,157116917394278,4.808164328
143,157116953847184,4.844617234
144,157116980726086,4.871496136
145,157117016491375,4.907261425
146,157117050157988,4.940928038
147,157117086688409,4.977458459
148,157117121574302,5.012344352
149,157117158893389,5.049663439
150,157117184730463,5.075500513
151,157117221329568,5.112099618
152,157117252915795,5.143685845
153,157117296649442,5.187419492
154,157117322162371,5.212932421
155,157117358877392,5.249647442
156,157117389766464,5.280536514
157,157117427602777,5.318372827
158,157117457492958,5.348263008
159,157117488517657,5.379287707
160,157117527100020,5.417870070
161,157117563866993,5.454637043
162,157117592920635,5.483690685
163,157117629652597,5.520422647
164,157117661648490,5.552418540
165,157117697897023,5.588667073
166,157117731537780,5.622307830
167,157117761889435,5.652659485
168,157117796922112,5.687692162
169,157117833328611,5.724098661
170,157117863371027,5.754141077
171,157117902035987,5.792806037
172,157117932605888,5.823375938
173,157117975759970,5.866530020
174,157117998835502,5.889605552
175,157118034595662,5.925365712
176,157118064527601,5.955297651
177,157118100695520,5.991465570
178,157118134112418,6.024882468
179,157118169449878,6.060219928
180,157118203536543,6.094306593
181,157118239573758,6.130343808
182,157118268953892,6.159723942
183,157118309419553,6.200189603
184,157118336678632,6.227448682
185,157118377742962,6.268513012
186,157118406520271,6.297290321
187,157118443096569,6.333866619
188,157118473525320,6.364295370
189,157118507666461,6.398436511
190,157118542443105,6.433213155
191,157118576213150,6.466983200
192,157118610801445,6.501571495
193,157118652319593,6.543089643
194,157118678649621,6.569419671
195,157118710524070,6.601294120
196,157118745347211,6.636117261
197,157118787056537,6.677826587
198,157118814285592,6.705055642
199,157118845918093,6.736688143
200,157118882473711,6.773243761
201,157118924866179,6.815636229
202,157118948892113,6.839662163
203,157118981095756,6.871865806
204,157119024337009,6.915107059
205,157119066344751,6.957114801
206,157119086853085,6.977623135
207,157119119525428,7.010295478
208,157119152989866,7.043759916
209,157119195029336,7.085799386
210,157119216858580,7.107628630
211,157119255077331,7.145847381
212,157119288522537,7.179292587
213,157119327844633,7.218614683
214,157119352939318,7.243709368
215,157119389915963,7.280686013
216,157119423523948,7.314293998
217,157119465252908,7.356022958
218,157119493694654,7.384464704
219,157119528681169,7.419451219
220,157119559512531,7.450282581
221,157119606830921,7.497600971
222,157119629146767,7.519916817
223,157119664883676,7.555653726
224,157119693346707,7.584116757
225,157119728937563,7.619707613
226,157119762921141,7.653691191
227,157119796346009,7.687116059
228,157119828581094,7.719351144
229,157119867165213,7.757935263
230,157119900679489,7.791449539
231,157119930175806,7.820945856
232,157119965728300,7.856498350
233,157120003175278,7.893945328
234,157120037424713,7.928194763
235,157120064920439,7.955690489
236,157120102561167,7.993331217
237,157120139530457,8.030300507
238,157120173079469,8.063849519
239,157120201893568,8.092663618
240,157120239027688,8.129797738
241,157120283740755,8.174510805
242,157120307561308,8.198331358
243,157120337795072,8.228565122
244,157120372640406,8.263410456
245,157120421244495,8.312014545
246,157120442868640,8.333638690
247,157120474335426,8.365105476
248,157120504878039,8.395648089
249,157120544342074,8.435112124
250,157120572968939,8.463738989
251,157120612871257,8.503641307
252,157120640791859,8.531561909
253,157120683177556,8.573947606
254,157120709800212,8.600570262
255,157120749455184,8.640225234
256,157120778177248,8.668947298
257,157120823893669,8.714663719
258,157120846121198,8.736891248
259,157120886181808,8.776951858
260,157120913176616,8.803946666
261,157120949677152,8.840447202
262,157120999026366,8.889796416
263,157121025575358,8.916345408
264,157121049058603,8.939828653
265,157121081065291,8.971835341
266,157121118704742,9.009474792
267,157121158416274,9.049186324
268,157121186028611,9.076798661
269,157121217220453,9.107990503
270,157121255121681,9.145891731
271,157121296348123,9.187118173
272,157121320763921,9.211533971
273,157121353692707,9.244462757
274,157121394921776,9.285691826
275,157121434970349,9.325740399
276,157121456872813,9.347642863
277,157121495209368,9.385979418
278,157121525115631,9.415885681
279,157121569028297,9.459798347
280,157121592927071,9.483697121
281,157121625724624,9.516494674
282,157121661661989,9.552432039
283,157121707921331,9.598691381
284,157121731322530,9.622092580
285,157121761979290,9.652749340
286,157121794177826,9.684947876
287,157121831227426,9.721997476
288,157121864462042,9.755232092
289,157121902710671,9.793480721
290,157121928939740,9.819709790
291,157121966872626,9.857642676
292,157121997422369,9.888192419
293,157122039862631,9.930632681
294,157122072213134,9.962983184
295,157122107868355,9.998638405
296,157122132830895,10.023600945
297,157122171725912,10.062495962
298,157122205420126,10.096190176
299,157122241980865,10.132750915
300,157122268993606,10.159763656
301,157122307790602,10.198560652
302,157122337113305,10.227883355
303,157122378437216,10.269207266
304,157122405040941,10.295810991
305,157122442691221,10.333461271
306,157122473162670,10.363932720
307,157122506904151,10.397674201
308,157122541864672,10.432634722
309,157122574848108,10.465618158
310,157122610916195,10.501686245
311,157122646217788,10.536987838
312,157122678588164,10.569358214
313,157122709395597,10.600165647
314,157122747303964,10.638074014
315,157122785835552,10.676605602
316,157122816776482,10.707546532
317,157122845384728,10.736154778
318,157122881087449,10.771857499
319,157122920710786,10.811480836
320,157122953096852,10.843866902
321,157122981979629,10.872749679
322,157123014046058,10.904816108
323,157123050916834,10.941686884
324,157123080922624,10.971692674
325,157123119269225,11.010039275
326,157123150184753,11.040954803
327,157123193297546,11.084067596
328,157123217126835,11.107896885
329,157123258300282,11.149070332
330,157123284827204,11.175597254
331,157123320758391,11.211528441
332,157123353471027,11.244241077
333,157123396067370,11.286837420
334,157123421196276,11.311966326
335,157123456922467,11.347692517
336,157123491685956,11.382456006
337,157123528654419,11.419424469
338,157123559134763,11.449904813
339,157123602718666,11.493488716
340,157123625207803,11.515977853
341,157123659019734,11.549789784
342,157123694206194,11.584976244
343,157123733245071,11.624015121
344,157123761285787,11.652055837
345,157123796992927,11.687762977
346,157123832672872,11.723442922
347,157123879708975,11.770479025
348,157123904935285,11.795705335
349,157123929078358,11.819848408
350,157123968990766,11.859760816
351,157124010042504,11.900812554
352,157124033969147,11.924739197
353,157124066442872,11.957212922
354,157124108031857,11.998801907
355,157124150421698,12.041191748
356,157124178566275,12.069336325
357,157124201201199,12.091971249
358,157124238885622,12.129655672
359,157124286335124,12.177105174
360,157124311015335,12.201785385
361,157124337077100,12.227847150
362,157124369147617,12.259917667
363,157124408497884,12.299267934
364,157124440431175,12.331201225
365,157124473159988,12.363930038
366,157124505995075,12.396765125
367,157124542970930,12.433740980
368,157124577297127,12.468067177
369,157124609967149,12.500737199
370,157124641907338,12.532677388
371,157124682648213,12.573418263
372,157124710176383,12.600946433
373,157124748858790,12.639628840
374,157124777095348,12.667865398
375,157124818877491,12.709647541
376,157124845213925,12.735983975
377,157124881888974,12.772659024
378,157124913667497,12.804437547
379,157124950926154,12.841696204
380,157124983871892,12.874641942
381,157125014627654,12.905397704
382,157125051044289,12.941814339
383,157125088477392,12.979247442
384,157125117244354,13.008014404
385,157125150484075,13.041254125
386,157125186114370,13.076884420
387,157125221873650,13.112643700
388,157125255055295,13.145825345
389,157125288259387,13.179029437
390,157125327574354,13.218344404
391,157125371665115,13.262435165
392,157125392367814,13.283137864
393,157125422434488,13.313204538
394,157125460601718,13.351371768
395,157125500069924,13.390839974
396,157125525228522,13.415998572
397,157125561799326,13.452569376
398,157125590941159,13.481711209
399,157125628165356,13.518935406
400,157125657258468,13.548028518
401,157125694535206,13.585305256
402,157125725144956,13.615915006
403,157125766486064,13.657256114
404,157125793284591,13.684054641
405,157125836434874,13.727204924
406,157125867366582,13.758136632
407,157125917595886,13.808365936
408,157125938051549,13.828821599
409,157125965728367,13.856498417
410,157126001335820,13.892105870
411,157126040111882,13.930881932
412,157126065515735,13.956285785
413,157126104329391,13.995099441
414,157126133292639,14.024062689
415,157126176130842,14.066900892
416,157126201032155,14.091802205
417,157126233459367,14.124229417
418,157126271157905,14.161927955
419,157126309152291,14.199922341
420,157126337062720,14.227832770
421,157126369231308,14.260001358
422,157126412141834,14.302911884
423,157126451180686,14.341950736
424,157126476459925,14.367229975
425,157126505057754,14.395827804
426,157126542876995,14.433647045
427,157126589085787,14.479855837
428,157126613382100,14.504152150
429,157126643835269,14.534605319
430,157126679877227,14.570647277
431,157126716760587,14.607530637
432,157126746948835,14.637718885
433,157126780617433,14.671387483
434,157126820901638,14.711671688
435,157126875338775,14.766108825
436,157126899603659,14.790373709
437,157126919787274,14.810557324
438,157126946291717,14.837061767
439,157127007970697,14.898740747
440,157127030450869,14.921220919
441,157127052592065,14.943362115
442,157127080987245,14.971757295
443,157127117722870,15.008492920
444,157127150014252,15.040784302
445,157127192042730,15.082812780
446,157127217045251,15.107815301
447,157127255727303,15.146497353
448,157127288704325,15.179474375
449,157127323361835,15.214131885
450,157127353880424,15.244650474
451,157127391146241,15.281916291
452,157127421023068,15.311793118
453,157127458356456,15.349126506
454,157127489030803,15.379800853
455,157127523451685,15.414221735
456,157127557531975,15.448302025
457,157127589764417,15.480534467
458,157127625569603,15.516339653
459,157127664646149,15.555416199
460,157127693084573,15.583854623
461,157127725726299,15.616496349
462,157127764946467,15.655716517
463,157127804683582,15.695453632
464,157127829847388,15.720617438
465,157127864065616,15.754835666
466,157127903356240,15.794126290
467,157127943685685,15.834455735
468,157127968546578,15.859316628
469,157127997764883,15.888534933
470,157128036165382,15.926935432
471,157128080857325,15.971627375
472,157128102405532,15.993175582
473,157128138046034,16.028816084
474,157128164992713,16.055762763
475,157128205612072,16.096382122
476,157128236100340,16.126870390
477,157128272380255,16.163150305
478,157128303189455,16.193959505
479,157128342991366,16.233761416
480,157128372521617,16.263291667
481,157128409865825,16.300635875
482,157128437449614,16.328219664
483,157128485310709,16.376080759
484,157128506709202,16.397479252
485,157128544889749,16.435659799
486,157128574874545,16.465644595
487,157128619495159,16.510265209
488,157128644281714,16.535051764
489,157128678115765,16.568885815
490,157128714347043,16.605117093
491,157128751842004,16.642612054
492,157128777257847,16.668027897
493,157128813441578,16.704211628
494,157128851319505,16.742089555
495,157128893794231,16.784564281
496,157128917221407,16.807991457
497,157128947675779,16.838445829
498,157128983210518,16.873980568
499,157129021092958,16.911863008
500,157129051228971,16.941999021
501,157129081315585,16.972085635
502,157129123966792,17.014736842
503,157129160417906,17.051187956
504,157129185309441,17.076079491
505,157129218006146,17.108776196
506,157129257211985,17.147982035
507,157129297404899,17.188174949
508,157129321976159,17.212746209
509,157129356964961,17.247735011
510,157129396151635,17.286921685
511,157129431258857,17.322028907
512,157129472323056,17.363093106
513,157129502251048,17.393021098
514,157129522889537,17.413659587
515,157129560845556,17.451615606
516,157129592324388,17.483094438
517,157129633736333,17.524506383
518,157129657974027,17.548744077
519,157129696915144,17.587685194
520,157129730803323,17.621573373
521,157129785009341,17.675779391
522,157129808068924,17.698838974
523,157129829044130,17.719814180
524,157129865780740,17.756550790
525,157129922501416,17.813271466
526,157129944801067,17.835571117
527,157129971758633,17.862528683
528,157129997134117,17.887904167
529,157130033181236,17.923951286
530,157130068212475,17.958982525
531,157130101786622,17.992556672
532,157130138837138,18.029607188
533,157130190511574,18.081281624
534,157130213495449,18.104265499
535,157130236118886,18.126888936
536,157130269420393,18.160190443
537,157130308645610,18.199415660
538,157130340113809,18.230883859
539,157130369615330,18.260385380
540,157130408680462,18.299450512
541,157130461492859,18.352262909
542,157130489157785,18.379927835
543,157130510013165,18.400783215
544,157130541365349,18.432135399
545,157130585582783,18.476352833
546,157130612566932,18.503336982
547,157130646066837,18.536836887
548,157130677232597,18.568002647
549,157130717309321,18.608079371
550,157130741510169,18.632280219
551,157130778493099,18.669263149
552,157130815053661,18.705823711
553,157130856517462,18.747287512
554,157130880322924,18.771092974
555,157130917436609,18.808206659
556,157130945799835,18.836569885
557,157130989305146,18.880075196
558,157131013227215,18.903997265
559,157131050979508,18.941749558
560,157131081318480,18.972088530
561,157131117182478,19.007952528
562,157131154289877,19.045059927
563,157131192471287,19.083241337
564,157131217320171,19.108090221
565,157131253391216,19.144161266
566,157131288929749,19.179699799
567,157131322871115,19.213641165
568,157131361204680,19.251974730
569,157131406055289,19.296825339
570,157131426499620,19.317269670
571,157131453908559,19.344678609
572,157131497180968,19.387951018
573,157131534561015,19.425331065
574,157131557283355,19.448053405
575,157131592970702,19.483740752
576,157131628177393,19.518947443
577,157131669510536,19.560280586
578,157131693255217,19.584025267
579,157131729424545,19.620194595
580,157131764276260,19.655046310
581,157131804985048,19.695755098
582,157131829169834,19.719939884
583,157131862677304,19.753447354
584,157131901916345,19.792686395
585,157131953877184,19.844647234
586,157131978290112,19.869060162
587,157131997153452,19.887923502
588,157132034626752,19.925396802
589,157132078299537,19.969069587
590,157132102748558,19.993518608
591,157132135296799,20.026066849
592,157132166149511,20.056919561
593,157132206321505,20.097091555
594,157132233414447,20.124184497
595,157132271500156,20.162270206
596,157132302043278,20.192813328
597,157132340628000,20.231398050
598,157132369987639,20.260757689
599,157132411233286,20.302003336
600,157132437664077,20.328434127
601,157132485179746,20.375949796
602,157132507182765,20.397952815
603,157132547073497,20.437843547
604,157132575603529,20.466373579
605,157132614496500,20.505266550
606,157132641156371,20.531926421
607,157132677300403,20.568070453
608,157132710387854,20.601157904
609,157132750278590,20.641048640
610,157132777229169,20.667999219
611,157132813081156,20.703851206
612,157132854029437,20.744799487
613,157132904787543,20.795557593
614,157132925331416,20.816101466
615,157132945485060,20.836255110
616,157132982954097,20.873724147
617,157133019654332,20.910424382
618,157133051469169,20.942239219
619,157133085793277,20.976563327
620,157133123539306,21.014309356
621,157133159731971,21.050502021
622,157133186569244,21.077339294
623,157133218889841,21.109659891
624,157133256593392,21.147363442
625,157133296685570,21.187455620
626,157133322731561,21.213501611
627,157133358061006,21.248831056
628,157133387134075,21.277904125
629,157133423647250,21.314417300
630,157133454855021,21.345625071
631,157133496346831,21.387116881
632,157133521439515,21.412209565
633,157133559896121,21.450666171
634,157133589124565,21.479894615
635,157133627935187,21.518705237
636,157133658252473,21.549022523
637,157133696079675,21.586849725
638,157133725616609,21.616386659
639,157133764387703,21.655157753
640,157133796413340,21.687183390
641,157133836421918,21.727191968
642,157133861742035,21.752512085
643,157133902800129,21.793570179
644,157133935180546,21.825950596
645,157133975365335,21.866135385
646,157133997173132,21.887943182
647,157134031974218,21.922744268
648,157134067007180,21.957777230
649,157134103856564,21.994626614
650,157134133625908,22.024395958
651,157134165277751,22.056047801
652,157134201543348,22.092313398
653,157134239798764,22.130568814
654,157134271559015,22.162329065
655,157134302676773,22.193446823
656,157134339696477,22.230466527
657,157134383251742,22.274021792
658,157134405056927,22.295826977
659,157134439456944,22.330226994
660,157134479008023,22.369778073
661,157134517239635,22.408009685
662,157134541580352,22.432350402
663,157134574218771,22.464988821
664,157134614736745,22.505506795
665,157134658143347,22.548913397
666,157134680803357,22.571573407
667,157134709281180,22.600051230
668,157134744156908,22.634926958
669,157134788720987,22.679491037
670,157134809247593,22.700017643
671,157134852285711,22.743055761
672,157134877704956,22.768475006
673,157134915453061,22.806223111
674,157134947361344,22.838131394
675,157134985766360,22.876536410
676,157135013946197,22.904716247
677,157135049550039,22.940320089
678,157135082090894,22.972860944
679,157135121875468,23.012645518
680,157135153801458,23.044571508
681,157135195827386,23.086597436
682,157135218370692,23.109140742
683,157135255469677,23.146239727
684,157135287019165,23.177789215
685,157135325237121,23.216007171
686,157135353745365,23.244515415
687,157135388967344,23.279737394
688,157135423974055,23.314744105
689,157135467704191,23.358474241
690,157135489258304,23.380028354
691,157135524420884,23.415190934
692,157135560448252,23.451218302
693,157135600390283,23.491160333
694,157135625583575,23.516353625
695,157135658717802,23.549487852
696,157135697332153,23.588102203
697,157135749043696,23.639813746
698,157135774463677,23.665233727
699,157135793377532,23.684147582
700,157135830547771,23.721317821
701,157135873503198,23.764273248
702,157135899588858,23.790358908
703,157135931884278,23.822654328
704,157135965546385,23.856316435
705,157136011288588,23.902058638
706,157136032963734,23.923733784
707,157136065606215,23.956376265
708,157136097782262,23.988552312
709,157136139791714,24.030561764
710,157136165598762,24.056368812
711,157136208117443,24.098887493
712,157136236163481,24.126933531
713,157136282936488,24.173706538
714,157136302232246,24.193002296
715,157136338680730,24.229450780
716,157136370447048,24.261217098
717,157136413213925,24.303983975
718,157136437384035,24.328154085
719,157136476821677,24.367591727
720,157136506972347,24.397742397
721,157136551169842,24.441939892
722,157136582507036,24.473277086
723,157136605341707,24.496111757
724,157136643647135,24.534417185
725,157136687408426,24.578178476
726,157136709355810,24.600125860
727,157136741547945,24.632317995
728,157136780597399,24.671367449
729,157136818466408,24.709236458
730,157136845383611,24.736153661
731,157136877315485,24.768085535
732,157136916299981,24.807070031
733,157136957974185,24.848744235
734,157136981474069,24.872244119
735,157137013518903,24.904288953
736,157137052819765,24.943589815
737,157137092770531,24.983540581
738,157137117416855,25.008186905
739,157137154726596,25.045496646
740,157137188858861,25.079628911
741,157137227459212,25.118229262
742,157137249615466,25.140385516
743,157137291940407,25.182710457
744,157137317827642,25.208597692
745,157137354343198,25.245113248
746,157137385929215,25.276699265
747,157137424048705,25.314818755
748,157137456091738,25.346861788
749,157137504223841,25.394993891
750,157137526245958,25.417016008
751,157137557868833,25.448638883
752,157137590226800,25.480996850
753,157137630496477,25.521266527
754,157137657578807,25.548348857
755,157137701314004,25.592084054
756,157137725404879,25.616174929
757,157137775936224,25.666706274
758,157137800862673,25.691632723
759,157137831127500,25.721897550
760,157137864057599,25.754827649
761,157137901040466,25.791810516
762,157137940132290,25.830902340
763,157137969531947,25.860301997
764,157137997939645,25.888709695
765,157138029985949,25.920755999
766,157138066431583,25.957201633
767,157138102498599,25.993268649
768,157138133589318,26.024359368
769,157138166685653,26.057455703
770,157138208687043,26.099457093
771,157138245500580,26.136270630
772,157138269584939,26.160354989
773,157138303725793,26.194495843
774,157138344177532,26.234947582
775,157138385997238,26.276767288
776,157138406854522,26.297624572
777,157138440473885,26.331243935
778,157138478139411,26.368909461
779,157138517529960,26.408300010
780,157138540091310,26.430861360
781,157138574370394,26.465140444
782,157138613081520,26.503851570
783,157138652038164,26.542808214
784,157138676212391,26.566982441
785,157138710875868,26.601645918
786,157138747192955,26.637963005
787,157138804059806,26.694829856
788,157138829791433,26.720561483
789,157138849960843,26.740730893
790,157138877814049,26.768584099
791,157138917558506,26.808328556
792,157138947081607,26.837851657
793,157138983676335,26.874446385
794,157139014478959,26.905249009
795,157139053203005,26.943973055
796,157139081605951,26.972376001
797,157139119823886,27.010593936
798,157139150250235,27.041020285
799,157139189395769,27.080165819
800,157139220033363,27.110803413
801,157139253071555,27.143841605
802,157139288460093,27.179230143
803,157139327795682,27.218565732
804,157139354244403,27.245014453
805,157139388762259,27.279532309
806,157139423140345,27.313910395
807,157139464076814,27.354846864
808,157139489458034,27.380228084
809,157139522717862,27.413487912
810,157139559278484,27.450048534
811,157139595277379,27.486047429
812,157139629173183,27.519943233
813,157139658270894,27.549040944
814,157139696757433,27.587527483
815,157139735098382,27.625868432
816,157139763163812,27.653933862
817,157139793749178,27.684519228
818,157139831563424,27.722333474
819,157139882709795,27.773479845
820,157139903363968,27.794134018
821,157139930177861,27.820947911
822,157139964356822,27.855126872
823,157140001873440,27.892643490
824,157140029822578,27.920592628
825,157140066542383,27.957312433
826,157140102682940,27.993452990
827,157140143462253,28.034232303
828,157140169108158,28.059878208
829,157140205357257,28.096127307
830,157140234158964,28.124929014
831,157140276393366,28.167163416
832,157140301616381,28.192386431
833,157140343980556,28.234750606
834,157140370877868,28.261647918
835,157140414078018,28.304848068
836,157140437671392,28.328441442
837,157140475392637,28.366162687
838,157140510466671,28.401236721
839,157140556841142,28.447611192
840,157140581179310,28.471949360
841,157140607392179,28.498162229
842,157140650161428,28.540931478
843,157140696166413,28.586936463
844,157140721056974,28.611827024
845,157140741652561,28.632422611
846,157140782073979,28.672844029
847,157140824751137,28.715521187
848,157140845580912,28.736350962
849,157140877736986,28.768507036
850,157140921256378,28.812026428
851,157140962547028,28.853317078
852,157140983313734,28.874083784
853,157141014227299,28.904997349
854,157141051188515,28.941958565
855,157141091966763,28.982736813
856,157141117712289,29.008482339
857,157141155134913,29.045904963
858,157141181864958,29.072635008
859,157141217581585,29.108351635
860,157141251442598,29.142212648
861,157141290905110,29.181675160
862,157141317889038,29.208659088
863,157141358051176,29.248821226
864,157141385634082,29.276404132
865,157141425820058,29.316590108
866,157141459558135,29.350328185
867,157141503740517,29.394510567
868,157141525695057,29.416465107
869,157141560900860,29.451670910
870,157141592940262,29.483710312
871,157141631342373,29.522112423
872,157141658391758,29.549161808
873,157141700442954,29.591213004
874,157141725499122,29.616269172
875,157141761661890,29.652431940
876,157141798308662,29.689078712
877,157141826108566,29.716878616
878,157141863149898,29.753919948
879,157141901676107,29.792446157
880,157141929609830,29.820379880
881,157141962986221,29.853756271
882,157142004194958,29.894965008
883,157142044636443,29.935406493
884,157142068748450,29.959518500
885,157142098807357,29.989577407
886,157142136955227,30.027725277
887,157142181853838,30.072623888
888,157142203580476,30.094350526
889,157142235126667,30.125896717
890,157142273922304,30.164692354
891,157142317114188,30.207884238
892,157142337629833,30.228399883
893,157142370258168,30.261028218
894,157142409024379,30.299794429
895,157142447402008,30.338172058
896,157142475122679,30.365892729
897,157142508448819,30.399218869
898,157142538337353,30.429107403
899,157142586777627,30.477547677
900,157142607217955,30.497988005
901,157142642735372,30.533505422
902,157142677575628,30.568345678
903,157142718113958,30.608884008
904,157142741959578,30.632729628
905,157142780283558,30.671053608
906,157142813219601,30.703989651
907,157142877841709,30.768611759
908,157142899172680,30.789942730
909,157142917992294,30.808762344
910,157142946511481,30.837281531
911,157142992362753,30.883132803
912,157143014378261,30.905148311
913,157143057412880,30.948182930
914,157143084670619,30.975440669
915,157143121511225,31.012281275
916,157143153420853,31.044190903
917,157143186037472,31.076807522
918,157143225737842,31.116507892
919,157143268258870,31.159028920
920,157143290361108,31.181131158
921,157143318805994,31.209576044
922,157143358538711,31.249308761
923,157143403023179,31.293793229
924,157143425558031,31.316328081
925,157143456171348,31.346941398
926,157143492662241,31.383432291
927,157143530850437,31.421620487
928,157143558233743,31.449003793
929,157143594353674,31.485123724
930,157143627849259,31.518619309
931,157143674670750,31.565440800
932,157143697902598,31.588672648
933,157143726166663,31.616936713
934,157143757695382,31.648465432
935,157143796988813,31.687758863
936,157143826055876,31.716825926
937,157143863035023,31.753805073
938,157143894547091,31.785317141
939,157143932980506,31.823750556
940,157143963507941,31.854277991
941,157144003450892,31.894220942
942,157144030018590,31.920788640
943,157144085936216,31.976706266
944,157144111345788,32.002115838
945,157144133645226,32.024415276
946,157144168301295,32.059071345
947,157144208283594,32.099053644
948,157144234117400,32.124887450
949,157144271261999,32.162032049
950,157144306573630,32.197343680
951,157144349910308,32.240680358
952,157144376987596,32.267757646
953,157144406682912,32.297452962
954,157144439725938,32.330495988
955,157144484943360,32.375713410
956,157144512385635,32.403155685
957,157144542710698,32.433480748
958,157144575356045,32.466126095
959,157144616918422,32.507688472
960,157144641704439,32.532474489
961,157144673711060,32.564481110
962,157144711785723,32.602555773
963,157144756061556,32.646831606
964,157144781503815,32.672273865
965,157144814350993,32.705121043
966,157144851267668,32.742037718
967,157144904821030,32.795591080
968,157144926933041,32.817703091
969,157144947591162,32.838361212
970,157144983552499,32.874322549
971,157145027842900,32.918612950
972,157145049813430,32.940583480
973,157145086358527,32.977128577
974,157145117584761,33.008354811
975,157145159686229,33.050456279
976,157145181612930,33.072382980
977,157145224832671,33.115602721
978,157145250053675,33.140823725
979,157145293024765,33.183794815
980,157145317813918,33.208583968
981,157145361418287,33.252188337
982,157145387570253,33.278340303
983,157145428148417,33.318918467
984,157145453896704,33.344666754
985,157145494343040,33.385113090
986,157145522448809,33.413218859
987,157145566812719,33.457582769
988,157145591069768,33.481839818
989,157145631238688,33.522008738
990,157145657889538,33.548659588
991,157145693090986,33.583861036
992,157145730264474,33.621034524
993,157145758065499,33.648835549
994,157145796031343,33.686801393
995,157145831962134,33.722732184
996,157145862441990,33.753212040
997,157145894009696,33.784779746
998,157145932236650,33.823006700
999,157145975428248,33.866198298
1000,157145997983782,33.888753832
1001,157146032903116,33.923673166
1002,157146066077595,33.956847645
1003,157146105005929,33.995775979
1004,157146136304103,34.027074153
1005,157146167140379,34.057910429
1006,157146208396032,34.099166082
1007,157146250281688,34.141051738
1008,157146275384926,34.166154976
1009,157146303768223,34.194538273
1010,157146334227423,34.224997473
1011,157146374279582,34.265049632
1012,157146415580041,34.306350091
1013,157146441516511,34.332286561
1014,157146469907178,34.360677228
1015,157146512919246,34.403689296
1016,157146537878523,34.428648573
1017,157146578452727,34.469222777
1018,157146606511709,34.497281759
1019,157146644748842,34.535518892
1020,157146678532324,34.569302374
1021,157146719567305,34.610337355
1022,157146742855241,34.633625291
1023,157146782116410,34.672886460
1024,157146809945231,34.700715281
1025,157146850448308,34.741218358
1026,157146878743020,34.769513070
1027,157146914039610,34.804809660
1028,157146950815418,34.841585468
1029,157147002608490,34.893378540
1030,157147030035406,34.920805456
1031,157147052767447,34.943537497
1032,157147082358059,34.973128109
1033,157147132490339,35.023260389
1034,157147153781379,35.044551429
1035,157147182100385,35.072870435
1036,157147219780708,35.110550758
1037,157147261035520,35.151805570
1038,157147286564621,35.177334671
1039,157147317956841,35.208726891
1040,157147361325593,35.252095643
1041,157147407856397,35.298626447
1042,157147430624088,35.321394138
1043,157147455587698,35.346357748
1044,157147493282136,35.384052186
1045,157147531239849,35.422009899
1046,157147558032855,35.448802905
1047,157147591646020,35.482416070
1048,157147623178089,35.513948139
1049,157147664528764,35.555298814
1050,157147689772990,35.580543040
1051,157147728370821,35.619140871
1052,157147760975997,35.651746047
1053,157147804454167,35.695224217
1054,157147829521570,35.720291620
1055,157147863502903,35.754272953
1056,157147894443299,35.785213349
1057,157147932953492,35.823723542
1058,157147963549062,35.854319112
1059,157148003908249,35.894678299
1060,157148035751488,35.926521538
1061,157148085094149,35.975864199
1062,157148108153797,35.998923847
1063,157148134081604,36.024851654
1064,157148166923515,36.057693565
1065,157148205777891,36.096547941
1066,157148234025801,36.124795851
1067,157148269851587,36.160621637
1068,157148307479172,36.198249222
1069,157148343102283,36.233872333
1070,157148370298778,36.261068828
1071,157148402755399,36.293525449
1072,157148441224329,36.331994379
1073,157148486470935,36.377240985
1074,157148509987587,36.400757637
1075,157148538929272,36.429699322
1076,157148576913567,36.467683617
1077,157148615215402,36.505985452
1078,157148642822630,36.533592680
1079,157148674975054,36.565745104
1080,157148717821001,36.608591051
1081,157148759486714,36.650256764
1082,157148781183457,36.671953507
1083,157148811627381,36.702397431
1084,157148849812225,36.740582275
1085,157148892231579,36.783001629
1086,157148914866975,36.805637025
1087,157148949543172,36.840313222
1088,157148980399764,36.871169814
1089,157149017200081,36.907970131
1090,157149046753864,36.937523914
1091,157149087274524,36.978044574
1092,157149117741040,37.008511090
1093,157149162841544,37.053611594
1094,157149185438642,37.076208692
1095,157149225436159,37.116206209
1096,157149255007924,37.145777974
1097,157149294829034,37.185599084
1098,157149318014131,37.208784181
1099,157149357270982,37.248041032
1100,157149386350944,37.277120994
1101,157149422750121,37.313520171
1102,157149458718496,37.349488546
1103,157149496755360,37.387525410
1104,157149525567688,37.416337738
1105,157149569239965,37.460010015
1106,157149594094163,37.484864213
1107,157149623750690,37.514520740
1108,157149660637700,37.551407750
1109,157149701630010,37.592400060
1110,157149726090048,37.616860098
1111,157149762175297,37.652945347
1112,157149798742002,37.689512052
1113,157149841345662,37.732115712
1114,157149870468684,37.761238734
1115,157149897628006,37.788398056
1116,157149932859404,37.823629454
1117,157149981241384,37.872011434
1118,157150002671540,37.893441590
1119,157150030881128,37.921651178
1120,157150065979980,37.956750030
1121,157150103169314,37.993939364
1122,157150134105517,38.024875567
1123,157150167127028,38.057897078
1124,157150205082312,38.095852362
1125,157150242043471,38.132813521
1126,157150269733454,38.160503504
1127,157150308393820,38.199163870
1128,157150334262326,38.225032376
1129,157150370023216,38.260793266
1130,157150403022265,38.293792315
1131,157150440770726,38.331540776
1132,157150470754458,38.361524508
1133,157150507332260,38.398102310
1134,157150538429201,38.429199251
1135,157150576384376,38.467154426
1136,157150606424511,38.497194561
1137,157150643414737,38.534184787
1138,157150678267919,38.569037969
1139,157150712909767,38.603679817
1140,157150742683045,38.633453095
1141,157150782055952,38.672826002
1142,157150810730270,38.701500320
1143,157150851127418,38.741897468
1144,157150878884819,38.769654869
1145,157150917151379,38.807921429
1146,157150946798476,38.837568526
1147,157150978248128,38.869018178
1148,157151017568443,38.908338493
1149,157151054525932,38.945295982
1150,157151087144851,38.977914901
1151,157151120488398,39.011258448
1152,157151156655477,39.047425527
1153,157151197688298,39.088458348
1154,157151219934695,39.110704745
1155,157151254081857,39.144851907
1156,157151292537193,39.183307243
1157,157151333019625,39.223789675
1158,157151354297312,39.245067362
1159,157151391867533,39.282637583
1160,157151424120854,39.314890904
1161,157151462816773,39.353586823
1162,157151490708954,39.381479004
1163,157151523597641,39.414367691
1164,157151557669595,39.448439645
1165,157151605198572,39.495968622
1166,157151633599510,39.524369560
1167,157151658534031,39.549304081
1168,157151691243836,39.582013886
1169,157151729499333,39.620269383
1170,157151758231531,39.649001581
1171,157151799600362,39.690370412
1172,157151830685497,39.721455547
1173,157151884796966,39.775567016
1174,157151903666497,39.794436547
1175,157151930122203,39.820892253
1176,157151964062894,39.854832944
1177,157152007198347,39.897968397
1178,157152030106159,39.920876209
1179,157152070077768,39.960847818
1180,157152103759177,39.994529227
1181,157152140139796,40.030909846
1182,157152166687645,40.057457695
1183,157152200186164,40.090956214
1184,157152240807333,40.131577383
1185,157152284715137,40.175485187
1186,157152305403028,40.196173078
1187,157152334113780,40.224883830
1188,157152373527831,40.264297881
1189,157152412057074,40.302827124
1190,157152438540597,40.329310647
1191,157152474397693,40.365167743
1192,157152511589912,40.402359962
1193,157152552725068,40.443495118
1194,157152575807435,40.466577485
1195,157152609328824,40.500098874
1196,157152645578333,40.536348383
1197,157152688899244,40.579669294
1198,157152711570068,40.602340118
1199,157152742534761,40.633304811
1200,157152778179348,40.668949398
1201,157152814865660,40.705635710
1202,157152844474370,40.735244420
1203,157152878874932,40.769644982
1204,157152911119060,40.801889110
1205,157152947894094,40.838664144
1206,157152978406213,40.869176263
1207,157153018915522,40.909685572
1208,157153048075771,40.938845821
1209,157153088798600,40.979568650
1210,157153114188635,41.004958685
1211,157153150730388,41.041500438
1212,157153182251590,41.073021640
1213,157153218455867,41.109225917
1214,157153253610816,41.144380866
1215,157153291747246,41.182517296
1216,157153322578387,41.213348437
1217,157153364670630,41.255440680
1218,157153387619928,41.278389978
1219,157153428967864,41.319737914
1220,157153454530699,41.345300749
1221,157153488481018,41.379251068
1222,157153524775801,41.415545851
1223,157153556531338,41.447301388
1224,157153592312177,41.483082227
1225,157153626743465,41.517513515
1226,157153658361725,41.549131775
1227,157153695797713,41.586567763
1228,157153726123606,41.616893656
1229,157153759849111,41.650619161
1230,157153797414618,41.688184668
1231,157153831932426,41.722702476
1232,157153862740202,41.753510252
1233,157153906886369,41.797656419
1234,157153930902745,41.821672795
1235,157153962565370,41.853335420
1236,157154000377005,41.891147055
1237,157154040738428,41.931508478
1238,157154066676487,41.957446537
1239,157154099917551,41.990687601
1240,157154131370612,42.022140662
1241,157154174845623,42.065615673
1242,157154198139591,42.088909641
1243,157154236108003,42.126878053
1244,157154267841048,42.158611098
1245,157154307303418,42.198073468
1246,157154334392234,42.225162284
1247,157154372910041,42.263680091
1248,157154402783563,42.293553613
1249,157154438085289,42.328855339
1250,157154471297295,42.362067345
1251,157154508387901,42.399157951
1252,157154544285036,42.435055086
1253,157154590578341,42.481348391
1254,157154610962713,42.501732763
1255,157154643726444,42.534496494
1256,157154674313253,42.565083303
1257,157154716936850,42.607706900
1258,157154742289035,42.633059085
1259,157154774839748,42.665609798
1260,157154811654495,42.702424545
1261,157154850542665,42.741312715
1262,157154896823462,42.787593512
1263,157154922496347,42.813266397
1264,157154946953273,42.837723323
1265,157154978465446,42.869235496
1266,157155018844485,42.909614535
1267,157155065648195,42.956418245
1268,157155091238989,42.982009039
1269,157155114211267,43.004981317
1270,157155155560926,43.046330976
1271,157155192204037,43.082974087
1272,157155218226061,43.108996111
1273,157155251676451,43.142446501
1274,157155288631426,43.179401476
1275,157155323495926,43.214265976
1276,157155357682134,43.248452184
1277,157155388454132,43.279224182
1278,157155425484008,43.316254058
1279,157155470953112,43.361723162
1280,157155493888881,43.384658931
1281,157155527058897,43.417828947
1282,157155560372927,43.451142977
1283,157155603866379,43.494636429
1284,157155626205464,43.516975514
1285,157155661925587,43.552695637
1286,157155690983621,43.581753671
1287,157155730154121,43.620924171
1288,157155762665566,43.653435616
1289,157155801051151,43.691821201
1290,157155826650411,43.717420461
1291,157155864021318,43.754791368
1292,157155896677891,43.787447941
1293,157155934525359,43.825295409
1294,157155965382220,43.856152270
1295,157156006285784,43.897055834
1296,157156032090369,43.922860419
1297,157156062380105,43.953150155
1298,157156100869369,43.991639419
1299,157156138698726,44.029468776
1300,157156167353149,44.058123199
1301,157156199039112,44.089809162
1302,157156235981680,44.126751730
1303,157156278411776,44.169181826
1304,157156303019594,44.193789644
1305,157156340522832,44.231292882
1306,157156371169781,44.261939831
1307,157156410123007,44.300893057
1308,157156438322737,44.329092787
1309,157156470408910,44.361178960
1310,157156512930728,44.403700778
1311,157156550600309,44.441370359
1312,157156577591369,44.468361419
1313,157156609059210,44.499829260
1314,157156643526617,44.534296667
1315,157156693733252,44.584503302
1316,157156718274517,44.609044567
1317,157156742213387,44.632983437
1318,157156778256422,44.669026472
1319,157156820733630,44.711503680
1320,157156842289318,44.733059368
1321,157156878644833,44.769414883
1322,157156914530769,44.805300819
1323,157156953504794,44.844274844
1324,157156978364354,44.869134404
1325,157157019296663,44.910066713
1326,157157046326727,44.937096777
1327,157157092763486,44.983533536
1328,157157114439071,45.005209121
1329,157157154699662,45.045469712
1330,157157184625647,45.075395697
1331,157157221238789,45.112008839
1332,157157254402551,45.145172601
1333,157157290694065,45.181464115
1334,157157319596351,45.210366401
1335,157157361889441,45.252659491
1336,157157389618268,45.280388318
1337,157157419387308,45.310157358
1338,157157460708402,45.351478452
1339,157157507265434,45.398035484
1340,157157528539745,45.419309795
1341,157157555089205,45.445859255
1342,157157592283595,45.483053645
1343,157157634355129,45.525125179
1344,157157661564285,45.552334335
1345,157157693751181,45.584521231
1346,157157731925666,45.622695716
1347,157157773966743,45.664736793
1348,157157798275969,45.689046019
1349,157157826837250,45.717607300
1350,157157863353850,45.754123900
1351,157157902268467,45.793038517
1352,157157930391273,45.821161323
1353,157157963045245,45.853815295
1354,157157995853730,45.886623780
1355,157158039553723,45.930323773
1356,157158071967978,45.962738028
1357,157158098338332,45.989108382
1358,157158130660484,46.021430534
1359,157158171326955,46.062097005
1360,157158201633449,46.092403499
1361,157158238710186,46.129480236
1362,157158266851577,46.157621627
1363,157158302675902,46.193445952
1364,157158339287993,46.230058043
1365,157158372188331,46.262958381
1366,157158402610657,46.293380707
1367,157158438476233,46.329246283
1368,157158471018590,46.361788640
1369,157158508467243,46.399237293
1370,157158538939449,46.429709499
1371,157158579867636,46.470637686
1372,157158606719090,46.497489140
1373,157158649920412,46.540690462
1374,157158674457994,46.565228044
1375,157158708887071,46.599657121
1376,157158743484933,46.634254983
1377,157158774565419,46.665335469
1378,157158818286634,46.709056684
1379,157158860755903,46.751525953
1380,157158884086257,46.774856307
1381,157158910306720,46.801076770
1382,157158949539375,46.840309425
1383,157159000619494,46.891389544
1384,157159022935214,46.913705264
1385,157159046626987,46.937397037
1386,157159083309709,46.974079759
1387,157159122393674,47.013163724
1388,157159151323769,47.042093819
1389,157159182565564,47.073335614
1390,157159218366464,47.109136514
1391,157159256811871,47.147581921
1392,157159286743641,47.177513691
1393,157159320086549,47.210856599
1394,157159354966256,47.245736306
1395,157159408680558,47.299450608
1396,157159433325718,47.324095768
1397,157159455201624,47.345971674
1398,157159486794600,47.377564650
1399,157159524479170,47.415249220
1400,157159559972846,47.450742896
1401,157159596796348,47.487566398
1402,157159623142738,47.513912788
1403,157159663256433,47.554026483
1404,157159690810226,47.581580276
1405,157159729970501,47.620740551
1406,157159759075423,47.649845473
1407,157159799577068,47.690347118
1408,157159828024655,47.718794705
1409,157159863420644,47.754190694
1410,157159895501762,47.786271812
1411,157159932262415,47.823032465
1412,157159964005599,47.854775649
1413,157159997227127,47.887997177
1414,157160037252724,47.928022774
1415,157160088892072,47.979662122
1416,157160112405607,48.003175657
1417,157160131731419,48.022501469
1418,157160168159569,48.058929619
1419,157160205783681,48.096553731
1420,157160234877022,48.125647072
1421,157160269646473,48.160416523
1422,157160305362448,48.196132498
1423,157160342863712,48.233633762
1424,157160371642101,48.262412151
1425,157160409117109,48.299887159
1426,157160439493571,48.330263621
1427,157160483336755,48.374106805
1428,157160506708850,48.397478900
1429,157160539408672,48.430178722
1430,157160574890942,48.465660992
1431,157160613761449,48.504531499
1432,157160638657773,48.529427823
1433,157160678387877,48.569157927
1434,157160706808543,48.597578593
1435,157160748792621,48.639562671
1436,157160777847131,48.668617181
1437,157160818236118,48.709006168
1438,157160844450056,48.735220106
1439,157160899717620,48.790487670
1440,157160924538392,48.815308442
1441,157160946756345,48.837526395
1442,157160978701496,48.869471546
1443,157161016994793,48.907764843
1444,157161046517498,48.937287548
1445,157161090178076,48.980948126
1446,157161119803235,49.010573285
1447,157161161445772,49.052215822
1448,157161184218273,49.074988323
1449,157161225971615,49.116741665
1450,157161250800137,49.141570187
1451,157161287080499,49.177850549
1452,157161321630645,49.212400695
1453,157161353240794,49.244010844
1454,157161388482244,49.279252294
1455,157161424868036,49.315638086
1456,157161455321974,49.346092024
1457,157161487483207,49.378253257
1458,157161525226344,49.415996394
1459,157161563261220,49.454031270
1460,157161590642624,49.481412674
1461,157161628916881,49.519686931
1462,157161660255449,49.551025499
1463,157161701545526,49.592315576
1464,157161730810774,49.621580824
1465,157161762094565,49.652864615
1466,157161799397241,49.690167291
1467,157161845076908,49.735846958
1468,157161869479360,49.760249410
1469,157161894710389,49.785480439
1470,157161926920968,49.817691018
1471,157161976158608,49.866928658
1472,157161998910556,49.889680606
1473,157162038735680,49.929505730
1474,157162066861599,49.957631649
1475,157162114379113,50.005149163
1476,157162137094264,50.027864314
1477,157162167306170,50.058076220
1478,157162201023686,50.091793736
1479,157162255495377,50.146265427
1480,157162278856127,50.169626177
1481,157162303598528,50.194368578
1482,157162335711644,50.226481694
1483,157162384657917,50.275427967
1484,157162408043027,50.298813077
1485,157162444379348,50.335149398
1486,157162470682794,50.361452844
1487,157162510012721,50.400782771
1488,157162538752869,50.429522919
1489,157162570734599,50.461504649
1490,157162612123831,50.502893881
1491,157162651862481,50.542632531
1492,157162675976641,50.566746691
1493,157162706530559,50.597300609
1494,157162749622329,50.640392379
1495,157162796289559,50.687059609
1496,157162816017567,50.706787617
1497,157162842782697,50.733552747
1498,157162880750732,50.771520782
1499,157162917495902,50.808265952
1500,157162951418951,50.842189001
1501,157162983288621,50.874058671
1502,157163017896209,50.908666259
1503,157163061662915,50.952432965
1504,157163083896525,50.974666575
1505,157163116422679,51.007192729
1506,157163152334193,51.043104243
1507,157163195549502,51.086319552
1508,157163217984212,51.108754262
1509,157163252037940,51.142807990
1510,157163283038266,51.173808316
1511,157163320258292,51.211028342
1512,157163362748993,51.253519043
1513,157163387841797,51.278611847
1514,157163421425800,51.312195850
1515,157163461034642,51.351804692
1516,157163486680133,51.377450183
1517,157163523145951,51.413916001
1518,157163556929747,51.447699797
1519,157163593033931,51.483803981
1520,157163628269480,51.519039530
1521,157163672615100,51.563385150
1522,157163695276490,51.586046540
1523,157163731292476,51.622062526
1524,157163759817488,51.650587538
1525,157163799499854,51.690269904
1526,157163826755645,51.717525695
1527,157163859089293,51.749859343
1528,157163897468801,51.788238851
1529,157163932266219,51.823036269
1530,157163962801882,51.853571932
1531,157163996534209,51.887304259
1532,157164033254833,51.924024883
1533,157164078125166,51.968895216
1534,157164100022461,51.990792511
1535,157164130643286,52.021413336
1536,157164168833841,52.059603891
1537,157164206745028,52.097515078
1538,157164237488371,52.128258421
1539,157164269613795,52.160383845
1540,157164310312798,52.201082848
1541,157164351591428,52.242361478
1542,157164378834284,52.269604334
1543,157164402977327,52.293747377
1544,157164446080823,52.336850873
1545,157164492906267,52.383676317
1546,157164515242666,52.406012716
1547,157164538789630,52.429559680
1548,157164572481962,52.463252012
1549,157164614203963,52.504974013
1550,157164638808759,52.529578809
1551,157164677347913,52.568117963
1552,157164711332851,52.602102901
1553,157164749364942,52.640134992
1554,157164774825975,52.665596025
1555,157164818294776,52.709064826
1556,157164842927142,52.733697192
1557,157164885773702,52.776543752
1558,157164911178155,52.801948205
1559,157164954305075,52.845075125
1560,157164978865484,52.869635534
1561,157165019951457,52.910721507
1562,157165046984469,52.937754519
1563,157165089708088,52.980478138
1564,157165115221427,53.005991477
1565,157165158380397,53.049150447
1566,157165183046986,53.073817036
1567,157165215054635,53.105824685
1568,157165251350888,53.142120938
1569,157165287639462,53.178409512
1570,157165320992728,53.211762778
1571,157165355442464,53.246212514
1572,157165391691331,53.282461381
1573,157165429810873,53.320580923
1574,157165454882015,53.345652065
1575,157165490848767,53.381618817
1576,157165525446675,53.416216725
1577,157165561383734,53.452153784
1578,157165591503972,53.482274022
1579,157165625448073,53.516218123
1580,157165659854988,53.550625038
1581,157165695903170,53.586673220
1582,157165729285636,53.620055686
1583,157165762234335,53.653004385
1584,157165792150521,53.682920571
1585,157165831066118,53.721836168
1586,157165859445207,53.750215257
1587,157165903108523,53.793878573
1588,157165926904004,53.817674054
1589,157165963616223,53.854386273
1590,157165997122552,53.887892602
1591,157166038262192,53.929032242
1592,157166062883611,53.953653661
1593,157166101652638,53.992422688
1594,157166131817729,54.022587779
1595,157166170134972,54.060905022
1596,157166198968441,54.089738491
1597,157166236217006,54.126987056
1598,157166267083668,54.157853718
1599,157166306351509,54.197121559
1600,157166335934502,54.226704552
1601,157166395043711,54.285813761
1602,157166419763683,54.310533733
1603,157166440126141,54.330896191
1604,157166472433025,54.363203075
1605,157166512647868,54.403417918
1606,157166539998797,54.430768847
1607,157166572505065,54.463275115
1608,157166614504081,54.505274131
1609,157166656645224,54.547415274
1610,157166679416885,54.570186935
1611,157166708103720,54.598873770
1612,157166750458261,54.641228311
1613,157166795744879,54.686514929
1614,157166818754839,54.709524889
1615,157166843384927,54.734154977
1616,157166881508842,54.772278892
1617,157166923712190,54.814482240
1618,157166947765204,54.838535254
1619,157166982633658,54.873403708
1620,157167017058173,54.907828223
1621,157167054325138,54.945095188
1622,157167079133354,54.969903404
1623,157167121638300,55.012408350
1624,157167150772691,55.041542741
1625,157167194802471,55.085572521
1626,157167219355916,55.110125966
1627,157167255346559,55.146116609
1628,157167283033740,55.173803790
1629,157167319394265,55.210164315
1630,157167353313889,55.244083939
1631,157167388555456,55.279325506
1632,157167419916219,55.310686269
1633,157167454759585,55.345529635
1634,157167491352086,55.382122136
1635,157167527932841,55.418702891
1636,157167557666722,55.448436772
1637,157167594671159,55.485441209
1638,157167626935092,55.517705142
1639,157167660769930,55.551539980
1640,157167691626861,55.582396911
1641,157167726642804,55.617412854
1642,157167762706247,55.653476297
1643,157167797294769,55.688064819
1644,157167833620233,55.724390283
1645,157167888524405,55.779294455
1646,157167910456177,55.801226227
1647,157167930177315,55.820947365
1648,157167965917438,55.856687488
1649,157168005935798,55.896705848
1650,157168031663270,55.922433320
1651,157168064516847,55.955286897
1652,157168101151619,55.991921669
1653,157168142187797,56.032957847
1654,157168166733590,56.057503640
1655,157168200180551,56.090950601
1656,157168237173739,56.127943789
1657,157168291927069,56.182697119
1658,157168314663049,56.205433099
1659,157168336015207,56.226785257
1660,157168374464317,56.265234367
1661,157168422781006,56.313551056
1662,157168444595354,56.335365404
1663,157168470843354,56.361613404
1664,157168507366770,56.398136820
1665,157168544426252,56.435196302
1666,157168571658928,56.462428978
1667,157168609472577,56.500242627
1668,157168643925175,56.534695225
1669,157168700267730,56.591037780
1670,157168723842567,56.614612617
1671,157168742914096,56.633684146
1672,157168778876119,56.669646169
1673,157168818446870,56.709216920
1674,157168846288686,56.737058736
1675,157168881739426,56.772509476
1676,157168913709018,56.804479068
1677,157168957292438,56.848062488
1678,157168980261559,56.871031609
1679,157169017688158,56.908458208
1680,157169047368313,56.938138363
1681,157169090157922,56.980927972
1682,157169117294477,57.008064527
1683,157169147440422,57.038210472
1684,157169187149271,57.077919321
1685,157169245345741,57.136115791
1686,157169273151982,57.163922032
1687,157169294353286,57.185123336
1688,157169318969835,57.209739885
1689,157169363331063,57.254101113
1690,157169386832430,57.277602480
1691,157169420386446,57.311156496
1692,157169460428651,57.351198701
1693,157169505206379,57.395976429
1694,157169526514280,57.417284330
1695,157169554915894,57.445685944
1696,157169593399936,57.484169986
1697,157169637311991,57.528082041
1698,157169661026401,57.551796451
1699,157169696133826,57.586903876
1700,157169727824226,57.618594276
1701,157169773381789,57.664151839
1702,157169794544050,57.685314100
1703,157169832282614,57.723052664
1704,157169859788245,57.750558295
1705,157169895447434,57.786217484
1706,157169929621775,57.820391825
1707,157169963446659,57.854216709
1708,157169999376764,57.890146814
1709,157170040949276,57.931719326
1710,157170072763969,57.963534019
1711,157170099516530,57.990286580
1712,157170132303025,58.023073075
1713,157170170688414,58.061458464
1714,157170199337133,58.090107183
1715,157170238715280,58.129485330
1716,157170268509180,58.159279230
1717,157170306777829,58.197547879
1718,157170335749046,58.226519096
1719,157170370747429,58.261517479
1720,157170406831730,58.297601780
1721,157170443802662,58.334572712
1722,157170471339835,58.362109885
1723,157170508995100,58.399765150
1724,157170541112791,58.431882841
1725,157170588045828,58.478815878
1726,157170609262728,58.500032778
1727,157170638801879,58.529571929
1728,157170677931579,58.568701629
1729,157170717653816,58.608423866
1730,157170742795582,58.633565632
1731,157170777367922,58.668137972
1732,157170815481437,58.706251487
1733,157170857386675,58.748156725
1734,157170882498961,58.773269011
1735,157170912399900,58.803169950
1736,157170950821738,58.841591788
1737,157170997780524,58.888550574
1738,157171020391193,58.911161243
1739,157171047651375,58.938421425
1740,157171080252987,58.971023037
1741,157171120999865,59.011769915
1742,157171146974763,59.037744813
1743,157171189076753,59.079846803
1744,157171216798034,59.107568084
1745,157171259996430,59.150766480
1746,157171284691008,59.175461058
1747,157171319607540,59.210377590
1748,157171351693762,59.242463812
1749,157171393436879,59.284206929
1750,157171419320114,59.310090164
1751,157171460260509,59.351030559
1752,157171487629985,59.378400035
1753,157171524442532,59.415212582
1754,157171555575313,59.446345363
1755,157171592677431,59.483447481
1756,157171628143900,59.518913950
1757,157171673710928,59.564480978
1758,157171697022991,59.587793041
1759,157171725019103,59.615789153
1760,157171761221100,59.651991150
1761,157171799952634,59.690722684
1762,157171839889672,59.730659722
1763,157171871605873,59.762375923
1764,157171895078458,59.785848508
1765,157171928454447,59.819224497
1766,157171965981025,59.856751075
1767,157172001053865,59.891823915
1768,157172032950812,59.923720862
1769,157172063771113,59.954541163
1770,157172101707973,59.992478023
1771,157172139182788,60.029952838
1772,157172169298189,60.060068239
1773,157172201424555,60.092194605
1774,157172242399923,60.133169973
1775,157172293208917,60.183978967
1776,157172316960505,60.207730555
1777,157172336036801,60.226806851
1778,157172367136620,60.257906670
1779,157172409208286,60.299978336
1780,157172435477047,60.326247097
1781,157172471486411,60.362256461
1782,157172503860640,60.394630690
1783,157172550480889,60.441250939
1784,157172575728487,60.466498537
1785,157172608577539,60.499347589
1786,157172644063938,60.534833988
1787,157172697786566,60.588556616
1788,157172722436679,60.613206729
1789,157172744823565,60.635593615
1790,157172778431108,60.669201158
1791,157172817655420,60.708425470
1792,157172843371578,60.734141628
1793,157172882414269,60.773184319
1794,157172915084717,60.805854767
1795,157172966675966,60.857446016
1796,157172991635307,60.882405357
1797,157173018973899,60.909743949
1798,157173048820611,60.939590661
1799,157173090419540,60.981189590
1800,157173116310975,61.007081025
1801,157173156112619,61.046882669
1802,157173189290945,61.080060995
1803,157173229282537,61.120052587
1804,157173254529635,61.145299685
1805,157173289818808,61.180588858
1806,157173322267887,61.213037937
1807,157173362069568,61.252839618
1808,157173388241111,61.279011161
1809,157173421895842,61.312665892
1810,157173461617787,61.352387837
1811,157173504127140,61.394897190
1812,157173525897949,61.416667999
1813,157173558153746,61.448923796
1814,157173587660038,61.478430088
1815,157173623270043,61.514040093
1816,157173660751909,61.551521959
1817,157173692492426,61.583262476
1818,157173726614473,61.617384523
1819,157173769860101,61.660630151
1820,157173792462021,61.683232071
1821,157173831781497,61.722551547
1822,157173859152125,61.749922175
1823,157173894980718,61.785750768
1824,157173928257575,61.819027625
1825,157173965745226,61.856515276
1826,157173998843622,61.889613672
1827,157174047331405,61.938101455
1828,157174071759157,61.962529207
1829,157174099265957,61.990036007
1830,157174131674100,62.022444150
1831,157174183216586,62.073986636
1832,157174207265551,62.098035601
1833,157174235204346,62.125974396
1834,157174267193205,62.157963255
1835,157174305799301,62.196569351
1836,157174339932152,62.230702202
1837,157174369605161,62.260375211
1838,157174406607998,62.297378048
1839,157174446259517,62.337029567
1840,157174472253361,62.363023411
1841,157174504921953,62.395692003
1842,157174547036084,62.437806134
1843,157174600871431,62.491641481
1844,157174621198999,62.511969049
1845,157174639410517,62.530180567
1846,157174678949141,62.569719191
1847,157174717404140,62.608174190
1848,157174743243440,62.634013490
1849,157174778181723,62.668951773
1850,157174813668031,62.704438081
1851,157174855094027,62.745864077
1852,157174877908754,62.768678804
1853,157174918618377,62.809388427
1854,157174950460761,62.841230811
1855,157175000206816,62.890976866
1856,157175023282578,62.914052628
1857,157175051362688,62.942132738
1858,157175083116286,62.973886336
1859,157175118381363,63.009151413
1860,157175152265845,63.043035895
1861,157175188948728,63.079718778
1862,157175215661360,63.106431410
1863,157175252435993,63.143206043
1864,157175287296841,63.178066891
1865,157175319137089,63.209907139
1866,157175351408003,63.242178053
1867,157175389341036,63.280111086
1868,157175421299355,63.312069405
1869,157175461701533,63.352471583
1870,157175487018360,63.377788410
1871,157175522636624,63.413406674
1872,157175555937840,63.446707890
1873,157175592764199,63.483534249
1874,157175628594519,63.519364569
1875,157175672307463,63.563077513
1876,157175695846555,63.586616605
1877,157175725296282,63.616066332
1878,157175762651395,63.653421445
1879,157175806711424,63.697481474
1880,157175829314409,63.720084459
1881,157175859559641,63.750329691
1882,157175896565502,63.787335552
1883,157175941638754,63.832408804
1884,157175968426383,63.859196433
1885,157175995661597,63.886431647
1886,157176032634998,63.923405048
1887,157176075986149,63.966756199
1888,157176102222982,63.992993032
1889,157176138169436,64.028939486
1890,157176171585956,64.062356006
1891,157176213153848,64.103923898
1892,157176234224188,64.124994238
1893,157176270795464,64.161565514
1894,157176299886434,64.190656484
1895,157176341523714,64.232293764
1896,157176367966189,64.258736239
1897,157176406221940,64.296991990
1898,157176438587766,64.329357816
1899,157176485852006,64.376622056
1900,157176508847722,64.399617772
1901,157176539807714,64.430577764
1902,157176571461394,64.462231444
1903,157176609799284,64.500569334
1904,157176641491413,64.532261463
1905,157176680354403,64.571124453
1906,157176709813817,64.600583867
1907,157176752259655,64.643029705
1908,157176776346741,64.667116791
1909,157176816777474,64.707547524
1910,157176843258528,64.734028578
1911,157176883263565,64.774033615
1912,157176911517660,64.802287710
1913,157176944594826,64.835364876
1914,157176984757144,64.875527194
1915,157177025939836,64.916709886
1916,157177050177055,64.940947105
1917,157177081602340,64.972372390
1918,157177121353536,65.012123586
1919,157177164485296,65.055255346
1920,157177187660116,65.078430166
1921,157177217942678,65.108712728
1922,157177258487057,65.149257107
1923,157177313700714,65.204470764
1924,157177334169695,65.224939745
1925,157177357044982,65.247815032
1926,157177387498409,65.278268459
1927,157177428965827,65.319735877
1928,157177455970069,65.346740119
1929,157177487746923,65.378516973
1930,157177519947458,65.410717508
1931,157177559365101,65.450135151
1932,157177587385501,65.478155551
1933,157177629892684,65.520662734
1934,157177655728390,65.546498440
1935,157177695182105,65.585952155
1936,157177724246454,65.615016504
1937,157177762427548,65.653197598
1938,157177795916841,65.686686891
1939,157177843537942,65.734307992
1940,157177866147632,65.756917682
1941,157177896086717,65.786856767
1942,157177935959350,65.826729400
1943,157177978113122,65.868883172
1944,157177997689952,65.888460002
1945,157178036662311,65.927432361
1946,157178067453862,65.958223912
1947,157178107602985,65.998373035
1948,157178132292357,66.023062407
1949,157178163366437,66.054136487
1950,157178204119447,66.094889497
1951,157178240407012,66.131177062
1952,157178267454527,66.158224577
1953,157178304311287,66.195081337
1954,157178339749983,66.230520033
1955,157178395293855,66.286063905
1956,157178417017089,66.307787139
1957,157178437082003,66.327852053
1958,157178475548745,66.366318795
1959,157178518826897,66.409596947
1960,157178540944787,66.431714837
1961,157178574162575,66.464932625
1962,157178613121887,66.503891937
1963,157178650672174,66.541442224
1964,157178675217654,66.565987704
1965,157178710323809,66.601093859
1966,157178745179442,66.635949492
1967,157178786996847,66.677766897
1968,157178808853144,66.699623194
1969,157178843449002,66.734219052
1970,157178875927643,66.766697693
1971,157178923489404,66.814259454
1972,157178944609404,66.835379454
1973,157178983803713,66.874573763
1974,157179011664327,66.902434377
1975,157179049525238,66.940295288
1976,157179079653867,66.970423917
1977,157179117940765,67.008710815
1978,157179151744393,67.042514443
1979,157179200548830,67.091318880
1980,157179221642143,67.112412193
1981,157179253202381,67.143972431
1982,157179284732362,67.175502412
1983,157179324354159,67.215124209
1984,157179351351695,67.242121745
1985,157179388711258,67.279481308
1986,157179422569068,67.313339118
1987,157179462037449,67.352807499
1988,157179487286411,67.378056461
1989,157179526196015,67.416966065
1990,157179558290615,67.449060665
1991,157179604099857,67.494869907
1992,157179626872840,67.517642890
1993,157179658424587,67.549194637
1994,157179693709467,67.584479517
1995,157179731225555,67.621995605
1996,157179760677743,67.651447793
1997,157179794743757,67.685513807
1998,157179828235392,67.719005442
1999,157179872719458,67.763489508
2000,157179895251074,67.786021124
2001,157179928323527,67.819093577
2002,157179964929215,67.855699265
2003,157179999041229,67.889811279
2004,157180032729496,67.923499546
2005,157180063623606,67.954393656
2006,157180096574584,67.987344634
2007,157180132103353,68.022873403
2008,157180164840726,68.055610776
2009,157180204206855,68.094976905
2010,157180236530649,68.127300699
2011,157180287492691,68.178262741
2012,157180334455719,68.225225769
2013,157180368078919,68.258848969
2014,157180395591973,68.286362023
2015,157180420424639,68.311194689
2016,157180443175391,68.333945441
2017,157180483387585,68.374157635
2018,157180506118166,68.396888216
2019,157180540449486,68.431219536
2020,157180573720733,68.464490783
2021,157180620405852,68.511175902
2022,157180645073464,68.535843514
2023,157180676989121,68.567759171
2024,157180709311339,68.600081389
2025,157180749401142,68.640171192
2026,157180775537877,68.666307927
2027,157180809662923,68.700432973
2028,157180850856057,68.741626107
2029,157180892892896,68.783662946
2030,157180914977164,68.805747214
2031,157180948418403,68.839188453
2032,157180981834761,68.872604811
2033,157181022215114,68.912985164
2034,157181047434612,68.938204662
2035,157181084811372,68.975581422
2036,157181122129214,69.012899264
2037,157181162490200,69.053260250
2038,157181183494145,69.074264195
2039,157181215905852,69.106675902
2040,157181253101871,69.143871921
2041,157181289739910,69.180509960
2042,157181322501200,69.213271250
2043,157181359647158,69.250417208
2044,157181384344807,69.275114857
2045,157181425054475,69.315824525
2046,157181453568127,69.344338177
2047,157181494925329,69.385695379
2048,157181519382639,69.410152689
2049,157181556823459,69.447593509
2050,157181590381258,69.481151308
2051,157181631183532,69.521953582
2052,157181655773524,69.546543574
2053,157181692466129,69.583236179
2054,157181723457111,69.614227161
2055,157181762264915,69.653034965
2056,157181796278404,69.687048454
2057,157181836765547,69.727535597
2058,157181860908758,69.751678808
2059,157181900230656,69.791000706
2060,157181928818423,69.819588473
2061,157181974504469,69.865274519
2062,157181997545024,69.888315074
2063,157182027416049,69.918186099
2064,157182064059223,69.954829273
2065,157182101877701,69.992647751
2066,157182134502997,70.025273047
2067,157182167477092,70.058247142
2068,157182207594420,70.098364470
2069,157182255199907,70.145969957
2070,157182279723170,70.170493220
2071,157182299561057,70.190331107
2072,157182342462649,70.233232699
2073,157182389015724,70.279785774
2074,157182409440195,70.300210245
2075,157182435565636,70.326335686
2076,157182476838504,70.367608554
2077,157182515481372,70.406251422
2078,157182539840357,70.430610407
2079,157182573522770,70.464292820
2080,157182610869133,70.501639183
2081,157182648137453,70.538907503
2082,157182671530158,70.562300208
2083,157182710179688,70.600949738
2084,157182740590614,70.631360664
2085,157182783044508,70.673814558
2086,157182808677547,70.699447597
2087,157182847576358,70.738346408
2088,157182875722287,70.766492337
2089,157182911720318,70.802490368
2090,157182944323000,70.835093050
2091,157182985624021,70.876394071
2092,157183013959957,70.904730007
2093,157183056445049,70.947215099
2094,157183080725967,70.971496017
2095,157183124043899,71.014813949
2096,157183151159028,71.041929078
2097,157183196125290,71.086895340
2098,157183216193499,71.106963549
2099,157183256806333,71.147576383
2100,157183283857854,71.174627904
2101,157183315683689,71.206453739
2102,157183354177111,71.244947161
2103,157183385929546,71.276699596
2104,157183422594802,71.313364852
2105,157183488980147,71.379750197
2106,157183512342271,71.403112321
2107,157183531804532,71.422574582
2108,157183555631151,71.446401201
2109,157183598191857,71.488961907
2110,157183625789534,71.516559584
2111,157183659431141,71.550201191
2112,157183692956195,71.583726245
2113,157183738165724,71.628935774
2114,157183768296420,71.659066470
2115,157183793407755,71.684177805
2116,157183831272216,71.722042266
2117,157183872260586,71.763030636
2118,157183896188961,71.786959011
2119,157183928845646,71.819615696
2120,157183963416214,71.854186264
2121,157184006867742,71.897637792
2122,157184028286983,71.919057033
2123,157184063828131,71.954598181
2124,157184101770624,71.992540674
2125,157184139712830,72.030482880
2126,157184164630299,72.055400349
2127,157184208281907,72.099051957
2128,157184232187758,72.122957808
2129,157184275224172,72.165994222
2130,157184300040550,72.190810600
2131,157184341517527,72.232287577
2132,157184369310472,72.260080522
2133,157184403833291,72.294603341
2134,157184441517875,72.332287925
2135,157184471935016,72.362705066
2136,157184505686538,72.396456588
2137,157184541682091,72.432452141
2138,157184572679451,72.463449501
2139,157184605857953,72.496628003
2140,157184646835935,72.537605985
2141,157184692654827,72.583424877
2142,157184718383020,72.609153070
2143,157184741365585,72.632135635
2144,157184778518283,72.669288333
2145,157184821396020,72.712166070
2146,157184844332101,72.735102151
2147,157184875579707,72.766349757
2148,157184915787441,72.806557491
2149,157184962524619,72.853294669
2150,157184985368344,72.876138394
2151,157185013405831,72.904175881
2152,157185055379031,72.946149081
2153,157185100393846,72.991163896
2154,157185122959161,73.013729211
2155,157185147866820,73.038636870
2156,157185187726649,73.078496699
2157,157185226100584,73.116870634
2158,157185249732323,73.140502373
2159,157185286950002,73.177720052
2160,157185316568992,73.207339042
2161,157185352389740,73.243159790
2162,157185383913773,73.274683823
2163,157185427446558,73.318216608
2164,157185453156832,73.343926882
2165,157185505368363,73.396138413
2166,157185524788566,73.415558616
2167,157185555627063,73.446397113
2168,157185588274160,73.479044210
2169,157185624449855,73.515219905
2170,157185660435076,73.551205126
2171,157185694807196,73.585577246
2172,157185728131167,73.618901217
2173,157185769127476,73.659897526
2174,157185795615128,73.686385178
2175,157185835932931,73.726702981
2176,157185860364453,73.751134503
2177,157185895817546,73.786587596
2178,157185931219160,73.821989210
2179,157185963579305,73.854349355
2180,157185997486719,73.888256769
2181,157186034374450,73.925144500
2182,157186066966421,73.957736471
2183,157186097235517,73.988005567
2184,157186134793368,74.025563418
2185,157186182162747,74.072932797
2186,157186205213305,74.095983355
2187,157186231642109,74.122412159
2188,157186269421180,74.160191230
2189,157186314562877,74.205332927
2190,157186336216660,74.226986710
2191,157186367627145,74.258397195
2192,157186410442555,74.301212605
2193,157186459744482,74.350514532
2194,157186490254799,74.381024849
2195,157186514467002,74.405237052
2196,157186540555335,74.431325385
2197,157186588899687,74.479669737
2198,157186609896001,74.500666051
2199,157186639878567,74.530648617
2200,157186674626526,74.565396576
2201,157186722042380,74.612812430
2202,157186746011969,74.636782019
2203,157186776460183,74.667230233
2204,157186813321656,74.704091706
2205,157186858605686,74.749375736
2206,157186886995395,74.777765445
2207,157186916582494,74.807352544
2208,157186944016533,74.834786583
2209,157186987504002,74.878274052
2210,157187012005911,74.902775961
2211,157187049925541,74.940695591
2212,157187081771594,74.972541644
2213,157187124075600,75.014845650
2214,157187147826352,75.038596402
2215,157187186120390,75.076890440
2216,157187221817258,75.112587308
2217,157187261947137,75.152717187
2218,157187284743934,75.175513984
2219,157187315873749,75.206643799
2220,157187355199200,75.245969250
2221,157187398915729,75.289685779
2222,157187421285221,75.312055271
2223,157187451849240,75.342619290
2224,157187487829304,75.378599354
2225,157187535174232,75.425944282
2226,157187557562237,75.448332287
2227,157187592042345,75.482812395
2228,157187624994309,75.515764359
2229,157187661657523,75.552427573
2230,157187693068381,75.583838431
2231,157187727633827,75.618403877
2232,157187762910158,75.653680208
2233,157187802045633,75.692815683
2234,157187827821516,75.718591566
2235,157187861041925,75.751811975
2236,157187896768567,75.787538617
2237,157187935527047,75.826297097
2238,157187960054067,75.850824117
2239,157187995892801,75.886662851
2240,157188028279729,75.919049779
2241,157188075062544,75.965832594
2242,157188102141012,75.992911062
2243,157188133021960,76.023792010
2244,157188165403682,76.056173732
2245,157188209568056,76.100338106
2246,157188231814703,76.122584753
2247,157188268288689,76.159058739
2248,157188301318526,76.192088576
2249,157188336030161,76.226800211
2250,157188368871263,76.259641313
2251,157188410975816,76.301745866
2252,157188435920664,76.326690714
2253,157188479394012,76.370164062
2254,157188504220419,76.394990469
2255,157188535674836,76.426444886
2256,157188575438428,76.466208478
2257,157188614643059,76.505413109
2258,157188639757182,76.530527232
2259,157188671898659,76.562668709
2260,157188716450261,76.607220311
2261,157188754215540,76.644985590
2262,157188793336486,76.684106536
2263,157188817754926,76.708524976
2264,157188844572262,76.735342312
2265,157188878857328,76.769627378
2266,157188914193272,76.804963322
2267,157188952121627,76.842891677
2268,157188980018245,76.870788295
2269,157189013515140,76.904285190
2270,157189049696594,76.940466644
2271,157189090921286,76.981691336
2272,157189116355361,77.007125411
2273,157189150463835,77.041233885
2274,157189180925772,77.071695822
2275,157189217668352,77.108438402
2276,157189248278220,77.139048270
2277,157189286094734,77.176864784
2278,157189316510939,77.207280989
2279,157189351954507,77.242724557
2280,157189384007522,77.274777572
2281,157189421815777,77.312585827
2282,157189453300042,77.344070092
2283,157189506848421,77.397618471
2284,157189532173330,77.422943380
2285,157189559101015,77.449871065
2286,157189590224983,77.480995033
2287,157189632903579,77.523673629
2288,157189657410583,77.548180633
2289,157189692321787,77.583091837
2290,157189724163801,77.614933851
2291,157189765191719,77.655961769
2292,157189793596703,77.684366753
2293,157189826204835,77.716974885
2294,157189864664652,77.755434702
2295,157189908697305,77.799467355
2296,157189931736083,77.822506133
2297,157189960184642,77.850954692
2298,157189998363584,77.889133634
2299,157190036760612,77.927530662
2300,157190064048674,77.954818724
2301,157190097455826,77.988225876
2302,157190134271554,78.025041604
2303,157190174372453,78.065142503
2304,157190201612420,78.092382470
2305,157190238524209,78.129294259
2306,157190272250191,78.163020241
2307,157190313371727,78.204141777
2308,157190336911183,78.227681233
2309,157190371035906,78.261805956
2310,157190405981040,78.296751090
2311,157190451006659,78.341776709
2312,157190476896570,78.367666620
2313,157190503932640,78.394702690
2314,157190536764367,78.427534417
2315,157190579730793,78.470500843
2316,157190604202344,78.494972394
2317,157190648160770,78.538930820
2318,157190672379822,78.563149872
2319,157190709436156,78.600206206
2320,157190742121273,78.632891323
2321,157190779655287,78.670425337
2322,157190809925009,78.700695059
2323,157190856436692,78.747206742
2324,157190881929829,78.772699879
2325,157190911869655,78.802639705
2326,157190944780589,78.835550639
2327,157190993379008,78.884149058
2328,157191018152105,78.908922155
2329,157191049428525,78.940198575
2330,157191082362662,78.973132712
2331,157191123067274,79.013837324
2332,157191148346235,79.039116285
2333,157191180268141,79.071038191
2334,157191218277119,79.109047169
2335,157191249433728,79.140203778
2336,157191289758356,79.180528406
2337,157191315917961,79.206688011
2338,157191352400173,79.243170223
2339,157191384487338,79.275257388
2340,157191423133780,79.313903830
2341,157191452823309,79.343593359
2342,157191494171719,79.384941769
2343,157191522028667,79.412798717
2344,157191559532696,79.450302746
2345,157191588107464,79.478877514
2346,157191626323464,79.517093514
2347,157191658716776,79.549486826
2348,157191698582060,79.589352110
2349,157191723816240,79.614586290
2350,157191759307014,79.650077064
2351,157191792685198,79.683455248
2352,157191825840021,79.716610071
2353,157191864242037,79.755012087
2354,157191905025942,79.795795992
2355,157191928231302,79.819001352
2356,157191962111796,79.852881846
2357,157191999148945,79.889918995
2358,157192038810392,79.929580442
2359,157192064683024,79.955453074
2360,157192100333341,79.991103391
2361,157192139941292,80.030711342
2362,157192186834521,80.077604571
2363,157192207983361,80.098753411
2364,157192231911782,80.122681832
2365,157192271653470,80.162423520
2366,157192312753667,80.203523717
2367,157192336144083,80.226914133
2368,157192369266016,80.260036066
2369,157192405694847,80.296464897
2370,157192449491947,80.340261997
2371,157192471048058,80.361818108
2372,157192504576175,80.395346225
2373,157192536088120,80.426858170
2374,157192583441056,80.474211106
2375,157192609780782,80.500550832
2376,157192642783734,80.533553784
2377,157192676331092,80.567101142
2378,157192716760120,80.607530170
2379,157192741089203,80.631859253
2380,157192778159321,80.668929371
2381,157192809722162,80.700492212
2382,157192848225031,80.738995081
2383,157192876208217,80.766978267
2384,157192920095987,80.810866037
2385,157192946386014,80.837156064
2386,157192992919556,80.883689606
2387,157193012109991,80.902880041
2388,157193044516545,80.935286595
2389,157193081797669,80.972567719
2390,157193118496963,81.009267013
2391,157193150380646,81.041150696
2392,157193182372954,81.073143004
2393,157193219710027,81.110480077
2394,157193263740920,81.154510970
2395,157193284456401,81.175226451
2396,157193316375823,81.207145873
2397,157193359635321,81.250405371
2398,157193404663159,81.295433209
2399,157193424010622,81.314780672
2400,157193452637446,81.343407496
2401,157193492581842,81.383351892
2402,157193533388744,81.424158794
2403,157193556212177,81.446982227
2404,157193588302339,81.479072389
2405,157193627791286,81.518561336
2406,157193676783671,81.567553721
2407,157193700459395,81.591229445
2408,157193727874036,81.618644086
2409,157193760120110,81.650890160
2410,157193801021239,81.691791289
2411,157193824127697,81.714897747
2412,157193863681395,81.754451445
2413,157193896859011,81.787629061
2414,157193943744875,81.834514925
2415,157193972456167,81.863226217
2416,157193996136449,81.886906499
2417,157194033889930,81.924659980
2418,157194084607348,81.975377398
2419,157194109822403,82.000592453
2420,157194132752676,82.023522726
2421,157194165429225,82.056199275
2422,157194202836865,82.093606915
2423,157194232293623,82.123063673
2424,157194270434015,82.161204065
2425,157194307012645,82.197782695
2426,157194348048037,82.238818087
2427,157194371440277,82.262210327
2428,157194400476050,82.291246100
2429,157194443914840,82.334684890
2430,157194490983598,82.381753648
2431,157194511098345,82.401868395
2432,157194536252046,82.427022096
2433,157194575711408,82.466481458
2434,157194623898136,82.514668186
2435,157194647007919,82.537777969
2436,157194672477073,82.563247123
2437,157194711125922,82.601895972
2438,157194753252455,82.644022505
2439,157194781523053,82.672293103
2440,157194810192284,82.700962334
2441,157194852121409,82.742891459
2442,157194896522454,82.787292504
2443,157194917524823,82.808294873
2444,157194944362152,82.835132202
2445,157194981067290,82.871837340
2446,157195018085883,82.908855933
2447,157195045188782,82.935958832
2448,157195085977823,82.976747873
2449,157195115302031,83.006072081
2450,157195153422526,83.044192576
2451,157195180035314,83.070805364
2452,157195219155362,83.109925412
2453,157195254852693,83.145622743
2454,157195299968224,83.190738274
2455,157195322598312,83.213368362
2456,157195353387685,83.244157735
2457,157195384757824,83.275527874
2458,157195423386262,83.314156312
2459,157195452380847,83.343150897
2460,157195489517289,83.380287339
2461,157195520387061,83.411157111
2462,157195578081355,83.468851405
2463,157195601067213,83.491837263
2464,157195625773734,83.516543784
2465,157195659604045,83.550374095
2466,157195702733152,83.593503202
2467,157195725511385,83.616281435
2468,157195759915782,83.650685832
2469,157195795144566,83.685914616
2470,157195835528018,83.726298068
2471,157195860103002,83.750873052
2472,157195896976697,83.787746747
2473,157195933059718,83.823829768
2474,157195983333171,83.874103221
2475,157196010871438,83.901641488
2476,157196036158364,83.926928414
2477,157196065008568,83.955778618
2478,157196107661123,83.998431173
2479,157196133040565,84.023810615
2480,157196167478433,84.058248483
2481,157196202769719,84.093539769
2482,157196239959424,84.130729474
2483,157196270158543,84.160928593
2484,157196301886431,84.192656481
2485,157196337055906,84.227825956
2486,157196381908394,84.272678444
2487,157196401568390,84.292338440
2488,157196438612579,84.329382629
2489,157196468750318,84.359520368
2490,157196505233572,84.396003622
2491,157196537529013,84.428299063
2492,157196576462175,84.467232225
2493,157196609027016,84.499797066
2494,157196647382764,84.538152814
2495,157196672570206,84.563340256
2496,157196710115166,84.600885216
2497,157196745978974,84.636749024
2498,157196791338354,84.682108404
2499,157196812504669,84.703274719
2500,157196849131496,84.739901546
2501,157196876802785,84.767572835
2502,157196916050378,84.806820428
2503,157196946682410,84.837452460
2504,157196977389220,84.868159270
2505,157197015334937,84.906104987
2506,157197054668384,84.945438434
2507,157197083223030,84.973993080
2508,157197114331367,85.005101417
2509,157197155180131,85.045950181
2510,157197195984673,85.086754723
2511,157197216062095,85.106832145
2512,157197260823429,85.151593479
2513,157197288496457,85.179266507
2514,157197316149003,85.206919053
2515,157197356711368,85.247481418
2516,157197388675647,85.279445697
2517,157197430254563,85.321024613
2518,157197453333077,85.344103127
2519,157197491476474,85.382246524
2520,157197523615978,85.414386028
2521,157197564292770,85.455062820
2522,157197590813021,85.481583071
2523,157197621456883,85.512226933
2524,157197662286140,85.553056190
2525,157197709764264,85.600534314
2526,157197732763915,85.623533965
2527,157197757360526,85.648130576
2528,157197793667240,85.684437290
2529,157197837269326,85.728039376
2530,157197860301755,85.751071805
2531,157197892333555,85.783103605
2532,157197931923469,85.822693519
2533,157197972714477,85.863484527
2534,157197997099288,85.887869338
2535,157198034182390,85.924952440
2536,157198065452239,85.956222289
2537,157198101603784,85.992373834
2538,157198132444988,86.023215038
2539,157198166963434,86.057733484
2540,157198202781202,86.093551252
2541,157198238329005,86.129099055
2542,157198264361433,86.155131483
2543,157198304698257,86.195468307
2544,157198332504220,86.223274270
2545,157198378272100,86.269042150
2546,157198400155707,86.290925757
2547,157198438760104,86.329530154
2548,157198468371105,86.359141155
2549,157198504340083,86.395110133
2550,157198536590117,86.427360167
2551,157198572800945,86.463570995
2552,157198604560744,86.495330794
2553,157198643265454,86.534035504
2554,157198673301809,86.564071859
2555,157198711297498,86.602067548
2556,157198740762116,86.631532166
2557,157198781369786,86.672139836
2558,157198808223683,86.698993733
2559,157198850587018,86.741357068
2560,157198880480807,86.771250857
2561,157198918427489,86.809197539
2562,157198944164350,86.834934400
2563,157198980577415,86.871347465
2564,157199018379018,86.909149068
2565,157199056644760,86.947414810
2566,157199082699406,86.973469456
2567,157199119075745,87.009845795
2568,157199152428207,87.043198257
2569,157199180200531,87.070970581
2570,157199216359262,87.107129312
2571,157199252345636,87.143115686
2572,157199284429749,87.175199799
2573,157199317085255,87.207855305
2574,157199354574530,87.245344580
2575,157199390491826,87.281261876
2576,157199424622031,87.315392081
2577,157199458152036,87.348922086
2578,157199494787144,87.385557194
2579,157199535820876,87.426590926
2580,157199559307224,87.450077274
2581,157199589189869,87.479959919
2582,157199621277974,87.512048024
2583,157199660591058,87.551361108
2584,157199688334146,87.579104196
2585,157199724647130,87.615417180
2586,157199757296383,87.648066433
2587,157199795251514,87.686021564
2588,157199828685517,87.719455567
2589,157199861282662,87.752052712
2590,157199896579699,87.787349749
2591,157199932713817,87.823483867
2592,157199960705496,87.851475546
2593,157199997842423,87.888612473
2594,157200032565054,87.923335104
2595,157200078646793,87.969416843
2596,157200108850306,87.999620356
2597,157200132026985,88.022797035
2598,157200164999424,88.055769474
2599,157200206381898,88.097151948
2600,157200232044202,88.122814252
2601,157200264447519,88.155217569
2602,157200308523745,88.199293795
2603,157200352947829,88.243717879
2604,157200377473844,88.268243894
2605,157200400262594,88.291032644
2606,157200438419805,88.329189855
2607,157200485918003,88.376688053
2608,157200506890505,88.397660555
2609,157200540563372,88.431333422
2610,157200572728905,88.463498955
2611,157200612479721,88.503249771
2612,157200640147025,88.530917075
2613,157200672695964,88.563466014
2614,157200715434986,88.606205036
2615,157200761465317,88.652235367
2616,157200787346945,88.678116995
2617,157200808163143,88.698933193
2618,157200847056385,88.737826435
2619,157200898894682,88.789664732
2620,157200918051838,88.808821888
2621,157200944503800,88.835273850
2622,157200979225533,88.869995583
2623,157201017132748,88.907902798
2624,157201046261770,88.937031820
2625,157201086984059,88.977754109
2626,157201116541411,89.007311461
2627,157201152730931,89.043500981
2628,157201180231028,89.071001078
2629,157201218761937,89.109531987
2630,157201254836045,89.145606095
2631,157201305596071,89.196366121
2632,157201327377315,89.218147365
2633,157201353972779,89.244742829
2634,157201385908340,89.276678390
2635,157201428384602,89.319154652
2636,157201455192440,89.345962490
2637,157201484729420,89.375499470
2638,157201523946294,89.414716344
2639,157201562043919,89.452813969
2640,157201588222620,89.478992670
2641,157201620367238,89.511137288
2642,157201658756503,89.549526553
2643,157201702459105,89.593229155
2644,157201727116053,89.617886103
2645,157201757158389,89.647928439
2646,157201793419811,89.684189861
2647,157201833442684,89.724212734
2648,157201861616829,89.752386879
2649,157201892567212,89.783337262
2650,157201936029808,89.826799858
2651,157201990789540,89.881559590
2652,157202012186044,89.902956094
2653,157202033504540,89.924274590
2654,157202067483416,89.958253466
2655,157202108410687,89.999180737
2656,157202130536392,90.021306442
2657,157202165199865,90.055969915
2658,157202204156361,90.094926411
2659,157202235247683,90.126017733
2660,157202265697996,90.156468046
2661,157202306848801,90.197618851
2662,157202363107887,90.253877937
2663,157202386417411,90.277187461
2664,157202408847988,90.299618038
2665,157202436425813,90.327195863
2666,157202482995899,90.373765949
2667,157202507189923,90.397959973
2668,157202537647610,90.428417660
2669,157202574945646,90.465715696
2670,157202613490049,90.504260099
2671,157202641082550,90.531852600
2672,157202672316585,90.563086635
2673,157202710618887,90.601388937
2674,157202763633213,90.654403263
2675,157202786293114,90.677063164
2676,157202808344498,90.699114548
2677,157202844376352,90.735146402
2678,157202889559737,90.780329787
2679,157202911506758,90.802276808
2680,157202944780451,90.835550501
2681,157202979073023,90.869843073
2682,157203026962728,90.917732778
2683,157203056768167,90.947538217
2684,157203082151094,90.972921144
2685,157203113054221,91.003824271
2686,157203170325685,91.061095735
2687,157203193606915,91.084376965
2688,157203216396739,91.107166789
2689,157203261794616,91.152564666
2690,157203290533214,91.181303264
2691,157203316406108,91.207176158
2692,157203354338922,91.245108972
2693,157203385558878,91.276328928
2694,157203416539511,91.307309561
2695,157203454078719,91.344848769
2696,157203484408172,91.375178222
2697,157203526161167,91.416931217
2698,157203561469107,91.452239157
2699,157203588912548,91.479682598
2700,157203621235553,91.512005603
2701,157203659137204,91.549907254
2702,157203699199183,91.589969233
2703,157203724456919,91.615226969
2704,157203759532104,91.650302154
2705,157203793824476,91.684594526
2706,157203831476912,91.722246962
2707,157203860988987,91.751759037
2708,157203893117533,91.783887583
2709,157203936810413,91.827580463
2710,157203986773699,91.877543749
2711,157204010121018,91.900891068
2712,157204031182006,91.921952056
2713,157204067051666,91.957821716
2714,157204108051191,91.998821241
2715,157204130660189,92.021430239
2716,157204166014004,92.056784054
2717,157204197599687,92.088369737
2718,157204238841277,92.129611327
2719,157204265269946,92.156039996
2720,157204303252589,92.194022639
2721,157204339634060,92.230404110
2722,157204399057251,92.289827301
2723,157204421595616,92.312365666
2724,157204441076968,92.331847018
2725,157204468788802,92.359558852
2726,157204509607567,92.400377617
2727,157204536728367,92.427498417
2728,157204572931684,92.463701734
2729,157204604670167,92.495440217
2730,157204667016160,92.557786210
2731,157204692161571,92.582931621
2732,157204714815093,92.605585143
2733,157204740959621,92.631729671
2734,157204795774475,92.686544525
2735,157204819362158,92.710132208
2736,157204842284350,92.733054400
2737,157204888970136,92.779740186
2738,157204910786282,92.801556332
2739,157204944610673,92.835380723
2740,157204983629514,92.874399564
2741,157205012455154,92.903225204
2742,157205049120957,92.939891007
2743,157205082188713,92.972958763
2744,157205119602731,93.010372781
2745,157205148845827,93.039615877
2746,157205181072655,93.071842705
2747,157205224274494,93.115044544
2748,157205268857784,93.159627834
2749,157205295583953,93.186354003
2750,157205316728929,93.207498979
2751,157205354336544,93.245106594
2752,157205393485266,93.284255316
2753,157205417048868,93.307818918
2754,157205461576739,93.352346789
2755,157205485011342,93.375781392
2756,157205526381322,93.417151372
2757,157205552756917,93.443526967
2758,157205591475234,93.482245284
2759,157205625380902,93.516150952
2760,157205671782602,93.562552652
2761,157205691607994,93.582378044
2762,157205728298043,93.619068093
2763,157205756736689,93.647506739
2764,157205793865324,93.684635374
2765,157205824375792,93.715145842
2766,157205863584056,93.754354106
2767,157205910163916,93.800933966
2768,157205931070780,93.821840830
2769,157205961108500,93.851878550
2770,157205998093325,93.888863375
2771,157206028772701,93.919542751
2772,157206062409512,93.953179562
2773,157206107496450,93.998266500
2774,157206137829344,94.028599394
2775,157206164808255,94.055578305
2776,157206196673265,94.087443315
2777,157206235052856,94.125822906
2778,157206281176654,94.171946704
2779,157206303916345,94.194686395
2780,157206335305064,94.226075114
2781,157206376094951,94.266865001
2782,157206400561775,94.291331825
2783,157206438925506,94.329695556
2784,157206469842667,94.360612717
2785,157206509130817,94.399900867
2786,157206536718483,94.427488533
2787,157206575793328,94.466563378
2788,157206610323702,94.501093752
2789,157206648777563,94.539547613
2790,157206673940493,94.564710543
2791,157206709839304,94.600609354
2792,157206746123901,94.636893951
2793,157206788149399,94.678919449
2794,157206811814838,94.702584888
2795,157206842972216,94.733742266
2796,157206878579458,94.769349508
2797,157206920961721,94.811731771
2798,157206945043539,94.835813589
2799,157206976957520,94.867727570
2800,157207016041642,94.906811692
2801,157207057701629,94.948471679
2802,157207081747774,94.972517824
2803,157207113936338,95.004706388
2804,157207151213103,95.041983153
2805,157207181581759,95.072351809
2806,157207218475540,95.109245590
2807,157207249721487,95.140491537
2808,157207295772588,95.186542638
2809,157207319158639,95.209928689
2810,157207352602202,95.243372252
2811,157207388830420,95.279600470
2812,157207429907100,95.320677150
2813,157207452811637,95.343581687
2814,157207485467950,95.376238000
2815,157207520517575,95.411287625
2816,157207553387541,95.444157591
2817,157207588950190,95.479720240
2818,157207620938113,95.511708163
2819,157207656732986,95.547503036
2820,157207689274226,95.580044276
2821,157207732917457,95.623687507
2822,157207760037267,95.650807317
2823,157207792520217,95.683290267
2824,157207825999549,95.716769599
2825,157207871619901,95.762389951
2826,157207894883036,95.785653086
2827,157207934799179,95.825569229
2828,157207963349209,95.854119259
2829,157208006047969,95.896818019
2830,157208028782430,95.919552480
2831,157208065044929,95.955814979
2832,157208097974932,95.988744982
2833,157208136735133,96.027505183
2834,157208168051428,96.058821478
2835,157208202450353,96.093220403
2836,157208234610884,96.125380934
2837,157208280650296,96.171420346
2838,157208304132811,96.194902861
2839,157208333416220,96.224186270
2840,157208368867164,96.259637214
2841,157208414838620,96.305608670
2842,157208440069687,96.330839737
2843,157208469089342,96.359859392
2844,157208507338155,96.398108205
2845,157208549712773,96.440482823
2846,157208577696413,96.468466463
2847,157208606542050,96.497312100
2848,157208637358190,96.528128240
2849,157208689055699,96.579825749
2850,157208711050731,96.601820781
2851,157208741788137,96.632558187
2852,157208772697066,96.663467116
2853,157208811435157,96.702205207
2854,157208840715711,96.731485761
2855,157208876874518,96.767644568
2856,157208914279864,96.805049914
2857,157208945129251,96.835899301
2858,157208988393709,96.879163759
2859,157209017814141,96.908584191
2860,157209044756112,96.935526162
2861,157209083307477,96.974077527
2862,157209118879211,97.009649261
2863,157209153725656,97.044495706
2864,157209182210826,97.072980876
2865,157209219652950,97.110423000
2866,157209258047778,97.148817828
2867,157209284617852,97.175387902
2868,157209323217584,97.213987634
2869,157209355403319,97.246173369
2870,157209401054672,97.291824722
2871,157209424711270,97.315481320
2872,157209457411313,97.348181363
2873,157209486185686,97.376955736
2874,157209526922278,97.417692328
2875,157209554672577,97.445442627
2876,157209597360313,97.488130363
2877,157209623853245,97.514623295
2878,157209676581183,97.567351233
2879,157209701035456,97.591805506
2880,157209725722036,97.616492086
2881,157209758051506,97.648821556
2882,157209804940894,97.695710944
2883,157209826138769,97.716908819
2884,157209862214727,97.752984777
2885,157209895240382,97.786010432
2886,157209935846070,97.826616120
2887,157209961423533,97.852193583
2888,157209993741586,97.884511636
2889,157210033782371,97.924552421
2890,157210087886813,97.978656863
2891,157210112512465,98.003282515
2892,157210135346571,98.026116621
2893,157210165686853,98.056456903
2894,157210209073814,98.099843864
2895,157210232825686,98.123595736
2896,157210275269041,98.166039091
2897,157210301976583,98.192746633
2898,157210336131577,98.226901627
2899,157210378778294,98.269548344
2900,157210404071288,98.294841338
2901,157210439715222,98.330485272
2902,157210472605116,98.363375166
2903,157210508661812,98.399431862
2904,157210537275324,98.428045374
2905,157210568751688,98.459521738
2906,157210605964547,98.496734597
2907,157210642465829,98.533235879
2908,157210673060144,98.563830194
2909,157210705673966,98.596444016
2910,157210747622740,98.638392790
2911,157210790548122,98.681318172
2912,157210813301660,98.704071710
2913,157210842999786,98.733769836
2914,157210882254750,98.773024800
2915,157210926162987,98.816933037
2916,157210946940406,98.837710456
2917,157210976668288,98.867438338
2918,157211020647117,98.911417167
2919,157211062444442,98.953214492
2920,157211083450645,98.974220695
2921,157211112827289,99.003597339
2922,157211151918910,99.042688960
2923,157211194744496,99.085514546
2924,157211219655897,99.110425947
2925,157211248948603,99.139718653
2926,157211282813628,99.173583678
2927,157211329220932,99.219990982
2928,157211354279374,99.245049424
2929,157211387405201,99.278175251
2930,157211420442692,99.311212742
2931,157211467124049,99.357894099
2932,157211493956234,99.384726284
2933,157211521249738,99.412019788
2934,157211557048645,99.447818695
2935,157211608827655,99.499597705
2936,157211641106307,99.531876357
2937,157211665837799,99.556607849
2938,157211688645450,99.579415500
2939,157211728704807,99.619474857
2940,157211756979886,99.647749936
2941,157211793725829,99.684495879
2942,157211824939871,99.715709921
2943,157211861981513,99.752751563
2944,157211893344820,99.784114870
2945,157211925598314,99.816368364
2946,157211964019319,99.854789369
2947,157212007689004,99.898459054
2948,157212029035273,99.919805323
2949,157212062795527,99.953565577
2950,157212098677734,99.989447784
2951,157212138120809,100.028890859
2952,157212166051213,100.056821263
2953,157212196982419,100.087752469
2954,157212235997462,100.126767512
2955,157212279894993,100.170665043
2956,157212301540719,100.192310769
2957,157212338702807,100.229472857
2958,157212369409839,100.260179889
2959,157212409154016,100.299924066
2960,157212436821342,100.327591392
2961,157212468803849,100.359573899
2962,157212501434195,100.392204245
2963,157212542034885,100.432804935
2964,157212569145648,100.459915698
2965,157212607298476,100.498068526
2966,157212642535324,100.533305374
2967,157212691217559,100.581987609
2968,157212714450080,100.605220130
2969,157212740964989,100.631735039
2970,157212776169873,100.666939923
2971,157212823586816,100.714356866
2972,157212847254507,100.738024557
2973,157212877932603,100.768702653
2974,157212910774525,100.801544575
2975,157212951913964,100.842684014
2976,157212977310562,100.868080612
2977,157213015252291,100.906022341
2978,157213045850394,100.936620444
2979,157213094426422,100.985196472
2980,157213119057179,101.009827229
2981,157213154192780,101.044962830
2982,157213181910216,101.072680266
2983,157213221335816,101.112105866
2984,157213250962968,101.141733018
2985,157213284599416,101.175369466
2986,157213319207990,101.209978040
2987,157213351354133,101.242124183
2988,157213385576328,101.276346378
2989,157213422936742,101.313706792
2990,157213470113925,101.360883975
2991,157213492914287,101.383684337
2992,157213521492023,101.412262073
2993,157213554205917,101.444975967
2994,157213594969655,101.485739705
2995,157213620930986,101.511701036
2996,157213658963669,101.549733719
2997,157213690413152,101.581183202
2998,157213731011789,101.621781839
2999,157213756972398,101.647742448
3000,157213794791343,101.685561393
3001,157213825870748,101.716640798
3002,157213863366190,101.754136240
3003,157213896758082,101.787528132
3004,157213925213898,101.815983948
3005,157213962226200,101.852996250
3006,157214003142890,101.893912940
3007,157214030532158,101.921302208
3008,157214060992212,101.951762262
3009,157214098059239,101.988829289
3010,157214132131710,102.022901760
3011,157214165260704,102.056030754
3012,157214205451262,102.096221312
3013,157214233434825,102.124204875
3014,157214265728986,102.156499036
3015,157214307023039,102.197793089
3016,157214333721100,102.224491150
3017,157214374181318,102.264951368
3018,157214402400412,102.293170462
3019,157214440798779,102.331568829
3020,157214469200674,102.359970724
3021,157214508382436,102.399152486
3022,157214539120357,102.429890407
3023,157214569683583,102.460453633
3024,157214612704256,102.503474306
3025,157214655999851,102.546769901
3026,157214680143780,102.570913830
3027,157214705898101,102.596668151
3028,157214749086889,102.639856939
3029,157214794417972,102.685188022
3030,157214818163728,102.708933778
3031,157214841034290,102.731804340
3032,157214883154131,102.773924181
3033,157214930298324,102.821068374
3034,157214956471074,102.847241124
3035,157214979313504,102.870083554
3036,157215019876567,102.910646617
3037,157215059971420,102.950741470
3038,157215081760317,102.972530367
3039,157215114380400,103.005150450
3040,157215145349014,103.036119064
3041,157215189536793,103.080306843
3042,157215213935367,103.104705417
3043,157215256569923,103.147339973
3044,157215280938119,103.171708169
3045,157215316950197,103.207720247
3046,157215349420282,103.240190332
3047,157215386100631,103.276870681
3048,157215423458297,103.314228347
3049,157215465326834,103.356096884
3050,157215489479640,103.380249690
3051,157215521179666,103.411949716
3052,157215554164989,103.444935039
3053,157215597610011,103.488380061
3054,157215622512767,103.513282817
3055,157215662594391,103.553364441
3056,157215688923664,103.579693714
3057,157215726353618,103.617123668
3058,157215757235588,103.648005638
3059,157215790497462,103.681267512
3060,157215826907370,103.717677420
3061,157215875202560,103.765972610
3062,157215904945503,103.795715553
3063,157215927386561,103.818156611
3064,157215961681955,103.852452005
3065,157216002278135,103.893048185
3066,157216029227175,103.919997225
3067,157216062342123,103.953112173
3068,157216102914149,103.993684199
3069,157216143572157,104.034342207
3070,157216165335441,104.056105491
3071,157216198261827,104.089031877
3072,157216239757226,104.130527276
3073,157216287541160,104.178311210
3074,157216307822001,104.198592051
3075,157216333098651,104.223868701
3076,157216370050348,104.260820398
3077,157216407065131,104.297835181
3078,157216433270937,104.324040987
3079,157216469126152,104.359896202
3080,157216507523377,104.398293427
3081,157216547675998,104.438446048
3082,157216576068702,104.466838752
3083,157216606616133,104.497386183
3084,157216638145241,104.528915291
3085,157216678963560,104.569733610
3086,157216705016143,104.595786193
3087,157216741200216,104.631970266
3088,157216774118081,104.664888131
3089,157216813640011,104.704410061
3090,157216841562240,104.732332290
3091,157216879214715,104.769984765
3092,157216909839510,104.800609560
3093,157216949883452,104.840653502
3094,157216978930468,104.869700518
3095,157217014593672,104.905363722
3096,157217046592005,104.937362055
3097,157217088163319,104.978933369
3098,157217113671908,105.004441958
3099,157217147863392,105.038633442
3100,157217185690278,105.076460328
3101,157217224336750,105.115106800
3102,157217249878204,105.140648254
3103,157217284465936,105.175235986
3104,157217320073360,105.210843410
3105,157217359161424,105.249931474
3106,157217385228191,105.275998241
3107,157217419252995,105.310023045
3108,157217455946751,105.346716801
3109,157217493454417,105.384224467
3110,157217523552546,105.414322596
3111,157217554588608,105.445358658
3112,157217595822889,105.486592939
3113,157217633296961,105.524067011
3114,157217657303883,105.548073933
3115,157217695411621,105.586181671
3116,157217724950285,105.615720335
3117,157217763693823,105.654463873
3118,157217789113820,105.679883870
3119,157217828658862,105.719428912
3120,157217857681777,105.748451827
3121,157217897907500,105.788677550
3122,157217925118183,105.815888233
3123,157217963393906,105.854163956
3124,157217993125982,105.883896032
3125,157218031584127,105.922354177
3126,157218061308341,105.952078391
3127,157218100702384,105.991472434
3128,157218131980457,106.022750507
3129,157218180373920,106.071143970
3130,157218204072505,106.094842555
3131,157218233494567,106.124264617
3132,157218265564590,106.156334640
3133,157218304627090,106.195397140
3134,157218335155400,106.225925450
3135,157218368842238,106.259612288
3136,157218407014981,106.297785031
3137,157218447366914,106.338136964
3138,157218471471653,106.362241703
3139,157218502809708,106.393579758
3140,157218539098801,106.429868851
3141,157218588062028,106.478832078
3142,157218609142271,106.499912321
3143,157218637337930,106.528107980
3144,157218673278270,106.564048320
3145,157218712754568,106.603524618
3146,157218743369399,106.634139449
3147,157218774052796,106.664822846
3148,157218812738433,106.703508483
3149,157218863575492,106.754345542
3150,157218890128146,106.780898196
3151,157218911305949,106.802075999
3152,157218945780252,106.836550302
3153,157218999058904,106.889828954
3154,157219024202882,106.914972932
3155,157219045392354,106.936162404
3156,157219076970719,106.967740769
3157,157219120453156,107.011223206
3158,157219151435616,107.042205666
3159,157219181564604,107.072334654
3160,157219217901416,107.108671466
3161,157219261262934,107.152032984
3162,157219285501884,107.176271934
3163,157219318269536,107.209039586
3164,157219350803241,107.241573291
3165,157219395076483,107.285846533
3166,157219418634176,107.309404226
3167,157219455163834,107.345933884
3168,157219490234678,107.381004728
3169,157219534903794,107.425673844
3170,157219560190703,107.450960753
3171,157219589342737,107.480112787
3172,157219627341550,107.518111600
3173,157219675215593,107.565985643
3174,157219698675462,107.589445512
3175,157219721322846,107.612092896
3176,157219757596047,107.648366097
3177,157219799144350,107.689914400
3178,157219825261965,107.716032015
3179,157219859575429,107.750345479
3180,157219896851292,107.787621342
3181,157219935176571,107.825946621
3182,157219961293418,107.852063468
3183,157219997770717,107.888540767
3184,157220033090120,107.923860170
3185,157220077444940,107.968214990
3186,157220100638548,107.991408598
3187,157220129416913,108.020186963
3188,157220166080110,108.056850160
3189,157220207080207,108.097850257
3190,157220233123668,108.123893718
3191,157220265227518,108.155997568
3192,157220297655628,108.188425678
3193,157220334125980,108.224896030
3194,157220366215801,108.256985851
3195,157220407650244,108.298420294
3196,157220435781235,108.326551285
3197,157220480617784,108.371387834
3198,157220504023665,108.394793715
3199,157220538129814,108.428899864
3200,157220573568171,108.464338221
3201,157220612650055,108.503420105
3202,157220637127804,108.527897854
3203,157220675592361,108.566362411
3204,157220706005291,108.596775341
3205,157220741608935,108.632378985
3206,157220775549685,108.666319735
3207,157220815814525,108.706584575
3208,157220841253643,108.732023693
3209,157220887321885,108.778091935
3210,157220909350574,108.800120624
3211,157220942034622,108.832804672
3212,157220979388956,108.870159006
3213,157221027455049,108.918225099
3214,157221050041541,108.940811591
3215,157221078788421,108.969558471
3216,157221116485777,109.007255827
3217,157221161526326,109.052296376
3218,157221182506047,109.073276097
3219,157221215686096,109.106456146
3220,157221257016237,109.147786287
3221,157221305223257,109.195993307
3222,157221327463920,109.218233970
3223,157221349985257,109.240755307
3224,157221389383497,109.280153547
3225,157221434980295,109.325750345
3226,157221460014650,109.350784700
3227,157221485520610,109.376290660
3228,157221523211782,109.413981832
3229,157221565026890,109.455796940
3230,157221587984977,109.478755027
3231,157221626160449,109.516930499
3232,157221655316752,109.546086802
3233,157221696472500,109.587242550
3234,157221721797735,109.612567785
3235,157221763320539,109.654090589
3236,157221791527713,109.682297763
3237,157221834721440,109.725491490
3238,157221861619964,109.752390014
3239,157221901143106,109.791913156
3240,157221926705903,109.817475953
3241,157221981243814,109.872013864
3242,157222005463166,109.896233216
3243,157222029566107,109.920336157
3244,157222061388766,109.952158816
3245,157222103971332,109.994741382
3246,157222129642842,110.020412892
3247,157222168152177,110.058922227
3248,157222197673631,110.088443681
3249,157222243166302,110.133936352
3250,157222272880596,110.163650646
3251,157222297309744,110.188079794
3252,157222336129497,110.226899547
3253,157222382619224,110.273389274
3254,157222405108691,110.295878741
3255,157222433267755,110.324037805
3256,157222469012237,110.359782287
3257,157222501577880,110.392347930
3258,157222544437222,110.435207272
3259,157222571786859,110.462556909
3260,157222616236275,110.507006325
3261,157222639138818,110.529908868
3262,157222687594765,110.578364815
3263,157222718092307,110.608862357
3264,157222741066683,110.631836733
3265,157222774497535,110.665267585
3266,157222810902222,110.701672272
3267,157222850575110,110.741345160
3268,157222877053312,110.767823362
3269,157222914477972,110.805248022
3270,157222945622172,110.836392222
3271,157222998702883,110.889472933
3272,157223019360869,110.910130919
3273,157223045239919,110.936009969
3274,157223078695603,110.969465653
3275,157223119672146,111.010442196
3276,157223145756293,111.036526343
3277,157223182620187,111.073390237
3278,157223218477275,111.109247325
3279,157223260290946,111.151060996
3280,157223283414944,111.174184994
3281,157223324201894,111.214971944
3282,157223352503997,111.243274047
3283,157223398070504,111.288840554
3284,157223422031988,111.312802038
3285,157223457390206,111.348160256
3286,157223486233586,111.377003636
3287,157223523651239,111.414421289
3288,157223553127415,111.443897465
3289,157223585126619,111.475896669
3290,157223629109177,111.519879227
3291,157223675789810,111.566559860
3292,157223697495693,111.588265743
3293,157223722186864,111.612956914
3294,157223762230067,111.653000117
3295,157223811124082,111.701894132
3296,157223836571088,111.727341138
3297,157223857899336,111.748669386
3298,157223897091760,111.787861810
3299,157223936551584,111.827321634
3300,157223964464846,111.855234896
3301,157223997333646,111.888103696
3302,157224036339441,111.927109491
3303,157224090432179,111.981202229
3304,157224115690665,112.006460715
3305,157224135329981,112.026100031
3306,157224165858652,112.056628702
3307,157224208839034,112.099609084
3308,157224233777229,112.124547279
3309,157224265911939,112.156681989
3310,157224297469087,112.188239137
3311,157224338134798,112.228904848
3312,157224365477734,112.256247784
3313,157224404583449,112.295353499
3314,157224433239348,112.324009398
3315,157224479926423,112.370696473
3316,157224502245342,112.393015392
3317,157224539783375,112.430553425
3318,157224569842718,112.460612768
3319,157224609422571,112.500192621
3320,157224639561746,112.530331796
3321,157224674452880,112.565222930
3322,157224706469395,112.597239445
3323,157224754594113,112.645364163
3324,157224783089448,112.673859498
3325,157224809696931,112.700466981
3326,157224846709473,112.737479523
3327,157224903898739,112.794668789
3328,157224926094593,112.816864643
3329,157224944820235,112.835590285
3330,157224981184154,112.871954204
3331,157225036518790,112.927288840
3332,157225060436040,112.951206090
3333,157225083781246,112.974551296
3334,157225113485774,113.004255824
3335,157225152274456,113.043044506
3336,157225181633474,113.072403524
3337,157225214428929,113.105198979
3338,157225251819007,113.142589057
3339,157225294398084,113.185168134
3340,157225318300576,113.209070626
3341,157225351995738,113.242765788
3342,157225385416736,113.276186786
3343,157225423915802,113.314685852
3344,157225455412824,113.346182874
3345,157225486527271,113.377297321
3346,157225518079573,113.408849623
3347,157225561375361,113.452145411
3348,157225585204245,113.475974295
3349,157225624439252,113.515209302
3350,157225655654107,113.546424157
3351,157225697801581,113.588571631
3352,157225723516209,113.614286259
3353,157225759430603,113.650200653
3354,157225794021638,113.684791688
3355,157225843398219,113.734168269
3356,157225873653207,113.764423257
3357,157225896700224,113.787470274
3358,157225925549947,113.816319997
3359,157225967562565,113.858332615
3360,157225998017521,113.888787571
3361,157226029897748,113.920667798
3362,157226061923610,113.952693660
3363,157226107723509,113.998493559
3364,157226130729282,114.021499332
3365,157226161734857,114.052504907
3366,157226200315101,114.091085151
3367,157226238852662,114.129622712
3368,157226267055693,114.157825743
3369,157226301564898,114.192334948
3370,157226341875709,114.232645759
3371,157226387604693,114.278374743
3372,157226412673392,114.303443442
3373,157226438131092,114.328901142
3374,157226469817591,114.360587641
3375,157226509977150,114.400747200
3376,157226538911582,114.429681632
3377,157226570256688,114.461026738
3378,157226612347330,114.503117380
3379,157226650265465,114.541035515
3380,157226673425991,114.564196041
3381,157226708817882,114.599587932
3382,157226743031101,114.633801151
3383,157226788212721,114.678982771
3384,157226810501014,114.701271064
3385,157226842495494,114.733265544
3386,157226873456926,114.764226976
3387,157226913208444,114.803978494
3388,157226941363849,114.832133899
3389,157226983608137,114.874378187
3390,157227013356196,114.904126246
3391,157227056207857,114.946977907
3392,157227077914629,114.968684679
3393,157227116233057,115.007003107
3394,157227146018765,115.036788815
3395,157227191691238,115.082461288
3396,157227214238563,115.105008613
3397,157227257306635,115.148076685
3398,157227282293754,115.173063804
3399,157227325933038,115.216703088
3400,157227352854497,115.243624547
3401,157227389098192,115.279868242
3402,157227422856594,115.313626644
3403,157227468255889,115.359025939
3404,157227492692739,115.383462789
3405,157227517490380,115.408260430
3406,157227556612810,115.447382860
3407,157227599828554,115.490598604
3408,157227622457013,115.513227063
3409,157227654245643,115.545015693
3410,157227694940442,115.585710492
3411,157227741141439,115.631911489
3412,157227770279883,115.661049933
3413,157227796622949,115.687392999
3414,157227825850740,115.716620790
3415,157227864639739,115.755409789
3416,157227893264631,115.784034681
3417,157227926377101,115.817147151
3418,157227964146002,115.854916052
3419,157228007763888,115.898533938
3420,157228031343547,115.922113597
3421,157228061651611,115.952421661
3422,157228095581698,115.986351748
3423,157228148182273,116.038952323
3424,157228178451525,116.069221575
3425,157228197238256,116.088008306
3426,157228230254483,116.121024533
3427,157228266679164,116.157449214
3428,157228298083157,116.188853207
3429,157228340625702,116.231395752
3430,157228365532047,116.256302097
3431,157228401519111,116.292289161
3432,157228434583460,116.325353510
3433,157228474469894,116.365239944
3434,157228503028881,116.393798931
3435,157228543204191,116.433974241
3436,157228569254788,116.460024838
3437,157228607429413,116.498199463
3438,157228638177579,116.528947629
3439,157228681603530,116.572373580
3440,157228705488050,116.596258100
3441,157228738750585,116.629520635
3442,157228777177847,116.667947897
3443,157228821040753,116.711810803
3444,157228844207957,116.734978007
3445,157228877924537,116.768694587
3446,157228911957898,116.802727948
3447,157228949762472,116.840532522
3448,157228977509324,116.868279374
3449,157229010313713,116.901083763
3450,157229053144635,116.943914685
3451,157229093552879,116.984322929
3452,157229113438780,117.004208830
3453,157229146967354,117.037737404
3454,157229184498751,117.075268801
3455,157229222770060,117.113540110
3456,157229249625354,117.140395404
3457,157229281437678,117.172207728
3458,157229322027662,117.212797712
3459,157229359505751,117.250275801
3460,157229381534844,117.272304894
3461,157229424569018,117.315339068
3462,157229449884042,117.340654092
3463,157229490488739,117.381258789
3464,157229521068825,117.411838875
3465,157229560253219,117.451023269
3466,157229586784315,117.477554365
3467,157229624283431,117.515053481
3468,157229660465257,117.551235307
3469,157229692677282,117.583447332
3470,157229722818009,117.613588059
3471,157229765736939,117.656506989
3472,157229789722612,117.680492662
3473,157229828035902,117.718805952
3474,157229861992950,117.752763000
3475,157229900375780,117.791145830
3476,157229925688418,117.816458468
3477,157229961770742,117.852540792
3478,157230000244858,117.891014908
3479,157230040201372,117.930971422
3480,157230062576055,117.953346105
3481,157230100161364,117.990931414
3482,157230130506690,118.021276740
3483,157230178543342,118.069313392
3484,157230200871990,118.091642040
3485,157230233965600,118.124735650
3486,157230270352959,118.161123009
3487,157230305830095,118.196600145
3488,157230334254985,118.225025035
3489,157230366332292,118.257102342
3490,157230404911311,118.295681361
3491,157230437909506,118.328679556
3492,157230469568793,118.360338843
3493,157230507992752,118.398762802
3494,157230539459626,118.430229676
3495,157230581573160,118.472343210
3496,157230608910536,118.499680586
3497,157230639837997,118.530608047
3498,157230672005634,118.562775684
3499,157230709126007,118.599896057
3500,157230737407740,118.628177790
3501,157230775083358,118.665853408
3502,157230807751316,118.698521366
3503,157230844669437,118.735439487
3504,157230873502401,118.764272451
3505,157230917418949,118.808188999
3506,157230941674572,118.832444622
3507,157230985298596,118.876068646
3508,157231009926708,118.900696758
3509,157231051989946,118.942759996
3510,157231080064744,118.970834794
3511,157231114606386,119.005376436
3512,157231159957877,119.050727927
3513,157231190529073,119.081299123
3514,157231213885553,119.104655603
3515,157231253375563,119.144145613
3516,157231287059927,119.177829977
3517,157231324709969,119.215480019
3518,157231352626571,119.243396621
3519,157231381962709,119.272732759
3520,157231419678661,119.310448711
3521,157231455736846,119.346506896
3522,157231489377070,119.380147120
3523,157231521988906,119.412758956
3524,157231555009814,119.445779864
3525,157231589701887,119.480471937
3526,157231627043333,119.517813383
3527,157231655436094,119.546206144
3528,157231692924136,119.583694186
3529,157231734463257,119.625233307
3530,157231758132715,119.648902765
3531,157231795267469,119.686037519
3532,157231827395626,119.718165676
3533,157231886476134,119.777246184
3534,157231913524278,119.804294328
3535,157231934287244,119.825057294
3536,157231962828972,119.853599022
3537,157232000063496,119.890833546
3538,157232026055059,119.916825109
3539,157232066612013,119.957382063
3540,157232096411424,119.987181474
3541,157232134744484,120.025514534
