frame_index,receive_monotonic_ns,relative_s,uvc_pts,uvc_scr_stc,uvc_payload_host_monotonic_ns,uvc_source_mapped_monotonic_ns,uvc_source_relative_s,source_minus_receive_ms
0,1620319890689,0.000000000,2035135596,2035321395,1620323334361,1620309227948,0.000000000,-10.662741
1,1620349725305,0.029834616,2035644028,2035645762,1620343316199,1620343124320,0.033896372,-6.600985
2,1620383937788,0.064047099,2036152461,2036153937,1620375321662,1620377020759,0.067792811,-6.917029
3,1620422668469,0.102777780,2036660893,2036663964,1620411367669,1620410917131,0.101689183,-11.751338
4,1620451420065,0.131529376,2037169325,2037172060,1620443343144,1620444813503,0.135585555,-6.606562
5,1620489552975,0.169662286,2037677757,2037680198,1620479307888,1620478709876,0.169481928,-10.843099
6,1620519345744,0.199455055,2038186189,2038188313,1620511314172,1620512606248,0.203378300,-6.739496
7,1620558588833,0.238698144,2038694621,2038696433,1620547315396,1620546502620,0.237274672,-12.086213
8,1620585774116,0.265883427,2039203053,2039204588,1620579347337,1620580398992,0.271171044,-5.375124
9,1620627644475,0.307753786,2039711485,2039714589,1620615316772,1620614295364,0.305067416,-13.349111
10,1620655807317,0.335916628,2040219918,2040222707,1620647329029,1620648191803,0.338963855,-7.615514
11,1620696658810,0.376768121,2040728350,2040730810,1620683314477,1620682088175,0.372860227,-14.570635
12,1620758963840,0.439073151,2041236782,2041238939,1620715339158,1620715984547,0.406756599,-42.979293
13,1620785699191,0.465808502,2041745214,2041747041,1620751349691,1620749880919,0.440652971,-35.818272
14,1620810145349,0.490254660,2042253646,2042255180,1620783323393,1620783777291,0.474549343,-26.368058
15,1620837539806,0.517649117,2042762078,2042765152,1620819383513,1620817673664,0.508445716,-19.866142
16,1620864336097,0.544445408,2043270510,2043273254,1620851336471,1620851570036,0.542342088,-12.766061
17,1620898859531,0.578968842,2043778943,2043781353,1620887351088,1620885466474,0.576238526,-13.393057
18,1620928504790,0.608614101,2044287375,2044289488,1620919328609,1620919362847,0.610134899,-9.141943
19,1620961085735,0.641195046,2044795807,2044797621,1620951355008,1620953259219,0.644031271,-7.826516
20,1620994335162,0.674444473,2045304239,2045305803,1620987344915,1620987155591,0.677927643,-7.179571
21,1621038664690,0.718774001,2045812671,2045815770,1621019355315,1621021051963,0.711824015,-17.612727
22,1621062051044,0.742160355,2046321103,2046323896,1621055336521,1621054948335,0.745720387,-7.102709
23,1621095162644,0.775271955,2046829535,2046831991,1621087340959,1621088844707,0.779616759,-6.317937
24,1621132329111,0.812438422,2047337967,2047340135,1621123334289,1621122741079,0.813513131,-9.588032
25,1621173930800,0.854040111,2047846400,2047848266,1621155351738,1621156637518,0.847409570,-17.293282
26,1621197975472,0.878084783,2048354832,2048356383,1621191368263,1621190533890,0.881305942,-7.441582
27,1621231081351,0.911190662,2048863264,2048866335,1621223388939,1621224430262,0.915202314,-6.651089
28,1621269634333,0.949743644,2049371696,2049374439,1621259324356,1621258326635,0.949098687,-11.307698
29,1621315656687,0.995765998,2049880128,2049882592,1621291359631,1621292223007,0.982995059,-23.433680
30,1621349288205,1.029397516,2050388560,2050390702,1621327363317,1621326119379,1.016891431,-23.168826
31,1621373492537,1.053601848,2050896992,2050898809,1621359344742,1621360015751,1.050787803,-13.476786
32,1621402619810,1.082729121,2051405425,2051406961,1621395377865,1621393912190,1.084684242,-8.707620
33,1621450025390,1.130134701,2051913857,2051916947,1621427345721,1621427808562,1.118580614,-22.216828
34,1621476036267,1.156145578,2052422289,2052425139,1621463376900,1621461704934,1.152476986,-14.331333
35,1621504317761,1.184427072,2052930721,2052933253,1621495510502,1621495601306,1.186373358,-8.716455
36,1621534180620,1.214289931,2053439153,2053441362,1621531330604,1621529497678,1.220269730,-4.682942
37,1621577997102,1.258106413,2053947585,2053949498,1621563351021,1621563394050,1.254166102,-14.603052
38,1621604363248,1.284472559,2054456017,2054457650,1621595405910,1621597290422,1.288062474,-7.072826
39,1621643037362,1.323146673,2054964449,2054967621,1621631347486,1621631186795,1.321958847,-11.850567
40,1621670167948,1.350277259,2055472882,2055475754,1621663393279,1621665083233,1.355855285,-5.084715
41,1621715418482,1.395527793,2055981314,2055983900,1621699384437,1621698979606,1.389751658,-16.438876
42,1621737816026,1.417925337,2056489746,2056492018,1621731346912,1621732875978,1.423648030,-4.940048
43,1621775059168,1.455168479,2056998178,2057000144,1621767340193,1621766772350,1.457544402,-8.286818
44,1621806890646,1.486999957,2057506610,2057508266,1621799348099,1621800668722,1.491440774,-6.221924
45,1621850255759,1.530365070,2058015042,2058018281,1621835355647,1621834565094,1.525337146,-15.690665
46,1621873937010,1.554046321,2058523474,2058526341,1621867405073,1621868461466,1.559233518,-5.475544
47,1621913963133,1.594072444,2059031906,2059034472,1621903345488,1621902357838,1.593129890,-11.605295
48,1621944619198,1.624728509,2059540339,2059542613,1621935365104,1621936254277,1.627026329,-8.364921
49,1621987547418,1.667656729,2060048771,2060050736,1621971356559,1621970150649,1.660922701,-17.396769
50,1622011324364,1.691433675,2060557203,2060558826,1622004248575,1622004047021,1.694819073,-7.277343
51,1622046968291,1.727077602,2061065635,2061068796,1622039407873,1622037943393,1.728715445,-9.024898
52,1622081707991,1.761817302,2061574067,2061576920,1622071493903,1622071839766,1.762611818,-9.868225
53,1622128962182,1.809071493,2062082499,2062085049,1622107366403,1622105736138,1.796508190,-23.226044
54,1622149884044,1.829993355,2062590931,2062593175,1622139362980,1622139632510,1.830404562,-10.251534
55,1622179200971,1.859310282,2063099364,2063101276,1622175381602,1622173528949,1.864301001,-5.672022
56,1622215894620,1.896003931,2063607796,2063609402,1622207387662,1622207425321,1.898197373,-8.469299
57,1622253999491,1.934108802,2064116228,2064119416,1622239421139,1622241321693,1.932093745,-12.677798
58,1622282607883,1.962717194,2064624660,2064627517,1622275398583,1622275218065,1.965990117,-7.389818
59,1622316331623,1.996440934,2065133092,2065135635,1622307364201,1622309114437,1.999886489,-7.217186
60,1622351167227,2.031276538,2065641524,2065643765,1622343359841,1622343010809,2.033782861,-8.156418
61,1622391516082,2.071625393,2066149956,2066151866,1622375378315,1622376907181,2.067679233,-14.608901
62,1622419869473,2.099978784,2066658388,2066660022,1622411364115,1622410803554,2.101575606,-9.065919
63,1622457069945,2.137179256,2067166821,2067170026,1622443390881,1622444699992,2.135472044,-12.369953
64,1622490196110,2.170305421,2067675253,2067678120,1622479358578,1622478596364,2.169368416,-11.599746
65,1622536691731,2.216801042,2068183685,2068186263,1622511372653,1622512492737,2.203264789,-24.198994
66,1622557738225,2.237847536,2068692117,2068694361,1622547364473,1622546389109,2.237161161,-11.349116
67,1622587457580,2.267566891,2069200549,2069202449,1622579374186,1622580285481,2.271057533,-7.172099
68,1622629769856,2.309879167,2069708981,2069710563,1622615363091,1622614181853,2.304953905,-15.588003
69,1622672672276,2.352781587,2070217413,2070220535,1622647374872,1622648078225,2.338850277,-24.594051
70,1622695424923,2.375534234,2070725845,2070728671,1622683424117,1622681974597,2.372746649,-13.450326
71,1622723281136,2.403390447,2071234278,2071236807,1622715527302,1622715871036,2.406643088,-7.410100
72,1622760089946,2.440199257,2071742710,2071744935,1622751383455,1622749767408,2.440539460,-10.322538
73,1622797466149,2.477575460,2072251142,2072253039,1622783416883,1622783663780,2.474435832,-13.802369
74,1622823775087,2.503884398,2072759574,2072761173,1622819433128,1622817560152,2.508332204,-6.214935
75,1622860277091,2.540386402,2073268006,2073271164,1622851425364,1622851456525,2.542228577,-8.820566
76,1622890650318,2.570759629,2073776438,2073779267,1622883438544,1622885352897,2.576124949,-5.297421
77,1622936153268,2.616262579,2074284870,2074287399,1622919453512,1622919249269,2.610021321,-16.903999
78,1622958511713,2.638621024,2074793303,2074795520,1622951424983,1622953145708,2.643917760,-5.366005
79,1623001884223,2.681993534,2075301735,2075303670,1622987412705,1622987042080,2.677814132,-14.842143
80,1623027111879,2.707221190,2075810167,2075811843,1623019386923,1623020938452,2.711710504,-6.173427
81,1623075968835,2.756078146,2076318599,2076321875,1623055397380,1623054834824,2.745606876,-21.134011
82,1623099365813,2.779475124,2076827031,2076830014,1623087377236,1623088731196,2.779503248,-10.634617
83,1623131754645,2.811863956,2077335463,2077338112,1623123438758,1623122627568,2.813399620,-9.127077
84,1623161878651,2.841987962,2077843895,2077846261,1623155377115,1623156523940,2.847295992,-5.354711
85,1623202690980,2.882800291,2078352328,2078354379,1623191377449,1623190420379,2.881192431,-12.270601
86,1623231543783,2.911653094,2078860760,2078862512,1623223439828,1623224316751,2.915088803,-7.227032
87,1623268522352,2.948631663,2079369192,2079372461,1623259378915,1623258213123,2.948985175,-10.309229
88,1623301531303,2.981640614,2079877624,2079880601,1623291406422,1623292109495,2.982881547,-9.421808
89,1623347408427,3.027517738,2080386056,2080388727,1623327403287,1623326005868,3.016777920,-21.402559
90,1623369373847,3.049483158,2080894488,2080896843,1623359395429,1623359902240,3.050674292,-9.471607
91,1623409757311,3.089866622,2081402920,2081404972,1623395374888,1623393798612,3.084570664,-15.958699
92,1623434719306,3.114828617,2081911352,2081913088,1623427392757,1623427694984,3.118467036,-7.024322
93,1623475828196,3.155937507,2082419785,2082423102,1623463375205,1623461591423,3.152363475,-14.236773
94,1623502838087,3.182947398,2082928217,2082931244,1623495459051,1623495487795,3.186259847,-7.350292
95,1623536457335,3.216566646,2083436649,2083439358,1623527427752,1623529384167,3.220156219,-7.073168
96,1623576170465,3.256279776,2083945081,2083947431,1623563431005,1623563280539,3.254052591,-12.889926
97,1623624533171,3.304642482,2084453513,2084455550,1623595392610,1623597176911,3.287948963,-27.356260
98,1623647081641,3.327190952,2084961945,2084963630,1623631426092,1623631073283,3.321845335,-16.008358
99,1623673779767,3.353889078,2085470377,2085473630,1623663438327,1623664969656,3.355741708,-8.810111
100,1623710782964,3.390892275,2085978809,2085981763,1623699430099,1623698866028,3.389638080,-11.916936
101,1623754254347,3.434363658,2086487242,2086489875,1623731445800,1623732762466,3.423534518,-21.491881
102,1623775109653,3.455218964,2086995674,2086997992,1623767400122,1623766658839,3.457430891,-8.450814
103,1623807274711,3.487384022,2087504106,2087506108,1623799467197,1623800555211,3.491327263,-6.719500
104,1623842318558,3.522427869,2088012538,2088014286,1623835390875,1623834451583,3.525223635,-7.866975
105,1623884204491,3.564313802,2088520970,2088524263,1623867422731,1623868347955,3.559120007,-15.856536
106,1623910177137,3.590286448,2089029402,2089032387,1623903399801,1623902244327,3.593016379,-7.932810
107,1623943768882,3.623878193,2089537834,2089540510,1623935407343,1623936140699,3.626912751,-7.628183
108,1623979418870,3.659528181,2090046266,2090048620,1623971444034,1623970037071,3.660809123,-9.381799
109,1624022445209,3.702554520,2090554699,2090556745,1624003427728,1624003933510,3.694705562,-18.511699
110,1624045934668,3.726043979,2091063131,2091064861,1624039438254,1624037829882,3.728601934,-8.104786
111,1624080522568,3.760631879,2091571563,2091574874,1624071447261,1624071726254,3.762498306,-8.796314
112,1624116135864,3.796245175,2092079995,2092083008,1624107400415,1624105622627,3.796394679,-10.513237
113,1624158019009,3.838128320,2092588427,2092591127,1624139424285,1624139518999,3.830291051,-18.500010
114,1624179921550,3.860030861,2093096859,2093099195,1624171460496,1624173415371,3.864187423,-6.506179
115,1624214051661,3.894160972,2093605291,2093607288,1624207445719,1624207311743,3.898083795,-6.739918
116,1624252770268,3.932879579,2094113724,2094115417,1624239468933,1624241208182,3.931980234,-11.562086
117,1624295038998,3.975148309,2094622156,2094625419,1624275420490,1624275104554,3.965876606,-19.934444
118,1624321056753,4.001166064,2095130588,2095133502,1624307439536,1624309000926,3.999772978,-12.055827
119,1624353266189,4.033375500,2095639020,2095641642,1624343426893,1624342897298,4.033669350,-10.368891
120,1624388086311,4.068195622,2096147452,2096149764,1624375447082,1624376793670,4.067565722,-11.292641
121,1624433928364,4.114037675,2096655884,2096657884,1624411451647,1624410690042,4.101462094,-23.238322
122,1624458634064,4.138743375,2097164316,2097165991,1624443443936,1624444586414,4.135358466,-14.047650
123,1624486783749,4.166893060,2097672748,2097675967,1624479429734,1624478482787,4.169254839,-8.300962
124,1624520546385,4.200655696,2098181181,2098184067,1624511440618,1624512379225,4.203151277,-8.167160
125,1624562287977,4.242397288,2098689613,2098692181,1624547411982,1624546275598,4.237047650,-16.012379
126,1624587135139,4.267244450,2099198045,2099200310,1624579553555,1624580171970,4.270944022,-6.963169
127,1624623708977,4.303818288,2099706477,2099708430,1624615404542,1624614068342,4.304840394,-9.640635
128,1624655287092,4.335396403,2100214909,2100216537,1624647452363,1624647964714,4.338736766,-7.322378
129,1624695969423,4.376078734,2100723341,2100726540,1624683420251,1624681861086,4.372633138,-14.108337
130,1624728900931,4.409010242,2101231773,2101234659,1624715472467,1624715757458,4.406529510,-13.143473
131,1624762368149,4.442477460,2101740205,2101742750,1624751582276,1624749653830,4.440425882,-12.714319
132,1624792566578,4.472675889,2102248638,2102250882,1624783603568,1624783550269,4.474322321,-9.016309
133,1624837822565,4.517931876,2102757070,2102759024,1624815446477,1624817446641,4.508218693,-20.375924
134,1624864165128,4.544274439,2103265502,2103267160,1624851469849,1624851343013,4.542115065,-12.822115
135,1624890088115,4.570197426,2103773934,2103777205,1624883463955,1624885239385,4.576011437,-4.848730
136,1624928137887,4.608247198,2104282366,2104285336,1624919465057,1624919135758,4.609907810,-9.002129
137,1624964501224,4.644610535,2104790798,2104793429,1624951483361,1624953032130,4.643804182,-11.469094
138,1624995171480,4.675280791,2105299230,2105301521,1624987474001,1624986928502,4.677700554,-8.242978
139,1625027420229,4.707529540,2105807663,2105809662,1625019447012,1625020824941,4.711596993,-6.595288
140,1625064708152,4.744817463,2106316095,2106317803,1625055436950,1625054721313,4.745493365,-9.986839
141,1625112014099,4.792123410,2106824527,2106827748,1625087474115,1625088617685,4.779389737,-23.396414
142,1625135676205,4.815785516,2107332959,2107335855,1625123436868,1625122514057,4.813286109,-13.162148
143,1625162465426,4.842574737,2107841391,2107843969,1625155453947,1625156410429,4.847182481,-6.054997
144,1625206135366,4.886244677,2108349823,2108352086,1625191463897,1625190306801,4.881078853,-15.828565
145,1625256528130,4.936637441,2108858255,2108860225,1625223458435,1625224203173,4.914975225,-32.324957
146,1625280090114,4.960199425,2109366688,2109368354,1625259431113,1625258099612,4.948871664,-21.990502
147,1625302536998,4.982646309,2109875120,2109878346,1625291449128,1625291995984,4.982768036,-10.541014
148,1625337173642,5.017282953,2110383552,2110386507,1625327458766,1625325892356,5.016664408,-11.281286
149,1625378292535,5.058401846,2110891984,2110894621,1625359474734,1625359788729,5.050560781,-18.503806
150,1625403682410,5.083791721,2111400416,2111402746,1625395467043,1625393685101,5.084457153,-9.997309
151,1625434452786,5.114562097,2111908848,2111910824,1625427502111,1625427581473,5.118353525,-6.871313
152,1625469139632,5.149248943,2112417280,2112418950,1625459493439,1625461477845,5.152249897,-7.661787
153,1625515063488,5.195172799,2112925712,2112928923,1625495483166,1625495374217,5.186146269,-19.689271
154,1625538592447,5.218701758,2113434145,2113437038,1625527453983,1625529270656,5.220042708,-9.321791
155,1625569996320,5.250105631,2113942577,2113945179,1625563441892,1625563167028,5.253939080,-6.829292
156,1625609251461,5.289360772,2114451009,2114453319,1625595449778,1625597063400,5.287835452,-12.188061
157,1625652995972,5.333105283,2114959441,2114961433,1625631464524,1625630959772,5.321731824,-22.036200
158,1625677064672,5.357173983,2115467873,2115469540,1625663464485,1625664856144,5.355628196,-12.208528
159,1625706810437,5.386919748,2115976305,2115979547,1625699441137,1625698752517,5.389524569,-8.057920
160,1625739975609,5.420084920,2116484737,2116487688,1625731480174,1625732648889,5.423420941,-7.326720
161,1625779991706,5.460101017,2116993169,2116995857,1625767476121,1625766545261,5.457317313,-13.446445
162,1625807589456,5.487698767,2117501602,2117503987,1625799447866,1625800441700,5.491213752,-7.147756
163,1625844617379,5.524726690,2118010034,2118012149,1625835440528,1625834338072,5.525110124,-10.279307
164,1625877919013,5.558028324,2118518466,2118520249,1625867490252,1625868234444,5.559006496,-9.684569
165,1625924476752,5.604586063,2119026898,2119028389,1625903451894,1625902130816,5.592902868,-22.345936
166,1625949759095,5.629868406,2119535330,2119538385,1625935468839,1625936027188,5.626799240,-13.731907
167,1625978094578,5.658203889,2120043762,2120046529,1625971441985,1625969923560,5.660695612,-8.171018
168,1626011561701,5.691671012,2120552194,2120554610,1626003503473,1626003819932,5.694591984,-7.741769
169,1626050799346,5.730908657,2121060626,2121062731,1626039447745,1626037716304,5.728488356,-13.083042
170,1626079466554,5.759575865,2121569059,2121570849,1626071502295,1626071612743,5.762384795,-7.853811
171,1626110509467,5.790618778,2122077491,2122078968,1626103511731,1626105509115,5.796281167,-5.000352
172,1626148834638,5.828943949,2122585923,2122588995,1626139511616,1626139405488,5.830177540,-9.429150
173,1626192546720,5.872656031,2123094355,2123097094,1626171494835,1626173301860,5.864073912,-19.244860
174,1626220799847,5.900909158,2123602787,2123605231,1626207491877,1626207198232,5.897970284,-13.601615
175,1626247185458,5.927294769,2124111219,2124113357,1626239554062,1626241094604,5.931866656,-6.090854
176,1626284860820,5.964970131,2124619651,2124621469,1626275489636,1626274990976,5.965763028,-9.869844
177,1626333055561,6.013164872,2125128084,2125129603,1626307467958,1626308887415,5.999659467,-24.168146
178,1626359882945,6.039992256,2125636516,2125639611,1626343464164,1626342783787,6.033555839,-17.099158
179,1626382050350,6.062159661,2126144948,2126147712,1626375483844,1626376680159,6.067452211,-5.370191
180,1626419487497,6.099596808,2126653380,2126655842,1626411516671,1626410576531,6.101348583,-8.910966
181,1626461346114,6.141455425,2127161812,2127163956,1626443481154,1626444472903,6.135244955,-16.873211
182,1626487488363,6.167597674,2127670244,2127672092,1626479510163,1626478369275,6.169141327,-9.119088
183,1626518293964,6.198403275,2128178676,2128180194,1626511518698,1626512265648,6.203037700,-6.028316
184,1626561492973,6.241602284,2128687108,2128690223,1626547504269,1626546162020,6.236934072,-15.330953
185,1626614381831,6.294491142,2129195541,2129198333,1626579485471,1626580058458,6.270830510,-34.323373
186,1626641605720,6.321715031,2129703973,2129706441,1626615493947,1626613954831,6.304726883,-27.650889
187,1626665493671,6.345602982,2130212405,2130214518,1626647478506,1626647851203,6.338623255,-17.642468
188,1626691160167,6.371269478,2130720837,2130722642,1626683512751,1626681747575,6.372519627,-9.412592
189,1626728312284,6.408421595,2131229269,2131230778,1626715473786,1626715643947,6.406415999,-12.668337
190,1626755016588,6.435125899,2131737701,2131740755,1626751493640,1626749540319,6.440312371,-5.476269
191,1626790188824,6.470298135,2132246133,2132248878,1626783471135,1626783436691,6.474208743,-6.752133
192,1626823171638,6.503280949,2132754565,2132756997,1626815483983,1626817333063,6.508105115,-5.838575
193,1626860666690,6.540776001,2133262998,2133265124,1626851483632,1626851229502,6.542001554,-9.437188
194,1626894160210,6.574269521,2133771430,2133773279,1626883526732,1626885125874,6.575897926,-9.034336
195,1626926484985,6.606594296,2134279862,2134281379,1626919567712,1626919022246,6.609794298,-7.462739
196,1626959552485,6.639661796,2134788294,2134791378,1626951515405,1626952918619,6.643690671,-6.633866
197,1626998633775,6.678743086,2135296726,2135299493,1626987482970,1626986814991,6.677587043,-11.818784
198,1627027432902,6.707542213,2135805158,2135807607,1627019482040,1627020711363,6.711483415,-6.721539
199,1627063328509,6.743437820,2136313590,2136315746,1627055524437,1627054607735,6.745379787,-8.720774
200,1627095190519,6.775299830,2136822023,2136823898,1627087480468,1627088504174,6.779276226,-6.686345
201,1627141452007,6.821561318,2137330455,2137332044,1627123483340,1627122400546,6.813172598,-19.051461
202,1627166499517,6.846608828,2137838887,2137842046,1627155530451,1627156296918,6.847068970,-10.202599
203,1627203158303,6.883267614,2138347319,2138350198,1627191516258,1627190193290,6.880965342,-12.965013
204,1627232541426,6.912650737,2138855751,2138858322,1627223554815,1627224089662,6.914861714,-8.451764
205,1627274336493,6.954445804,2139364183,2139366411,1627259498472,1627257986034,6.948758086,-16.350459
206,1627300292178,6.980401489,2139872615,2139874521,1627291492486,1627291882406,6.982654458,-8.409772
207,1627341853468,7.021962779,2140381048,2140382657,1627327515809,1627325778845,7.016550897,-16.074623
208,1627381261859,7.061371170,2140889480,2140892657,1627359528850,1627359675217,7.050447269,-21.586642
209,1627419219123,7.099328434,2141397912,2141400745,1627395472798,1627393571590,7.084343642,-25.647533
210,1627445973973,7.126083284,2141906344,2141908872,1627427518082,1627427467962,7.118240014,-18.506011
211,1627467531110,7.147640421,2142414776,2142417006,1627459532403,1627461364334,7.152136386,-6.166776
212,1627503742005,7.183851316,2142923208,2142925142,1627495526121,1627495260706,7.186032758,-8.481299
213,1627542354755,7.222464066,2143431640,2143433251,1627527517072,1627529157078,7.219929130,-13.197677
214,1627571227943,7.251337254,2143940072,2143943249,1627563550588,1627563053450,7.253825502,-8.174493
215,1627602318160,7.282427471,2144448505,2144451369,1627595522153,1627596949889,7.287721941,-5.368271
216,1627641121119,7.321230430,2144956937,2144959491,1627631530615,1627630846261,7.321618313,-10.274858
217,1627679240227,7.359349538,2145465369,2145467625,1627663494462,1627664742633,7.355514685,-14.497594
218,1627709743833,7.389853144,2145973801,2145975725,1627699495992,1627698639005,7.389411057,-11.104828
219,1627739850926,7.419960237,2146482233,2146483862,1627731545151,1627732535377,7.423307429,-7.315549
220,1627777750871,7.457860182,2146990665,2146993872,1627767500937,1627766431750,7.457203802,-11.319121
221,1627823943507,7.504052818,2147499097,2147502002,1627799546019,1627800328122,7.491100174,-23.615385
222,1627848734455,7.528843766,2148007529,2148010138,1627835512795,1627834224494,7.524996546,-14.509961
223,1627874652663,7.554761974,2148515962,2148518249,1627867550881,1627868120933,7.558892985,-6.531730
224,1627914113756,7.594223067,2149024394,2149026370,1627903533792,1627902017305,7.592789357,-12.096451
225,1627955815963,7.635925274,2149532826,2149534491,1627935542796,1627935913677,7.626685729,-19.902286
226,1627980050186,7.660159497,2150041258,2150044474,1627971577651,1627969810049,7.660582101,-10.240137
227,1628014115837,7.694225148,2150549690,2150552571,1628003545007,1628003706421,7.694478473,-10.409416
228,1628043214730,7.723324041,2151058122,2151060710,1628039525842,1628037602793,7.728374845,-5.611937
229,1628078083753,7.758193064,2151566554,2151568851,1628071556084,1628071499165,7.762271217,-6.584588
230,1628111327538,7.791436849,2152074986,2152076964,1628103552910,1628105395538,7.796167590,-5.932000
231,1628147221791,7.827331102,2152583419,2152585107,1628139571144,1628139291976,7.830064028,-7.929815
232,1628179066658,7.859175969,2153091851,2153095089,1628171532663,1628173188348,7.863960400,-5.878310
233,1628214173443,7.894282754,2153600283,2153603182,1628207519413,1628207084721,7.897856773,-7.088722
234,1628249889142,7.929998453,2154108715,2154111362,1628239510676,1628240981093,7.931753145,-8.908049
235,1628283727273,7.963836584,2154617147,2154619448,1628275517302,1628274877465,7.965649517,-8.849808
236,1628317358256,7.997467567,2155125579,2155127558,1628307540746,1628308773837,7.999545889,-8.584419
237,1628353536189,8.033645500,2155634011,2155635719,1628343530710,1628342670209,8.033442261,-10.865980
238,1628386056155,8.066165466,2156142444,2156145724,1628375512767,1628376566648,8.067338700,-9.489507
239,1628418289178,8.098398489,2156650876,2156653839,1628411548316,1628410463020,8.101235072,-7.826158
240,1628454572265,8.134681576,2157159308,2157162006,1628443566564,1628444359392,8.135131444,-10.212873
241,1628499205146,8.179314457,2157667740,2157670124,1628479519530,1628478255764,8.169027816,-20.949382
242,1628527005830,8.207115141,2158176172,2158178264,1628511564225,1628512152136,8.202924188,-14.853694
243,1628558581260,8.238690571,2158684604,2158686382,1628547573952,1628546048509,8.236820561,-12.532751
244,1628587186065,8.267295376,2159193036,2159194523,1628579585624,1628579944881,8.270716933,-7.241184
245,1628628637539,8.308746850,2159701468,2159704509,1628615511979,1628613841253,8.304613305,-14.796286
246,1628655270331,8.335379642,2160209901,2160212659,1628647582297,1628647737692,8.338509744,-7.532639
247,1628689925643,8.370034954,2160718333,2160720774,1628683537809,1628681634064,8.372406116,-8.291579
248,1628723951802,8.404061113,2161226765,2161228893,1628715565226,1628715530436,8.406302488,-8.421366
249,1628766041214,8.446150525,2161735197,2161737065,1628747547002,1628749426808,8.440198860,-16.614406
250,1628791389281,8.471498592,2162243629,2162245133,1628783567694,1628783323180,8.474095232,-8.066101
251,1628825600739,8.505710050,2162752061,2162755130,1628815597996,1628817219552,8.507991604,-8.381187
252,1628859861077,8.539970388,2163260493,2163263254,1628851573999,1628851115924,8.541887976,-8.745153
253,1628902615617,8.582724928,2163768925,2163771345,1628883550075,1628885012296,8.575784348,-17.603321
254,1628927664282,8.607773593,2164277358,2164279480,1628919575650,1628918908735,8.609680787,-8.755547
255,1628959856816,8.639966127,2164785790,2164787609,1628951585195,1628952805107,8.643577159,-7.051709
256,1628995889990,8.675999301,2165294222,2165295716,1628987580757,1628986701480,8.677473532,-9.188510
257,1629040075333,8.720184644,2165802654,2165805719,1629019543704,1629020597852,8.711369904,-19.477481
258,1629064257295,8.744366606,2166311086,2166313841,1629055535247,1629054494224,8.745266276,-9.763071
259,1629094132281,8.774241592,2166819518,2166821988,1629087570960,1629088390596,8.779162648,-5.741685
260,1629136299856,8.816409167,2167327950,2167330099,1629123538387,1629122286968,8.813059020,-14.012888
261,1629186102588,8.866211899,2167836383,2167838219,1629155546638,1629156183407,8.846955459,-29.919181
262,1629232141073,8.912250384,2168344815,2168346339,1629191519656,1629190079779,8.880851831,-42.061294
263,1629259925687,8.940034998,2168853247,2168856347,1629223551224,1629223976151,8.914748203,-35.949536
264,1629292735133,8.972844444,2169361679,2169364479,1629259524646,1629257872523,8.948644575,-34.862610
265,1629324062141,9.004171452,2169870111,2169872620,1629291575907,1629291768895,8.982540947,-32.293246
266,1629351605716,9.031715027,2170378543,2170380718,1629327562153,1629325665267,9.016437319,-25.940449
267,1629394411741,9.074521052,2170886975,2170888862,1629359583177,1629359561640,9.050333692,-34.850101
268,1629422840106,9.102949417,2171395408,2171396950,1629391571676,1629393458078,9.084230130,-29.382028
269,1629444871794,9.124981105,2171903840,2171906952,1629427567272,1629427354451,9.118126503,-17.517343
270,1629470711440,9.150820751,2172412272,2172415113,1629459546130,1629461250823,9.152022875,-9.460617
271,1629514007015,9.194116326,2172920704,2172923194,1629495573737,1629495147195,9.185919247,-18.859820
272,1629539024138,9.219133449,2173429136,2173431342,1629527552736,1629529043567,9.219815619,-9.980571
273,1629570104592,9.250213903,2173937568,2173939441,1629563543227,1629562939939,9.253711991,-7.164653
274,1629603818278,9.283927589,2174446000,2174447574,1629595595061,1629596836311,9.287608363,-6.981967
275,1629644246113,9.324355424,2174954432,2174957578,1629631571788,1629630732683,9.321504735,-13.513430
276,1629671493315,9.351602626,2175462865,2175465711,1629663608088,1629664629122,9.355401174,-6.864193
277,1629713048251,9.393157562,2175971297,2175973836,1629699590134,1629698525494,9.389297546,-14.522757
278,1629747953382,9.428062693,2176479729,2176481913,1629731593781,1629732421866,9.423193918,-15.531516
279,1629781572013,9.461681324,2176988161,2176990006,1629767550145,1629766318238,9.457090290,-15.253775
280,1629808242102,9.488351413,2177496593,2177498125,1629799577071,1629800214611,9.490986663,-8.027491
281,1629844224575,9.524333886,2178005025,2178008110,1629835591979,1629834110983,9.524883035,-10.113592
282,1629875241380,9.555350691,2178513457,2178516248,1629867627937,1629868007355,9.558779407,-7.234025
283,1629910140087,9.590249398,2179021889,2179024383,1629903595264,1629901903727,9.592675779,-8.236360
284,1629943869845,9.623979156,2179530322,2179532507,1629935617295,1629935800166,9.626572218,-8.069679
285,1629974714957,9.654824268,2180038754,2180040679,1629971580565,1629969696538,9.660468590,-5.018419
286,1630012456743,9.692566054,2180547186,2180548803,1630003604583,1630003592910,9.694364962,-8.863833
287,1630054645449,9.734754760,2181055618,2181058830,1630035610898,1630037489282,9.728261334,-17.156167
288,1630081224830,9.761334141,2181564050,2181566964,1630071598220,1630071385654,9.762157706,-9.839176
289,1630110110116,9.790219427,2182072482,2182075095,1630103564137,1630105282026,9.796054078,-4.828090
290,1630148938134,9.829047445,2182580914,2182583191,1630139598020,1630139178399,9.829950451,-9.759735
291,1630191678130,9.871787441,2183089346,2183091325,1630171559565,1630173074771,9.863846823,-18.603359
292,1630224935682,9.905044993,2183597779,2183599419,1630207611740,1630206971209,9.897743261,-17.964473
293,1630246445885,9.926555196,2184106211,2184109461,1630239584974,1630240867582,9.931639634,-5.578303
294,1630287675404,9.967784715,2184614643,2184617548,1630275579575,1630274763954,9.965536006,-12.911450
295,1630332961429,10.013070740,2185123075,2185125654,1630307578887,1630308660326,9.999432378,-24.301103
296,1630357982666,10.038091977,2185631507,2185633795,1630343568189,1630342556698,10.033328750,-15.425968
297,1630382256695,10.062366006,2186139939,2186141886,1630375637088,1630376453070,10.067225122,-5.803625
298,1630423492749,10.103602060,2186648371,2186650014,1630411617397,1630410349442,10.101121494,-13.143307
299,1630466735467,10.146844778,2187156804,2187160022,1630443628107,1630444245881,10.135017933,-22.489586
300,1630491437937,10.171547248,2187665236,2187668115,1630479576109,1630478142253,10.168914305,-13.295684
301,1630518388920,10.198498231,2188173668,2188176243,1630511579697,1630512038625,10.202810677,-6.350295
302,1630555539168,10.235648479,2188682100,2188684355,1630547698337,1630545934997,10.236707049,-9.604171
303,1630592246603,10.272355914,2189190532,2189192464,1630579612805,1630579831369,10.270603421,-12.415234
304,1630621334076,10.301443387,2189698964,2189700570,1630615582385,1630613727742,10.304499794,-7.606334
305,1630656304385,10.336413696,2190207396,2190210568,1630647725842,1630647624114,10.338396166,-8.680271
306,1630687525137,10.367634448,2190715828,2190718689,1630679763619,1630681520486,10.372292538,-6.004651
307,1630733935533,10.414044844,2191224261,2191226858,1630715601674,1630715416925,10.406188977,-18.518608
308,1630760996517,10.441105828,2191732693,2191734972,1630747610190,1630749313297,10.440085349,-11.683220
309,1630791426102,10.471535413,2192241125,2192243157,1630783748146,1630783209669,10.473981721,-8.216433
310,1630823790480,10.503899791,2192749557,2192751333,1630815650174,1630817106041,10.507878093,-6.684439
311,1630861202239,10.541311550,2193257989,2193261279,1630851615988,1630851002413,10.541774465,-10.199826
312,1630892395481,10.572504792,2193766421,2193769396,1630883741307,1630884898785,10.575670837,-7.496696
313,1630926917030,10.607026341,2194274853,2194277544,1630919629309,1630918795157,10.609567209,-8.121873
314,1630959796892,10.639906203,2194783285,2194785664,1630951760149,1630952691530,10.643463582,-7.105362
315,1630998106466,10.678215777,2195291718,2195293767,1630987588646,1630986587968,10.677360020,-11.518498
316,1631027412311,10.707521622,2195800150,2195801884,1631019637676,1631020484340,10.711256392,-6.927971
317,1631064129497,10.744238808,2196308582,2196311901,1631055749780,1631054380713,10.745152765,-9.748784
318,1631095493464,10.775602775,2196817014,2196820012,1631087602662,1631088277085,10.779049137,-7.216379
319,1631142449412,10.822558723,2197325446,2197328173,1631123616898,1631122173457,10.812945509,-20.275955
320,1631167250508,10.847359819,2197833878,2197836288,1631155612159,1631156069829,10.846841881,-11.180679
321,1631199126077,10.879235388,2198342310,2198344407,1631191575293,1631189966201,10.880738253,-9.159876
322,1631232904510,10.913013821,2198850743,2198852495,1631223673538,1631223862640,10.914634692,-9.041870
323,1631281081419,10.961190730,2199359175,2199362461,1631259593536,1631257759012,10.948531064,-23.322407
324,1631310251057,10.990360368,2199867607,2199870588,1631291645445,1631291655384,10.982427436,-18.595673
325,1631344105913,11.024215224,2200376039,2200378742,1631323647749,1631325551756,11.016323808,-18.554157
326,1631371828498,11.051937809,2200884471,2200886884,1631359625197,1631359448128,11.050220180,-12.380370
327,1631416782915,11.096892226,2201392903,2201395004,1631391596173,1631393344501,11.084116553,-23.438414
328,1631441671226,11.121780537,2201901335,2201903118,1631427634804,1631427240873,11.118012925,-14.430353
329,1631468884780,11.148994091,2202409767,2202413090,1631459598473,1631461137245,11.151909297,-7.747535
330,1631505394481,11.185503792,2202918200,2202921236,1631495777431,1631495033684,11.185805736,-10.360797
331,1631552116359,11.232225670,2203426632,2203429365,1631527606373,1631528930056,11.219702108,-23.186303
332,1631577097189,11.257206500,2203935064,2203937535,1631563605975,1631562826428,11.253598480,-14.270761
333,1631602273214,11.282382525,2204443496,2204445657,1631595710477,1631596722800,11.287494852,-5.550414
334,1631640491882,11.320601193,2204951928,2204953794,1631631721564,1631630619172,11.321391224,-9.872710
335,1631690164243,11.370273554,2205460360,2205461920,1631663614247,1631664515544,11.355287596,-25.648699
336,1631718103183,11.398212494,2205968792,2205971874,1631699649267,1631698411916,11.389183968,-19.691267
337,1631738915689,11.419025000,2206477225,2206479997,1631731673220,1631732308355,11.423080407,-6.607334
338,1631778196858,11.458306169,2206985657,2206988082,1631767750861,1631766204727,11.456976779,-11.992131
339,1631823133670,11.503242981,2207494089,2207496156,1631799635886,1631800101099,11.490873151,-23.032571
340,1631851294841,11.531404152,2208002521,2208004298,1631835596464,1631833997472,11.524769524,-17.297369
341,1631874397395,11.554506706,2208510953,2208512429,1631867690722,1631867893844,11.558665896,-6.503551
342,1631914711629,11.594820940,2209019385,2209022428,1631903600053,1631901790216,11.592562268,-12.921413
343,1631959128132,11.639237443,2209527817,2209530555,1631935647420,1631935686588,11.626458640,-23.441544
344,1631986525805,11.666635116,2210036249,2210038694,1631967624132,1631969582960,11.660355012,-16.942845
345,1632011215650,11.691324961,2210544682,2210546810,1632003647146,1632003479399,11.694251451,-7.736251
346,1632043605425,11.723714736,2211053114,2211054933,1632035764682,1632037375771,11.728147823,-6.229654
347,1632089186099,11.769295410,2211561546,2211563047,1632071651503,1632071272143,11.762044195,-17.913956
348,1632118057381,11.798166692,2212069978,2212073037,1632103632628,1632105168515,11.795940567,-12.888866
349,1632146512352,11.826621663,2212578410,2212581172,1632139762758,1632139064887,11.829836939,-7.447465
350,1632179362950,11.859472261,2213086842,2213089299,1632171775451,1632172961259,11.863733311,-6.401691
351,1632229842616,11.909951927,2213595274,2213597474,1632207694563,1632206857632,11.897629684,-22.984984
352,1632259543840,11.939653151,2214103706,2214105621,1632239639136,1632240754004,11.931526056,-18.789836
353,1632285472631,11.965581942,2214612139,2214613726,1632275795275,1632274650443,11.965422495,-10.822188
354,1632318323137,11.998432448,2215120571,2215123770,1632307620843,1632308546815,11.999318867,-9.776322
355,1632358691778,12.038801089,2215629003,2215631911,1632343620316,1632342443187,12.033215239,-16.248591
356,1632387513338,12.067622649,2216137435,2216140032,1632375736531,1632376339559,12.067111611,-11.173779
357,1632421277708,12.101387019,2216645867,2216648151,1632411768823,1632410235931,12.101007983,-11.041777
358,1632453853329,12.133962640,2217154299,2217156293,1632443713896,1632444132303,12.134904355,-9.721026
359,1632498018408,12.178127719,2217662731,2217664431,1632479635973,1632478028675,12.168800727,-19.989733
360,1632525101550,12.205210861,2218171164,2218174432,1632511632845,1632511925114,12.202697166,-13.176436
361,1632555430870,12.235540181,2218679596,2218682554,1632547679097,1632545821486,12.236593538,-9.609384
362,1632592535873,12.272645184,2219188028,2219190647,1632579798099,1632579717858,12.270489910,-12.818015
363,1632641793058,12.321902369,2219696460,2219698750,1632611646836,1632613614230,12.304386282,-28.178828
364,1632665321128,12.345430439,2220204892,2220206853,1632647735361,1632647510603,12.338282655,-17.810525
365,1632690646468,12.370755779,2220713324,2220714992,1632679639527,1632681406975,12.372179027,-9.239493
366,1632725830373,12.405939684,2221221756,2221225001,1632715810439,1632715303347,12.406075399,-10.527026
367,1632769297104,12.449406415,2221730188,2221733116,1632747631221,1632749199719,12.439971771,-20.097385
368,1632793514818,12.473624129,2222238621,2222241242,1632783739388,1632783096158,12.473868210,-10.418660
369,1632822379947,12.502489258,2222747053,2222749363,1632815631194,1632816992530,12.507764582,-5.387417
370,1632865009223,12.545118534,2223255485,2223257440,1632851635697,1632850888902,12.541660954,-14.120321
371,1632917024936,12.597134247,2223763917,2223765632,1632883646596,1632884785274,12.575557326,-32.239662
372,1632944903695,12.625013006,2224272349,2224275616,1632919735193,1632918681646,12.609453698,-26.222049
373,1632969420984,12.649530295,2224780781,2224783761,1632951645421,1632952578018,12.643350070,-16.842966
374,1632997125606,12.677234917,2225289213,2225291844,1632987806417,1632986474391,12.677246443,-10.651215
375,1633045772105,12.725881416,2225797645,2225799965,1633019654238,1633020370763,12.711142815,-25.401342
376,1633072007813,12.752117124,2226306078,2226308077,1633055639311,1633054267201,12.745039253,-17.740612
377,1633096436310,12.776545621,2226814510,2226816212,1633087653810,1633088163574,12.778935626,-8.272736
378,1633133782457,12.813891768,2227322942,2227326240,1633123753929,1633122059946,12.812831998,-11.722511
379,1633181412989,12.861522300,2227831374,2227834337,1633155701246,1633155956318,12.846728370,-25.456671
380,1633208220772,12.888330083,2228339806,2228342482,1633191665123,1633189852690,12.880624742,-18.368082
381,1633231026259,12.911135570,2228848238,2228850614,1633223700978,1633223749062,12.914521114,-7.277197
382,1633263946400,12.944055711,2229356670,2229358767,1633255672289,1633257645434,12.948417486,-6.300966
383,1633313138269,12.993247580,2229865103,2229866912,1633291679795,1633291541873,12.982313925,-21.596396
384,1633337459143,13.017568454,2230373535,2230375039,1633323663883,1633325438245,13.016210297,-12.020898
385,1633366551266,13.046660577,2230881967,2230885038,1633359825067,1633359334617,13.050106669,-7.216649
386,1633401546905,13.081656216,2231390399,2231393147,1633391648816,1633393230989,13.084003041,-8.315916
387,1633448400106,13.128509417,2231898831,2231901301,1633427656037,1633427127362,13.117899414,-21.272744
388,1633474659595,13.154768906,2232407263,2232409443,1633459677690,1633461023734,13.151795786,-13.635861
389,1633503056953,13.183166264,2232915695,2232917553,1633495696550,1633494920106,13.185692158,-8.136847
390,1633536312594,13.216421905,2233424127,2233425684,1633527707748,1633528816478,13.219588530,-7.496116
391,1633583241233,13.263350544,2233932560,2233935666,1633563717932,1633562712917,13.253484969,-20.528316
392,1633608869511,13.288978822,2234440992,2234443812,1633595662869,1633596609289,13.287381341,-12.260222
393,1633638451189,13.318560500,2234949424,2234951931,1633631693588,1633630505661,13.321277713,-7.945528
394,1633671829364,13.351938675,2235457856,2235460062,1633663719920,1633664402033,13.355174085,-7.427331
395,1633721528090,13.401637401,2235966288,2235968179,1633699680926,1633698298405,13.389070457,-23.229685
396,1633746806468,13.426915779,2236474720,2236476300,1633731671838,1633732194777,13.422966829,-14.611691
397,1633775650581,13.455759892,2236983152,2236986296,1633767801351,1633766091149,13.456863201,-9.559432
398,1633808103248,13.488212559,2237491585,2237494415,1633799714358,1633799987588,13.490759640,-8.115660
399,1633847118906,13.527228217,2238000017,2238002534,1633835743950,1633833883960,13.524656012,-13.234946
400,1633875410533,13.555519844,2238508449,2238510657,1633867840666,1633867780332,13.558552384,-7.630201
401,1633907012936,13.587122247,2239016881,2239018761,1633899783693,1633901676705,13.592448757,-5.336231
402,1633944680128,13.624789439,2239525313,2239526913,1633935803992,1633935573077,13.626345129,-9.107051
403,1633985330588,13.665439899,2240033745,2240036892,1633967683242,1633969469449,13.660241501,-15.861139
404,1634011606020,13.691715331,2240542177,2240545050,1634003668740,1634003365821,13.694137873,-8.240199
405,1634042618442,13.722727753,2241050609,2241053189,1634035807316,1634037262193,13.728034245,-5.356249
406,1634080892578,13.761001889,2241559042,2241561302,1634071798939,1634071158632,13.761930684,-9.733946
407,1634122543854,13.802653165,2242067474,2242069414,1634103712053,1634105055004,13.795827056,-17.488850
408,1634148013281,13.828122592,2242575906,2242577517,1634139669759,1634138951376,13.829723428,-9.061905
409,1634180755625,13.860864936,2243084338,2243087525,1634171670439,1634172847748,13.863619800,-7.907877
410,1634215407651,13.895516962,2243592770,2243595692,1634207662563,1634206744120,13.897516172,-8.663531
411,1634261828666,13.941937977,2244101202,2244103829,1634239687892,1634240640493,13.931412545,-21.188173
412,1634288527028,13.968636339,2244609634,2244611956,1634275685851,1634274536865,13.965308917,-13.990163
413,1634314285706,13.994395017,2245118066,2245120093,1634307719188,1634308433237,13.999205289,-5.852469
414,1634352067106,14.032176417,2245626499,2245628235,1634343682211,1634342329676,14.033101728,-9.737430
415,1634392753437,14.072862748,2246134931,2246138224,1634375709152,1634376226048,14.066998100,-16.527389
416,1634419609077,14.099718388,2246643363,2246646316,1634411670631,1634410122420,14.100894472,-9.486657
417,1634450788110,14.130897421,2247151795,2247154435,1634443734838,1634444018792,14.134790844,-6.769318
418,1634487944497,14.168053808,2247660227,2247662577,1634479659556,1634477915164,14.168687216,-10.029333
419,1634529592356,14.209701667,2248168659,2248170724,1634511697041,1634511811536,14.202583588,-17.780820
420,1634553437597,14.233546908,2248677091,2248678869,1634543748461,1634545707908,14.236479960,-7.729689
421,1634588218537,14.268327848,2249185524,2249187005,1634579741381,1634579604347,14.270376399,-8.614190
422,1634620499600,14.300608911,2249693956,2249697022,1634611691073,1634613500719,14.304272771,-6.998881
423,1634661804472,14.341913783,2250202388,2250205161,1634647707871,1634647397091,14.338169143,-14.407381
424,1634687371842,14.367481153,2250710820,2250713272,1634679684555,1634681293464,14.372065516,-6.078378
425,1634724610135,14.404719446,2251219252,2251221397,1634715714005,1634715189836,14.405961888,-9.420299
426,1634755447315,14.435556626,2251727684,2251729506,1634747726694,1634749086208,14.439858260,-6.361107
427,1634792196096,14.472305407,2252236116,2252237614,1634783696095,1634782982580,14.473754632,-9.213516
428,1634824594684,14.504703995,2252744548,2252747634,1634815733501,1634816878952,14.507651004,-7.715732
429,1634864185155,14.544294466,2253252981,2253255750,1634851736446,1634850775391,14.541547443,-13.409764
430,1634893915670,14.574024981,2253761413,2253763857,1634883708372,1634884671763,14.575443815,-9.243907
431,1634929419542,14.609528853,2254269845,2254271962,1634919734807,1634918568135,14.609340187,-10.851407
432,1634959452493,14.639561804,2254778277,2254780079,1634951823676,1634952464507,14.643236559,-6.987986
433,1634995146382,14.675255693,2255286709,2255288213,1634987673462,1634986360879,14.677132931,-8.785503
434,1635028951944,14.709061255,2255795141,2255798237,1635019704990,1635020257251,14.711029303,-8.694693
435,1635062459803,14.742569114,2256303573,2256306349,1635055759047,1635054153624,14.744925676,-8.306179
436,1635095771494,14.775880805,2256812005,2256814472,1635087687095,1635088049996,14.778822048,-7.721498
437,1635131483217,14.811592528,2257320438,2257322626,1635123731688,1635121946435,14.812718487,-9.536782
438,1635163392548,14.843501859,2257828870,2257830785,1635155696474,1635155842807,14.846614859,-7.549741
439,1635197712132,14.877821443,2258337302,2258338892,1635187747418,1635189739179,14.880511231,-7.972953
440,1635234921509,14.915030820,2258845734,2258848876,1635223748902,1635223635551,14.914407603,-11.285958
441,1635263029751,14.943139062,2259354166,2259357025,1635255706297,1635257531923,14.948303975,-5.497828
442,1635301467228,14.981576539,2259862598,2259865132,1635291764193,1635291428295,14.982200347,-10.038933
443,1635340121343,15.020230654,2260371030,2260373276,1635323704383,1635325324667,15.016096719,-14.796676
444,1635370876259,15.050985570,2260879463,2260881384,1635359727039,1635359221106,15.049993158,-11.655153
445,1635398449373,15.078558684,2261387895,2261389517,1635391747737,1635393117478,15.083889530,-5.331895
446,1635440057040,15.120166351,2261896327,2261899519,1635427757034,1635427013850,15.117785902,-13.043190
447,1635493466772,15.173576083,2262404759,2262407651,1635459698546,1635460910222,15.151682274,-32.556550
448,1635527889516,15.207998827,2262913191,2262915782,1635495692341,1635494806595,15.185578647,-33.082921
449,1635554249812,15.234359123,2263421623,2263423942,1635527736672,1635528702967,15.219475019,-25.546845
450,1635580588565,15.260697876,2263930055,2263932099,1635563737397,1635562599339,15.253371391,-17.989226
451,1635629385589,15.309494900,2264438487,2264440184,1635595744148,1635596495711,15.287267763,-32.889878
452,1635653052501,15.333161812,2264946920,2264950199,1635631748713,1635630392150,15.321164202,-22.660351
453,1635674312547,15.354421858,2265455352,2265458341,1635663724621,1635664288522,15.355060574,-10.024025
454,1635708133661,15.388242972,2265963784,2265966431,1635699705912,1635698184894,15.388956946,-9.948767
455,1635751095473,15.431204784,2266472216,2266474557,1635731761933,1635732081266,15.422853318,-19.014207
456,1635777443575,15.457552886,2266980648,2266982676,1635767694754,1635765977638,15.456749690,-11.465937
457,1635809311354,15.489420665,2267489080,2267490798,1635799764940,1635799874010,15.490646062,-9.437344
458,1635839820326,15.519929637,2267997512,2268000759,1635835695024,1635833770383,15.524542435,-6.049943
459,1635884637052,15.564746363,2268505945,2268508905,1635867719441,1635867666821,15.558438873,-16.970231
460,1635911418347,15.591527658,2269014377,2269017044,1635899751075,1635901563193,15.592335245,-9.855154
461,1635942985080,15.623094391,2269522809,2269525169,1635935710940,1635935459566,15.626231618,-7.525514
462,1635975429720,15.655539031,2270031241,2270033294,1635967736937,1635969355938,15.660127990,-6.073782
463,1636032061628,15.712170939,2270539673,2270541401,1636003735689,1636003252310,15.694024362,-28.809318
464,1636064037919,15.744147230,2271048105,2271051416,1636035719557,1636037148682,15.727920734,-26.889237
465,1636085727361,15.765836672,2271556537,2271559533,1636071710261,1636071045054,15.761817106,-14.682307
466,1636111916271,15.792025582,2272064969,2272067643,1636103730678,1636104941426,15.795713478,-6.974845
467,1636158419697,15.838529008,2272573402,2272575780,1636139733340,1636138837865,15.829609917,-19.581832
468,1636184539446,15.864648757,2273081834,2273083931,1636171824286,1636172734237,15.863506289,-11.805209
469,1636214373720,15.894483031,2273590266,2273592107,1636207781200,1636206630609,15.897402661,-7.743111
470,1636247718109,15.927827420,2274098698,2274100214,1636239762793,1636240526981,15.931299033,-7.191128
471,1636290465079,15.970574390,2274607130,2274610204,1636275716797,1636274423354,15.965195406,-16.041725
472,1636322362668,16.002471979,2275115562,2275118328,1636307750631,1636308319726,15.999091778,-14.042942
473,1636350643574,16.030752885,2275623994,2275626458,1636343755838,1636342216098,16.032988150,-8.427476
474,1636384251860,16.064361171,2276132426,2276134552,1636375779624,1636376112470,16.066884522,-8.139390
475,1636423250845,16.103360156,2276640859,2276642708,1636411763649,1636410008909,16.100780961,-13.241936
476,1636452143010,16.132252321,2277149291,2277150832,1636443765938,1636443905281,16.134677333,-8.237729
477,1636482313523,16.162422834,2277657723,2277660845,1636479719117,1636477801653,16.168573705,-4.511870
478,1636523301372,16.203410683,2278166155,2278168889,1636511786652,1636511698025,16.202470077,-11.603347
479,1636567739078,16.247848389,2278674587,2278677056,1636543739748,1636545594397,16.236366449,-22.144681
480,1636592853727,16.272963038,2279183019,2279185192,1636579748328,1636579490769,16.270262821,-13.362958
481,1636618420398,16.298529709,2279691451,2279693305,1636611734028,1636613387141,16.304159193,-5.033257
482,1636657817618,16.337926929,2280199884,2280201455,1636647797891,1636647283580,16.338055632,-10.534038
483,1636695925943,16.376035254,2280708316,2280711426,1636679747727,1636681179952,16.371952004,-14.745991
484,1636723732460,16.403841771,2281216748,2281219562,1636715767481,1636715076324,16.405848376,-8.656136
485,1636755797767,16.435907078,2281725180,2281727687,1636747792746,1636748972697,16.439744749,-6.825070
486,1636795935063,16.476044374,2282233612,2282235782,1636783796041,1636782869069,16.473641121,-13.065994
487,1636843634623,16.523743934,2282742044,2282743923,1636815734334,1636816765441,16.507537493,-26.869182
488,1636868433275,16.548542586,2283250476,2283252064,1636851763236,1636850661813,16.541433865,-17.771462
489,1636890831089,16.570940400,2283758908,2283762047,1636883808218,1636884558185,16.575330237,-6.272904
490,1636931326885,16.611436196,2284267341,2284270182,1636919795608,1636918454624,16.609226676,-12.872261
491,1636973411108,16.653520419,2284775773,2284778302,1636951762989,1636952350996,16.643123048,-21.060112
492,1636999033720,16.679143031,2285284205,2285286425,1636987799905,1636986247368,16.677019420,-12.786352
493,1637026631751,16.706741062,2285792637,2285794558,1637019839014,1637020143740,16.710915792,-6.488011
494,1637066814810,16.746924121,2286301069,2286302688,1637055791971,1637054040112,16.744812164,-12.774698
495,1637109520286,16.789629597,2286809501,2286812688,1637087795939,1637087936485,16.778708537,-21.583801
496,1637134405006,16.814514317,2287317933,2287320835,1637123756176,1637121832857,16.812604909,-12.572149
497,1637164146737,16.844256048,2287826365,2287828986,1637155747286,1637155729229,16.846501281,-8.417508
498,1637195524208,16.875633519,2288334798,2288337108,1637187827411,1637189625668,16.880397720,-5.898540
499,1637242258298,16.922367609,2288843230,2288845212,1637223774435,1637223522040,16.914294092,-18.736258
500,1637268237996,16.948347307,2289351662,2289353337,1637255756670,1637257418412,16.948190464,-10.819584
501,1637299518261,16.979627572,2289860094,2289863335,1637291880914,1637291314784,16.982086836,-8.203477
502,1637333110607,17.013219918,2290368526,2290371471,1637323860449,1637325211156,17.015983208,-7.899451
503,1637378285126,17.058394437,2290876958,2290879625,1637359759078,1637359107528,17.049879580,-19.177598
504,1637404752167,17.084861478,2291385390,2291387740,1637391868934,1637393003900,17.083775952,-11.748267
505,1637435684016,17.115793327,2291893823,2291895847,1637427914748,1637426900339,17.117672391,-8.783677
506,1637467437210,17.147546521,2292402255,2292403995,1637459879177,1637460796711,17.151568763,-6.640499
507,1637504383677,17.184492988,2292910687,2292913998,1637495857716,1637494693083,17.185465135,-9.690594
508,1637536091512,17.216200823,2293419119,2293422106,1637527943483,1637528589456,17.219361508,-7.502056
509,1637575933594,17.256042905,2293927551,2293930221,1637563856923,1637562485828,17.253257880,-13.447766
510,1637606430680,17.286539991,2294435983,2294438351,1637595769847,1637596382200,17.287154252,-10.048480
511,1637641075296,17.321184607,2294944415,2294946456,1637631830701,1637630278572,17.321050624,-10.796724
512,1637682146921,17.362256232,2295452848,2295454592,1637663763739,1637664175011,17.354947063,-17.971910
513,1637715322929,17.395432240,2295961280,2295964578,1637699782980,1637698071383,17.388843435,-17.251546
514,1637741363743,17.421473054,2296469712,2296472691,1637731839318,1637731967755,17.422739807,-9.395988
515,1637771362684,17.451471995,2296978144,2296980817,1637767845208,1637765864127,17.456636179,-5.498557
516,1637813144465,17.493253776,2297486576,2297488926,1637799846507,1637799760499,17.490532551,-13.383966
517,1637854084922,17.534194233,2297995008,2297997054,1637831780630,1637833656871,17.524428923,-20.428051
518,1637878177475,17.558286786,2298503440,2298505159,1637867803550,1637867553243,17.558325295,-10.624232
519,1637908636927,17.588746238,2299011872,2299015141,1637899772743,1637901449616,17.592221668,-7.187311
520,1637944224502,17.624333813,2299520305,2299523243,1637935774662,1637935346054,17.626118106,-8.878448
521,1637982844068,17.662953379,2300028737,2300031387,1637967780918,1637969242427,17.660014479,-13.601641
522,1638012611886,17.692721197,2300537169,2300539511,1638003824355,1638003138799,17.693910851,-9.473087
523,1638042251393,17.722360704,2301045601,2301047575,1638035770059,1638037035171,17.727807223,-5.216222
524,1638080522038,17.760631349,2301554033,2301555663,1638071957847,1638070931543,17.761703595,-9.590495
525,1638129469960,17.809579271,2302062465,2302065679,1638103787073,1638104827915,17.795599967,-24.642045
526,1638159987810,17.840097121,2302570897,2302573775,1638139789523,1638138724287,17.829496339,-21.263523
527,1638182203821,17.862313132,2303079329,2303081907,1638171896540,1638172620659,17.863392711,-9.583162
528,1638215937339,17.896046650,2303587762,2303590034,1638207766296,1638206517098,17.897289150,-9.420241
529,1638262796106,17.942905417,2304096194,2304098131,1638239792700,1638240413470,17.931185522,-22.382636
530,1638287618524,17.967727835,2304604626,2304606248,1638275787639,1638274309842,17.965081894,-13.308682
531,1638314382385,17.994491696,2305113058,2305116237,1638307825590,1638308206214,17.998978266,-6.176171
532,1638355189833,18.035299144,2305621490,2305624367,1638343904890,1638342102587,18.032874639,-13.087246
533,1638399018398,18.079127709,2306129922,2306132533,1638375841682,1638375998959,18.066771011,-23.019439
534,1638426919791,18.107029102,2306638354,2306640677,1638411796654,1638409895331,18.100667383,-17.024460
535,1638450911325,18.131020636,2307146786,2307148815,1638443928449,1638443791703,18.134563755,-7.119622
536,1638483691200,18.163800511,2307655219,2307656922,1638475965044,1638477688142,18.168460194,-6.003058
537,1638525968122,18.206077433,2308163651,2308166930,1638511828165,1638511584514,18.202356566,-14.383608
538,1638551588729,18.231698040,2308672083,2308675009,1638543903684,1638545480886,18.236252938,-6.107843
539,1638587307658,18.267416969,2309180515,2309183164,1638579951889,1638579377258,18.270149310,-7.930400
540,1638620756259,18.300865570,2309688947,2309691327,1638611822323,1638613273630,18.304045682,-7.482629
541,1638664250939,18.344360250,2310197379,2310199455,1638647794290,1638647170002,18.337942054,-17.080937
542,1638689647097,18.369756408,2310705811,2310707530,1638679792206,1638681066375,18.371838427,-8.580722
543,1638724179371,18.404288682,2311214244,2311217538,1638715855821,1638714962813,18.405734865,-9.216558
544,1638755570749,18.435680060,2311722676,2311725637,1638747867317,1638748859185,18.439631237,-6.711564
545,1638790411213,18.470520524,2312231108,2312233780,1638783885958,1638782755558,18.473527610,-7.655655
546,1638823977413,18.504086724,2312739540,2312741920,1638815832236,1638816651930,18.507423982,-7.325483
547,1638865730266,18.545839577,2313247972,2313250077,1638851793138,1638850548302,18.541320354,-15.181964
548,1638901019095,18.581128406,2313756404,2313758212,1638883945117,1638884444674,18.575216726,-16.574421
549,1638941305651,18.621414962,2314264836,2314266323,1638919801479,1638918341046,18.609113098,-22.964605
550,1638970023562,18.650132873,2314773268,2314776327,1638951824781,1638952237418,18.643009470,-17.786144
551,1638995833630,18.675942941,2315281701,2315284491,1638987891783,1638986133857,18.676905909,-9.699773
552,1639027671711,18.707781022,2315790133,2315792635,1639019985436,1639020030229,18.710802281,-7.641482
553,1639061068258,18.741177569,2316298565,2316300732,1639055818388,1639053926601,18.744698653,-7.141657
554,1639099366896,18.779476207,2316806997,2316808846,1639087834744,1639087822973,18.778595025,-11.543923
555,1639132629907,18.812739218,2317315429,2317316971,1639119879186,1639121719346,18.812491398,-10.910561
556,1639165825711,18.845935022,2317823861,2317826981,1639155980993,1639155615718,18.846387770,-10.209993
557,1639202203350,18.882312661,2318332293,2318335052,1639187822678,1639189512090,18.880284142,-12.691260
558,1639235243958,18.915353269,2318840725,2318843209,1639223848540,1639223408462,18.914180514,-11.835496
559,1639262854130,18.942963441,2319349158,2319351379,1639255969977,1639257304901,18.948076953,-5.549229
560,1639301199828,18.981309139,2319857590,2319859483,1639291958135,1639291201273,18.981973325,-9.998555
561,1639342155162,19.022264473,2320366022,2320367571,1639323817497,1639325097645,19.015869697,-17.057517
562,1639368744067,19.048853378,2320874454,2320877590,1639359812808,1639358994017,19.049766069,-9.750050
563,1639399023290,19.079132601,2321382886,2321385684,1639391913825,1639392890389,19.083662441,-6.132901
564,1639438296186,19.118405497,2321891318,2321893824,1639427794447,1639426786761,19.117558813,-11.509425
565,1639484752074,19.164861385,2322399750,2322401983,1639459823401,1639460683133,19.151455185,-24.068941
566,1639509875221,19.189984532,2322908183,2322910126,1639495853510,1639494579572,19.185351624,-15.295649
567,1639534606659,19.214715970,2323416615,2323418270,1639527948157,1639528475944,19.219247996,-6.130715
568,1639573774389,19.253883700,2323925047,2323928277,1639563958573,1639562372317,19.253144369,-11.402072
569,1639616657590,19.296766901,2324433479,2324436384,1639595835864,1639596268689,19.287040741,-20.388901
570,1639641465427,19.321574738,2324941911,2324944484,1639631809194,1639630165061,19.320937113,-11.300366
571,1639671589138,19.351698449,2325450343,2325452586,1639663994488,1639664061433,19.354833485,-7.527705
572,1639703975514,19.384084825,2325958775,2325960722,1639699877614,1639697957805,19.388729857,-6.017709
573,1639744573904,19.424683215,2326467208,2326468847,1639731911139,1639731854244,19.422626296,-12.719660
574,1639773460874,19.453570185,2326975640,2326978856,1639763924440,1639765750616,19.456522668,-7.710258
575,1639812512541,19.492621852,2327484072,2327486989,1639799819371,1639799646988,19.490419040,-12.865553
576,1639839818881,19.519928192,2327992504,2327995092,1639831847100,1639833543360,19.524315412,-6.275521
577,1639874382521,19.554491832,2328500936,2328503209,1639867861990,1639867439732,19.558211784,-6.942789
578,1639908920891,19.589030202,2329009368,2329011335,1639899835125,1639901336104,19.592108156,-7.584787
579,1639946264838,19.626374149,2329517800,2329519434,1639935863008,1639935232477,19.626004529,-11.032361
580,1639981889597,19.661998908,2330026232,2330029484,1639967909362,1639969128849,19.659900901,-12.760748
581,1640016750111,19.696859422,2330534665,2330537592,1640003858620,1640003025287,19.693797339,-13.724824
582,1640047619665,19.727728976,2331043097,2331045731,1640035852068,1640036921660,19.727693712,-10.698005
583,1640081230396,19.761339707,2331551529,2331553806,1640071869935,1640070818032,19.761590084,-10.412364
584,1640116042856,19.796152167,2332059961,2332061948,1640103835921,1640104714404,19.795486456,-11.328452
585,1640158067966,19.838177277,2332568393,2332570085,1640139822443,1640138610776,19.829382828,-19.457190
586,1640190019704,19.870129015,2333076825,2333080110,1640171839126,1640172507148,19.863279200,-17.512556
587,1640218661485,19.898770796,2333585257,2333588181,1640207821863,1640206403520,19.897175572,-12.257965
588,1640247805023,19.927914334,2334093689,2334096347,1640239930046,1640240299892,19.931071944,-7.505131
589,1640292152497,19.972261808,2334602122,2334604454,1640275855688,1640274196331,19.964968383,-17.956166
590,1640332581268,20.012690579,2335110554,2335112591,1640307878051,1640308092703,19.998864755,-24.488565
591,1640357179053,20.037288364,2335618986,2335620726,1640343834988,1640341989075,20.032761127,-15.189978
592,1640383750714,20.063860025,2336127418,2336130681,1640375932511,1640375885448,20.066657500,-7.865266
593,1640418395190,20.098504501,2336635850,2336638822,1640407851599,1640409781820,20.100553872,-8.613370
594,1640454028211,20.134137522,2337144282,2337146982,1640443897603,1640443678192,20.134450244,-10.350019
595,1640488253492,20.168362803,2337652714,2337655043,1640475850603,1640477574564,20.168346616,-10.678928
596,1640523840710,20.203950021,2338161146,2338163183,1640511843715,1640511470936,20.202242988,-12.369774
597,1640571578666,20.251687977,2338669579,2338671312,1640543853103,1640545367375,20.236139427,-26.211291
598,1640596939558,20.277048869,2339178011,2339181296,1640579893668,1640579263747,20.270035799,-17.675811
599,1640620495706,20.300605017,2339686443,2339689453,1640611841819,1640613160119,20.303932171,-7.335587
600,1640656772730,20.336882041,2340194875,2340197554,1640647889874,1640647056491,20.337828543,-9.716239
601,1640701654404,20.381763715,2340703307,2340705668,1640679846407,1640680952863,20.371724915,-20.701541
602,1640727384440,20.407493751,2341211739,2341213801,1640715842282,1640714849235,20.405621287,-12.535205
603,1640754576661,20.434685972,2341720171,2341721913,1640747968756,1640748745608,20.439517660,-5.831053
604,1640792614220,20.472723531,2342228604,2342230069,1640783849139,1640782642046,20.473414098,-9.972174
605,1640837840718,20.517950029,2342737036,2342740058,1640815861758,1640816538419,20.507310471,-21.302299
606,1640863777363,20.543886674,2343245468,2343248190,1640851846591,1640850434791,20.541206843,-13.342572
607,1640891173300,20.571282611,2343753900,2343756269,1640883914100,1640884331163,20.575103215,-6.842137
608,1640927750780,20.607860091,2344262332,2344264387,1640919872056,1640918227535,20.608999587,-9.523245
609,1640971877796,20.651987107,2344770764,2344772528,1640951886215,1640952123907,20.642895959,-19.753889
610,1640995612534,20.675721845,2345279196,2345280650,1640987845615,1640986020279,20.676792331,-9.592255
611,1641031751635,20.711860946,2345787628,2345790674,1641019870265,1641019916651,20.710688703,-11.834984
612,1641063793746,20.743903057,2346296061,2346298792,1641051895784,1641053813090,20.744585142,-9.980656
613,1641115937407,20.796046718,2346804493,2346806934,1641087891764,1641087709462,20.778481514,-28.227945
614,1641140872505,20.820981816,2347312925,2347315029,1641119877236,1641121605834,20.812377886,-19.266671
615,1641164201627,20.844310938,2347821357,2347823181,1641155870985,1641155502206,20.846274258,-8.699421
616,1641195548868,20.875658179,2348329789,2348331357,1641187915328,1641189398579,20.880170631,-6.150289
617,1641241424187,20.921533498,2348838221,2348841334,1641223863798,1641223294951,20.914067003,-18.129236
618,1641267548384,20.947657695,2349346653,2349349399,1641255982289,1641257191323,20.947963375,-10.357061
619,1641299863351,20.979972662,2349855085,2349857530,1641291959202,1641291087695,20.981859747,-8.775656
620,1641333072971,21.013182282,2350363518,2350365633,1641323870696,1641324984134,21.015756186,-8.088837
621,1641380563850,21.060673161,2350871950,2350873757,1641359870465,1641358880506,21.049652558,-21.683344
622,1641408283315,21.088392626,2351380382,2351383699,1641391867411,1641392776878,21.083548930,-15.506437
623,1641438440513,21.118549824,2351888814,2351891827,1641427915156,1641426673250,21.117445302,-11.767263
624,1641467535757,21.147645068,2352397246,2352399968,1641459909714,1641460569622,21.151341674,-6.966135
625,1641505206011,21.185315322,2352905678,2352908090,1641495920981,1641494465994,21.185238046,-10.740017
626,1641535676878,21.215786189,2353414110,2353416209,1641527945941,1641528362367,21.219134419,-7.314511
627,1641571683379,21.251792690,2353922543,2353924362,1641563968353,1641562258805,21.253030857,-9.424574
628,1641604147057,21.284256368,2354430975,2354432478,1641595959025,1641596155177,21.286927229,-7.991880
629,1641645654161,21.325763472,2354939407,2354942497,1641631874164,1641630051550,21.320823602,-15.602611
630,1641671607232,21.351716543,2355447839,2355450652,1641664051218,1641663947922,21.354719974,-7.659310
631,1641706510360,21.386619671,2355956271,2355958769,1641696043485,1641697844294,21.388616346,-8.666066
632,1641744905884,21.425015195,2356464703,2356466914,1641731867904,1641731740666,21.422512718,-13.165218
633,1641789514465,21.469623776,2356973135,2356975039,1641763879638,1641765637038,21.456409090,-23.877427
634,1641815403485,21.495512796,2357481567,2357483166,1641799878972,1641799533410,21.490305462,-15.870075
635,1641838412856,21.518522167,2357990000,2357993176,1641831918976,1641833429849,21.524201901,-4.983007
636,1641877037363,21.557146674,2358498432,2358501302,1641867923959,1641867326221,21.558098273,-9.711142
637,1641922846281,21.602955592,2359006864,2359009433,1641899892414,1641901222593,21.591994645,-21.623688
638,1641948110395,21.628219706,2359515296,2359517561,1641935878394,1641935118965,21.625891017,-12.991430
639,1641974507174,21.654616485,2360023728,2360025700,1641967904203,1641969015338,21.659787390,-5.491836
640,1642011733578,21.691842889,2360532160,2360533890,1642003921502,1642002911710,21.693683762,-8.821868
641,1642052062146,21.732171457,2361040592,2361043880,1642035896474,1642036808082,21.727580134,-15.254064
642,1642079569961,21.759679272,2361549025,2361552005,1642071931172,1642070704521,21.761476573,-8.865440
643,1642112622673,21.792731984,2362057457,2362060162,1642103941224,1642104600893,21.795372945,-8.021780
644,1642151985534,21.832094845,2362565889,2362568250,1642139923690,1642138497265,21.829269317,-13.488269
645,1642198625725,21.878735036,2363074321,2363076428,1642171893823,1642172393637,21.863165689,-26.232088
646,1642225979613,21.906088924,2363582753,2363584560,1642207894112,1642206290009,21.897062061,-19.689604
647,1642249388121,21.929497432,2364091185,2364092714,1642239934733,1642240186381,21.930958433,-9.201740
648,1642287550048,21.967659359,2364599617,2364602736,1642275925169,1642274082753,21.964854805,-13.467295
649,1642333989303,22.014098614,2365108049,2365110849,1642307899428,1642307979125,21.998751177,-26.010178
650,1642358569383,22.038678694,2365616482,2365618985,1642339927084,1642341875564,22.032647616,-16.693819
651,1642382838500,22.062947811,2366124914,2366127083,1642375943390,1642375771936,22.066543988,-7.066564
652,1642416505388,22.096614699,2366633346,2366635199,1642407960319,1642409668309,22.100440361,-6.837079
653,1642458313624,22.138422935,2367141778,2367143313,1642443915639,1642443564681,22.134336733,-14.748943
654,1642485278201,22.165387512,2367650210,2367653318,1642475894531,1642477461053,22.168233105,-7.817148
655,1642522091644,22.202200955,2368158642,2368161455,1642511923488,1642511357425,22.202129477,-10.734219
656,1642553739008,22.233848319,2368667074,2368669545,1642543912114,1642545253797,22.236025849,-8.485211
657,1642605190196,22.285299507,2369175506,2369177699,1642579924331,1642579150169,22.269922221,-26.040027
658,1642634589653,22.314698964,2369683939,2369685815,1642611891479,1642613046608,22.303818660,-21.543045
659,1642658138532,22.338247843,2370192371,2370193933,1642647924311,1642646942980,22.337715032,-11.195552
660,1642688582170,22.368691481,2370700803,2370703951,1642679908924,1642680839352,22.371611404,-7.742818
661,1642736486661,22.416595972,2371209235,2371212114,1642715900567,1642714735724,22.405507776,-21.750937
662,1642766492707,22.446602018,2371717667,2371720243,1642747914601,1642748632096,22.439404148,-17.860611
663,1642790668308,22.470777619,2372226099,2372228361,1642783912924,1642782528469,22.473300521,-8.139839
664,1642823773098,22.503882409,2372734531,2372736495,1642815925279,1642816424841,22.507196893,-7.348257
665,1642864504512,22.544613823,2373242964,2373244643,1642851906521,1642850321280,22.541093332,-14.183232
666,1642891648097,22.571757408,2373751396,2373754650,1642883963601,1642884217652,22.574989704,-7.430445
667,1642931971069,22.612080380,2374259828,2374262748,1642919933258,1642918114024,22.608886076,-13.857045
668,1642959665116,22.639774427,2374768260,2374770880,1642951943682,1642952010396,22.642782448,-7.654720
669,1642997173286,22.677282597,2375276692,2375279001,1642983958093,1642985906768,22.676678820,-11.266518
670,1643028430333,22.708539644,2375785124,2375787158,1643019985161,1643019803140,22.710575192,-8.627193
671,1643062602094,22.742711405,2376293556,2376295274,1643051944034,1643053699512,22.744471564,-8.902582
672,1643095671233,22.775780544,2376801988,2376805294,1643087916171,1643087595884,22.778367936,-8.075349
673,1643136820294,22.816929605,2377310421,2377313400,1643119931446,1643121492323,22.812264375,-15.327971
674,1643164489156,22.844598467,2377818853,2377821502,1643155985690,1643155388695,22.846160747,-9.100461
675,1643198007921,22.878117232,2378327285,2378329635,1643187915084,1643189285067,22.880057119,-8.722854
676,1643232258638,22.912367949,2378835717,2378837720,1643223974912,1643223181440,22.913953492,-9.077198
677,1643274613559,22.954722870,2379344149,2379345855,1643255935821,1643257077812,22.947849864,-17.535747
678,1643301225913,22.981335224,2379852581,2379855852,1643291948162,1643290974184,22.981746236,-10.251729
679,1643332097784,23.012207095,2380361013,2380364010,1643324040177,1643324870556,23.015642608,-7.227228
680,1643371569432,23.051678743,2380869445,2380872146,1643360037093,1643358766928,23.049538980,-12.802504
681,1643417912942,23.098022253,2381377878,2381380270,1643392125258,1643392663367,23.083435419,-25.249575
682,1643443838882,23.123948193,2381886310,2381888389,1643427944040,1643426559739,23.117331791,-17.279143
683,1643466779317,23.146888628,2382394742,2382396538,1643460048370,1643460456111,23.151228163,-6.323206
684,1643509023207,23.189132518,2382903174,2382904654,1643496071698,1643494352483,23.185124535,-14.670724
685,1643550275182,23.230384493,2383411606,2383414655,1643527954665,1643528248855,23.219020907,-22.026327
686,1643575706913,23.255816224,2383920038,2383922795,1643563959639,1643562145228,23.252917280,-13.561685
687,1643602939927,23.283049238,2384428470,2384430963,1643596046339,1643596041600,23.286813652,-6.898327
688,1643636681516,23.316790827,2384936903,2384939081,1643628096560,1643629938038,23.320710090,-6.743478
689,1643684074197,23.364183508,2385445335,2385447233,1643663951000,1643663834411,23.354606463,-20.239786
690,1643716273625,23.396382936,2385953767,2385955343,1643695944878,1643697730783,23.388502835,-18.542842
691,1643738531610,23.418640921,2386462199,2386465365,1643731937867,1643731627155,23.422399207,-6.904455
692,1643772084307,23.452193618,2386970631,2386973473,1643763966674,1643765523527,23.456295579,-6.560780
693,1643816656793,23.496766104,2387479063,2387481597,1643799971489,1643799419899,23.490191951,-17.236894
694,1643847148256,23.527257567,2387987495,2387989718,1643831949248,1643833316271,23.524088323,-13.831985
695,1643874718997,23.554828308,2388495927,2388497825,1643867918757,1643867212643,23.557984695,-7.506354
696,1643910630369,23.590739680,2389004360,2389005970,1643899933118,1643901109082,23.591881134,-9.521287
697,1643953180983,23.633290294,2389512792,2389515939,1643935954682,1643935005454,23.625777506,-18.175529
698,1643979636166,23.659745477,2390021224,2390024075,1643967928966,1643968901826,23.659673878,-10.734340
699,1644014699110,23.694808421,2390529656,2390532220,1644004050670,1644002798198,23.693570250,-11.900912
700,1644045449638,23.725558949,2391038088,2391040347,1644036111570,1644036694571,23.727466623,-8.755067
701,1644087874717,23.767984028,2391546520,2391548484,1644071929810,1644070590943,23.761362995,-17.283774
702,1644111610150,23.791719461,2392054952,2392056592,1644103976902,1644104487315,23.795259367,-7.122835
703,1644147108423,23.827217734,2392563385,2392566643,1644139984299,1644138383754,23.829155806,-8.724669
704,1644183318006,23.863427317,2393071817,2393074784,1644172142012,1644172280126,23.863052178,-11.037880
705,1644230126264,23.910235575,2393580249,2393582892,1644207929538,1644206176498,23.896948550,-23.949766
706,1644256252692,23.936362003,2394088681,2394091011,1644240034145,1644240072870,23.930844922,-16.179822
707,1644278907606,23.959016917,2394597113,2394599163,1644272164975,1644273969242,23.964741294,-4.938364
708,1644316163456,23.996272767,2395105545,2395107276,1644308018059,1644307865614,23.998637666,-8.297842
709,1644361352806,24.041462117,2395613977,2395617288,1644339972117,1644341761986,24.032534038,-19.590820
710,1644386164562,24.066273873,2396122409,2396125419,1644376075193,1644375658359,24.066430411,-10.506203
711,1644414527998,24.094637309,2396630842,2396633563,1644408011252,1644409554797,24.100326849,-4.973201
712,1644452163011,24.132272322,2397139274,2397141687,1644444081605,1644443451169,24.134223221,-8.711842
713,1644493786164,24.173895475,2397647706,2397649804,1644475963911,1644477347542,24.168119594,-16.438622
714,1644519525346,24.199634657,2398156138,2398157938,1644512043295,1644511243914,24.202015966,-8.281432
715,1644550718952,24.230828263,2398664570,2398666063,1644544026657,1644545140286,24.235912338,-5.578666
716,1644588745235,24.268854546,2399173002,2399176081,1644580112292,1644579036658,24.269808710,-9.708577
717,1644639133356,24.319242667,2399681434,2399684188,1644612021708,1644612933030,24.303705082,-26.200326
718,1644664186115,24.344295426,2400189866,2400192315,1644647992350,1644646829402,24.337601454,-17.356713
719,1644688079310,24.368188621,2400698299,2400700441,1644680079499,1644680725841,24.371497893,-7.353469
720,1644729339350,24.409448661,2401206731,2401208557,1644716108830,1644714622213,24.405394265,-14.717137
721,1644778348591,24.458457902,2401715163,2401716680,1644747973183,1644748518585,24.439290637,-29.830006
722,1644804919066,24.485028377,2402223595,2402226686,1644783933252,1644782414957,24.473187009,-22.504109
723,1644833650303,24.513759614,2402732027,2402734835,1644816089513,1644816311330,24.507083382,-17.338973
724,1644868041405,24.548150716,2403240459,2403242954,1644851968664,1644850207702,24.540979754,-17.833703
725,1644915580292,24.595689603,2403748891,2403751047,1644883966302,1644884104074,24.574876126,-31.476218
726,1644941756392,24.621865703,2404257324,2404259171,1644916032852,1644918000513,24.608772565,-23.755879
727,1644965008722,24.645118033,2404765756,2404767297,1644951974268,1644951896885,24.642668937,-13.111837
728,1644991543222,24.671652533,2405274188,2405277309,1644984125551,1644985793257,24.676565309,-5.749965
729,1645037446236,24.717555547,2405782620,2405785453,1645019981636,1645019689629,24.710461681,-17.756607
730,1645063248316,24.743357627,2406291052,2406293545,1645052018793,1645053586001,24.744358053,-9.662315
731,1645096368208,24.776477519,2406799484,2406801715,1645088073251,1645087482373,24.778254425,-8.885835
732,1645127716286,24.807825597,2407307916,2407309815,1645120119989,1645121378745,24.812150797,-6.337541
733,1645169151854,24.849261165,2407816348,2407817948,1645155995895,1645155275117,24.846047169,-13.876737
734,1645195887886,24.875997197,2408324781,2408327932,1645188041730,1645189171556,24.879943608,-6.716330
735,1645231700140,24.911809451,2408833213,2408836041,1645224030572,1645223067928,24.913839980,-8.632212
736,1645263702670,24.943811981,2409341645,2409344144,1645256153765,1645256964301,24.947736353,-6.738369
737,1645311039108,24.991148419,2409850077,2409852330,1645292026930,1645290860673,24.981632725,-20.178435
738,1645341353920,25.021463231,2410358509,2410360459,1645324042787,1645324757045,25.015529097,-16.596875
739,1645366746652,25.046855963,2410866941,2410868542,1645360029980,1645358653417,25.049425469,-8.093235
740,1645400202830,25.080312141,2411375373,2411378532,1645392016790,1645392549789,25.083321841,-7.653041
741,1645444841066,25.124950377,2411883805,2411886668,1645428027263,1645426446161,25.117218213,-18.394905
742,1645472992715,25.153102026,2412392238,2412394769,1645459990925,1645460342600,25.151114652,-12.650115
743,1645502760042,25.182869353,2412900670,2412902904,1645496140594,1645494238972,25.185011024,-8.521070
744,1645535835926,25.215945237,2413409102,2413411040,1645528133112,1645528135344,25.218907396,-7.700582
745,1645579274207,25.259383518,2413917534,2413919177,1645560062579,1645562031716,25.252803768,-17.242491
746,1645608681401,25.288790712,2414425966,2414429198,1645596115331,1645595928088,25.286700140,-12.753313
747,1645634844238,25.314953549,2414934398,2414937373,1645627980583,1645629824461,25.320596513,-5.019777
748,1645672775793,25.352885104,2415442830,2415445468,1645664154589,1645663720833,25.354492885,-9.054960
749,1645718013568,25.398122879,2415951263,2415953574,1645695992233,1645697617272,25.388389324,-20.396296
750,1645744618969,25.424728280,2416459695,2416461727,1645732035649,1645731513644,25.422285696,-13.105325
751,1645770830238,25.450939549,2416968127,2416969854,1645764169181,1645765410016,25.456182068,-5.420222
752,1645814987302,25.495096613,2417476559,2417479870,1645799990639,1645799306388,25.490078440,-15.680914
753,1645868110920,25.548220231,2417984991,2417987979,1645831992682,1645833202760,25.523974812,-34.908160
754,1645893373389,25.573482700,2418493423,2418496095,1645867973014,1645867099132,25.557871184,-26.274257
755,1645916379453,25.596488764,2419001855,2419004231,1645900063056,1645900995504,25.591767556,-15.383949
756,1645945199118,25.625308429,2419510288,2419512322,1645936139565,1645934891943,25.625663995,-10.307175
757,1645991458724,25.671568035,2420018720,2420020459,1645968025920,1645968788315,25.659560367,-22.670409
758,1646024141073,25.704250384,2420527152,2420530471,1646004029269,1646002684687,25.693456739,-21.456386
759,1646047283640,25.727392951,2421035584,2421038583,1646036005233,1646036581059,25.727353111,-10.702581
760,1646080210453,25.760319764,2421544016,2421546759,1646072147428,1646070477432,25.761249484,-9.733021
761,1646129015387,25.809124698,2422052448,2422054900,1646104068901,1646104373804,25.795145856,-24.641583
762,1646170600861,25.850710172,2422560880,2422563030,1646140021667,1646138270176,25.829042228,-32.330685
763,1646205457443,25.885566754,2423069312,2423071129,1646171995048,1646172166548,25.862938600,-33.290895
764,1646235593011,25.915702322,2423577745,2423579252,1646204064904,1646206062987,25.896835039,-29.530024
765,1646256413221,25.936522532,2424086177,2424089237,1646240113821,1646239959359,25.930731411,-16.453862
766,1646281342477,25.961451788,2424594609,2424597368,1646272141434,1646273855731,25.964627783,-7.486746
767,1646318211717,25.998321028,2425103041,2425105454,1646308034039,1646307752103,25.998524155,-10.459614
768,1646351491708,26.031601019,2425611473,2425613611,1646340053167,1646341648475,26.032420527,-9.843233
769,1646382777258,26.062886569,2426119905,2426121721,1646376061993,1646375544847,26.066316899,-7.232411
770,1646416361242,26.096470553,2426628337,2426629853,1646408040869,1646409441220,26.100213272,-6.920022
771,1646463461526,26.143570837,2427136769,2427139846,1646444010671,1646443337592,26.134109644,-20.123934
772,1646491748988,26.171858299,2427645202,2427647934,1646476006007,1646477234030,26.168006082,-14.514958
773,1646519092255,26.199201566,2428153634,2428156058,1646512089644,1646511130403,26.201902455,-7.961852
774,1646554135350,26.234244661,2428662066,2428664158,1646544151741,1646545026775,26.235798827,-9.108575
775,1646596907370,26.277016681,2429170498,2429172276,1646580009850,1646578923147,26.269695199,-17.984223
776,1646624673569,26.304782880,2429678930,2429680404,1646612050752,1646612819519,26.303591571,-11.854050
777,1646656740777,26.336850088,2430187362,2430190425,1646648069596,1646646715891,26.337487943,-10.024886
778,1646690124126,26.370233437,2430695794,2430698579,1646680191076,1646680612263,26.371384315,-9.511863
779,1646746656259,26.426765570,2431204226,2431206694,1646716026486,1646714508635,26.405280687,-32.147624
780,1646771723930,26.451833241,2431712659,2431714869,1646748125209,1646748405074,26.439177126,-23.318856
781,1646792383525,26.472492836,2432221091,2432223001,1646783997036,1646782301446,26.473073498,-10.082079
782,1646824030927,26.504140238,2432729523,2432731104,1646816050856,1646816197818,26.506969870,-7.833109
783,1646868469292,26.548578603,2433237955,2433241080,1646852011171,1646850094191,26.540866243,-18.375101
784,1646893166302,26.573275613,2433746387,2433749201,1646884072658,1646883990563,26.574762615,-9.175739
785,1646922688691,26.602798002,2434254819,2434257328,1646916039655,1646917886935,26.608658987,-4.801756
786,1646960515333,26.640624644,2434763251,2434765462,1646952144732,1646951783307,26.642555359,-8.732026
787,1647002700582,26.682809893,2435271684,2435273607,1646984045149,1646985679746,26.676451798,-17.020836
788,1647028544520,26.708653831,2435780116,2435781755,1647020097672,1647019576118,26.710348170,-8.968402
789,1647058659655,26.738768966,2436288548,2436291745,1647052130601,1647053472490,26.744244542,-5.187165
790,1647096634918,26.776744229,2436796980,2436799859,1647088175303,1647087368862,26.778140914,-9.266056
791,1647145176003,26.825285314,2437305412,2437308019,1647120054015,1647121265234,26.812037286,-23.910769
792,1647172402160,26.852511471,2437813844,2437816162,1647156044491,1647155161606,26.845933658,-17.240554
793,1647194612561,26.874721872,2438322276,2438324263,1647188031457,1647189057978,26.879830030,-5.554583
794,1647232789059,26.912898370,2438830708,2438832380,1647224172835,1647222954351,26.913726403,-9.834708
795,1647279354619,26.959463930,2439339141,2439342408,1647256052891,1647256850789,26.947622841,-22.503830
796,1647306441252,26.986550563,2439847573,2439850532,1647292061775,1647290747161,26.981519213,-15.694091
797,1647332977400,27.013086711,2440356005,2440358629,1647324152412,1647324643534,27.015415586,-8.333866
798,1647371495474,27.051604785,2440864437,2440866739,1647360206183,1647358539906,27.049311958,-12.955568
799,1647425576851,27.105686162,2441372869,2441374850,1647392109617,1647392436278,27.083208330,-33.140573
800,1647451137363,27.131246674,2441881301,2441882988,1647428015913,1647426332650,27.117104702,-24.804713
801,1647473405828,27.153515139,2442389733,2442392985,1647460088309,1647460229022,27.151001074,-13.176806
802,1647500826685,27.180935996,2442898165,2442901109,1647496036852,1647494125394,27.184897446,-6.701291
803,1647541902137,27.222011448,2443406598,2443409264,1647528039313,1647528021833,27.218793885,-13.880304
804,1647568020679,27.248129990,2443915030,2443917377,1647560052168,1647561918205,27.252690257,-6.102474
805,1647602847835,27.282957146,2444423462,2444425515,1647596179430,1647595814577,27.286586629,-7.033258
806,1647636595144,27.316704455,2444931894,2444933622,1647628092144,1647629710949,27.320483001,-6.884195
807,1647682653639,27.362762950,2445440326,2445443608,1647664080315,1647663607322,27.354379374,-19.046317
808,1647708866288,27.388975599,2445948758,2445951724,1647696061674,1647697503694,27.388275746,-11.362594
809,1647738942391,27.419051702,2446457190,2446459859,1647732223613,1647731400066,27.422172118,-7.542325
810,1647775312576,27.455421887,2446965623,2446967935,1647764214432,1647765296505,27.456068557,-10.016071
811,1647822291758,27.502401069,2447474055,2447476055,1647800057604,1647799192877,27.489964929,-23.098881
812,1647848901781,27.529011092,2447982487,2447984231,1647832070697,1647833089249,27.523861301,-15.812532
813,1647874957922,27.555067233,2448490919,2448494215,1647868207919,1647866985621,27.557757673,-7.972301
814,1647908307549,27.588416860,2448999351,2449002305,1647900138207,1647900881993,27.591654045,-7.425556
815,1647951933093,27.632042404,2449507783,2449510403,1647936096943,1647934778365,27.625550417,-17.154728
816,1647975844123,27.655953434,2450016215,2450018524,1647968173173,1647968674737,27.659446789,-7.169386
817,1648011121906,27.691231217,2450524648,2450526683,1648004105977,1648002571176,27.693343228,-8.550730
818,1648050186617,27.730295928,2451033080,2451034825,1648036236904,1648036467548,27.727239600,-13.719069
819,1648095304120,27.775413431,2451541512,2451544829,1648072088324,1648070363920,27.761135972,-24.940200
820,1648122941340,27.803050651,2452049944,2452052961,1648104090904,1648104260293,27.795032345,-18.681047
821,1648148984087,27.829093398,2452558376,2452561090,1648140040558,1648138156665,27.828928717,-10.827422
822,1648181759674,27.861868985,2453066808,2453069246,1648172258536,1648172053037,27.862825089,-9.706637
823,1648228781003,27.908890314,2453575240,2453577388,1648204099610,1648205949409,27.896721461,-22.831594
824,1648252063608,27.932172919,2454083672,2454085524,1648240068801,1648239845781,27.930617833,-12.217827
825,1648278701575,27.958810886,2454592105,2454593637,1648272205344,1648273742220,27.964514272,-4.959355
826,1648318520774,27.998630085,2455100537,2455103622,1648308109978,1648307638592,27.998410644,-10.882182
827,1648361146808,28.041256119,2455608969,2455611791,1648340051975,1648341534964,28.032307016,-19.611844
828,1648384867909,28.064977220,2456117401,2456119902,1648376115967,1648375431336,28.066203388,-9.436573
829,1648414955306,28.095064617,2456625833,2456628024,1648408101602,1648409327708,28.100099760,-5.627598
830,1648457475162,28.137584473,2457134265,2457136206,1648444105169,1648443224080,28.133996132,-14.251082
831,1648511463382,28.191572693,2457642697,2457644317,1648476059309,1648477120453,28.167892505,-34.342929
832,1648536312735,28.216422046,2458151129,2458154322,1648512139990,1648511016825,28.201788877,-25.295910
833,1648558323575,28.238432886,2458659562,2458662427,1648544090731,1648544913264,28.235685316,-13.410311
834,1648587838977,28.267948288,2459167994,2459170549,1648580114048,1648578809636,28.269581688,-9.029341
835,1648630984926,28.311094237,2459676426,2459678683,1648612074068,1648612706008,28.303478060,-18.278918
836,1648656950765,28.337060076,2460184858,2460186797,1648648058256,1648646602380,28.337374432,-10.348385
837,1648689715077,28.369824388,2460693290,2460694897,1648680142082,1648680498752,28.371270804,-9.216325
838,1648723777486,28.403886797,2461201722,2461204876,1648716046492,1648714395124,28.405167176,-9.382362
839,1648763811447,28.443920758,2461710154,2461712993,1648748088499,1648748291496,28.439063548,-15.519951
840,1648790210824,28.470320135,2462218586,2462221124,1648784049367,1648782187868,28.472959920,-8.022956
841,1648822738537,28.502847848,2462727019,2462729205,1648816140780,1648816084307,28.506856359,-6.654230
842,1648857434071,28.537543382,2463235451,2463237343,1648848148323,1648849980679,28.540752731,-7.453392
843,1648901798777,28.581908088,2463743883,2463745466,1648884097063,1648883877051,28.574649103,-17.921726
844,1648926564664,28.606673975,2464252315,2464255467,1648916093152,1648917773424,28.608545476,-8.791240
845,1648961383404,28.641492715,2464760747,2464763576,1648952108406,1648951669796,28.642441848,-9.713608
846,1648991862825,28.671972136,2465269179,2465271699,1648984120029,1648985566168,28.676338220,-6.296657
847,1649033104427,28.713213738,2465777611,2465779805,1649020073616,1649019462540,28.710234592,-13.641887
848,1649059859875,28.739969186,2466286044,2466287947,1649052146386,1649053358979,28.744131031,-6.500896
849,1649095484337,28.775593648,2466794476,2466796092,1649088074755,1649087255351,28.778027403,-8.228986
850,1649128158004,28.808267315,2467302908,2467306042,1649120160182,1649121151723,28.811923775,-7.006281
851,1649169919322,28.850028633,2467811340,2467814176,1649156133232,1649155048095,28.845820147,-14.871227
852,1649197081216,28.877190527,2468319772,2468322298,1649188115561,1649188944467,28.879716519,-8.136749
853,1649233524905,28.913634216,2468828204,2468830393,1649224182322,1649222840839,28.913612891,-10.684066
854,1649264017617,28.944126928,2469336636,2469338519,1649256206598,1649256737212,28.947509264,-7.280405
855,1649304919332,28.985028643,2469845068,2469846639,1649292072601,1649290633584,28.981405636,-14.285748
856,1649334386385,29.014495696,2470353501,2470356665,1649324175562,1649324530022,29.015302074,-9.856363
857,1649373502211,29.053611522,2470861933,2470864790,1649360171636,1649358426395,29.049198447,-15.075816
858,1649408724106,29.088833417,2471370365,2471372909,1649392189265,1649392322767,29.083094819,-16.401339
859,1649445488372,29.125597683,2471878797,2471881008,1649428069192,1649426219139,29.116991191,-19.269233
860,1649469544515,29.149653826,2472387229,2472389164,1649460091629,1649460115511,29.150887563,-9.429004
861,1649499147187,29.179256498,2472895661,2472897301,1649492130970,1649494011883,29.184783935,-5.135304
862,1649536038684,29.216147995,2473404093,2473407298,1649528099286,1649527908255,29.218680307,-8.130429
863,1649568775363,29.248884674,2473912525,2473915385,1649560096616,1649561804627,29.252576679,-6.970736
864,1649605882824,29.285992135,2474420958,2474423489,1649596091779,1649595701066,29.286473118,-10.181758
865,1649634793135,29.314902446,2474929390,2474931572,1649628088984,1649629597438,29.320369490,-5.195697
866,1649673162503,29.353271814,2475437822,2475439725,1649664104502,1649663493810,29.354265862,-9.668693
867,1649709021548,29.389130859,2475946254,2475947876,1649696085616,1649697390183,29.388162235,-11.631365
868,1649739923521,29.420032832,2476454686,2476457870,1649732183515,1649731286555,29.422058607,-8.636966
869,1649771923045,29.452032356,2476963118,2476965994,1649764218298,1649765182927,29.455954979,-6.740118
870,1649810343350,29.490452661,2477471550,2477474147,1649800101580,1649799079299,29.489851351,-11.264051
871,1649846752779,29.526862090,2477979983,2477982246,1649832132347,1649832975738,29.523747790,-13.777041
872,1649876201305,29.556310616,2478488415,2478490395,1649868114657,1649866872110,29.557644162,-9.329195
873,1649906985344,29.587094655,2478996847,2478998529,1649900115529,1649900768482,29.591540534,-6.216862
874,1649950545152,29.630654463,2479505279,2479508513,1649936144366,1649934664854,29.625436906,-15.880298
875,1649993870215,29.673979526,2480013711,2480016620,1649968116692,1649968561226,29.659333278,-25.308989
876,1650024573635,29.704682946,2480522143,2480524745,1650004087123,1650002457598,29.693229650,-22.116037
877,1650047621263,29.727730574,2481030575,2481032900,1650036134192,1650036353970,29.727126022,-11.267293
878,1650075865732,29.755975043,2481539007,2481541006,1650072085991,1650070250343,29.761022395,-5.615389
879,1650113448567,29.793557878,2482047440,2482049089,1650104109130,1650104146781,29.794918833,-9.301786
880,1650145287472,29.825396783,2482555872,2482559124,1650136235038,1650138043154,29.828815206,-7.244318
881,1650185433737,29.865543048,2483064304,2483067258,1650172153112,1650171939526,29.862711578,-13.494211
882,1650223583130,29.903692441,2483572736,2483575383,1650204130027,1650205835898,29.896607950,-17.747232
883,1650257745238,29.937854549,2484081168,2484083511,1650240102482,1650239732270,29.930504322,-18.012968
884,1650285391186,29.965500497,2484589600,2484591633,1650272108473,1650273628642,29.964400694,-11.762544
885,1650316970377,29.997079688,2485098032,2485099752,1650308104542,1650307525014,29.998297066,-9.445363
886,1650348710514,30.028819825,2485606465,2485609751,1650340108347,1650341421453,30.032193505,-7.289061
887,1650383174220,30.063283531,2486114897,2486117857,1650376108998,1650375317825,30.066089877,-7.856395
888,1650416298163,30.096407474,2486623329,2486625983,1650408106526,1650409214197,30.099986249,-7.083966
889,1650458438886,30.138548197,2487131761,2487134098,1650444147381,1650443110569,30.133882621,-15.328317
890,1650490079175,30.170188486,2487640193,2487642221,1650476119003,1650477006941,30.167778993,-13.072234
891,1650525209423,30.205318734,2488148625,2488150351,1650512119439,1650510903314,30.201675366,-14.306109
892,1650555430559,30.235539870,2488657057,2488660357,1650544117875,1650544799686,30.235571738,-10.630873
893,1650591927471,30.272036782,2489165489,2489168473,1650580106717,1650578696058,30.269468110,-13.231413
894,1650628857398,30.308966709,2489673922,2489676631,1650612189730,1650612592497,30.303364549,-16.264901
895,1650664859737,30.344969048,2490182354,2490184741,1650648121909,1650646488869,30.337260921,-18.370868
896,1650690397260,30.370506571,2490690786,2490692846,1650680148201,1650680385241,30.371157293,-10.012019
897,1650718891297,30.399000608,2491199218,2491200973,1650716145581,1650714281613,30.405053665,-4.609684
898,1650755715178,30.435824489,2491707650,2491709111,1650748120394,1650748177985,30.438950037,-7.537193
899,1650790427967,30.470537278,2492216082,2492219114,1650780132586,1650782074357,30.472846409,-8.353610
900,1650827454256,30.507563567,2492724514,2492727224,1650816133582,1650815970729,30.506742781,-11.483527
901,1650856377946,30.536487257,2493232946,2493235348,1650848149584,1650849867102,30.540639154,-6.510844
902,1650895640561,30.575749872,2493741379,2493743467,1650884114654,1650883763540,30.574535592,-11.877021
903,1650933567983,30.613677294,2494249811,2494251606,1650916134116,1650917659912,30.608431964,-15.908071
904,1650962917517,30.643026828,2494758243,2494759713,1650952138765,1650951556285,30.642328337,-11.361232
905,1650990654050,30.670763361,2495266675,2495269746,1650984143475,1650985452657,30.676224709,-5.201393
906,1651031046408,30.711155719,2495775107,2495777874,1651020131828,1651019349029,30.710121081,-11.697379
907,1651074696423,30.754805734,2496283539,2496286000,1651052151107,1651053245401,30.744017453,-21.451022
908,1651099880474,30.779989785,2496791971,2496794119,1651088136512,1651087141773,30.777913825,-12.738701
909,1651126804551,30.806913862,2497300404,2497302217,1651120136165,1651121038212,30.811810264,-5.766339
910,1651164678973,30.844788284,2497808836,2497810316,1651156128848,1651154934584,30.845706636,-9.744389
911,1651202666648,30.882775959,2498317268,2498320290,1651188152196,1651188830956,30.879603008,-13.835692
912,1651231638188,30.911747499,2498825700,2498828448,1651224128696,1651222727328,30.913499380,-8.910860
913,1651262665593,30.942774904,2499334132,2499336579,1651256172556,1651256623700,30.947395752,-6.041893
914,1651305201995,30.985311306,2499842564,2499844698,1651292118751,1651290520072,30.981292124,-14.681923
915,1651349064417,31.029173728,2500350996,2500352778,1651324142976,1651324416445,31.015188497,-24.647972
916,1651374190187,31.054299498,2500859428,2500862742,1651360168014,1651358312817,31.049084869,-15.877370
917,1651400869083,31.080978394,2501367861,2501370860,1651392146085,1651392209256,31.082981308,-8.659827
918,1651432249237,31.112358548,2501876293,2501878949,1651424154041,1651426105628,31.116877680,-6.143609
919,1651472814647,31.152923958,2502384725,2502387056,1651460205754,1651460002000,31.150774052,-12.812647
920,1651499894468,31.180003779,2502893157,2502895180,1651492142036,1651493898372,31.184670424,-5.996096
921,1651537218875,31.217328186,2503401589,2503403258,1651528159191,1651527794744,31.218566796,-9.424131
922,1651567823677,31.247932988,2503910021,2503913268,1651560140705,1651561691116,31.252463168,-6.132561
923,1651602757785,31.282867096,2504418453,2504421412,1651596146678,1651595587488,31.286359540,-7.170297
924,1651635835515,31.315944826,2504926885,2504929538,1651628144295,1651629483860,31.320255912,-6.351655
925,1651677842115,31.357951426,2505435318,2505437692,1651664195345,1651663380299,31.354152351,-14.461816
926,1651710215903,31.390325214,2505943750,2505945837,1651696152090,1651697276671,31.388048723,-12.939232
927,1651740912960,31.421022271,2506452182,2506453966,1651732142016,1651731173043,31.421945095,-9.739917
928,1651771862165,31.451971476,2506960614,2506962068,1651764165485,1651765069416,31.455841468,-6.792749
929,1651809480631,31.489589942,2507469046,2507472085,1651800156783,1651798965788,31.489737840,-10.514843
930,1651839780852,31.519890163,2507977478,2507980201,1651832183159,1651832862160,31.523634212,-6.918692
931,1651875910430,31.556019741,2508485910,2508488363,1651868138702,1651866758532,31.557530584,-9.151898
932,1651908769676,31.588878987,2508994343,2508996495,1651900163523,1651900654971,31.591427023,-8.114705
933,1651944750509,31.624859820,2509502775,2509504653,1651936144375,1651934551343,31.625323395,-10.199166
934,1651975738588,31.655847899,2510011207,2510012750,1651968158336,1651968447715,31.659219767,-7.290873
935,1652011172092,31.691281403,2510519639,2510522738,1652004152652,1652002344087,31.693116139,-8.828005
936,1652044833257,31.724942568,2511028071,2511030854,1652036191506,1652036240459,31.727012511,-8.592798
937,1652075334168,31.755443479,2511536503,2511538988,1652068183430,1652070136831,31.760908883,-5.197337
938,1652116787560,31.796896871,2512044935,2512047147,1652104167158,1652104033204,31.794805256,-12.754356
939,1652153300437,31.833409748,2512553367,2512555273,1652136172589,1652137929576,31.828701628,-15.370861
940,1652179834058,31.859943369,2513061800,2513063398,1652172152828,1652171826014,31.862598066,-8.008044
941,1652210725396,31.890834707,2513570232,2513573409,1652204166901,1652205722387,31.896494439,-5.003009
942,1652249431032,31.929540343,2514078664,2514081500,1652240156763,1652239618759,31.930390811,-9.812273
943,1652288487932,31.968597243,2514587096,2514589651,1652272172633,1652273515131,31.964287183,-14.972801
944,1652321317481,32.001426792,2515095528,2515097781,1652308180804,1652307411503,31.998183555,-13.905978
945,1652346819936,32.026929247,2515603960,2515605897,1652340178598,1652341307875,32.032079927,-5.512061
946,1652385344271,32.065453582,2516112392,2516114030,1652376155837,1652375204247,32.065976299,-10.140024
947,1652425216229,32.105325540,2516620825,2516623986,1652408197281,1652409100686,32.099872738,-16.115543
948,1652453317162,32.133426473,2517129257,2517132120,1652444167365,1652442997058,32.133769110,-10.320104
949,1652482725115,32.162834426,2517637689,2517640235,1652476215613,1652476893430,32.167665482,-5.831685
950,1652520380527,32.200489838,2518146121,2518148341,1652512152402,1652510789802,32.201561854,-9.590725
951,1652562751321,32.242860632,2518654553,2518656485,1652544190586,1652544686175,32.235458227,-18.065146
952,1652588217577,32.268326888,2519162985,2519164606,1652580174136,1652578582547,32.269354599,-9.635030
953,1652618859682,32.298968993,2519671417,2519674591,1652612177718,1652612478919,32.303250971,-6.380763
954,1652657983238,32.338092549,2520179849,2520182705,1652648216099,1652646375291,32.337147343,-11.607947
955,1652699612157,32.379721468,2520688282,2520690855,1652680185247,1652680271730,32.371043782,-19.340427
956,1652726385136,32.406494447,2521196714,2521199008,1652712197233,1652714168102,32.404940154,-12.217034
957,1652754959787,32.435069098,2521705146,2521707151,1652748174597,1652748064474,32.438836526,-6.895313
958,1652791618200,32.471727511,2522213578,2522215294,1652780176991,1652781960846,32.472732898,-9.657354
959,1652838629567,32.518738878,2522722010,2522725316,1652816187850,1652815857218,32.506629270,-22.772349
960,1652861792200,32.541901511,2523230442,2523233452,1652848197321,1652849753590,32.540525642,-12.038610
961,1652890667709,32.570777020,2523738874,2523741562,1652884181074,1652883649962,32.574422014,-7.017747
962,1652925654497,32.605763808,2524247306,2524249687,1652916184897,1652917546335,32.608318387,-8.108162
963,1652970172613,32.650281924,2524755739,2524757772,1652952203686,1652951442773,32.642214825,-18.729840
964,1652995067457,32.675176768,2525264171,2525265892,1652984188403,1652985339146,32.676111198,-9.728311
965,1653027702450,32.707811761,2525772603,2525775886,1653020171743,1653019235518,32.710007570,-8.466932
966,1653064943636,32.745052947,2526281035,2526283984,1653052186589,1653053131890,32.743903942,-11.811746
967,1653109961224,32.790070535,2526789467,2526792090,1653088217903,1653087028262,32.777800314,-22.932962
968,1653134254659,32.814363970,2527297899,2527300224,1653120200627,1653120924634,32.811696686,-13.330025
969,1653163758552,32.843867863,2527806331,2527808354,1653156182651,1653154821006,32.845593058,-8.937546
970,1653200775203,32.880884514,2528314764,2528316490,1653188193087,1653188717445,32.879489497,-12.057758
971,1653247963241,32.928072552,2528823196,2528826514,1653224185297,1653222613817,32.913385869,-25.349424
972,1653271054578,32.951163889,2529331628,2529334643,1653256208127,1653256510189,32.947282241,-14.544389
973,1653298791563,32.978900874,2529840060,2529842757,1653292168316,1653290406561,32.981178613,-8.385002
974,1653331747666,33.011856977,2530348492,2530350860,1653324202298,1653324302933,33.015074985,-7.444733
975,1653369606096,33.049715407,2530856924,2530858987,1653356219454,1653358199306,33.048971358,-11.406790
976,1653402179436,33.082288747,2531365356,2531367104,1653392191713,1653392095678,33.082867730,-10.083758
977,1653432274769,33.112384080,2531873788,2531877096,1653424199512,1653425992050,33.116764102,-6.282719
978,1653472943344,33.153052655,2532382221,2532385218,1653460183764,1653459888489,33.150660541,-13.054855
979,1653515808034,33.195917345,2532890653,2532893357,1653492197806,1653493784861,33.184556913,-22.023173
980,1653542996997,33.223106308,2533399085,2533401485,1653528233748,1653527681233,33.218453285,-15.315764
981,1653567628045,33.247737356,2533907517,2533909619,1653560193907,1653561577605,33.252349657,-6.050440
982,1653609969983,33.290079294,2534415949,2534417740,1653596202752,1653595473977,33.286246029,-14.496006
983,1653653300781,33.333410092,2534924381,2534925842,1653628220937,1653629370349,33.320142401,-23.930432
984,1653680683019,33.360792330,2535432813,2535435826,1653664206502,1653663266721,33.354038773,-17.416298
985,1653702598899,33.382708210,2535941245,2535943967,1653696203431,1653697163094,33.387935146,-5.435805
986,1653742731522,33.422840833,2536449678,2536452084,1653732201103,1653731059532,33.421831584,-11.671990
987,1653783173284,33.463282595,2536958110,2536960219,1653764222685,1653764955904,33.455727956,-18.217380
988,1653809723123,33.489832434,2537466542,2537468345,1653800203009,1653798852277,33.489624329,-10.870846
989,1653839410588,33.519519899,2537974974,2537976465,1653832214529,1653832748649,33.523520701,-6.661939
990,1653882705972,33.562815283,2538483406,2538486473,1653868201671,1653866645021,33.557417073,-16.060951
991,1653926030855,33.606140166,2538991838,2538994571,1653900236299,1653900541393,33.591313445,-25.489462
992,1653950419491,33.630528802,2539500270,2539502712,1653936204060,1653934437765,33.625209817,-15.981726
993,1653974644520,33.654753831,2540008703,2540010852,1653968209727,1653968334204,33.659106256,-6.310316
994,1654008682505,33.688791816,2540517135,2540518982,1654000219314,1654002230576,33.693002628,-6.451929
995,1654047271926,33.727381237,2541025567,2541027071,1654036219037,1654036126948,33.726899000,-11.144978
996,1654075962917,33.756072228,2541533999,2541537068,1654068348769,1654070023320,33.760795372,-5.939597
997,1654114536617,33.794645928,2542042431,2542045182,1654104226441,1654103919692,33.794691744,-10.616925
998,1654145160774,33.825270085,2542550863,2542553315,1654136267192,1654137816065,33.828588117,-7.344709
999,1654187609972,33.867719283,2543059295,2543061436,1654172238938,1654171712437,33.862484489,-15.897535
1000,1654212169664,33.892278975,2543567728,2543569592,1654204266589,1654205608875,33.896380927,-6.560789
1001,1654252606656,33.932715967,2544076160,2544077729,1654240267583,1654239505248,33.930277300,-13.101408
1002,1654280381565,33.960490876,2544584592,2544587678,1654272214403,1654273401620,33.964173672,-6.979945
1003,1654324801066,34.004910377,2545093024,2545095801,1654308232729,1654307297992,33.998070044,-17.503074
1004,1654351868426,34.031977737,2545601456,2545603958,1654340237661,1654341194364,34.031966416,-10.674062
1005,1654384516183,34.064625494,2546109888,2546112070,1654376224259,1654375090736,34.065862788,-9.425447
1006,1654419011589,34.099120900,2546618320,2546620176,1654408264213,1654408987108,34.099759160,-10.024481
1007,1654462299415,34.142408726,2547126752,2547128318,1654444239547,1654442883480,34.133655532,-19.415935
1008,1654486722917,34.166832228,2547635185,2547638312,1654476239556,1654476779919,34.167551971,-9.942998
1009,1654520408643,34.200517954,2548143617,2548146436,1654512220207,1654510676291,34.201448343,-9.732352
1010,1654552188475,34.232297786,2548652049,2548654546,1654544237210,1654544572663,34.235344715,-7.615812
1011,1654589976668,34.270085979,2549160481,2549162658,1654580203547,1654578469035,34.269241087,-11.507633
1012,1654638602618,34.318711929,2549668913,2549670812,1654612248080,1654612365408,34.303137460,-26.237210
1013,1654664075600,34.344184911,2550177345,2550178915,1654644281086,1654646261780,34.337033832,-17.813820
1014,1654694269502,34.374378813,2550685777,2550688878,1654680260818,1654680158152,34.370930204,-14.111350
1015,1654718692043,34.398801354,2551194209,2551197034,1654712237184,1654714054524,34.404826576,-4.637519
1016,1654756286938,34.436396249,2551702642,2551705154,1654748226790,1654747950963,34.438723015,-8.335975
1017,1654798364562,34.478473873,2552211074,2552213286,1654780243737,1654781847335,34.472619387,-16.517227
1018,1654824644356,34.504753667,2552719506,2552721448,1654816225377,1654815743707,34.506515759,-8.900649
1019,1654855044780,34.535154091,2553227938,2553229555,1654848224837,1654849640079,34.540412131,-5.404701
1020,1654892516956,34.572626267,2553736370,2553739531,1654884240007,1654883536451,34.574308503,-8.980505
1021,1654937004162,34.617113473,2554244802,2554247664,1654916261535,1654917432823,34.608204875,-19.571339
1022,1654963956773,34.644066084,2554753234,2554755794,1654952293723,1654951329196,34.642101248,-12.627577
1023,1654990828499,34.670937810,2555261666,2555263894,1654984251102,1654985225568,34.675997620,-5.602931
1024,1655028108843,34.708218154,2555770099,2555772013,1655020248567,1655019122006,34.709894058,-8.986837
1025,1655065665129,34.745774440,2556278531,2556280089,1655052273070,1655053018379,34.743790431,-12.646750
1026,1655097699361,34.777808672,2556786963,2556790095,1655088227865,1655086914751,34.777686803,-10.784610
1027,1655127549563,34.807658874,2557295395,2557298214,1655120249686,1655120811123,34.811583175,-6.738440
1028,1655165786463,34.845895774,2557803827,2557806361,1655156269497,1655154707495,34.845479547,-11.078968
1029,1655206459580,34.886568891,2558312259,2558314470,1655188277651,1655188603867,34.879375919,-17.855713
1030,1655233915054,34.914024365,2558820691,2558822583,1655224230927,1655222500239,34.913272291,-11.414815
1031,1655266179153,34.946288464,2559329124,2559330691,1655256246849,1655256396678,34.947168730,-9.782475
1032,1655295752620,34.975861931,2559837556,2559840686,1655292265556,1655290293050,34.981065102,-5.459570
1033,1655337535708,35.017645019,2560345988,2560348817,1655324271518,1655324189422,35.014961474,-13.346286
1034,1655364063160,35.044172471,2560854420,2560856989,1655356286701,1655358085794,35.048857846,-5.977366
1035,1655401940520,35.082049831,2561362852,2561365072,1655392301902,1655391982167,35.082754219,-9.958353
1036,1655433263305,35.113372616,2561871284,2561873189,1655424276226,1655425878539,35.116650591,-7.384766
1037,1655477427908,35.157537219,2562379716,2562381323,1655460258263,1655459774911,35.150546963,-17.652997
1038,1655504159613,35.184268924,2562888148,2562891306,1655492274121,1655493671283,35.184443335,-10.488330
1039,1655535066179,35.215175490,2563396581,2563399420,1655528248580,1655527567722,35.218339774,-7.498457
1040,1655567982893,35.248092204,2563905013,2563907571,1655560301244,1655561464094,35.252236146,-6.518799
1041,1655606102155,35.286211466,2564413445,2564415717,1655596250597,1655595360466,35.286132518,-10.741689
1042,1655638057972,35.318167283,2564921877,2564923840,1655628254152,1655629256838,35.320028890,-8.801134
1043,1655676150978,35.356260289,2565430309,2565431972,1655664284827,1655663153210,35.353925262,-12.997768
1044,1655707736554,35.387845865,2565938741,2565942037,1655696279060,1655697049582,35.387821634,-10.686972
1045,1655740411222,35.420520533,2566447173,2566450140,1655732254957,1655730945954,35.421718006,-9.465268
1046,1655774431995,35.454541306,2566955605,2566958271,1655764271742,1655764842327,35.455614379,-9.589668
1047,1655813045781,35.493155092,2567464038,2567466443,1655800369387,1655798738765,35.489510817,-14.307016
1048,1655845069650,35.525178961,2567972470,2567974532,1655832279915,1655832635138,35.523407190,-12.434512
1049,1655874745635,35.554854946,2568480902,2568482632,1655868239718,1655866531510,35.557303562,-8.214125
1050,1655909217042,35.589326353,2568989334,2568992605,1655900279178,1655900427882,35.591199934,-8.789160
1051,1655939053136,35.619162447,2569497766,2569500748,1655936255181,1655934324254,35.625096306,-4.728882
1052,1655975969654,35.656078965,2570006198,2570008893,1655968302534,1655968220626,35.658992678,-7.749028
1053,1656009048517,35.689157828,2570514630,2570517034,1656000290283,1656002116998,35.692889050,-6.931519
1054,1656046556343,35.726665654,2571023063,2571025144,1656036269789,1656036013437,35.726785489,-10.542906
1055,1656074686336,35.754795647,2571531495,2571533275,1656068268572,1656069909809,35.760681861,-4.776527
1056,1656113510611,35.793619922,2572039927,2572043235,1656104272793,1656103806181,35.794578233,-9.704430
1057,1656150995617,35.831104928,2572548359,2572551369,1656136277266,1656137702553,35.828474605,-13.293064
1058,1656180913942,35.861023253,2573056791,2573059516,1656172272055,1656171598925,35.862370977,-9.315017
1059,1656215931364,35.896040675,2573565223,2573567642,1656204320874,1656205495298,35.896267350,-10.436066
1060,1656249240896,35.929350207,2574073655,2574075762,1656240266366,1656239391670,35.930163722,-9.849226
1061,1656294298126,35.974407437,2574582088,2574583868,1656272284109,1656273288109,35.964060161,-21.010017
1062,1656322843665,36.002952976,2575090520,2575092020,1656308297454,1656307184481,35.997956533,-15.659184
1063,1656346847183,36.026956494,2575598952,2575602030,1656340289402,1656341080853,36.031852905,-5.766330
1064,1656390282342,36.070391653,2576107384,2576110136,1656376265675,1656374977225,36.065749277,-15.305117
1065,1656437192783,36.117302094,2576615816,2576618275,1656408312479,1656408873597,36.099645649,-28.319186
1066,1656463666178,36.143775489,2577124248,2577126422,1656444302104,1656442769969,36.133542021,-20.896209
1067,1656487627845,36.167737156,2577632680,2577634520,1656476296583,1656476666341,36.167438393,-10.961504
1068,1656522024390,36.202133701,2578141112,2578142637,1656512308778,1656510562713,36.201334765,-11.461677
1069,1656562419819,36.242529130,2578649545,2578652655,1656544297861,1656544459152,36.235231204,-17.960667
1070,1656589563572,36.269672883,2579157977,2579160746,1656580289485,1656578355524,36.269127576,-11.208048
1071,1656619203212,36.299312523,2579666409,2579668855,1656612296847,1656612251896,36.303023948,-6.951316
1072,1656652117838,36.332227149,2580174841,2580176979,1656644289970,1656646148269,36.336920321,-5.969569
1073,1656694165869,36.374275180,2580683273,2580685095,1656680316165,1656680044641,36.370816693,-14.121228
1074,1656720115922,36.400225233,2581191705,2581193276,1656712289016,1656713941013,36.404713065,-6.174909
1075,1656760982364,36.441091675,2581700137,2581703266,1656748283173,1656747837385,36.438609437,-13.144979
1076,1656788619256,36.468728567,2582208569,2582211402,1656780288930,1656781733757,36.472505809,-6.885499
1077,1656833050285,36.513159596,2582717002,2582719541,1656816333892,1656815630196,36.506402248,-17.420089
1078,1656856678882,36.536788193,2583225434,2583227665,1656848291519,1656849526568,36.540298620,-7.152314
1079,1656892081587,36.572190898,2583733866,2583735800,1656884295456,1656883422940,36.574194992,-8.658647
1080,1656924647228,36.604756539,2584242298,2584243911,1656916285112,1656917319312,36.608091364,-7.327916
1081,1656965830752,36.645940063,2584750730,2584753910,1656952296985,1656951215684,36.641987736,-14.615068
1082,1656991920982,36.672030293,2585259162,2585262018,1656984308864,1656985112057,36.675884109,-6.808925
1083,1657031921875,36.712031186,2585767594,2585770110,1657020338560,1657019008429,36.709780481,-12.913446
1084,1657060947011,36.741056322,2586276026,2586278226,1657052362682,1657052904801,36.743676853,-8.042210
1085,1657102692996,36.782802307,2586784459,2586786345,1657088289640,1657086801240,36.777573292,-15.891756
1086,1657132903745,36.813013056,2587292891,2587294469,1657120314211,1657120697612,36.811469664,-12.206133
1087,1657169202530,36.849311841,2587801323,2587804465,1657156393144,1657154593984,36.845366036,-14.608546
1088,1657196016515,36.876125826,2588309755,2588312590,1657188368645,1657188490356,36.879262408,-7.526159
1089,1657243670982,36.923780293,2588818187,2588820712,1657224420733,1657222386728,36.913158780,-21.284254
1090,1657271714971,36.951824282,2589326619,2589328839,1657256345658,1657256283100,36.947055152,-15.431871
1091,1657295654224,36.975763535,2589835051,2589836928,1657288313803,1657290179472,36.980951524,-5.474752
1092,1657334522818,37.014632129,2590343484,2590345085,1657324422458,1657324075911,37.014847963,-10.446907
1093,1657374907591,37.055016902,2590851916,2590855089,1657356323875,1657357972283,37.048744335,-16.935308
1094,1657400711230,37.080820541,2591360348,2591363245,1657392346041,1657391868655,37.082640707,-8.842575
1095,1657430976395,37.111085706,2591868780,2591871372,1657424318612,1657425765028,37.116537080,-5.211367
1096,1657473830086,37.153939397,2592377212,2592379493,1657460454304,1657459661400,37.150433452,-14.168686
1097,1657522740883,37.202850194,2592885644,2592887624,1657492316869,1657493557772,37.184329824,-29.183111
1098,1657547749866,37.227859177,2593394076,2593395766,1657528329384,1657527454144,37.218226196,-20.295722
1099,1657569988726,37.250098037,2593902508,2593905776,1657560314250,1657561350516,37.252122568,-8.638210
1100,1657604022110,37.284131421,2594410941,2594413901,1657596362181,1657595246955,37.286019007,-8.775155
1101,1657648013856,37.328123167,2594919373,2594922007,1657628322778,1657629143327,37.319915379,-18.870529
1102,1657672813422,37.352922733,2595427805,2595430177,1657664328549,1657663039699,37.353811751,-9.773723
1103,1657704516064,37.384625375,2595936237,2595938296,1657696374617,1657696936071,37.387708123,-7.579993
1104,1657743325247,37.423434558,2596444669,2596446394,1657732480364,1657730832443,37.421604495,-12.492804
1105,1657787927415,37.468036726,2596953101,2596956344,1657764333501,1657764728815,37.455500867,-23.198600
1106,1657816168260,37.496277571,2597461533,2597464448,1657800310036,1657798625188,37.489397240,-17.543072
1107,1657840622420,37.520731731,2597969965,2597972556,1657832414881,1657832521560,37.523293612,-8.100860
1108,1657875520809,37.555630120,2598478398,2598480665,1657868376691,1657866417998,37.557190050,-9.102811
1109,1657924447502,37.604556813,2598986830,2598988774,1657900384916,1657900314371,37.591086423,-24.133131
1110,1657950031294,37.630140605,2599495262,2599496896,1657932362941,1657934210743,37.624982795,-15.820551
1111,1657974991033,37.655100344,2600003694,2600006868,1657968497058,1657968107115,37.658879167,-6.883918
1112,1658010054720,37.690164031,2600512126,2600514967,1658000367409,1658002003487,37.692775539,-8.051233
1113,1658054770683,37.734879994,2601020558,2601023084,1658036347863,1658035899859,37.726671911,-18.870824
1114,1658079331841,37.759441152,2601528990,2601531224,1658068337022,1658069796231,37.760568283,-9.535610
1115,1658111509523,37.791618834,2602037423,2602039352,1658104488532,1658103692670,37.794464722,-7.816853
1116,1658144360756,37.824470067,2602545855,2602547480,1658136502181,1658137589042,37.828361094,-6.771714
1117,1658181757988,37.861867299,2603054287,2603057488,1658172371653,1658171485414,37.862257466,-10.272574
1118,1658212379160,37.892488471,2603562719,2603565623,1658204465723,1658205381786,37.896153838,-6.997374
1119,1658248248393,37.928357704,2604071151,2604073740,1658240375467,1658239278159,37.930050211,-8.970234
1120,1658280398420,37.960507731,2604579583,2604581875,1658272525065,1658273174531,37.963946583,-7.223889
1121,1658322511810,38.002621121,2605088015,2605090012,1658308372984,1658307070903,37.997842955,-15.440907
1122,1658353476099,38.033585410,2605596448,2605598119,1658340351418,1658340967342,38.031739394,-12.508757
1123,1658385364836,38.065474147,2606104880,2606108114,1658376319455,1658374863714,38.065635766,-10.501122
1124,1658416459671,38.096568982,2606613312,2606616238,1658408358384,1658408760086,38.099532138,-7.699585
1125,1658463499827,38.143609138,2607121744,2607124382,1658444366372,1658442656458,38.133428510,-20.843369
1126,1658489717079,38.169826390,2607630176,2607632530,1658476385885,1658476552830,38.167324882,-13.164249
1127,1658514904142,38.195013453,2608138608,2608140648,1658512317606,1658510449202,38.201221254,-4.454940
1128,1658552623389,38.232732700,2608647040,2608648771,1658544523140,1658544345574,38.235117626,-8.277815
1129,1658592858401,38.272967712,2609155472,2609158778,1658576375886,1658578241946,38.269013998,-14.616455
1130,1658620893547,38.301002858,2609663905,2609666881,1658612394842,1658612138385,38.302910437,-8.755162
1131,1658653408277,38.333517588,2610172337,2610175022,1658644393881,1658646034757,38.336806809,-7.373520
1132,1658688796088,38.368905399,2610680769,2610683171,1658680483477,1658679931130,38.370703182,-8.864958
1133,1658737565155,38.417674466,2611189201,2611191248,1658712381415,1658713827502,38.404599554,-23.737653
1134,1658762593064,38.442702375,2611697633,2611699378,1658748381830,1658747723874,38.438495926,-14.869190
1135,1658787013795,38.467123106,2612206065,2612209380,1658780391796,1658781620246,38.472392298,-5.393549
1136,1658828984362,38.509093673,2612714497,2612717479,1658816382284,1658815516618,38.506288670,-13.467744
1137,1658873340863,38.553450174,2613222929,2613225612,1658848372076,1658849412990,38.540185042,-23.927873
1138,1658908478318,38.588587629,2613731362,2613733741,1658884400125,1658883309429,38.574081481,-25.168889
1139,1658934291161,38.614400472,2614239794,2614241870,1658916363786,1658917205801,38.607977853,-17.085360
1140,1658962285304,38.642394615,2614748226,2614750016,1658952429103,1658951102173,38.641874225,-11.183131
1141,1659012914658,38.693023969,2615256658,2615259979,1658984376646,1658984998545,38.675770597,-27.916113
1142,1659038458598,38.718567909,2615765090,2615768137,1659020398344,1659018894917,38.709666969,-19.563681
1143,1659061668879,38.741778190,2616273522,2616276254,1659052431326,1659052791290,38.743563342,-8.877589
1144,1659096168827,38.776278138,2616781954,2616784391,1659088350524,1659086687662,38.777459714,-9.481165
1145,1659146197067,38.826306378,2617290386,2617292521,1659120368239,1659120584034,38.811356086,-25.613033
1146,1659173168255,38.853277566,2617798819,2617800633,1659156358762,1659154480473,38.845252525,-18.687782
1147,1659200716039,38.880825350,2618307251,2618310576,1659188447318,1659188376845,38.879148897,-12.339194
1148,1659231970075,38.912079386,2618815683,2618818712,1659220410875,1659222273217,38.913045269,-9.696858
1149,1659280837796,38.960947107,2619324115,2619326799,1659256436874,1659256169589,38.946941641,-24.668207
1150,1659306407012,38.986516323,2619832547,2619834913,1659288368428,1659290065961,38.980838013,-16.341051
1151,1659330985015,39.011094326,2620340979,2620343031,1659324402310,1659323962333,39.014734385,-7.022682
1152,1659364377172,39.044486483,2620849411,2620851182,1659356365991,1659357858705,39.048630757,-6.518467
1153,1659411689319,39.091798630,2621357844,2621359303,1659392395498,1659391755144,39.082527196,-19.934175
1154,1659441777071,39.121886382,2621866276,2621869322,1659424387078,1659425651516,39.116423568,-16.125555
1155,1659467116593,39.147225904,2622374708,2622377446,1659460406686,1659459547888,39.150319940,-7.568705
1156,1659504917830,39.185027141,2622883140,2622885548,1659492367770,1659493444261,39.184216313,-11.473569
1157,1659566876549,39.246985860,2623391572,2623393688,1659528382282,1659527340633,39.218112685,-39.535916
1158,1659592467730,39.272577041,2623900004,2623901844,1659560408642,1659561237005,39.252009057,-31.230725
1159,1659614915389,39.295024700,2624408436,2624409935,1659596412154,1659595133377,39.285905429,-19.782012
1160,1659640497547,39.320606858,2624916868,2624919911,1659628378757,1659629029749,39.319801801,-11.467798
1161,1659683421279,39.363530590,2625425301,2625428051,1659664395035,1659662926188,39.353698240,-20.495091
1162,1659708954876,39.389064187,2625933733,2625936145,1659696389356,1659696822560,39.387594612,-12.132316
1163,1659739758744,39.419868055,2626442165,2626444256,1659732420958,1659730718932,39.421490984,-9.039812
1164,1659775397434,39.455506745,2626950597,2626952369,1659764435656,1659764615304,39.455387356,-10.782130
1165,1659818181092,39.498290403,2627459029,2627460507,1659800360084,1659798511676,39.489283728,-19.669416
1166,1659843850490,39.523959801,2627967461,2627970506,1659832388039,1659832408049,39.523180101,-11.442441
1167,1659871631248,39.551740559,2628475893,2628478663,1659864380898,1659866304421,39.557076473,-5.326827
1168,1659915598686,39.595707997,2628984325,2628986797,1659900384042,1659900200793,39.590972845,-15.397893
1169,1659960248452,39.640357763,2629492758,2629494894,1659932416546,1659934097232,39.624869284,-26.151220
1170,1659985180576,39.665289887,2630001190,2630003031,1659968392534,1659967993604,39.658765656,-17.186972
1171,1660009558505,39.689667816,2630509622,2630511173,1660000387358,1660001889976,39.692662028,-7.668529
1172,1660044753020,39.724862331,2631018054,2631021189,1660036420125,1660035786348,39.726558400,-8.966672
1173,1660084660481,39.764769792,2631526486,2631529282,1660068398261,1660069682720,39.760454772,-14.977761
1174,1660111849971,39.791959282,2632034918,2632037420,1660104370323,1660103579092,39.794351144,-8.270879
1175,1660147336087,39.827445398,2632543350,2632545521,1660136387329,1660137475464,39.828247516,-9.860623
1176,1660185055911,39.865165222,2633051783,2633053651,1660172432486,1660171371903,39.862143955,-13.684008
1177,1660234045216,39.914154527,2633560215,2633561787,1660204398034,1660205268275,39.896040327,-28.776941
1178,1660258475059,39.938584370,2634068647,2634071783,1660240380467,1660239164647,39.929936699,-19.310412
1179,1660280618168,39.960727479,2634577079,2634579912,1660272578252,1660273061020,39.963833072,-7.557148
1180,1660317617259,39.997726570,2635085511,2635088006,1660308418523,1660306957392,39.997729444,-10.659867
1181,1660362859524,40.042968835,2635593943,2635596139,1660340433323,1660340853764,40.031625816,-22.005760
1182,1660392936229,40.073045540,2636102375,2636104299,1660376406116,1660374750136,40.065522188,-18.186093
1183,1660420264170,40.100373481,2636610807,2636612453,1660408616595,1660408646508,40.099418560,-11.617662
1184,1660455638349,40.135747660,2637119240,2637122399,1660444421168,1660442542947,40.133314999,-13.095402
1185,1660498651227,40.178760538,2637627672,2637630521,1660476432140,1660476439319,40.167211371,-22.211908
1186,1660527118668,40.207227979,2638136104,2638138633,1660508413206,1660510335691,40.201107743,-16.782977
1187,1660551701793,40.231811104,2638644536,2638646752,1660544401176,1660544232063,40.235004115,-7.469730
1188,1660587053539,40.267162850,2639152968,2639154875,1660576426971,1660578128435,40.268900487,-8.925104
1189,1660634245195,40.314354506,2639661400,2639662976,1660612409132,1660612024807,40.302796859,-22.220388
1190,1660658898919,40.339008230,2640169832,2640172978,1660644406717,1660645921180,40.336693232,-12.977739
1191,1660689362344,40.369471655,2640678265,2640681104,1660680448402,1660679817618,40.370589670,-9.544726
1192,1660724205056,40.404314367,2641186697,2641189239,1660712462405,1660713713991,40.404486043,-10.491065
1193,1660768383642,40.448492953,2641695129,2641697356,1660748439227,1660747610363,40.438382415,-20.773279
1194,1660792370169,40.472479480,2642203561,2642205472,1660780407551,1660781506735,40.472278787,-10.863434
1195,1660824899372,40.505008683,2642711993,2642713610,1660816406033,1660815403107,40.506175159,-9.496265
1196,1660858347990,40.538457301,2643220425,2643223604,1660848446902,1660849299479,40.540071531,-9.048511
1197,1660902233547,40.582342858,2643728857,2643731722,1660884400499,1660883195851,40.573967903,-19.037696
1198,1660927595143,40.607704454,2644237289,2644239844,1660916451243,1660917092223,40.607864275,-10.502920
1199,1660959192249,40.639301560,2644745722,2644748000,1660952561984,1660950988662,40.641760714,-8.203587
1200,1660992339726,40.672449037,2645254154,2645256127,1660984594420,1660984885034,40.675657086,-7.454692
1201,1661035328617,40.715437928,2645762586,2645764249,1661020403420,1661018781406,40.709553458,-16.547211
1202,1661063326638,40.743435949,2646271018,2646274274,1661052447343,1661052677778,40.743449830,-10.648860
1203,1661097924003,40.778033314,2646779450,2646782417,1661088442646,1661086574151,40.777346203,-11.349852
1204,1661128258085,40.808367396,2647287882,2647290551,1661120530974,1661120470523,40.811242575,-7.787562
1205,1661169031909,40.849141220,2647796314,2647798713,1661152428518,1661154366895,40.845138947,-14.665014
1206,1661196168621,40.876277932,2648304746,2648306874,1661188495803,1661188263267,40.879035319,-7.905354
1207,1661228706744,40.908816055,2648813179,2648815013,1661220447823,1661222159706,40.912931758,-6.547038
1208,1661265929839,40.946039150,2649321611,2649323156,1661256532462,1661256056078,40.946828130,-9.873761
1209,1661309608588,40.989717899,2649830043,2649833162,1661288448070,1661289952450,40.980724502,-19.656138
1210,1661339273562,41.019382873,2650338475,2650341258,1661324444255,1661323848822,41.014620874,-15.424740
1211,1661363105096,41.043214407,2650846907,2650849387,1661356467750,1661357745194,41.048517246,-5.359902
1212,1661405559884,41.085669195,2651355339,2651357527,1661392480372,1661391641566,41.082413618,-13.918318
1213,1661448248739,41.128358050,2651863771,2651865691,1661424422348,1661425537939,41.116309991,-22.710800
1214,1661472212115,41.152321426,2652372204,2652373822,1661460454816,1661459434377,41.150206429,-12.777738
1215,1661499150331,41.179259642,2652880636,2652883819,1661492481121,1661493330749,41.184102801,-5.819582
1216,1661541288927,41.221398238,2653389068,2653391958,1661528475589,1661527227122,41.217999174,-14.061805
1217,1661581900004,41.262009315,2653897500,2653900052,1661560445813,1661561123494,41.251895546,-20.776510
1218,1661605238449,41.285347760,2654405932,2654408165,1661596463662,1661595019866,41.285791918,-10.218583
1219,1661637114676,41.317223987,2654914364,2654916242,1661628473352,1661628916238,41.319688290,-8.198438
1220,1661676886197,41.356995508,2655422796,2655424374,1661664416715,1661662812610,41.353584662,-14.073587
1221,1661718685888,41.398795199,2655931228,2655934378,1661696437545,1661696708982,41.387481034,-21.976906
1222,1661745470236,41.425579547,2656439661,2656442504,1661732459128,1661730605421,41.421377473,-14.864815
1223,1661771538237,41.451647548,2656948093,2656950638,1661764587863,1661764501793,41.455273845,-7.036444
1224,1661808992721,41.489102032,2657456525,2657458766,1661796501145,1661798398165,41.489170217,-10.594556
1225,1661853081476,41.533190787,2657964957,2657966903,1661832470163,1661832294537,41.523066589,-20.786939
1226,1661878889117,41.558998428,2658473389,2658475038,1661864448555,1661866190909,41.556962961,-12.698208
1227,1661907885581,41.587994892,2658981821,2658985008,1661900448692,1661900087282,41.590859334,-7.798299
1228,1661942187732,41.622297043,2659490253,2659493116,1661932554501,1661933983654,41.624755706,-8.204078
1229,1661982750808,41.662860119,2659998685,2660001249,1661968440050,1661967880026,41.658652078,-14.870782
1230,1662008677289,41.688786600,2660507118,2660509326,1662000491286,1662001776465,41.692548517,-6.900824
1231,1662046372377,41.726481688,2661015550,2661017468,1662036497844,1662035672837,41.726444889,-10.699540
1232,1662079150406,41.759259717,2661523982,2661525587,1662068486469,1662069569209,41.760341261,-9.581197
1233,1662124442533,41.804551844,2662032414,2662035633,1662104512371,1662103465581,41.794237633,-20.976952
1234,1662149675744,41.829785055,2662540846,2662543769,1662136454088,1662137361953,41.828134005,-12.313791
1235,1662181183943,41.861293254,2663049278,2663051919,1662172429963,1662171258325,41.862030377,-9.925618
1236,1662214300857,41.894410168,2663557710,2663560041,1662204528729,1662205154697,41.895926749,-9.146160
1237,1662252247146,41.932356457,2664066143,2664068234,1662240451552,1662239051136,41.929823188,-13.196010
1238,1662280786193,41.960895504,2664574575,2664576373,1662272484122,1662272947508,41.963719560,-7.838685
1239,1662316741719,41.996851030,2665083007,2665084485,1662308435916,1662306843880,41.997615932,-9.897839
1240,1662348168747,42.028278058,2665591439,2665594487,1662340509145,1662340740253,42.031512305,-7.428494
1241,1662386196593,42.066305904,2666099871,2666102587,1662376448017,1662374636625,42.065408677,-11.559968
1242,1662417054823,42.097164134,2666608303,2666610737,1662408501763,1662408532997,42.099305049,-8.521826
1243,1662451565531,42.131674842,2667116735,2667118879,1662440508570,1662442429369,42.133201421,-9.136162
1244,1662485163740,42.165273051,2667625168,2667626935,1662476510114,1662476325808,42.167097860,-8.837932
1245,1662526150776,42.206260087,2668133600,2668136911,1662508479182,1662510222180,42.200994232,-15.928596
1246,1662554106657,42.234215968,2668642032,2668645059,1662544536100,1662544118552,42.234890604,-9.988105
1247,1662583120202,42.263229513,2669150464,2669153165,1662576485577,1662578014924,42.268786976,-5.105278
1248,1662621682923,42.301792234,2669658896,2669661282,1662612501176,1662611911296,42.302683348,-9.771627
1249,1662660947144,42.341056455,2670167328,2670169395,1662644472128,1662645807668,42.336579720,-15.139476
1250,1662688147688,42.368256999,2670675760,2670677509,1662680500666,1662679704041,42.370476093,-8.443647
1251,1662719144364,42.399253675,2671184192,2671187507,1662712483197,1662713600413,42.404372465,-5.543951
1252,1662761541788,42.441651099,2671692625,2671695649,1662748509925,1662747496851,42.438268903,-14.044937
1253,1662808490350,42.488599661,2672201057,2672203765,1662780474362,1662781393224,42.472165276,-27.097126
1254,1662833757500,42.513866811,2672709489,2672711880,1662816505937,1662815289596,42.506061648,-18.467904
1255,1662855041302,42.535150613,2673217921,2673220008,1662848478707,1662849185968,42.539958020,-5.855334
1256,1662894468969,42.574578280,2673726353,2673728157,1662884513654,1662883082340,42.573854392,-11.386629
1257,1662938379775,42.618489086,2674234785,2674236289,1662916488861,1662916978712,42.607750764,-21.401063
1258,1662961804590,42.641913901,2674743217,2674746275,1662952507583,1662950875084,42.641647136,-10.929506
1259,1662996150552,42.676259863,2675251649,2675254417,1662984495416,1662984771456,42.675543508,-11.379096
1260,1663028192142,42.708301453,2675760082,2675762563,1663020468403,1663018667895,42.709439947,-9.524247
1261,1663063562844,42.743672155,2676268514,2676270694,1663052468422,1663052564267,42.743336319,-10.998577
1262,1663099914154,42.780023465,2676776946,2676778849,1663084492150,1663086460639,42.777232691,-13.453515
1263,1663127809774,42.807919085,2677285378,2677286974,1663120491585,1663120357012,42.811129064,-7.452762
1264,1663162311453,42.842420764,2677793810,2677796986,1663152511665,1663154253384,42.845025436,-8.058069
1265,1663197506312,42.877615623,2678302242,2678305100,1663188531791,1663188149756,42.878921808,-9.356556
1266,1663229864492,42.909973803,2678810674,2678813228,1663220491474,1663222046128,42.912818180,-7.818364
1267,1663265767735,42.945877046,2679319106,2679321359,1663256485382,1663255942500,42.946714552,-9.825235
1268,1663296194192,42.976303503,2679827539,2679829499,1663288514611,1663289838939,42.980610991,-6.355253
1269,1663332119772,43.012229083,2680335971,2680337538,1663324532540,1663323735311,43.014507363,-8.384461
1270,1663368445766,43.048555077,2680844403,2680847575,1663356505795,1663357631683,43.048403735,-10.814083
1271,1663413328988,43.093438299,2681352835,2681355669,1663392498771,1663391528055,43.082300107,-21.800933
1272,1663440276611,43.120385922,2681861267,2681863817,1663424534476,1663425424427,43.116196479,-14.852184
1273,1663467835630,43.147944941,2682369699,2682371923,1663460480289,1663459320799,43.150092851,-8.514831
1274,1663500282399,43.180391710,2682878131,2682880045,1663492535697,1663493217172,43.183989224,-7.065227
1275,1663540251920,43.220361231,2683386564,2683388161,1663528518754,1663527113610,43.217885662,-13.138310
1276,1663568223079,43.248332390,2683894996,2683898142,1663560534911,1663561009983,43.251782035,-7.213096
1277,1663607362931,43.287472242,2684403428,2684406265,1663596518520,1663594906355,43.285678407,-12.456576
1278,1663636198601,43.316307912,2684911860,2684914370,1663628552175,1663628802727,43.319574779,-7.395874
1279,1663679038397,43.359147708,2685420292,2685422491,1663664527684,1663662699099,43.353471151,-16.339298
1280,1663710468309,43.390577620,2685928724,2685930614,1663696519844,1663696595471,43.387367523,-13.872838
1281,1663735844973,43.415954284,2686437156,2686438714,1663728503994,1663730491843,43.421263895,-5.353130
1282,1663778059878,43.458169189,2686945588,2686948716,1663764549825,1663764388215,43.455160267,-13.671663
1283,1663827227122,43.507336433,2687454021,2687456835,1663796495862,1663798284654,43.489056706,-28.942468
1284,1663852382716,43.532492027,2687962453,2687964986,1663832490960,1663832181026,43.522953078,-20.201690
1285,1663875460905,43.555570216,2688470885,2688473103,1663864549080,1663866077398,43.556849450,-9.383507
1286,1663911552642,43.591661953,2688979317,2688981195,1663900496929,1663899973770,43.590745822,-11.578872
1287,1663951388749,43.631498060,2689487749,2689489314,1663932513802,1663933870143,43.624642195,-17.518606
1288,1663976446972,43.656556283,2689996181,2689999329,1663968566718,1663967766515,43.658538567,-8.680457
1289,1664007048244,43.687157555,2690504613,2690507449,1664000518682,1664001662887,43.692434939,-5.385357
1290,1664049632869,43.729742180,2691013045,2691015591,1664036537482,1664035559259,43.726331311,-14.073610
1291,1664091146086,43.771255397,2691521478,2691523721,1664068497033,1664069455698,43.760227750,-21.690388
1292,1664117627636,43.797736947,2692029910,2692031830,1664104502789,1664103352070,43.794124122,-14.275566
1293,1664144153471,43.824262782,2692538342,2692539930,1664136579100,1664137248442,43.828020494,-6.905029
1294,1664181494121,43.861603432,2693046774,2693049920,1664172549769,1664171144814,43.861916866,-10.349307
1295,1664220671720,43.900781031,2693555206,2693558042,1664204547825,1664205041186,43.895813238,-15.630534
1296,1664248432154,43.928541465,2694063638,2694066171,1664240490623,1664238937558,43.929709610,-9.494596
1297,1664279485980,43.959595291,2694572070,2694574330,1664272563506,1664272833931,43.963605983,-6.652049
1298,1664321274780,44.001384091,2695080503,2695082455,1664308560330,1664306730369,43.997502421,-14.544411
1299,1664361859297,44.041968608,2695588935,2695590566,1664340505884,1664340626741,44.031398793,-21.232556
1300,1664388522274,44.068631585,2696097367,2696100571,1664376503277,1664374523114,44.065295166,-13.999160
1301,1664415731385,44.095840696,2696605799,2696608668,1664408576426,1664408419486,44.099191538,-7.311899
1302,1664451608793,44.131718104,2697114231,2697116801,1664440515400,1664442315858,44.133087910,-9.292935
1303,1664492602008,44.172711319,2697622663,2697624940,1664476556565,1664476212230,44.166984282,-16.389778
1304,1664519517687,44.199626998,2698131095,2698133100,1664508550008,1664510108602,44.200880654,-9.409085
1305,1664552303758,44.232413069,2698639528,2698641219,1664544532369,1664544005041,44.234777093,-8.298717
1306,1664588870310,44.268979621,2699147960,2699151228,1664576514707,1664577901413,44.268673465,-10.968897
1307,1664637205550,44.317314861,2699656392,2699659389,1664612559611,1664611797785,44.302569837,-25.407765
1308,1664663142127,44.343251438,2700164824,2700167481,1664644519686,1664645694157,44.336466209,-17.447970
1309,1664687203223,44.367312534,2700673256,2700675588,1664680588632,1664679590529,44.370362581,-7.612694
1310,1664727121237,44.407230548,2701181688,2701183693,1664712550701,1664713486902,44.404258954,-13.634335
1311,1664768351505,44.448460816,2701690120,2701691802,1664748549440,1664747383274,44.438155326,-20.968231
1312,1664796344425,44.476453736,2702198552,2702201792,1664780543189,1664781279646,44.472051698,-15.064779
1313,1664823148595,44.503257906,2702706985,2702709933,1664816589516,1664815176085,44.505948137,-7.972510
1314,1664861746761,44.541856072,2703215417,2703218050,1664848528863,1664849072457,44.539844509,-12.674304
1315,1664904181585,44.584290896,2703723849,2703726197,1664884538445,1664882968829,44.573740881,-21.212756
1316,1664932488440,44.612597751,2704232281,2704234325,1664916577621,1664916865201,44.607637253,-15.623239
1317,1664960860583,44.640969894,2704740713,2704742447,1664952563709,1664950761573,44.641533625,-10.099010
1318,1664992848624,44.672957935,2705249145,2705252467,1664984601448,1664984657945,44.675429997,-8.190679
1319,1665036241814,44.716351125,2705757577,2705760630,1665020515234,1665018554317,44.709326369,-17.687497
1320,1665060605731,44.740715042,2706266009,2706268753,1665052557938,1665052450689,44.743222741,-8.155042
1321,1665091133712,44.771243023,2706774442,2706776864,1665084581881,1665086347128,44.777119180,-4.786584
1322,1665131818536,44.811927847,2707282874,2707284969,1665120538922,1665120243500,44.811015552,-11.575036
1323,1665171817617,44.851926928,2707791306,2707793095,1665152546942,1665154139872,44.844911924,-17.677745
1324,1665197074037,44.877183348,2708299738,2708301224,1665188585303,1665188036245,44.878808297,-9.037792
1325,1665227209247,44.907318558,2708808170,2708811217,1665220537343,1665221932617,44.912704669,-5.276630
1326,1665270295132,44.950404443,2709316602,2709319389,1665256563692,1665255828989,44.946601041,-14.466143
1327,1665313115009,44.993224320,2710333466,2710335589,1665324570039,1665323621733,45.014393785,10.506724
1328,1665337850619,45.017959930,2710841899,2710843713,1665356583182,1665357518172,45.048290224,19.667553
